ticker,fecha,open,high,low,close,adj_close,volume,anomalia
AVAL,2019-01-02,5.849999904632568,6.090000152587891,5.849999904632568,6.070000171661377,5.849999904632568,137100,False
AVAL,2019-01-03,6.070000171661377,6.170000076293945,6.059999942779541,6.110000133514404,6.059999942779541,85000,False
AVAL,2019-01-04,6.199999809265137,6.449999809265137,6.170000076293945,6.449999809265137,6.170000076293945,501400,False
AVAL,2019-01-07,6.460000038146973,6.630000114440918,6.40500020980835,6.460000038146973,6.40500020980835,117000,False
AVAL,2019-01-08,6.510000228881836,6.559999942779541,6.380000114440918,6.489999771118164,6.380000114440918,361200,False
AVAL,2019-01-09,6.539999961853027,6.599999904632568,6.449999809265137,6.590000152587891,6.449999809265137,188800,False
AVAL,2019-01-10,6.579999923706055,6.960000038146973,6.539999961853027,6.809999942779541,6.539999961853027,204200,False
AVAL,2019-01-11,6.789999961853027,6.900000095367432,6.699999809265137,6.840000152587891,6.699999809265137,198900,False
AVAL,2019-01-14,6.800000190734863,6.954999923706055,6.75,6.860000133514404,6.75,138200,False
AVAL,2019-01-15,6.880000114440918,6.949999809265137,6.760000228881836,6.809999942779541,6.760000228881836,139000,False
AVAL,2019-01-16,6.809999942779541,6.960000038146973,6.809999942779541,6.860000133514404,6.809999942779541,83400,False
AVAL,2019-01-17,6.840000152587891,6.840000152587891,6.730000019073486,6.78000020980835,6.730000019073486,129200,False
AVAL,2019-01-18,6.809999942779541,6.809999942779541,6.71999979019165,6.739999771118164,6.71999979019165,184800,False
AVAL,2019-01-22,6.710000038146973,6.71999979019165,6.570000171661377,6.590000152587891,6.570000171661377,88200,False
AVAL,2019-01-23,6.630000114440918,6.659999847412109,6.519999980926514,6.550000190734863,6.519999980926514,144300,False
AVAL,2019-01-24,6.550000190734863,6.710000038146973,6.550000190734863,6.699999809265137,6.550000190734863,207600,False
AVAL,2019-01-25,6.670000076293945,6.900000095367432,6.670000076293945,6.840000152587891,6.670000076293945,167700,False
AVAL,2019-01-28,6.800000190734863,6.840000152587891,6.699999809265137,6.809999942779541,6.699999809265137,123800,False
AVAL,2019-01-29,6.869999885559082,6.869999885559082,6.789999961853027,6.829999923706055,6.789999961853027,94400,False
AVAL,2019-01-30,6.849999904632568,6.880000114440918,6.75,6.829999923706055,6.75,120200,False
AVAL,2019-01-31,6.820000171661377,6.949999809265137,6.820000171661377,6.929999828338623,6.820000171661377,268300,False
AVAL,2019-02-01,6.920000076293945,6.920000076293945,6.820000171661377,6.880000114440918,6.820000171661377,174100,False
AVAL,2019-02-04,6.829999923706055,7.150000095367432,6.829999923706055,7.099999904632568,6.829999923706055,341800,False
AVAL,2019-02-05,7.079999923706055,7.25,7.079999923706055,7.170000076293945,7.079999923706055,117400,False
AVAL,2019-02-06,7.119999885559082,7.260000228881836,7.099999904632568,7.130000114440918,7.099999904632568,85500,False
AVAL,2019-02-07,7.119999885559082,7.119999885559082,7.0,7.090000152587891,7.0,80400,False
AVAL,2019-02-08,7.070000171661377,7.130000114440918,6.96999979019165,7.059999942779541,6.96999979019165,32700,False
AVAL,2019-02-11,7.039999961853027,7.099999904632568,7.03000020980835,7.059999942779541,7.03000020980835,43000,False
AVAL,2019-02-12,7.110000133514404,7.260000228881836,7.110000133514404,7.139999866485596,7.110000133514404,47700,False
AVAL,2019-02-13,7.159999847412109,7.159999847412109,7.039999961853027,7.110000133514404,7.039999961853027,155900,False
AVAL,2019-02-14,7.079999923706055,7.179999828338623,7.070000171661377,7.119999885559082,7.070000171661377,125300,False
AVAL,2019-02-15,7.159999847412109,7.21999979019165,7.130000114440918,7.190000057220459,7.130000114440918,125600,False
AVAL,2019-02-19,7.190000057220459,7.320000171661377,7.159999847412109,7.300000190734863,7.159999847412109,201400,False
AVAL,2019-02-20,7.300000190734863,7.329999923706055,7.25,7.269999980926514,7.25,50800,False
AVAL,2019-02-21,7.150000095367432,7.309999942779541,7.150000095367432,7.269999980926514,7.150000095367432,112700,False
AVAL,2019-02-22,7.300000190734863,7.409999847412109,7.25,7.380000114440918,7.25,183000,False
AVAL,2019-02-25,7.380000114440918,7.579999923706055,7.380000114440918,7.510000228881836,7.380000114440918,225700,False
AVAL,2019-02-26,7.519999980926514,7.659999847412109,7.519999980926514,7.650000095367432,7.519999980926514,70700,False
AVAL,2019-02-27,7.599999904632568,7.679999828338623,7.489999771118164,7.519999980926514,7.489999771118164,126600,False
AVAL,2019-02-28,7.53000020980835,7.739999771118164,7.510000228881836,7.730000019073486,7.510000228881836,275800,False
AVAL,2019-03-01,7.730000019073486,7.739999771118164,7.550000190734863,7.599999904632568,7.550000190734863,132500,False
AVAL,2019-03-04,7.599999904632568,7.610000133514404,7.53000020980835,7.550000190734863,7.53000020980835,53500,False
AVAL,2019-03-05,7.539999961853027,7.570000171661377,7.519999980926514,7.53000020980835,7.519999980926514,34100,False
AVAL,2019-03-06,7.630000114440918,7.710000038146973,7.567999839782715,7.679999828338623,7.567999839782715,218700,False
AVAL,2019-03-07,7.659999847412109,7.670000076293945,7.510000228881836,7.570000171661377,7.510000228881836,91700,False
AVAL,2019-03-08,7.510000228881836,7.570000171661377,7.46999979019165,7.539999961853027,7.46999979019165,76600,False
AVAL,2019-03-11,7.579999923706055,7.619999885559082,7.519999980926514,7.53000020980835,7.519999980926514,63000,False
AVAL,2019-03-12,7.53000020980835,7.679999828338623,7.53000020980835,7.639999866485596,7.53000020980835,84300,False
AVAL,2019-03-13,7.650000095367432,7.730000019073486,7.53000020980835,7.550000190734863,7.53000020980835,160700,False
AVAL,2019-03-14,7.53000020980835,7.670000076293945,7.519999980926514,7.630000114440918,7.519999980926514,135900,False
AVAL,2019-03-15,7.630000114440918,7.800000190734863,7.630000114440918,7.659999847412109,7.630000114440918,131300,False
AVAL,2019-03-18,7.610000133514404,7.849999904632568,7.599999904632568,7.800000190734863,7.599999904632568,214100,False
AVAL,2019-03-19,7.849999904632568,8.029999732971191,7.849999904632568,7.880000114440918,7.849999904632568,232800,False
AVAL,2019-03-20,7.889999866485596,7.909999847412109,7.75,7.880000114440918,7.75,87100,False
AVAL,2019-03-21,7.929999828338623,7.989999771118164,7.789999961853027,7.809999942779541,7.789999961853027,121500,False
AVAL,2019-03-22,7.820000171661377,7.849999904632568,7.639999866485596,7.75,7.639999866485596,97300,False
AVAL,2019-03-25,7.75,7.889999866485596,7.559999942779541,7.650000095367432,7.559999942779541,58400,False
AVAL,2019-03-26,7.699999809265137,7.710000038146973,7.570000171661377,7.690000057220459,7.570000171661377,164200,False
AVAL,2019-03-27,7.670000076293945,7.78000020980835,7.639999866485596,7.659999847412109,7.639999866485596,162200,False
AVAL,2019-03-28,7.760000228881836,7.760000228881836,7.559999942779541,7.659999847412109,7.559999942779541,209600,False
AVAL,2019-03-29,7.699999809265137,7.800000190734863,7.579999923706055,7.789999961853027,7.579999923706055,189800,False
AVAL,2019-04-01,7.789999961853027,7.8979997634887695,7.769999980926514,7.820000171661377,7.769999980926514,152200,False
AVAL,2019-04-02,7.789999961853027,7.840000152587891,7.739999771118164,7.78000020980835,7.739999771118164,171900,False
AVAL,2019-04-03,7.760000228881836,7.909999847412109,7.75,7.800000190734863,7.75,91600,False
AVAL,2019-04-04,7.78000020980835,7.909999847412109,7.78000020980835,7.900000095367432,7.78000020980835,237000,False
AVAL,2019-04-05,7.940000057220459,8.029999732971191,7.909999847412109,7.980000019073486,7.909999847412109,302900,False
AVAL,2019-04-08,7.96999979019165,8.180000305175781,7.900000095367432,8.15999984741211,7.900000095367432,206300,False
AVAL,2019-04-09,8.15999984741211,8.5,8.15999984741211,8.449999809265137,8.15999984741211,267600,False
AVAL,2019-04-10,8.4399995803833,8.510000228881836,8.399999618530273,8.420000076293945,8.399999618530273,61200,False
AVAL,2019-04-11,8.430000305175781,8.4399995803833,8.25,8.399999618530273,8.25,130600,False
AVAL,2019-04-12,8.40999984741211,8.5,8.300000190734863,8.34000015258789,8.300000190734863,81700,False
AVAL,2019-04-15,8.359999656677246,8.359999656677246,8.239999771118164,8.260000228881836,8.239999771118164,135200,False
AVAL,2019-04-16,8.270000457763672,8.270000457763672,8.109999656677246,8.220000267028809,8.109999656677246,101900,False
AVAL,2019-04-17,8.25,8.350000381469727,8.170000076293945,8.329999923706055,8.170000076293945,189900,False
AVAL,2019-04-18,8.3100004196167,8.40999984741211,8.199999809265137,8.239999771118164,8.199999809265137,127200,False
AVAL,2019-04-22,8.260000228881836,8.289999961853027,8.180000305175781,8.220000267028809,8.180000305175781,97000,False
AVAL,2019-04-23,8.239999771118164,8.270000457763672,8.1899995803833,8.239999771118164,8.1899995803833,138100,False
AVAL,2019-04-24,8.25,8.260000228881836,8.029999732971191,8.0600004196167,8.029999732971191,36600,False
AVAL,2019-04-25,8.050000190734863,8.100000381469727,8.0,8.020000457763672,8.0,70400,False
AVAL,2019-04-26,8.020000457763672,8.079999923706055,7.980000019073486,8.010000228881836,7.980000019073486,69400,False
AVAL,2019-04-29,8.039999961853027,8.069999694824219,7.940000057220459,8.010000228881836,7.940000057220459,137300,False
AVAL,2019-04-30,8.0,8.0,7.789999961853027,7.860000133514404,7.789999961853027,243300,False
AVAL,2019-05-01,7.829999923706055,7.929999828338623,7.71999979019165,7.869999885559082,7.71999979019165,63400,False
AVAL,2019-05-02,7.820000171661377,7.929999828338623,7.684999942779541,7.829999923706055,7.684999942779541,192200,False
AVAL,2019-05-03,7.829999923706055,7.940000057220459,7.829999923706055,7.849999904632568,7.829999923706055,143600,False
AVAL,2019-05-06,7.789999961853027,7.860000133514404,7.619999885559082,7.769999980926514,7.619999885559082,77400,False
AVAL,2019-05-07,7.690000057220459,7.730000019073486,7.53000020980835,7.71999979019165,7.53000020980835,53400,False
AVAL,2019-05-08,7.739999771118164,7.78000020980835,7.670000076293945,7.71999979019165,7.670000076293945,90900,False
AVAL,2019-05-09,7.670000076293945,7.699999809265137,7.460000038146973,7.650000095367432,7.460000038146973,46200,False
AVAL,2019-05-10,7.630000114440918,7.690000057220459,7.559999942779541,7.590000152587891,7.559999942779541,54500,False
AVAL,2019-05-13,7.610000133514404,7.610000133514404,7.360000133514404,7.409999847412109,7.360000133514404,110700,False
AVAL,2019-05-14,7.400000095367432,7.409999847412109,7.309999942779541,7.329999923706055,7.309999942779541,106900,False
AVAL,2019-05-15,7.269999980926514,7.300000190734863,7.159999847412109,7.210000038146973,7.159999847412109,139000,False
AVAL,2019-05-16,7.21999979019165,7.25,7.090000152587891,7.099999904632568,7.090000152587891,73000,False
AVAL,2019-05-17,7.070000171661377,7.170000076293945,6.940000057220459,7.019999980926514,6.940000057220459,184600,False
AVAL,2019-05-20,6.96999979019165,7.119999885559082,6.940000057220459,7.010000228881836,6.940000057220459,83900,False
AVAL,2019-05-21,7.019999980926514,7.21999979019165,7.010000228881836,7.119999885559082,7.010000228881836,143300,False
AVAL,2019-05-22,7.119999885559082,7.28000020980835,7.119999885559082,7.170000076293945,7.119999885559082,105600,False
AVAL,2019-05-23,7.130000114440918,7.130000114440918,6.929999828338623,6.940000057220459,6.929999828338623,85600,False
AVAL,2019-05-24,6.960000038146973,7.179999828338623,6.940000057220459,7.119999885559082,6.940000057220459,62000,False
AVAL,2019-05-28,7.170000076293945,7.170000076293945,6.849999904632568,6.869999885559082,6.849999904632568,209400,False
AVAL,2019-05-29,6.840000152587891,7.0,6.78000020980835,6.980000019073486,6.78000020980835,165600,False
AVAL,2019-05-30,6.96999979019165,7.079999923706055,6.96999979019165,7.010000228881836,6.96999979019165,65800,False
AVAL,2019-05-31,6.940000057220459,7.010000228881836,6.889999866485596,6.929999828338623,6.889999866485596,131500,False
AVAL,2019-06-03,6.940000057220459,7.070000171661377,6.800000190734863,7.010000228881836,6.800000190734863,93200,False
AVAL,2019-06-04,7.059999942779541,7.170000076293945,7.001999855041504,7.039999961853027,7.001999855041504,324800,False
AVAL,2019-06-05,7.019999980926514,7.130000114440918,6.940000057220459,6.940000057220459,6.940000057220459,87000,False
AVAL,2019-06-06,6.949999809265137,7.019999980926514,6.949999809265137,6.960000038146973,6.949999809265137,116800,False
AVAL,2019-06-07,7.0,7.119999885559082,7.0,7.090000152587891,7.0,274200,False
AVAL,2019-06-10,7.090000152587891,7.309999942779541,7.090000152587891,7.199999809265137,7.090000152587891,33300,False
AVAL,2019-06-11,7.21999979019165,7.329999923706055,7.159999847412109,7.230000019073486,7.159999847412109,61500,False
AVAL,2019-06-12,7.190000057220459,7.329999923706055,7.159999847412109,7.25,7.159999847412109,518100,False
AVAL,2019-06-13,7.309999942779541,7.449999809265137,7.309999942779541,7.409999847412109,7.309999942779541,89100,False
AVAL,2019-06-14,7.409999847412109,7.425000190734863,7.355000019073486,7.420000076293945,7.355000019073486,61800,False
AVAL,2019-06-17,7.400000095367432,7.460000038146973,7.369999885559082,7.389999866485596,7.369999885559082,46000,False
AVAL,2019-06-18,7.409999847412109,7.639999866485596,7.409999847412109,7.590000152587891,7.409999847412109,48900,False
AVAL,2019-06-19,7.599999904632568,7.699999809265137,7.599999904632568,7.619999885559082,7.599999904632568,72100,False
AVAL,2019-06-20,7.699999809265137,7.840000152587891,7.679999828338623,7.78000020980835,7.679999828338623,149500,False
AVAL,2019-06-21,7.769999980926514,7.889999866485596,7.619999885559082,7.639999866485596,7.619999885559082,395000,False
AVAL,2019-06-24,7.650000095367432,7.860000133514404,7.650000095367432,7.829999923706055,7.650000095367432,32600,False
AVAL,2019-06-25,7.820000171661377,8.0,7.800000190734863,7.880000114440918,7.800000190734863,139300,False
AVAL,2019-06-26,7.900000095367432,8.0600004196167,7.820000171661377,7.840000152587891,7.820000171661377,126400,False
AVAL,2019-06-27,7.840000152587891,7.929999828338623,7.840000152587891,7.860000133514404,7.840000152587891,324300,False
AVAL,2019-06-28,7.880000114440918,7.980000019073486,7.809999942779541,7.96999979019165,7.809999942779541,50500,False
AVAL,2019-07-01,8.029999732971191,8.100000381469727,7.989999771118164,8.0,7.989999771118164,43300,False
AVAL,2019-07-02,7.989999771118164,7.989999771118164,7.800000190734863,7.869999885559082,7.800000190734863,93900,False
AVAL,2019-07-03,7.860000133514404,7.989999771118164,7.809999942779541,7.889999866485596,7.809999942779541,94800,False
AVAL,2019-07-05,7.920000076293945,8.239999771118164,7.920000076293945,8.229999542236328,7.920000076293945,81000,False
AVAL,2019-07-08,8.199999809265137,8.25,7.989999771118164,8.029999732971191,7.989999771118164,75300,False
AVAL,2019-07-09,8.029999732971191,8.140000343322754,7.989999771118164,8.130000114440918,7.989999771118164,42400,False
AVAL,2019-07-10,8.170000076293945,8.220000267028809,8.09000015258789,8.130000114440918,8.09000015258789,50500,False
AVAL,2019-07-11,8.119999885559082,8.15999984741211,8.0600004196167,8.09000015258789,8.0600004196167,72900,False
AVAL,2019-07-12,8.09000015258789,8.100000381469727,7.989999771118164,8.0,7.989999771118164,59800,False
AVAL,2019-07-15,8.020000457763672,8.100000381469727,7.900000095367432,8.100000381469727,7.900000095367432,47200,False
AVAL,2019-07-16,8.109999656677246,8.180000305175781,8.0,8.15999984741211,8.0,76300,False
AVAL,2019-07-17,8.170000076293945,8.25,8.114999771118164,8.210000038146973,8.114999771118164,66600,False
AVAL,2019-07-18,8.130000114440918,8.199999809265137,8.039999961853027,8.09000015258789,8.039999961853027,38400,False
AVAL,2019-07-19,8.09000015258789,8.130000114440918,8.029999732971191,8.109999656677246,8.029999732971191,161100,False
AVAL,2019-07-22,8.109999656677246,8.180000305175781,8.079999923706055,8.140000343322754,8.079999923706055,29600,False
AVAL,2019-07-23,8.130000114440918,8.187999725341797,8.020000457763672,8.140000343322754,8.020000457763672,29500,False
AVAL,2019-07-24,8.109999656677246,8.1899995803833,8.050000190734863,8.119999885559082,8.050000190734863,89400,False
AVAL,2019-07-25,8.100000381469727,8.119999885559082,7.840000152587891,7.880000114440918,7.840000152587891,70800,False
AVAL,2019-07-26,7.920000076293945,8.0,7.860000133514404,7.920000076293945,7.860000133514404,23700,False
AVAL,2019-07-29,7.900000095367432,7.900000095367432,7.820000171661377,7.860000133514404,7.820000171661377,31100,False
AVAL,2019-07-30,7.78000020980835,7.78000020980835,7.539999961853027,7.539999961853027,7.539999961853027,70100,False
AVAL,2019-07-31,7.590000152587891,7.690000057220459,7.510000228881836,7.510000228881836,7.510000228881836,103000,False
AVAL,2019-08-01,7.46999979019165,7.619999885559082,7.420000076293945,7.449999809265137,7.420000076293945,36400,False
AVAL,2019-08-02,7.46999979019165,7.579999923706055,7.300000190734863,7.389999866485596,7.300000190734863,64100,False
AVAL,2019-08-05,7.329999923706055,7.329999923706055,7.0,7.070000171661377,7.0,78500,False
AVAL,2019-08-06,7.059999942779541,7.28000020980835,7.059999942779541,7.179999828338623,7.059999942779541,141200,False
AVAL,2019-08-07,7.150000095367432,7.409999847412109,7.110000133514404,7.320000171661377,7.110000133514404,47000,False
AVAL,2019-08-08,7.300000190734863,7.400000095367432,7.260000228881836,7.360000133514404,7.260000228881836,69900,False
AVAL,2019-08-09,7.389999866485596,7.400000095367432,7.260000228881836,7.349999904632568,7.260000228881836,43100,False
AVAL,2019-08-12,7.329999923706055,7.329999923706055,7.039999961853027,7.28000020980835,7.039999961853027,57700,False
AVAL,2019-08-13,7.199999809265137,7.440000057220459,7.050000190734863,7.400000095367432,7.050000190734863,75400,False
AVAL,2019-08-14,7.340000152587891,7.340000152587891,7.050000190734863,7.079999923706055,7.050000190734863,56300,False
AVAL,2019-08-15,7.090000152587891,7.199999809265137,6.980000019073486,7.139999866485596,6.980000019073486,59500,False
AVAL,2019-08-16,7.179999828338623,7.260000228881836,7.03000020980835,7.21999979019165,7.03000020980835,46200,False
AVAL,2019-08-19,7.230000019073486,7.309999942779541,7.079999923706055,7.170000076293945,7.079999923706055,29700,False
AVAL,2019-08-20,7.170000076293945,7.300000190734863,7.050000190734863,7.300000190734863,7.050000190734863,84000,False
AVAL,2019-08-21,7.5,7.550000190734863,7.369999885559082,7.46999979019165,7.369999885559082,119100,False
AVAL,2019-08-22,7.489999771118164,7.489999771118164,7.289999961853027,7.320000171661377,7.289999961853027,89700,False
AVAL,2019-08-23,7.289999961853027,7.349999904632568,7.150000095367432,7.150000095367432,7.150000095367432,51700,False
AVAL,2019-08-26,7.21999979019165,7.25,7.079999923706055,7.190000057220459,7.079999923706055,37600,False
AVAL,2019-08-27,7.179999828338623,7.179999828338623,6.929999828338623,7.0,6.929999828338623,43600,False
AVAL,2019-08-28,7.010000228881836,7.190000057220459,6.929999828338623,7.099999904632568,6.929999828338623,86300,False
AVAL,2019-08-29,7.099999904632568,7.320000171661377,7.099999904632568,7.309999942779541,7.099999904632568,90400,False
AVAL,2019-08-30,7.28000020980835,7.369999885559082,7.269999980926514,7.329999923706055,7.269999980926514,257100,False
AVAL,2019-09-03,7.28000020980835,7.440000057220459,7.28000020980835,7.349999904632568,7.28000020980835,100700,False
AVAL,2019-09-04,7.420000076293945,7.545000076293945,7.349999904632568,7.409999847412109,7.349999904632568,41100,False
AVAL,2019-09-05,7.420000076293945,7.5,7.360000133514404,7.460000038146973,7.360000133514404,72300,False
AVAL,2019-09-06,7.449999809265137,7.550000190734863,7.380000114440918,7.46999979019165,7.380000114440918,36100,False
AVAL,2019-09-09,7.53000020980835,7.53000020980835,7.400000095367432,7.449999809265137,7.400000095367432,49100,False
AVAL,2019-09-10,7.46999979019165,7.570000171661377,7.360000133514404,7.400000095367432,7.360000133514404,157200,False
AVAL,2019-09-11,7.480000019073486,7.559999942779541,7.380000114440918,7.559999942779541,7.380000114440918,86900,False
AVAL,2019-09-12,7.53000020980835,7.670000076293945,7.519999980926514,7.670000076293945,7.519999980926514,27700,False
AVAL,2019-09-13,7.670000076293945,7.730000019073486,7.590000152587891,7.630000114440918,7.590000152587891,90300,False
AVAL,2019-09-16,7.739999771118164,7.809999942779541,7.429999828338623,7.710000038146973,7.429999828338623,273500,False
AVAL,2019-09-17,7.730000019073486,7.730000019073486,7.519999980926514,7.559999942779541,7.519999980926514,239600,False
AVAL,2019-09-18,7.510000228881836,7.670000076293945,7.46999979019165,7.639999866485596,7.46999979019165,63700,False
AVAL,2019-09-19,7.619999885559082,7.699999809265137,7.610000133514404,7.650000095367432,7.610000133514404,140000,False
AVAL,2019-09-20,7.650000095367432,7.710000038146973,7.519999980926514,7.550000190734863,7.519999980926514,101600,False
AVAL,2019-09-23,7.539999961853027,7.590000152587891,7.46999979019165,7.570000171661377,7.46999979019165,312500,False
AVAL,2019-09-24,7.599999904632568,7.610000133514404,7.5,7.579999923706055,7.5,115400,False
AVAL,2019-09-25,7.610000133514404,7.610000133514404,7.369999885559082,7.539999961853027,7.369999885559082,68700,False
AVAL,2019-09-26,7.559999942779541,7.590000152587891,7.449999809265137,7.510000228881836,7.449999809265137,41900,False
AVAL,2019-09-27,7.489999771118164,7.53000020980835,7.389999866485596,7.420000076293945,7.389999866485596,186700,False
AVAL,2019-09-30,7.400000095367432,7.489999771118164,7.349999904632568,7.460000038146973,7.349999904632568,22400,False
AVAL,2019-10-01,7.429999828338623,7.440000057220459,7.289999961853027,7.400000095367432,7.289999961853027,43300,False
AVAL,2019-10-02,7.349999904632568,7.400000095367432,7.320000171661377,7.380000114440918,7.320000171661377,87000,False
AVAL,2019-10-03,7.329999923706055,7.5,7.315000057220459,7.46999979019165,7.315000057220459,36900,False
AVAL,2019-10-04,7.53000020980835,7.610000133514404,7.53000020980835,7.610000133514404,7.53000020980835,35000,False
AVAL,2019-10-07,7.590000152587891,7.619999885559082,7.53000020980835,7.550000190734863,7.53000020980835,62300,False
AVAL,2019-10-08,7.539999961853027,7.579999923706055,7.340000152587891,7.389999866485596,7.340000152587891,71600,False
AVAL,2019-10-09,7.440000057220459,7.519999980926514,7.380000114440918,7.519999980926514,7.380000114440918,155500,False
AVAL,2019-10-10,7.510000228881836,7.539999961853027,7.420000076293945,7.440000057220459,7.420000076293945,29700,False
AVAL,2019-10-11,7.46999979019165,7.559999942779541,7.440000057220459,7.489999771118164,7.440000057220459,37900,False
AVAL,2019-10-14,7.449999809265137,7.480000019073486,7.420000076293945,7.429999828338623,7.420000076293945,49100,False
AVAL,2019-10-15,7.429999828338623,7.480000019073486,7.340000152587891,7.360000133514404,7.340000152587891,100000,False
AVAL,2019-10-16,7.420000076293945,7.449999809265137,7.380000114440918,7.400000095367432,7.380000114440918,63200,False
AVAL,2019-10-17,7.429999828338623,7.46999979019165,7.420000076293945,7.449999809265137,7.420000076293945,25700,False
AVAL,2019-10-18,7.449999809265137,7.550000190734863,7.429999828338623,7.5,7.429999828338623,40700,False
AVAL,2019-10-21,7.489999771118164,7.559999942779541,7.46999979019165,7.480000019073486,7.46999979019165,33500,False
AVAL,2019-10-22,7.5,7.75,7.480000019073486,7.730000019073486,7.480000019073486,118000,False
AVAL,2019-10-23,7.679999828338623,7.736999988555908,7.599999904632568,7.670000076293945,7.599999904632568,215200,False
AVAL,2019-10-24,7.690000057220459,7.840000152587891,7.650000095367432,7.820000171661377,7.650000095367432,509300,False
AVAL,2019-10-25,7.820000171661377,7.960000038146973,7.75,7.920000076293945,7.75,151100,False
AVAL,2019-10-28,7.900000095367432,8.010000228881836,7.900000095367432,7.989999771118164,7.900000095367432,27000,False
AVAL,2019-10-29,7.949999809265137,8.180000305175781,7.929999828338623,8.180000305175781,7.929999828338623,143900,False
AVAL,2019-10-30,8.130000114440918,8.199999809265137,7.989999771118164,8.149999618530273,7.989999771118164,71500,False
AVAL,2019-10-31,8.119999885559082,8.180000305175781,8.039999961853027,8.149999618530273,8.039999961853027,56100,False
AVAL,2019-11-01,8.140000343322754,8.479999542236328,8.140000343322754,8.350000381469727,8.140000343322754,173100,False
AVAL,2019-11-04,8.359999656677246,8.479999542236328,8.34000015258789,8.34000015258789,8.34000015258789,199800,False
AVAL,2019-11-05,8.369999885559082,8.640000343322754,8.300000190734863,8.470000267028809,8.300000190734863,274700,False
AVAL,2019-11-06,8.40999984741211,8.520000457763672,8.34000015258789,8.359999656677246,8.34000015258789,40500,False
AVAL,2019-11-07,8.399999618530273,8.40999984741211,8.34000015258789,8.390000343322754,8.34000015258789,117400,False
AVAL,2019-11-08,8.34000015258789,8.40999984741211,8.260000228881836,8.380000114440918,8.260000228881836,48600,False
AVAL,2019-11-11,8.3100004196167,8.479999542236328,8.180000305175781,8.4399995803833,8.180000305175781,41700,False
AVAL,2019-11-12,8.430000305175781,8.4399995803833,8.229999542236328,8.359999656677246,8.229999542236328,46900,False
AVAL,2019-11-13,8.289999961853027,8.300000190734863,8.03499984741211,8.0600004196167,8.03499984741211,111800,False
AVAL,2019-11-14,8.020000457763672,8.119999885559082,8.0,8.020000457763672,8.0,43300,False
AVAL,2019-11-15,8.050000190734863,8.34000015258789,8.050000190734863,8.199999809265137,8.050000190734863,351800,False
AVAL,2019-11-18,8.170000076293945,8.319999694824219,8.109999656677246,8.289999961853027,8.109999656677246,256300,False
AVAL,2019-11-19,8.329999923706055,8.34000015258789,8.15999984741211,8.210000038146973,8.15999984741211,203100,False
AVAL,2019-11-20,8.229999542236328,8.229999542236328,8.100000381469727,8.109999656677246,8.100000381469727,109700,False
AVAL,2019-11-21,8.079999923706055,8.100000381469727,7.960000038146973,7.960000038146973,7.960000038146973,313200,False
AVAL,2019-11-22,7.900000095367432,8.125,7.880000114440918,8.020000457763672,7.880000114440918,37100,False
AVAL,2019-11-25,7.949999809265137,8.0600004196167,7.900000095367432,7.960000038146973,7.900000095367432,99900,False
AVAL,2019-11-26,7.909999847412109,7.925000190734863,7.739999771118164,7.760000228881836,7.739999771118164,203200,False
AVAL,2019-11-27,7.78000020980835,7.980000019073486,7.75,7.800000190734863,7.75,543200,False
AVAL,2019-11-29,7.820000171661377,7.980000019073486,7.820000171661377,7.980000019073486,7.820000171661377,101000,False
AVAL,2019-12-02,7.989999771118164,8.050000190734863,7.900000095367432,7.980000019073486,7.900000095367432,334200,False
AVAL,2019-12-03,8.0,8.100000381469727,7.96999979019165,8.100000381469727,7.96999979019165,323200,False
AVAL,2019-12-04,8.15999984741211,8.220000267028809,8.045000076293945,8.050000190734863,8.045000076293945,234400,False
AVAL,2019-12-05,8.069999694824219,8.1899995803833,8.069999694824219,8.100000381469727,8.069999694824219,239400,False
AVAL,2019-12-06,8.140000343322754,8.25,8.126999855041504,8.25,8.126999855041504,434000,False
AVAL,2019-12-09,8.239999771118164,8.329999923706055,8.220000267028809,8.239999771118164,8.220000267028809,135000,False
AVAL,2019-12-10,8.199999809265137,8.319999694824219,8.199999809265137,8.25,8.199999809265137,589400,False
AVAL,2019-12-11,8.279999732971191,8.369999885559082,8.248000144958496,8.3100004196167,8.248000144958496,1041800,False
AVAL,2019-12-12,8.329999923706055,8.460000038146973,8.329999923706055,8.380000114440918,8.329999923706055,58600,False
AVAL,2019-12-13,8.380000114440918,8.479999542236328,8.329999923706055,8.380000114440918,8.329999923706055,426300,False
AVAL,2019-12-16,8.390000343322754,8.489999771118164,8.390000343322754,8.390000343322754,8.390000343322754,115200,False
AVAL,2019-12-17,8.420000076293945,8.489999771118164,8.380000114440918,8.420000076293945,8.380000114440918,120800,False
AVAL,2019-12-18,8.4399995803833,8.59000015258789,8.4399995803833,8.5,8.4399995803833,210300,False
AVAL,2019-12-19,8.520000457763672,8.680000305175781,8.520000457763672,8.600000381469727,8.520000457763672,138500,False
AVAL,2019-12-20,8.649999618530273,8.680000305175781,8.5600004196167,8.600000381469727,8.5600004196167,74700,False
AVAL,2019-12-23,8.600000381469727,8.800000190734863,8.59000015258789,8.760000228881836,8.59000015258789,128300,False
AVAL,2019-12-24,8.8100004196167,8.819999694824219,8.649999618530273,8.710000038146973,8.649999618530273,24100,False
AVAL,2019-12-26,8.729999542236328,8.859999656677246,8.710000038146973,8.770000457763672,8.710000038146973,143300,False
AVAL,2019-12-27,8.75,8.800000190734863,8.680000305175781,8.720000267028809,8.680000305175781,45500,False
AVAL,2019-12-30,8.699999809265137,8.739999771118164,8.59000015258789,8.649999618530273,8.59000015258789,91400,False
AVAL,2019-12-31,8.600000381469727,8.720000267028809,8.600000381469727,8.720000267028809,8.600000381469727,43200,False
AVAL,2020-01-02,8.720000267028809,8.819999694824219,8.699999809265137,8.800000190734863,8.699999809265137,137400,False
AVAL,2020-01-03,8.8100004196167,8.890000343322754,8.75,8.8100004196167,8.75,84900,False
AVAL,2020-01-06,8.8100004196167,8.899999618530273,8.760000228881836,8.84000015258789,8.760000228881836,52000,False
AVAL,2020-01-07,8.84000015258789,8.869999885559082,8.720000267028809,8.760000228881836,8.720000267028809,185500,False
AVAL,2020-01-08,8.789999961853027,8.869999885559082,8.729999542236328,8.859999656677246,8.729999542236328,613900,False
AVAL,2020-01-09,8.869999885559082,8.92300033569336,8.75,8.850000381469727,8.75,432200,False
AVAL,2020-01-10,8.819999694824219,8.899999618530273,8.800000190734863,8.84000015258789,8.800000190734863,113700,False
AVAL,2020-01-13,8.850000381469727,8.880000114440918,8.807000160217285,8.850000381469727,8.807000160217285,190500,False
AVAL,2020-01-14,8.869999885559082,8.880000114440918,8.8100004196167,8.880000114440918,8.8100004196167,138200,False
AVAL,2020-01-15,8.920000076293945,8.920000076293945,8.770000457763672,8.779999732971191,8.770000457763672,149900,False
AVAL,2020-01-16,8.779999732971191,8.8100004196167,8.609999656677246,8.680000305175781,8.609999656677246,249800,False
AVAL,2020-01-17,8.6899995803833,8.720000267028809,8.569999694824219,8.680000305175781,8.569999694824219,534600,False
AVAL,2020-01-21,8.6899995803833,8.713000297546387,8.569999694824219,8.600000381469727,8.569999694824219,211000,False
AVAL,2020-01-22,8.609999656677246,8.75,8.579999923706055,8.729999542236328,8.579999923706055,625100,False
AVAL,2020-01-23,8.680000305175781,8.770000457763672,8.640000343322754,8.670000076293945,8.640000343322754,132300,False
AVAL,2020-01-24,8.680000305175781,8.680000305175781,8.4399995803833,8.550000190734863,8.4399995803833,490200,False
AVAL,2020-01-27,8.430000305175781,8.430000305175781,8.300000190734863,8.319999694824219,8.300000190734863,118300,False
AVAL,2020-01-28,8.359999656677246,8.479999542236328,8.359999656677246,8.449999809265137,8.359999656677246,52200,False
AVAL,2020-01-29,8.430000305175781,8.5,8.40999984741211,8.449999809265137,8.40999984741211,68100,False
AVAL,2020-01-30,8.390000343322754,8.479999542236328,8.329999923706055,8.470000267028809,8.329999923706055,83500,False
AVAL,2020-01-31,8.420000076293945,8.449999809265137,8.350000381469727,8.449999809265137,8.350000381469727,117000,False
AVAL,2020-02-03,8.460000038146973,8.529999732971191,8.430000305175781,8.470000267028809,8.430000305175781,79500,False
AVAL,2020-02-04,8.520000457763672,8.65999984741211,8.515000343322754,8.609999656677246,8.515000343322754,45500,False
AVAL,2020-02-05,8.699999809265137,8.710000038146973,8.619999885559082,8.680000305175781,8.619999885559082,134200,False
AVAL,2020-02-06,8.710000038146973,8.710000038146973,8.5600004196167,8.65999984741211,8.5600004196167,204400,False
AVAL,2020-02-07,8.649999618530273,8.649999618530273,8.529999732971191,8.550000190734863,8.529999732971191,130400,False
AVAL,2020-02-10,8.550000190734863,8.550000190734863,8.40999984741211,8.489999771118164,8.40999984741211,83900,False
AVAL,2020-02-11,8.510000228881836,8.609999656677246,8.510000228881836,8.550000190734863,8.510000228881836,57000,False
AVAL,2020-02-12,8.649999618530273,8.670000076293945,8.600000381469727,8.630000114440918,8.600000381469727,200500,False
AVAL,2020-02-13,8.600000381469727,8.6899995803833,8.59000015258789,8.6899995803833,8.59000015258789,523200,False
AVAL,2020-02-14,8.720000267028809,8.729999542236328,8.619999885559082,8.680000305175781,8.619999885559082,58200,False
AVAL,2020-02-18,8.699999809265137,8.770000457763672,8.630000114440918,8.75,8.630000114440918,111300,False
AVAL,2020-02-19,8.770000457763672,8.850000381469727,8.760000228881836,8.819999694824219,8.760000228881836,257400,False
AVAL,2020-02-20,8.850000381469727,8.850000381469727,8.710000038146973,8.729999542236328,8.710000038146973,51900,False
AVAL,2020-02-21,8.720000267028809,8.729999542236328,8.640000343322754,8.699999809265137,8.640000343322754,51700,False
AVAL,2020-02-24,8.619999885559082,8.635000228881836,8.4399995803833,8.619999885559082,8.4399995803833,171700,False
AVAL,2020-02-25,8.680000305175781,8.6899995803833,8.579999923706055,8.609999656677246,8.579999923706055,190400,False
AVAL,2020-02-26,8.630000114440918,8.699999809265137,8.4399995803833,8.4399995803833,8.4399995803833,348300,False
AVAL,2020-02-27,8.289999961853027,8.345000267028809,8.140000343322754,8.220000267028809,8.140000343322754,231200,False
AVAL,2020-02-28,8.079999923706055,8.15999984741211,7.929999828338623,8.130000114440918,7.929999828338623,451100,False
AVAL,2020-03-02,8.15999984741211,8.300000190734863,8.069999694824219,8.180000305175781,8.069999694824219,206400,False
AVAL,2020-03-03,8.210000038146973,8.359999656677246,8.079999923706055,8.079999923706055,8.079999923706055,177900,False
AVAL,2020-03-04,8.140000343322754,8.229999542236328,8.083000183105469,8.140000343322754,8.083000183105469,104600,False
AVAL,2020-03-05,8.020000457763672,8.039999961853027,7.940000057220459,8.010000228881836,7.940000057220459,91300,False
AVAL,2020-03-06,7.849999904632568,7.900000095367432,7.699999809265137,7.699999809265137,7.699999809265137,129600,False
AVAL,2020-03-09,7.260000228881836,7.269999980926514,6.599999904632568,6.789999961853027,6.599999904632568,215700,True
AVAL,2020-03-10,6.800000190734863,6.880000114440918,6.599999904632568,6.800000190734863,6.599999904632568,184600,False
AVAL,2020-03-11,6.730000019073486,6.730000019073486,6.190000057220459,6.239999771118164,6.190000057220459,304200,True
AVAL,2020-03-12,6.010000228881836,6.010000228881836,5.159999847412109,5.230000019073486,5.159999847412109,363200,True
AVAL,2020-03-13,5.429999828338623,5.949999809265137,5.320000171661377,5.949999809265137,5.320000171661377,350500,True
AVAL,2020-03-16,5.570000171661377,5.579999923706055,4.579999923706055,4.690000057220459,4.579999923706055,390400,True
AVAL,2020-03-17,4.760000228881836,4.960000038146973,4.389999866485596,4.550000190734863,4.389999866485596,400200,False
AVAL,2020-03-18,4.329999923706055,4.329999923706055,3.7100000381469727,3.7100000381469727,3.7100000381469727,350400,True
AVAL,2020-03-19,3.680000066757202,3.799999952316284,3.5999999046325684,3.75,3.5999999046325684,453700,False
AVAL,2020-03-20,3.7799999713897705,4.039999961853027,3.5,3.5899999141693115,3.5,532800,False
AVAL,2020-03-23,3.5899999141693115,3.6700000762939453,3.319999933242798,3.3399999141693115,3.319999933242798,256500,True
AVAL,2020-03-24,3.3499999046325684,3.559999942779541,3.3499999046325684,3.4800000190734863,3.3499999046325684,504100,False
AVAL,2020-03-25,3.5999999046325684,4.150000095367432,3.5,4.079999923706055,3.5,488500,True
AVAL,2020-03-26,4.079999923706055,4.789999961853027,4.079999923706055,4.71999979019165,4.079999923706055,411000,True
AVAL,2020-03-27,4.619999885559082,4.650000095367432,4.409999847412109,4.480000019073486,4.409999847412109,187500,False
AVAL,2020-03-30,4.489999771118164,4.5,4.099999904632568,4.349999904632568,4.099999904632568,261400,False
AVAL,2020-03-31,4.420000076293945,4.590000152587891,4.34499979019165,4.380000114440918,4.34499979019165,353700,False
AVAL,2020-04-01,4.260000228881836,4.260000228881836,4.025000095367432,4.130000114440918,4.025000095367432,199100,False
AVAL,2020-04-02,4.090000152587891,4.360000133514404,4.050000190734863,4.210000038146973,4.050000190734863,244700,False
AVAL,2020-04-03,4.199999809265137,4.460000038146973,4.139999866485596,4.420000076293945,4.139999866485596,238200,False
AVAL,2020-04-06,4.489999771118164,4.78000020980835,4.480000019073486,4.710000038146973,4.480000019073486,326000,False
AVAL,2020-04-07,4.829999923706055,5.059999942779541,4.730000019073486,4.769999980926514,4.730000019073486,271500,False
AVAL,2020-04-08,4.789999961853027,4.860000133514404,4.71999979019165,4.760000228881836,4.71999979019165,212200,False
AVAL,2020-04-09,4.789999961853027,5.130000114440918,4.599999904632568,4.710000038146973,4.599999904632568,249500,False
AVAL,2020-04-13,4.71999979019165,4.860000133514404,4.579999923706055,4.860000133514404,4.579999923706055,166500,False
AVAL,2020-04-14,5.019999980926514,5.079999923706055,4.75,4.800000190734863,4.75,1040400,False
AVAL,2020-04-15,4.670000076293945,4.889999866485596,4.599999904632568,4.800000190734863,4.599999904632568,153600,False
AVAL,2020-04-16,4.760000228881836,4.760000228881836,4.590000152587891,4.670000076293945,4.590000152587891,229300,False
AVAL,2020-04-17,4.699999809265137,4.860000133514404,4.650000095367432,4.699999809265137,4.650000095367432,341100,False
AVAL,2020-04-20,4.619999885559082,4.840000152587891,4.519999980926514,4.639999866485596,4.519999980926514,325100,False
AVAL,2020-04-21,4.639999866485596,4.639999866485596,4.409999847412109,4.409999847412109,4.409999847412109,187400,False
AVAL,2020-04-22,4.420000076293945,4.519999980926514,4.340000152587891,4.449999809265137,4.340000152587891,397400,False
AVAL,2020-04-23,4.449999809265137,4.449999809265137,4.179999828338623,4.199999809265137,4.179999828338623,232700,False
AVAL,2020-04-24,4.309999942779541,4.309999942779541,4.025000095367432,4.050000190734863,4.025000095367432,274700,False
AVAL,2020-04-27,4.119999885559082,4.199999809265137,4.019999980926514,4.03000020980835,4.019999980926514,383000,False
AVAL,2020-04-28,4.110000133514404,4.21999979019165,4.079999923706055,4.099999904632568,4.079999923706055,708500,False
AVAL,2020-04-29,4.199999809265137,4.389999866485596,4.170000076293945,4.289999961853027,4.170000076293945,779300,False
AVAL,2020-04-30,4.210000038146973,4.289999961853027,4.150000095367432,4.199999809265137,4.150000095367432,567200,False
AVAL,2020-05-01,4.119999885559082,4.119999885559082,3.8450000286102295,3.9800000190734863,3.8450000286102295,318000,False
AVAL,2020-05-04,3.990000009536743,4.090000152587891,3.9000000953674316,4.079999923706055,3.9000000953674316,699200,False
AVAL,2020-05-05,4.159999847412109,4.199999809265137,4.079999923706055,4.079999923706055,4.079999923706055,240700,False
AVAL,2020-05-06,4.079999923706055,4.090000152587891,3.986999988555908,4.019999980926514,3.986999988555908,423500,False
AVAL,2020-05-07,4.070000171661377,4.159999847412109,3.990000009536743,3.990000009536743,3.990000009536743,592700,False
AVAL,2020-05-08,4.039999961853027,4.170000076293945,4.019999980926514,4.079999923706055,4.019999980926514,513400,False
AVAL,2020-05-11,4.03000020980835,4.070000171661377,3.930000066757202,3.940000057220459,3.930000066757202,829700,False
AVAL,2020-05-12,3.940000057220459,4.059999942779541,3.9100000858306885,4.010000228881836,3.9100000858306885,661200,False
AVAL,2020-05-13,3.9800000190734863,3.994999885559082,3.859999895095825,3.880000114440918,3.859999895095825,620800,False
AVAL,2020-05-14,3.8299999237060547,3.930000066757202,3.759999990463257,3.7899999618530273,3.759999990463257,451000,False
AVAL,2020-05-15,3.7699999809265137,3.8499999046325684,3.700000047683716,3.8399999141693115,3.700000047683716,365100,False
AVAL,2020-05-18,3.8499999046325684,4.079999923706055,3.8499999046325684,4.03000020980835,3.8499999046325684,516300,False
AVAL,2020-05-19,4.0,4.059999942779541,3.950000047683716,3.950000047683716,3.950000047683716,783000,False
AVAL,2020-05-20,3.990000009536743,4.15500020980835,3.990000009536743,4.050000190734863,3.990000009536743,1080000,False
AVAL,2020-05-21,4.050000190734863,4.236000061035156,4.050000190734863,4.090000152587891,4.050000190734863,366200,False
AVAL,2020-05-22,4.090000152587891,4.099999904632568,3.98799991607666,4.070000171661377,3.98799991607666,1193100,False
AVAL,2020-05-26,4.139999866485596,4.260000228881836,4.139999866485596,4.230000019073486,4.139999866485596,834700,False
AVAL,2020-05-27,4.289999961853027,4.34499979019165,4.204999923706055,4.309999942779541,4.204999923706055,1549600,False
AVAL,2020-05-28,4.269999980926514,4.505000114440918,4.203000068664551,4.389999866485596,4.203000068664551,695000,False
AVAL,2020-05-29,4.340000152587891,4.460000038146973,4.309999942779541,4.389999866485596,4.309999942779541,1356800,False
AVAL,2020-06-01,4.389999866485596,4.659999847412109,4.389999866485596,4.570000171661377,4.389999866485596,938800,False
AVAL,2020-06-02,4.599999904632568,4.710000038146973,4.599999904632568,4.679999828338623,4.599999904632568,371200,False
AVAL,2020-06-03,4.710000038146973,4.849999904632568,4.710000038146973,4.820000171661377,4.710000038146973,1585700,False
AVAL,2020-06-04,4.78000020980835,4.940000057220459,4.78000020980835,4.909999847412109,4.78000020980835,1017300,False
AVAL,2020-06-05,4.989999771118164,5.25,4.980000019073486,5.199999809265137,4.980000019073486,1417800,False
AVAL,2020-06-08,5.289999961853027,5.289999961853027,5.130000114440918,5.190000057220459,5.130000114440918,745500,False
AVAL,2020-06-09,5.099999904632568,5.099999904632568,4.960000038146973,5.010000228881836,4.960000038146973,1331500,False
AVAL,2020-06-10,5.0,5.0,4.789999961853027,4.789999961853027,4.789999961853027,509600,False
AVAL,2020-06-11,4.630000114440918,4.659999847412109,4.434999942779541,4.489999771118164,4.434999942779541,871700,False
AVAL,2020-06-12,4.699999809265137,4.7179999351501465,4.570000171661377,4.619999885559082,4.570000171661377,1819200,False
AVAL,2020-06-15,4.519999980926514,4.630000114440918,4.400000095367432,4.619999885559082,4.400000095367432,1340900,False
AVAL,2020-06-16,4.789999961853027,4.869999885559082,4.610000133514404,4.639999866485596,4.610000133514404,255800,False
AVAL,2020-06-17,4.670000076293945,4.670000076293945,4.519999980926514,4.559999942779541,4.519999980926514,272500,False
AVAL,2020-06-18,4.519999980926514,4.610000133514404,4.5,4.559999942779541,4.5,495700,False
AVAL,2020-06-19,4.619999885559082,4.639999866485596,4.510000228881836,4.510000228881836,4.510000228881836,397900,False
AVAL,2020-06-22,4.489999771118164,4.489999771118164,4.230000019073486,4.360000133514404,4.230000019073486,562000,False
AVAL,2020-06-23,4.409999847412109,4.53000020980835,4.409999847412109,4.519999980926514,4.409999847412109,458300,False
AVAL,2020-06-24,4.510000228881836,4.510000228881836,4.340000152587891,4.340000152587891,4.340000152587891,422500,False
AVAL,2020-06-25,4.300000190734863,4.550000190734863,4.289999961853027,4.519999980926514,4.289999961853027,323300,False
AVAL,2020-06-26,4.489999771118164,4.53000020980835,4.369999885559082,4.369999885559082,4.369999885559082,315500,False
AVAL,2020-06-29,4.409999847412109,4.414999961853027,4.260000228881836,4.300000190734863,4.260000228881836,240600,False
AVAL,2020-06-30,4.28000020980835,4.400000095367432,4.269999980926514,4.360000133514404,4.269999980926514,409900,False
AVAL,2020-07-01,4.349999904632568,4.458000183105469,4.335000038146973,4.360000133514404,4.335000038146973,195700,False
AVAL,2020-07-02,4.409999847412109,4.53000020980835,4.409999847412109,4.5,4.409999847412109,213900,False
AVAL,2020-07-06,4.570000171661377,4.619999885559082,4.519999980926514,4.579999923706055,4.519999980926514,177100,False
AVAL,2020-07-07,4.570000171661377,4.570000171661377,4.5,4.550000190734863,4.5,249700,False
AVAL,2020-07-08,4.670000076293945,4.690000057220459,4.570000171661377,4.690000057220459,4.570000171661377,428600,False
AVAL,2020-07-09,4.679999828338623,4.695000171661377,4.559999942779541,4.630000114440918,4.559999942779541,526400,False
AVAL,2020-07-10,4.610000133514404,4.684999942779541,4.599999904632568,4.639999866485596,4.599999904632568,203000,False
AVAL,2020-07-13,4.639999866485596,4.739999771118164,4.639999866485596,4.659999847412109,4.639999866485596,143500,False
AVAL,2020-07-14,4.630000114440918,4.690000057220459,4.599999904632568,4.670000076293945,4.599999904632568,148700,False
AVAL,2020-07-15,4.739999771118164,4.800000190734863,4.699999809265137,4.739999771118164,4.699999809265137,102600,False
AVAL,2020-07-16,4.710000038146973,4.800000190734863,4.673999786376953,4.760000228881836,4.673999786376953,70400,False
AVAL,2020-07-17,4.800000190734863,4.800000190734863,4.699999809265137,4.710000038146973,4.699999809265137,209300,False
AVAL,2020-07-20,4.659999847412109,4.730000019073486,4.539999961853027,4.599999904632568,4.539999961853027,143800,False
AVAL,2020-07-21,4.639999866485596,4.849999904632568,4.639999866485596,4.809999942779541,4.639999866485596,160200,False
AVAL,2020-07-22,4.78000020980835,4.869999885559082,4.78000020980835,4.829999923706055,4.78000020980835,58200,False
AVAL,2020-07-23,4.900000095367432,4.900000095367432,4.809999942779541,4.820000171661377,4.809999942779541,102800,False
AVAL,2020-07-24,4.789999961853027,4.820000171661377,4.730000019073486,4.730000019073486,4.730000019073486,51400,False
AVAL,2020-07-27,4.730000019073486,4.820000171661377,4.650000095367432,4.78000020980835,4.650000095367432,97900,False
AVAL,2020-07-28,4.760000228881836,4.809999942779541,4.71999979019165,4.730000019073486,4.71999979019165,31500,False
AVAL,2020-07-29,4.75,4.760000228881836,4.690000057220459,4.75,4.690000057220459,244200,False
AVAL,2020-07-30,4.71999979019165,4.71999979019165,4.630000114440918,4.679999828338623,4.630000114440918,291000,False
AVAL,2020-07-31,4.639999866485596,4.670000076293945,4.559999942779541,4.570000171661377,4.559999942779541,226400,False
AVAL,2020-08-03,4.579999923706055,4.619999885559082,4.5,4.519999980926514,4.5,154900,False
AVAL,2020-08-04,4.480000019073486,4.550000190734863,4.480000019073486,4.5,4.480000019073486,109100,False
AVAL,2020-08-05,4.550000190734863,4.570000171661377,4.5,4.510000228881836,4.5,80000,False
AVAL,2020-08-06,4.510000228881836,4.53000020980835,4.5,4.510000228881836,4.5,62700,False
AVAL,2020-08-07,4.5,4.510000228881836,4.409999847412109,4.429999828338623,4.409999847412109,80000,False
AVAL,2020-08-10,4.420000076293945,4.545000076293945,4.420000076293945,4.480000019073486,4.420000076293945,65400,False
AVAL,2020-08-11,4.550000190734863,4.650000095367432,4.550000190734863,4.599999904632568,4.550000190734863,52000,False
AVAL,2020-08-12,4.699999809265137,4.699999809265137,4.510000228881836,4.519999980926514,4.510000228881836,101800,False
AVAL,2020-08-13,4.559999942779541,4.599999904632568,4.510000228881836,4.599999904632568,4.510000228881836,104400,False
AVAL,2020-08-14,4.610000133514404,4.639999866485596,4.489999771118164,4.53000020980835,4.489999771118164,68000,False
AVAL,2020-08-17,4.510000228881836,4.519999980926514,4.389999866485596,4.440000057220459,4.389999866485596,133900,False
AVAL,2020-08-18,4.460000038146973,4.53000020980835,4.460000038146973,4.489999771118164,4.460000038146973,184900,False
AVAL,2020-08-19,4.53000020980835,4.630000114440918,4.519999980926514,4.619999885559082,4.519999980926514,199800,False
AVAL,2020-08-20,4.679999828338623,4.679999828338623,4.539999961853027,4.619999885559082,4.539999961853027,90000,False
AVAL,2020-08-21,4.679999828338623,4.679999828338623,4.565000057220459,4.590000152587891,4.565000057220459,86200,False
AVAL,2020-08-24,4.679999828338623,4.75,4.590000152587891,4.71999979019165,4.590000152587891,161800,False
AVAL,2020-08-25,4.820000171661377,4.840000152587891,4.664999961853027,4.840000152587891,4.664999961853027,169200,False
AVAL,2020-08-26,4.920000076293945,4.920000076293945,4.789999961853027,4.840000152587891,4.789999961853027,170400,False
AVAL,2020-08-27,4.900000095367432,4.900000095367432,4.75,4.829999923706055,4.75,94500,False
AVAL,2020-08-28,4.809999942779541,4.96999979019165,4.809999942779541,4.96999979019165,4.809999942779541,136100,False
AVAL,2020-08-31,5.050000190734863,5.079999923706055,4.860000133514404,4.869999885559082,4.860000133514404,209600,False
AVAL,2020-09-01,4.880000114440918,5.099999904632568,4.880000114440918,5.090000152587891,4.880000114440918,108300,False
AVAL,2020-09-02,5.159999847412109,5.289999961853027,5.099999904632568,5.190000057220459,5.099999904632568,195800,False
AVAL,2020-09-03,5.190000057220459,5.239999771118164,5.059999942779541,5.119999885559082,5.059999942779541,123900,False
AVAL,2020-09-04,5.150000095367432,5.150000095367432,4.96999979019165,5.090000152587891,4.96999979019165,88800,False
AVAL,2020-09-08,5.0,5.039999961853027,4.940000057220459,4.940000057220459,4.940000057220459,51700,False
AVAL,2020-09-09,4.940000057220459,5.039999961853027,4.940000057220459,4.980000019073486,4.940000057220459,106500,False
AVAL,2020-09-10,5.019999980926514,5.059999942779541,4.909999847412109,4.909999847412109,4.909999847412109,151500,False
AVAL,2020-09-11,4.909999847412109,4.949999809265137,4.900000095367432,4.909999847412109,4.900000095367432,72100,False
AVAL,2020-09-14,5.0,5.0,4.869999885559082,4.900000095367432,4.869999885559082,89600,False
AVAL,2020-09-15,4.929999828338623,4.929999828338623,4.820000171661377,4.829999923706055,4.820000171661377,76600,False
AVAL,2020-09-16,4.869999885559082,4.929999828338623,4.789999961853027,4.869999885559082,4.789999961853027,96400,False
AVAL,2020-09-17,4.849999904632568,4.889999866485596,4.789999961853027,4.849999904632568,4.789999961853027,35800,False
AVAL,2020-09-18,4.820000171661377,4.880000114440918,4.789999961853027,4.820000171661377,4.789999961853027,431200,False
AVAL,2020-09-21,4.75,4.769999980926514,4.670000076293945,4.75,4.670000076293945,111300,False
AVAL,2020-09-22,4.78000020980835,4.78000020980835,4.659999847412109,4.670000076293945,4.659999847412109,77600,False
AVAL,2020-09-23,4.659999847412109,4.679999828338623,4.574999809265137,4.590000152587891,4.574999809265137,100300,False
AVAL,2020-09-24,4.559999942779541,4.679999828338623,4.539999961853027,4.659999847412109,4.539999961853027,299200,False
AVAL,2020-09-25,4.630000114440918,4.639999866485596,4.599999904632568,4.599999904632568,4.599999904632568,133500,False
AVAL,2020-09-28,4.639999866485596,4.78000020980835,4.639999866485596,4.670000076293945,4.639999866485596,91000,False
AVAL,2020-09-29,4.650000095367432,4.670000076293945,4.610000133514404,4.610000133514404,4.610000133514404,87700,False
AVAL,2020-09-30,4.519999980926514,4.650000095367432,4.519999980926514,4.610000133514404,4.519999980926514,453500,False
AVAL,2020-10-01,4.659999847412109,4.659999847412109,4.610000133514404,4.630000114440918,4.610000133514404,100900,False
AVAL,2020-10-02,4.610000133514404,4.639999866485596,4.599999904632568,4.599999904632568,4.599999904632568,69600,False
AVAL,2020-10-05,4.599999904632568,4.639999866485596,4.589000225067139,4.610000133514404,4.589000225067139,714000,False
AVAL,2020-10-06,4.670000076293945,4.670000076293945,4.579999923706055,4.579999923706055,4.579999923706055,238500,False
AVAL,2020-10-07,4.619999885559082,4.639999866485596,4.599999904632568,4.610000133514404,4.599999904632568,66600,False
AVAL,2020-10-08,4.650000095367432,4.670000076293945,4.619999885559082,4.639999866485596,4.619999885559082,122300,False
AVAL,2020-10-09,4.679999828338623,4.690000057220459,4.610000133514404,4.639999866485596,4.610000133514404,417400,False
AVAL,2020-10-12,4.650000095367432,4.659999847412109,4.570000171661377,4.570000171661377,4.570000171661377,68900,False
AVAL,2020-10-13,4.550000190734863,4.599999904632568,4.53000020980835,4.539999961853027,4.53000020980835,317100,False
AVAL,2020-10-14,4.539999961853027,4.570000171661377,4.46999979019165,4.46999979019165,4.46999979019165,443500,False
AVAL,2020-10-15,4.480000019073486,4.599999904632568,4.40500020980835,4.579999923706055,4.40500020980835,527700,False
AVAL,2020-10-16,4.590000152587891,4.639999866485596,4.578000068664551,4.630000114440918,4.578000068664551,84900,False
AVAL,2020-10-19,4.630000114440918,4.679999828338623,4.590000152587891,4.590000152587891,4.590000152587891,59900,False
AVAL,2020-10-20,4.590000152587891,4.690000057220459,4.579999923706055,4.670000076293945,4.579999923706055,103400,False
AVAL,2020-10-21,4.670000076293945,4.78000020980835,4.670000076293945,4.760000228881836,4.670000076293945,567700,False
AVAL,2020-10-22,4.730000019073486,4.800000190734863,4.71999979019165,4.760000228881836,4.71999979019165,95800,False
AVAL,2020-10-23,4.78000020980835,4.800000190734863,4.710000038146973,4.710000038146973,4.710000038146973,54800,False
AVAL,2020-10-26,4.699999809265137,4.699999809265137,4.630000114440918,4.670000076293945,4.630000114440918,42500,False
AVAL,2020-10-27,4.699999809265137,4.699999809265137,4.579999923706055,4.599999904632568,4.579999923706055,64400,False
AVAL,2020-10-28,4.570000171661377,4.570000171661377,4.46999979019165,4.480000019073486,4.46999979019165,121800,False
AVAL,2020-10-29,4.46999979019165,4.510000228881836,4.400000095367432,4.510000228881836,4.400000095367432,269800,False
AVAL,2020-10-30,4.449999809265137,4.539999961853027,4.440000057220459,4.539999961853027,4.440000057220459,92000,False
AVAL,2020-11-02,4.559999942779541,4.650000095367432,4.559999942779541,4.610000133514404,4.559999942779541,19000,False
AVAL,2020-11-03,4.650000095367432,4.710000038146973,4.610000133514404,4.644999980926514,4.610000133514404,105900,False
AVAL,2020-11-04,4.650000095367432,4.739999771118164,4.630000114440918,4.679999828338623,4.630000114440918,36200,False
AVAL,2020-11-05,4.659999847412109,4.820000171661377,4.659999847412109,4.820000171661377,4.659999847412109,660700,False
AVAL,2020-11-06,4.849999904632568,4.875999927520752,4.77400016784668,4.820000171661377,4.77400016784668,59100,False
AVAL,2020-11-09,4.949999809265137,5.15500020980835,4.949999809265137,5.010000228881836,4.949999809265137,195600,False
AVAL,2020-11-10,5.050000190734863,5.150000095367432,5.050000190734863,5.090000152587891,5.050000190734863,98300,False
AVAL,2020-11-11,5.099999904632568,5.179999828338623,5.090000152587891,5.119999885559082,5.090000152587891,35400,False
AVAL,2020-11-12,5.119999885559082,5.119999885559082,4.980000019073486,4.989999771118164,4.980000019073486,26500,False
AVAL,2020-11-13,5.010000228881836,5.070000171661377,4.985000133514404,4.989999771118164,4.985000133514404,138900,False
AVAL,2020-11-16,5.099999904632568,5.110000133514404,4.980000019073486,5.079999923706055,4.980000019073486,244200,False
AVAL,2020-11-17,5.03000020980835,5.099999904632568,5.0,5.010000228881836,5.0,489300,False
AVAL,2020-11-18,4.980000019073486,5.159999847412109,4.949999809265137,5.059999942779541,4.949999809265137,122700,False
AVAL,2020-11-19,5.099999904632568,5.179999828338623,5.050000190734863,5.059999942779541,5.050000190734863,115200,False
AVAL,2020-11-20,5.059999942779541,5.179999828338623,5.039999961853027,5.159999847412109,5.039999961853027,61300,False
AVAL,2020-11-23,5.199999809265137,5.400000095367432,5.199999809265137,5.389999866485596,5.199999809265137,205300,False
AVAL,2020-11-24,5.400000095367432,5.65500020980835,5.269999980926514,5.599999904632568,5.269999980926514,142600,False
AVAL,2020-11-25,5.539999961853027,5.610000133514404,5.489999771118164,5.5,5.489999771118164,103400,False
AVAL,2020-11-27,5.46999979019165,5.670000076293945,5.400000095367432,5.579999923706055,5.400000095367432,116500,False
AVAL,2020-11-30,5.610000133514404,5.670000076293945,5.53000020980835,5.670000076293945,5.53000020980835,117700,False
AVAL,2020-12-01,5.670000076293945,5.901000022888184,5.670000076293945,5.869999885559082,5.670000076293945,92000,False
AVAL,2020-12-02,5.900000095367432,6.072000026702881,5.880000114440918,6.039999961853027,5.880000114440918,207100,False
AVAL,2020-12-03,6.059999942779541,6.170000076293945,5.995999813079834,6.130000114440918,5.995999813079834,96900,False
AVAL,2020-12-04,6.21999979019165,6.429999828338623,6.150000095367432,6.389999866485596,6.150000095367432,224900,False
AVAL,2020-12-07,6.329999923706055,6.539999961853027,6.25,6.409999847412109,6.25,164800,False
AVAL,2020-12-08,6.340000152587891,6.440000057220459,6.340000152587891,6.409999847412109,6.340000152587891,74500,False
AVAL,2020-12-09,6.400000095367432,6.699999809265137,6.400000095367432,6.550000190734863,6.400000095367432,236000,False
AVAL,2020-12-10,6.539999961853027,6.739999771118164,6.539999961853027,6.670000076293945,6.539999961853027,168000,False
AVAL,2020-12-11,6.639999866485596,6.679999828338623,6.510000228881836,6.590000152587891,6.510000228881836,311200,False
AVAL,2020-12-14,6.590000152587891,6.679999828338623,6.590000152587891,6.679999828338623,6.590000152587891,700800,False
AVAL,2020-12-15,6.75,6.829999923706055,6.650000095367432,6.820000171661377,6.650000095367432,155600,False
AVAL,2020-12-16,6.800000190734863,6.940000057220459,6.789999961853027,6.920000076293945,6.789999961853027,184300,False
AVAL,2020-12-17,6.940000057220459,7.010000228881836,6.880000114440918,7.0,6.880000114440918,255900,False
AVAL,2020-12-18,7.0,7.03000020980835,6.965000152587891,6.989999771118164,6.965000152587891,48600,False
AVAL,2020-12-21,6.909999847412109,6.920000076293945,6.579999923706055,6.860000133514404,6.579999923706055,552600,False
AVAL,2020-12-22,6.849999904632568,6.875,6.715000152587891,6.809999942779541,6.715000152587891,157000,False
AVAL,2020-12-23,6.809999942779541,6.889999866485596,6.739999771118164,6.860000133514404,6.739999771118164,64700,False
AVAL,2020-12-24,6.860000133514404,6.880000114440918,6.769999980926514,6.860000133514404,6.769999980926514,38600,False
AVAL,2020-12-28,6.869999885559082,6.869999885559082,6.690000057220459,6.829999923706055,6.690000057220459,54600,False
AVAL,2020-12-29,6.809999942779541,6.980000019073486,6.769999980926514,6.920000076293945,6.769999980926514,118000,False
AVAL,2020-12-30,6.880000114440918,6.989999771118164,6.880000114440918,6.920000076293945,6.880000114440918,70800,False
AVAL,2020-12-31,6.889999866485596,6.889999866485596,6.826000213623047,6.880000114440918,6.826000213623047,38000,False
AVAL,2021-01-04,6.900000095367432,7.03000020980835,6.829999923706055,6.849999904632568,6.829999923706055,88800,False
AVAL,2021-01-05,6.869999885559082,6.869999885559082,6.599999904632568,6.679999828338623,6.599999904632568,75100,False
AVAL,2021-01-06,6.679999828338623,6.880000114440918,6.679999828338623,6.809999942779541,6.679999828338623,132200,False
AVAL,2021-01-07,6.789999961853027,6.889999866485596,6.75,6.78000020980835,6.75,89900,False
AVAL,2021-01-08,6.800000190734863,6.809999942779541,6.670000076293945,6.809999942779541,6.670000076293945,45400,False
AVAL,2021-01-11,6.78000020980835,6.78000020980835,6.460000038146973,6.579999923706055,6.460000038146973,128300,False
AVAL,2021-01-12,6.550000190734863,6.75,6.550000190734863,6.710000038146973,6.550000190734863,49600,False
AVAL,2021-01-13,6.710000038146973,6.710000038146973,6.610000133514404,6.670000076293945,6.610000133514404,31600,False
AVAL,2021-01-14,6.670000076293945,6.829999923706055,6.670000076293945,6.78000020980835,6.670000076293945,37400,False
AVAL,2021-01-15,6.730000019073486,6.739999771118164,6.630000114440918,6.690000057220459,6.630000114440918,40300,False
AVAL,2021-01-19,6.739999771118164,6.739999771118164,6.630000114440918,6.659999847412109,6.630000114440918,26400,False
AVAL,2021-01-20,6.639999866485596,6.900000095367432,6.590000152587891,6.71999979019165,6.590000152587891,67100,False
AVAL,2021-01-21,6.699999809265137,6.730000019073486,6.679999828338623,6.679999828338623,6.679999828338623,47200,False
AVAL,2021-01-22,6.639999866485596,6.639999866485596,6.489999771118164,6.590000152587891,6.489999771118164,45700,False
AVAL,2021-01-25,6.550000190734863,6.5980000495910645,6.389999866485596,6.579999923706055,6.389999866485596,298900,False
AVAL,2021-01-26,6.590000152587891,6.619999885559082,6.389999866485596,6.389999866485596,6.389999866485596,116700,False
AVAL,2021-01-27,6.360000133514404,6.400000095367432,6.230000019073486,6.320000171661377,6.230000019073486,94000,False
AVAL,2021-01-28,6.300000190734863,6.559999942779541,6.300000190734863,6.539999961853027,6.300000190734863,71300,False
AVAL,2021-01-29,6.53000020980835,6.559999942779541,6.400000095367432,6.409999847412109,6.400000095367432,69500,False
AVAL,2021-02-01,6.440000057220459,6.539999961853027,6.440000057220459,6.460000038146973,6.440000057220459,42900,False
AVAL,2021-02-02,6.460000038146973,6.690000057220459,6.460000038146973,6.639999866485596,6.460000038146973,25600,False
AVAL,2021-02-03,6.699999809265137,6.75,6.659999847412109,6.690000057220459,6.659999847412109,18100,False
AVAL,2021-02-04,6.699999809265137,6.699999809265137,6.599999904632568,6.679999828338623,6.599999904632568,30800,False
AVAL,2021-02-05,6.699999809265137,6.739999771118164,6.659999847412109,6.71999979019165,6.659999847412109,23100,False
AVAL,2021-02-08,6.800000190734863,6.800000190734863,6.739999771118164,6.789999961853027,6.739999771118164,101400,False
AVAL,2021-02-09,6.829999923706055,6.829999923706055,6.730000019073486,6.75,6.730000019073486,168500,False
AVAL,2021-02-10,6.800000190734863,6.894999980926514,6.75,6.760000228881836,6.75,81200,False
AVAL,2021-02-11,6.820000171661377,6.820000171661377,6.75,6.760000228881836,6.75,41300,False
AVAL,2021-02-12,6.789999961853027,6.840000152587891,6.75,6.820000171661377,6.75,50000,False
AVAL,2021-02-16,6.900000095367432,6.900000095367432,6.739999771118164,6.75,6.739999771118164,69000,False
AVAL,2021-02-17,6.789999961853027,6.789999961853027,6.639999866485596,6.679999828338623,6.639999866485596,97700,False
AVAL,2021-02-18,6.710000038146973,6.800000190734863,6.690000057220459,6.710000038146973,6.690000057220459,53400,False
AVAL,2021-02-19,6.800000190734863,6.800000190734863,6.639999866485596,6.679999828338623,6.639999866485596,40000,False
AVAL,2021-02-22,6.650000095367432,6.650000095367432,6.599999904632568,6.599999904632568,6.599999904632568,22800,False
AVAL,2021-02-23,6.610000133514404,6.639999866485596,6.559999942779541,6.570000171661377,6.559999942779541,42600,False
AVAL,2021-02-24,6.610000133514404,6.679999828338623,6.550000190734863,6.639999866485596,6.550000190734863,1195900,False
AVAL,2021-02-25,6.670000076293945,6.739999771118164,6.289999961853027,6.320000171661377,6.289999961853027,132900,False
AVAL,2021-02-26,6.320000171661377,6.5,6.230000019073486,6.28000020980835,6.230000019073486,173500,False
AVAL,2021-03-01,6.300000190734863,6.489999771118164,6.300000190734863,6.46999979019165,6.300000190734863,38500,False
AVAL,2021-03-02,6.440000057220459,6.460000038146973,6.349999904632568,6.349999904632568,6.349999904632568,34200,False
AVAL,2021-03-03,6.400000095367432,6.400000095367432,6.289999961853027,6.320000171661377,6.289999961853027,60400,False
AVAL,2021-03-04,6.340000152587891,6.400000095367432,6.25,6.300000190734863,6.25,95600,False
AVAL,2021-03-05,6.360000133514404,6.400000095367432,6.269999980926514,6.28000020980835,6.269999980926514,85100,False
AVAL,2021-03-08,6.320000171661377,6.349999904632568,6.210000038146973,6.260000228881836,6.210000038146973,95200,False
AVAL,2021-03-09,6.25,6.389999866485596,6.25,6.380000114440918,6.25,82200,False
AVAL,2021-03-10,6.440000057220459,6.519999980926514,6.400000095367432,6.519999980926514,6.400000095367432,205700,False
AVAL,2021-03-11,6.570000171661377,6.610000133514404,6.510000228881836,6.570000171661377,6.510000228881836,182600,False
AVAL,2021-03-12,6.610000133514404,6.61899995803833,6.440000057220459,6.449999809265137,6.440000057220459,43900,False
AVAL,2021-03-15,6.5,6.550000190734863,6.400000095367432,6.53000020980835,6.400000095367432,38300,False
AVAL,2021-03-16,6.53000020980835,6.599999904632568,6.449999809265137,6.5,6.449999809265137,136700,False
AVAL,2021-03-17,6.519999980926514,6.519999980926514,6.389999866485596,6.389999866485596,6.389999866485596,262500,False
AVAL,2021-03-18,6.380000114440918,6.442999839782715,6.329999923706055,6.329999923706055,6.329999923706055,110300,False
AVAL,2021-03-19,6.320000171661377,6.375,6.21999979019165,6.300000190734863,6.21999979019165,203200,False
AVAL,2021-03-22,6.340000152587891,6.340000152587891,6.050000190734863,6.210000038146973,6.050000190734863,187800,False
AVAL,2021-03-23,6.210000038146973,6.420000076293945,6.159999847412109,6.349999904632568,6.159999847412109,316300,False
AVAL,2021-03-24,6.400000095367432,6.440000057220459,6.300000190734863,6.320000171661377,6.300000190734863,54200,False
AVAL,2021-03-25,6.25,6.260000228881836,6.190000057220459,6.190000057220459,6.190000057220459,100400,False
AVAL,2021-03-26,6.239999771118164,6.28000020980835,6.21999979019165,6.269999980926514,6.21999979019165,144000,False
AVAL,2021-03-29,6.300000190734863,6.300000190734863,6.119999885559082,6.130000114440918,6.119999885559082,25400,False
AVAL,2021-03-30,6.130000114440918,6.210000038146973,6.079999923706055,6.210000038146973,6.079999923706055,77800,False
AVAL,2021-03-31,6.159999847412109,6.239999771118164,6.159999847412109,6.21999979019165,6.159999847412109,24400,False
AVAL,2021-04-01,6.190000057220459,6.230999946594238,6.130000114440918,6.159999847412109,6.130000114440918,27500,False
AVAL,2021-04-05,6.159999847412109,6.289999961853027,6.159999847412109,6.28000020980835,6.159999847412109,79100,False
AVAL,2021-04-06,6.21999979019165,6.360000133514404,6.21999979019165,6.309999942779541,6.21999979019165,45800,False
AVAL,2021-04-07,6.300000190734863,6.309999942779541,6.25,6.25,6.25,40700,False
AVAL,2021-04-08,6.25,6.349999904632568,6.25,6.340000152587891,6.25,138100,False
AVAL,2021-04-09,6.400000095367432,6.400000095367432,6.239999771118164,6.300000190734863,6.239999771118164,65500,False
AVAL,2021-04-12,6.300000190734863,6.300000190734863,6.170000076293945,6.179999828338623,6.170000076293945,36800,False
AVAL,2021-04-13,6.179999828338623,6.239999771118164,6.170000076293945,6.230000019073486,6.170000076293945,31800,False
AVAL,2021-04-14,6.340000152587891,6.340000152587891,6.199999809265137,6.269999980926514,6.199999809265137,122600,False
AVAL,2021-04-15,6.349999904632568,6.349999904632568,6.28000020980835,6.329999923706055,6.28000020980835,85100,False
AVAL,2021-04-16,6.320000171661377,6.414999961853027,6.320000171661377,6.400000095367432,6.320000171661377,37100,False
AVAL,2021-04-19,6.400000095367432,6.400000095367432,6.21999979019165,6.21999979019165,6.21999979019165,110700,False
AVAL,2021-04-20,6.21999979019165,6.300000190734863,6.159999847412109,6.269999980926514,6.159999847412109,240900,False
AVAL,2021-04-21,6.21999979019165,6.349999904632568,6.199999809265137,6.269999980926514,6.199999809265137,95400,False
AVAL,2021-04-22,6.239999771118164,6.309999942779541,6.21999979019165,6.269999980926514,6.21999979019165,28900,False
AVAL,2021-04-23,6.239999771118164,6.290999889373779,6.2179999351501465,6.25,6.2179999351501465,67200,False
AVAL,2021-04-26,6.210000038146973,6.28000020980835,6.199999809265137,6.269999980926514,6.199999809265137,92200,False
AVAL,2021-04-27,6.309999942779541,6.309999942779541,6.21999979019165,6.269999980926514,6.21999979019165,186700,False
AVAL,2021-04-28,6.239999771118164,6.264999866485596,6.099999904632568,6.139999866485596,6.099999904632568,462900,False
AVAL,2021-04-29,6.139999866485596,6.190000057220459,6.059999942779541,6.059999942779541,6.059999942779541,59500,False
AVAL,2021-04-30,6.059999942779541,6.059999942779541,5.889999866485596,5.920000076293945,5.889999866485596,75500,False
AVAL,2021-05-03,5.960000038146973,5.980000019073486,5.544000148773193,5.599999904632568,5.544000148773193,282900,False
AVAL,2021-05-04,5.75,5.840000152587891,5.329999923706055,5.380000114440918,5.329999923706055,145300,False
AVAL,2021-05-05,5.349999904632568,5.581999778747559,5.349999904632568,5.460000038146973,5.349999904632568,372900,False
AVAL,2021-05-06,5.449999809265137,5.644999980926514,5.449999809265137,5.559999942779541,5.449999809265137,212700,False
AVAL,2021-05-07,5.739999771118164,5.75,5.570000171661377,5.71999979019165,5.570000171661377,96800,False
AVAL,2021-05-10,5.769999980926514,5.980000019073486,5.71999979019165,5.96999979019165,5.71999979019165,65800,False
AVAL,2021-05-11,5.869999885559082,5.96999979019165,5.860000133514404,5.869999885559082,5.860000133514404,135200,False
AVAL,2021-05-12,5.849999904632568,5.900000095367432,5.769999980926514,5.800000190734863,5.769999980926514,125700,False
AVAL,2021-05-13,5.769999980926514,5.900000095367432,5.769999980926514,5.860000133514404,5.769999980926514,29700,False
AVAL,2021-05-14,5.929999828338623,6.019999980926514,5.860000133514404,6.010000228881836,5.860000133514404,40200,False
AVAL,2021-05-17,6.010000228881836,6.010000228881836,5.809999942779541,5.849999904632568,5.809999942779541,52400,False
AVAL,2021-05-18,5.900000095367432,6.010000228881836,5.800000190734863,5.889999866485596,5.800000190734863,71300,False
AVAL,2021-05-19,5.860000133514404,5.96999979019165,5.829999923706055,5.849999904632568,5.829999923706055,32900,False
AVAL,2021-05-20,5.840000152587891,5.840000152587891,5.570000171661377,5.809999942779541,5.570000171661377,170800,False
AVAL,2021-05-21,5.829999923706055,5.889999866485596,5.824999809265137,5.869999885559082,5.824999809265137,39500,False
AVAL,2021-05-24,5.889999866485596,5.889999866485596,5.75,5.769999980926514,5.75,22700,False
AVAL,2021-05-25,5.840000152587891,5.840000152587891,5.639999866485596,5.71999979019165,5.639999866485596,43900,False
AVAL,2021-05-26,5.760000228881836,5.760000228881836,5.610000133514404,5.699999809265137,5.610000133514404,26000,False
AVAL,2021-05-27,5.630000114440918,5.989999771118164,5.619999885559082,5.989999771118164,5.619999885559082,102900,False
AVAL,2021-05-28,5.869999885559082,5.869999885559082,5.769999980926514,5.78000020980835,5.769999980926514,51500,False
AVAL,2021-06-01,5.820000171661377,5.929999828338623,5.7820000648498535,5.869999885559082,5.7820000648498535,65300,False
AVAL,2021-06-02,5.869999885559082,5.965000152587891,5.840000152587891,5.889999866485596,5.840000152587891,46100,False
AVAL,2021-06-03,5.809999942779541,6.0,5.809999942779541,5.989999771118164,5.809999942779541,67300,False
AVAL,2021-06-04,6.0,6.170000076293945,5.920000076293945,6.03000020980835,5.920000076293945,65200,False
AVAL,2021-06-07,6.039999961853027,6.039999961853027,5.860000133514404,5.900000095367432,5.860000133514404,107100,False
AVAL,2021-06-08,5.940000057220459,5.980000019073486,5.900000095367432,5.909999847412109,5.900000095367432,90100,False
AVAL,2021-06-09,5.96999979019165,5.96999979019165,5.889999866485596,5.889999866485596,5.889999866485596,84700,False
AVAL,2021-06-10,5.900000095367432,5.980000019073486,5.889999866485596,5.889999866485596,5.889999866485596,25400,False
AVAL,2021-06-11,5.800000190734863,5.949999809265137,5.75,5.909999847412109,5.75,1480000,False
AVAL,2021-06-14,5.960000038146973,5.964000225067139,5.820000171661377,5.840000152587891,5.820000171661377,50000,False
AVAL,2021-06-15,5.849999904632568,5.849999904632568,5.699999809265137,5.849999904632568,5.699999809265137,377500,False
AVAL,2021-06-16,5.849999904632568,5.960000038146973,5.800000190734863,5.949999809265137,5.800000190734863,391700,False
AVAL,2021-06-17,5.940000057220459,5.988999843597412,5.769999980926514,5.800000190734863,5.769999980926514,226400,False
AVAL,2021-06-18,5.739999771118164,6.059999942779541,5.710000038146973,5.769999980926514,5.710000038146973,97900,False
AVAL,2021-06-21,5.739999771118164,5.809999942779541,5.71999979019165,5.71999979019165,5.71999979019165,109400,False
AVAL,2021-06-22,5.71999979019165,5.809999942779541,5.590000152587891,5.630000114440918,5.590000152587891,184000,False
AVAL,2021-06-23,5.659999847412109,5.840000152587891,5.659999847412109,5.71999979019165,5.659999847412109,99400,False
AVAL,2021-06-24,5.699999809265137,5.860000133514404,5.699999809265137,5.800000190734863,5.699999809265137,59200,False
AVAL,2021-06-25,5.880000114440918,5.909999847412109,5.769999980926514,5.909999847412109,5.769999980926514,84600,False
AVAL,2021-06-28,5.929999828338623,5.942999839782715,5.769999980926514,5.849999904632568,5.769999980926514,143400,False
AVAL,2021-06-29,5.829999923706055,5.860000133514404,5.679999828338623,5.679999828338623,5.679999828338623,49800,False
AVAL,2021-06-30,5.670000076293945,5.75,5.670000076293945,5.699999809265137,5.670000076293945,27500,False
AVAL,2021-07-01,5.699999809265137,5.760000228881836,5.650000095367432,5.659999847412109,5.650000095367432,32800,False
AVAL,2021-07-02,5.670000076293945,5.809999942779541,5.650000095367432,5.739999771118164,5.650000095367432,202400,False
AVAL,2021-07-06,5.769999980926514,5.769999980926514,5.650000095367432,5.679999828338623,5.650000095367432,111600,False
AVAL,2021-07-07,5.679999828338623,5.699999809265137,5.610000133514404,5.639999866485596,5.610000133514404,28000,False
AVAL,2021-07-08,5.570000171661377,5.659999847412109,5.540999889373779,5.619999885559082,5.540999889373779,100900,False
AVAL,2021-07-09,5.639999866485596,5.710000038146973,5.639999866485596,5.659999847412109,5.639999866485596,189600,False
AVAL,2021-07-12,5.650000095367432,5.769999980926514,5.639999866485596,5.769999980926514,5.639999866485596,70200,False
AVAL,2021-07-13,5.760000228881836,5.78000020980835,5.71999979019165,5.75,5.71999979019165,70100,False
AVAL,2021-07-14,5.75,5.789999961853027,5.71999979019165,5.730000019073486,5.71999979019165,150900,False
AVAL,2021-07-15,5.699999809265137,5.744999885559082,5.599999904632568,5.610000133514404,5.599999904632568,44100,False
AVAL,2021-07-16,5.650000095367432,5.679999828338623,5.559999942779541,5.559999942779541,5.559999942779541,30800,False
AVAL,2021-07-19,5.460000038146973,5.559999942779541,5.429999828338623,5.429999828338623,5.429999828338623,51300,False
AVAL,2021-07-20,5.480000019073486,5.539999961853027,5.429999828338623,5.489999771118164,5.429999828338623,24500,False
AVAL,2021-07-21,5.480000019073486,5.550000190734863,5.46999979019165,5.489999771118164,5.46999979019165,46700,False
AVAL,2021-07-22,5.489999771118164,5.510000228881836,5.199999809265137,5.309999942779541,5.199999809265137,120300,False
AVAL,2021-07-23,5.380000114440918,5.480000019073486,5.320000171661377,5.380000114440918,5.320000171661377,102000,False
AVAL,2021-07-26,5.380000114440918,5.409999847412109,5.329999923706055,5.369999885559082,5.329999923706055,45800,False
AVAL,2021-07-27,5.329999923706055,5.400000095367432,5.230000019073486,5.230000019073486,5.230000019073486,59700,False
AVAL,2021-07-28,5.28000020980835,5.369999885559082,5.25,5.289999961853027,5.25,68000,False
AVAL,2021-07-29,5.269999980926514,5.380000114440918,5.269999980926514,5.320000171661377,5.269999980926514,120900,False
AVAL,2021-07-30,5.320000171661377,5.320000171661377,5.21999979019165,5.21999979019165,5.21999979019165,27600,False
AVAL,2021-08-02,5.260000228881836,5.300000190734863,5.190000057220459,5.210000038146973,5.190000057220459,41700,False
AVAL,2021-08-03,5.230000019073486,5.260000228881836,5.150000095367432,5.159999847412109,5.150000095367432,97000,False
AVAL,2021-08-04,5.159999847412109,5.21999979019165,5.159999847412109,5.190000057220459,5.159999847412109,180000,False
AVAL,2021-08-05,5.349999904632568,5.349999904632568,5.170000076293945,5.179999828338623,5.170000076293945,65500,False
AVAL,2021-08-06,5.159999847412109,5.190000057220459,5.079999923706055,5.110000133514404,5.079999923706055,195000,False
AVAL,2021-08-09,5.110000133514404,5.150000095367432,5.070000171661377,5.150000095367432,5.070000171661377,47700,False
AVAL,2021-08-10,5.25,5.320000171661377,5.119999885559082,5.159999847412109,5.119999885559082,89900,False
AVAL,2021-08-11,5.210000038146973,5.210000038146973,5.144999980926514,5.179999828338623,5.144999980926514,365600,False
AVAL,2021-08-12,5.269999980926514,5.360000133514404,5.269999980926514,5.289999961853027,5.269999980926514,1233400,False
AVAL,2021-08-13,5.349999904632568,5.394999980926514,5.289999961853027,5.380000114440918,5.289999961853027,460200,False
AVAL,2021-08-16,5.369999885559082,5.610000133514404,5.369999885559082,5.449999809265137,5.369999885559082,210100,False
AVAL,2021-08-17,5.46999979019165,5.519999980926514,5.400000095367432,5.510000228881836,5.400000095367432,574100,False
AVAL,2021-08-18,5.510000228881836,5.710000038146973,5.510000228881836,5.690000057220459,5.510000228881836,436900,False
AVAL,2021-08-19,5.650000095367432,5.699999809265137,5.579999923706055,5.679999828338623,5.579999923706055,136000,False
AVAL,2021-08-20,5.710000038146973,5.739999771118164,5.679999828338623,5.71999979019165,5.679999828338623,669500,False
AVAL,2021-08-23,5.760000228881836,5.849999904632568,5.739999771118164,5.769999980926514,5.739999771118164,380600,False
AVAL,2021-08-24,5.800000190734863,5.914999961853027,5.78000020980835,5.849999904632568,5.78000020980835,547700,False
AVAL,2021-08-25,5.849999904632568,5.885000228881836,5.789999961853027,5.820000171661377,5.789999961853027,433200,False
AVAL,2021-08-26,5.849999904632568,5.853000164031982,5.760000228881836,5.760000228881836,5.760000228881836,212000,False
AVAL,2021-08-27,5.829999923706055,5.835000038146973,5.769999980926514,5.820000171661377,5.769999980926514,782000,False
AVAL,2021-08-30,5.849999904632568,5.869999885559082,5.809999942779541,5.840000152587891,5.809999942779541,154000,False
AVAL,2021-08-31,5.840000152587891,5.980000019073486,5.824999809265137,5.880000114440918,5.824999809265137,395700,False
AVAL,2021-09-01,5.880000114440918,5.980000019073486,5.880000114440918,5.940000057220459,5.880000114440918,280400,False
AVAL,2021-09-02,5.960000038146973,6.03000020980835,5.929999828338623,6.010000228881836,5.929999828338623,121700,False
AVAL,2021-09-03,6.03000020980835,6.03000020980835,5.909999847412109,5.960000038146973,5.909999847412109,45400,False
AVAL,2021-09-07,5.980000019073486,6.010000228881836,5.809999942779541,5.829999923706055,5.809999942779541,136900,False
AVAL,2021-09-08,5.829999923706055,5.84499979019165,5.78000020980835,5.809999942779541,5.78000020980835,84500,False
AVAL,2021-09-09,5.829999923706055,5.829999923706055,5.739999771118164,5.820000171661377,5.739999771118164,111900,False
AVAL,2021-09-10,5.809999942779541,5.829999923706055,5.739999771118164,5.769999980926514,5.739999771118164,101600,False
AVAL,2021-09-13,5.75,5.800000190734863,5.690000057220459,5.739999771118164,5.690000057220459,138800,False
AVAL,2021-09-14,5.730000019073486,5.760000228881836,5.5,5.730000019073486,5.5,120500,False
AVAL,2021-09-15,5.71999979019165,5.820000171661377,5.71999979019165,5.809999942779541,5.71999979019165,83200,False
AVAL,2021-09-16,5.769999980926514,5.820000171661377,5.739999771118164,5.789999961853027,5.739999771118164,95700,False
AVAL,2021-09-17,5.760000228881836,5.855999946594238,5.730000019073486,5.829999923706055,5.730000019073486,142500,False
AVAL,2021-09-20,5.760000228881836,5.763000011444092,5.650000095367432,5.690000057220459,5.650000095367432,262700,False
AVAL,2021-09-21,5.710000038146973,5.710000038146973,5.599999904632568,5.630000114440918,5.599999904632568,92400,False
AVAL,2021-09-22,5.639999866485596,5.699999809265137,5.639999866485596,5.679999828338623,5.639999866485596,33600,False
AVAL,2021-09-23,5.670000076293945,5.71999979019165,5.650000095367432,5.690000057220459,5.650000095367432,76800,False
AVAL,2021-09-24,5.659999847412109,5.71999979019165,5.630000114440918,5.710000038146973,5.630000114440918,293400,False
AVAL,2021-09-27,5.670000076293945,5.78000020980835,5.670000076293945,5.739999771118164,5.670000076293945,91800,False
AVAL,2021-09-28,5.739999771118164,5.820000171661377,5.710000038146973,5.739999771118164,5.710000038146973,168400,False
AVAL,2021-09-29,5.75,5.769999980926514,5.71999979019165,5.760000228881836,5.71999979019165,59600,False
AVAL,2021-09-30,5.75,5.809999942779541,5.75,5.78000020980835,5.75,74300,False
AVAL,2021-10-01,5.809999942779541,5.9039998054504395,5.809999942779541,5.869999885559082,5.809999942779541,212400,False
AVAL,2021-10-04,5.900000095367432,5.920000076293945,5.840000152587891,5.869999885559082,5.840000152587891,571300,False
AVAL,2021-10-05,5.869999885559082,5.929999828338623,5.820000171661377,5.929999828338623,5.820000171661377,372400,False
AVAL,2021-10-06,5.920000076293945,5.920000076293945,5.840000152587891,5.900000095367432,5.840000152587891,167200,False
AVAL,2021-10-07,5.940000057220459,6.039999961853027,5.880000114440918,5.989999771118164,5.880000114440918,74400,False
AVAL,2021-10-08,6.0,6.03000020980835,5.960000038146973,6.019999980926514,5.960000038146973,51600,False
AVAL,2021-10-11,6.010000228881836,6.070000171661377,5.989999771118164,5.989999771118164,5.989999771118164,97900,False
AVAL,2021-10-12,6.010000228881836,6.019999980926514,5.949999809265137,6.0,5.949999809265137,122500,False
AVAL,2021-10-13,5.989999771118164,6.0279998779296875,5.960000038146973,5.989999771118164,5.960000038146973,55700,False
AVAL,2021-10-14,6.019999980926514,6.019999980926514,5.965000152587891,5.980000019073486,5.965000152587891,57700,False
AVAL,2021-10-15,6.0,6.105000019073486,5.980000019073486,6.090000152587891,5.980000019073486,73100,False
AVAL,2021-10-18,6.099999904632568,6.119999885559082,5.949999809265137,5.949999809265137,5.949999809265137,57600,False
AVAL,2021-10-19,6.050000190734863,6.089000225067139,5.980000019073486,5.989999771118164,5.980000019073486,80300,False
AVAL,2021-10-20,6.070000171661377,6.070000171661377,5.989999771118164,6.019999980926514,5.989999771118164,128500,False
AVAL,2021-10-21,6.03000020980835,6.03000020980835,5.920000076293945,5.989999771118164,5.920000076293945,80400,False
AVAL,2021-10-22,6.019999980926514,6.019999980926514,5.949999809265137,5.980000019073486,5.949999809265137,55400,False
AVAL,2021-10-25,5.989999771118164,6.03000020980835,5.949999809265137,5.960000038146973,5.949999809265137,164600,False
AVAL,2021-10-26,5.989999771118164,6.099999904632568,5.985000133514404,6.090000152587891,5.985000133514404,170600,False
AVAL,2021-10-27,6.070000171661377,6.139999866485596,6.039999961853027,6.070000171661377,6.039999961853027,21300,False
AVAL,2021-10-28,6.050000190734863,6.150000095367432,6.050000190734863,6.099999904632568,6.050000190734863,74500,False
AVAL,2021-10-29,6.090000152587891,6.098999977111816,6.0,6.03000020980835,6.0,45100,False
AVAL,2021-11-01,6.0,6.079999923706055,6.0,6.03000020980835,6.0,52300,False
AVAL,2021-11-02,5.989999771118164,6.050000190734863,5.900000095367432,5.920000076293945,5.900000095367432,67300,False
AVAL,2021-11-03,5.900000095367432,6.0,5.900000095367432,5.980000019073486,5.900000095367432,33800,False
AVAL,2021-11-04,5.949999809265137,5.985000133514404,5.789999961853027,5.800000190734863,5.789999961853027,88600,False
AVAL,2021-11-05,5.800000190734863,5.880000114440918,5.800000190734863,5.829999923706055,5.800000190734863,54200,False
AVAL,2021-11-08,5.849999904632568,5.855999946594238,5.800000190734863,5.809999942779541,5.800000190734863,59500,False
AVAL,2021-11-09,5.809999942779541,5.849999904632568,5.739999771118164,5.789999961853027,5.739999771118164,58300,False
AVAL,2021-11-10,5.789999961853027,5.789999961853027,5.659999847412109,5.659999847412109,5.659999847412109,55700,False
AVAL,2021-11-11,5.690000057220459,5.730000019073486,5.610000133514404,5.610000133514404,5.610000133514404,134000,False
AVAL,2021-11-12,5.619999885559082,5.679999828338623,5.619999885559082,5.639999866485596,5.619999885559082,34600,False
AVAL,2021-11-15,5.639999866485596,5.639999866485596,5.449999809265137,5.53000020980835,5.449999809265137,126200,False
AVAL,2021-11-16,5.550000190734863,5.635000228881836,5.449999809265137,5.46999979019165,5.449999809265137,281700,False
AVAL,2021-11-17,5.480000019073486,5.5,5.349999904632568,5.420000076293945,5.349999904632568,120900,False
AVAL,2021-11-18,5.539999961853027,5.570000171661377,5.400000095367432,5.449999809265137,5.400000095367432,296000,False
AVAL,2021-11-19,5.400000095367432,5.449999809265137,5.329999923706055,5.329999923706055,5.329999923706055,262800,False
AVAL,2021-11-22,5.389999866485596,5.440000057220459,5.199999809265137,5.21999979019165,5.199999809265137,130100,False
AVAL,2021-11-23,5.269999980926514,5.289999961853027,5.170000076293945,5.179999828338623,5.170000076293945,95100,False
AVAL,2021-11-24,5.170000076293945,5.179999828338623,5.119999885559082,5.159999847412109,5.119999885559082,86500,False
AVAL,2021-11-26,5.150000095367432,5.170000076293945,5.079999923706055,5.159999847412109,5.079999923706055,77800,False
AVAL,2021-11-29,5.170000076293945,5.210000038146973,5.139999866485596,5.159999847412109,5.139999866485596,142800,False
AVAL,2021-11-30,5.139999866485596,5.349999904632568,5.099999904632568,5.340000152587891,5.099999904632568,243200,False
AVAL,2021-12-01,5.380000114440918,5.480000019073486,5.260000228881836,5.269999980926514,5.260000228881836,141100,False
AVAL,2021-12-02,5.300000190734863,5.400000095367432,5.289999961853027,5.369999885559082,5.289999961853027,118800,False
AVAL,2021-12-03,5.409999847412109,5.460000038146973,5.360000133514404,5.429999828338623,5.360000133514404,107400,False
AVAL,2021-12-06,5.5,5.570000171661377,5.380000114440918,5.5,5.380000114440918,85100,False
AVAL,2021-12-07,5.619999885559082,5.619999885559082,5.449999809265137,5.480000019073486,5.449999809265137,71800,False
AVAL,2021-12-08,5.480000019073486,5.480000019073486,5.360000133514404,5.400000095367432,5.360000133514404,56900,False
AVAL,2021-12-09,5.400000095367432,5.449999809265137,5.360000133514404,5.400000095367432,5.360000133514404,129000,False
AVAL,2021-12-10,5.420000076293945,5.420000076293945,5.329999923706055,5.380000114440918,5.329999923706055,45300,False
AVAL,2021-12-13,5.369999885559082,5.400000095367432,5.309999942779541,5.320000171661377,5.309999942779541,59300,False
AVAL,2021-12-14,5.300000190734863,5.34499979019165,5.170000076293945,5.199999809265137,5.170000076293945,132900,False
AVAL,2021-12-15,5.190000057220459,5.239999771118164,5.150000095367432,5.159999847412109,5.150000095367432,86600,False
AVAL,2021-12-16,5.190000057220459,5.429999828338623,5.179999828338623,5.340000152587891,5.179999828338623,143300,False
AVAL,2021-12-17,5.340000152587891,5.340000152587891,5.210000038146973,5.239999771118164,5.210000038146973,122500,False
AVAL,2021-12-20,5.179999828338623,5.179999828338623,5.079999923706055,5.110000133514404,5.079999923706055,141200,False
AVAL,2021-12-21,5.119999885559082,5.25,5.070000171661377,5.210000038146973,5.070000171661377,161300,False
AVAL,2021-12-22,5.110000133514404,5.230000019073486,5.110000133514404,5.179999828338623,5.110000133514404,62100,False
AVAL,2021-12-23,5.190000057220459,5.291999816894531,5.179999828338623,5.239999771118164,5.179999828338623,55400,False
AVAL,2021-12-27,5.28000020980835,5.28000020980835,5.2129998207092285,5.25,5.2129998207092285,50500,False
AVAL,2021-12-28,5.21999979019165,5.265999794006348,5.210000038146973,5.230000019073486,5.210000038146973,46800,False
AVAL,2021-12-29,5.260000228881836,5.269999980926514,5.190000057220459,5.199999809265137,5.190000057220459,39100,False
AVAL,2021-12-30,5.199999809265137,5.258999824523926,5.170000076293945,5.170000076293945,5.170000076293945,97600,False
AVAL,2021-12-31,5.199999809265137,5.210000038146973,5.070000171661377,5.110000133514404,5.070000171661377,63400,False
AVAL,2022-01-03,5.150000095367432,5.202000141143799,5.050000190734863,5.139999866485596,5.050000190734863,85500,False
AVAL,2022-01-04,5.199999809265137,5.21999979019165,5.119999885559082,5.190000057220459,5.119999885559082,38700,False
AVAL,2022-01-05,5.170000076293945,5.239999771118164,5.150000095367432,5.159999847412109,5.150000095367432,37100,False
AVAL,2022-01-06,5.28000020980835,5.28000020980835,5.079999923706055,5.130000114440918,5.079999923706055,88900,False
AVAL,2022-01-07,5.119999885559082,5.159999847412109,5.070000171661377,5.110000133514404,5.070000171661377,60200,False
AVAL,2022-01-10,5.139999866485596,5.139999866485596,5.070000171661377,5.099999904632568,5.070000171661377,73000,False
AVAL,2022-01-11,5.119999885559082,5.199999809265137,5.099999904632568,5.199999809265137,5.099999904632568,112100,False
AVAL,2022-01-12,5.190000057220459,5.269999980926514,5.190000057220459,5.260000228881836,5.190000057220459,130200,False
AVAL,2022-01-13,5.28000020980835,5.420000076293945,5.28000020980835,5.409999847412109,5.28000020980835,233700,False
AVAL,2022-01-14,5.429999828338623,5.429999828338623,5.309999942779541,5.389999866485596,5.309999942779541,84700,False
AVAL,2022-01-18,5.579999923706055,5.670000076293945,5.519999980926514,5.599999904632568,5.519999980926514,193400,False
AVAL,2022-01-19,5.590000152587891,5.679999828338623,5.590000152587891,5.670000076293945,5.590000152587891,58600,False
AVAL,2022-01-20,5.679999828338623,5.690000057220459,5.610000133514404,5.610000133514404,5.610000133514404,55400,False
AVAL,2022-01-21,5.619999885559082,5.630000114440918,5.519999980926514,5.579999923706055,5.519999980926514,76800,False
AVAL,2022-01-24,5.519999980926514,5.550000190734863,5.429999828338623,5.46999979019165,5.429999828338623,83600,False
AVAL,2022-01-25,5.429999828338623,5.539999961853027,5.429999828338623,5.510000228881836,5.429999828338623,129500,False
AVAL,2022-01-26,5.789999961853027,5.789999961853027,5.585000038146973,5.659999847412109,5.585000038146973,356500,False
AVAL,2022-01-27,5.639999866485596,5.670000076293945,5.599999904632568,5.599999904632568,5.599999904632568,93500,False
AVAL,2022-01-28,5.610000133514404,5.630000114440918,5.53000020980835,5.619999885559082,5.53000020980835,33300,False
AVAL,2022-01-31,5.605000019073486,5.758999824523926,5.590000152587891,5.699999809265137,5.590000152587891,168400,False
AVAL,2022-02-01,5.690000057220459,5.75,5.5,5.539999961853027,5.5,107700,False
AVAL,2022-02-02,5.599999904632568,5.619999885559082,5.53000020980835,5.599999904632568,5.53000020980835,29500,False
AVAL,2022-02-03,5.559999942779541,5.579999923706055,5.5,5.570000171661377,5.5,41500,False
AVAL,2022-02-04,5.579999923706055,5.579999923706055,5.5,5.53000020980835,5.5,26500,False
AVAL,2022-02-07,5.590000152587891,5.590000152587891,5.480000019073486,5.519999980926514,5.480000019073486,89900,False
AVAL,2022-02-08,5.5,5.510000228881836,5.46999979019165,5.510000228881836,5.46999979019165,46800,False
AVAL,2022-02-09,5.519999980926514,5.570000171661377,5.409999847412109,5.420000076293945,5.409999847412109,40400,False
AVAL,2022-02-10,5.409999847412109,5.550000190734863,5.409999847412109,5.440000057220459,5.409999847412109,51100,False
AVAL,2022-02-11,5.480000019073486,5.53000020980835,5.409999847412109,5.440000057220459,5.409999847412109,48100,False
AVAL,2022-02-14,5.409999847412109,5.440000057220459,5.309999942779541,5.329999923706055,5.309999942779541,38200,False
AVAL,2022-02-15,5.309999942779541,5.420000076293945,5.309999942779541,5.400000095367432,5.309999942779541,92400,False
AVAL,2022-02-16,5.360000133514404,5.510000228881836,5.340000152587891,5.46999979019165,5.340000152587891,51900,False
AVAL,2022-02-17,5.480000019073486,5.489999771118164,5.409999847412109,5.440000057220459,5.409999847412109,29100,False
AVAL,2022-02-18,5.409999847412109,5.489999771118164,5.380000114440918,5.429999828338623,5.380000114440918,39200,False
AVAL,2022-02-22,5.389999866485596,5.510000228881836,5.340000152587891,5.409999847412109,5.340000152587891,42900,False
AVAL,2022-02-23,5.400000095367432,5.5,5.400000095367432,5.440000057220459,5.400000095367432,36300,False
AVAL,2022-02-24,5.400000095367432,5.429999828338623,5.25,5.349999904632568,5.25,90900,False
AVAL,2022-02-25,5.349999904632568,5.460000038146973,5.349999904632568,5.449999809265137,5.349999904632568,45500,False
AVAL,2022-02-28,5.389999866485596,5.420000076293945,5.309999942779541,5.369999885559082,5.309999942779541,72100,False
AVAL,2022-03-01,5.360000133514404,5.420000076293945,5.320000171661377,5.320000171661377,5.320000171661377,89600,False
AVAL,2022-03-02,5.349999904632568,5.489999771118164,5.349999904632568,5.480000019073486,5.349999904632568,64200,False
AVAL,2022-03-03,5.5,5.75,5.5,5.710000038146973,5.5,108400,False
AVAL,2022-03-04,5.699999809265137,5.699999809265137,5.510000228881836,5.519999980926514,5.510000228881836,46100,False
AVAL,2022-03-07,5.53000020980835,5.559999942779541,5.429999828338623,5.460000038146973,5.429999828338623,35000,False
AVAL,2022-03-08,5.480000019073486,5.590000152587891,5.480000019073486,5.53000020980835,5.480000019073486,47200,False
AVAL,2022-03-09,5.610000133514404,5.630000114440918,5.53000020980835,5.550000190734863,5.53000020980835,45900,False
AVAL,2022-03-10,5.550000190734863,5.550000190734863,5.329999923706055,5.400000095367432,5.329999923706055,46300,False
AVAL,2022-03-11,5.389999866485596,5.429999828338623,5.349999904632568,5.400000095367432,5.349999904632568,51300,False
AVAL,2022-03-14,5.440000057220459,5.519999980926514,5.369999885559082,5.389999866485596,5.369999885559082,23100,False
AVAL,2022-03-15,5.389999866485596,5.389999866485596,5.269999980926514,5.340000152587891,5.269999980926514,48200,False
AVAL,2022-03-16,5.349999904632568,5.349999904632568,5.239999771118164,5.269999980926514,5.239999771118164,84700,False
AVAL,2022-03-17,5.300000190734863,5.353000164031982,5.210000038146973,5.239999771118164,5.210000038146973,78900,False
AVAL,2022-03-18,5.239999771118164,5.269999980926514,5.139999866485596,5.159999847412109,5.139999866485596,206800,False
AVAL,2022-03-21,5.130000114440918,5.210000038146973,5.130000114440918,5.159999847412109,5.130000114440918,35000,False
AVAL,2022-03-22,5.170000076293945,5.440000057220459,5.170000076293945,5.369999885559082,5.170000076293945,417700,False
AVAL,2022-03-23,5.300000190734863,5.460000038146973,5.300000190734863,5.400000095367432,5.300000190734863,247600,False
AVAL,2022-03-24,5.389999866485596,5.429999828338623,5.119999885559082,5.239999771118164,5.119999885559082,248900,False
AVAL,2022-03-25,5.239999771118164,5.297999858856201,5.199999809265137,5.28000020980835,5.199999809265137,29000,False
AVAL,2022-03-28,5.300000190734863,5.300000190734863,5.230000019073486,5.25,5.230000019073486,30700,False
AVAL,2022-03-29,5.260000228881836,5.28000020980835,4.429999828338623,4.579999923706055,4.429999828338623,1305800,True
AVAL,2022-03-30,4.489999771118164,4.699999809265137,4.440000057220459,4.590000152587891,4.440000057220459,513300,False
AVAL,2022-03-31,4.610000133514404,4.630000114440918,4.510000228881836,4.550000190734863,4.510000228881836,184900,False
AVAL,2022-04-01,4.550000190734863,4.619999885559082,4.5,4.619999885559082,4.5,116400,False
AVAL,2022-04-04,4.650000095367432,4.670000076293945,4.590000152587891,4.670000076293945,4.590000152587891,104900,False
AVAL,2022-04-05,4.679999828338623,4.679999828338623,4.559999942779541,4.579999923706055,4.559999942779541,74300,False
AVAL,2022-04-06,4.590000152587891,4.599999904632568,4.53000020980835,4.550000190734863,4.53000020980835,57300,False
AVAL,2022-04-07,4.510000228881836,4.570000171661377,4.460000038146973,4.559999942779541,4.460000038146973,262300,False
AVAL,2022-04-08,4.53000020980835,4.579999923706055,4.460000038146973,4.519999980926514,4.460000038146973,129900,False
AVAL,2022-04-11,4.570000171661377,4.579999923706055,4.489999771118164,4.53000020980835,4.489999771118164,135500,False
AVAL,2022-04-12,4.53000020980835,4.570000171661377,4.46999979019165,4.5,4.46999979019165,71100,False
AVAL,2022-04-13,4.460000038146973,4.46999979019165,4.429999828338623,4.449999809265137,4.429999828338623,74300,False
AVAL,2022-04-14,4.420000076293945,4.429999828338623,4.300000190734863,4.360000133514404,4.300000190734863,124700,False
AVAL,2022-04-18,4.380000114440918,4.480000019073486,4.380000114440918,4.380000114440918,4.380000114440918,101100,False
AVAL,2022-04-19,4.380000114440918,4.380000114440918,4.28000020980835,4.289999961853027,4.28000020980835,97100,False
AVAL,2022-04-20,4.289999961853027,4.368000030517578,4.210000038146973,4.300000190734863,4.210000038146973,89200,False
AVAL,2022-04-21,4.210000038146973,4.340000152587891,4.210000038146973,4.260000228881836,4.210000038146973,117500,False
AVAL,2022-04-22,4.239999771118164,4.25,4.184999942779541,4.199999809265137,4.184999942779541,467300,False
AVAL,2022-04-25,4.199999809265137,4.199999809265137,4.090000152587891,4.139999866485596,4.090000152587891,161500,False
AVAL,2022-04-26,4.119999885559082,4.199999809265137,4.099999904632568,4.159999847412109,4.099999904632568,157600,False
AVAL,2022-04-27,4.139999866485596,4.239999771118164,4.130000114440918,4.179999828338623,4.130000114440918,123800,False
AVAL,2022-04-28,4.210000038146973,4.21999979019165,4.150000095367432,4.190000057220459,4.150000095367432,54200,False
AVAL,2022-04-29,4.150000095367432,4.230000019073486,4.150000095367432,4.179999828338623,4.150000095367432,206500,False
AVAL,2022-05-02,4.190000057220459,4.190000057220459,4.070000171661377,4.079999923706055,4.070000171661377,43300,False
AVAL,2022-05-03,4.070000171661377,4.090000152587891,3.9700000286102295,4.050000190734863,3.9700000286102295,142200,False
AVAL,2022-05-04,4.070000171661377,4.079999923706055,4.019999980926514,4.019999980926514,4.019999980926514,162200,False
AVAL,2022-05-05,4.010000228881836,4.010000228881836,3.930000066757202,3.950000047683716,3.930000066757202,67100,False
AVAL,2022-05-06,3.930000066757202,4.019999980926514,3.930000066757202,3.9800000190734863,3.930000066757202,117000,False
AVAL,2022-05-09,3.9700000286102295,3.9700000286102295,3.859999895095825,3.859999895095825,3.859999895095825,137900,False
AVAL,2022-05-10,3.890000104904175,3.940000057220459,3.869999885559082,3.930000066757202,3.869999885559082,102800,False
AVAL,2022-05-11,3.9100000858306885,4.0,3.9100000858306885,3.940000057220459,3.9100000858306885,58500,False
AVAL,2022-05-12,3.9200000762939453,3.9800000190734863,3.890000104904175,3.940000057220459,3.890000104904175,100500,False
AVAL,2022-05-13,3.990000009536743,3.990000009536743,3.9200000762939453,3.950000047683716,3.9200000762939453,80700,False
AVAL,2022-05-16,3.940000057220459,4.03000020980835,3.940000057220459,4.010000228881836,3.940000057220459,421100,False
AVAL,2022-05-17,4.03000020980835,4.114999771118164,4.019999980926514,4.079999923706055,4.019999980926514,176100,False
AVAL,2022-05-18,4.070000171661377,4.119999885559082,3.9800000190734863,3.9800000190734863,3.9800000190734863,33600,False
AVAL,2022-05-19,4.03000020980835,4.034999847412109,3.9700000286102295,4.019999980926514,3.9700000286102295,49400,False
AVAL,2022-05-20,4.03000020980835,4.059999942779541,4.010000228881836,4.059999942779541,4.010000228881836,76500,False
AVAL,2022-05-23,4.099999904632568,4.110000133514404,4.019999980926514,4.059999942779541,4.019999980926514,73300,False
AVAL,2022-05-24,4.079999923706055,4.150000095367432,3.940000057220459,4.119999885559082,3.940000057220459,124900,False
AVAL,2022-05-25,4.119999885559082,4.119999885559082,3.9700000286102295,4.070000171661377,3.9700000286102295,86300,False
AVAL,2022-05-26,4.090000152587891,4.090000152587891,3.990000009536743,4.059999942779541,3.990000009536743,244800,False
AVAL,2022-05-27,4.090000152587891,4.320000171661377,4.0,4.230000019073486,4.0,431300,False
AVAL,2022-05-31,4.800000190734863,4.929999828338623,4.599999904632568,4.909999847412109,4.599999904632568,1062500,True
AVAL,2022-06-01,4.639999866485596,4.639999866485596,4.323999881744385,4.389999866485596,4.323999881744385,192300,True
AVAL,2022-06-02,4.400000095367432,4.519999980926514,4.349999904632568,4.510000228881836,4.349999904632568,194300,False
AVAL,2022-06-03,4.5,4.5,4.440000057220459,4.480000019073486,4.440000057220459,87300,False
AVAL,2022-06-06,4.420000076293945,4.489999771118164,4.380000114440918,4.429999828338623,4.380000114440918,112700,False
AVAL,2022-06-07,4.449999809265137,4.559999942779541,4.431000232696533,4.53000020980835,4.431000232696533,140900,False
AVAL,2022-06-08,4.579999923706055,4.598999977111816,4.389999866485596,4.420000076293945,4.389999866485596,147300,False
AVAL,2022-06-09,4.429999828338623,4.429999828338623,4.285999774932861,4.289999961853027,4.285999774932861,36300,False
AVAL,2022-06-10,4.25,4.284999847412109,4.179999828338623,4.199999809265137,4.179999828338623,67900,False
AVAL,2022-06-13,4.150000095367432,4.1539998054504395,3.9830000400543213,4.079999923706055,3.9830000400543213,83100,False
AVAL,2022-06-14,4.139999866485596,4.139999866485596,4.010000228881836,4.050000190734863,4.010000228881836,53000,False
AVAL,2022-06-15,4.010000228881836,4.170000076293945,4.010000228881836,4.150000095367432,4.010000228881836,64400,False
AVAL,2022-06-16,4.070000171661377,4.070000171661377,3.869999885559082,4.039999961853027,3.869999885559082,113700,False
AVAL,2022-06-17,4.0,4.068999767303467,3.9800000190734863,4.010000228881836,3.9800000190734863,110600,False
AVAL,2022-06-21,3.7699999809265137,3.930000066757202,3.5999999046325684,3.8299999237060547,3.5999999046325684,308700,False
AVAL,2022-06-22,3.819999933242798,3.880000114440918,3.7899999618530273,3.8299999237060547,3.7899999618530273,46900,False
AVAL,2022-06-23,3.859999895095825,3.859999895095825,3.559999942779541,3.5999999046325684,3.559999942779541,196300,False
AVAL,2022-06-24,3.640000104904175,3.7200000286102295,3.549999952316284,3.700000047683716,3.549999952316284,115000,False
AVAL,2022-06-27,3.680000066757202,3.7899999618530273,3.640000104904175,3.700000047683716,3.640000104904175,59500,False
AVAL,2022-06-28,3.700000047683716,3.7799999713897705,3.640000104904175,3.640000104904175,3.640000104904175,78000,False
AVAL,2022-06-29,3.6700000762939453,3.690000057220459,3.5,3.5399999618530273,3.5,245800,False
AVAL,2022-06-30,3.5399999618530273,3.63100004196167,3.5299999713897705,3.549999952316284,3.5299999713897705,126600,False
AVAL,2022-07-01,3.569999933242798,3.569999933242798,3.4700000286102295,3.5299999713897705,3.4700000286102295,91600,False
AVAL,2022-07-05,3.490000009536743,3.559999942779541,3.440000057220459,3.5399999618530273,3.440000057220459,70800,False
AVAL,2022-07-06,3.4800000190734863,3.5399999618530273,3.4000000953674316,3.4700000286102295,3.4000000953674316,86200,False
AVAL,2022-07-07,3.490000009536743,3.559999942779541,3.450000047683716,3.4700000286102295,3.450000047683716,48200,False
AVAL,2022-07-08,3.4800000190734863,3.5179998874664307,3.430000066757202,3.450000047683716,3.430000066757202,75000,False
AVAL,2022-07-11,3.4600000381469727,3.5899999141693115,3.380000114440918,3.5299999713897705,3.380000114440918,321000,False
AVAL,2022-07-12,3.4700000286102295,3.4700000286102295,3.3399999141693115,3.390000104904175,3.3399999141693115,116500,False
AVAL,2022-07-13,3.4100000858306885,3.4100000858306885,3.2899999618530273,3.3499999046325684,3.2899999618530273,100500,False
AVAL,2022-07-14,3.3299999237060547,3.3299999237060547,3.240000009536743,3.259999990463257,3.240000009536743,95600,False
AVAL,2022-07-15,3.2899999618530273,3.359999895095825,3.2699999809265137,3.309999942779541,3.2699999809265137,49200,False
AVAL,2022-07-18,3.359999895095825,3.490000009536743,3.359999895095825,3.390000104904175,3.359999895095825,47700,False
AVAL,2022-07-19,3.4100000858306885,3.4700000286102295,3.365000009536743,3.440000057220459,3.365000009536743,97200,False
AVAL,2022-07-20,3.4800000190734863,3.630000114440918,3.380000114440918,3.569999933242798,3.380000114440918,276500,False
AVAL,2022-07-21,3.569999933242798,3.569999933242798,3.3959999084472656,3.490000009536743,3.3959999084472656,222000,False
AVAL,2022-07-22,3.5299999713897705,3.5299999713897705,3.359999895095825,3.430000066757202,3.359999895095825,184600,False
AVAL,2022-07-25,3.450000047683716,3.4800000190734863,3.319999933242798,3.4600000381469727,3.319999933242798,117700,False
AVAL,2022-07-26,3.450000047683716,3.5199999809265137,3.440000057220459,3.509999990463257,3.440000057220459,105600,False
AVAL,2022-07-27,3.549999952316284,3.549999952316284,3.450000047683716,3.5,3.450000047683716,55600,False
AVAL,2022-07-28,3.5399999618530273,3.5799999237060547,3.450000047683716,3.5799999237060547,3.450000047683716,60200,False
AVAL,2022-07-29,3.5899999141693115,3.619999885559082,3.5199999809265137,3.569999933242798,3.5199999809265137,53300,False
AVAL,2022-08-01,3.559999942779541,3.5810000896453857,3.430000066757202,3.5,3.430000066757202,104800,False
AVAL,2022-08-02,3.5299999713897705,3.5299999713897705,3.4000000953674316,3.440000057220459,3.4000000953674316,65800,False
AVAL,2022-08-03,3.490000009536743,3.490000009536743,3.3499999046325684,3.4200000762939453,3.3499999046325684,60100,False
AVAL,2022-08-04,3.390000104904175,3.4600000381469727,3.359999895095825,3.390000104904175,3.359999895095825,74900,False
AVAL,2022-08-05,3.4200000762939453,3.4200000762939453,3.3499999046325684,3.4000000953674316,3.3499999046325684,21900,False
AVAL,2022-08-08,3.450000047683716,3.5799999237060547,3.427000045776367,3.559999942779541,3.427000045776367,63000,False
AVAL,2022-08-09,3.509999990463257,3.630000114440918,3.509999990463257,3.5399999618530273,3.509999990463257,41100,False
AVAL,2022-08-10,3.549999952316284,3.630000114440918,3.5399999618530273,3.630000114440918,3.5399999618530273,41200,False
AVAL,2022-08-11,3.680000066757202,3.700000047683716,3.5199999809265137,3.5799999237060547,3.5199999809265137,48800,False
AVAL,2022-08-12,3.630000114440918,3.630000114440918,3.369999885559082,3.5,3.369999885559082,303200,False
AVAL,2022-08-15,3.430000066757202,3.549999952316284,3.0999999046325684,3.359999895095825,3.0999999046325684,262800,False
AVAL,2022-08-16,3.3299999237060547,3.4800000190734863,3.299999952316284,3.3499999046325684,3.299999952316284,419100,False
AVAL,2022-08-17,3.299999952316284,3.390000104904175,3.2799999713897705,3.390000104904175,3.2799999713897705,115600,False
AVAL,2022-08-18,3.4000000953674316,3.4000000953674316,3.299999952316284,3.369999885559082,3.299999952316284,63100,False
AVAL,2022-08-19,3.369999885559082,3.4100000858306885,3.25,3.3499999046325684,3.25,100200,False
AVAL,2022-08-22,3.3299999237060547,3.3299999237060547,3.200000047683716,3.25,3.200000047683716,52100,False
AVAL,2022-08-23,3.2699999809265137,3.2899999618530273,3.200000047683716,3.2699999809265137,3.200000047683716,54300,False
AVAL,2022-08-24,3.25,3.2699999809265137,3.200000047683716,3.200000047683716,3.200000047683716,53300,False
AVAL,2022-08-25,3.200000047683716,3.2899999618530273,3.0999999046325684,3.0999999046325684,3.0999999046325684,185200,False
AVAL,2022-08-26,3.180000066757202,3.180000066757202,3.059999942779541,3.0999999046325684,3.059999942779541,100100,False
AVAL,2022-08-29,3.0799999237060547,3.1500000953674316,3.0399999618530273,3.0899999141693115,3.0399999618530273,181500,False
AVAL,2022-08-30,3.0999999046325684,3.119999885559082,2.9800000190734863,3.0299999713897705,2.9800000190734863,104000,False
AVAL,2022-08-31,3.059999942779541,3.059999942779541,2.9000000953674316,2.9100000858306885,2.9000000953674316,123200,False
AVAL,2022-09-01,2.930000066757202,2.9800000190734863,2.8399999141693115,2.880000114440918,2.8399999141693115,73700,False
AVAL,2022-09-02,2.880000114440918,2.940000057220459,2.819999933242798,2.9000000953674316,2.819999933242798,129600,False
AVAL,2022-09-06,2.9000000953674316,2.950000047683716,2.8299999237060547,2.930000066757202,2.8299999237060547,242700,False
AVAL,2022-09-07,2.930000066757202,2.990000009536743,2.8499999046325684,2.930000066757202,2.8499999046325684,164800,False
AVAL,2022-09-08,2.930000066757202,2.934999942779541,2.819999933242798,2.819999933242798,2.819999933242798,423200,False
AVAL,2022-09-09,2.859999895095825,2.9749999046325684,2.8399999141693115,2.950000047683716,2.8399999141693115,102800,False
AVAL,2022-09-12,2.9800000190734863,3.0220000743865967,2.890000104904175,2.9700000286102295,2.890000104904175,135600,False
AVAL,2022-09-13,2.9700000286102295,2.9700000286102295,2.8499999046325684,2.890000104904175,2.8499999046325684,47800,False
AVAL,2022-09-14,2.9100000858306885,2.9100000858306885,2.809999942779541,2.8299999237060547,2.809999942779541,53900,False
AVAL,2022-09-15,2.809999942779541,2.9200000762939453,2.7899999618530273,2.819999933242798,2.7899999618530273,67800,False
AVAL,2022-09-16,2.809999942779541,2.869999885559082,2.75,2.8399999141693115,2.75,93400,False
AVAL,2022-09-19,2.8299999237060547,2.940000057220459,2.8299999237060547,2.940000057220459,2.8299999237060547,76300,False
AVAL,2022-09-20,2.9100000858306885,2.940000057220459,2.8499999046325684,2.9000000953674316,2.8499999046325684,130100,False
AVAL,2022-09-21,2.9200000762939453,2.9800000190734863,2.9100000858306885,2.9600000381469727,2.9100000858306885,71100,False
AVAL,2022-09-22,2.940000057220459,2.9800000190734863,2.819999933242798,2.930000066757202,2.819999933242798,161100,False
AVAL,2022-09-23,2.9000000953674316,2.9000000953674316,2.700000047683716,2.700000047683716,2.700000047683716,175200,True
AVAL,2022-09-26,2.680000066757202,2.740000009536743,2.5899999141693115,2.5899999141693115,2.5899999141693115,127200,False
AVAL,2022-09-27,2.609999895095825,2.6519999504089355,2.569999933242798,2.630000114440918,2.569999933242798,63900,False
AVAL,2022-09-28,2.6600000858306885,2.6600000858306885,2.569999933242798,2.630000114440918,2.569999933242798,199700,False
AVAL,2022-09-29,2.619999885559082,2.6600000858306885,2.515000104904175,2.559999942779541,2.515000104904175,108700,False
AVAL,2022-09-30,2.5399999618530273,2.618000030517578,2.430000066757202,2.4600000381469727,2.430000066757202,100200,False
AVAL,2022-10-03,2.5,2.609999895095825,2.5,2.5999999046325684,2.5,61600,False
AVAL,2022-10-04,2.5999999046325684,2.7100000381469727,2.5999999046325684,2.6700000762939453,2.5999999046325684,169000,False
AVAL,2022-10-05,2.619999885559082,2.6700000762939453,2.5999999046325684,2.619999885559082,2.5999999046325684,47000,False
AVAL,2022-10-06,2.5999999046325684,2.609999895095825,2.5199999809265137,2.5399999618530273,2.5199999809265137,121200,False
AVAL,2022-10-07,2.509999990463257,2.559999942779541,2.4600000381469727,2.4800000190734863,2.4600000381469727,122200,False
AVAL,2022-10-10,2.490000009536743,2.5399999618530273,2.430999994277954,2.440000057220459,2.430999994277954,77000,False
AVAL,2022-10-11,2.440000057220459,2.4590001106262207,2.390000104904175,2.4000000953674316,2.390000104904175,44100,False
AVAL,2022-10-12,2.4100000858306885,2.490000009536743,2.359999895095825,2.359999895095825,2.359999895095825,47200,False
AVAL,2022-10-13,2.3499999046325684,2.440000057220459,2.3299999237060547,2.4000000953674316,2.3299999237060547,90100,False
AVAL,2022-10-14,2.4000000953674316,2.4100000858306885,2.299999952316284,2.359999895095825,2.299999952316284,43500,False
AVAL,2022-10-17,2.380000114440918,2.490000009536743,2.3559999465942383,2.430000066757202,2.3559999465942383,173000,False
AVAL,2022-10-18,2.4600000381469727,2.4700000286102295,2.359999895095825,2.384999990463257,2.359999895095825,170000,False
AVAL,2022-10-19,2.390000104904175,2.4100000858306885,2.3299999237060547,2.390000104904175,2.3299999237060547,33900,False
AVAL,2022-10-20,2.369999885559082,2.380000114440918,2.309999942779541,2.3499999046325684,2.309999942779541,82500,False
AVAL,2022-10-21,2.359999895095825,2.359999895095825,2.2899999618530273,2.299999952316284,2.2899999618530273,118300,False
AVAL,2022-10-24,2.309999942779541,2.3380000591278076,2.2300000190734863,2.2899999618530273,2.2300000190734863,129300,False
AVAL,2022-10-25,2.299999952316284,2.299999952316284,2.240000009536743,2.25,2.240000009536743,130800,False
AVAL,2022-10-26,2.2799999713897705,2.3499999046325684,2.2699999809265137,2.309999942779541,2.2699999809265137,55400,False
AVAL,2022-10-27,2.369999885559082,2.369999885559082,2.2300000190734863,2.240000009536743,2.2300000190734863,179700,False
AVAL,2022-10-28,2.2200000286102295,2.265000104904175,2.200000047683716,2.2300000190734863,2.200000047683716,226100,False
AVAL,2022-10-31,2.259999990463257,2.2890000343322754,2.1600000858306885,2.2200000286102295,2.1600000858306885,197600,False
AVAL,2022-11-01,2.25,2.2899999618530273,2.180000066757202,2.190000057220459,2.180000066757202,144200,False
AVAL,2022-11-02,2.200000047683716,2.2200000286102295,2.069999933242798,2.140000104904175,2.069999933242798,278800,False
AVAL,2022-11-03,2.0399999618530273,2.1600000858306885,1.9600000381469727,2.109999895095825,1.9600000381469727,192900,False
AVAL,2022-11-04,2.140000104904175,2.1610000133514404,2.0799999237060547,2.0799999237060547,2.0799999237060547,152400,False
AVAL,2022-11-07,2.119999885559082,2.1700000762939453,2.0899999141693115,2.140000104904175,2.0899999141693115,264500,False
AVAL,2022-11-08,2.1500000953674316,2.190000057220459,2.130000114440918,2.180000066757202,2.130000114440918,209200,False
AVAL,2022-11-09,2.180000066757202,2.2200000286102295,2.1700000762939453,2.2100000381469727,2.1700000762939453,89800,False
AVAL,2022-11-10,2.240000009536743,2.2899999618530273,2.2100000381469727,2.2100000381469727,2.2100000381469727,285700,False
AVAL,2022-11-11,2.25,2.3399999141693115,2.240999937057495,2.319999933242798,2.240999937057495,131100,False
AVAL,2022-11-14,2.359999895095825,2.359999895095825,2.2300000190734863,2.309999942779541,2.2300000190734863,106100,False
AVAL,2022-11-15,2.4100000858306885,2.4100000858306885,2.3010001182556152,2.309999942779541,2.3010001182556152,209700,False
AVAL,2022-11-16,2.369999885559082,2.369999885559082,2.240000009536743,2.2799999713897705,2.240000009536743,95300,False
AVAL,2022-11-17,2.259999990463257,2.259999990463257,2.109999895095825,2.109999895095825,2.109999895095825,190500,True
AVAL,2022-11-18,2.0999999046325684,2.1700000762939453,2.0899999141693115,2.1500000953674316,2.0899999141693115,133400,False
AVAL,2022-11-21,2.1700000762939453,2.200000047683716,2.119999885559082,2.1700000762939453,2.119999885559082,162400,False
AVAL,2022-11-22,2.1500000953674316,2.3399999141693115,2.1500000953674316,2.299999952316284,2.1500000953674316,144400,False
AVAL,2022-11-23,2.299999952316284,2.4000000953674316,2.2890000343322754,2.359999895095825,2.2890000343322754,70000,False
AVAL,2022-11-25,2.390000104904175,2.390000104904175,2.309999942779541,2.359999895095825,2.309999942779541,32000,False
AVAL,2022-11-28,2.319999933242798,2.3980000019073486,2.2300000190734863,2.2300000190734863,2.2300000190734863,119800,False
AVAL,2022-11-29,2.240000009536743,2.3299999237060547,2.240000009536743,2.3299999237060547,2.240000009536743,97600,False
AVAL,2022-11-30,2.3299999237060547,2.369999885559082,2.309999942779541,2.3499999046325684,2.309999942779541,76300,False
AVAL,2022-12-01,2.369999885559082,2.390000104904175,2.2799999713897705,2.299999952316284,2.2799999713897705,87300,False
AVAL,2022-12-02,2.2799999713897705,2.3399999141693115,2.259999990463257,2.3299999237060547,2.259999990463257,65000,False
AVAL,2022-12-05,2.3299999237060547,2.3299999237060547,2.180000066757202,2.240000009536743,2.180000066757202,108400,False
AVAL,2022-12-06,2.240000009536743,2.2799999713897705,2.1500000953674316,2.240000009536743,2.1500000953674316,89400,False
AVAL,2022-12-07,2.240000009536743,2.369999885559082,2.240000009536743,2.2699999809265137,2.240000009536743,125200,False
AVAL,2022-12-08,2.299999952316284,2.319999933242798,2.1500000953674316,2.2699999809265137,2.1500000953674316,155600,False
AVAL,2022-12-09,2.2699999809265137,2.3499999046325684,2.259999990463257,2.3499999046325684,2.259999990463257,144800,False
AVAL,2022-12-12,2.4000000953674316,2.4000000953674316,2.2699999809265137,2.3299999237060547,2.2699999809265137,139600,False
AVAL,2022-12-13,2.3299999237060547,2.369999885559082,2.2960000038146973,2.319999933242798,2.2960000038146973,95100,False
AVAL,2022-12-14,2.309999942779541,2.369999885559082,2.2899999618530273,2.3299999237060547,2.2899999618530273,204000,False
AVAL,2022-12-15,2.299999952316284,2.3380000591278076,2.259999990463257,2.309999942779541,2.259999990463257,105800,False
AVAL,2022-12-16,2.299999952316284,2.3399999141693115,2.190000057220459,2.200000047683716,2.190000057220459,234100,False
AVAL,2022-12-19,2.2100000381469727,2.299999952316284,2.1700000762939453,2.2100000381469727,2.1700000762939453,129200,False
AVAL,2022-12-20,2.2300000190734863,2.319999933242798,2.2300000190734863,2.299999952316284,2.2300000190734863,103100,False
AVAL,2022-12-21,2.299999952316284,2.3499999046325684,2.2899999618530273,2.319999933242798,2.2899999618530273,188500,False
AVAL,2022-12-22,2.299999952316284,2.3499999046325684,2.299999952316284,2.309999942779541,2.299999952316284,89200,False
AVAL,2022-12-23,2.2799999713897705,2.359999895095825,2.2799999713897705,2.3299999237060547,2.2799999713897705,57800,False
AVAL,2022-12-27,2.3399999141693115,2.390000104904175,2.309999942779541,2.369999885559082,2.309999942779541,78800,False
AVAL,2022-12-28,2.359999895095825,2.430999994277954,2.319999933242798,2.359999895095825,2.319999933242798,185900,False
AVAL,2022-12-29,2.369999885559082,2.559999942779541,2.3399999141693115,2.4000000953674316,2.3399999141693115,708300,False
AVAL,2022-12-30,2.380000114440918,2.559999942779541,2.380000114440918,2.5299999713897705,2.380000114440918,150200,False
AVAL,2023-01-03,2.559999942779541,2.559999942779541,2.4000000953674316,2.440000057220459,2.4000000953674316,241500,False
AVAL,2023-01-04,2.440000057220459,2.4700000286102295,2.390000104904175,2.450000047683716,2.390000104904175,159800,False
AVAL,2023-01-05,2.4200000762939453,2.430000066757202,2.3499999046325684,2.390000104904175,2.3499999046325684,73900,False
AVAL,2023-01-06,2.4100000858306885,2.4100000858306885,2.3499999046325684,2.369999885559082,2.3499999046325684,67100,False
AVAL,2023-01-09,2.380000114440918,2.390000104904175,2.3299999237060547,2.3499999046325684,2.3299999237060547,113800,False
AVAL,2023-01-10,2.2899999618530273,2.4000000953674316,2.2899999618530273,2.380000114440918,2.2899999618530273,87300,False
AVAL,2023-01-11,2.4000000953674316,2.4200000762939453,2.359999895095825,2.380000114440918,2.359999895095825,67600,False
AVAL,2023-01-12,2.380000114440918,2.4700000286102295,2.380000114440918,2.450000047683716,2.380000114440918,117100,False
AVAL,2023-01-13,2.450000047683716,2.5,2.450000047683716,2.4600000381469727,2.450000047683716,64000,False
AVAL,2023-01-17,2.509999990463257,2.5399999618530273,2.390000104904175,2.4000000953674316,2.390000104904175,106600,False
AVAL,2023-01-18,2.4100000858306885,2.5,2.4100000858306885,2.450000047683716,2.4100000858306885,119700,False
AVAL,2023-01-19,2.440000057220459,2.450000047683716,2.3499999046325684,2.369999885559082,2.3499999046325684,87300,False
AVAL,2023-01-20,2.390000104904175,2.5,2.390000104904175,2.490000009536743,2.390000104904175,105300,False
AVAL,2023-01-23,2.5199999809265137,2.634999990463257,2.5199999809265137,2.5899999141693115,2.5199999809265137,188100,False
AVAL,2023-01-24,2.6500000953674316,2.6500000953674316,2.5299999713897705,2.5399999618530273,2.5299999713897705,99100,False
AVAL,2023-01-25,2.5299999713897705,2.609999895095825,2.4800000190734863,2.559999942779541,2.4800000190734863,144700,False
AVAL,2023-01-26,2.5999999046325684,2.5999999046325684,2.502000093460083,2.549999952316284,2.502000093460083,259600,False
AVAL,2023-01-27,2.549999952316284,2.5850000381469727,2.5,2.5299999713897705,2.5,54900,False
AVAL,2023-01-30,2.5199999809265137,2.549999952316284,2.4700000286102295,2.4800000190734863,2.4700000286102295,74200,False
AVAL,2023-01-31,2.5,2.559999942779541,2.369999885559082,2.4200000762939453,2.369999885559082,265500,False
AVAL,2023-02-01,2.430000066757202,2.4800000190734863,2.4000000953674316,2.4800000190734863,2.4000000953674316,87600,False
AVAL,2023-02-02,2.5,2.5,2.380000114440918,2.4000000953674316,2.380000114440918,154000,False
AVAL,2023-02-03,2.430000066757202,2.440000057220459,2.359999895095825,2.4200000762939453,2.359999895095825,155700,False
AVAL,2023-02-06,2.4000000953674316,2.430000066757202,2.359999895095825,2.4100000858306885,2.359999895095825,80500,False
AVAL,2023-02-07,2.440000057220459,2.450000047683716,2.390000104904175,2.430000066757202,2.390000104904175,73500,False
AVAL,2023-02-08,2.4200000762939453,2.4649999141693115,2.390000104904175,2.450000047683716,2.390000104904175,123000,False
AVAL,2023-02-09,2.450000047683716,2.450000047683716,2.380000114440918,2.4000000953674316,2.380000114440918,136800,False
AVAL,2023-02-10,2.430000066757202,2.440000057220459,2.3889999389648438,2.4200000762939453,2.3889999389648438,59200,False
AVAL,2023-02-13,2.430000066757202,2.450000047683716,2.36899995803833,2.430000066757202,2.36899995803833,161800,False
AVAL,2023-02-14,2.390000104904175,2.4200000762939453,2.369999885559082,2.380000114440918,2.369999885559082,107200,False
AVAL,2023-02-15,2.4000000953674316,2.4000000953674316,2.319999933242798,2.3399999141693115,2.319999933242798,110700,False
AVAL,2023-02-16,2.3499999046325684,2.3499999046325684,2.299999952316284,2.3399999141693115,2.299999952316284,98400,False
AVAL,2023-02-17,2.3299999237060547,2.3499999046325684,2.305000066757202,2.3399999141693115,2.305000066757202,58400,False
AVAL,2023-02-21,2.319999933242798,2.319999933242798,2.240000009536743,2.299999952316284,2.240000009536743,172000,False
AVAL,2023-02-22,2.299999952316284,2.309999942779541,2.240000009536743,2.309999942779541,2.240000009536743,52500,False
AVAL,2023-02-23,2.3399999141693115,2.3399999141693115,2.2799999713897705,2.309999942779541,2.2799999713897705,76800,False
AVAL,2023-02-24,2.299999952316284,2.309999942779541,2.25,2.309999942779541,2.25,55400,False
AVAL,2023-02-27,2.3399999141693115,2.380000114440918,2.309999942779541,2.380000114440918,2.309999942779541,118000,False
AVAL,2023-02-28,2.369999885559082,2.375999927520752,2.25,2.2699999809265137,2.25,120100,False
AVAL,2023-03-01,2.2699999809265137,2.299999952316284,2.259999990463257,2.2899999618530273,2.259999990463257,126400,False
AVAL,2023-03-02,2.2899999618530273,2.359999895095825,2.2799999713897705,2.3499999046325684,2.2799999713897705,120900,False
AVAL,2023-03-03,2.3499999046325684,2.4100000858306885,2.319999933242798,2.380000114440918,2.319999933242798,162400,False
AVAL,2023-03-06,2.4100000858306885,2.5199999809265137,2.3399999141693115,2.4700000286102295,2.3399999141693115,182100,False
AVAL,2023-03-07,2.4700000286102295,2.4700000286102295,2.359999895095825,2.390000104904175,2.359999895095825,99900,False
AVAL,2023-03-08,2.4000000953674316,2.4100000858306885,2.369999885559082,2.390000104904175,2.369999885559082,74600,False
AVAL,2023-03-09,2.369999885559082,2.450000047683716,2.2739999294281006,2.319999933242798,2.2739999294281006,176400,False
AVAL,2023-03-10,2.259999990463257,2.3299999237060547,2.259999990463257,2.2899999618530273,2.259999990463257,143600,False
AVAL,2023-03-13,2.2699999809265137,2.2899999618530273,2.2200000286102295,2.2899999618530273,2.2200000286102295,82900,False
AVAL,2023-03-14,2.309999942779541,2.380000114440918,2.2200000286102295,2.2699999809265137,2.2200000286102295,192000,False
AVAL,2023-03-15,2.240000009536743,2.240000009536743,2.075000047683716,2.0899999141693115,2.075000047683716,260800,True
AVAL,2023-03-16,2.109999895095825,2.190000057220459,2.109999895095825,2.140000104904175,2.109999895095825,150000,False
AVAL,2023-03-17,2.140000104904175,2.190000057220459,2.049999952316284,2.069999933242798,2.049999952316284,187600,False
AVAL,2023-03-20,2.0799999237060547,2.0899999141693115,2.0199999809265137,2.049999952316284,2.0199999809265137,113800,False
AVAL,2023-03-21,2.109999895095825,2.240000009536743,2.0899999141693115,2.2300000190734863,2.0899999141693115,148600,True
AVAL,2023-03-22,2.2200000286102295,2.2699999809265137,2.190000057220459,2.2200000286102295,2.190000057220459,74600,False
AVAL,2023-03-23,2.2200000286102295,2.259999990463257,2.130000114440918,2.130000114440918,2.130000114440918,136600,False
AVAL,2023-03-24,2.119999885559082,2.200000047683716,2.0999999046325684,2.180000066757202,2.0999999046325684,78600,False
AVAL,2023-03-27,2.190000057220459,2.2899999618530273,2.190000057220459,2.2300000190734863,2.190000057220459,124800,False
AVAL,2023-03-28,2.2200000286102295,2.2799999713897705,2.2200000286102295,2.2699999809265137,2.2200000286102295,88800,False
AVAL,2023-03-29,2.2799999713897705,2.3499999046325684,2.2799999713897705,2.319999933242798,2.2799999713897705,44900,False
AVAL,2023-03-30,2.299999952316284,2.380000114440918,2.299999952316284,2.299999952316284,2.299999952316284,143200,False
AVAL,2023-03-31,2.299999952316284,2.3499999046325684,2.2899999618530273,2.3399999141693115,2.2899999618530273,96800,False
AVAL,2023-04-03,2.3399999141693115,2.4700000286102295,2.299999952316284,2.390000104904175,2.299999952316284,137900,False
AVAL,2023-04-04,2.4200000762939453,2.430000066757202,2.371000051498413,2.390000104904175,2.371000051498413,35400,False
AVAL,2023-04-05,2.4000000953674316,2.4000000953674316,2.3499999046325684,2.3499999046325684,2.3499999046325684,29900,False
AVAL,2023-04-06,2.3499999046325684,2.384999990463257,2.3299999237060547,2.3499999046325684,2.3299999237060547,45800,False
AVAL,2023-04-10,2.369999885559082,2.4000000953674316,2.3499999046325684,2.390000104904175,2.3499999046325684,41900,False
AVAL,2023-04-11,2.4000000953674316,2.490000009536743,2.4000000953674316,2.490000009536743,2.4000000953674316,82600,False
AVAL,2023-04-12,2.490000009536743,2.490000009536743,2.4600000381469727,2.490000009536743,2.4600000381469727,35700,False
AVAL,2023-04-13,2.4800000190734863,2.609999895095825,2.4800000190734863,2.5999999046325684,2.4800000190734863,121500,False
AVAL,2023-04-14,2.630000114440918,2.677000045776367,2.5899999141693115,2.6500000953674316,2.5899999141693115,85600,False
AVAL,2023-04-17,2.630000114440918,2.6500000953674316,2.559999942779541,2.5799999237060547,2.559999942779541,103400,False
AVAL,2023-04-18,2.5899999141693115,2.640000104904175,2.5299999713897705,2.5999999046325684,2.5299999713897705,54100,False
AVAL,2023-04-19,2.549999952316284,2.609999895095825,2.509999990463257,2.5899999141693115,2.509999990463257,41700,False
AVAL,2023-04-20,2.5899999141693115,2.634999990463257,2.569999933242798,2.5999999046325684,2.569999933242798,50800,False
AVAL,2023-04-21,2.630000114440918,2.630000114440918,2.5899999141693115,2.5899999141693115,2.5899999141693115,26900,False
AVAL,2023-04-24,2.5399999618530273,2.680000066757202,2.5399999618530273,2.640000104904175,2.5399999618530273,68700,False
AVAL,2023-04-25,2.630000114440918,2.6600000858306885,2.5899999141693115,2.5899999141693115,2.5899999141693115,56300,False
AVAL,2023-04-26,2.609999895095825,2.609999895095825,2.5399999618530273,2.559999942779541,2.5399999618530273,69300,False
AVAL,2023-04-27,2.549999952316284,2.5799999237060547,2.440000057220459,2.440000057220459,2.440000057220459,49600,False
AVAL,2023-04-28,2.4200000762939453,2.5,2.380000114440918,2.450000047683716,2.380000114440918,106600,False
AVAL,2023-05-01,2.440000057220459,2.440000057220459,2.240000009536743,2.3399999141693115,2.240000009536743,164900,False
AVAL,2023-05-02,2.3299999237060547,2.430000066757202,2.3299999237060547,2.380000114440918,2.3299999237060547,219900,False
AVAL,2023-05-03,2.390000104904175,2.450000047683716,2.299999952316284,2.4200000762939453,2.299999952316284,99800,False
AVAL,2023-05-04,2.4200000762939453,2.4700000286102295,2.3299999237060547,2.450000047683716,2.3299999237060547,111900,False
AVAL,2023-05-05,2.490000009536743,2.5399999618530273,2.4739999771118164,2.5199999809265137,2.4739999771118164,61700,False
AVAL,2023-05-08,2.490000009536743,2.5,2.440000057220459,2.450000047683716,2.440000057220459,31000,False
AVAL,2023-05-09,2.4600000381469727,2.4600000381469727,2.4200000762939453,2.430000066757202,2.4200000762939453,17300,False
AVAL,2023-05-10,2.430000066757202,2.4800000190734863,2.390000104904175,2.4200000762939453,2.390000104904175,26800,False
AVAL,2023-05-11,2.4000000953674316,2.4170000553131104,2.3399999141693115,2.359999895095825,2.3399999141693115,69500,False
AVAL,2023-05-12,2.3299999237060547,2.441999912261963,2.3299999237060547,2.359999895095825,2.3299999237060547,57700,False
AVAL,2023-05-15,2.390000104904175,2.4800000190734863,2.359999895095825,2.4200000762939453,2.359999895095825,45600,False
AVAL,2023-05-16,2.440000057220459,2.4800000190734863,2.2799999713897705,2.2799999713897705,2.2799999713897705,106800,False
AVAL,2023-05-17,2.2799999713897705,2.3540000915527344,2.2799999713897705,2.319999933242798,2.2799999713897705,79200,False
AVAL,2023-05-18,2.3499999046325684,2.3980000019073486,2.240000009536743,2.25,2.240000009536743,72300,False
AVAL,2023-05-19,2.240000009536743,2.2990000247955322,2.1700000762939453,2.1700000762939453,2.1700000762939453,167700,False
AVAL,2023-05-22,2.180000066757202,2.200000047683716,2.1500000953674316,2.1700000762939453,2.1500000953674316,77000,False
AVAL,2023-05-23,2.180000066757202,2.25,2.1700000762939453,2.2200000286102295,2.1700000762939453,113400,False
AVAL,2023-05-24,2.2200000286102295,2.240000009536743,2.1500000953674316,2.1700000762939453,2.1500000953674316,69200,False
AVAL,2023-05-25,2.2100000381469727,2.2100000381469727,2.1089999675750732,2.200000047683716,2.1089999675750732,129400,False
AVAL,2023-05-26,2.2300000190734863,2.2300000190734863,2.130000114440918,2.1500000953674316,2.130000114440918,107300,False
AVAL,2023-05-30,2.1600000858306885,2.200000047683716,2.109999895095825,2.1500000953674316,2.109999895095825,116400,False
AVAL,2023-05-31,2.109999895095825,2.180000066757202,2.0799999237060547,2.0999999046325684,2.0799999237060547,80800,False
AVAL,2023-06-01,2.109999895095825,2.200000047683716,2.0899999141693115,2.1600000858306885,2.0899999141693115,151400,False
AVAL,2023-06-02,2.200000047683716,2.2699999809265137,2.180000066757202,2.240000009536743,2.180000066757202,172800,False
AVAL,2023-06-05,2.2300000190734863,2.369999885559082,2.2300000190734863,2.3499999046325684,2.2300000190734863,153600,False
AVAL,2023-06-06,2.369999885559082,2.4600000381469727,2.369999885559082,2.440000057220459,2.369999885559082,101700,False
AVAL,2023-06-07,2.450000047683716,2.4779999256134033,2.4100000858306885,2.450000047683716,2.4100000858306885,78000,False
AVAL,2023-06-08,2.4600000381469727,2.4700000286102295,2.390000104904175,2.440000057220459,2.390000104904175,89700,False
AVAL,2023-06-09,2.4600000381469727,2.4800000190734863,2.4000000953674316,2.4200000762939453,2.4000000953674316,50700,False
AVAL,2023-06-12,2.450000047683716,2.450000047683716,2.3299999237060547,2.4100000858306885,2.3299999237060547,103600,False
AVAL,2023-06-13,2.4200000762939453,2.450000047683716,2.4000000953674316,2.4000000953674316,2.4000000953674316,103900,False
AVAL,2023-06-14,2.4000000953674316,2.450000047683716,2.3499999046325684,2.369999885559082,2.3499999046325684,67100,False
AVAL,2023-06-15,2.4000000953674316,2.4700000286102295,2.38100004196167,2.440000057220459,2.38100004196167,68500,False
AVAL,2023-06-16,2.4600000381469727,2.4700000286102295,2.369999885559082,2.380000114440918,2.369999885559082,45300,False
AVAL,2023-06-20,2.440000057220459,2.450000047683716,2.309999942779541,2.390000104904175,2.309999942779541,69400,False
AVAL,2023-06-21,2.4000000953674316,2.4100000858306885,2.3399999141693115,2.369999885559082,2.3399999141693115,80000,False
AVAL,2023-06-22,2.380000114440918,2.380000114440918,2.315999984741211,2.3399999141693115,2.315999984741211,36200,False
AVAL,2023-06-23,2.3499999046325684,2.359999895095825,2.309999942779541,2.3499999046325684,2.309999942779541,34900,False
AVAL,2023-06-26,2.3399999141693115,2.380000114440918,2.3299999237060547,2.3299999237060547,2.3299999237060547,32100,False
AVAL,2023-06-27,2.3299999237060547,2.380000114440918,2.3299999237060547,2.3299999237060547,2.3299999237060547,70300,False
AVAL,2023-06-28,2.299999952316284,2.380000114440918,2.299999952316284,2.319999933242798,2.299999952316284,57000,False
AVAL,2023-06-29,2.3499999046325684,2.369999885559082,2.299999952316284,2.299999952316284,2.299999952316284,33700,False
AVAL,2023-06-30,2.319999933242798,2.359999895095825,2.299999952316284,2.319999933242798,2.299999952316284,22200,False
AVAL,2023-07-03,2.299999952316284,2.369999885559082,2.299999952316284,2.3399999141693115,2.299999952316284,16000,False
AVAL,2023-07-05,2.3399999141693115,2.390000104904175,2.259999990463257,2.3299999237060547,2.259999990463257,52800,False
AVAL,2023-07-06,2.319999933242798,2.3499999046325684,2.319999933242798,2.319999933242798,2.319999933242798,32400,False
AVAL,2023-07-07,2.3299999237060547,2.4000000953674316,2.309999942779541,2.380000114440918,2.309999942779541,83500,False
AVAL,2023-07-10,2.390000104904175,2.4040000438690186,2.3399999141693115,2.3499999046325684,2.3399999141693115,39700,False
AVAL,2023-07-11,2.359999895095825,2.440000057220459,2.3299999237060547,2.4000000953674316,2.3299999237060547,79200,False
AVAL,2023-07-12,2.4100000858306885,2.450000047683716,2.3499999046325684,2.3499999046325684,2.3499999046325684,41900,False
AVAL,2023-07-13,2.3499999046325684,2.450000047683716,2.3499999046325684,2.4100000858306885,2.3499999046325684,52500,False
AVAL,2023-07-14,2.430000066757202,2.4649999141693115,2.369999885559082,2.4600000381469727,2.369999885559082,70700,False
AVAL,2023-07-17,2.450000047683716,2.490000009536743,2.4100000858306885,2.490000009536743,2.4100000858306885,85300,False
AVAL,2023-07-18,2.490000009536743,2.6600000858306885,2.4749999046325684,2.6600000858306885,2.4749999046325684,475100,False
AVAL,2023-07-19,2.6500000953674316,2.6600000858306885,2.569999933242798,2.640000104904175,2.569999933242798,208700,False
AVAL,2023-07-20,2.640000104904175,2.640000104904175,2.5999999046325684,2.5999999046325684,2.5999999046325684,23000,False
AVAL,2023-07-21,2.609999895095825,2.609999895095825,2.569999933242798,2.5899999141693115,2.569999933242798,20300,False
AVAL,2023-07-24,2.5999999046325684,2.6500000953674316,2.5799999237060547,2.630000114440918,2.5799999237060547,34100,False
AVAL,2023-07-25,2.6600000858306885,2.6600000858306885,2.5999999046325684,2.6500000953674316,2.5999999046325684,57700,False
AVAL,2023-07-26,2.6600000858306885,2.6600000858306885,2.619999885559082,2.630000114440918,2.619999885559082,16400,False
AVAL,2023-07-27,2.6500000953674316,2.6500000953674316,2.569999933242798,2.5799999237060547,2.569999933242798,54500,False
AVAL,2023-07-28,2.559999942779541,2.6500000953674316,2.5299999713897705,2.619999885559082,2.5299999713897705,74400,False
AVAL,2023-07-31,2.6500000953674316,2.6700000762939453,2.6070001125335693,2.630000114440918,2.6070001125335693,78100,False
AVAL,2023-08-01,2.6500000953674316,2.6500000953674316,2.5480000972747803,2.5999999046325684,2.5480000972747803,87100,False
AVAL,2023-08-02,2.5999999046325684,2.5999999046325684,2.490000009536743,2.490000009536743,2.490000009536743,109700,False
AVAL,2023-08-03,2.4800000190734863,2.490000009536743,2.430000066757202,2.450000047683716,2.430000066757202,56700,False
AVAL,2023-08-04,2.4800000190734863,2.5399999618530273,2.430000066757202,2.5399999618530273,2.430000066757202,26500,False
AVAL,2023-08-07,2.5799999237060547,2.6500000953674316,2.559999942779541,2.6500000953674316,2.559999942779541,157500,False
AVAL,2023-08-08,2.5899999141693115,2.5899999141693115,2.5399999618530273,2.5799999237060547,2.5399999618530273,146200,False
AVAL,2023-08-09,2.609999895095825,2.630000114440918,2.5199999809265137,2.619999885559082,2.5199999809265137,68900,False
AVAL,2023-08-10,2.640000104904175,2.6700000762939453,2.6050000190734863,2.640000104904175,2.6050000190734863,14000,False
AVAL,2023-08-11,2.5899999141693115,2.630000114440918,2.5299999713897705,2.619999885559082,2.5299999713897705,108500,False
AVAL,2023-08-14,2.619999885559082,2.619999885559082,2.5,2.5399999618530273,2.5,71100,False
AVAL,2023-08-15,2.4800000190734863,2.5190000534057617,2.450000047683716,2.450000047683716,2.450000047683716,44700,False
AVAL,2023-08-16,2.490000009536743,2.490000009536743,2.359999895095825,2.4200000762939453,2.359999895095825,93400,False
AVAL,2023-08-17,2.3499999046325684,2.4600000381469727,2.299999952316284,2.369999885559082,2.299999952316284,64100,False
AVAL,2023-08-18,2.319999933242798,2.4200000762939453,2.319999933242798,2.3299999237060547,2.319999933242798,58100,False
AVAL,2023-08-21,2.3299999237060547,2.384999990463257,2.309999942779541,2.3399999141693115,2.309999942779541,41200,False
AVAL,2023-08-22,2.3499999046325684,2.4700000286102295,2.309999942779541,2.319999933242798,2.309999942779541,48700,False
AVAL,2023-08-23,2.309999942779541,2.3499999046325684,2.240000009536743,2.25,2.240000009536743,87500,False
AVAL,2023-08-24,2.25,2.319999933242798,2.2300000190734863,2.259999990463257,2.2300000190734863,36200,False
AVAL,2023-08-25,2.25,2.259999990463257,2.200000047683716,2.2100000381469727,2.200000047683716,56800,False
AVAL,2023-08-28,2.240000009536743,2.2790000438690186,2.200000047683716,2.2300000190734863,2.200000047683716,77800,False
AVAL,2023-08-29,2.25,2.359999895095825,2.234999895095825,2.319999933242798,2.234999895095825,53000,False
AVAL,2023-08-30,2.3299999237060547,2.390000104904175,2.2899999618530273,2.390000104904175,2.2899999618530273,101100,False
AVAL,2023-08-31,2.380000114440918,2.4800000190734863,2.3399999141693115,2.4800000190734863,2.3399999141693115,96300,False
AVAL,2023-09-01,2.440000057220459,2.4600000381469727,2.3299999237060547,2.359999895095825,2.3299999237060547,69800,False
AVAL,2023-09-05,2.369999885559082,2.390000104904175,2.2200000286102295,2.240000009536743,2.2200000286102295,87300,False
AVAL,2023-09-06,2.259999990463257,2.259999990463257,2.194999933242798,2.2100000381469727,2.194999933242798,64900,False
AVAL,2023-09-07,2.190000057220459,2.2300000190734863,2.1700000762939453,2.2300000190734863,2.1700000762939453,47700,False
AVAL,2023-09-08,2.259999990463257,2.259999990463257,2.200000047683716,2.25,2.200000047683716,90600,False
AVAL,2023-09-11,2.259999990463257,2.3299999237060547,2.259999990463257,2.309999942779541,2.259999990463257,94200,False
AVAL,2023-09-12,2.259999990463257,2.380000114440918,2.259999990463257,2.299999952316284,2.259999990463257,248400,False
AVAL,2023-09-13,2.299999952316284,2.369999885559082,2.299999952316284,2.319999933242798,2.299999952316284,54900,False
AVAL,2023-09-14,2.390000104904175,2.4200000762939453,2.3499999046325684,2.390000104904175,2.3499999046325684,64300,False
AVAL,2023-09-15,2.369999885559082,2.509999990463257,2.369999885559082,2.490000009536743,2.369999885559082,207200,False
AVAL,2023-09-18,2.5199999809265137,2.5399999618530273,2.450000047683716,2.4700000286102295,2.450000047683716,30800,False
AVAL,2023-09-19,2.4800000190734863,2.5799999237060547,2.430000066757202,2.5399999618530273,2.430000066757202,64600,False
AVAL,2023-09-20,2.5199999809265137,2.559999942779541,2.494999885559082,2.5,2.494999885559082,60200,False
AVAL,2023-09-21,2.5,2.5,2.390000104904175,2.430000066757202,2.390000104904175,66200,False
AVAL,2023-09-22,2.444000005722046,2.509999990463257,2.4100000858306885,2.509999990463257,2.4100000858306885,77800,False
AVAL,2023-09-25,2.4700000286102295,2.4700000286102295,2.430000066757202,2.430000066757202,2.430000066757202,26900,False
AVAL,2023-09-26,2.430000066757202,2.509999990463257,2.4200000762939453,2.4600000381469727,2.4200000762939453,21900,False
AVAL,2023-09-27,2.5,2.509999990463257,2.4200000762939453,2.4600000381469727,2.4200000762939453,41000,False
AVAL,2023-09-28,2.430000066757202,2.4600000381469727,2.4200000762939453,2.440000057220459,2.4200000762939453,27500,False
AVAL,2023-09-29,2.430000066757202,2.4600000381469727,2.4200000762939453,2.4200000762939453,2.4200000762939453,29800,False
AVAL,2023-10-02,2.450000047683716,2.4600000381469727,2.380000114440918,2.4600000381469727,2.380000114440918,36900,False
AVAL,2023-10-03,2.369999885559082,2.490000009536743,2.3499999046325684,2.490000009536743,2.3499999046325684,61500,False
AVAL,2023-10-04,2.5,2.5,2.3610000610351562,2.390000104904175,2.3610000610351562,36500,False
AVAL,2023-10-05,2.450000047683716,2.450000047683716,2.299999952316284,2.319999933242798,2.299999952316284,19600,False
AVAL,2023-10-06,2.369999885559082,2.369999885559082,2.299999952316284,2.359999895095825,2.299999952316284,16800,False
AVAL,2023-10-09,2.380000114440918,2.4089999198913574,2.319999933242798,2.369999885559082,2.319999933242798,12700,False
AVAL,2023-10-10,2.369999885559082,2.450000047683716,2.359999895095825,2.450000047683716,2.359999895095825,7500,False
AVAL,2023-10-11,2.450000047683716,2.450000047683716,2.378999948501587,2.390000104904175,2.378999948501587,7600,False
AVAL,2023-10-12,2.390000104904175,2.4189999103546143,2.3410000801086426,2.3499999046325684,2.3410000801086426,14400,False
AVAL,2023-10-13,2.309999942779541,2.430000066757202,2.309999942779541,2.369999885559082,2.309999942779541,13700,False
AVAL,2023-10-16,2.4200000762939453,2.438999891281128,2.380000114440918,2.430000066757202,2.380000114440918,14000,False
AVAL,2023-10-17,2.4100000858306885,2.4549999237060547,2.380000114440918,2.440000057220459,2.380000114440918,7000,False
AVAL,2023-10-18,2.450000047683716,2.450000047683716,2.361999988555908,2.390000104904175,2.361999988555908,11000,False
AVAL,2023-10-19,2.4700000286102295,2.4700000286102295,2.359999895095825,2.390000104904175,2.359999895095825,18700,False
AVAL,2023-10-20,2.359999895095825,2.438999891281128,2.3299999237060547,2.3889999389648438,2.3299999237060547,9900,False
AVAL,2023-10-23,2.4000000953674316,2.4000000953674316,2.25,2.299999952316284,2.25,145700,False
AVAL,2023-10-24,2.369999885559082,2.371000051498413,2.200000047683716,2.259999990463257,2.200000047683716,36000,False
AVAL,2023-10-25,2.259999990463257,2.319999933242798,2.259999990463257,2.299999952316284,2.259999990463257,22500,False
AVAL,2023-10-26,2.299999952316284,2.4000000953674316,2.2799999713897705,2.319999933242798,2.2799999713897705,16300,False
AVAL,2023-10-27,2.3499999046325684,2.3499999046325684,2.2300000190734863,2.25,2.2300000190734863,16800,False
AVAL,2023-10-30,2.259999990463257,2.450000047683716,2.259999990463257,2.2799999713897705,2.259999990463257,31100,False
AVAL,2023-10-31,2.322999954223633,2.3499999046325684,2.2799999713897705,2.2899999618530273,2.2799999713897705,21600,False
AVAL,2023-11-01,2.259999990463257,2.3359999656677246,2.259999990463257,2.2699999809265137,2.259999990463257,11400,False
AVAL,2023-11-02,2.3299999237060547,2.369999885559082,2.309999942779541,2.3499999046325684,2.309999942779541,20000,False
AVAL,2023-11-03,2.3399999141693115,2.4200000762939453,2.3399999141693115,2.380000114440918,2.3399999141693115,27700,False
AVAL,2023-11-06,2.359999895095825,2.440000057220459,2.359999895095825,2.4100000858306885,2.359999895095825,20800,False
AVAL,2023-11-07,2.4100000858306885,2.430000066757202,2.309999942779541,2.319999933242798,2.309999942779541,35300,False
AVAL,2023-11-08,2.3399999141693115,2.365999937057495,2.200000047683716,2.259999990463257,2.200000047683716,32300,False
AVAL,2023-11-09,2.2100000381469727,2.2950000762939453,2.2100000381469727,2.2200000286102295,2.2100000381469727,45800,False
AVAL,2023-11-10,2.2699999809265137,2.2699999809265137,2.2279999256134033,2.2699999809265137,2.2279999256134033,41600,False
AVAL,2023-11-13,2.2899999618530273,2.2899999618530273,2.2200000286102295,2.2279999256134033,2.2200000286102295,25800,False
AVAL,2023-11-14,2.2899999618530273,2.3499999046325684,2.25,2.2899999618530273,2.25,24700,False
AVAL,2023-11-15,2.319999933242798,2.3499999046325684,2.259999990463257,2.2799999713897705,2.259999990463257,19400,False
AVAL,2023-11-16,2.240000009536743,2.2769999504089355,2.1500000953674316,2.259999990463257,2.1500000953674316,67600,False
AVAL,2023-11-17,2.25,2.25,2.191999912261963,2.2200000286102295,2.191999912261963,34500,False
AVAL,2023-11-20,2.190000057220459,2.309999942779541,2.1700000762939453,2.1700000762939453,2.1700000762939453,75700,False
AVAL,2023-11-21,2.200000047683716,2.25,2.1600000858306885,2.190000057220459,2.1600000858306885,39100,False
AVAL,2023-11-22,2.2200000286102295,2.2200000286102295,2.1700000762939453,2.180000066757202,2.1700000762939453,24300,False
AVAL,2023-11-24,2.2100000381469727,2.240000009536743,2.190000057220459,2.240000009536743,2.190000057220459,12700,False
AVAL,2023-11-27,2.25,2.25,2.1600000858306885,2.2100000381469727,2.1600000858306885,67800,False
AVAL,2023-11-28,2.180000066757202,2.194999933242798,2.1600000858306885,2.1600000858306885,2.1600000858306885,67800,False
AVAL,2023-11-29,2.1700000762939453,2.174999952316284,2.140000104904175,2.140000104904175,2.140000104904175,82200,False
AVAL,2023-11-30,2.130000114440918,2.2300000190734863,2.130000114440918,2.2300000190734863,2.130000114440918,44300,False
AVAL,2023-12-01,2.2300000190734863,2.2300000190734863,2.109999895095825,2.1500000953674316,2.109999895095825,214300,False
AVAL,2023-12-04,2.130000114440918,2.180000066757202,2.0999999046325684,2.130000114440918,2.0999999046325684,97100,False
AVAL,2023-12-05,2.130000114440918,2.2039999961853027,2.0999999046325684,2.140000104904175,2.0999999046325684,47700,False
AVAL,2023-12-06,2.119999885559082,2.1700000762939453,2.0999999046325684,2.140000104904175,2.0999999046325684,64900,False
AVAL,2023-12-07,2.1700000762939453,2.200000047683716,2.0999999046325684,2.200000047683716,2.0999999046325684,49400,False
AVAL,2023-12-08,2.1700000762939453,2.200000047683716,2.119999885559082,2.140000104904175,2.119999885559082,101300,False
AVAL,2023-12-11,2.1600000858306885,2.1600000858306885,2.0999999046325684,2.130000114440918,2.0999999046325684,30400,False
AVAL,2023-12-12,2.119999885559082,2.1500000953674316,2.0999999046325684,2.130000114440918,2.0999999046325684,21300,False
AVAL,2023-12-13,2.2100000381469727,2.2100000381469727,2.1019999980926514,2.200000047683716,2.1019999980926514,69800,False
AVAL,2023-12-14,2.190000057220459,2.2009999752044678,2.140000104904175,2.200000047683716,2.140000104904175,54100,False
AVAL,2023-12-15,2.200000047683716,2.2300000190734863,2.190000057220459,2.2300000190734863,2.190000057220459,29900,False
AVAL,2023-12-18,2.259999990463257,2.259999990463257,2.2300000190734863,2.25,2.2300000190734863,55300,False
AVAL,2023-12-19,2.2200000286102295,2.259999990463257,2.190000057220459,2.2200000286102295,2.190000057220459,50600,False
AVAL,2023-12-20,2.25,2.3299999237060547,2.180000066757202,2.309999942779541,2.180000066757202,98500,False
AVAL,2023-12-21,2.2699999809265137,2.3499999046325684,2.25,2.25,2.25,78400,False
AVAL,2023-12-22,2.2799999713897705,2.325000047683716,2.2699999809265137,2.2699999809265137,2.2699999809265137,37600,False
AVAL,2023-12-26,2.25,2.319999933242798,2.25,2.309999942779541,2.25,23500,False
AVAL,2023-12-27,2.299999952316284,2.4000000953674316,2.299999952316284,2.3499999046325684,2.299999952316284,83300,False
AVAL,2023-12-28,2.359999895095825,2.4800000190734863,2.309999942779541,2.430000066757202,2.309999942779541,183700,False
AVAL,2023-12-29,2.440000057220459,2.450000047683716,2.4200000762939453,2.430000066757202,2.4200000762939453,37000,False
AVAL,2024-01-02,2.430000066757202,2.549999952316284,2.4000000953674316,2.5199999809265137,2.4000000953674316,95400,False
AVAL,2024-01-03,2.5399999618530273,2.5399999618530273,2.430000066757202,2.5299999713897705,2.430000066757202,46400,False
AVAL,2024-01-04,2.5299999713897705,2.5399999618530273,2.450000047683716,2.450000047683716,2.450000047683716,55200,False
AVAL,2024-01-05,2.4200000762939453,2.6500000953674316,2.4200000762939453,2.5999999046325684,2.4200000762939453,119100,False
AVAL,2024-01-08,2.630000114440918,2.6500000953674316,2.569999933242798,2.609999895095825,2.569999933242798,69400,False
AVAL,2024-01-09,2.619999885559082,2.619999885559082,2.5,2.5899999141693115,2.5,79700,False
AVAL,2024-01-10,2.5799999237060547,2.624000072479248,2.440000057220459,2.559999942779541,2.440000057220459,198800,False
AVAL,2024-01-11,2.5799999237060547,2.5899999141693115,2.4800000190734863,2.509999990463257,2.4800000190734863,95400,False
AVAL,2024-01-12,2.509999990463257,2.5999999046325684,2.509999990463257,2.5399999618530273,2.509999990463257,110000,False
AVAL,2024-01-16,2.549999952316284,2.6080000400543213,2.5250000953674316,2.569999933242798,2.5250000953674316,82100,False
AVAL,2024-01-17,2.5899999141693115,2.619999885559082,2.5399999618530273,2.609999895095825,2.5399999618530273,68700,False
AVAL,2024-01-18,2.619999885559082,2.630000114440918,2.552000045776367,2.609999895095825,2.552000045776367,23400,False
AVAL,2024-01-19,2.5999999046325684,2.7049999237060547,2.569999933242798,2.6600000858306885,2.569999933242798,67800,False
AVAL,2024-01-22,2.6600000858306885,2.6600000858306885,2.5899999141693115,2.5899999141693115,2.5899999141693115,32500,False
AVAL,2024-01-23,2.5799999237060547,2.5889999866485596,2.509999990463257,2.5399999618530273,2.509999990463257,24600,False
AVAL,2024-01-24,2.5299999713897705,2.565000057220459,2.509999990463257,2.5299999713897705,2.509999990463257,17500,False
AVAL,2024-01-25,2.5,2.569999933242798,2.5,2.509999990463257,2.5,15600,False
AVAL,2024-01-26,2.5,2.561000108718872,2.5,2.559999942779541,2.5,17000,False
AVAL,2024-01-29,2.5799999237060547,2.5999999046325684,2.5409998893737793,2.5899999141693115,2.5409998893737793,68500,False
AVAL,2024-01-30,2.5999999046325684,2.630000114440918,2.5429999828338623,2.630000114440918,2.5429999828338623,12500,False
AVAL,2024-01-31,2.619999885559082,2.640000104904175,2.5899999141693115,2.619999885559082,2.5899999141693115,15000,False
AVAL,2024-02-01,2.630000114440918,2.630000114440918,2.569999933242798,2.609999895095825,2.569999933242798,19100,False
AVAL,2024-02-02,2.569999933242798,2.5999999046325684,2.559999942779541,2.569999933242798,2.559999942779541,43700,False
AVAL,2024-02-05,2.5899999141693115,2.619999885559082,2.5329999923706055,2.619999885559082,2.5329999923706055,26200,False
AVAL,2024-02-06,2.6500000953674316,2.6500000953674316,2.565000057220459,2.5799999237060547,2.565000057220459,49900,False
AVAL,2024-02-07,2.559999942779541,2.5999999046325684,2.5399999618530273,2.5899999141693115,2.5399999618530273,118600,False
AVAL,2024-02-08,2.569999933242798,2.609999895095825,2.5399999618530273,2.5799999237060547,2.5399999618530273,99100,False
AVAL,2024-02-09,2.5999999046325684,2.5999999046325684,2.559999942779541,2.5799999237060547,2.559999942779541,70000,False
AVAL,2024-02-12,2.5999999046325684,2.5999999046325684,2.509999990463257,2.549999952316284,2.509999990463257,24100,False
AVAL,2024-02-13,2.569999933242798,2.569999933242798,2.490000009536743,2.549999952316284,2.490000009536743,145100,False
AVAL,2024-02-14,2.5299999713897705,2.569999933242798,2.490000009536743,2.5199999809265137,2.490000009536743,42100,False
AVAL,2024-02-15,2.4700000286102295,2.549999952316284,2.4700000286102295,2.5299999713897705,2.4700000286102295,25500,False
AVAL,2024-02-16,2.549999952316284,2.5799999237060547,2.5299999713897705,2.5799999237060547,2.5299999713897705,61600,False
AVAL,2024-02-20,2.549999952316284,2.5799999237060547,2.5,2.5399999618530273,2.5,113700,False
AVAL,2024-02-21,2.559999942779541,2.5799999237060547,2.5399999618530273,2.569999933242798,2.5399999618530273,50700,False
AVAL,2024-02-22,2.569999933242798,2.5799999237060547,2.5450000762939453,2.559999942779541,2.5450000762939453,91900,False
AVAL,2024-02-23,2.5799999237060547,2.5799999237060547,2.5299999713897705,2.549999952316284,2.5299999713897705,42600,False
AVAL,2024-02-26,2.5299999713897705,2.559999942779541,2.490000009536743,2.5,2.490000009536743,133200,False
AVAL,2024-02-27,2.4800000190734863,2.5399999618530273,2.4800000190734863,2.5399999618530273,2.4800000190734863,23300,False
AVAL,2024-02-28,2.5399999618530273,2.5399999618530273,2.4749999046325684,2.5399999618530273,2.4749999046325684,18300,False
AVAL,2024-02-29,2.509999990463257,2.5369999408721924,2.5,2.5299999713897705,2.5,110000,False
AVAL,2024-03-01,2.5299999713897705,2.569999933242798,2.4700000286102295,2.569999933242798,2.4700000286102295,40200,False
AVAL,2024-03-04,2.5999999046325684,2.5999999046325684,2.5250000953674316,2.5399999618530273,2.5250000953674316,38500,False
AVAL,2024-03-05,2.569999933242798,2.569999933242798,2.490000009536743,2.5299999713897705,2.490000009536743,35700,False
AVAL,2024-03-06,2.509999990463257,2.559999942779541,2.4600000381469727,2.5399999618530273,2.4600000381469727,82000,False
AVAL,2024-03-07,2.5399999618530273,2.559999942779541,2.509999990463257,2.5250000953674316,2.509999990463257,61600,False
AVAL,2024-03-08,2.549999952316284,2.549999952316284,2.4800000190734863,2.549999952316284,2.4800000190734863,50600,False
AVAL,2024-03-11,2.559999942779541,2.559999942779541,2.450000047683716,2.5,2.450000047683716,23500,False
AVAL,2024-03-12,2.5,2.5,2.4100000858306885,2.4200000762939453,2.4100000858306885,121400,False
AVAL,2024-03-13,2.450000047683716,2.450000047683716,2.25,2.2799999713897705,2.25,275300,False
AVAL,2024-03-14,2.2799999713897705,2.309999942779541,2.2300000190734863,2.2899999618530273,2.2300000190734863,55800,False
AVAL,2024-03-15,2.3299999237060547,2.3299999237060547,2.109999895095825,2.1500000953674316,2.109999895095825,1085200,False
AVAL,2024-03-18,2.200000047683716,2.259999990463257,2.180000066757202,2.2100000381469727,2.180000066757202,114700,False
AVAL,2024-03-19,2.259999990463257,2.259999990463257,2.2100000381469727,2.240000009536743,2.2100000381469727,76000,False
AVAL,2024-03-20,2.25,2.25,2.200000047683716,2.2200000286102295,2.200000047683716,33400,False
AVAL,2024-03-21,2.1700000762939453,2.25,2.1700000762939453,2.240000009536743,2.1700000762939453,123800,False
AVAL,2024-03-22,2.240000009536743,2.259999990463257,2.2200000286102295,2.25,2.2200000286102295,49800,False
AVAL,2024-03-25,2.259999990463257,2.259999990463257,2.180000066757202,2.25,2.180000066757202,57600,False
AVAL,2024-03-26,2.2300000190734863,2.259999990463257,2.2100000381469727,2.2300000190734863,2.2100000381469727,64400,False
AVAL,2024-03-27,2.2699999809265137,2.2799999713897705,2.2200000286102295,2.259999990463257,2.2200000286102295,71300,False
AVAL,2024-03-28,2.2799999713897705,2.309999942779541,2.2100000381469727,2.309999942779541,2.2100000381469727,37900,False
AVAL,2024-04-01,2.2899999618530273,2.319999933242798,2.2300000190734863,2.299999952316284,2.2300000190734863,114500,False
AVAL,2024-04-02,2.319999933242798,2.359999895095825,2.25,2.3499999046325684,2.25,59400,False
AVAL,2024-04-03,2.359999895095825,2.367000102996826,2.3299999237060547,2.3399999141693115,2.3299999237060547,39200,False
AVAL,2024-04-04,2.3499999046325684,2.450000047683716,2.3499999046325684,2.424999952316284,2.3499999046325684,77100,False
AVAL,2024-04-05,2.4000000953674316,2.450000047683716,2.380000114440918,2.390000104904175,2.380000114440918,64300,False
AVAL,2024-04-08,2.359999895095825,2.4700000286102295,2.359999895095825,2.440000057220459,2.359999895095825,46200,False
AVAL,2024-04-09,2.4600000381469727,2.5350000858306885,2.430000066757202,2.5299999713897705,2.430000066757202,103500,False
AVAL,2024-04-10,2.549999952316284,2.549999952316284,2.4609999656677246,2.4700000286102295,2.4609999656677246,55100,False
AVAL,2024-04-11,2.440000057220459,2.5299999713897705,2.440000057220459,2.490000009536743,2.440000057220459,45100,False
AVAL,2024-04-12,2.490000009536743,2.5399999618530273,2.440000057220459,2.4700000286102295,2.440000057220459,218600,False
AVAL,2024-04-15,2.450000047683716,2.5,2.369999885559082,2.390000104904175,2.369999885559082,179500,False
AVAL,2024-04-16,2.359999895095825,2.4000000953674316,2.3440001010894775,2.4000000953674316,2.3440001010894775,77100,False
AVAL,2024-04-17,2.430000066757202,2.430000066757202,2.359999895095825,2.380000114440918,2.359999895095825,20700,False
AVAL,2024-04-18,2.369999885559082,2.390000104904175,2.3450000286102295,2.3499999046325684,2.3450000286102295,35300,False
AVAL,2024-04-19,2.319999933242798,2.4200000762939453,2.309999942779541,2.380000114440918,2.309999942779541,134600,False
AVAL,2024-04-22,2.3499999046325684,2.430000066757202,2.3499999046325684,2.430000066757202,2.3499999046325684,35900,False
AVAL,2024-04-23,2.4000000953674316,2.430000066757202,2.4000000953674316,2.430000066757202,2.4000000953674316,30300,False
AVAL,2024-04-24,2.4000000953674316,2.4100000858306885,2.364000082015991,2.4000000953674316,2.364000082015991,38800,False
AVAL,2024-04-25,2.390000104904175,2.4019999504089355,2.3499999046325684,2.390000104904175,2.3499999046325684,44700,False
AVAL,2024-04-26,2.4100000858306885,2.434999942779541,2.4000000953674316,2.430000066757202,2.4000000953674316,24700,False
AVAL,2024-04-29,2.4800000190734863,2.4800000190734863,2.4100000858306885,2.450000047683716,2.4100000858306885,62200,False
AVAL,2024-04-30,2.4000000953674316,2.440000057220459,2.380000114440918,2.390000104904175,2.380000114440918,31200,False
AVAL,2024-05-01,2.4200000762939453,2.4200000762939453,2.359999895095825,2.380000114440918,2.359999895095825,12800,False
AVAL,2024-05-02,2.390000104904175,2.4100000858306885,2.380000114440918,2.390000104904175,2.380000114440918,34100,False
AVAL,2024-05-03,2.369999885559082,2.434999942779541,2.369999885559082,2.390000104904175,2.369999885559082,160400,False
AVAL,2024-05-06,2.4200000762939453,2.430000066757202,2.390000104904175,2.4100000858306885,2.390000104904175,40500,False
AVAL,2024-05-07,2.4019999504089355,2.440000057220459,2.3980000019073486,2.4000000953674316,2.3980000019073486,33100,False
AVAL,2024-05-08,2.380000114440918,2.440000057220459,2.380000114440918,2.4200000762939453,2.380000114440918,46300,False
AVAL,2024-05-09,2.390000104904175,2.4600000381469727,2.390000104904175,2.4100000858306885,2.390000104904175,61600,False
AVAL,2024-05-10,2.4100000858306885,2.450000047683716,2.4000000953674316,2.434999942779541,2.4000000953674316,27400,False
AVAL,2024-05-13,2.4600000381469727,2.4600000381469727,2.440000057220459,2.4600000381469727,2.440000057220459,8300,False
AVAL,2024-05-14,2.440000057220459,2.509999990463257,2.440000057220459,2.5,2.440000057220459,34900,False
AVAL,2024-05-15,2.4800000190734863,2.5299999713897705,2.450000047683716,2.4800000190734863,2.450000047683716,111200,False
AVAL,2024-05-16,2.5,2.5,2.450000047683716,2.4800000190734863,2.450000047683716,11700,False
AVAL,2024-05-17,2.4600000381469727,2.5,2.450000047683716,2.4700000286102295,2.450000047683716,14100,False
AVAL,2024-05-20,2.4000000953674316,2.509999990463257,2.4000000953674316,2.490000009536743,2.4000000953674316,62300,False
AVAL,2024-05-21,2.509999990463257,2.5299999713897705,2.490000009536743,2.5199999809265137,2.490000009536743,38600,False
AVAL,2024-05-22,2.509999990463257,2.509999990463257,2.4600000381469727,2.4749999046325684,2.4600000381469727,35100,False
AVAL,2024-05-23,2.450000047683716,2.5,2.424999952316284,2.4600000381469727,2.424999952316284,65300,False
AVAL,2024-05-24,2.4700000286102295,2.4800000190734863,2.4100000858306885,2.450000047683716,2.4100000858306885,36800,False
AVAL,2024-05-28,2.5,2.5,2.430000066757202,2.4700000286102295,2.430000066757202,34800,False
AVAL,2024-05-29,2.430000066757202,2.4600000381469727,2.4000000953674316,2.430000066757202,2.4000000953674316,7700,False
AVAL,2024-05-30,2.4600000381469727,2.4600000381469727,2.4000000953674316,2.450000047683716,2.4000000953674316,28600,False
AVAL,2024-05-31,2.4100000858306885,2.4800000190734863,2.369999885559082,2.369999885559082,2.369999885559082,58900,False
AVAL,2024-06-03,2.390000104904175,2.4600000381469727,2.381999969482422,2.4600000381469727,2.381999969482422,17900,False
AVAL,2024-06-04,2.430000066757202,2.430000066757202,2.3529999256134033,2.359999895095825,2.3529999256134033,51900,False
AVAL,2024-06-05,2.3499999046325684,2.424999952316284,2.319999933242798,2.3299999237060547,2.319999933242798,35100,False
AVAL,2024-06-06,2.3399999141693115,2.380000114440918,2.3299999237060547,2.3499999046325684,2.3299999237060547,28300,False
AVAL,2024-06-07,2.369999885559082,2.430000066757202,2.319999933242798,2.3299999237060547,2.319999933242798,20800,False
AVAL,2024-06-10,2.319999933242798,2.359999895095825,2.319999933242798,2.319999933242798,2.319999933242798,12500,False
AVAL,2024-06-11,2.3499999046325684,2.3499999046325684,2.2200000286102295,2.309999942779541,2.2200000286102295,75500,False
AVAL,2024-06-12,2.25,2.2799999713897705,2.190000057220459,2.240000009536743,2.190000057220459,98600,False
AVAL,2024-06-13,2.240000009536743,2.259999990463257,2.1600000858306885,2.174999952316284,2.1600000858306885,75900,False
AVAL,2024-06-14,2.2200000286102295,2.2200000286102295,2.130000114440918,2.1700000762939453,2.130000114440918,106400,False
AVAL,2024-06-17,2.140000104904175,2.1989998817443848,2.0999999046325684,2.109999895095825,2.0999999046325684,66300,False
AVAL,2024-06-18,2.0999999046325684,2.1700000762939453,2.0999999046325684,2.1500000953674316,2.0999999046325684,54500,False
AVAL,2024-06-20,2.140000104904175,2.180000066757202,2.130000114440918,2.1700000762939453,2.130000114440918,35100,False
AVAL,2024-06-21,2.1700000762939453,2.2100000381469727,2.1600000858306885,2.1600000858306885,2.1600000858306885,72900,False
AVAL,2024-06-24,2.180000066757202,2.2200000286102295,2.1449999809265137,2.2200000286102295,2.1449999809265137,100900,False
AVAL,2024-06-25,2.2100000381469727,2.2300000190734863,2.1600000858306885,2.1600000858306885,2.1600000858306885,146200,False
AVAL,2024-06-26,2.180000066757202,2.190000057220459,2.1500000953674316,2.190000057220459,2.1500000953674316,27200,False
AVAL,2024-06-27,2.190000057220459,2.200000047683716,2.134999990463257,2.1700000762939453,2.134999990463257,41200,False
AVAL,2024-06-28,2.1700000762939453,2.190000057220459,2.1500000953674316,2.180000066757202,2.1500000953674316,24100,False
AVAL,2024-07-01,2.200000047683716,2.200000047683716,2.1500000953674316,2.1700000762939453,2.1500000953674316,52500,False
AVAL,2024-07-02,2.1600000858306885,2.200000047683716,2.1600000858306885,2.1649999618530273,2.1600000858306885,58000,False
AVAL,2024-07-03,2.180000066757202,2.200000047683716,2.1700000762939453,2.190000057220459,2.1700000762939453,28700,False
AVAL,2024-07-05,2.1700000762939453,2.180000066757202,2.130000114440918,2.140000104904175,2.130000114440918,55600,False
AVAL,2024-07-08,2.130000114440918,2.2100000381469727,2.130000114440918,2.1700000762939453,2.130000114440918,61400,False
AVAL,2024-07-09,2.1600000858306885,2.190000057220459,2.140000104904175,2.1600000858306885,2.140000104904175,46800,False
AVAL,2024-07-10,2.1600000858306885,2.190000057220459,2.1600000858306885,2.174999952316284,2.1600000858306885,40000,False
AVAL,2024-07-11,2.1600000858306885,2.200000047683716,2.1500000953674316,2.1600000858306885,2.1500000953674316,92700,False
AVAL,2024-07-12,2.190000057220459,2.2100000381469727,2.140000104904175,2.2100000381469727,2.140000104904175,108700,False
AVAL,2024-07-15,2.2100000381469727,2.2100000381469727,2.1700000762939453,2.190000057220459,2.1700000762939453,73000,False
AVAL,2024-07-16,2.1700000762939453,2.200000047683716,2.1600000858306885,2.180000066757202,2.1600000858306885,47800,False
AVAL,2024-07-17,2.180000066757202,2.190000057220459,2.1500000953674316,2.1500000953674316,2.1500000953674316,26700,False
AVAL,2024-07-18,2.1700000762939453,2.1700000762939453,2.119999885559082,2.130000114440918,2.119999885559082,81900,False
AVAL,2024-07-19,2.1500000953674316,2.1700000762939453,2.140000104904175,2.1700000762939453,2.140000104904175,7600,False
AVAL,2024-07-22,2.180000066757202,2.180000066757202,2.1500000953674316,2.174999952316284,2.1500000953674316,45500,False
AVAL,2024-07-23,2.1600000858306885,2.1670000553131104,2.130000114440918,2.1549999713897705,2.130000114440918,39000,False
AVAL,2024-07-24,2.140000104904175,2.1500000953674316,2.119999885559082,2.119999885559082,2.119999885559082,47500,False
AVAL,2024-07-25,2.119999885559082,2.1579999923706055,2.109999895095825,2.140000104904175,2.109999895095825,25700,False
AVAL,2024-07-26,2.140000104904175,2.1600000858306885,2.130000114440918,2.140000104904175,2.130000114440918,14200,False
AVAL,2024-07-29,2.130000114440918,2.140000104904175,2.109999895095825,2.119999885559082,2.109999895095825,50300,False
AVAL,2024-07-30,2.1700000762939453,2.1700000762939453,2.0799999237060547,2.0799999237060547,2.0799999237060547,156500,False
AVAL,2024-07-31,2.0999999046325684,2.130000114440918,2.069999933242798,2.119999885559082,2.069999933242798,33800,False
AVAL,2024-08-01,2.1500000953674316,2.1500000953674316,2.119999885559082,2.119999885559082,2.119999885559082,23700,False
AVAL,2024-08-02,2.119999885559082,2.1600000858306885,2.069999933242798,2.069999933242798,2.069999933242798,705400,False
AVAL,2024-08-05,2.049999952316284,2.119999885559082,1.9500000476837158,1.9700000286102295,1.9500000476837158,106300,False
AVAL,2024-08-06,1.9900000095367432,2.049999952316284,1.9900000095367432,2.009999990463257,1.9900000095367432,80900,False
AVAL,2024-08-07,2.0199999809265137,2.049999952316284,1.9700000286102295,1.9700000286102295,1.9700000286102295,62500,False
AVAL,2024-08-08,1.9800000190734863,2.059999942779541,1.9800000190734863,2.049999952316284,1.9800000190734863,64000,False
AVAL,2024-08-09,2.0799999237060547,2.0799999237060547,2.0,2.0199999809265137,2.0,43100,False
AVAL,2024-08-12,2.049999952316284,2.069999933242798,2.0199999809265137,2.049999952316284,2.0199999809265137,46500,False
AVAL,2024-08-13,2.0399999618530273,2.069999933242798,2.0399999618530273,2.069999933242798,2.0399999618530273,18100,False
AVAL,2024-08-14,2.0799999237060547,2.0999999046325684,2.0799999237060547,2.0999999046325684,2.0799999237060547,25600,False
AVAL,2024-08-15,2.069999933242798,2.140000104904175,2.069999933242798,2.119999885559082,2.069999933242798,48500,False
AVAL,2024-08-16,2.109999895095825,2.1500000953674316,2.109999895095825,2.130000114440918,2.109999895095825,29800,False
AVAL,2024-08-19,2.1500000953674316,2.1600000858306885,2.130000114440918,2.1500000953674316,2.130000114440918,19500,False
AVAL,2024-08-20,2.1600000858306885,2.2300000190734863,2.121999979019165,2.2300000190734863,2.121999979019165,149100,False
AVAL,2024-08-21,2.200000047683716,2.200000047683716,2.1500000953674316,2.1700000762939453,2.1500000953674316,41700,False
AVAL,2024-08-22,2.190000057220459,2.190000057220459,2.109999895095825,2.140000104904175,2.109999895095825,16900,False
AVAL,2024-08-23,2.130000114440918,2.1600000858306885,2.119999885559082,2.140000104904175,2.119999885559082,37600,False
AVAL,2024-08-26,2.109999895095825,2.1500000953674316,2.109999895095825,2.119999885559082,2.109999895095825,20000,False
AVAL,2024-08-27,2.119999885559082,2.140000104904175,2.0799999237060547,2.119999885559082,2.0799999237060547,17700,False
AVAL,2024-08-28,2.0999999046325684,2.180000066757202,2.0899999141693115,2.0899999141693115,2.0899999141693115,27500,False
AVAL,2024-08-29,2.0999999046325684,2.0999999046325684,2.0350000858306885,2.049999952316284,2.0350000858306885,64100,False
AVAL,2024-08-30,2.069999933242798,2.0820000171661377,2.0350000858306885,2.069999933242798,2.0350000858306885,25400,False
AVAL,2024-09-03,2.069999933242798,2.069999933242798,2.0199999809265137,2.049999952316284,2.0199999809265137,32900,False
AVAL,2024-09-04,2.0390000343322754,2.059999942779541,2.0250000953674316,2.049999952316284,2.0250000953674316,16700,False
AVAL,2024-09-05,2.069999933242798,2.072999954223633,2.0299999713897705,2.069999933242798,2.0299999713897705,16900,False
AVAL,2024-09-06,2.0899999141693115,2.0899999141693115,2.0199999809265137,2.069999933242798,2.0199999809265137,43400,False
AVAL,2024-09-09,2.049999952316284,2.049999952316284,1.9800000190734863,2.0,1.9800000190734863,50800,False
AVAL,2024-09-10,2.0199999809265137,2.0250000953674316,1.9700000286102295,1.9900000095367432,1.9700000286102295,59900,False
AVAL,2024-09-11,1.9800000190734863,2.009999990463257,1.940000057220459,1.9900000095367432,1.940000057220459,39700,False
AVAL,2024-09-12,1.9900000095367432,2.0290000438690186,1.9900000095367432,2.009999990463257,1.9900000095367432,10100,False
AVAL,2024-09-13,2.0399999618530273,2.069999933242798,2.009999990463257,2.0399999618530273,2.009999990463257,25600,False
AVAL,2024-09-16,2.049999952316284,2.049999952316284,2.0,2.0199999809265137,2.0,27500,False
AVAL,2024-09-17,2.0,2.0399999618530273,1.940000057220459,1.940000057220459,1.940000057220459,146200,False
AVAL,2024-09-18,1.9700000286102295,2.0399999618530273,1.9700000286102295,2.0299999713897705,1.9700000286102295,55900,False
AVAL,2024-09-19,2.049999952316284,2.059999942779541,2.0199999809265137,2.059999942779541,2.0199999809265137,54500,False
AVAL,2024-09-20,2.049999952316284,2.069999933242798,2.0399999618530273,2.049999952316284,2.0399999618530273,27500,False
AVAL,2024-09-23,2.0299999713897705,2.069999933242798,2.0199999809265137,2.049999952316284,2.0199999809265137,15500,False
AVAL,2024-09-24,2.059999942779541,2.0769999027252197,2.0399999618530273,2.069999933242798,2.0399999618530273,20600,False
AVAL,2024-09-25,2.059999942779541,2.075000047683716,2.0239999294281006,2.0309998989105225,2.0239999294281006,8500,False
AVAL,2024-09-26,2.059999942779541,2.059999942779541,2.009999990463257,2.0199999809265137,2.009999990463257,16900,False
AVAL,2024-09-27,2.0299999713897705,2.0799999237060547,2.0299999713897705,2.069999933242798,2.0299999713897705,16200,False
AVAL,2024-09-30,2.0799999237060547,2.0799999237060547,2.009999990463257,2.0299999713897705,2.009999990463257,22000,False
AVAL,2024-10-01,2.0,2.059999942779541,2.0,2.0199999809265137,2.0,28200,False
AVAL,2024-10-02,2.0199999809265137,2.049999952316284,2.0,2.0199999809265137,2.0,28100,False
AVAL,2024-10-03,2.0199999809265137,2.049999952316284,2.0199999809265137,2.049999952316284,2.0199999809265137,2500,False
AVAL,2024-10-04,2.049999952316284,2.049999952316284,2.0299999713897705,2.0309998989105225,2.0299999713897705,23000,False
AVAL,2024-10-07,2.0199999809265137,2.059999942779541,2.0199999809265137,2.0399999618530273,2.0199999809265137,17000,False
AVAL,2024-10-08,2.0299999713897705,2.0399999618530273,2.0,2.0399999618530273,2.0,41200,False
AVAL,2024-10-09,2.0399999618530273,2.049999952316284,2.009999990463257,2.049999952316284,2.009999990463257,36400,False
AVAL,2024-10-10,2.069999933242798,2.069999933242798,2.0,2.049999952316284,2.0,11800,False
AVAL,2024-10-11,2.0299999713897705,2.0490000247955322,2.0199999809265137,2.0399999618530273,2.0199999809265137,18400,False
AVAL,2024-10-14,2.049999952316284,2.049999952316284,2.0399999618530273,2.0450000762939453,2.0399999618530273,6000,False
AVAL,2024-10-15,2.0299999713897705,2.049999952316284,2.0299999713897705,2.0450000762939453,2.0299999713897705,5000,False
AVAL,2024-10-16,2.0299999713897705,2.049999952316284,2.0290000438690186,2.049999952316284,2.0290000438690186,24800,False
AVAL,2024-10-17,2.0299999713897705,2.049999952316284,2.0199999809265137,2.0399999618530273,2.0199999809265137,3000,False
AVAL,2024-10-18,2.0399999618530273,2.0999999046325684,2.0199999809265137,2.0899999141693115,2.0199999809265137,31300,False
AVAL,2024-10-21,2.069999933242798,2.0999999046325684,2.059999942779541,2.069999933242798,2.059999942779541,24100,False
AVAL,2024-10-22,2.069999933242798,2.0999999046325684,2.059999942779541,2.065000057220459,2.059999942779541,66000,False
AVAL,2024-10-23,2.059999942779541,2.059999942779541,2.0299999713897705,2.0299999713897705,2.0299999713897705,89400,False
AVAL,2024-10-24,2.0299999713897705,2.0399999618530273,2.0299999713897705,2.0399999618530273,2.0299999713897705,11000,False
AVAL,2024-10-25,2.0399999618530273,2.0739998817443848,2.0299999713897705,2.0299999713897705,2.0299999713897705,52900,False
AVAL,2024-10-28,2.059999942779541,2.059999942779541,1.9900000095367432,2.0299999713897705,1.9900000095367432,77500,False
AVAL,2024-10-29,2.0199999809265137,2.0250000953674316,1.9850000143051147,2.009999990463257,1.9850000143051147,28100,False
AVAL,2024-10-30,2.0199999809265137,2.0199999809265137,1.9700000286102295,1.975000023841858,1.9700000286102295,30700,False
AVAL,2024-10-31,1.9800000190734863,1.9900000095367432,1.9600000381469727,1.9700000286102295,1.9600000381469727,29500,False
AVAL,2024-11-01,1.9600000381469727,2.049999952316284,1.9600000381469727,2.0,1.9600000381469727,16700,False
AVAL,2024-11-04,1.9900000095367432,2.015000104904175,1.9800000190734863,2.009999990463257,1.9800000190734863,46100,False
AVAL,2024-11-05,2.0,2.0199999809265137,1.9910000562667847,2.0,1.9910000562667847,14200,False
AVAL,2024-11-06,2.0199999809265137,2.0199999809265137,1.9900000095367432,2.0199999809265137,1.9900000095367432,28200,False
AVAL,2024-11-07,2.009999990463257,2.0399999618530273,1.9900000095367432,2.009999990463257,1.9900000095367432,19300,False
AVAL,2024-11-08,2.0199999809265137,2.0199999809265137,1.9800000190734863,2.0,1.9800000190734863,68900,False
AVAL,2024-11-11,2.0199999809265137,2.0199999809265137,1.9900000095367432,2.009999990463257,1.9900000095367432,43300,False
AVAL,2024-11-12,1.9900000095367432,2.009999990463257,1.9700000286102295,2.0,1.9700000286102295,43500,False
AVAL,2024-11-13,1.9600000381469727,1.9900000095367432,1.9600000381469727,1.9900000095367432,1.9600000381469727,166300,False
AVAL,2024-11-14,2.0,2.0799999237060547,2.0,2.0299999713897705,2.0,233600,False
AVAL,2024-11-15,2.049999952316284,2.0999999046325684,2.0309998989105225,2.0999999046325684,2.0309998989105225,26100,False
AVAL,2024-11-18,2.0999999046325684,2.0999999046325684,2.049999952316284,2.0950000286102295,2.049999952316284,25800,False
AVAL,2024-11-19,2.109999895095825,2.109999895095825,2.049999952316284,2.0999999046325684,2.049999952316284,19900,False
AVAL,2024-11-20,2.119999885559082,2.140000104904175,2.109999895095825,2.140000104904175,2.109999895095825,23200,False
AVAL,2024-11-21,2.109999895095825,2.130000114440918,2.109999895095825,2.119999885559082,2.109999895095825,19600,False
AVAL,2024-11-22,2.0999999046325684,2.11899995803833,2.049999952316284,2.069999933242798,2.049999952316284,22700,False
AVAL,2024-11-25,2.0799999237060547,2.134999990463257,2.0799999237060547,2.119999885559082,2.0799999237060547,35800,False
AVAL,2024-11-26,2.0999999046325684,2.130000114440918,2.0899999141693115,2.119999885559082,2.0899999141693115,14600,False
AVAL,2024-11-27,2.0399999618530273,2.0799999237060547,2.0399999618530273,2.059999942779541,2.0399999618530273,36300,False
AVAL,2024-11-29,2.069999933242798,2.119999885559082,2.059999942779541,2.109999895095825,2.059999942779541,51600,False
AVAL,2024-12-02,2.140000104904175,2.1649999618530273,2.0999999046325684,2.1500000953674316,2.0999999046325684,148000,False
AVAL,2024-12-03,2.1500000953674316,2.1649999618530273,2.119999885559082,2.1600000858306885,2.119999885559082,40900,False
AVAL,2024-12-04,2.109999895095825,2.196000099182129,2.109999895095825,2.1500000953674316,2.109999895095825,57300,False
AVAL,2024-12-05,2.109999895095825,2.180000066757202,2.109999895095825,2.180000066757202,2.109999895095825,48800,False
AVAL,2024-12-06,2.180000066757202,2.180000066757202,2.109999895095825,2.140000104904175,2.109999895095825,26700,False
AVAL,2024-12-09,2.140000104904175,2.1700000762939453,2.1029999256134033,2.1700000762939453,2.1029999256134033,130000,False
AVAL,2024-12-10,2.140000104904175,2.1600000858306885,2.115000009536743,2.140000104904175,2.115000009536743,54700,False
AVAL,2024-12-11,2.130000114440918,2.1700000762939453,2.119999885559082,2.1500000953674316,2.119999885559082,34300,False
AVAL,2024-12-12,2.1700000762939453,2.1700000762939453,2.128000020980835,2.140000104904175,2.128000020980835,47600,False
AVAL,2024-12-13,2.119999885559082,2.140000104904175,2.069999933242798,2.140000104904175,2.069999933242798,99700,False
AVAL,2024-12-16,2.119999885559082,2.131999969482422,2.0799999237060547,2.0799999237060547,2.0799999237060547,60400,False
AVAL,2024-12-17,2.0799999237060547,2.119999885559082,2.0799999237060547,2.1050000190734863,2.0799999237060547,30500,False
AVAL,2024-12-18,2.109999895095825,2.111999988555908,2.049999952316284,2.052999973297119,2.049999952316284,82400,False
AVAL,2024-12-19,2.0299999713897705,2.062000036239624,1.9700000286102295,2.0299999713897705,1.9700000286102295,81700,False
AVAL,2024-12-20,2.0,2.0799999237060547,2.0,2.0399999618530273,2.0,49200,False
AVAL,2024-12-23,2.069999933242798,2.0799999237060547,2.0299999713897705,2.059999942779541,2.0299999713897705,18300,False
AVAL,2024-12-24,2.075000047683716,2.0799999237060547,2.049999952316284,2.0799999237060547,2.049999952316284,15500,False
AVAL,2024-12-26,2.0999999046325684,2.0999999046325684,2.0299999713897705,2.0799999237060547,2.0299999713897705,16400,False
AVAL,2024-12-27,2.059999942779541,2.0910000801086426,2.059999942779541,2.069999933242798,2.059999942779541,22400,False
AVAL,2024-12-30,2.0399999618530273,2.049999952316284,2.009999990463257,2.009999990463257,2.009999990463257,50100,False
AVAL,2024-12-31,2.0199999809265137,2.0299999713897705,2.0,2.0299999713897705,2.0,46600,False
AVAL,2025-01-02,2.0399999618530273,2.109999895095825,2.0299999713897705,2.0899999141693115,2.0299999713897705,47800,False
AVAL,2025-01-03,2.0899999141693115,2.130000114440918,2.0799999237060547,2.125,2.0799999237060547,18400,False
AVAL,2025-01-06,2.119999885559082,2.178999900817871,2.119999885559082,2.1600000858306885,2.119999885559082,32000,False
AVAL,2025-01-07,2.180000066757202,2.180000066757202,2.130000114440918,2.1700000762939453,2.130000114440918,80900,False
AVAL,2025-01-08,2.1700000762939453,2.1700000762939453,2.140000104904175,2.1500000953674316,2.140000104904175,36000,False
AVAL,2025-01-10,2.119999885559082,2.180000066757202,2.119999885559082,2.180000066757202,2.119999885559082,90300,False
AVAL,2025-01-13,2.1500000953674316,2.190000057220459,2.1500000953674316,2.1600000858306885,2.1500000953674316,121700,False
AVAL,2025-01-14,2.1700000762939453,2.234999895095825,2.1700000762939453,2.2149999141693115,2.1700000762939453,71200,False
AVAL,2025-01-15,2.25,2.25,2.2149999141693115,2.2300000190734863,2.2149999141693115,45800,False
AVAL,2025-01-16,2.25,2.25,2.2100000381469727,2.240000009536743,2.2100000381469727,32600,False
AVAL,2025-01-17,2.25,2.2699999809265137,2.2100000381469727,2.25,2.2100000381469727,63700,False
AVAL,2025-01-21,2.2100000381469727,2.299999952316284,2.2100000381469727,2.299999952316284,2.2100000381469727,31000,False
AVAL,2025-01-22,2.319999933242798,2.3499999046325684,2.2899999618530273,2.3499999046325684,2.2899999618530273,52400,False
AVAL,2025-01-23,2.309999942779541,2.369999885559082,2.309999942779541,2.3399999141693115,2.309999942779541,127800,False
AVAL,2025-01-24,2.369999885559082,2.4100000858306885,2.3269999027252197,2.390000104904175,2.3269999027252197,90300,False
AVAL,2025-01-27,2.3399999141693115,2.4200000762939453,2.309999942779541,2.4200000762939453,2.309999942779541,182000,False
AVAL,2025-01-28,2.4000000953674316,2.5899999141693115,2.359999895095825,2.5299999713897705,2.4101874828338623,402800,False
AVAL,2025-01-29,2.5950000286102295,2.8399999141693115,2.5299999713897705,2.740000009536743,2.6102423667907715,644700,True
AVAL,2025-01-30,2.7899999618530273,2.9000000953674316,2.740000009536743,2.9000000953674316,2.7626655101776123,268000,False
AVAL,2025-01-31,2.9000000953674316,2.9000000953674316,2.7100000381469727,2.799999952316284,2.7100000381469727,159000,False
AVAL,2025-02-03,2.7699999809265137,2.7699999809265137,2.619999885559082,2.619999885559082,2.619999885559082,234900,False
AVAL,2025-02-04,2.6600000858306885,2.7890000343322754,2.640000104904175,2.75,2.640000104904175,215400,False
AVAL,2025-02-05,2.7699999809265137,2.7699999809265137,2.7100000381469727,2.7300000190734863,2.7100000381469727,38900,False
AVAL,2025-02-06,2.747999906539917,2.749000072479248,2.6700000762939453,2.7200000286102295,2.6700000762939453,77900,False
AVAL,2025-02-07,2.7200000286102295,2.7200000286102295,2.640000104904175,2.690000057220459,2.640000104904175,70100,False
AVAL,2025-02-10,2.7200000286102295,2.809999942779541,2.700000047683716,2.7300000190734863,2.700000047683716,89700,False
AVAL,2025-02-11,2.75,2.8499999046325684,2.7200000286102295,2.8499999046325684,2.7244274616241455,65800,False
AVAL,2025-02-12,2.890000104904175,2.8910000324249268,2.809000015258789,2.8399999141693115,2.809000015258789,79800,False
AVAL,2025-02-13,2.809999942779541,2.890000104904175,2.75,2.880000114440918,2.7531063556671143,169000,False
AVAL,2025-02-14,2.890000104904175,2.890000104904175,2.819999933242798,2.8299999237060547,2.819999933242798,82900,False
AVAL,2025-02-18,2.809999942779541,3.0,2.809999942779541,3.0,2.867818593978882,199800,False
AVAL,2025-02-19,2.9800000190734863,3.0,2.880000114440918,2.990000009536743,2.880000114440918,149700,False
AVAL,2025-02-20,3.0299999713897705,3.2200000286102295,2.9509999752044678,3.0799999237060547,2.9509999752044678,219100,False
AVAL,2025-02-21,3.1700000762939453,3.259999990463257,2.950000047683716,3.0999999046325684,2.9634127616882324,310200,False
AVAL,2025-02-24,3.1500000953674316,3.299999952316284,3.115000009536743,3.259999990463257,3.116363048553467,322500,False
AVAL,2025-02-25,3.2799999713897705,3.319999933242798,3.140000104904175,3.1500000953674316,3.140000104904175,191400,False
AVAL,2025-02-26,3.25,3.25,2.990000009536743,3.0799999237060547,2.990000009536743,187000,False
AVAL,2025-02-27,3.059999942779541,3.0759999752044678,2.9800000190734863,3.0299999713897705,2.9800000190734863,72300,False
AVAL,2025-02-28,3.0,3.009999990463257,2.799999952316284,2.859999895095825,2.799999952316284,273300,False
AVAL,2025-03-03,2.9000000953674316,2.953000068664551,2.7300000190734863,2.799999952316284,2.7300000190734863,148300,False
AVAL,2025-03-04,2.7699999809265137,2.9049999713897705,2.630000114440918,2.890000104904175,2.77181339263916,333400,False
AVAL,2025-03-05,2.940000057220459,3.0799999237060547,2.8310000896453857,3.0299999713897705,2.9060873985290527,208000,False
AVAL,2025-03-06,3.0299999713897705,3.0399999618530273,2.9070000648498535,3.0,2.9070000648498535,108000,False
AVAL,2025-03-07,3.059999942779541,3.059999942779541,2.930000066757202,2.950000047683716,2.930000066757202,56300,False
AVAL,2025-03-10,2.9100000858306885,3.0799999237060547,2.7699999809265137,2.8399999141693115,2.7699999809265137,209700,False
AVAL,2025-03-11,2.9100000858306885,2.940000057220459,2.700000047683716,2.9200000762939453,2.800585985183716,206900,False
AVAL,2025-03-12,2.890000104904175,2.990000009536743,2.890000104904175,2.9200000762939453,2.890000104904175,71900,False
AVAL,2025-03-13,2.880000114440918,2.990000009536743,2.8340001106262207,2.9200000762939453,2.8340001106262207,33200,False
AVAL,2025-03-14,2.9200000762939453,3.0299999713897705,2.890000104904175,3.0299999713897705,2.9060873985290527,274200,False
AVAL,2025-03-17,3.0,3.0,2.9000000953674316,2.9000000953674316,2.9000000953674316,132500,False
AVAL,2025-03-18,2.890000104904175,2.930000066757202,2.8499999046325684,2.890000104904175,2.8499999046325684,80300,False
AVAL,2025-03-19,2.869999885559082,2.9200000762939453,2.8299999237060547,2.8299999237060547,2.8299999237060547,62300,False
AVAL,2025-03-20,2.7799999713897705,2.8499999046325684,2.7300000190734863,2.7699999809265137,2.7300000190734863,99700,False
AVAL,2025-03-21,2.7200000286102295,2.809999942779541,2.6700000762939453,2.700000047683716,2.6700000762939453,197800,False
AVAL,2025-03-24,2.700000047683716,2.799999952316284,2.690000057220459,2.7799999713897705,2.690000057220459,109000,False
AVAL,2025-03-25,2.809999942779541,2.812999963760376,2.7200000286102295,2.7699999809265137,2.7200000286102295,55100,False
AVAL,2025-03-26,2.819999933242798,2.819999933242798,2.700000047683716,2.75,2.700000047683716,42700,False
AVAL,2025-03-27,2.7100000381469727,2.799999952316284,2.7100000381469727,2.799999952316284,2.7100000381469727,32400,False
AVAL,2025-03-28,2.75,2.759999990463257,2.6600000858306885,2.7200000286102295,2.6600000858306885,54200,False
AVAL,2025-03-31,2.690000057220459,2.75,2.609999895095825,2.7300000190734863,2.618356704711914,63000,False
AVAL,2025-04-01,2.740000009536743,2.8399999141693115,2.700000047683716,2.7300000190734863,2.700000047683716,98400,False
AVAL,2025-04-02,2.7699999809265137,2.799999952316284,2.7200000286102295,2.740000009536743,2.7200000286102295,47700,False
AVAL,2025-04-03,2.7200000286102295,2.744999885559082,2.6700000762939453,2.7100000381469727,2.6700000762939453,85100,False
AVAL,2025-04-04,2.630000114440918,2.6449999809265137,2.3499999046325684,2.430000066757202,2.3499999046325684,635900,True
AVAL,2025-04-07,2.390000104904175,2.5199999809265137,2.319999933242798,2.319999933242798,2.319999933242798,126700,False
AVAL,2025-04-08,2.4600000381469727,2.549999952316284,2.2899999618530273,2.319999933242798,2.2899999618530273,72500,False
AVAL,2025-04-09,2.3399999141693115,2.509999990463257,2.259999990463257,2.484999895095825,2.383375406265259,221200,False
AVAL,2025-04-10,2.4800000190734863,2.4800000190734863,2.25,2.309999942779541,2.25,193600,True
AVAL,2025-04-11,2.3399999141693115,2.5,2.2799999713897705,2.450000047683716,2.3610501289367676,383900,False
AVAL,2025-04-14,2.450000047683716,2.569999933242798,2.450000047683716,2.5,2.450000047683716,153300,False
AVAL,2025-04-15,2.450000047683716,2.5350000858306885,2.450000047683716,2.4700000286102295,2.450000047683716,108800,False
AVAL,2025-04-16,2.4100000858306885,2.7100000381469727,2.4100000858306885,2.6600000858306885,2.5634262561798096,503800,True
AVAL,2025-04-17,2.680000066757202,2.7100000381469727,2.6500000953674316,2.6500000953674316,2.6500000953674316,49900,False
AVAL,2025-04-21,2.630000114440918,2.7200000286102295,2.559999942779541,2.690000057220459,2.592336416244507,127200,False
AVAL,2025-04-22,2.680000066757202,2.7790000438690186,2.6500000953674316,2.7200000286102295,2.6500000953674316,266300,False
AVAL,2025-04-23,2.7300000190734863,2.7300000190734863,2.640000104904175,2.6700000762939453,2.640000104904175,39500,False
AVAL,2025-04-24,2.6600000858306885,2.7799999713897705,2.6600000858306885,2.759999990463257,2.6600000858306885,95600,False
AVAL,2025-04-25,2.759999990463257,2.7799999713897705,2.7149999141693115,2.7799999713897705,2.7149999141693115,35000,False
AVAL,2025-04-28,2.7899999618530273,2.8299999237060547,2.7100000381469727,2.740000009536743,2.7100000381469727,50100,False
AVAL,2025-04-29,2.7799999713897705,2.7799999713897705,2.7100000381469727,2.75,2.7100000381469727,39000,False
AVAL,2025-04-30,2.7200000286102295,2.759999990463257,2.6700000762939453,2.6700000762939453,2.6700000762939453,77400,False
AVAL,2025-05-01,2.700000047683716,2.7699999809265137,2.6700000762939453,2.6700000762939453,2.6700000762939453,55500,False
AVAL,2025-05-02,2.7300000190734863,2.8399999141693115,2.6700000762939453,2.7200000286102295,2.6700000762939453,166600,False
AVAL,2025-05-05,2.75,2.819999933242798,2.6700000762939453,2.7200000286102295,2.6700000762939453,103400,False
AVAL,2025-05-06,2.6600000858306885,2.73799991607666,2.6600000858306885,2.7100000381469727,2.6600000858306885,22000,False
AVAL,2025-05-07,2.740000009536743,2.799999952316284,2.7300000190734863,2.799999952316284,2.7300000190734863,85700,False
AVAL,2025-05-08,2.799999952316284,2.880000114440918,2.799999952316284,2.8499999046325684,2.799999952316284,88200,False
AVAL,2025-05-09,2.859999895095825,2.9000000953674316,2.7899999618530273,2.8299999237060547,2.7899999618530273,19200,False
AVAL,2025-05-12,2.859999895095825,2.859999895095825,2.809999942779541,2.809999942779541,2.809999942779541,63600,False
AVAL,2025-05-13,2.809999942779541,2.880000114440918,2.7300000190734863,2.799999952316284,2.7300000190734863,159500,False
AVAL,2025-05-14,2.809999942779541,2.9260001182556152,2.7799999713897705,2.8399999141693115,2.7799999713897705,51500,False
AVAL,2025-05-15,2.819999933242798,2.8889999389648438,2.7799999713897705,2.869999885559082,2.7799999713897705,75400,False
AVAL,2025-05-16,2.880000114440918,2.880000114440918,2.7799999713897705,2.8399999141693115,2.7799999713897705,79100,False
AVAL,2025-05-19,2.819999933242798,2.8499999046325684,2.690000057220459,2.8499999046325684,2.756852865219116,198100,False
AVAL,2025-05-20,2.819999933242798,2.8499999046325684,2.6700000762939453,2.7699999809265137,2.6794676780700684,153300,False
AVAL,2025-05-21,2.7699999809265137,2.7780001163482666,2.609999895095825,2.740000009536743,2.6504480838775635,149700,False
AVAL,2025-05-22,2.75,2.759999990463257,2.690000057220459,2.740000009536743,2.690000057220459,48900,False
AVAL,2025-05-23,2.759000062942505,2.819999933242798,2.7249999046325684,2.819999933242798,2.7278337478637695,42500,False
AVAL,2025-05-27,2.859999895095825,2.859999895095825,2.7699999809265137,2.8299999237060547,2.7699999809265137,63100,False
AVAL,2025-05-28,2.7899999618530273,2.8299999237060547,2.75,2.799999952316284,2.75,52700,False
AVAL,2025-05-29,2.8299999237060547,2.8499999046325684,2.759999990463257,2.7899999618530273,2.759999990463257,24700,False
AVAL,2025-05-30,2.8299999237060547,2.890000104904175,2.799999952316284,2.8299999237060547,2.799999952316284,144900,False
AVAL,2025-06-02,2.8399999141693115,2.984999895095825,2.802000045776367,2.9700000286102295,2.8841419219970703,178600,False
AVAL,2025-06-03,3.0,3.0,2.8570001125335693,2.9200000762939453,2.8570001125335693,149800,False
AVAL,2025-06-04,2.9200000762939453,2.940000057220459,2.869999885559082,2.9000000953674316,2.869999885559082,83800,False
AVAL,2025-06-05,2.9000000953674316,2.940000057220459,2.7899999618530273,2.8299999237060547,2.7899999618530273,53800,False
AVAL,2025-06-06,2.859999895095825,2.9000000953674316,2.819999933242798,2.9000000953674316,2.819999933242798,23800,False
AVAL,2025-06-09,2.9000000953674316,2.9000000953674316,2.759999990463257,2.759999990463257,2.759999990463257,86100,False
AVAL,2025-06-10,2.759999990463257,2.9200000762939453,2.759999990463257,2.8299999237060547,2.759999990463257,87700,False
AVAL,2025-06-11,2.869999885559082,2.880000114440918,2.7899999618530273,2.819999933242798,2.7899999618530273,48300,False
AVAL,2025-06-12,2.7899999618530273,2.819999933242798,2.75,2.809999942779541,2.75,44000,False
AVAL,2025-06-13,2.740000009536743,2.9100000858306885,2.7200000286102295,2.9100000858306885,2.825876235961914,400800,False
AVAL,2025-06-16,2.990000009536743,3.0,2.8499999046325684,2.8499999046325684,2.8499999046325684,553900,False
AVAL,2025-06-17,2.869999885559082,2.930000066757202,2.819999933242798,2.819999933242798,2.819999933242798,158000,False
AVAL,2025-06-18,2.8499999046325684,2.9100000858306885,2.819999933242798,2.819999933242798,2.819999933242798,129200,False
AVAL,2025-06-20,2.859999895095825,2.9200000762939453,2.8399999141693115,2.8399999141693115,2.8399999141693115,141200,False
AVAL,2025-06-23,2.819999933242798,2.9000000953674316,2.819999933242798,2.819999933242798,2.819999933242798,89800,False
AVAL,2025-06-24,2.8399999141693115,2.869999885559082,2.799999952316284,2.799999952316284,2.799999952316284,90200,False
AVAL,2025-06-25,2.799999952316284,2.859999895095825,2.799999952316284,2.799999952316284,2.799999952316284,67500,False
AVAL,2025-06-26,2.8299999237060547,2.9000000953674316,2.809999942779541,2.8399999141693115,2.809999942779541,25300,False
AVAL,2025-06-27,2.819999933242798,2.859999895095825,2.809999942779541,2.809999942779541,2.809999942779541,93100,False
AVAL,2025-06-30,2.799999952316284,2.859999895095825,2.799999952316284,2.809999942779541,2.799999952316284,146800,False
AVAL,2025-07-01,2.819999933242798,2.890000104904175,2.809999942779541,2.809999942779541,2.809999942779541,101800,False
AVAL,2025-07-02,2.8399999141693115,2.9000000953674316,2.8299999237060547,2.8499999046325684,2.8299999237060547,148600,False
AVAL,2025-07-03,2.8499999046325684,2.9000000953674316,2.8399999141693115,2.890000104904175,2.8399999141693115,18900,False
AVAL,2025-07-07,2.880000114440918,2.9100000858306885,2.819999933242798,2.890000104904175,2.819999933242798,120800,False
AVAL,2025-07-08,2.890000104904175,2.890000104904175,2.8399999141693115,2.869999885559082,2.8399999141693115,22900,False
AVAL,2025-07-09,2.880000114440918,2.9100000858306885,2.8299999237060547,2.880000114440918,2.8299999237060547,81800,False
AVAL,2025-07-10,2.9100000858306885,2.9100000858306885,2.8450000286102295,2.859999895095825,2.8450000286102295,60300,False
AVAL,2025-07-11,2.859999895095825,2.930000066757202,2.859999895095825,2.930000066757202,2.859999895095825,87000,False
AVAL,2025-07-14,2.930000066757202,2.930000066757202,2.8299999237060547,2.880000114440918,2.8299999237060547,87700,False
AVAL,2025-07-15,2.859999895095825,2.930000066757202,2.809999942779541,2.9100000858306885,2.8379955291748047,132700,False
AVAL,2025-07-16,2.880000114440918,2.930000066757202,2.8550000190734863,2.930000066757202,2.8575005531311035,43600,False
AVAL,2025-07-17,2.9200000762939453,3.0199999809265137,2.8959999084472656,3.0199999809265137,2.9452736377716064,332000,False
AVAL,2025-07-18,3.0399999618530273,3.049999952316284,2.9600000381469727,2.990000009536743,2.9600000381469727,89300,False
AVAL,2025-07-21,2.9600000381469727,3.0,2.9210000038146973,3.0,2.9257686138153076,89800,False
AVAL,2025-07-22,3.0,3.0,2.880000114440918,2.880000114440918,2.880000114440918,122900,False
AVAL,2025-07-23,2.9000000953674316,2.950000047683716,2.8499999046325684,2.950000047683716,2.8770053386688232,114200,False
AVAL,2025-07-24,2.940000057220459,3.0199999809265137,2.8499999046325684,3.0199999809265137,2.9452736377716064,274300,False
AVAL,2025-07-25,2.9800000190734863,2.9800000190734863,2.880000114440918,2.9800000190734863,2.906263828277588,243600,False
AVAL,2025-07-28,2.990000009536743,2.990000009536743,2.8399999141693115,2.8399999141693115,2.8399999141693115,94800,False
AVAL,2025-07-29,2.8499999046325684,2.9100000858306885,2.8399999141693115,2.9100000858306885,2.8399999141693115,98600,False
AVAL,2025-07-30,2.869999885559082,2.9000000953674316,2.799999952316284,2.8499999046325684,2.799999952316284,214100,False
AVAL,2025-07-31,2.8350000381469727,2.8399999141693115,2.809999942779541,2.809999942779541,2.809999942779541,13500,False
AVAL,2025-08-01,2.8399999141693115,2.8399999141693115,2.799999952316284,2.799999952316284,2.799999952316284,28900,False
AVAL,2025-08-04,2.799999952316284,2.880000114440918,2.799999952316284,2.880000114440918,2.8186278343200684,35500,False
AVAL,2025-08-05,2.880000114440918,2.880000114440918,2.809999942779541,2.869999885559082,2.809999942779541,29600,False
AVAL,2025-08-06,2.880000114440918,2.930000066757202,2.8499999046325684,2.9000000953674316,2.8499999046325684,73800,False
AVAL,2025-08-07,2.930000066757202,2.950000047683716,2.88100004196167,2.950000047683716,2.8871357440948486,30400,False
AVAL,2025-08-08,2.9600000381469727,3.0199999809265137,2.890000104904175,3.0199999809265137,2.955644369125366,196400,False
AVAL,2025-08-11,3.009999990463257,3.0799999237060547,2.9800000190734863,3.0199999809265137,2.9800000190734863,237800,False
AVAL,2025-08-12,3.059999942779541,3.059999942779541,2.9600000381469727,3.049999952316284,2.9850049018859863,52900,False
AVAL,2025-08-13,3.049999952316284,3.1500000953674316,3.0450000762939453,3.1500000953674316,3.082874298095703,173300,False
AVAL,2025-08-14,3.009999990463257,3.180000066757202,3.009999990463257,3.180000066757202,3.1122350692749023,41300,False
AVAL,2025-08-15,3.109999895095825,3.193000078201294,3.0899999141693115,3.1600000858306885,3.092661142349243,30400,False
AVAL,2025-08-18,3.190000057220459,3.3299999237060547,3.177999973297119,3.2899999618530273,3.219890832901001,78300,False
AVAL,2025-08-19,3.3499999046325684,3.3499999046325684,3.2200000286102295,3.25,3.2200000286102295,81800,False
AVAL,2025-08-20,3.25,3.2899999618530273,3.2200000286102295,3.2899999618530273,3.2200000286102295,35400,False
AVAL,2025-08-21,3.259999990463257,3.2990000247955322,3.2300000190734863,3.2699999809265137,3.2300000190734863,25900,False
AVAL,2025-08-22,3.2799999713897705,3.319999933242798,3.25,3.299999952316284,3.25,43000,False
AVAL,2025-08-25,3.2899999618530273,3.2899999618530273,3.252000093460083,3.2699999809265137,3.252000093460083,16300,False
AVAL,2025-08-26,3.25,3.3299999237060547,3.25,3.319999933242798,3.25,49200,False
AVAL,2025-08-27,3.299999952316284,3.427999973297119,3.2799999713897705,3.380000114440918,3.3079729080200195,99400,False
AVAL,2025-08-28,3.359999895095825,3.380000114440918,3.311000108718872,3.359999895095825,3.311000108718872,15800,False
AVAL,2025-08-29,3.319999933242798,3.3499999046325684,3.299999952316284,3.3299999237060547,3.299999952316284,12800,False
AVAL,2025-09-02,3.3499999046325684,3.3499999046325684,3.299999952316284,3.3499999046325684,3.299999952316284,26100,False
AVAL,2025-09-03,3.3399999141693115,3.3459999561309814,3.259999990463257,3.2899999618530273,3.259999990463257,41300,False
AVAL,2025-09-04,3.299999952316284,3.299999952316284,3.240000009536743,3.299999952316284,3.240000009536743,11500,False
AVAL,2025-09-05,3.309999942779541,3.309999942779541,3.242000102996826,3.309999942779541,3.2491345405578613,15600,False
AVAL,2025-09-08,3.319999933242798,3.4000000953674316,3.259999990463257,3.4000000953674316,3.337479591369629,59900,False
AVAL,2025-09-09,3.369999885559082,3.440000057220459,3.3299999237060547,3.380000114440918,3.3299999237060547,43900,False
AVAL,2025-09-10,3.4000000953674316,3.4100000858306885,3.319999933242798,3.380000114440918,3.319999933242798,57000,False
AVAL,2025-09-11,3.3499999046325684,3.4100000858306885,3.3499999046325684,3.380000114440918,3.3499999046325684,35300,False
AVAL,2025-09-12,3.380000114440918,3.4700000286102295,3.3489999771118164,3.4700000286102295,3.4061923027038574,47400,False
AVAL,2025-09-15,3.4800000190734863,3.48799991607666,3.2950000762939453,3.3399999141693115,3.2950000762939453,59000,False
AVAL,2025-09-16,3.3399999141693115,3.3399999141693115,3.180000066757202,3.25,3.1902377605438232,70200,False
AVAL,2025-09-17,3.25,3.25,3.190000057220459,3.2200000286102295,3.190000057220459,43600,False
AVAL,2025-09-18,3.25,3.25,3.190000057220459,3.2300000190734863,3.190000057220459,46600,False
AVAL,2025-09-19,3.25,3.25,3.119999885559082,3.1600000858306885,3.119999885559082,75500,False
AVAL,2025-09-22,3.1500000953674316,3.2899999618530273,3.140000104904175,3.2699999809265137,3.2098701000213623,99500,False
AVAL,2025-09-23,3.259999990463257,3.369999885559082,3.259999990463257,3.3299999237060547,3.2687666416168213,61900,False
AVAL,2025-09-24,3.299999952316284,3.427000045776367,3.299999952316284,3.390000104904175,3.3276634216308594,56200,False
AVAL,2025-09-25,3.4200000762939453,3.4200000762939453,3.2699999809265137,3.3299999237060547,3.2699999809265137,63900,False
AVAL,2025-09-26,3.3399999141693115,3.3399999141693115,3.299999952316284,3.319999933242798,3.299999952316284,27600,False
AVAL,2025-09-29,3.3299999237060547,3.3399999141693115,3.2699999809265137,3.2799999713897705,3.2699999809265137,41600,False
AVAL,2025-09-30,3.25,3.299999952316284,3.200000047683716,3.299999952316284,3.2512130737304688,73800,False
AVAL,2025-10-01,3.2699999809265137,3.3499999046325684,3.2300000190734863,3.2799999713897705,3.231508731842041,103100,False
AVAL,2025-10-02,3.25,3.3499999046325684,3.244999885559082,3.3299999237060547,3.2807695865631104,59100,False
AVAL,2025-10-03,3.3499999046325684,3.4800000190734863,3.3299999237060547,3.4800000190734863,3.4285519123077393,124500,False
AVAL,2025-10-06,3.5,3.5,3.4000000953674316,3.4200000762939453,3.4000000953674316,53100,False
AVAL,2025-10-07,3.380000114440918,3.4749999046325684,3.380000114440918,3.390000104904175,3.380000114440918,47500,False
AVAL,2025-10-08,3.440000057220459,3.509999990463257,3.375,3.4700000286102295,3.4186997413635254,43100,False
AVAL,2025-10-09,3.4700000286102295,3.5299999713897705,3.4660000801086426,3.4700000286102295,3.4660000801086426,39300,False
AVAL,2025-10-10,3.490000009536743,3.7290000915527344,3.450000047683716,3.640000104904175,3.586186647415161,634400,False
AVAL,2025-10-13,3.6600000858306885,3.690000057220459,3.619999885559082,3.690000057220459,3.6354472637176514,101000,False
AVAL,2025-10-14,3.6500000953674316,3.7300000190734863,3.609999895095825,3.7100000381469727,3.655151844024658,55000,False
AVAL,2025-10-15,3.75,3.75,3.6500000953674316,3.7200000286102295,3.665004014968872,75400,False
AVAL,2025-10-16,3.7300000190734863,3.740000009536743,3.630000114440918,3.700000047683716,3.6452994346618652,109900,False
AVAL,2025-10-17,3.690000057220459,3.8399999141693115,3.690000057220459,3.8399999141693115,3.7832295894622803,49600,False
AVAL,2025-10-20,3.859999895095825,3.9600000381469727,3.690000057220459,3.740000009536743,3.690000057220459,109000,False
AVAL,2025-10-21,3.740000009536743,3.890000104904175,3.690000057220459,3.799999952316284,3.743820905685425,146100,False
AVAL,2025-10-22,3.859999895095825,3.9000000953674316,3.7300000190734863,3.869999885559082,3.812786102294922,84800,False
AVAL,2025-10-23,3.8299999237060547,3.9700000286102295,3.811000108718872,3.9700000286102295,3.9113080501556396,55400,False
AVAL,2025-10-24,3.9600000381469727,4.099999904632568,3.9600000381469727,4.079999923706055,4.019681453704834,57200,False
AVAL,2025-10-27,4.139999866485596,4.179999828338623,4.050000190734863,4.170000076293945,4.10835075378418,281000,False
AVAL,2025-10-28,4.179999828338623,4.179999828338623,4.010000228881836,4.050000190734863,4.010000228881836,122800,False
AVAL,2025-10-29,4.059999942779541,4.11899995803833,4.010000228881836,4.070000171661377,4.010000228881836,75900,False
AVAL,2025-10-30,4.090000152587891,4.139999866485596,4.034999847412109,4.139999866485596,4.078794002532959,143400,False
AVAL,2025-10-31,4.139999866485596,4.249000072479248,4.070000171661377,4.21999979019165,4.157611846923828,258300,False
AVAL,2025-11-03,4.309999942779541,4.309999942779541,4.170000076293945,4.230000019073486,4.179348468780518,83800,False
AVAL,2025-11-04,4.239999771118164,4.260000228881836,4.010000228881836,4.199999809265137,4.149707317352295,100300,False
AVAL,2025-11-05,4.260000228881836,4.300000190734863,4.164999961853027,4.210000038146973,4.164999961853027,144200,False
AVAL,2025-11-06,4.260000228881836,4.349999904632568,4.159999847412109,4.300000190734863,4.248510360717773,88200,False
AVAL,2025-11-07,4.349999904632568,4.369999885559082,4.254000186920166,4.28000020980835,4.254000186920166,67200,False
AVAL,2025-11-10,4.369999885559082,4.400000095367432,4.300000190734863,4.349999904632568,4.300000190734863,148500,False
AVAL,2025-11-11,4.400000095367432,4.5,4.340000152587891,4.380000114440918,4.340000152587891,145600,False
AVAL,2025-11-12,4.429999828338623,4.480000019073486,4.329999923706055,4.349999904632568,4.329999923706055,223100,False
AVAL,2025-11-13,4.389999866485596,4.449999809265137,4.199999809265137,4.210000038146973,4.199999809265137,231100,False
AVAL,2025-11-14,4.190000057220459,4.289999961853027,4.019999980926514,4.199999809265137,4.149707317352295,213100,False
AVAL,2025-11-17,4.25,4.269999980926514,4.099999904632568,4.110000133514404,4.099999904632568,51200,False
AVAL,2025-11-18,4.070000171661377,4.150000095367432,4.019999980926514,4.119999885559082,4.07066535949707,67500,False
AVAL,2025-11-19,4.09499979019165,4.199999809265137,4.074999809265137,4.130000114440918,4.0805463790893555,77200,False
AVAL,2025-11-20,4.179999828338623,4.179999828338623,3.890000104904175,3.9600000381469727,3.9125816822052,69700,False
AVAL,2025-11-21,3.930000066757202,4.045000076293945,3.869999885559082,3.990000009536743,3.9422223567962646,72900,False
AVAL,2025-11-24,3.990000009536743,4.110000133514404,3.9600000381469727,3.9800000190734863,3.9600000381469727,62600,False
AVAL,2025-11-25,4.03000020980835,4.159999847412109,4.019999980926514,4.090000152587891,4.041025161743164,113300,False
AVAL,2025-11-26,4.099999904632568,4.255000114440918,4.071000099182129,4.159999847412109,4.110186576843262,74600,False
AVAL,2025-11-28,4.190000057220459,4.245999813079834,4.150000095367432,4.170000076293945,4.150000095367432,74900,False
AVAL,2025-12-01,4.199999809265137,4.199999809265137,4.050000190734863,4.130000114440918,4.092350959777832,167400,False
AVAL,2025-12-02,4.179999828338623,4.300000190734863,4.150000095367432,4.239999771118164,4.201347827911377,153700,False
AVAL,2025-12-03,4.260000228881836,4.26200008392334,4.150000095367432,4.190000057220459,4.151803970336914,20900,False
AVAL,2025-12-04,4.21999979019165,4.28000020980835,4.139999866485596,4.210000038146973,4.171621799468994,152500,False
AVAL,2025-12-05,4.150000095367432,4.190000057220459,4.066999912261963,4.150000095367432,4.11216926574707,147200,False
AVAL,2025-12-08,4.150000095367432,4.289999961853027,4.0970001220703125,4.239999771118164,4.201347827911377,40600,False
AVAL,2025-12-09,4.269999980926514,4.289999961853027,4.15500020980835,4.210000038146973,4.171621799468994,67400,False
AVAL,2025-12-10,4.230000019073486,4.230000019073486,4.130000114440918,4.21999979019165,4.181529998779297,46100,False
AVAL,2025-12-11,4.21999979019165,4.239999771118164,4.130000114440918,4.159999847412109,4.130000114440918,43700,False
AVAL,2025-12-12,4.159999847412109,4.159999847412109,4.090000152587891,4.119999885559082,4.090000152587891,38000,False
AVAL,2025-12-15,4.139999866485596,4.139999866485596,4.050000190734863,4.130000114440918,4.092350959777832,74000,False
AVAL,2025-12-16,4.099999904632568,4.119999885559082,4.010000228881836,4.070000171661377,4.03289794921875,110700,False
AVAL,2025-12-17,4.010000228881836,4.090000152587891,4.0,4.050000190734863,4.01308012008667,90900,False
AVAL,2025-12-18,4.070000171661377,4.099999904632568,4.019999980926514,4.070000171661377,4.03289794921875,67300,False
AVAL,2025-12-19,4.090000152587891,4.110000133514404,4.039999961853027,4.099999904632568,4.062623977661133,102800,False
AVAL,2025-12-22,4.059999942779541,4.159999847412109,4.059999942779541,4.119999885559082,4.082441806793213,28300,False
AVAL,2025-12-23,4.099999904632568,4.170000076293945,4.099999904632568,4.139999866485596,4.102259635925293,26100,False
AVAL,2025-12-24,4.199999809265137,4.269999980926514,4.179999828338623,4.269999980926514,4.231074810028076,43000,False
AVAL,2025-12-26,4.239999771118164,4.260000228881836,4.150000095367432,4.230000019073486,4.191439151763916,43700,False
AVAL,2025-12-29,4.239999771118164,4.260000228881836,4.139999866485596,4.260000228881836,4.221166133880615,41800,False
AVAL,2025-12-30,4.239999771118164,4.239999771118164,4.059999942779541,4.079999923706055,4.059999942779541,229900,False
AVAL,2025-12-31,4.050000190734863,4.070000171661377,4.0,4.050000190734863,4.01308012008667,153900,False
AVAL,2026-01-02,4.050000190734863,4.079999923706055,4.010000228881836,4.039999961853027,4.010000228881836,122600,False
AVAL,2026-01-05,4.070000171661377,4.164999961853027,4.0,4.090000152587891,4.052716255187988,261900,False
AVAL,2026-01-06,4.059999942779541,4.158999919891357,4.010000228881836,4.079999923706055,4.042806625366211,111700,False
AVAL,2026-01-07,4.059999942779541,4.135000228881836,4.050000190734863,4.050000190734863,4.050000190734863,37700,False
AVAL,2026-01-08,4.050000190734863,4.150000095367432,4.050000190734863,4.139999866485596,4.102259635925293,61200,False
AVAL,2026-01-09,4.150000095367432,4.197999954223633,4.139999866485596,4.170000076293945,4.139999866485596,87700,False
AVAL,2026-01-12,4.179999828338623,4.224999904632568,4.159999847412109,4.190000057220459,4.159999847412109,34900,False
AVAL,2026-01-13,4.170000076293945,4.269999980926514,4.110000133514404,4.269999980926514,4.231074810028076,116900,False
AVAL,2026-01-14,4.21999979019165,4.320000171661377,4.199999809265137,4.28000020980835,4.240983486175537,100900,False
AVAL,2026-01-15,4.28000020980835,4.309999942779541,4.230000019073486,4.28000020980835,4.240983486175537,37700,False
AVAL,2026-01-16,4.300000190734863,4.380000114440918,4.230000019073486,4.329999923706055,4.29052734375,45500,False
AVAL,2026-01-20,4.289999961853027,4.519999980926514,4.289999961853027,4.519999980926514,4.478795528411865,203000,False
AVAL,2026-01-21,4.550000190734863,4.730000019073486,4.539999961853027,4.730000019073486,4.686881065368652,172300,False
AVAL,2026-01-22,4.690000057220459,4.75,4.579999923706055,4.690000057220459,4.64724588394165,146300,False
AVAL,2026-01-23,4.690000057220459,4.739999771118164,4.610000133514404,4.679999828338623,4.6373372077941895,94500,False
AVAL,2026-01-26,4.71999979019165,5.03000020980835,4.690000057220459,5.03000020980835,4.984147071838379,555100,True
AVAL,2026-01-27,5.079999923706055,5.28000020980835,5.03000020980835,5.269999980926514,5.221958637237549,304200,False
AVAL,2026-01-28,5.21999979019165,5.269999980926514,5.010000228881836,5.039999961853027,5.010000228881836,292700,False
AVAL,2026-01-29,5.130000114440918,5.190000057220459,5.010000228881836,5.110000133514404,5.063416957855225,133300,False
AVAL,2026-01-30,5.099999904632568,5.110000133514404,4.800000190734863,4.809999942779541,4.800000190734863,112000,False
AVAL,2026-02-02,4.800000190734863,4.960000038146973,4.699999809265137,4.860000133514404,4.815696716308594,115400,False
AVAL,2026-02-03,4.860000133514404,4.940000057220459,4.826000213623047,4.880000114440918,4.835513591766357,81800,False
AVAL,2026-02-04,4.78000020980835,4.900000095367432,4.559999942779541,4.690000057220459,4.64724588394165,136200,False
AVAL,2026-02-05,4.679999828338623,4.789999961853027,4.429999828338623,4.5,4.458977699279785,281500,False
AVAL,2026-02-06,4.550000190734863,4.630000114440918,4.460000038146973,4.579999923706055,4.538248538970947,187300,False
AVAL,2026-02-09,4.679999828338623,4.800000190734863,4.489999771118164,4.570000171661377,4.528339862823486,331800,False
AVAL,2026-02-10,4.579999923706055,4.59499979019165,4.409999847412109,4.460000038146973,4.419342517852783,119500,False
AVAL,2026-02-11,4.5,4.650000095367432,4.485000133514404,4.53000020980835,4.488704681396484,227300,False
AVAL,2026-02-12,4.53000020980835,4.650000095367432,4.380000114440918,4.380000114440918,4.380000114440918,111200,False
AVAL,2026-02-13,4.340000152587891,4.53000020980835,4.304999828338623,4.429999828338623,4.389616012573242,99300,False
AVAL,2026-02-17,4.400000095367432,4.510000228881836,4.380000114440918,4.429999828338623,4.389616012573242,66400,False
AVAL,2026-02-18,4.489999771118164,4.489999771118164,4.289999961853027,4.309999942779541,4.289999961853027,75800,False
AVAL,2026-02-19,4.28000020980835,4.429999828338623,4.25,4.409999847412109,4.369798183441162,76300,False
AVAL,2026-02-20,4.389999866485596,4.5,4.360000133514404,4.489999771118164,4.449068546295166,57700,False
AVAL,2026-02-23,4.489999771118164,4.5929999351501465,4.400000095367432,4.460000038146973,4.419342517852783,49000,False
AVAL,2026-02-24,4.480000019073486,4.480000019073486,4.329999923706055,4.400000095367432,4.359889507293701,179200,False
AVAL,2026-02-25,4.409999847412109,4.449999809265137,4.300000190734863,4.380000114440918,4.340071678161621,77300,False
AVAL,2026-02-26,4.400000095367432,4.400000095367432,4.130000114440918,4.239999771118164,4.201347827911377,348000,False
AVAL,2026-02-27,4.21999979019165,4.21999979019165,4.039999961853027,4.090000152587891,4.064218521118164,193700,False
AVAL,2026-03-02,3.8499999046325684,3.950000047683716,3.7100000381469727,3.7799999713897705,3.7561721801757812,578100,True
AVAL,2026-03-03,3.690000057220459,3.691999912261963,3.3499999046325684,3.549999952316284,3.5276219844818115,374100,False
AVAL,2026-03-04,3.559999942779541,4.289999961853027,3.559999942779541,4.210000038146973,4.183461666107178,1101100,True
AVAL,2026-03-05,4.119999885559082,4.190000057220459,3.819999933242798,3.9600000381469727,3.935037612915039,331200,False
AVAL,2026-03-06,3.880000114440918,3.950000047683716,3.7300000190734863,3.759999990463257,3.7362983226776123,261900,False
AVAL,2026-03-09,3.7300000190734863,3.98799991607666,3.7100000381469727,3.930000066757202,3.905226707458496,166200,False
AVAL,2026-03-10,3.9800000190734863,4.130000114440918,3.9000000953674316,4.079999923706055,4.054280757904053,182400,False
AVAL,2026-03-11,4.03000020980835,4.170000076293945,3.950000047683716,4.130000114440918,4.103965759277344,60100,False
AVAL,2026-03-12,4.019999980926514,4.070000171661377,3.930000066757202,4.03000020980835,4.004596710205078,135700,False
AVAL,2026-03-13,3.9600000381469727,4.105000019073486,3.9100000858306885,3.930000066757202,3.9100000858306885,121100,False
AVAL,2026-03-16,3.9600000381469727,4.130000114440918,3.9600000381469727,4.110000133514404,4.084092140197754,72700,False
AVAL,2026-03-17,4.130000114440918,4.179999828338623,4.010000228881836,4.059999942779541,4.034407138824463,54000,False
AVAL,2026-03-18,4.059999942779541,4.179999828338623,4.010000228881836,4.059999942779541,4.034407138824463,266700,False
AVAL,2026-03-19,4.019999980926514,4.25,4.019999980926514,4.210000038146973,4.183461666107178,147700,False
AVAL,2026-03-20,4.159999847412109,4.230000019073486,4.059999942779541,4.139999866485596,4.113902568817139,111700,False
AVAL,2026-03-23,4.170000076293945,4.255000114440918,4.130000114440918,4.239999771118164,4.2132720947265625,150900,False
AVAL,2026-03-24,4.179999828338623,4.300000190734863,4.099999904632568,4.199999809265137,4.173524379730225,88900,False
AVAL,2026-03-25,4.230000019073486,4.389999866485596,4.230000019073486,4.320000171661377,4.2927680015563965,116500,False
AVAL,2026-03-26,4.28000020980835,4.301000118255615,4.179999828338623,4.190000057220459,4.179999828338623,63800,False
AVAL,2026-03-27,4.159999847412109,4.28000020980835,4.059999942779541,4.130000114440918,4.103965759277344,82200,False
AVAL,2026-03-30,4.130000114440918,4.349999904632568,4.061999797821045,4.260000228881836,4.233146667480469,265900,False
AVAL,2026-03-31,4.300000190734863,4.460000038146973,4.289999961853027,4.400000095367432,4.3722639083862305,202100,False
AVAL,2026-04-01,4.449999809265137,4.465000152587891,4.28000020980835,4.380000114440918,4.352389812469482,78000,False
AVAL,2026-04-02,4.300000190734863,4.380000114440918,4.300000190734863,4.349999904632568,4.3225789070129395,63100,False
AVAL,2026-04-06,4.349999904632568,4.46999979019165,4.349999904632568,4.420000076293945,4.3921380043029785,76400,False
AVAL,2026-04-07,4.369999885559082,4.369999885559082,4.230000019073486,4.25,4.230000019073486,200300,False
AVAL,2026-04-08,4.349999904632568,4.460000038146973,4.329999923706055,4.409999847412109,4.382200717926025,61100,False
AVAL,2026-04-09,4.369999885559082,4.5,4.34499979019165,4.5,4.485874176025391,88200,False
AVAL,2026-04-10,4.5,4.53000020980835,4.389999866485596,4.429999828338623,4.416093826293945,110000,False
AVAL,2026-04-13,4.400000095367432,4.599999904632568,4.349999904632568,4.579999923706055,4.5656232833862305,107300,False
AVAL,2026-04-14,4.610000133514404,4.829999923706055,4.599999904632568,4.739999771118164,4.725121021270752,360900,False
AVAL,2026-04-15,4.690000057220459,4.900000095367432,4.579999923706055,4.809999942779541,4.794901371002197,327500,False
AVAL,2026-04-16,4.860000133514404,4.980000019073486,4.690000057220459,4.760000228881836,4.745058536529541,306300,False
AVAL,2026-04-17,4.800000190734863,4.800000190734863,4.690000057220459,4.769999980926514,4.755026817321777,74700,False
AVAL,2026-04-20,4.800000190734863,4.849999904632568,4.769999980926514,4.809999942779541,4.794901371002197,107500,False
AVAL,2026-04-21,4.820000171661377,4.849999904632568,4.679999828338623,4.75,4.7350897789001465,83900,False
AVAL,2026-04-22,4.769999980926514,4.769999980926514,4.409999847412109,4.5,4.485874176025391,342000,False
AVAL,2026-04-23,4.480000019073486,4.690999984741211,4.340000152587891,4.369999885559082,4.3562822341918945,122200,False
AVAL,2026-04-24,4.320000171661377,4.639999866485596,4.320000171661377,4.619999885559082,4.60549783706665,352900,False
AVAL,2026-04-27,4.619999885559082,4.789999961853027,4.570000171661377,4.599999904632568,4.585560321807861,403600,False
AVAL,2026-04-28,4.570000171661377,4.59499979019165,4.460000038146973,4.510000228881836,4.495843410491943,200600,False
AVAL,2026-04-29,4.449999809265137,4.5,4.309999942779541,4.329999923706055,4.316408157348633,160400,False
AVAL,2026-04-30,4.360000133514404,4.480000019073486,4.309999942779541,4.460000038146973,4.446000099182129,118300,False
AVAL,2026-05-01,4.480000019073486,4.510000228881836,4.389999866485596,4.400000095367432,4.400000095367432,223800,False
AVAL,2026-05-04,4.409999847412109,4.550000190734863,4.329999923706055,4.329999923706055,4.329999923706055,211100,False
AVAL,2026-05-05,4.480000019073486,4.480000019073486,4.300000190734863,4.449999809265137,4.449999809265137,162400,False
AVAL,2026-05-06,4.590000152587891,4.639999866485596,4.46999979019165,4.550000190734863,4.550000190734863,233900,False
AVAL,2026-05-07,4.559999942779541,4.638000011444092,4.389999866485596,4.480000019073486,4.480000019073486,134700,False
AVAL,2026-05-08,4.539999961853027,4.579999923706055,4.420000076293945,4.519999980926514,4.519999980926514,110700,False
AVAL,2026-05-11,4.559999942779541,4.590000152587891,4.46999979019165,4.550000190734863,4.550000190734863,419800,False
AVAL,2026-05-12,4.4,4.4,4.4,4.4,4.4,419800,False
