ticker,fecha,open,high,low,close,adj_close,volume,anomalia
BAP,2019-01-02,220.19000244140625,226.57000732421875,220.0500030517578,226.4499969482422,187.057373046875,157600,False
BAP,2019-01-03,225.8800048828125,226.3000030517578,221.02999877929688,222.6699981689453,183.93495178222656,217300,False
BAP,2019-01-04,224.10000610351562,229.14999389648438,224.10000610351562,228.5,188.7507781982422,293900,False
BAP,2019-01-07,228.97000122070312,228.97000122070312,226.58999633789062,226.75,187.3052215576172,222000,False
BAP,2019-01-08,226.77000427246094,228.77999877929688,226.1199951171875,227.49000549316406,187.91647338867188,232100,False
BAP,2019-01-09,229.1300048828125,231.99000549316406,225.9600067138672,226.35000610351562,186.97479248046875,375900,False
BAP,2019-01-10,226.3800048828125,231.14999389648438,224.63999938964844,230.47000122070312,190.3780975341797,314100,False
BAP,2019-01-11,230.00999450683594,230.91000366210938,228.16000366210938,229.75999450683594,189.7915802001953,139000,False
BAP,2019-01-14,227.3699951171875,231.5399932861328,223.63999938964844,230.85000610351562,190.69200134277344,256800,False
BAP,2019-01-15,231.3800048828125,231.6199951171875,229.57000732421875,229.97000122070312,189.96507263183594,282800,False
BAP,2019-01-16,231.0,233.7100067138672,229.36000061035156,232.13999938964844,191.757568359375,253100,False
BAP,2019-01-17,231.47000122070312,234.25999450683594,230.94000244140625,233.58999633789062,192.95533752441406,196400,False
BAP,2019-01-18,234.0,234.88999938964844,229.50999450683594,232.0500030517578,191.68324279785156,400100,False
BAP,2019-01-22,230.3300018310547,232.2899932861328,227.27000427246094,232.2899932861328,191.8814697265625,250300,False
BAP,2019-01-23,233.5,237.25,232.17999267578125,234.41000366210938,193.6326904296875,236000,False
BAP,2019-01-24,234.9600067138672,238.57000732421875,232.97999572753906,234.72999572753906,193.8970489501953,199400,False
BAP,2019-01-25,235.25999450683594,239.50999450683594,233.77999877929688,236.22999572753906,195.13609313964844,161300,False
BAP,2019-01-28,234.66000366210938,237.42999267578125,227.77000427246094,236.57000732421875,195.4169464111328,207800,False
BAP,2019-01-29,237.50999450683594,239.72000122070312,236.14999389648438,239.67999267578125,197.98594665527344,234000,False
BAP,2019-01-30,240.07000732421875,242.5800018310547,235.94000244140625,236.3000030517578,195.19393920898438,317300,False
BAP,2019-01-31,236.19000244140625,243.1300048828125,235.19000244140625,242.77999877929688,200.5466766357422,248000,False
BAP,2019-02-01,242.00999450683594,244.75,241.82000732421875,242.9499969482422,200.6870880126953,139100,False
BAP,2019-02-04,243.47999572753906,246.5399932861328,241.55999755859375,246.4199981689453,203.55348205566406,153400,False
BAP,2019-02-05,246.60000610351562,249.6699981689453,245.85000610351562,248.49000549316406,205.2633819580078,184700,False
BAP,2019-02-06,247.32000732421875,250.41000366210938,246.3800048828125,246.7899932861328,203.85910034179688,178200,False
BAP,2019-02-07,242.97000122070312,245.38999938964844,233.5399932861328,237.4499969482422,196.1438446044922,260400,False
BAP,2019-02-08,237.77999877929688,240.6999969482422,236.17999267578125,239.61000061035156,197.9281463623047,175700,False
BAP,2019-02-11,237.3000030517578,240.99000549316406,228.94000244140625,236.5,195.35914611816406,609700,False
BAP,2019-02-12,238.5,241.85000610351562,238.5,240.1300048828125,198.35765075683594,353100,False
BAP,2019-02-13,240.1699981689453,241.9499969482422,238.07000732421875,240.13999938964844,198.36593627929688,323300,False
BAP,2019-02-14,238.58999633789062,238.58999633789062,234.16000366210938,236.33999633789062,195.2269744873047,214900,False
BAP,2019-02-15,236.75999450683594,239.36000061035156,236.35000610351562,239.0800018310547,197.49032592773438,155400,False
BAP,2019-02-19,237.64999389648438,240.58999633789062,236.32000732421875,239.7100067138672,198.01072692871094,170100,False
BAP,2019-02-20,241.0,242.4199981689453,239.61000061035156,240.97000122070312,199.05154418945312,174500,False
BAP,2019-02-21,240.9600067138672,240.9600067138672,237.4499969482422,239.1300048828125,197.53163146972656,195400,False
BAP,2019-02-22,240.49000549316406,242.69000244140625,238.8800048828125,242.61000061035156,200.40623474121094,169500,False
BAP,2019-02-25,244.5399932861328,244.5399932861328,240.4199981689453,241.8000030517578,199.7371826171875,185100,False
BAP,2019-02-26,241.52000427246094,243.27999877929688,238.60000610351562,241.80999755859375,199.74542236328125,161200,False
BAP,2019-02-27,242.42999267578125,244.39999389648438,240.1199951171875,243.44000244140625,201.09185791015625,271100,False
BAP,2019-02-28,242.80999755859375,245.1999969482422,237.80999755859375,243.08999633789062,200.802734375,223400,False
BAP,2019-03-01,242.92999267578125,244.77000427246094,238.92999267578125,239.10000610351562,197.50685119628906,218400,False
BAP,2019-03-04,239.0,241.66000366210938,238.86000061035156,241.58999633789062,199.56369018554688,121000,False
BAP,2019-03-05,242.0,242.0,237.72999572753906,237.92999267578125,196.5403594970703,132600,False
BAP,2019-03-06,238.8699951171875,241.25999450683594,237.85000610351562,240.60000610351562,198.7458953857422,157100,False
BAP,2019-03-07,239.91000366210938,239.91000366210938,235.14999389648438,236.25,195.1526336669922,133400,False
BAP,2019-03-08,234.9600067138672,236.32000732421875,232.85000610351562,235.61000061035156,194.6239471435547,123200,False
BAP,2019-03-11,236.9600067138672,242.44000244140625,236.9600067138672,242.41000366210938,200.24105834960938,158700,False
BAP,2019-03-12,243.08999633789062,243.8699951171875,239.9600067138672,240.33999633789062,198.5311279296875,166700,False
BAP,2019-03-13,241.2899932861328,244.00999450683594,240.0,243.57000732421875,201.19924926757812,99500,False
BAP,2019-03-14,242.07000732421875,246.9199981689453,241.75999450683594,246.47000122070312,203.5948028564453,181300,False
BAP,2019-03-15,246.47000122070312,250.58999633789062,245.8800048828125,248.19000244140625,205.01556396484375,451300,False
BAP,2019-03-18,248.47999572753906,251.24000549316406,248.47999572753906,250.6999969482422,207.08895874023438,204200,False
BAP,2019-03-19,251.67999267578125,252.49000549316406,248.3300018310547,249.30999755859375,205.9407501220703,187100,False
BAP,2019-03-20,248.32000732421875,250.17999267578125,247.0,248.11000061035156,204.94949340820312,203600,False
BAP,2019-03-21,247.05999755859375,247.8300018310547,243.49000549316406,244.27000427246094,201.77749633789062,197500,False
BAP,2019-03-22,241.92999267578125,243.0800018310547,239.6199951171875,241.42999267578125,199.4315185546875,136800,False
BAP,2019-03-25,241.91000366210938,242.92999267578125,239.63999938964844,239.8800048828125,198.15115356445312,121900,False
BAP,2019-03-26,241.47999572753906,242.38999938964844,239.61000061035156,240.77999877929688,198.8945770263672,96300,False
BAP,2019-03-27,241.11000061035156,243.1999969482422,237.30999755859375,239.2899932861328,197.66378784179688,168100,False
BAP,2019-03-28,239.1999969482422,241.36000061035156,236.36000061035156,238.99000549316406,197.41598510742188,140200,False
BAP,2019-03-29,240.3699951171875,240.94000244140625,236.77000427246094,239.9499969482422,198.208984375,217300,False
BAP,2019-04-01,243.17999267578125,244.17999267578125,241.05999755859375,242.55999755859375,200.3649444580078,152700,False
BAP,2019-04-02,242.00999450683594,243.55999755859375,240.72000122070312,243.10000610351562,200.81100463867188,224700,False
BAP,2019-04-03,244.17999267578125,245.3000030517578,242.22999572753906,243.5399932861328,201.17446899414062,162100,False
BAP,2019-04-04,243.07000732421875,245.22999572753906,242.39999389648438,243.47000122070312,201.11663818359375,144400,False
BAP,2019-04-05,244.5800018310547,246.14999389648438,242.7100067138672,245.27999877929688,202.61178588867188,187200,False
BAP,2019-04-08,244.61000061035156,246.3699951171875,243.13999938964844,245.47000122070312,202.7687225341797,374400,False
BAP,2019-04-09,243.00999450683594,244.1300048828125,240.0,240.0500030517578,198.29156494140625,221700,False
BAP,2019-04-10,239.75999450683594,242.22000122070312,239.16000366210938,241.6300048828125,199.59677124023438,195600,False
BAP,2019-04-11,241.8000030517578,242.5500030517578,240.41000366210938,241.0,199.07630920410156,127100,False
BAP,2019-04-12,242.63999938964844,242.80999755859375,239.0,241.85000610351562,199.77845764160156,167300,False
BAP,2019-04-15,235.0,235.8699951171875,233.0399932861328,233.99000549316406,198.23065185546875,203300,False
BAP,2019-04-16,234.6999969482422,235.33999633789062,232.69000244140625,234.60000610351562,198.74745178222656,202300,False
BAP,2019-04-17,234.72000122070312,235.24000549316406,231.6999969482422,232.36000061035156,196.84976196289062,241300,False
BAP,2019-04-18,232.69000244140625,232.85000610351562,228.02999877929688,231.33999633789062,195.98565673828125,198400,False
BAP,2019-04-22,229.80999755859375,233.3000030517578,229.27000427246094,233.17999267578125,197.54446411132812,215700,False
BAP,2019-04-23,233.5500030517578,235.38999938964844,231.9600067138672,233.75999450683594,198.0358123779297,225100,False
BAP,2019-04-24,232.9600067138672,233.52999877929688,230.0500030517578,233.27000427246094,197.62069702148438,323700,False
BAP,2019-04-25,233.0,234.39999389648438,231.57000732421875,233.6999969482422,197.9849853515625,147800,False
BAP,2019-04-26,232.83999633789062,236.5500030517578,231.6699981689453,236.38999938964844,200.26390075683594,198800,False
BAP,2019-04-29,236.94000244140625,239.1699981689453,235.80999755859375,237.38999938964844,201.11105346679688,168800,False
BAP,2019-04-30,237.33999633789062,238.42999267578125,235.75999450683594,236.89999389648438,200.69595336914062,250300,False
BAP,2019-05-01,238.05999755859375,239.50999450683594,236.4199981689453,236.8000030517578,200.61122131347656,104300,False
BAP,2019-05-02,236.16000366210938,239.52999877929688,235.82000732421875,237.8000030517578,201.45840454101562,198600,False
BAP,2019-05-03,239.36000061035156,239.94000244140625,235.94000244140625,238.1699981689453,201.77183532714844,203100,False
BAP,2019-05-06,237.52999877929688,238.88999938964844,234.0,237.44000244140625,201.15342712402344,174600,False
BAP,2019-05-07,235.72999572753906,238.0500030517578,233.42999267578125,234.25999450683594,198.4593963623047,436100,False
BAP,2019-05-08,234.05999755859375,234.05999755859375,226.38999938964844,226.47000122070312,191.8599090576172,439300,False
BAP,2019-05-09,223.92999267578125,226.17999267578125,220.58999633789062,225.22999572753906,190.80941772460938,204500,False
BAP,2019-05-10,225.27999877929688,225.52999877929688,220.25,223.85000610351562,189.6403045654297,259700,False
BAP,2019-05-13,220.0399932861328,221.41000366210938,215.6699981689453,215.77999877929688,182.8035888671875,251500,False
BAP,2019-05-14,217.94000244140625,220.08999633789062,214.66000366210938,218.58999633789062,185.18414306640625,399800,False
BAP,2019-05-15,217.77999877929688,218.80999755859375,215.75999450683594,216.3800048828125,183.3118896484375,264100,False
BAP,2019-05-16,216.60000610351562,218.38999938964844,216.3800048828125,217.50999450683594,184.26919555664062,247400,False
BAP,2019-05-17,217.0500030517578,218.7100067138672,216.02000427246094,217.8300018310547,184.540283203125,440900,False
BAP,2019-05-20,217.4499969482422,220.75999450683594,215.77000427246094,220.2899932861328,186.62435913085938,530600,False
BAP,2019-05-21,220.3000030517578,224.5500030517578,219.97999572753906,223.92999267578125,189.70806884765625,1009500,False
BAP,2019-05-22,223.97999572753906,226.24000549316406,222.38999938964844,225.5399932861328,191.07203674316406,440800,False
BAP,2019-05-23,225.0,226.3000030517578,220.89999389648438,223.75999450683594,189.56405639648438,379100,False
BAP,2019-05-24,224.67999267578125,225.0,220.8699951171875,221.0800018310547,187.2936248779297,332600,False
BAP,2019-05-28,221.3000030517578,222.4499969482422,219.3800048828125,219.60000610351562,186.039794921875,678800,False
BAP,2019-05-29,218.4199981689453,220.38999938964844,216.5500030517578,219.7100067138672,186.13299560546875,383200,False
BAP,2019-05-30,219.58999633789062,223.3699951171875,219.58999633789062,221.77999877929688,187.88665771484375,218200,False
BAP,2019-05-31,220.8300018310547,224.3800048828125,218.63999938964844,223.8000030517578,189.5979461669922,407000,False
BAP,2019-06-03,224.58999633789062,225.3800048828125,221.4199981689453,222.3300018310547,188.3525848388672,168500,False
BAP,2019-06-04,223.75999450683594,224.64999389648438,221.1699981689453,223.83999633789062,189.6318359375,414900,False
BAP,2019-06-05,223.82000732421875,224.52999877929688,221.5500030517578,222.38999938964844,188.40342712402344,164800,False
BAP,2019-06-06,223.0800018310547,225.14999389648438,223.07000732421875,224.74000549316406,190.39430236816406,430500,False
BAP,2019-06-07,224.99000549316406,229.41000366210938,224.99000549316406,228.97000122070312,193.9778594970703,244300,False
BAP,2019-06-10,230.1199951171875,230.57000732421875,226.72999572753906,228.8800048828125,193.901611328125,146900,False
BAP,2019-06-11,230.42999267578125,232.39999389648438,227.08999633789062,227.92999267578125,193.09677124023438,168800,False
BAP,2019-06-12,226.9600067138672,227.72000122070312,222.8000030517578,223.60000610351562,189.42852783203125,289800,False
BAP,2019-06-13,223.14999389648438,224.08999633789062,220.25,220.5800018310547,186.8700408935547,309800,False
BAP,2019-06-14,220.10000610351562,221.0500030517578,218.16000366210938,220.9199981689453,187.1580810546875,197500,False
BAP,2019-06-17,221.22000122070312,221.32000732421875,218.41000366210938,218.5,185.10791015625,425600,False
BAP,2019-06-18,219.5500030517578,221.22000122070312,218.3000030517578,220.25,186.5904541015625,367800,False
BAP,2019-06-19,220.5,222.02999877929688,218.83999633789062,219.5500030517578,185.99745178222656,478000,False
BAP,2019-06-20,222.4499969482422,225.47999572753906,220.00999450683594,222.66000366210938,188.6321563720703,608000,False
BAP,2019-06-21,222.0,227.61000061035156,220.77000427246094,225.8699951171875,191.35157775878906,3298400,False
BAP,2019-06-24,224.3699951171875,227.86000061035156,224.3699951171875,227.0,192.3089141845703,264300,False
BAP,2019-06-25,226.66000366210938,230.91000366210938,226.3000030517578,227.05999755859375,192.3597412109375,804500,False
BAP,2019-06-26,227.27000427246094,228.94000244140625,226.19000244140625,228.8699951171875,193.89312744140625,874800,False
BAP,2019-06-27,229.57000732421875,231.47000122070312,227.94000244140625,231.0,195.69761657714844,403600,False
BAP,2019-06-28,231.8699951171875,231.8699951171875,227.36000061035156,228.91000366210938,193.92701721191406,558600,False
BAP,2019-07-01,231.0399932861328,231.69000244140625,228.5,230.86000061035156,195.57899475097656,179000,False
BAP,2019-07-02,230.97999572753906,233.61000061035156,229.6999969482422,232.52999877929688,196.99380493164062,333100,False
BAP,2019-07-03,232.11000061035156,235.10000610351562,231.75,234.77000427246094,198.89144897460938,183900,False
BAP,2019-07-05,235.10000610351562,238.72999572753906,235.07000732421875,238.3699951171875,201.94129943847656,434300,False
BAP,2019-07-08,237.97000122070312,240.8800048828125,236.47000122070312,238.19000244140625,201.788818359375,390100,False
BAP,2019-07-09,237.22999572753906,239.0399932861328,235.82000732421875,238.7899932861328,202.29708862304688,398300,False
BAP,2019-07-10,239.57000732421875,239.57000732421875,235.50999450683594,235.82000732421875,199.78099060058594,216900,False
BAP,2019-07-11,235.5,238.05999755859375,234.5800018310547,236.27999877929688,200.17071533203125,205100,False
BAP,2019-07-12,237.0399932861328,237.0399932861328,234.77999877929688,235.86000061035156,199.81488037109375,232700,False
BAP,2019-07-15,236.08999633789062,238.17999267578125,233.16000366210938,233.3000030517578,197.64610290527344,379500,False
BAP,2019-07-16,233.0,236.9600067138672,231.19000244140625,236.27999877929688,200.17071533203125,374900,False
BAP,2019-07-17,236.33999633789062,238.19000244140625,235.00999450683594,235.25999450683594,199.30657958984375,204600,False
BAP,2019-07-18,234.6199951171875,237.3800048828125,233.89999389648438,236.3800048828125,200.25540161132812,366200,False
BAP,2019-07-19,236.60000610351562,238.24000549316406,230.0500030517578,230.5500030517578,195.31639099121094,260000,False
BAP,2019-07-22,230.86000061035156,231.3699951171875,227.82000732421875,227.99000549316406,193.14759826660156,607900,False
BAP,2019-07-23,227.94000244140625,228.83999633789062,225.61000061035156,226.47999572753906,191.86834716796875,438200,False
BAP,2019-07-24,226.00999450683594,229.16000366210938,226.00999450683594,228.52999877929688,193.60508728027344,172700,False
BAP,2019-07-25,228.60000610351562,228.88999938964844,226.74000549316406,228.13999938964844,193.27467346191406,152900,False
BAP,2019-07-26,228.5,230.47999572753906,228.05999755859375,229.58999633789062,194.50306701660156,164200,False
BAP,2019-07-29,228.97000122070312,229.63999938964844,222.64999389648438,224.4199981689453,190.12319946289062,308000,False
BAP,2019-07-30,222.8300018310547,223.33999633789062,218.5,218.9600067138672,185.49761962890625,188700,False
BAP,2019-07-31,218.83999633789062,219.66000366210938,217.3000030517578,217.99000549316406,184.67584228515625,491900,False
BAP,2019-08-01,218.16000366210938,221.1999969482422,216.0,217.19000244140625,183.9981231689453,220300,False
BAP,2019-08-02,216.24000549316406,216.9600067138672,212.72999572753906,214.60000610351562,181.803955078125,209400,False
BAP,2019-08-05,211.8300018310547,212.58999633789062,208.02999877929688,209.16000366210938,177.19529724121094,277100,False
BAP,2019-08-06,210.57000732421875,212.19000244140625,208.36000061035156,210.11000061035156,178.00009155273438,337000,False
BAP,2019-08-07,207.42999267578125,214.35000610351562,206.25,213.5399932861328,180.90589904785156,238500,False
BAP,2019-08-08,213.6300048828125,215.5,212.52000427246094,214.83999633789062,182.0072479248047,271600,False
BAP,2019-08-09,216.99000549316406,216.99000549316406,206.77000427246094,207.39999389648438,175.70423889160156,561400,False
BAP,2019-08-12,205.7899932861328,207.4199981689453,201.97000122070312,202.14999389648438,171.25660705566406,399600,False
BAP,2019-08-13,203.41000366210938,209.8800048828125,202.07000732421875,207.92999267578125,176.15325927734375,525900,False
BAP,2019-08-14,204.64999389648438,206.69000244140625,201.19000244140625,201.19000244140625,170.44329833984375,300300,False
BAP,2019-08-15,202.39999389648438,203.42999267578125,200.33999633789062,202.17999267578125,171.28199768066406,450400,False
BAP,2019-08-16,204.1699981689453,207.8300018310547,204.02000427246094,206.25,174.73001098632812,568800,False
BAP,2019-08-19,207.97000122070312,208.39999389648438,205.36000061035156,206.47000122070312,174.9163818359375,323200,False
BAP,2019-08-20,205.75,207.3699951171875,204.88999938964844,205.52999877929688,174.1200408935547,357600,False
BAP,2019-08-21,206.57000732421875,207.8699951171875,205.22999572753906,206.14999389648438,174.64527893066406,328500,False
BAP,2019-08-22,206.64999389648438,208.85000610351562,203.58999633789062,203.7100067138672,172.57818603515625,236800,False
BAP,2019-08-23,203.5399932861328,205.75999450683594,201.11000061035156,201.3300018310547,170.56190490722656,350300,False
BAP,2019-08-26,202.3300018310547,203.4600067138672,199.8300018310547,200.77999877929688,170.095947265625,142700,False
BAP,2019-08-27,200.22999572753906,203.72999572753906,200.1999969482422,201.1999969482422,170.4517822265625,481700,False
BAP,2019-08-28,200.14999389648438,202.1999969482422,200.14999389648438,201.60000610351562,170.7906494140625,239000,False
BAP,2019-08-29,202.91000366210938,204.6199951171875,202.58999633789062,203.33999633789062,172.26470947265625,207500,False
BAP,2019-08-30,204.11000061035156,207.1199951171875,203.16000366210938,207.1199951171875,175.46705627441406,224800,False
BAP,2019-09-03,206.05999755859375,206.47999572753906,204.3800048828125,205.00999450683594,173.6795196533203,252100,False
BAP,2019-09-04,206.8000030517578,207.47999572753906,204.13999938964844,205.3800048828125,173.9929656982422,277000,False
BAP,2019-09-05,208.75,212.6699981689453,207.24000549316406,211.61000061035156,179.27085876464844,389300,False
BAP,2019-09-06,212.5500030517578,214.44000244140625,210.6699981689453,212.72999572753906,180.21969604492188,247600,False
BAP,2019-09-09,213.67999267578125,213.9499969482422,209.36000061035156,211.72000122070312,179.36404418945312,405700,False
BAP,2019-09-10,211.47000122070312,212.94000244140625,210.47000122070312,212.24000549316406,179.80459594726562,201400,False
BAP,2019-09-11,213.4199981689453,213.8000030517578,211.8300018310547,213.8000030517578,181.12620544433594,187700,False
BAP,2019-09-12,213.52999877929688,215.1300048828125,211.82000732421875,214.41000366210938,181.6429901123047,138200,False
BAP,2019-09-13,215.74000549316406,216.7100067138672,213.4499969482422,215.4499969482422,182.5240020751953,175500,False
BAP,2019-09-16,215.14999389648438,216.69000244140625,214.17999267578125,216.61000061035156,183.50674438476562,170500,False
BAP,2019-09-17,215.77999877929688,215.77999877929688,211.8800048828125,214.1999969482422,181.46505737304688,228100,False
BAP,2019-09-18,213.6699981689453,214.91000366210938,212.8000030517578,214.22000122070312,181.48199462890625,175000,False
BAP,2019-09-19,213.99000549316406,214.80999755859375,210.17999267578125,212.1199951171875,179.7029266357422,210700,False
BAP,2019-09-20,212.2899932861328,213.88999938964844,209.1699981689453,209.3699951171875,177.37319946289062,559500,False
BAP,2019-09-23,209.9499969482422,210.57000732421875,206.32000732421875,207.6999969482422,175.95840454101562,309900,False
BAP,2019-09-24,206.27999877929688,207.75999450683594,203.39999389648438,207.25999450683594,175.58566284179688,978200,False
BAP,2019-09-25,207.25999450683594,210.3800048828125,206.22999572753906,209.97000122070312,177.88150024414062,400800,False
BAP,2019-09-26,209.8000030517578,212.3300018310547,208.72000122070312,212.1199951171875,179.7029266357422,236000,False
BAP,2019-09-27,213.80999755859375,214.97999572753906,211.22000122070312,212.64999389648438,180.15191650390625,636000,False
BAP,2019-09-30,212.57000732421875,212.89999389648438,208.44000244140625,208.44000244140625,176.58531188964844,364900,False
BAP,2019-10-01,205.3699951171875,205.6699981689453,200.7899932861328,204.11000061035156,172.9170684814453,601900,False
BAP,2019-10-02,204.14999389648438,204.14999389648438,200.22000122070312,202.0399932861328,171.16342163085938,438900,False
BAP,2019-10-03,202.10000610351562,205.3699951171875,200.47000122070312,203.55999755859375,172.4510955810547,176400,False
BAP,2019-10-04,203.99000549316406,208.3300018310547,203.99000549316406,207.64999389648438,175.91604614257812,284200,False
BAP,2019-10-07,206.7100067138672,210.1199951171875,206.22999572753906,207.02999877929688,175.3907928466797,248000,False
BAP,2019-10-08,205.7899932861328,208.27999877929688,204.85000610351562,205.13999938964844,173.78964233398438,329400,False
BAP,2019-10-09,206.41000366210938,206.75,203.9600067138672,204.0,172.82386779785156,239300,False
BAP,2019-10-10,203.64999389648438,205.1699981689453,203.0,203.1300048828125,172.0868377685547,380900,False
BAP,2019-10-11,204.60000610351562,210.86000061035156,204.22999572753906,208.77999877929688,176.8733673095703,144400,False
BAP,2019-10-14,207.6199951171875,209.5500030517578,207.22000122070312,208.55999755859375,176.68699645996094,152400,False
BAP,2019-10-15,209.39999389648438,210.52000427246094,208.27999877929688,209.97000122070312,177.88150024414062,443800,False
BAP,2019-10-16,209.8800048828125,211.0399932861328,206.5,209.27999877929688,177.29693603515625,213300,False
BAP,2019-10-17,210.35000610351562,211.80999755859375,209.13999938964844,209.25,177.27151489257812,161200,False
BAP,2019-10-18,209.2100067138672,213.1999969482422,209.2100067138672,209.8300018310547,177.76290893554688,174300,False
BAP,2019-10-21,211.2100067138672,211.33999633789062,207.94000244140625,209.9600067138672,177.87303161621094,170000,False
BAP,2019-10-22,208.14999389648438,209.77000427246094,206.3800048828125,207.66000366210938,177.92616271972656,180900,False
BAP,2019-10-23,207.44000244140625,212.4199981689453,207.2100067138672,212.0500030517578,181.68759155273438,244600,False
BAP,2019-10-24,213.0,215.5399932861328,211.72999572753906,214.97000122070312,184.18946838378906,561100,False
BAP,2019-10-25,215.14999389648438,215.5800018310547,211.52000427246094,212.63999938964844,182.19308471679688,168400,False
BAP,2019-10-28,212.75999450683594,214.74000549316406,212.22999572753906,213.83999633789062,183.2212677001953,164900,False
BAP,2019-10-29,213.86000061035156,214.8000030517578,212.27000427246094,213.72000122070312,183.11843872070312,182000,False
BAP,2019-10-30,213.5500030517578,213.77999877929688,209.35000610351562,211.99000549316406,181.6361846923828,229700,False
BAP,2019-10-31,211.33999633789062,214.16000366210938,209.3800048828125,214.0399932861328,183.39263916015625,298700,False
BAP,2019-11-01,215.0,216.55999755859375,213.19000244140625,216.55999755859375,185.55181884765625,200000,False
BAP,2019-11-04,218.69000244140625,219.1199951171875,213.8800048828125,214.94000244140625,184.1637725830078,203600,False
BAP,2019-11-05,214.42999267578125,215.63999938964844,210.22000122070312,212.5399932861328,182.10739135742188,284500,False
BAP,2019-11-06,211.61000061035156,212.6300048828125,210.22999572753906,212.52000427246094,182.0902862548828,171500,False
BAP,2019-11-07,213.89999389648438,217.52000427246094,213.3300018310547,217.3300018310547,186.21156311035156,314700,False
BAP,2019-11-08,217.57000732421875,217.57000732421875,204.41000366210938,206.75,177.1464385986328,351100,False
BAP,2019-11-11,205.25,207.52000427246094,204.67999267578125,205.82000732421875,176.349609375,406300,False
BAP,2019-11-12,206.52000427246094,206.52000427246094,203.5399932861328,203.77000427246094,174.59315490722656,349800,False
BAP,2019-11-13,203.0500030517578,206.10000610351562,202.5,204.6699981689453,175.36428833007812,239800,False
BAP,2019-11-14,204.75999450683594,204.97999572753906,202.9600067138672,203.94000244140625,174.73880004882812,166500,False
BAP,2019-11-15,204.41000366210938,210.85000610351562,204.41000366210938,210.61000061035156,180.45375061035156,231100,False
BAP,2019-11-18,210.66000366210938,212.16000366210938,209.3699951171875,210.82000732421875,180.63369750976562,173900,False
BAP,2019-11-19,210.86000061035156,210.86000061035156,205.60000610351562,208.19000244140625,178.38026428222656,200700,False
BAP,2019-11-20,207.6999969482422,208.17999267578125,205.74000549316406,207.0800018310547,177.42919921875,155100,False
BAP,2019-11-21,208.17999267578125,208.39999389648438,205.2899932861328,208.02000427246094,178.23460388183594,160800,False
BAP,2019-11-22,208.80999755859375,209.2899932861328,206.11000061035156,207.75999450683594,178.01182556152344,159800,False
BAP,2019-11-25,208.47999572753906,210.4600067138672,207.8000030517578,209.6699981689453,179.6483612060547,149000,False
BAP,2019-11-26,208.97999572753906,209.35000610351562,206.6300048828125,207.63999938964844,177.90902709960938,433700,False
BAP,2019-11-27,208.0800018310547,211.13999938964844,206.4199981689453,210.52999877929688,180.3852081298828,259700,False
BAP,2019-11-29,209.5500030517578,211.60000610351562,207.99000549316406,211.19000244140625,180.95071411132812,129000,False
BAP,2019-12-02,211.5399932861328,212.97000122070312,208.8699951171875,211.5800018310547,181.28488159179688,211600,False
BAP,2019-12-03,209.66000366210938,209.88999938964844,206.1699981689453,206.50999450683594,176.94082641601562,195700,False
BAP,2019-12-04,206.27999877929688,208.6300048828125,205.4499969482422,207.1199951171875,177.46347045898438,160700,False
BAP,2019-12-05,207.25999450683594,207.3300018310547,203.63999938964844,206.42999267578125,176.87228393554688,276500,False
BAP,2019-12-06,207.2100067138672,209.32000732421875,206.8000030517578,207.72999572753906,177.9861297607422,195500,False
BAP,2019-12-09,207.6999969482422,208.89999389648438,206.89999389648438,207.5800018310547,177.8576202392578,135100,False
BAP,2019-12-10,207.02000427246094,208.1699981689453,203.27999877929688,203.88999938964844,174.69595336914062,486700,False
BAP,2019-12-11,204.32000732421875,205.44000244140625,203.25,204.6699981689453,175.36428833007812,459400,False
BAP,2019-12-12,204.80999755859375,210.6199951171875,204.80999755859375,208.3800048828125,178.5430450439453,169700,False
BAP,2019-12-13,208.41000366210938,210.35000610351562,206.55999755859375,207.89999389648438,178.13180541992188,289300,False
BAP,2019-12-16,208.80999755859375,209.91000366210938,207.0800018310547,207.1999969482422,177.5320281982422,209200,False
BAP,2019-12-17,207.97999572753906,210.8000030517578,206.77999877929688,210.55999755859375,180.41090393066406,276100,False
BAP,2019-12-18,211.07000732421875,212.1699981689453,210.58999633789062,211.97999572753906,181.62759399414062,316200,False
BAP,2019-12-19,211.83999633789062,214.89999389648438,211.2100067138672,214.6300048828125,183.8981475830078,195900,False
BAP,2019-12-20,213.5,215.4600067138672,212.85000610351562,214.3300018310547,183.64108276367188,440000,False
BAP,2019-12-23,214.35000610351562,216.4199981689453,212.72000122070312,215.5500030517578,184.6864013671875,149900,False
BAP,2019-12-24,215.5,215.63999938964844,213.25,213.60000610351562,183.01564025878906,45200,False
BAP,2019-12-26,213.75999450683594,215.8000030517578,213.61000061035156,215.02999877929688,184.24087524414062,73700,False
BAP,2019-12-27,215.2100067138672,215.9600067138672,214.33999633789062,215.33999633789062,184.50650024414062,72000,False
BAP,2019-12-30,215.3800048828125,215.3800048828125,213.4600067138672,214.02999877929688,183.38406372070312,104100,False
BAP,2019-12-31,213.55999755859375,214.25999450683594,212.24000549316406,213.1300048828125,182.61293029785156,107600,False
BAP,2020-01-02,213.69000244140625,219.44000244140625,213.69000244140625,219.22999572753906,187.83950805664062,173400,False
BAP,2020-01-03,216.63999938964844,218.35000610351562,215.50999450683594,217.89999389648438,186.69993591308594,142700,False
BAP,2020-01-06,216.6300048828125,216.77999877929688,214.61000061035156,216.61000061035156,185.59466552734375,189500,False
BAP,2020-01-07,215.24000549316406,216.0500030517578,209.49000549316406,209.5,179.502685546875,309800,False
BAP,2020-01-08,208.85000610351562,212.42999267578125,208.85000610351562,210.50999450683594,180.36805725097656,193200,False
BAP,2020-01-09,211.69000244140625,213.19000244140625,209.7899932861328,212.77999877929688,182.31304931640625,326100,False
BAP,2020-01-10,213.33999633789062,213.42999267578125,209.8300018310547,210.57000732421875,180.4194793701172,193400,False
BAP,2020-01-13,211.02999877929688,212.77000427246094,208.6300048828125,211.55999755859375,181.2677459716797,236100,False
BAP,2020-01-14,211.1999969482422,212.8000030517578,208.83999633789062,210.9499969482422,180.7450714111328,228200,False
BAP,2020-01-15,211.35000610351562,214.8300018310547,209.97000122070312,213.5800018310547,182.99850463867188,313200,False
BAP,2020-01-16,214.58999633789062,219.80999755859375,213.89999389648438,215.85000610351562,184.94349670410156,274700,False
BAP,2020-01-17,215.8800048828125,217.17999267578125,212.41000366210938,216.85000610351562,185.80026245117188,262100,False
BAP,2020-01-21,216.32000732421875,218.5,214.74000549316406,218.0,186.78562927246094,187500,False
BAP,2020-01-22,218.8000030517578,220.25,218.44000244140625,219.47999572753906,188.05369567871094,265300,False
BAP,2020-01-23,218.85000610351562,219.92999267578125,217.50999450683594,219.22000122070312,187.8309326171875,122900,False
BAP,2020-01-24,219.75999450683594,219.75999450683594,216.32000732421875,217.47000122070312,186.33151245117188,147500,False
BAP,2020-01-27,214.32000732421875,214.32000732421875,211.1300048828125,211.1300048828125,180.89930725097656,166700,False
BAP,2020-01-28,212.3699951171875,214.22999572753906,211.9499969482422,213.3800048828125,182.8271484375,167000,False
BAP,2020-01-29,214.0399932861328,214.69000244140625,212.47999572753906,213.1300048828125,182.61293029785156,238700,False
BAP,2020-01-30,211.74000549316406,212.5399932861328,207.24000549316406,210.38999938964844,180.26527404785156,295600,False
BAP,2020-01-31,208.89999389648438,209.1699981689453,205.16000366210938,206.5800018310547,177.00079345703125,328900,False
BAP,2020-02-03,207.88999938964844,210.39999389648438,206.88999938964844,208.83999633789062,178.9371795654297,151600,False
BAP,2020-02-04,211.17999267578125,214.6300048828125,210.64999389648438,214.38999938964844,183.6925048828125,170900,False
BAP,2020-02-05,216.33999633789062,219.5,215.08999633789062,215.6300048828125,184.75497436523438,233800,False
BAP,2020-02-06,215.57000732421875,215.57000732421875,198.92999267578125,203.00999450683594,173.9419708251953,989300,False
BAP,2020-02-07,203.0,203.9600067138672,199.5399932861328,201.25,172.43397521972656,280400,False
BAP,2020-02-10,200.8800048828125,205.38999938964844,200.60000610351562,204.49000549316406,175.21005249023438,242000,False
BAP,2020-02-11,205.61000061035156,207.67999267578125,204.35000610351562,204.82000732421875,175.49281311035156,274400,False
BAP,2020-02-12,204.05999755859375,211.00999450683594,204.0,208.55999755859375,178.69729614257812,348600,False
BAP,2020-02-13,208.57000732421875,209.00999450683594,206.69000244140625,206.8300018310547,177.2150115966797,221300,False
BAP,2020-02-14,207.0,207.1199951171875,203.0,204.0500030517578,174.8330535888672,250300,False
BAP,2020-02-18,202.5800018310547,203.4199981689453,201.22999572753906,201.41000366210938,172.57106018066406,395300,False
BAP,2020-02-19,202.75999450683594,203.3699951171875,200.75999450683594,201.24000549316406,172.42539978027344,216200,False
BAP,2020-02-20,201.08999633789062,201.50999450683594,198.8800048828125,199.00999450683594,170.51470947265625,294000,False
BAP,2020-02-21,198.99000549316406,200.7899932861328,198.35000610351562,199.22000122070312,170.6946258544922,313800,False
BAP,2020-02-24,195.52999877929688,196.88999938964844,192.8699951171875,193.9199981689453,166.1535186767578,359900,False
BAP,2020-02-25,194.47000122070312,195.22000122070312,187.5500030517578,187.85000610351562,160.95266723632812,249700,False
BAP,2020-02-26,189.6199951171875,191.52999877929688,188.3000030517578,189.3800048828125,162.26356506347656,350200,False
BAP,2020-02-27,187.85000610351562,189.6699981689453,182.8000030517578,182.80999755859375,156.63429260253906,221200,False
BAP,2020-02-28,180.13999938964844,182.02999877929688,175.0399932861328,181.27000427246094,155.3148193359375,570600,False
BAP,2020-03-02,181.9600067138672,191.13999938964844,180.94000244140625,190.13999938964844,162.91476440429688,356100,False
BAP,2020-03-03,190.35000610351562,193.47999572753906,184.89999389648438,187.3000030517578,160.48143005371094,306400,False
BAP,2020-03-04,189.86000061035156,198.99000549316406,188.6300048828125,198.97999572753906,170.48899841308594,314100,False
BAP,2020-03-05,194.39999389648438,196.9199981689453,190.0,192.25999450683594,164.73121643066406,397800,False
BAP,2020-03-06,188.3699951171875,189.00999450683594,181.9600067138672,186.5500030517578,159.8387908935547,455100,False
BAP,2020-03-09,175.0,177.82000732421875,172.7100067138672,174.6199951171875,149.61700439453125,318300,False
BAP,2020-03-10,180.5,182.60000610351562,173.2100067138672,181.97999572753906,155.9231414794922,488500,False
BAP,2020-03-11,177.6699981689453,178.6300048828125,170.72000122070312,170.9600067138672,146.48106384277344,407500,False
BAP,2020-03-12,147.5,159.17999267578125,147.10000610351562,153.3699951171875,131.40966796875,507100,True
BAP,2020-03-13,165.00999450683594,174.8300018310547,156.42999267578125,173.85000610351562,148.95726013183594,481000,True
BAP,2020-03-16,155.8800048828125,162.52999877929688,148.55999755859375,149.41000366210938,128.01669311523438,442700,True
BAP,2020-03-17,151.88999938964844,155.67999267578125,145.77999877929688,146.6999969482422,125.69473266601562,332400,False
BAP,2020-03-18,138.72000122070312,139.9600067138672,126.91000366210938,135.2899932861328,115.91847229003906,374800,False
BAP,2020-03-19,134.19000244140625,138.49000549316406,128.08999633789062,135.07000732421875,115.72999572753906,395500,False
BAP,2020-03-20,137.9499969482422,145.0,131.3699951171875,132.8300018310547,113.81070709228516,760000,False
BAP,2020-03-23,131.60000610351562,134.60000610351562,121.23999786376953,124.16000366210938,106.38213348388672,430800,False
BAP,2020-03-24,129.6999969482422,131.75,125.18000030517578,128.25,109.8864974975586,596300,False
BAP,2020-03-25,128.75999450683594,131.9499969482422,126.75,128.0,109.67229461669922,1213700,False
BAP,2020-03-26,128.6699981689453,134.74000549316406,126.6500015258789,129.6199951171875,111.06034088134766,1710000,False
BAP,2020-03-27,125.2699966430664,129.60000610351562,118.0,125.8499984741211,107.83013916015625,830800,False
BAP,2020-03-30,126.62000274658203,133.91000366210938,123.2300033569336,133.10000610351562,114.04205322265625,434000,False
BAP,2020-03-31,131.47999572753906,147.47999572753906,131.11000061035156,143.07000732421875,122.58450317382812,727000,False
BAP,2020-04-01,138.27999877929688,139.91000366210938,131.35000610351562,133.8800048828125,114.71037292480469,479300,False
BAP,2020-04-02,133.8800048828125,139.5,132.89999389648438,136.63999938964844,117.0751724243164,619700,False
BAP,2020-04-03,135.44000244140625,136.86000061035156,129.41000366210938,129.5500030517578,111.0003433227539,322200,False
BAP,2020-04-06,134.5800018310547,137.41000366210938,132.55999755859375,133.83999633789062,114.67608642578125,678900,False
BAP,2020-04-07,138.99000549316406,141.5500030517578,132.07000732421875,132.32000732421875,113.37373352050781,409700,False
BAP,2020-04-08,133.2100067138672,137.22000122070312,130.97999572753906,136.36000061035156,125.16205596923828,365800,False
BAP,2020-04-09,131.67999267578125,136.22000122070312,129.75,135.6199951171875,124.48283386230469,439100,False
BAP,2020-04-13,136.02999877929688,136.02999877929688,129.17999267578125,134.2899932861328,123.26203918457031,179300,False
BAP,2020-04-14,138.44000244140625,138.44000244140625,132.72000122070312,137.75,126.43789672851562,995200,False
BAP,2020-04-15,133.72000122070312,141.02000427246094,131.86000061035156,138.92999267578125,127.52099609375,690800,False
BAP,2020-04-16,138.92999267578125,142.47999572753906,138.5,141.50999450683594,129.88912963867188,583400,False
BAP,2020-04-17,145.39999389648438,146.97000122070312,140.7899932861328,144.02000427246094,132.19300842285156,622200,False
BAP,2020-04-20,141.74000549316406,145.14999389648438,141.0399932861328,142.8699951171875,131.137451171875,562500,False
BAP,2020-04-21,138.9499969482422,141.58999633789062,136.05999755859375,138.2100067138672,126.8601303100586,456800,False
BAP,2020-04-22,140.64999389648438,141.52000427246094,136.33999633789062,138.6199951171875,127.2364501953125,427000,False
BAP,2020-04-23,138.66000366210938,141.02999877929688,135.75,137.0399932861328,125.78619384765625,384600,False
BAP,2020-04-24,136.77000427246094,137.49000549316406,133.6199951171875,134.2100067138672,123.18862915039062,339500,False
BAP,2020-04-27,135.0399932861328,139.16000366210938,134.1999969482422,137.64999389648438,126.34610748291016,298500,False
BAP,2020-04-28,141.0,141.89999389648438,139.32000732421875,139.92999267578125,128.43887329101562,272500,False
BAP,2020-04-29,143.0399932861328,150.1999969482422,142.83999633789062,149.08999633789062,136.84666442871094,543900,False
BAP,2020-04-30,147.33999633789062,149.5,147.1300048828125,149.02000427246094,136.7824249267578,525900,False
BAP,2020-05-01,146.25,147.11000061035156,138.6699981689453,139.57000732421875,128.1084747314453,184200,False
BAP,2020-05-04,137.6699981689453,142.3300018310547,135.27000427246094,141.8000030517578,130.15533447265625,214500,False
BAP,2020-05-05,142.89999389648438,147.8800048828125,141.64999389648438,142.57000732421875,130.86207580566406,498900,False
BAP,2020-05-06,143.08999633789062,144.22000122070312,140.38999938964844,142.2100067138672,130.53164672851562,155900,False
BAP,2020-05-07,144.38999938964844,146.97999572753906,141.3699951171875,143.6199951171875,131.82586669921875,362900,False
BAP,2020-05-08,147.86000061035156,148.47000122070312,145.0,145.66000366210938,133.69834899902344,366600,False
BAP,2020-05-11,143.6300048828125,144.05999755859375,140.10000610351562,141.9199981689453,130.2654571533203,318800,False
BAP,2020-05-12,143.11000061035156,144.3000030517578,140.72999572753906,141.00999450683594,129.43019104003906,469700,False
BAP,2020-05-13,141.2899932861328,141.2899932861328,134.92999267578125,135.60000610351562,124.46448516845703,346400,False
BAP,2020-05-14,134.16000366210938,138.17999267578125,131.88999938964844,135.99000549316406,124.82244873046875,418700,False
BAP,2020-05-15,135.02000427246094,136.35000610351562,132.5500030517578,133.64999389648438,122.6745834350586,224600,False
BAP,2020-05-18,137.16000366210938,140.41000366210938,133.9499969482422,135.80999755859375,124.65721893310547,436900,False
BAP,2020-05-19,135.58999633789062,136.4199981689453,132.64999389648438,132.91000366210938,121.9953842163086,605200,False
BAP,2020-05-20,134.89999389648438,135.86000061035156,132.5,133.00999450683594,122.087158203125,343600,False
BAP,2020-05-21,133.42999267578125,134.52000427246094,132.89999389648438,134.33999633789062,123.30794525146484,294900,False
BAP,2020-05-22,133.35000610351562,134.19000244140625,131.3699951171875,132.50999450683594,121.6281967163086,252100,False
BAP,2020-05-26,136.57000732421875,138.88999938964844,134.5399932861328,136.25999450683594,125.07025909423828,360000,False
BAP,2020-05-27,140.57000732421875,143.9499969482422,139.07000732421875,141.63999938964844,130.0084686279297,480200,False
BAP,2020-05-28,142.6300048828125,142.83999633789062,139.52999877929688,142.42999267578125,130.73358154296875,457600,False
BAP,2020-05-29,140.77000427246094,141.22000122070312,134.5,137.82000732421875,126.50216674804688,809000,False
BAP,2020-06-01,138.9199981689453,142.64999389648438,138.67999267578125,140.5500030517578,129.0079803466797,391600,False
BAP,2020-06-02,142.5,144.5,141.60000610351562,144.0500030517578,132.22055053710938,303500,False
BAP,2020-06-03,146.91000366210938,152.72000122070312,145.97000122070312,151.9499969482422,139.47178649902344,457200,False
BAP,2020-06-04,151.11000061035156,156.57000732421875,149.83999633789062,155.1699981689453,142.42738342285156,449400,False
BAP,2020-06-05,161.30999755859375,166.8300018310547,159.88999938964844,166.35000610351562,152.68927001953125,1061000,False
BAP,2020-06-08,168.72000122070312,172.1199951171875,167.61000061035156,169.64999389648438,155.71826171875,398900,False
BAP,2020-06-09,165.0,166.67999267578125,161.4199981689453,165.97999572753906,152.34963989257812,461800,False
BAP,2020-06-10,164.4199981689453,165.88999938964844,160.08999633789062,160.33999633789062,147.17282104492188,653500,False
BAP,2020-06-11,154.85000610351562,158.08999633789062,153.66000366210938,154.00999450683594,141.3626251220703,483800,False
BAP,2020-06-12,158.7100067138672,158.9499969482422,152.47000122070312,156.3800048828125,143.53799438476562,380400,False
BAP,2020-06-15,152.1300048828125,159.74000549316406,151.49000549316406,157.72000122070312,144.76795959472656,397200,False
BAP,2020-06-16,162.5800018310547,163.52999877929688,155.44000244140625,156.3300018310547,143.4921112060547,484700,False
BAP,2020-06-17,155.57000732421875,157.9499969482422,151.6300048828125,154.47000122070312,141.78485107421875,981600,False
BAP,2020-06-18,153.72999572753906,155.38999938964844,149.39999389648438,149.9199981689453,137.60848999023438,359900,False
BAP,2020-06-19,152.2899932861328,152.2899932861328,147.64999389648438,147.92999267578125,135.7819061279297,1102800,False
BAP,2020-06-22,147.49000549316406,147.49000549316406,144.8300018310547,145.2100067138672,133.28529357910156,361800,False
BAP,2020-06-23,146.32000732421875,147.0500030517578,141.6300048828125,142.8699951171875,131.137451171875,622800,False
BAP,2020-06-24,140.8800048828125,140.8800048828125,137.08999633789062,139.77000427246094,128.29202270507812,508800,False
BAP,2020-06-25,138.74000549316406,139.74000549316406,136.17999267578125,136.7899932861328,125.55673217773438,592000,False
BAP,2020-06-26,135.60000610351562,137.2899932861328,134.75,135.10000610351562,124.00553131103516,301100,False
BAP,2020-06-29,135.3000030517578,136.1300048828125,133.49000549316406,135.3000030517578,124.18910217285156,253600,False
BAP,2020-06-30,134.2899932861328,135.39999389648438,132.94000244140625,133.6699981689453,122.69295501708984,270000,False
BAP,2020-07-01,133.44000244140625,137.27999877929688,133.2100067138672,133.88999938964844,122.89488983154297,270300,False
BAP,2020-07-02,135.38999938964844,137.60000610351562,131.5399932861328,132.1300048828125,121.27942657470703,426000,False
BAP,2020-07-06,135.0,135.4199981689453,132.25,133.24000549316406,122.29828643798828,881600,False
BAP,2020-07-07,132.22999572753906,133.33999633789062,130.47000122070312,133.2899932861328,122.34416198730469,809900,False
BAP,2020-07-08,133.8300018310547,134.72000122070312,129.41000366210938,129.5800018310547,118.9388427734375,700500,False
BAP,2020-07-09,129.0800018310547,129.16000366210938,125.0,125.0999984741211,114.82673645019531,358600,False
BAP,2020-07-10,125.41000366210938,129.2100067138672,124.72000122070312,128.74000549316406,118.16780853271484,421300,False
BAP,2020-07-13,129.82000732421875,130.36000061035156,125.58999633789062,127.69000244140625,117.20404052734375,599100,False
BAP,2020-07-14,127.52999877929688,127.68000030517578,124.30000305175781,127.0,116.5707015991211,444000,False
BAP,2020-07-15,129.1699981689453,131.42999267578125,127.9800033569336,130.50999450683594,119.79244232177734,335300,False
BAP,2020-07-16,129.69000244140625,132.22999572753906,128.5399932861328,128.82000732421875,118.24124908447266,240700,False
BAP,2020-07-17,129.00999450683594,129.00999450683594,126.29000091552734,128.50999450683594,117.9566879272461,249800,False
BAP,2020-07-20,127.4000015258789,128.72999572753906,126.23999786376953,126.25,115.88229370117188,201300,False
BAP,2020-07-21,127.33999633789062,129.58999633789062,126.70999908447266,127.98999786376953,117.47940063476562,739300,False
BAP,2020-07-22,126.9000015258789,129.35000610351562,125.41000366210938,126.83000183105469,116.4146728515625,372700,False
BAP,2020-07-23,126.66999816894531,129.4199981689453,126.5,128.69000244140625,118.1219253540039,460000,False
BAP,2020-07-24,128.41000366210938,129.25,126.75,127.2699966430664,116.81851959228516,117000,False
BAP,2020-07-27,126.33000183105469,126.62999725341797,123.87999725341797,126.41999816894531,116.03832244873047,200600,False
BAP,2020-07-28,126.5,127.73999786376953,124.9000015258789,125.91999816894531,115.57939147949219,305500,False
BAP,2020-07-29,126.33000183105469,129.19000244140625,125.98999786376953,129.13999938964844,118.53497314453125,572700,False
BAP,2020-07-30,127.8499984741211,129.22999572753906,126.0199966430664,129.11000061035156,118.5074234008789,328200,False
BAP,2020-07-31,128.94000244140625,128.94000244140625,124.94999694824219,127.16999816894531,116.72673797607422,352300,False
BAP,2020-08-03,126.93000030517578,128.66000366210938,125.25,127.2699966430664,116.81851959228516,358600,False
BAP,2020-08-04,127.73999786376953,127.73999786376953,124.55999755859375,124.61000061035156,114.3769760131836,305800,False
BAP,2020-08-05,125.83000183105469,127.33999633789062,124.81999969482422,125.08000183105469,114.8083724975586,459000,False
BAP,2020-08-06,123.4800033569336,125.1500015258789,122.36000061035156,124.19999694824219,114.0006332397461,372200,False
BAP,2020-08-07,124.23999786376953,129.4199981689453,122.62999725341797,128.4499969482422,117.90161895751953,551100,False
BAP,2020-08-10,128.27999877929688,129.3300018310547,126.38999938964844,128.83999633789062,118.25959777832031,280400,False
BAP,2020-08-11,130.85000610351562,132.3800048828125,129.14999389648438,129.22999572753906,118.61756896972656,269600,False
BAP,2020-08-12,130.80999755859375,131.8800048828125,128.66000366210938,130.8800048828125,120.132080078125,248200,False
BAP,2020-08-13,130.63999938964844,132.6999969482422,127.69999694824219,131.8300018310547,121.00406646728516,264100,False
BAP,2020-08-14,130.6199951171875,132.3699951171875,130.5500030517578,131.86000061035156,121.0315933227539,232200,False
BAP,2020-08-17,131.58999633789062,131.8699951171875,128.69000244140625,129.25,118.63592529296875,841900,False
BAP,2020-08-18,128.8000030517578,130.92999267578125,128.8000030517578,130.27999877929688,119.58134460449219,255500,False
BAP,2020-08-19,130.07000732421875,131.42999267578125,129.35000610351562,129.42999267578125,118.80113220214844,305400,False
BAP,2020-08-20,128.35000610351562,129.77000427246094,127.0,128.02999877929688,117.51612091064453,538600,False
BAP,2020-08-21,127.02999877929688,127.38999938964844,125.31999969482422,126.1500015258789,115.7905044555664,271700,False
BAP,2020-08-24,126.41999816894531,128.9600067138672,126.41999816894531,128.75,118.17699432373047,192800,False
BAP,2020-08-25,129.77999877929688,130.1699981689453,128.63999938964844,130.0,119.3243408203125,160200,False
BAP,2020-08-26,130.2100067138672,130.2100067138672,128.2100067138672,129.6300048828125,118.9847412109375,224500,False
BAP,2020-08-27,129.47000122070312,131.5800018310547,129.02999877929688,130.38999938964844,119.68231201171875,192100,False
BAP,2020-08-28,130.3300018310547,131.0399932861328,128.6999969482422,130.0,119.3243408203125,260100,False
BAP,2020-08-31,130.25,130.67999267578125,128.55999755859375,130.47999572753906,119.7649154663086,239100,False
BAP,2020-09-01,130.11000061035156,132.44000244140625,129.0399932861328,131.24000549316406,120.4625244140625,207900,False
BAP,2020-09-02,131.75,132.6199951171875,131.0,131.50999450683594,120.71033477783203,246000,False
BAP,2020-09-03,131.38999938964844,134.24000549316406,131.38999938964844,132.77999877929688,121.87602996826172,196800,False
BAP,2020-09-04,133.75,133.9600067138672,129.5399932861328,132.38999938964844,121.51807403564453,188100,False
BAP,2020-09-08,130.99000549316406,131.97999572753906,129.0,129.69000244140625,119.03980255126953,414000,False
BAP,2020-09-09,130.50999450683594,133.1300048828125,129.3000030517578,130.83999633789062,120.0953598022461,262200,False
BAP,2020-09-10,130.97999572753906,132.50999450683594,128.64999389648438,128.64999389648438,118.08519744873047,218100,False
BAP,2020-09-11,128.8000030517578,129.30999755859375,126.58000183105469,127.76000213623047,117.26829528808594,186600,False
BAP,2020-09-14,128.61000061035156,130.50999450683594,127.68000030517578,129.72000122070312,119.06732940673828,239200,False
BAP,2020-09-15,130.1199951171875,131.57000732421875,129.0800018310547,129.7899932861328,119.131591796875,277300,False
BAP,2020-09-16,129.77000427246094,132.0,129.77000427246094,130.0800018310547,119.39778137207031,394100,False
BAP,2020-09-17,129.1300048828125,132.16000366210938,129.1300048828125,131.47999572753906,120.68279266357422,213300,False
BAP,2020-09-18,131.0800018310547,131.5399932861328,128.4199981689453,128.85000610351562,118.26878356933594,577500,False
BAP,2020-09-21,126.77999877929688,127.98999786376953,125.54000091552734,126.08000183105469,115.72625732421875,237600,False
BAP,2020-09-22,126.06999969482422,127.55999755859375,124.63999938964844,125.13999938964844,114.86344146728516,239000,False
BAP,2020-09-23,125.13999938964844,126.7300033569336,123.1500015258789,123.2699966430664,113.14700317382812,256000,False
BAP,2020-09-24,123.30000305175781,126.91999816894531,121.12999725341797,125.27999877929688,114.99195098876953,388600,False
BAP,2020-09-25,124.22000122070312,125.16000366210938,122.08999633789062,123.29000091552734,113.16536712646484,145000,False
BAP,2020-09-28,124.55000305175781,126.66999816894531,123.27999877929688,123.52999877929688,113.38565826416016,211100,False
BAP,2020-09-29,123.1500015258789,123.69999694824219,121.63999938964844,123.25,113.12865447998047,328300,False
BAP,2020-09-30,124.16000366210938,125.69000244140625,123.41000366210938,123.98999786376953,113.80789184570312,198800,False
BAP,2020-10-01,123.83999633789062,125.94000244140625,122.16000366210938,123.45999908447266,113.3214111328125,290500,False
BAP,2020-10-02,122.9800033569336,124.55000305175781,122.41999816894531,124.02999877929688,113.84459686279297,212100,False
BAP,2020-10-05,125.2300033569336,125.25,123.63999938964844,124.1500015258789,113.95475006103516,215500,False
BAP,2020-10-06,125.0,130.35000610351562,124.62000274658203,128.6699981689453,118.10355377197266,475400,False
BAP,2020-10-07,129.0,129.82000732421875,125.12999725341797,125.43000030517578,115.12962341308594,356800,False
BAP,2020-10-08,125.98999786376953,127.88999938964844,125.4000015258789,127.70999908447266,117.22239685058594,1047600,False
BAP,2020-10-09,128.14999389648438,129.7100067138672,126.4000015258789,126.51000213623047,116.12094116210938,493800,False
BAP,2020-10-12,126.05000305175781,126.29000091552734,123.7300033569336,124.20999908447266,114.00981140136719,403700,False
BAP,2020-10-13,125.0,125.0,121.94000244140625,121.98999786376953,111.97212219238281,298000,False
BAP,2020-10-14,121.80999755859375,123.01000213623047,120.06999969482422,120.77999877929688,110.86148834228516,276200,False
BAP,2020-10-15,119.83999633789062,121.05000305175781,119.47000122070312,120.70999908447266,110.79723358154297,206200,False
BAP,2020-10-16,120.70999908447266,121.12999725341797,119.4000015258789,120.04000091552734,110.18226623535156,176300,False
BAP,2020-10-19,120.81999969482422,122.19999694824219,120.1500015258789,120.45999908447266,110.5677719116211,301100,False
BAP,2020-10-20,121.91000366210938,122.37999725341797,120.0999984741211,120.4800033569336,110.58612060546875,405600,False
BAP,2020-10-21,120.94999694824219,124.9800033569336,120.51000213623047,123.47000122070312,113.3305892944336,417600,False
BAP,2020-10-22,123.86000061035156,126.41000366210938,121.58999633789062,121.7699966430664,111.77018737792969,717500,False
BAP,2020-10-23,122.73999786376953,123.37000274658203,120.30000305175781,121.43000030517578,111.45811462402344,1108200,False
BAP,2020-10-26,120.91000366210938,121.29000091552734,118.86000061035156,120.22000122070312,110.34748840332031,300700,False
BAP,2020-10-27,121.56999969482422,121.56999969482422,119.36000061035156,119.95999908447266,110.10882568359375,465200,False
BAP,2020-10-28,118.72000122070312,118.72000122070312,113.63999938964844,115.19999694824219,105.7397232055664,479300,False
BAP,2020-10-29,114.36000061035156,115.0,111.4000015258789,114.20999908447266,104.83101654052734,378100,False
BAP,2020-10-30,114.16000366210938,114.76000213623047,112.31999969482422,114.68000030517578,105.26243591308594,493500,False
BAP,2020-11-02,115.76000213623047,118.76000213623047,114.0999984741211,117.36000061035156,107.72234344482422,311600,False
BAP,2020-11-03,119.0199966430664,120.27999877929688,118.48999786376953,119.73999786376953,109.90689849853516,404500,False
BAP,2020-11-04,117.98999786376953,122.05999755859375,117.98999786376953,118.86000061035156,109.09915924072266,663200,False
BAP,2020-11-05,120.0,122.33000183105469,119.0199966430664,121.69000244140625,111.69676208496094,486800,False
BAP,2020-11-06,122.76000213623047,122.77999877929688,117.80000305175781,118.75,108.99819946289062,398800,False
BAP,2020-11-09,125.13999938964844,141.5399932861328,123.88999938964844,137.5,126.20841979980469,1026300,True
BAP,2020-11-10,126.0,126.0,110.47000122070312,112.91999816894531,103.64695739746094,2112400,True
BAP,2020-11-11,114.04000091552734,119.69999694824219,114.0,119.41999816894531,109.61317443847656,1034400,False
BAP,2020-11-12,118.05000305175781,122.91999816894531,116.44000244140625,119.9000015258789,110.05375671386719,645600,False
BAP,2020-11-13,120.94000244140625,126.43000030517578,120.94000244140625,125.18000030517578,114.9001693725586,938300,False
BAP,2020-11-16,122.0,128.49000549316406,121.0199966430664,127.52999877929688,117.05717468261719,441400,False
BAP,2020-11-17,126.41000366210938,134.39999389648438,124.41000366210938,134.0800018310547,123.06929779052734,832400,False
BAP,2020-11-18,135.19000244140625,137.39999389648438,133.2899932861328,135.00999450683594,123.92290496826172,492200,False
BAP,2020-11-19,134.41000366210938,134.88999938964844,131.02000427246094,133.58999633789062,122.61952209472656,307400,False
BAP,2020-11-20,132.88999938964844,134.5800018310547,132.05999755859375,133.22999572753906,122.2890853881836,205500,False
BAP,2020-11-23,135.0,136.52000427246094,132.80999755859375,136.36000061035156,125.16205596923828,586300,False
BAP,2020-11-24,139.07000732421875,146.97999572753906,137.8000030517578,146.38999938964844,134.36839294433594,474000,False
BAP,2020-11-25,145.07000732421875,151.91000366210938,144.27000427246094,151.6300048828125,139.17807006835938,649400,False
BAP,2020-11-27,152.55999755859375,155.10000610351562,151.0,155.0500030517578,142.31719970703125,282500,False
BAP,2020-11-30,154.02999877929688,154.9600067138672,151.22999572753906,153.91000366210938,141.27084350585938,1235100,False
BAP,2020-12-01,156.57000732421875,157.6199951171875,153.32000732421875,157.3000030517578,144.3824462890625,548700,False
BAP,2020-12-02,157.52000427246094,161.33999633789062,155.72999572753906,161.3000030517578,148.05397033691406,479100,False
BAP,2020-12-03,162.3300018310547,166.9600067138672,161.32000732421875,164.55999755859375,151.04624938964844,635900,False
BAP,2020-12-04,166.11000061035156,168.67999267578125,163.6699981689453,166.39999389648438,152.7351531982422,450700,False
BAP,2020-12-07,165.16000366210938,166.1300048828125,161.9499969482422,163.9499969482422,150.48635864257812,343200,False
BAP,2020-12-08,162.74000549316406,164.6699981689453,161.60000610351562,163.72000122070312,150.27523803710938,264500,False
BAP,2020-12-09,164.91000366210938,165.0,160.75999450683594,162.86000061035156,149.48587036132812,263000,False
BAP,2020-12-10,162.02999877929688,165.80999755859375,161.17999267578125,162.72000122070312,149.35736083984375,412500,False
BAP,2020-12-11,161.07000732421875,164.0500030517578,160.14999389648438,160.6300048828125,147.43898010253906,222500,False
BAP,2020-12-14,162.7100067138672,164.7899932861328,161.08999633789062,161.5399932861328,148.27426147460938,419600,False
BAP,2020-12-15,162.14999389648438,166.0,161.39999389648438,164.13999938964844,150.66073608398438,365800,False
BAP,2020-12-16,163.52999877929688,163.52999877929688,158.49000549316406,162.39999389648438,149.06362915039062,241800,False
BAP,2020-12-17,163.5399932861328,163.7899932861328,160.72000122070312,161.6300048828125,148.35687255859375,231000,False
BAP,2020-12-18,161.41000366210938,162.92999267578125,159.8000030517578,161.57000732421875,148.3018035888672,456000,False
BAP,2020-12-21,160.9499969482422,161.6300048828125,156.88999938964844,158.3000030517578,145.30035400390625,267100,False
BAP,2020-12-22,159.02000427246094,162.2899932861328,158.39999389648438,161.89999389648438,148.60467529296875,436300,False
BAP,2020-12-23,163.0,165.58999633789062,162.75999450683594,165.1300048828125,151.56944274902344,285000,False
BAP,2020-12-24,166.0,166.0,163.3000030517578,165.0,151.45010375976562,72600,False
BAP,2020-12-28,165.1199951171875,166.0,163.7100067138672,165.0,151.45010375976562,166100,False
BAP,2020-12-29,165.97000122070312,166.99000549316406,164.35000610351562,164.89999389648438,151.35833740234375,159000,False
BAP,2020-12-30,166.0,167.3000030517578,163.00999450683594,163.64999389648438,150.2109832763672,204000,False
BAP,2020-12-31,164.24000549316406,164.3000030517578,159.5500030517578,164.02000427246094,150.5506134033203,242800,False
BAP,2021-01-04,164.47000122070312,164.5,156.5500030517578,157.60000610351562,144.65782165527344,309500,False
BAP,2021-01-05,157.75,159.4600067138672,156.02000427246094,156.80999755859375,143.9326934814453,368300,False
BAP,2021-01-06,158.80999755859375,164.6699981689453,158.80999755859375,162.6699981689453,149.31146240234375,274200,False
BAP,2021-01-07,164.38999938964844,165.39999389648438,161.94000244140625,164.33999633789062,150.8443145751953,288000,False
BAP,2021-01-08,164.33999633789062,166.52000427246094,162.50999450683594,165.8000030517578,152.1844482421875,336100,False
BAP,2021-01-11,164.61000061035156,167.47999572753906,164.0,164.97999572753906,151.4317626953125,232900,False
BAP,2021-01-12,166.0,166.2100067138672,163.72000122070312,165.27999877929688,151.70713806152344,170800,False
BAP,2021-01-13,164.50999450683594,165.99000549316406,158.49000549316406,159.52999877929688,146.4293212890625,580100,False
BAP,2021-01-14,159.94000244140625,162.4499969482422,158.5,158.57000732421875,145.5481719970703,308300,False
BAP,2021-01-15,157.0500030517578,157.83999633789062,151.86000061035156,153.89999389648438,141.26165771484375,509300,False
BAP,2021-01-19,154.10000610351562,157.42999267578125,154.10000610351562,155.49000549316406,142.72108459472656,271300,False
BAP,2021-01-20,155.67999267578125,156.89999389648438,154.89999389648438,155.6699981689453,142.8863067626953,205200,False
BAP,2021-01-21,154.75999450683594,155.8800048828125,151.8300018310547,154.0500030517578,141.39935302734375,260400,False
BAP,2021-01-22,152.47999572753906,155.0500030517578,151.91000366210938,154.83999633789062,142.12448120117188,461600,False
BAP,2021-01-25,154.02000427246094,154.75999450683594,153.19000244140625,154.02000427246094,141.37181091308594,321400,False
BAP,2021-01-26,154.74000549316406,155.5399932861328,151.75999450683594,155.05999755859375,142.326416015625,266100,False
BAP,2021-01-27,153.3699951171875,154.1999969482422,150.7899932861328,152.69000244140625,140.15103149414062,810800,False
BAP,2021-01-28,152.6699981689453,153.35000610351562,150.0,152.10000610351562,139.60948181152344,533400,False
BAP,2021-01-29,152.1199951171875,155.16000366210938,150.1300048828125,150.3300018310547,137.9848175048828,630900,False
BAP,2021-02-01,152.05999755859375,152.9499969482422,151.02000427246094,152.0,139.51768493652344,385900,False
BAP,2021-02-02,154.17999267578125,154.97000122070312,152.6300048828125,153.63999938964844,141.02301025390625,173800,False
BAP,2021-02-03,153.94000244140625,157.33999633789062,153.64999389648438,155.5,142.73023986816406,299200,False
BAP,2021-02-04,156.55999755859375,156.99000549316406,155.1300048828125,155.89999389648438,143.09742736816406,222800,False
BAP,2021-02-05,156.99000549316406,158.57000732421875,156.11000061035156,158.08999633789062,145.10757446289062,138000,False
BAP,2021-02-08,158.33999633789062,159.50999450683594,157.77999877929688,159.05999755859375,145.99794006347656,204200,False
BAP,2021-02-09,157.92999267578125,166.27999877929688,156.61000061035156,165.88999938964844,152.26702880859375,361100,False
BAP,2021-02-10,165.75,168.5500030517578,165.75,167.4199981689453,153.67140197753906,506300,False
BAP,2021-02-11,166.66000366210938,166.8699951171875,161.8699951171875,162.6699981689453,149.31146240234375,269200,False
BAP,2021-02-12,163.33999633789062,165.97000122070312,161.7100067138672,165.72999572753906,152.12017822265625,125700,False
BAP,2021-02-16,167.41000366210938,169.5,164.91000366210938,165.19000244140625,151.62452697753906,202100,False
BAP,2021-02-17,165.6999969482422,168.47999572753906,164.19000244140625,167.94000244140625,154.14866638183594,303800,False
BAP,2021-02-18,167.30999755859375,168.2100067138672,162.00999450683594,162.25,148.9259490966797,724400,False
BAP,2021-02-19,162.44000244140625,164.19000244140625,161.05999755859375,163.7100067138672,150.2660675048828,396700,False
BAP,2021-02-22,163.6199951171875,165.14999389648438,161.64999389648438,162.94000244140625,149.5592803955078,335200,False
BAP,2021-02-23,163.82000732421875,164.8000030517578,162.27000427246094,164.0800018310547,150.60568237304688,236700,False
BAP,2021-02-24,164.4600067138672,165.08999633789062,163.64999389648438,164.3800048828125,150.8810272216797,330200,False
BAP,2021-02-25,165.2899932861328,165.2899932861328,160.97999572753906,162.02000427246094,148.71485900878906,369500,False
BAP,2021-02-26,162.1199951171875,163.00999450683594,158.58999633789062,160.00999450683594,146.86990356445312,397800,False
BAP,2021-03-01,162.47000122070312,163.7100067138672,158.7100067138672,158.75999450683594,145.7225341796875,316700,False
BAP,2021-03-02,158.39999389648438,159.80999755859375,157.5,158.94000244140625,145.8877716064453,239400,False
BAP,2021-03-03,159.47999572753906,159.91000366210938,157.25999450683594,158.32000732421875,145.31869506835938,475200,False
BAP,2021-03-04,159.4600067138672,159.77999877929688,154.91000366210938,156.02000427246094,143.2075958251953,287200,False
BAP,2021-03-05,158.30999755859375,158.55999755859375,152.35000610351562,155.50999450683594,142.73944091796875,574300,False
BAP,2021-03-08,155.82000732421875,157.88999938964844,152.33999633789062,152.6999969482422,140.1602020263672,407200,False
BAP,2021-03-09,152.22999572753906,155.5800018310547,150.38999938964844,152.33999633789062,139.8297882080078,536900,False
BAP,2021-03-10,152.57000732421875,155.1999969482422,151.92999267578125,153.32000732421875,140.7292938232422,325800,False
BAP,2021-03-11,153.47000122070312,155.19000244140625,152.38999938964844,152.99000549316406,140.4263916015625,354200,False
BAP,2021-03-12,153.55999755859375,154.38999938964844,150.72000122070312,151.91000366210938,139.43508911132812,347600,False
BAP,2021-03-15,151.88999938964844,153.91000366210938,151.6199951171875,153.00999450683594,140.44476318359375,450900,False
BAP,2021-03-16,152.5800018310547,154.1199951171875,151.39999389648438,151.63999938964844,139.18727111816406,200600,False
BAP,2021-03-17,151.86000061035156,152.94000244140625,147.91000366210938,149.55999755859375,137.27806091308594,637800,False
BAP,2021-03-18,149.94000244140625,150.61000061035156,147.33999633789062,147.66000366210938,135.53408813476562,357800,False
BAP,2021-03-19,146.72000122070312,148.1999969482422,145.25999450683594,146.7899932861328,134.73553466796875,535400,False
BAP,2021-03-22,146.6699981689453,146.6699981689453,143.5,144.3800048828125,132.5234375,431800,False
BAP,2021-03-23,143.35000610351562,144.24000549316406,140.10000610351562,140.75,129.19154357910156,263200,False
BAP,2021-03-24,138.14999389648438,141.86000061035156,138.10000610351562,138.75,127.35578918457031,479400,False
BAP,2021-03-25,138.1199951171875,139.4199981689453,135.4600067138672,137.9199981689453,126.59395599365234,390800,False
BAP,2021-03-26,138.99000549316406,141.44000244140625,136.85000610351562,139.22999572753906,127.7963638305664,345800,False
BAP,2021-03-29,137.5399932861328,139.3699951171875,136.10000610351562,137.07000732421875,125.8137435913086,196600,False
BAP,2021-03-30,137.27000427246094,138.77000427246094,136.63999938964844,138.77000427246094,127.37415313720703,224100,False
BAP,2021-03-31,138.0,139.0,136.42999267578125,136.57000732421875,125.35482788085938,414600,False
BAP,2021-04-01,136.47000122070312,138.3800048828125,136.47000122070312,137.5399932861328,126.24513244628906,281100,False
BAP,2021-04-05,139.0800018310547,140.39999389648438,136.9499969482422,140.00999450683594,128.51231384277344,260000,False
BAP,2021-04-06,139.67999267578125,146.77000427246094,138.9600067138672,146.5500030517578,134.51524353027344,547300,False
BAP,2021-04-07,146.5399932861328,148.0,143.99000549316406,145.38999938964844,133.4505157470703,616700,False
BAP,2021-04-08,145.6699981689453,153.41000366210938,145.35000610351562,153.2100067138672,140.62832641601562,474400,False
BAP,2021-04-09,152.77000427246094,154.0,148.52999877929688,150.0,137.68191528320312,730500,False
BAP,2021-04-12,145.0,147.24000549316406,140.75,146.52999877929688,134.4968719482422,976900,False
BAP,2021-04-13,143.7100067138672,147.16000366210938,142.47000122070312,145.1699981689453,133.24856567382812,624400,False
BAP,2021-04-14,145.82000732421875,145.89999389648438,142.67999267578125,143.92999267578125,132.11038208007812,302200,False
BAP,2021-04-15,144.74000549316406,145.0,140.0800018310547,141.83999633789062,130.19203186035156,517800,False
BAP,2021-04-16,142.44000244140625,143.27999877929688,138.64999389648438,141.0399932861328,129.4577178955078,706000,False
BAP,2021-04-19,141.30999755859375,141.30999755859375,133.69000244140625,134.08999633789062,123.0784683227539,753200,False
BAP,2021-04-20,131.4199981689453,131.8699951171875,126.55000305175781,127.0199966430664,116.58905792236328,1134800,False
BAP,2021-04-21,124.19000244140625,126.63999938964844,122.05999755859375,125.18000030517578,114.9001693725586,1219900,False
BAP,2021-04-22,124.91000366210938,125.4000015258789,122.5,122.58999633789062,112.52284240722656,642000,False
BAP,2021-04-23,122.08999633789062,122.69000244140625,118.51000213623047,120.16000366210938,110.29241180419922,966000,False
BAP,2021-04-26,121.27999877929688,122.43000030517578,118.01000213623047,121.76000213623047,111.76101684570312,1308900,False
BAP,2021-04-27,122.91000366210938,123.55000305175781,121.04000091552734,121.3499984741211,111.38468170166016,682400,False
BAP,2021-04-28,120.87000274658203,121.91000366210938,119.0199966430664,120.68000030517578,110.76970672607422,948400,False
BAP,2021-04-29,121.3499984741211,121.4000015258789,119.04000091552734,120.41999816894531,110.53104400634766,678500,False
BAP,2021-04-30,119.44999694824219,121.61000061035156,119.2300033569336,119.4000015258789,109.59481811523438,1066500,False
BAP,2021-05-03,119.98999786376953,120.9000015258789,118.94999694824219,119.23999786376953,109.44795227050781,966900,False
BAP,2021-05-04,119.44999694824219,120.13999938964844,116.58999633789062,117.72000122070312,108.05278015136719,429300,False
BAP,2021-05-05,118.25,118.25,115.5199966430664,116.0199966430664,106.49237823486328,423800,False
BAP,2021-05-06,115.48999786376953,116.87000274658203,113.30999755859375,116.72000122070312,107.13490295410156,876200,False
BAP,2021-05-07,118.31999969482422,123.0,117.41000366210938,121.12000274658203,111.17356872558594,1359900,False
BAP,2021-05-10,121.0999984741211,133.9499969482422,121.0999984741211,133.5,122.53691864013672,1401500,True
BAP,2021-05-11,131.52999877929688,133.6999969482422,130.07000732421875,133.2899932861328,122.34416198730469,767800,False
BAP,2021-05-12,134.39999389648438,143.05999755859375,134.39999389648438,139.92999267578125,128.43887329101562,1588300,False
BAP,2021-05-13,139.52000427246094,144.47000122070312,139.52000427246094,141.92999267578125,130.27462768554688,769200,False
BAP,2021-05-14,142.17999267578125,145.8699951171875,142.0500030517578,145.77999877929688,133.80850219726562,640400,False
BAP,2021-05-17,146.16000366210938,146.77000427246094,142.35000610351562,144.27000427246094,132.4224853515625,813100,False
BAP,2021-05-18,144.77000427246094,145.0399932861328,140.27999877929688,141.02000427246094,129.4393768310547,624800,False
BAP,2021-05-19,139.0800018310547,140.1999969482422,137.4600067138672,139.75,128.27366638183594,398100,False
BAP,2021-05-20,140.0,140.11000061035156,138.0800018310547,138.27999877929688,126.92437744140625,461200,False
BAP,2021-05-21,137.16000366210938,137.16000366210938,130.5800018310547,135.00999450683594,123.92290496826172,1182100,False
BAP,2021-05-24,134.47000122070312,134.47000122070312,130.85000610351562,132.00999450683594,121.16928100585938,773200,False
BAP,2021-05-25,132.52000427246094,132.52000427246094,130.17999267578125,130.5800018310547,119.8567123413086,417900,False
BAP,2021-05-26,130.38999938964844,130.89999389648438,128.11000061035156,129.82000732421875,119.15913391113281,610000,False
BAP,2021-05-27,131.5399932861328,132.99000549316406,130.10000610351562,131.5,120.70115661621094,1137300,False
BAP,2021-05-28,134.8000030517578,144.32000732421875,133.52000427246094,137.47000122070312,126.180908203125,989100,False
BAP,2021-06-01,137.94000244140625,142.33999633789062,137.02000427246094,138.55999755859375,127.18138122558594,646700,False
BAP,2021-06-02,138.44000244140625,142.1999969482422,137.69000244140625,141.33999633789062,129.73309326171875,657400,False
BAP,2021-06-03,141.25999450683594,142.38999938964844,139.0,141.83999633789062,130.19203186035156,910500,False
BAP,2021-06-04,142.49000549316406,150.3000030517578,142.44000244140625,149.50999450683594,137.23216247558594,1111500,False
BAP,2021-06-07,139.27999877929688,141.80999755859375,131.52000427246094,134.63999938964844,123.58329772949219,1999500,True
BAP,2021-06-08,133.88999938964844,134.85000610351562,132.9600067138672,134.0399932861328,123.03256225585938,1032600,False
BAP,2021-06-09,129.5,130.0,123.80000305175781,125.38999938964844,115.09291076660156,1786500,False
BAP,2021-06-10,126.91999816894531,131.00999450683594,125.0,125.3499984741211,115.05619049072266,957300,False
BAP,2021-06-11,125.93000030517578,126.37999725341797,124.30000305175781,125.0,114.73493957519531,388100,False
BAP,2021-06-14,124.83999633789062,125.5199966430664,121.9000015258789,122.01000213623047,111.99048614501953,650500,False
BAP,2021-06-15,122.62999725341797,123.48999786376953,120.19999694824219,120.33999633789062,110.4576187133789,446900,False
BAP,2021-06-16,118.80000305175781,119.83999633789062,117.54000091552734,117.94999694824219,108.26387786865234,571600,False
BAP,2021-06-17,118.1500015258789,121.33000183105469,117.33000183105469,119.98999786376953,110.1363754272461,714600,False
BAP,2021-06-18,119.2300033569336,119.86000061035156,115.0,116.33000183105469,106.77693176269531,1017800,False
BAP,2021-06-21,117.36000061035156,117.36000061035156,114.95999908447266,116.58000183105469,107.00640106201172,378100,False
BAP,2021-06-22,115.94999694824219,117.08000183105469,114.5999984741211,116.76000213623047,107.17162322998047,295400,False
BAP,2021-06-23,117.13999938964844,119.29000091552734,116.26000213623047,116.52999877929688,106.96050262451172,299300,False
BAP,2021-06-24,116.62999725341797,118.9800033569336,115.93000030517578,118.04000091552734,108.34650421142578,509300,False
BAP,2021-06-25,118.0999984741211,119.79000091552734,117.75,119.52999877929688,109.71414184570312,261100,False
BAP,2021-06-28,117.9000015258789,123.86000061035156,117.62000274658203,123.70999908447266,113.55088806152344,779300,False
BAP,2021-06-29,123.4800033569336,126.04000091552734,121.72000122070312,121.98999786376953,111.97212219238281,418300,False
BAP,2021-06-30,122.58000183105469,122.58000183105469,119.30000305175781,121.11000061035156,111.16439056396484,504900,False
BAP,2021-07-01,121.45999908447266,122.75,120.45999908447266,120.95999908447266,111.0267105102539,359200,False
BAP,2021-07-02,121.13999938964844,121.77999877929688,118.79000091552734,121.19000244140625,111.23783111572266,532700,False
BAP,2021-07-06,120.55999755859375,121.30000305175781,119.26000213623047,119.33000183105469,109.53056335449219,357100,False
BAP,2021-07-07,118.80999755859375,119.94000244140625,117.88999938964844,119.47000122070312,109.65906524658203,266800,False
BAP,2021-07-08,117.37999725341797,119.5199966430664,117.12999725341797,118.30999755859375,108.59432983398438,341300,False
BAP,2021-07-09,120.55999755859375,120.81999969482422,118.61000061035156,119.4000015258789,109.59481811523438,286000,False
BAP,2021-07-12,118.55000305175781,120.75,118.19999694824219,120.54000091552734,110.64120483398438,172900,False
BAP,2021-07-13,120.9800033569336,121.06999969482422,119.3499984741211,119.55000305175781,109.73249816894531,313300,False
BAP,2021-07-14,120.37999725341797,120.87999725341797,118.04000091552734,118.73999786376953,108.989013671875,213700,False
BAP,2021-07-15,118.19000244140625,119.22000122070312,117.48999786376953,118.58999633789062,108.85132598876953,277700,False
BAP,2021-07-16,119.61000061035156,121.18000030517578,117.51000213623047,118.80000305175781,109.0440902709961,429500,False
BAP,2021-07-19,116.91000366210938,118.54000091552734,115.83999633789062,116.66000366210938,107.079833984375,401800,False
BAP,2021-07-20,116.75,118.51000213623047,116.75,118.05999755859375,108.36485290527344,360300,False
BAP,2021-07-21,118.95999908447266,122.69999694824219,118.12000274658203,121.8499984741211,111.8436279296875,301200,False
BAP,2021-07-22,121.8499984741211,123.25,121.05999755859375,122.48999786376953,112.43106842041016,515500,False
BAP,2021-07-23,122.5,123.16999816894531,118.25,119.1500015258789,109.36534881591797,397500,False
BAP,2021-07-26,119.79000091552734,121.1500015258789,118.75,121.13999938964844,111.19193267822266,223900,False
BAP,2021-07-27,120.87999725341797,121.63999938964844,119.93000030517578,121.43000030517578,111.45811462402344,404400,False
BAP,2021-07-28,122.27999877929688,124.41000366210938,121.4000015258789,122.88999938964844,112.79821014404297,301500,False
BAP,2021-07-29,122.91000366210938,123.51000213623047,119.61000061035156,120.69000244140625,110.77888488769531,716300,False
BAP,2021-07-30,118.81999969482422,118.81999969482422,99.41999816894531,100.95999908447266,92.66912078857422,2286300,True
BAP,2021-08-02,107.72000122070312,110.7699966430664,103.41999816894531,103.98999786376953,95.4502944946289,1391000,False
BAP,2021-08-03,104.12999725341797,106.38999938964844,101.0,101.11000061035156,92.80680084228516,688600,False
BAP,2021-08-04,101.19000244140625,103.04000091552734,99.55999755859375,100.69999694824219,92.43045806884766,816100,False
BAP,2021-08-05,99.80999755859375,102.0999984741211,99.69999694824219,102.01000213623047,93.63290405273438,481900,False
BAP,2021-08-06,102.19999694824219,104.0,101.16999816894531,102.51000213623047,94.09183502197266,729800,False
BAP,2021-08-09,103.12999725341797,103.98999786376953,101.73999786376953,102.26000213623047,93.86236572265625,607200,False
BAP,2021-08-10,104.0,106.87999725341797,104.0,105.62000274658203,96.94644165039062,403200,False
BAP,2021-08-11,106.7300033569336,107.0,104.11000061035156,104.58999633789062,96.00102233886719,715400,False
BAP,2021-08-12,104.5,105.01000213623047,102.55000305175781,103.5,95.00052642822266,710500,False
BAP,2021-08-13,103.41999816894531,107.51000213623047,99.88999938964844,100.33000183105469,92.09085083007812,2351800,False
BAP,2021-08-16,100.01000213623047,102.19999694824219,99.19999694824219,100.58000183105469,92.32032775878906,884600,False
BAP,2021-08-17,99.75,100.94000244140625,94.69999694824219,96.80000305175781,88.85073852539062,613200,False
BAP,2021-08-18,96.41000366210938,97.63999938964844,92.33999633789062,92.43000030517578,84.83960723876953,964700,False
BAP,2021-08-19,92.33000183105469,93.66999816894531,88.66999816894531,92.30000305175781,84.72027587890625,1048600,False
BAP,2021-08-20,92.94000244140625,94.5,92.56999969482422,94.44999694824219,86.6937255859375,457500,False
BAP,2021-08-23,94.61000061035156,100.08999633789062,93.7699966430664,100.0,91.78794860839844,675200,False
BAP,2021-08-24,100.52999877929688,103.80999755859375,99.77999877929688,103.33999633789062,94.85367584228516,823800,False
BAP,2021-08-25,103.97000122070312,105.04000091552734,102.12999725341797,104.88999938964844,96.2763900756836,333000,False
BAP,2021-08-26,104.44000244140625,105.18000030517578,101.66000366210938,102.6500015258789,94.2203369140625,326600,False
BAP,2021-08-27,104.08999633789062,105.52999877929688,102.55000305175781,103.69999694824219,95.1841049194336,222400,False
BAP,2021-08-30,103.0199966430664,104.19000244140625,102.22000122070312,103.37999725341797,94.890380859375,181000,False
BAP,2021-08-31,104.05999755859375,107.1500015258789,103.33999633789062,106.62999725341797,97.87349700927734,550500,False
BAP,2021-09-01,107.38999938964844,109.87000274658203,104.94000244140625,105.0199966430664,96.39570617675781,340400,False
BAP,2021-09-02,104.18000030517578,105.69999694824219,104.16000366210938,104.77999877929688,96.1754150390625,262000,False
BAP,2021-09-03,104.41000366210938,106.4000015258789,103.55000305175781,104.61000061035156,96.01937866210938,275800,False
BAP,2021-09-07,104.9800033569336,106.91000366210938,104.93000030517578,105.08999633789062,96.45995330810547,305800,False
BAP,2021-09-08,105.33000183105469,105.91999816894531,103.1500015258789,103.95999908447266,95.42276000976562,281300,False
BAP,2021-09-09,103.5,105.5,103.30999755859375,104.19000244140625,95.63386535644531,376300,False
BAP,2021-09-10,104.81999969482422,106.91000366210938,104.56999969482422,104.97000122070312,96.34981536865234,323500,False
BAP,2021-09-13,105.55999755859375,108.05000305175781,105.29000091552734,107.36000061035156,98.54354858398438,287600,False
BAP,2021-09-14,104.73999786376953,106.73999786376953,104.05999755859375,106.2699966430664,97.65402221679688,255900,False
BAP,2021-09-15,106.62000274658203,106.95999908447266,105.30000305175781,105.70999908447266,97.13943481445312,345100,False
BAP,2021-09-16,106.04000091552734,106.38999938964844,104.62999725341797,105.62000274658203,97.05673217773438,304100,False
BAP,2021-09-17,105.7300033569336,107.69000244140625,105.19999694824219,107.25,98.55457305908203,594200,False
BAP,2021-09-20,104.58000183105469,105.72000122070312,103.01000213623047,105.2300033569336,96.69834899902344,489500,False
BAP,2021-09-21,106.30000305175781,106.31999969482422,104.41000366210938,104.80000305175781,96.30321502685547,193900,False
BAP,2021-09-22,105.19000244140625,107.30000305175781,105.19000244140625,106.11000061035156,97.50701141357422,199100,False
BAP,2021-09-23,106.83000183105469,109.25,105.66000366210938,108.83000183105469,100.00647735595703,359600,False
BAP,2021-09-24,108.63999938964844,110.63999938964844,108.08000183105469,109.62000274658203,100.73242950439453,413800,False
BAP,2021-09-27,111.22000122070312,115.2699966430664,110.0999984741211,114.25,104.9870376586914,1229900,False
BAP,2021-09-28,114.25,114.77999877929688,112.83000183105469,113.98999786376953,104.74811553955078,1163900,False
BAP,2021-09-29,114.30999755859375,115.80000305175781,111.3499984741211,113.0999984741211,103.9302749633789,469800,False
BAP,2021-09-30,114.06999969482422,114.76000213623047,110.77999877929688,110.94000244140625,101.94540405273438,479000,False
BAP,2021-10-01,110.75,114.16999816894531,109.80999755859375,113.29000091552734,104.1048812866211,292100,False
BAP,2021-10-04,112.9800033569336,113.80000305175781,110.33999633789062,110.58000183105469,101.61459350585938,214700,False
BAP,2021-10-05,111.23999786376953,113.93000030517578,111.19999694824219,113.08000183105469,103.91189575195312,324300,False
BAP,2021-10-06,112.38999938964844,115.26000213623047,111.37000274658203,115.12999725341797,105.79569244384766,255900,False
BAP,2021-10-07,119.1500015258789,126.87000274658203,118.37000274658203,125.66000366210938,115.47196197509766,1092400,True
BAP,2021-10-08,126.0,127.87999725341797,125.33999633789062,126.94000244140625,116.64818572998047,566600,False
BAP,2021-10-11,126.81999969482422,128.85000610351562,126.01000213623047,128.7899932861328,118.34818267822266,454400,False
BAP,2021-10-12,129.0,130.2899932861328,128.6300048828125,129.83999633789062,119.31304931640625,712800,False
BAP,2021-10-13,129.50999450683594,130.4600067138672,128.5,129.83999633789062,119.31304931640625,527400,False
BAP,2021-10-14,130.27000427246094,130.27000427246094,128.1999969482422,129.25999450683594,118.78008270263672,552100,False
BAP,2021-10-15,131.0800018310547,134.63999938964844,130.47000122070312,134.25999450683594,123.37467956542969,432000,False
BAP,2021-10-18,133.0500030517578,134.50999450683594,132.0,132.5,121.75740051269531,372800,False
BAP,2021-10-19,133.6199951171875,134.67999267578125,132.4199981689453,132.72999572753906,121.96875,254000,False
BAP,2021-10-20,131.8300018310547,132.50999450683594,130.63999938964844,131.61000061035156,120.93956756591797,350300,False
BAP,2021-10-21,130.3800048828125,132.9499969482422,130.3800048828125,132.75,121.98713684082031,199600,False
BAP,2021-10-22,132.86000061035156,133.1300048828125,130.0,130.49000549316406,119.91036987304688,296400,False
BAP,2021-10-25,131.69000244140625,131.69000244140625,129.67999267578125,131.47999572753906,120.8200912475586,293000,False
BAP,2021-10-26,131.72000122070312,131.86000061035156,128.49000549316406,128.92999267578125,118.4768295288086,849200,False
BAP,2021-10-27,128.17999267578125,131.0399932861328,127.5999984741211,130.02999877929688,119.4876480102539,345900,False
BAP,2021-10-28,129.8699951171875,132.32000732421875,129.22999572753906,130.42999267578125,119.855224609375,268500,False
BAP,2021-10-29,130.19000244140625,130.63999938964844,128.77000427246094,129.66000366210938,119.14765930175781,474400,False
BAP,2021-11-01,130.0800018310547,134.82000732421875,129.52999877929688,134.27999877929688,123.39307403564453,275200,False
BAP,2021-11-02,133.77000427246094,134.44000244140625,130.66000366210938,132.25,121.52766418457031,491900,False
BAP,2021-11-03,131.5,133.35000610351562,129.9499969482422,130.22999572753906,119.67144012451172,533700,False
BAP,2021-11-04,129.75,132.38999938964844,126.7300033569336,127.69999694824219,117.3465576171875,498600,False
BAP,2021-11-05,129.99000549316406,131.05999755859375,126.31999969482422,127.69000244140625,117.3373794555664,447600,False
BAP,2021-11-08,127.94000244140625,128.61000061035156,126.23999786376953,127.11000061035156,116.80440521240234,404000,False
BAP,2021-11-09,125.97000122070312,127.87999725341797,124.37000274658203,124.75,114.63573455810547,338500,False
BAP,2021-11-10,124.9800033569336,126.58999633789062,124.94999694824219,125.80000305175781,115.6006088256836,662300,False
BAP,2021-11-11,126.63999938964844,128.1699981689453,125.69999694824219,127.61000061035156,117.26386260986328,254500,False
BAP,2021-11-12,127.20999908447266,128.27000427246094,127.0199966430664,128.22999572753906,117.83358764648438,178400,False
BAP,2021-11-15,127.55000305175781,129.16000366210938,126.06999969482422,126.31999969482422,116.07845306396484,313300,False
BAP,2021-11-16,126.02999877929688,127.95999908447266,124.72000122070312,124.9000015258789,114.7735824584961,257200,False
BAP,2021-11-17,123.66000366210938,123.66000366210938,119.7300033569336,120.91999816894531,111.11626434326172,261400,False
BAP,2021-11-18,120.27999877929688,122.08999633789062,120.12999725341797,120.4000015258789,110.63842010498047,635000,False
BAP,2021-11-19,119.91000366210938,121.19999694824219,118.91000366210938,120.3499984741211,110.59247589111328,430300,False
BAP,2021-11-22,121.33999633789062,121.33999633789062,117.5999984741211,118.02999877929688,108.4605712890625,279900,False
BAP,2021-11-23,118.97000122070312,121.0999984741211,117.73999786376953,120.45999908447266,110.69355773925781,295800,False
BAP,2021-11-24,120.16000366210938,122.23999786376953,118.9800033569336,121.86000061035156,111.98005676269531,277700,False
BAP,2021-11-26,120.04000091552734,120.05000305175781,113.58999633789062,116.77999877929688,107.3119125366211,266700,False
BAP,2021-11-29,118.26000213623047,119.55000305175781,115.36000061035156,118.4800033569336,108.87409210205078,311700,False
BAP,2021-11-30,117.19999694824219,119.94000244140625,115.3499984741211,118.0,108.4330062866211,689400,False
BAP,2021-12-01,119.77999877929688,120.0,112.7300033569336,113.12000274658203,103.94866180419922,690500,False
BAP,2021-12-02,114.52999877929688,116.26000213623047,113.01000213623047,115.19000244140625,105.850830078125,418000,False
BAP,2021-12-03,115.58000183105469,118.13999938964844,112.86000061035156,113.69000244140625,104.47244262695312,241100,False
BAP,2021-12-06,114.7300033569336,116.47000122070312,114.5199966430664,115.11000061035156,105.7773208618164,483900,False
BAP,2021-12-07,115.87999725341797,117.61000061035156,115.69999694824219,116.26000213623047,106.8340835571289,685400,False
BAP,2021-12-08,116.30000305175781,117.87000274658203,114.4800033569336,114.98999786376953,105.66705322265625,279600,False
BAP,2021-12-09,113.62000274658203,116.08999633789062,113.41999816894531,114.56999969482422,105.28109741210938,376600,False
BAP,2021-12-10,115.0,115.0,111.80999755859375,112.37000274658203,103.25946807861328,581400,False
BAP,2021-12-13,111.77999877929688,113.5,109.68000030517578,110.30999755859375,101.36647033691406,425900,False
BAP,2021-12-14,110.2699966430664,111.06999969482422,108.41000366210938,109.27999877929688,100.41997528076172,607100,False
BAP,2021-12-15,109.19000244140625,109.94000244140625,108.05000305175781,108.9800033569336,100.14431762695312,1420600,False
BAP,2021-12-16,109.94999694824219,115.77999877929688,109.48999786376953,114.70999908447266,105.40974426269531,805000,False
BAP,2021-12-17,114.29000091552734,116.98999786376953,113.44000244140625,116.87000274658203,107.39462280273438,469200,False
BAP,2021-12-20,114.45999908447266,116.5999984741211,113.97000122070312,115.45999908447266,106.09893035888672,314100,False
BAP,2021-12-21,116.7699966430664,119.88999938964844,116.5999984741211,118.45999908447266,108.85572052001953,197000,False
BAP,2021-12-22,118.13999938964844,119.3499984741211,116.66000366210938,118.72000122070312,109.0946273803711,168500,False
BAP,2021-12-23,119.16999816894531,120.86000061035156,119.16999816894531,119.88999938964844,110.16976165771484,143500,False
BAP,2021-12-27,119.91999816894531,122.91999816894531,119.54000091552734,122.80000305175781,112.8438491821289,186400,False
BAP,2021-12-28,122.33000183105469,123.41000366210938,121.12999725341797,122.83999633789062,112.88059997558594,289400,False
BAP,2021-12-29,122.8499984741211,123.69999694824219,121.31999969482422,121.7699966430664,111.89734649658203,181100,False
BAP,2021-12-30,122.55000305175781,125.45999908447266,122.3499984741211,125.0999984741211,114.95736694335938,231400,False
BAP,2021-12-31,124.98999786376953,125.12000274658203,121.95999908447266,122.06999969482422,112.17302703857422,114600,False
BAP,2022-01-03,121.93000030517578,124.88999938964844,121.16999816894531,124.19000244140625,114.12113952636719,183400,False
BAP,2022-01-04,124.86000061035156,129.17999267578125,124.86000061035156,128.52000427246094,118.10009002685547,269500,False
BAP,2022-01-05,129.5,131.3000030517578,128.85000610351562,129.39999389648438,118.90872192382812,425600,False
BAP,2022-01-06,130.5500030517578,133.72999572753906,129.47000122070312,132.05999755859375,121.35307312011719,229700,False
BAP,2022-01-07,132.6199951171875,135.75,132.1300048828125,134.1199951171875,123.24604034423828,505900,False
BAP,2022-01-10,134.82000732421875,134.94000244140625,131.13999938964844,131.97999572753906,121.27954864501953,255000,False
BAP,2022-01-11,132.0,138.9199981689453,132.0,138.08999633789062,126.89417266845703,316700,False
BAP,2022-01-12,138.80999755859375,143.83999633789062,138.35000610351562,143.75,132.09527587890625,412400,False
BAP,2022-01-13,143.9600067138672,147.02999877929688,142.47000122070312,145.25,133.4736785888672,518600,False
BAP,2022-01-14,143.94000244140625,145.92999267578125,143.6199951171875,145.02000427246094,133.2623291015625,247400,False
BAP,2022-01-18,144.6999969482422,145.75999450683594,142.24000549316406,142.5800018310547,131.02015686035156,311900,False
BAP,2022-01-19,143.0,144.0,141.89999389648438,142.4199981689453,130.87313842773438,403600,False
BAP,2022-01-20,142.36000061035156,144.8800048828125,140.50999450683594,140.75,129.33851623535156,374600,False
BAP,2022-01-21,140.07000732421875,140.35000610351562,136.49000549316406,137.2899932861328,126.1590347290039,378500,False
BAP,2022-01-24,134.5,137.8000030517578,131.72999572753906,137.55999755859375,126.40715026855469,326000,False
BAP,2022-01-25,135.1300048828125,139.27999877929688,133.44000244140625,138.10000610351562,126.90339660644531,280700,False
BAP,2022-01-26,139.35000610351562,139.86000061035156,134.0,135.8800048828125,124.86336517333984,205400,False
BAP,2022-01-27,137.9499969482422,139.0399932861328,134.75,136.24000549316406,125.1941909790039,348500,False
BAP,2022-01-28,136.14999389648438,139.7899932861328,135.00999450683594,139.58999633789062,128.27255249023438,196300,False
BAP,2022-01-31,139.44000244140625,144.24000549316406,139.0,143.22000122070312,131.60824584960938,298200,False
BAP,2022-02-01,142.0,143.52000427246094,136.6999969482422,138.1199951171875,126.92173767089844,603000,False
BAP,2022-02-02,138.10000610351562,139.9600067138672,133.44000244140625,138.35000610351562,127.13310241699219,617100,False
BAP,2022-02-03,136.9199981689453,137.02000427246094,133.4499969482422,133.9499969482422,123.08984375,478600,False
BAP,2022-02-04,133.9499969482422,136.92999267578125,132.8000030517578,135.24000549316406,124.27525329589844,692600,False
BAP,2022-02-07,135.27999877929688,136.6300048828125,134.75999450683594,135.0,124.05471801757812,242700,False
BAP,2022-02-08,135.0,153.22999572753906,132.72999572753906,145.2899932861328,133.51043701171875,1133800,False
BAP,2022-02-09,145.5800018310547,153.75,145.5800018310547,150.8000030517578,138.57369995117188,669900,False
BAP,2022-02-10,150.0,157.66000366210938,149.82000732421875,154.67999267578125,142.13912963867188,843600,False
BAP,2022-02-11,153.6999969482422,158.5399932861328,152.63999938964844,153.82000732421875,141.34886169433594,526000,False
BAP,2022-02-14,154.22000122070312,156.6199951171875,152.2899932861328,152.9499969482422,140.54940795898438,563300,False
BAP,2022-02-15,155.02000427246094,160.36000061035156,155.02000427246094,159.19000244140625,146.28346252441406,325800,False
BAP,2022-02-16,158.72999572753906,160.8000030517578,157.6300048828125,158.08999633789062,145.2726593017578,359900,False
BAP,2022-02-17,156.00999450683594,156.97000122070312,153.02999877929688,154.8000030517578,142.24940490722656,686800,False
BAP,2022-02-18,153.6699981689453,156.39999389648438,152.69000244140625,153.9199981689453,141.4407501220703,293800,False
BAP,2022-02-22,154.19000244140625,155.77999877929688,150.97999572753906,151.55999755859375,139.2720947265625,290500,False
BAP,2022-02-23,152.38999938964844,153.9199981689453,149.82000732421875,150.1300048828125,137.95802307128906,265500,False
BAP,2022-02-24,143.0,145.6300048828125,142.07000732421875,145.19000244140625,133.41854858398438,532700,False
BAP,2022-02-25,147.36000061035156,151.27999877929688,147.2899932861328,150.97999572753906,138.73910522460938,133800,False
BAP,2022-02-28,148.00999450683594,151.4600067138672,146.3699951171875,151.25,138.98721313476562,296100,False
BAP,2022-03-01,150.86000061035156,152.97000122070312,148.75999450683594,150.14999389648438,137.9763946533203,219500,False
BAP,2022-03-02,150.9199981689453,153.50999450683594,148.75999450683594,152.50999450683594,140.1450653076172,577500,False
BAP,2022-03-03,152.57000732421875,156.49000549316406,152.57000732421875,156.0,143.35211181640625,451600,False
BAP,2022-03-04,153.60000610351562,157.6199951171875,152.6300048828125,154.83999633789062,142.28616333007812,768200,False
BAP,2022-03-07,152.00999450683594,153.19000244140625,146.91000366210938,147.91000366210938,135.91802978515625,784500,False
BAP,2022-03-08,149.0,156.44000244140625,148.94000244140625,153.08999633789062,140.67803955078125,1405900,False
BAP,2022-03-09,156.4499969482422,163.4199981689453,154.83999633789062,162.0800018310547,148.9391632080078,656900,False
BAP,2022-03-10,159.50999450683594,161.85000610351562,158.67999267578125,160.50999450683594,147.49644470214844,617000,False
BAP,2022-03-11,162.14999389648438,163.97999572753906,160.33999633789062,161.6199951171875,148.51646423339844,292700,False
BAP,2022-03-14,163.1699981689453,166.3000030517578,161.22999572753906,163.19000244140625,149.9591827392578,542900,False
BAP,2022-03-15,163.38999938964844,164.74000549316406,160.10000610351562,164.6999969482422,151.3467559814453,383700,False
BAP,2022-03-16,165.0,169.7899932861328,163.97000122070312,167.82000732421875,154.21377563476562,338300,False
BAP,2022-03-17,167.99000549316406,171.1300048828125,167.02000427246094,168.64999389648438,154.9764862060547,574300,False
BAP,2022-03-18,168.6300048828125,168.99000549316406,165.60000610351562,167.85000610351562,154.24134826660156,1001000,False
BAP,2022-03-21,168.52999877929688,171.60000610351562,166.80999755859375,168.92999267578125,155.23377990722656,329300,False
BAP,2022-03-22,170.88999938964844,175.6999969482422,169.19000244140625,174.94000244140625,160.75653076171875,405800,False
BAP,2022-03-23,174.38999938964844,179.07000732421875,172.75999450683594,177.9199981689453,163.4949188232422,834500,False
BAP,2022-03-24,177.57000732421875,178.3800048828125,173.72000122070312,174.66000366210938,160.4992218017578,595000,False
BAP,2022-03-25,175.32000732421875,179.3800048828125,175.13999938964844,176.60000610351562,162.2819366455078,493600,False
BAP,2022-03-28,175.88999938964844,177.8300018310547,173.1300048828125,177.6300048828125,163.22845458984375,238700,False
BAP,2022-03-29,179.22999572753906,179.97999572753906,176.3800048828125,177.00999450683594,162.65870666503906,432200,False
BAP,2022-03-30,177.61000061035156,182.11000061035156,172.72999572753906,173.0,158.97381591796875,664700,False
BAP,2022-03-31,173.33999633789062,175.32000732421875,170.89999389648438,171.8699951171875,157.93540954589844,433400,False
BAP,2022-04-01,175.60000610351562,176.61000061035156,169.64999389648438,170.5,156.67649841308594,515100,False
BAP,2022-04-04,170.9600067138672,172.33999633789062,169.0800018310547,169.38999938964844,155.65647888183594,323800,False
BAP,2022-04-05,169.44000244140625,170.69000244140625,167.24000549316406,167.63999938964844,154.0483856201172,299700,False
BAP,2022-04-06,165.67999267578125,165.89999389648438,160.61000061035156,162.1199951171875,148.97592163085938,482900,False
BAP,2022-04-07,162.47000122070312,162.5399932861328,156.8800048828125,159.02999877929688,146.13645935058594,825900,False
BAP,2022-04-08,159.11000061035156,159.5399932861328,145.74000549316406,146.2899932861328,134.42935180664062,2212100,False
BAP,2022-04-11,146.83999633789062,150.10000610351562,144.77000427246094,148.33999633789062,136.3131561279297,774700,False
BAP,2022-04-12,148.8000030517578,150.6199951171875,144.5,144.7899932861328,133.0509796142578,701600,False
BAP,2022-04-13,144.50999450683594,146.36000061035156,142.82000732421875,144.60000610351562,132.87637329101562,286800,False
BAP,2022-04-14,144.4499969482422,146.44000244140625,144.14999389648438,144.80999755859375,133.06935119628906,187100,False
BAP,2022-04-18,143.3800048828125,145.07000732421875,140.91000366210938,142.3000030517578,130.7628631591797,272300,False
BAP,2022-04-19,143.60000610351562,146.17999267578125,143.14999389648438,146.07000732421875,134.22720336914062,983100,False
BAP,2022-04-20,147.27999877929688,152.64999389648438,146.8300018310547,151.6699981689453,139.3731689453125,1117800,False
BAP,2022-04-21,152.8800048828125,155.5,151.50999450683594,153.83999633789062,141.36724853515625,1778500,False
BAP,2022-04-22,154.05999755859375,154.97999572753906,147.1199951171875,147.1300048828125,135.20126342773438,391600,False
BAP,2022-04-25,145.35000610351562,145.4499969482422,137.7100067138672,139.83999633789062,128.50228881835938,515300,False
BAP,2022-04-26,137.7100067138672,139.3699951171875,134.24000549316406,136.02999877929688,125.00120544433594,549300,False
BAP,2022-04-27,136.02999877929688,139.1199951171875,134.67999267578125,138.3800048828125,127.16068267822266,459600,False
BAP,2022-04-28,139.3800048828125,139.6300048828125,134.75,138.88999938964844,127.62931060791016,244600,False
BAP,2022-04-29,139.52000427246094,140.5,138.41000366210938,138.88999938964844,127.62931060791016,567300,False
BAP,2022-05-02,139.24000549316406,139.86000061035156,136.22000122070312,138.11000061035156,126.91255187988281,212600,False
BAP,2022-05-03,138.47999572753906,141.47999572753906,138.07000732421875,140.6300048828125,129.22825622558594,729900,False
BAP,2022-05-04,141.17999267578125,143.1699981689453,138.49000549316406,142.91000366210938,131.3234100341797,466600,False
BAP,2022-05-05,141.44000244140625,141.44000244140625,132.0399932861328,132.8000030517578,122.0330810546875,838200,False
BAP,2022-05-06,130.0,136.89999389648438,128.7100067138672,132.82000732421875,122.05146026611328,556400,False
BAP,2022-05-09,131.5399932861328,132.38999938964844,125.62000274658203,125.87000274658203,115.6649398803711,286300,False
BAP,2022-05-10,126.33999633789062,129.24000549316406,123.62000274658203,126.62999725341797,116.36331176757812,282900,False
BAP,2022-05-11,126.13999938964844,128.75999450683594,124.44000244140625,124.5,114.406005859375,344100,False
BAP,2022-05-12,122.0,124.48999786376953,118.80999755859375,120.69999694824219,110.91409301757812,734300,False
BAP,2022-05-13,122.55000305175781,133.3300018310547,122.4000015258789,131.94000244140625,121.2427978515625,606100,True
BAP,2022-05-16,132.80999755859375,135.44000244140625,132.11000061035156,132.58999633789062,121.84009552001953,439900,False
BAP,2022-05-17,134.5,141.38999938964844,134.19000244140625,140.0500030517578,128.69525146484375,785800,False
BAP,2022-05-18,138.19000244140625,140.30999755859375,131.58999633789062,132.08999633789062,121.3806381225586,336600,False
BAP,2022-05-19,126.68000030517578,134.77000427246094,126.0,133.4199981689453,122.97334289550781,364200,False
BAP,2022-05-20,135.4199981689453,137.41000366210938,131.77999877929688,134.16000366210938,123.6553955078125,506300,False
BAP,2022-05-23,135.72999572753906,139.97999572753906,133.9499969482422,138.77000427246094,127.9044418334961,360200,False
BAP,2022-05-24,137.38999938964844,139.27999877929688,135.2100067138672,138.3300018310547,127.4989013671875,338300,False
BAP,2022-05-25,137.3699951171875,140.1699981689453,137.3699951171875,139.22000122070312,128.31919860839844,405700,False
BAP,2022-05-26,140.74000549316406,143.47999572753906,139.97000122070312,140.67999267578125,129.6648712158203,576400,False
BAP,2022-05-27,140.25,144.88999938964844,140.25,142.41000366210938,131.25942993164062,339500,False
BAP,2022-05-31,142.57000732421875,144.61000061035156,140.00999450683594,140.3800048828125,129.3883819580078,1748100,False
BAP,2022-06-01,140.52999877929688,142.14999389648438,136.91000366210938,137.6300048828125,126.85370635986328,385600,False
BAP,2022-06-02,138.63999938964844,143.27999877929688,138.27999877929688,143.24000549316406,132.02442932128906,174300,False
BAP,2022-06-03,141.07000732421875,141.41000366210938,139.07000732421875,140.1300048828125,129.15794372558594,176800,False
BAP,2022-06-06,141.11000061035156,141.11000061035156,136.3800048828125,136.7899932861328,126.07946014404297,288000,False
BAP,2022-06-07,135.3800048828125,137.1199951171875,134.6699981689453,135.9499969482422,125.30523681640625,199700,False
BAP,2022-06-08,135.2899932861328,136.58999633789062,134.0399932861328,135.07000732421875,124.4941635131836,174800,False
BAP,2022-06-09,134.89999389648438,134.89999389648438,131.39999389648438,131.4600067138672,121.16681671142578,192400,False
BAP,2022-06-10,128.7100067138672,129.89999389648438,125.69999694824219,125.77999877929688,115.9315414428711,203900,False
BAP,2022-06-13,122.0999984741211,125.55000305175781,120.2699966430664,123.87999725341797,114.1802978515625,334800,False
BAP,2022-06-14,123.80999755859375,124.4800033569336,122.30000305175781,123.13999938964844,113.49825286865234,315100,False
BAP,2022-06-15,124.41999816894531,129.60000610351562,123.70999908447266,127.30999755859375,117.34174346923828,244800,False
BAP,2022-06-16,123.87999725341797,126.05000305175781,121.16999816894531,122.52999877929688,112.93601989746094,204800,False
BAP,2022-06-17,123.87000274658203,125.94000244140625,122.44000244140625,124.9000015258789,115.12044525146484,580500,False
BAP,2022-06-21,128.1300048828125,132.27000427246094,125.55000305175781,126.54000091552734,116.63204193115234,308500,False
BAP,2022-06-22,123.44999694824219,125.76000213623047,123.31999969482422,124.62999725341797,114.87158966064453,240500,False
BAP,2022-06-23,124.86000061035156,125.05000305175781,123.06999969482422,123.87000274658203,114.17108917236328,333900,False
BAP,2022-06-24,123.9800033569336,126.94000244140625,123.7300033569336,124.91000366210938,115.1296615600586,273100,False
BAP,2022-06-27,125.04000091552734,125.77999877929688,123.43000030517578,124.55000305175781,114.79785919189453,252400,False
BAP,2022-06-28,126.05999755859375,128.99000549316406,122.48999786376953,123.7300033569336,114.04206085205078,297600,False
BAP,2022-06-29,124.12000274658203,124.4000015258789,121.9800033569336,122.69999694824219,113.09269714355469,136700,False
BAP,2022-06-30,121.18000030517578,121.62999725341797,118.2300033569336,119.91000366210938,110.52116394042969,357900,False
BAP,2022-07-01,119.52999877929688,122.48999786376953,118.8499984741211,122.48999786376953,112.8991470336914,322700,False
BAP,2022-07-05,120.0199966430664,121.0199966430664,117.20999908447266,120.61000061035156,111.1663589477539,382700,False
BAP,2022-07-06,119.5999984741211,121.45999908447266,115.20999908447266,116.97000122070312,107.81136322021484,436500,False
BAP,2022-07-07,118.88999938964844,125.3499984741211,118.88999938964844,122.93000030517578,113.30469512939453,435600,False
BAP,2022-07-08,123.44000244140625,126.5,122.3499984741211,122.87999725341797,113.25860595703125,547400,False
BAP,2022-07-11,122.05000305175781,123.04000091552734,119.93000030517578,120.38999938964844,110.96356964111328,152900,False
BAP,2022-07-12,120.27999877929688,122.25,119.61000061035156,119.73999786376953,110.36447143554688,190700,False
BAP,2022-07-13,117.9800033569336,118.72000122070312,116.62999725341797,118.11000061035156,108.86209869384766,231900,False
BAP,2022-07-14,115.61000061035156,117.20999908447266,113.20999908447266,115.02999877929688,106.02326202392578,202000,False
BAP,2022-07-15,116.94999694824219,117.11000061035156,113.33999633789062,115.94999694824219,106.8712158203125,425300,False
BAP,2022-07-18,117.76000213623047,121.30000305175781,117.55999755859375,119.58000183105469,110.21700286865234,274000,False
BAP,2022-07-19,123.1500015258789,126.7699966430664,123.01000213623047,126.70999908447266,116.7887191772461,244700,False
BAP,2022-07-20,126.26000213623047,127.79000091552734,125.5199966430664,125.73999786376953,115.89466857910156,455600,False
BAP,2022-07-21,124.81999969482422,126.06999969482422,124.18000030517578,125.54000091552734,115.71033477783203,165200,False
BAP,2022-07-22,125.41000366210938,126.97000122070312,124.22000122070312,125.3499984741211,115.53520202636719,229000,False
BAP,2022-07-25,126.48999786376953,130.8000030517578,125.7699966430664,130.5,120.28196716308594,290000,False
BAP,2022-07-26,129.3000030517578,130.8800048828125,128.3000030517578,129.50999450683594,119.36947631835938,242500,False
BAP,2022-07-27,129.0500030517578,129.88999938964844,125.72000122070312,127.81999969482422,117.81180572509766,518500,False
BAP,2022-07-28,129.25,131.3300018310547,128.38999938964844,131.08999633789062,120.82575988769531,274200,False
BAP,2022-07-29,131.74000549316406,132.58999633789062,129.27999877929688,129.39999389648438,119.2680892944336,369800,False
BAP,2022-08-01,128.61000061035156,131.5500030517578,128.32000732421875,129.97000122070312,119.79346466064453,569400,False
BAP,2022-08-02,130.63999938964844,132.05999755859375,128.5,129.05999755859375,118.95471954345703,311900,False
BAP,2022-08-03,130.8000030517578,130.92999267578125,127.3499984741211,130.5,120.28196716308594,370000,False
BAP,2022-08-04,132.5,133.33999633789062,128.99000549316406,129.9199981689453,119.74738311767578,429400,False
BAP,2022-08-05,128.9199981689453,132.14999389648438,128.9199981689453,131.64999389648438,121.34193420410156,523800,False
BAP,2022-08-08,133.1999969482422,138.85000610351562,133.1999969482422,138.0800018310547,127.26847076416016,539300,False
BAP,2022-08-09,138.00999450683594,139.1999969482422,135.0500030517578,136.5399932861328,125.84902954101562,250000,False
BAP,2022-08-10,138.13999938964844,142.4600067138672,136.25,141.8000030517578,130.69720458984375,466600,False
BAP,2022-08-11,143.1999969482422,143.8000030517578,140.85000610351562,141.85000610351562,130.7432861328125,401700,False
BAP,2022-08-12,138.8800048828125,139.52000427246094,135.9600067138672,138.6300048828125,127.7754135131836,410700,False
BAP,2022-08-15,136.22000122070312,138.17999267578125,135.6999969482422,136.3000030517578,125.6278305053711,250700,False
BAP,2022-08-16,135.61000061035156,138.60000610351562,135.61000061035156,138.2899932861328,127.46202850341797,173100,False
BAP,2022-08-17,137.25999450683594,138.32000732421875,136.41000366210938,137.08999633789062,126.35597229003906,333800,False
BAP,2022-08-18,136.10000610351562,136.8000030517578,134.22000122070312,135.05999755859375,124.48491668701172,204200,False
BAP,2022-08-19,133.5,133.5,131.6300048828125,132.3699951171875,122.00553894042969,86600,False
BAP,2022-08-22,129.58999633789062,132.63999938964844,128.02999877929688,131.77000427246094,121.45254516601562,211100,False
BAP,2022-08-23,132.16000366210938,133.39999389648438,131.02000427246094,132.0399932861328,121.70137786865234,178000,False
BAP,2022-08-24,131.77999877929688,132.9199981689453,130.1199951171875,130.35000610351562,120.14371490478516,204700,False
BAP,2022-08-25,131.50999450683594,133.58999633789062,130.67999267578125,133.4600067138672,123.01022338867188,132900,False
BAP,2022-08-26,133.58999633789062,134.42999267578125,130.25999450683594,130.8800048828125,120.63221740722656,267500,False
BAP,2022-08-29,128.60000610351562,130.42999267578125,128.00999450683594,129.44000244140625,119.30496978759766,209100,False
BAP,2022-08-30,129.80999755859375,130.2899932861328,127.33000183105469,128.17999267578125,118.14361572265625,203400,False
BAP,2022-08-31,128.91000366210938,131.2899932861328,128.57000732421875,128.88999938964844,118.79803466796875,494900,False
BAP,2022-09-01,128.5399932861328,128.72000122070312,123.70999908447266,126.45999908447266,116.55829620361328,289700,False
BAP,2022-09-02,127.66999816894531,129.55999755859375,126.22000122070312,126.8499984741211,116.91777038574219,201500,False
BAP,2022-09-06,127.38999938964844,128.63999938964844,126.08000183105469,126.41999816894531,116.52142333984375,156400,False
BAP,2022-09-07,125.9800033569336,127.80999755859375,124.44000244140625,127.54000091552734,117.5537338256836,165200,False
BAP,2022-09-08,127.12000274658203,129.5,127.0999984741211,129.3800048828125,119.24967193603516,120200,False
BAP,2022-09-09,131.50999450683594,132.6999969482422,130.75,130.85000610351562,120.60457611083984,226000,False
BAP,2022-09-12,132.10000610351562,132.8300018310547,130.61000061035156,131.5800018310547,121.27740478515625,423600,False
BAP,2022-09-13,128.8300018310547,129.6999969482422,126.80000305175781,127.2300033569336,117.26800537109375,201200,False
BAP,2022-09-14,128.00999450683594,128.77000427246094,126.87000274658203,127.58000183105469,117.5905990600586,117600,False
BAP,2022-09-15,126.7699966430664,130.42999267578125,126.62000274658203,127.5999984741211,117.6090316772461,413500,False
BAP,2022-09-16,126.55000305175781,129.77999877929688,125.56999969482422,129.22999572753906,119.11141204833984,485500,False
BAP,2022-09-19,127.93000030517578,130.7100067138672,127.73999786376953,130.11000061035156,119.92251586914062,433700,False
BAP,2022-09-20,129.0399932861328,131.75999450683594,129.0399932861328,131.0399932861328,120.77967071533203,211200,False
BAP,2022-09-21,130.91000366210938,133.0,130.0,131.22999572753906,120.9548110961914,368900,False
BAP,2022-09-22,131.4199981689453,131.4199981689453,128.8000030517578,129.00999450683594,118.90863800048828,448900,False
BAP,2022-09-23,126.55000305175781,126.9800033569336,122.54000091552734,122.93000030517578,113.30469512939453,602600,False
BAP,2022-09-26,122.0,123.23999786376953,118.33000183105469,118.4000015258789,109.12939453125,279600,False
BAP,2022-09-27,118.81999969482422,120.94999694824219,118.62000274658203,119.91000366210938,110.52116394042969,370000,False
BAP,2022-09-28,119.73999786376953,126.62999725341797,119.4800033569336,125.54000091552734,115.71033477783203,409200,False
BAP,2022-09-29,123.54000091552734,123.91999816894531,121.70999908447266,122.55000305175781,112.95445251464844,227500,False
BAP,2022-09-30,122.93000030517578,125.25,122.08999633789062,122.80000305175781,113.18488311767578,287400,False
BAP,2022-10-03,124.29000091552734,127.30000305175781,122.9000015258789,126.4000015258789,116.50299835205078,211200,False
BAP,2022-10-04,129.9600067138672,133.57000732421875,128.5800018310547,133.50999450683594,123.05628967285156,356600,False
BAP,2022-10-05,131.33999633789062,132.27999877929688,130.5,130.61000061035156,120.38336181640625,247800,False
BAP,2022-10-06,129.69000244140625,130.8800048828125,128.50999450683594,129.7100067138672,119.5538330078125,190000,False
BAP,2022-10-07,129.0800018310547,132.49000549316406,128.77000427246094,130.67999267578125,120.4478759765625,281500,False
BAP,2022-10-10,131.1300048828125,131.58999633789062,127.5,127.8499984741211,117.83946228027344,162000,False
BAP,2022-10-11,127.29000091552734,129.39999389648438,125.9800033569336,127.8499984741211,117.83946228027344,247200,False
BAP,2022-10-12,127.9800033569336,130.52999877929688,126.77999877929688,129.3800048828125,119.24967193603516,312800,False
BAP,2022-10-13,127.87000274658203,131.6300048828125,126.75,130.4199981689453,120.20822143554688,554200,False
BAP,2022-10-14,131.3300018310547,132.27000427246094,126.16999816894531,127.91000366210938,117.89476776123047,313300,False
BAP,2022-10-17,130.14999389648438,132.0399932861328,129.5800018310547,130.27999877929688,120.07919311523438,329100,False
BAP,2022-10-18,132.35000610351562,133.52000427246094,131.22000122070312,133.3000030517578,122.86275482177734,290700,False
BAP,2022-10-19,132.22000122070312,132.89999389648438,130.42999267578125,132.0800018310547,121.73827362060547,187100,False
BAP,2022-10-20,132.0,133.3300018310547,131.57000732421875,132.0800018310547,121.73827362060547,583900,False
BAP,2022-10-21,132.5,134.10000610351562,131.08999633789062,133.14999389648438,122.7244644165039,818000,False
BAP,2022-10-24,133.25,134.6999969482422,130.77000427246094,134.49000549316406,123.95955657958984,351800,False
BAP,2022-10-25,133.97000122070312,139.66000366210938,133.92999267578125,137.7899932861328,127.00115966796875,373000,False
BAP,2022-10-26,137.5500030517578,140.86000061035156,137.5500030517578,140.07000732421875,129.10264587402344,484200,False
BAP,2022-10-27,140.33999633789062,143.24000549316406,139.75999450683594,143.0800018310547,131.87696838378906,341700,False
BAP,2022-10-28,143.4499969482422,144.4199981689453,142.07000732421875,143.94000244140625,132.6696319580078,246400,False
BAP,2022-10-31,143.0,146.77000427246094,142.72000122070312,146.36000061035156,134.900146484375,369600,False
BAP,2022-11-01,148.0399932861328,152.3800048828125,148.0399932861328,152.27000427246094,140.347412109375,435200,False
BAP,2022-11-02,151.42999267578125,151.6199951171875,143.88999938964844,144.14999389648438,132.86318969726562,411900,False
BAP,2022-11-03,142.14999389648438,145.39999389648438,141.7100067138672,144.5,133.185791015625,210900,False
BAP,2022-11-04,147.50999450683594,154.99000549316406,147.13999938964844,152.64999389648438,140.6976318359375,479100,False
BAP,2022-11-07,153.0399932861328,155.25,151.63999938964844,153.55999755859375,141.53639221191406,418000,False
BAP,2022-11-08,153.3800048828125,155.3000030517578,152.07000732421875,154.0500030517578,141.988037109375,324600,False
BAP,2022-11-09,152.1999969482422,152.1999969482422,149.67999267578125,152.0,140.09854125976562,294700,False
BAP,2022-11-10,156.32000732421875,156.4600067138672,152.36000061035156,154.97999572753906,142.84519958496094,431700,False
BAP,2022-11-11,155.6999969482422,157.4600067138672,154.7899932861328,156.97999572753906,144.68861389160156,300900,False
BAP,2022-11-14,156.99000549316406,158.2100067138672,155.72999572753906,156.3800048828125,144.13558959960938,154300,False
BAP,2022-11-15,158.61000061035156,158.9499969482422,154.83999633789062,157.0,144.70704650878906,328400,False
BAP,2022-11-16,157.0,157.5,155.02000427246094,155.8300018310547,143.62864685058594,222700,False
BAP,2022-11-17,153.36000061035156,155.4600067138672,149.82000732421875,151.7100067138672,139.8312530517578,332800,False
BAP,2022-11-18,152.05999755859375,153.13999938964844,149.7899932861328,151.13999938964844,139.30587768554688,203300,False
BAP,2022-11-21,151.00999450683594,151.00999450683594,148.50999450683594,150.16000366210938,138.40261840820312,204500,False
BAP,2022-11-22,151.2100067138672,154.02999877929688,150.22000122070312,153.32000732421875,141.315185546875,215600,False
BAP,2022-11-23,153.2899932861328,155.47999572753906,152.49000549316406,153.9199981689453,141.8682098388672,231300,False
BAP,2022-11-25,152.35000610351562,154.99000549316406,148.44000244140625,153.47999572753906,141.46266174316406,192300,False
BAP,2022-11-28,152.99000549316406,152.99000549316406,147.55999755859375,147.63999938964844,136.07992553710938,437200,False
BAP,2022-11-29,148.25,150.10000610351562,146.58999633789062,146.92999267578125,135.42550659179688,309700,False
BAP,2022-11-30,148.27000427246094,153.5800018310547,146.2899932861328,153.5500030517578,141.52719116210938,642900,False
BAP,2022-12-01,153.4499969482422,154.25999450683594,148.94000244140625,151.22000122070312,139.37962341308594,295000,False
BAP,2022-12-02,149.3000030517578,151.22999572753906,147.8300018310547,150.0399932861328,138.2919921875,207100,False
BAP,2022-12-05,148.30999755859375,149.1199951171875,146.2899932861328,149.07000732421875,137.39796447753906,553100,False
BAP,2022-12-06,149.72999572753906,149.97000122070312,145.8000030517578,148.2899932861328,136.67901611328125,395500,False
BAP,2022-12-07,147.38999938964844,147.7100067138672,138.0500030517578,144.60000610351562,133.2779541015625,1489600,False
BAP,2022-12-08,147.0500030517578,148.47999572753906,144.25999450683594,145.2100067138672,133.84019470214844,414700,False
BAP,2022-12-09,145.0,148.41000366210938,143.63999938964844,147.77999877929688,136.20895385742188,392900,False
BAP,2022-12-12,146.8000030517578,147.6999969482422,138.6699981689453,139.16000366210938,128.263916015625,415400,False
BAP,2022-12-13,143.58999633789062,143.58999633789062,138.07000732421875,138.50999450683594,127.664794921875,341300,False
BAP,2022-12-14,138.35000610351562,140.92999267578125,135.63999938964844,135.77999877929688,125.14856719970703,491500,False
BAP,2022-12-15,135.0,135.0800018310547,132.25999450683594,133.91000366210938,123.42498016357422,546500,False
BAP,2022-12-16,133.08999633789062,134.69000244140625,132.07000732421875,133.77000427246094,123.29593658447266,866000,False
BAP,2022-12-19,133.69000244140625,135.39999389648438,132.75,134.2899932861328,123.77521514892578,358300,False
BAP,2022-12-20,135.8300018310547,137.16000366210938,134.67999267578125,135.44000244140625,124.83517456054688,392300,False
BAP,2022-12-21,136.38999938964844,136.99000549316406,135.13999938964844,135.99000549316406,125.34211730957031,344100,False
BAP,2022-12-22,134.75999450683594,135.55999755859375,131.63999938964844,133.39999389648438,122.95489501953125,357600,False
BAP,2022-12-23,133.39999389648438,135.0399932861328,131.85000610351562,134.6699981689453,124.12545776367188,629200,False
BAP,2022-12-27,134.6199951171875,135.0,133.2899932861328,133.82000732421875,123.3420181274414,320600,False
BAP,2022-12-28,133.82000732421875,135.67999267578125,133.67999267578125,134.69000244140625,124.14389038085938,342900,False
BAP,2022-12-29,135.83999633789062,136.38999938964844,133.35000610351562,135.61000061035156,124.99185943603516,354700,False
BAP,2022-12-30,134.32000732421875,136.14999389648438,133.7100067138672,135.66000366210938,125.03795623779297,364300,False
BAP,2023-01-03,137.0,139.02999877929688,136.36000061035156,138.1199951171875,127.3053207397461,334800,False
BAP,2023-01-04,140.0,141.25,139.4199981689453,140.13999938964844,129.1671600341797,344100,False
BAP,2023-01-05,140.5,142.80999755859375,139.44000244140625,142.80999755859375,131.6281280517578,583700,False
BAP,2023-01-06,143.49000549316406,146.3800048828125,142.8800048828125,146.0,134.56832885742188,303700,False
BAP,2023-01-09,147.25999450683594,149.10000610351562,147.1999969482422,147.7100067138672,136.1444549560547,379100,False
BAP,2023-01-10,146.5399932861328,149.6300048828125,146.5399932861328,148.0,136.4117431640625,391900,False
BAP,2023-01-11,147.99000549316406,148.47000122070312,144.25999450683594,145.02000427246094,133.66506958007812,472700,False
BAP,2023-01-12,145.16000366210938,148.41000366210938,143.58999633789062,148.39999389648438,136.78041076660156,347200,False
BAP,2023-01-13,148.27999877929688,149.77000427246094,147.4499969482422,148.67999267578125,137.03848266601562,378700,False
BAP,2023-01-17,148.75999450683594,148.75999450683594,143.35000610351562,143.44000244140625,132.2087860107422,398500,False
BAP,2023-01-18,144.3699951171875,144.8699951171875,142.8300018310547,142.92999267578125,131.7387237548828,274100,False
BAP,2023-01-19,141.86000061035156,144.11000061035156,140.80999755859375,142.8699951171875,131.68341064453125,365200,False
BAP,2023-01-20,143.63999938964844,143.63999938964844,139.75999450683594,140.27000427246094,129.2869873046875,347600,False
BAP,2023-01-23,140.61000061035156,141.9499969482422,139.92999267578125,140.6300048828125,129.61880493164062,236400,False
BAP,2023-01-24,141.41000366210938,141.41000366210938,138.5,139.5500030517578,128.6233673095703,189800,False
BAP,2023-01-25,138.99000549316406,139.8000030517578,138.19000244140625,138.9499969482422,128.07034301757812,456000,False
BAP,2023-01-26,139.72000122070312,143.9199981689453,139.25,143.49000549316406,132.25486755371094,177000,False
BAP,2023-01-27,142.8800048828125,142.9199981689453,139.67999267578125,140.72999572753906,129.71096801757812,238400,False
BAP,2023-01-30,139.6999969482422,139.6999969482422,131.72999572753906,133.58999633789062,123.13002014160156,1124100,False
BAP,2023-01-31,132.80999755859375,135.22000122070312,132.02000427246094,134.3000030517578,123.784423828125,829500,False
BAP,2023-02-01,134.0,134.8000030517578,132.61000061035156,134.72000122070312,124.17153930664062,868700,False
BAP,2023-02-02,135.02000427246094,135.50999450683594,133.6699981689453,135.1999969482422,124.61396026611328,338000,False
BAP,2023-02-03,134.02000427246094,136.22000122070312,133.33999633789062,135.72999572753906,125.10245513916016,466800,False
BAP,2023-02-06,135.39999389648438,136.35000610351562,134.27999877929688,135.4600067138672,124.85362243652344,442900,False
BAP,2023-02-07,135.94000244140625,137.94000244140625,135.41000366210938,137.3300018310547,126.57719421386719,316000,False
BAP,2023-02-08,137.30999755859375,138.5500030517578,136.9499969482422,137.97000122070312,127.16708374023438,219400,False
BAP,2023-02-09,138.2100067138672,139.24000549316406,136.97999572753906,137.10000610351562,126.36520385742188,248000,False
BAP,2023-02-10,132.22000122070312,134.17999267578125,124.86000061035156,127.0999984741211,117.14818572998047,1517100,False
BAP,2023-02-13,127.2699966430664,132.4499969482422,127.06999969482422,132.39999389648438,122.033203125,857900,False
BAP,2023-02-14,132.00999450683594,133.3699951171875,129.61000061035156,129.72999572753906,119.57225036621094,298600,False
BAP,2023-02-15,127.0,129.7899932861328,125.01000213623047,129.77999877929688,119.61833953857422,427000,False
BAP,2023-02-16,129.25,129.77000427246094,127.31999969482422,129.02999877929688,118.92707061767578,374300,False
BAP,2023-02-17,128.89999389648438,129.6199951171875,127.44999694824219,129.57000732421875,119.42479705810547,302000,False
BAP,2023-02-21,129.14999389648438,131.35000610351562,128.6199951171875,129.89999389648438,119.72895050048828,377100,False
BAP,2023-02-22,129.5399932861328,130.55999755859375,128.27000427246094,129.89999389648438,119.72895050048828,547700,False
BAP,2023-02-23,131.05999755859375,131.69000244140625,129.0500030517578,129.0500030517578,118.94551086425781,358300,False
BAP,2023-02-24,128.60000610351562,129.7899932861328,126.41999816894531,128.57000732421875,118.50309753417969,226800,False
BAP,2023-02-27,130.0,130.22999572753906,126.63999938964844,127.48999786376953,117.50765228271484,292800,False
BAP,2023-02-28,127.88999938964844,127.88999938964844,125.86000061035156,127.41999816894531,117.4431381225586,462200,False
BAP,2023-03-01,128.1699981689453,131.41000366210938,127.43000030517578,131.27000427246094,120.99168395996094,457500,False
BAP,2023-03-02,130.27999877929688,130.99000549316406,129.77999877929688,130.61000061035156,120.38336181640625,386700,False
BAP,2023-03-03,130.72000122070312,132.0,129.80999755859375,131.91000366210938,121.5815658569336,229100,False
BAP,2023-03-06,131.94000244140625,133.2100067138672,131.5,132.5,122.12537384033203,204500,False
BAP,2023-03-07,131.9199981689453,132.6999969482422,130.39999389648438,131.64999389648438,121.34193420410156,558700,False
BAP,2023-03-08,131.85000610351562,133.00999450683594,131.02000427246094,132.83999633789062,122.43875122070312,412600,False
BAP,2023-03-09,132.4600067138672,132.80999755859375,129.8800048828125,130.0,119.82112121582031,1072700,False
BAP,2023-03-10,129.11000061035156,131.25,127.2300033569336,128.77000427246094,118.68743896484375,432400,False
BAP,2023-03-13,125.61000061035156,127.1500015258789,124.33000183105469,126.56999969482422,116.65968322753906,482100,False
BAP,2023-03-14,129.27000427246094,131.4499969482422,128.47000122070312,129.85000610351562,119.68287658691406,673500,False
BAP,2023-03-15,126.30000305175781,127.37999725341797,123.87999725341797,127.33999633789062,117.36940002441406,771800,False
BAP,2023-03-16,125.7300033569336,128.57000732421875,124.62000274658203,127.04000091552734,117.09288024902344,836200,False
BAP,2023-03-17,123.94999694824219,125.68000030517578,120.98999786376953,124.61000061035156,114.85315704345703,1382400,False
BAP,2023-03-20,125.11000061035156,125.11000061035156,120.80000305175781,124.3499984741211,114.61351013183594,469700,False
BAP,2023-03-21,127.63999938964844,129.61000061035156,126.7300033569336,127.98999786376953,117.96849822998047,471000,False
BAP,2023-03-22,128.4199981689453,128.4199981689453,124.58000183105469,124.79000091552734,115.01905822753906,336600,False
BAP,2023-03-23,125.91000366210938,127.88999938964844,124.23999786376953,124.86000061035156,115.08358001708984,587200,False
BAP,2023-03-24,123.19000244140625,125.0,121.70999908447266,124.27999877929688,114.54898834228516,308700,False
BAP,2023-03-27,125.8499984741211,129.4199981689453,124.69999694824219,128.3000030517578,118.25422668457031,240100,False
BAP,2023-03-28,128.35000610351562,131.55999755859375,128.25999450683594,131.44000244140625,121.14838409423828,252900,False
BAP,2023-03-29,131.75,135.4499969482422,130.97999572753906,135.25,124.66004943847656,322200,False
BAP,2023-03-30,136.3000030517578,136.3000030517578,131.91000366210938,132.1199951171875,121.7751235961914,472000,False
BAP,2023-03-31,133.3000030517578,133.85000610351562,131.6699981689453,132.38999938964844,122.02398681640625,587900,False
BAP,2023-04-03,132.74000549316406,134.0500030517578,130.58999633789062,131.32000732421875,121.03777313232422,237800,False
BAP,2023-04-04,130.85000610351562,131.55999755859375,129.11000061035156,130.36000061035156,120.15293884277344,269900,False
BAP,2023-04-05,129.72000122070312,131.1199951171875,128.4600067138672,129.61000061035156,119.46166229248047,187500,False
BAP,2023-04-06,129.38999938964844,130.00999450683594,128.74000549316406,129.49000549316406,119.35105895996094,113800,False
BAP,2023-04-10,129.13999938964844,130.22999572753906,128.3000030517578,128.83999633789062,118.75194549560547,307700,False
BAP,2023-04-11,129.25,130.4499969482422,127.77999877929688,129.25999450683594,119.1390609741211,282400,False
BAP,2023-04-12,130.47000122070312,131.16000366210938,129.07000732421875,130.1699981689453,119.97779846191406,286800,False
BAP,2023-04-13,130.38999938964844,131.91000366210938,129.44000244140625,131.24000549316406,120.96404266357422,202600,False
BAP,2023-04-14,132.41000366210938,132.8000030517578,130.52999877929688,131.6199951171875,121.31427001953125,234600,False
BAP,2023-04-17,131.25999450683594,133.27999877929688,129.67999267578125,132.5,122.12537384033203,225600,False
BAP,2023-04-18,132.39999389648438,132.6999969482422,131.5500030517578,132.42999267578125,122.06085205078125,314500,False
BAP,2023-04-19,131.60000610351562,133.38999938964844,130.2100067138672,132.74000549316406,122.3465805053711,254400,False
BAP,2023-04-20,132.6699981689453,134.2899932861328,131.5,133.6300048828125,123.16690063476562,201000,False
BAP,2023-04-21,133.0800018310547,133.6199951171875,131.69000244140625,133.22000122070312,122.78900909423828,196300,False
BAP,2023-04-24,133.49000549316406,134.75999450683594,132.61000061035156,133.99000549316406,123.49871826171875,148300,False
BAP,2023-04-25,132.85000610351562,134.5399932861328,131.94000244140625,134.42999267578125,123.90424346923828,187900,False
BAP,2023-04-26,134.5800018310547,135.5399932861328,133.19000244140625,133.39999389648438,122.95489501953125,235100,False
BAP,2023-04-27,132.58999633789062,134.52000427246094,132.49000549316406,134.0,123.50791931152344,174800,False
BAP,2023-04-28,133.07000732421875,135.47999572753906,133.07000732421875,135.47999572753906,124.87205505371094,207500,False
BAP,2023-05-01,135.64999389648438,137.55999755859375,135.5399932861328,136.57000732421875,125.876708984375,177900,False
BAP,2023-05-02,135.8699951171875,136.11000061035156,131.4499969482422,132.6999969482422,122.3097152709961,515000,False
BAP,2023-05-03,133.50999450683594,136.25,133.08999633789062,134.10000610351562,123.60008239746094,261100,False
BAP,2023-05-04,134.0399932861328,134.83999633789062,131.33999633789062,133.91000366210938,123.42498016357422,282200,False
BAP,2023-05-05,135.5399932861328,141.72000122070312,135.35000610351562,141.35000610351562,130.2824249267578,298000,False
BAP,2023-05-08,139.63999938964844,148.1300048828125,137.33999633789062,147.1199951171875,135.6006317138672,579000,False
BAP,2023-05-09,146.6699981689453,147.50999450683594,144.39999389648438,145.4199981689453,134.0337371826172,445100,False
BAP,2023-05-10,146.44000244140625,146.82000732421875,141.75999450683594,141.92999267578125,130.81700134277344,581500,False
BAP,2023-05-11,140.57000732421875,142.38999938964844,139.7100067138672,141.0,129.95982360839844,302700,False
BAP,2023-05-12,140.60000610351562,141.52999877929688,136.5800018310547,136.9600067138672,126.23616790771484,215900,False
BAP,2023-05-15,137.61000061035156,137.97999572753906,135.7100067138672,137.1300048828125,126.39285278320312,536200,False
BAP,2023-05-16,137.50999450683594,137.50999450683594,134.77999877929688,134.7899932861328,124.23606872558594,406800,False
BAP,2023-05-17,136.19000244140625,137.22999572753906,135.14999389648438,136.50999450683594,125.82138061523438,272000,False
BAP,2023-05-18,129.49000549316406,130.5500030517578,126.63999938964844,128.92999267578125,119.42892456054688,249300,False
BAP,2023-05-19,129.67999267578125,132.8300018310547,129.10000610351562,132.75,122.96743774414062,430400,False
BAP,2023-05-22,133.6999969482422,133.99000549316406,132.0,132.72000122070312,122.93964385986328,227400,False
BAP,2023-05-23,133.80999755859375,135.61000061035156,132.72999572753906,133.27999877929688,123.45838928222656,373400,False
BAP,2023-05-24,132.25,134.5399932861328,131.9199981689453,133.42999267578125,123.5973129272461,241400,False
BAP,2023-05-25,133.27999877929688,134.9600067138672,132.74000549316406,134.0399932861328,124.16236877441406,357700,False
BAP,2023-05-26,134.92999267578125,134.92999267578125,131.97999572753906,132.0,122.272705078125,352200,False
BAP,2023-05-30,131.44000244140625,131.74000549316406,128.3300018310547,130.30999755859375,120.7072525024414,502900,False
BAP,2023-05-31,129.02000427246094,130.52999877929688,127.22000122070312,129.4499969482422,119.9106216430664,1021600,False
BAP,2023-06-01,130.88999938964844,132.88999938964844,130.30999755859375,132.24000549316406,122.49503326416016,287800,False
BAP,2023-06-02,134.38999938964844,138.0399932861328,133.1300048828125,136.97000122070312,126.87645721435547,394700,False
BAP,2023-06-05,137.86000061035156,138.35000610351562,136.97000122070312,137.9600067138672,127.79350280761719,178200,False
BAP,2023-06-06,138.4199981689453,140.75,138.11000061035156,140.49000549316406,130.1370849609375,279700,False
BAP,2023-06-07,140.41000366210938,141.35000610351562,139.3000030517578,140.02000427246094,129.7017059326172,441200,False
BAP,2023-06-08,140.02999877929688,140.91000366210938,139.35000610351562,140.72999572753906,130.359375,353200,False
BAP,2023-06-09,140.0500030517578,140.6300048828125,138.72000122070312,140.5,130.14633178710938,375900,False
BAP,2023-06-12,140.11000061035156,142.47999572753906,140.0500030517578,141.6999969482422,131.2578887939453,213000,False
BAP,2023-06-13,142.5399932861328,143.85000610351562,140.57000732421875,143.63999938964844,133.054931640625,292500,False
BAP,2023-06-14,144.14999389648438,147.10000610351562,144.14999389648438,146.07000732421875,135.3058624267578,480200,False
BAP,2023-06-15,146.1999969482422,148.75,144.41000366210938,148.39999389648438,137.4641571044922,337900,False
BAP,2023-06-16,149.13999938964844,149.72999572753906,147.0800018310547,149.2899932861328,138.28857421875,610300,False
BAP,2023-06-20,149.0,149.5800018310547,147.02999877929688,149.0500030517578,138.06625366210938,514100,False
BAP,2023-06-21,148.55999755859375,149.9199981689453,147.16000366210938,148.25,137.32521057128906,218500,False
BAP,2023-06-22,147.8000030517578,147.9199981689453,145.13999938964844,146.24000549316406,135.46334838867188,322100,False
BAP,2023-06-23,144.91000366210938,145.25,142.11000061035156,144.3000030517578,133.6663055419922,454500,False
BAP,2023-06-26,145.0399932861328,145.9199981689453,144.3000030517578,144.6300048828125,133.9720001220703,197700,False
BAP,2023-06-27,145.3800048828125,146.08999633789062,144.5,145.0,134.31472778320312,180700,False
BAP,2023-06-28,144.75,145.6999969482422,142.8800048828125,144.94000244140625,134.25914001464844,217600,False
BAP,2023-06-29,145.77000427246094,146.63999938964844,144.49000549316406,146.0,135.2410125732422,130800,False
BAP,2023-06-30,147.17999267578125,148.89999389648438,146.16000366210938,147.63999938964844,136.7601776123047,307700,False
BAP,2023-07-03,147.5399932861328,149.0500030517578,147.10000610351562,147.8800048828125,136.98248291015625,68200,False
BAP,2023-07-05,146.92999267578125,150.61000061035156,146.02000427246094,150.47999572753906,139.39088439941406,362900,False
BAP,2023-07-06,149.08999633789062,150.55999755859375,147.3800048828125,147.5,136.6304931640625,234200,False
BAP,2023-07-07,149.64999389648438,153.3800048828125,148.9199981689453,151.7100067138672,140.53025817871094,384900,False
BAP,2023-07-10,151.0,152.97999572753906,149.9499969482422,150.58999633789062,139.49278259277344,277700,False
BAP,2023-07-11,151.64999389648438,152.25999450683594,147.42999267578125,149.72999572753906,138.69615173339844,342200,False
BAP,2023-07-12,151.0800018310547,151.64999389648438,149.6999969482422,150.02000427246094,138.96478271484375,205900,False
BAP,2023-07-13,150.0800018310547,153.35000610351562,148.41000366210938,152.10000610351562,140.8915252685547,306300,False
BAP,2023-07-14,151.82000732421875,152.6699981689453,150.5,151.6300048828125,140.4561309814453,212500,False
BAP,2023-07-17,151.0500030517578,155.9600067138672,150.36000061035156,155.44000244140625,143.98536682128906,297300,False
BAP,2023-07-18,154.72999572753906,157.22999572753906,153.1999969482422,156.25,144.73568725585938,295700,False
BAP,2023-07-19,156.1699981689453,157.07000732421875,154.8300018310547,156.2899932861328,144.77273559570312,161200,False
BAP,2023-07-20,156.1999969482422,156.85000610351562,154.77000427246094,156.80999755859375,145.25442504882812,197000,False
BAP,2023-07-21,157.5,157.77999877929688,156.02999877929688,156.72999572753906,145.1802978515625,149700,False
BAP,2023-07-24,156.14999389648438,157.33999633789062,154.8000030517578,154.91000366210938,143.4944305419922,136700,False
BAP,2023-07-25,155.08999633789062,156.30999755859375,154.36000061035156,155.5,144.04095458984375,205300,False
BAP,2023-07-26,155.38999938964844,157.8000030517578,155.16000366210938,157.1999969482422,145.6156768798828,112900,False
BAP,2023-07-27,157.39999389648438,157.39999389648438,152.99000549316406,154.9600067138672,143.54074096679688,183600,False
BAP,2023-07-28,157.30999755859375,158.3699951171875,155.02999877929688,158.02999877929688,146.38450622558594,94200,False
BAP,2023-07-31,158.14999389648438,158.52999877929688,156.00999450683594,157.0500030517578,145.4767303466797,241600,False
BAP,2023-08-01,156.27000427246094,159.11000061035156,156.27000427246094,158.47000122070312,146.79208374023438,193900,False
BAP,2023-08-02,157.19000244140625,158.3300018310547,153.39999389648438,154.2100067138672,142.8460235595703,270200,False
BAP,2023-08-03,153.55999755859375,155.25999450683594,151.5,153.3800048828125,142.0771942138672,148500,False
BAP,2023-08-04,153.3800048828125,154.83999633789062,153.1699981689453,153.8800048828125,142.5403289794922,74200,False
BAP,2023-08-07,154.3800048828125,156.50999450683594,154.08999633789062,155.57000732421875,144.10580444335938,149000,False
BAP,2023-08-08,153.60000610351562,156.89999389648438,152.4600067138672,156.42999267578125,144.90240478515625,143500,False
BAP,2023-08-09,155.69000244140625,158.3300018310547,155.69000244140625,158.0800018310547,146.4308319091797,182600,False
BAP,2023-08-10,159.05999755859375,160.14999389648438,157.72000122070312,157.72000122070312,146.0973663330078,321100,False
BAP,2023-08-11,154.00999450683594,156.58999633789062,149.5,149.92999267578125,138.88140869140625,389500,False
BAP,2023-08-14,149.00999450683594,150.61000061035156,144.27999877929688,145.32000732421875,134.61114501953125,321500,False
BAP,2023-08-15,144.6300048828125,145.8300018310547,142.52000427246094,142.52999877929688,132.0267333984375,194100,False
BAP,2023-08-16,141.85000610351562,143.0,139.4499969482422,139.99000549316406,129.67391967773438,370500,False
BAP,2023-08-17,140.24000549316406,140.66000366210938,137.97000122070312,138.92999267578125,128.69203186035156,272500,False
BAP,2023-08-18,137.97000122070312,139.22000122070312,136.5,138.8000030517578,128.5716094970703,169900,False
BAP,2023-08-21,139.33999633789062,140.57000732421875,137.5,139.8000030517578,129.4979248046875,253900,False
BAP,2023-08-22,139.75999450683594,141.77000427246094,139.75999450683594,140.27999877929688,129.94253540039062,216300,False
BAP,2023-08-23,140.41000366210938,143.5800018310547,139.2100067138672,143.4199981689453,132.85113525390625,145200,False
BAP,2023-08-24,142.8800048828125,144.2100067138672,141.24000549316406,141.27000427246094,130.85958862304688,153100,False
BAP,2023-08-25,141.05999755859375,141.86000061035156,139.5399932861328,141.52000427246094,131.09117126464844,158900,False
BAP,2023-08-28,142.4499969482422,143.52999877929688,140.4600067138672,142.36000061035156,131.8692626953125,180400,False
BAP,2023-08-29,142.52999877929688,146.14999389648438,141.6199951171875,145.5,134.77786254882812,216300,False
BAP,2023-08-30,144.9499969482422,146.27000427246094,144.42999267578125,144.6999969482422,134.0368194580078,191600,False
BAP,2023-08-31,144.25999450683594,145.1199951171875,139.63999938964844,141.42999267578125,131.00779724121094,496700,False
BAP,2023-09-01,142.19000244140625,143.80999755859375,141.25999450683594,142.94000244140625,132.40652465820312,112900,False
BAP,2023-09-05,142.42999267578125,143.80999755859375,138.35000610351562,138.39999389648438,128.20108032226562,152600,False
BAP,2023-09-06,137.88999938964844,139.2100067138672,136.88999938964844,137.55999755859375,127.42298126220703,140400,False
BAP,2023-09-07,136.8800048828125,136.88999938964844,135.02999877929688,135.22999572753906,125.26468658447266,173000,False
BAP,2023-09-08,135.9199981689453,137.60000610351562,134.22999572753906,134.52000427246094,124.60700988769531,117600,False
BAP,2023-09-11,135.75999450683594,137.14999389648438,134.4600067138672,136.24000549316406,126.20027160644531,75600,False
BAP,2023-09-12,136.27999877929688,137.89999389648438,135.0500030517578,137.27999877929688,127.16361236572266,109200,False
BAP,2023-09-13,137.5500030517578,138.61000061035156,136.47000122070312,136.8800048828125,126.7930908203125,109600,False
BAP,2023-09-14,139.13999938964844,139.13999938964844,136.38999938964844,137.86000061035156,127.70087432861328,140100,False
BAP,2023-09-15,136.8300018310547,137.89999389648438,134.35000610351562,136.38999938964844,126.33920288085938,602700,False
BAP,2023-09-18,136.25,137.8300018310547,135.4499969482422,136.88999938964844,126.80235290527344,176600,False
BAP,2023-09-19,136.97999572753906,137.22999572753906,135.61000061035156,136.13999938964844,126.10762023925781,110700,False
BAP,2023-09-20,137.10000610351562,138.3800048828125,134.52000427246094,135.0,125.0516357421875,136300,False
BAP,2023-09-21,133.6199951171875,135.39999389648438,132.2100067138672,132.38999938964844,122.63396453857422,187900,False
BAP,2023-09-22,132.41000366210938,135.25,131.4600067138672,131.7100067138672,122.00408172607422,189000,False
BAP,2023-09-25,132.19000244140625,134.41000366210938,130.64999389648438,132.16000366210938,122.42091369628906,212800,False
BAP,2023-09-26,131.99000549316406,133.38999938964844,128.9199981689453,129.3699951171875,119.83651733398438,346100,False
BAP,2023-09-27,130.16000366210938,130.55999755859375,128.25,129.64999389648438,120.09587860107422,210600,False
BAP,2023-09-28,129.80999755859375,130.42999267578125,128.5,128.9499969482422,119.44745635986328,261900,False
BAP,2023-09-29,130.02000427246094,131.0500030517578,127.52999877929688,127.97000122070312,118.53968048095703,229300,False
BAP,2023-10-02,128.10000610351562,129.02000427246094,122.97000122070312,123.69000244140625,114.57508850097656,303600,False
BAP,2023-10-03,123.18000030517578,125.1500015258789,121.5,124.70999908447266,115.5199203491211,322300,False
BAP,2023-10-04,124.7699966430664,125.29000091552734,122.81999969482422,123.62000274658203,114.51024627685547,273300,False
BAP,2023-10-05,123.26000213623047,125.01000213623047,123.26000213623047,123.8499984741211,114.7232894897461,142900,False
BAP,2023-10-06,123.83000183105469,127.36000061035156,123.19999694824219,126.9000015258789,117.54853820800781,356000,False
BAP,2023-10-09,125.66999816894531,127.70999908447266,125.2300033569336,127.01000213623047,117.65043640136719,193400,False
BAP,2023-10-10,128.0399932861328,128.22999572753906,126.5199966430664,126.80999755859375,117.46516418457031,187400,False
BAP,2023-10-11,127.48999786376953,130.08999633789062,127.48999786376953,128.30999755859375,118.85462951660156,210100,False
BAP,2023-10-12,127.72000122070312,129.49000549316406,125.12999725341797,125.44000244140625,116.19612121582031,164400,False
BAP,2023-10-13,125.7699966430664,127.44000244140625,124.62000274658203,124.66999816894531,115.48286437988281,220200,False
BAP,2023-10-16,126.61000061035156,127.66000366210938,124.9800033569336,127.11000061035156,117.7430648803711,300000,False
BAP,2023-10-17,125.83999633789062,127.44000244140625,125.26000213623047,126.18000030517578,116.88159942626953,174500,False
BAP,2023-10-18,125.6500015258789,127.54000091552734,124.2300033569336,125.98999786376953,116.70559692382812,248700,False
BAP,2023-10-19,126.19000244140625,127.5199966430664,124.76000213623047,125.95999908447266,116.67780303955078,273100,False
BAP,2023-10-20,125.52999877929688,126.4000015258789,123.8499984741211,123.88999938964844,114.76034545898438,203300,False
BAP,2023-10-23,123.48999786376953,124.62999725341797,122.43000030517578,123.33999633789062,114.25086975097656,183000,False
BAP,2023-10-24,123.9000015258789,126.2300033569336,122.75,125.4800033569336,116.23318481445312,227500,False
BAP,2023-10-25,124.83999633789062,128.2899932861328,124.5199966430664,127.52999877929688,118.1321029663086,246800,False
BAP,2023-10-26,127.41999816894531,129.86000061035156,125.87999725341797,128.02000427246094,118.58600616455078,206300,False
BAP,2023-10-27,128.4199981689453,128.4199981689453,124.38999938964844,125.12000274658203,115.89970397949219,188300,False
BAP,2023-10-30,126.37000274658203,126.44000244140625,124.13999938964844,125.1500015258789,115.92749786376953,179600,False
BAP,2023-10-31,124.76000213623047,126.13999938964844,123.9800033569336,124.95999908447266,115.75149536132812,293000,False
BAP,2023-11-01,125.72000122070312,126.66000366210938,124.48999786376953,126.55000305175781,117.22433471679688,106500,False
BAP,2023-11-02,127.51000213623047,128.72000122070312,126.37999725341797,128.5,119.03063201904297,200300,False
BAP,2023-11-03,124.18000030517578,126.5999984741211,118.9800033569336,121.56999969482422,112.6113052368164,894600,False
BAP,2023-11-06,121.91999816894531,123.56999969482422,120.7300033569336,121.36000061035156,112.41678619384766,267000,False
BAP,2023-11-07,120.23999786376953,122.5,119.29000091552734,120.8499984741211,111.94436645507812,384200,False
BAP,2023-11-08,120.41000366210938,121.06999969482422,119.63999938964844,120.58999633789062,111.70352935791016,222700,False
BAP,2023-11-09,120.79000091552734,122.33000183105469,119.36000061035156,119.36000061035156,110.56417083740234,233000,False
BAP,2023-11-10,119.08000183105469,122.72000122070312,118.5,122.52999877929688,113.50056457519531,194700,False
BAP,2023-11-13,121.68000030517578,122.80000305175781,116.41999816894531,116.41999816894531,107.8408203125,320200,False
BAP,2023-11-14,118.87000274658203,121.7300033569336,117.1500015258789,121.52999877929688,112.57426452636719,306200,False
BAP,2023-11-15,120.9800033569336,123.69000244140625,120.62000274658203,123.61000061035156,114.5009765625,232500,False
BAP,2023-11-16,123.61000061035156,126.1500015258789,122.91000366210938,124.87000274658203,115.66812896728516,421300,False
BAP,2023-11-17,125.5999984741211,128.42999267578125,125.29000091552734,127.76000213623047,118.34516143798828,243700,False
BAP,2023-11-20,128.05999755859375,131.82000732421875,127.68000030517578,131.0500030517578,121.3927230834961,287200,False
BAP,2023-11-21,130.61000061035156,131.75999450683594,128.6300048828125,129.25999450683594,119.734619140625,354400,False
BAP,2023-11-22,129.25999450683594,130.13999938964844,127.11000061035156,127.70999908447266,118.2988510131836,211900,False
BAP,2023-11-24,128.2100067138672,130.0800018310547,127.95999908447266,128.6199951171875,119.14178466796875,131500,False
BAP,2023-11-27,127.86000061035156,128.05999755859375,125.26000213623047,125.55999755859375,116.30728149414062,269900,False
BAP,2023-11-28,125.79000091552734,128.22000122070312,124.7699966430664,125.72000122070312,116.45549774169922,804200,False
BAP,2023-11-29,126.33000183105469,127.91000366210938,125.55999755859375,125.93000030517578,116.65001678466797,367400,False
BAP,2023-11-30,125.93000030517578,126.7300033569336,123.91000366210938,125.52999877929688,116.27949523925781,553200,False
BAP,2023-12-01,125.5,129.6199951171875,124.43000030517578,128.35000610351562,118.89168548583984,415800,False
BAP,2023-12-04,127.1500015258789,128.6300048828125,126.5,126.81999969482422,117.47442626953125,214500,False
BAP,2023-12-05,126.94000244140625,129.0399932861328,126.5,128.61000061035156,119.13252258300781,201900,False
BAP,2023-12-06,129.2899932861328,130.41000366210938,124.91999816894531,124.91999816894531,115.71443939208984,364500,False
BAP,2023-12-07,125.19000244140625,126.22000122070312,123.6500015258789,124.93000030517578,115.72370910644531,398300,False
BAP,2023-12-08,125.05000305175781,125.05000305175781,122.7300033569336,124.66999816894531,115.48286437988281,176500,False
BAP,2023-12-11,123.81999969482422,126.11000061035156,123.81999969482422,124.52999877929688,115.35317993164062,176900,False
BAP,2023-12-12,124.25,125.62000274658203,123.80000305175781,125.30000305175781,116.06644439697266,157600,False
BAP,2023-12-13,125.83000183105469,130.66000366210938,124.5199966430664,130.2899932861328,120.68871307373047,243100,False
BAP,2023-12-14,132.19000244140625,140.4499969482422,132.19000244140625,140.3300018310547,129.98886108398438,606300,False
BAP,2023-12-15,143.1300048828125,150.58999633789062,142.22000122070312,150.36000061035156,139.27972412109375,1107200,False
BAP,2023-12-18,149.5399932861328,151.5399932861328,146.3800048828125,151.50999450683594,140.34498596191406,797500,False
BAP,2023-12-19,152.05999755859375,154.3000030517578,150.0399932861328,153.97000122070312,142.6237030029297,670700,False
BAP,2023-12-20,154.13999938964844,155.1300048828125,151.25999450683594,151.36000061035156,140.20603942871094,622500,False
BAP,2023-12-21,152.17999267578125,153.1999969482422,149.0500030517578,152.60000610351562,141.3546600341797,314300,False
BAP,2023-12-22,152.60000610351562,153.67999267578125,151.24000549316406,151.5399932861328,140.37277221679688,155200,False
BAP,2023-12-26,151.75,153.2100067138672,151.44000244140625,152.38999938964844,141.16014099121094,90100,False
BAP,2023-12-27,152.49000549316406,152.9499969482422,151.6199951171875,152.1199951171875,140.9100341796875,97800,False
BAP,2023-12-28,152.52999877929688,153.2899932861328,150.02999877929688,150.91000366210938,139.78919982910156,91700,False
BAP,2023-12-29,150.42999267578125,151.1199951171875,147.85000610351562,149.92999267578125,138.88140869140625,206300,False
BAP,2024-01-02,147.9499969482422,149.17999267578125,146.85000610351562,148.6199951171875,137.66793823242188,155800,False
BAP,2024-01-03,147.27999877929688,148.4199981689453,145.6199951171875,145.75,135.00946044921875,160900,False
BAP,2024-01-04,145.0800018310547,146.9600067138672,144.47999572753906,145.8300018310547,135.0835418701172,152400,False
BAP,2024-01-05,145.50999450683594,147.88999938964844,144.22000122070312,145.8300018310547,135.0835418701172,125100,False
BAP,2024-01-08,145.9499969482422,148.2100067138672,144.25999450683594,148.2100067138672,137.28817749023438,172800,False
BAP,2024-01-09,147.41000366210938,149.22999572753906,146.27000427246094,147.5399932861328,136.66754150390625,168100,False
BAP,2024-01-10,146.60000610351562,149.3800048828125,145.30999755859375,147.61000061035156,136.7323760986328,203700,False
BAP,2024-01-11,147.02000427246094,148.13999938964844,145.0,147.83999633789062,136.9454345703125,126600,False
BAP,2024-01-12,148.57000732421875,149.7899932861328,147.4499969482422,148.22000122070312,137.2974395751953,106100,False
BAP,2024-01-16,146.47000122070312,151.58999633789062,145.49000549316406,150.52999877929688,139.4372100830078,326100,False
BAP,2024-01-17,148.02999877929688,150.42999267578125,147.22000122070312,147.69000244140625,136.80648803710938,234500,False
BAP,2024-01-18,148.77999877929688,150.22999572753906,148.11000061035156,148.8000030517578,137.83468627929688,190100,False
BAP,2024-01-19,148.6699981689453,149.3000030517578,146.0500030517578,148.94000244140625,137.96435546875,146400,False
BAP,2024-01-22,149.4600067138672,151.1699981689453,148.24000549316406,150.58999633789062,139.49278259277344,199300,False
BAP,2024-01-23,150.27999877929688,151.27000427246094,147.75999450683594,150.32000732421875,139.24267578125,196700,False
BAP,2024-01-24,151.35000610351562,151.35000610351562,147.1199951171875,148.7100067138672,137.75132751464844,340900,False
BAP,2024-01-25,149.5399932861328,150.44000244140625,147.52999877929688,148.92999267578125,137.95510864257812,241800,False
BAP,2024-01-26,148.33999633789062,152.22999572753906,147.74000549316406,150.67999267578125,139.57614135742188,110300,False
BAP,2024-01-29,150.25999450683594,151.77999877929688,148.97000122070312,150.55999755859375,139.46498107910156,110500,False
BAP,2024-01-30,150.14999389648438,151.7899932861328,149.14999389648438,149.83999633789062,138.7980499267578,146500,False
BAP,2024-01-31,148.80999755859375,150.5800018310547,147.83999633789062,148.42999267578125,137.491943359375,150800,False
BAP,2024-02-01,148.2899932861328,150.42999267578125,147.0,150.41000366210938,139.3260498046875,190400,False
BAP,2024-02-02,149.66000366210938,150.72999572753906,148.6999969482422,149.80999755859375,138.77024841308594,370200,False
BAP,2024-02-05,148.50999450683594,151.3800048828125,147.2899932861328,150.25,139.17782592773438,178000,False
BAP,2024-02-06,151.19000244140625,154.8800048828125,150.17999267578125,153.4499969482422,142.1420135498047,212700,False
BAP,2024-02-07,152.72999572753906,154.36000061035156,151.2100067138672,154.27999877929688,142.91085815429688,204600,False
BAP,2024-02-08,153.0,154.7899932861328,151.19000244140625,152.10000610351562,140.8915252685547,229700,False
BAP,2024-02-09,152.0,154.6999969482422,149.27999877929688,154.27999877929688,142.91085815429688,425000,False
BAP,2024-02-12,155.0,158.5500030517578,153.33999633789062,158.5500030517578,146.86619567871094,305500,False
BAP,2024-02-13,156.82000732421875,158.7899932861328,153.88999938964844,158.0,146.3567352294922,204800,False
BAP,2024-02-14,160.0,162.91000366210938,158.94000244140625,162.47999572753906,150.50657653808594,347300,False
BAP,2024-02-15,162.07000732421875,169.32000732421875,162.07000732421875,169.00999450683594,156.55538940429688,370100,False
BAP,2024-02-16,169.5,173.38999938964844,168.1300048828125,170.2100067138672,157.6669464111328,393000,False
BAP,2024-02-20,170.2100067138672,172.1699981689453,166.8800048828125,167.07000732421875,154.7583465576172,369000,False
BAP,2024-02-21,165.97999572753906,168.4199981689453,165.49000549316406,168.2899932861328,155.88844299316406,318700,False
BAP,2024-02-22,169.00999450683594,169.75,167.8699951171875,169.11000061035156,156.64801025390625,247100,False
BAP,2024-02-23,169.0,171.0,167.80999755859375,170.52999877929688,157.96336364746094,132900,False
BAP,2024-02-26,169.67999267578125,171.41000366210938,168.3699951171875,170.52000427246094,157.95411682128906,119300,False
BAP,2024-02-27,171.10000610351562,172.7899932861328,169.52000427246094,170.8800048828125,158.28758239746094,208800,False
BAP,2024-02-28,170.0,170.61000061035156,167.8300018310547,168.33999633789062,155.93475341796875,182300,False
BAP,2024-02-29,170.05999755859375,171.1699981689453,168.61000061035156,170.8800048828125,158.28758239746094,349700,False
BAP,2024-03-01,172.0800018310547,173.14999389648438,170.50999450683594,171.91000366210938,159.24168395996094,218100,False
BAP,2024-03-04,171.6999969482422,174.36000061035156,170.3300018310547,170.91000366210938,158.31536865234375,110500,False
BAP,2024-03-05,170.5800018310547,174.1999969482422,169.1999969482422,173.97999572753906,161.15911865234375,190600,False
BAP,2024-03-06,174.8800048828125,175.02999877929688,172.8000030517578,173.8800048828125,161.06651306152344,307900,False
BAP,2024-03-07,174.5,176.00999450683594,173.88999938964844,175.22999572753906,162.3170166015625,324800,False
BAP,2024-03-08,175.33999633789062,176.13999938964844,172.91000366210938,175.8300018310547,162.87281799316406,157800,False
BAP,2024-03-11,175.57000732421875,176.30999755859375,172.75999450683594,173.1199951171875,160.3625030517578,171800,False
BAP,2024-03-12,173.0399932861328,175.27000427246094,171.6999969482422,172.6999969482422,159.97344970703125,167500,False
BAP,2024-03-13,173.13999938964844,174.0399932861328,171.77000427246094,173.3000030517578,160.5292510986328,257600,False
BAP,2024-03-14,171.74000549316406,173.0800018310547,171.1199951171875,172.02999877929688,159.35281372070312,282700,False
BAP,2024-03-15,172.61000061035156,174.0399932861328,171.4199981689453,172.60000610351562,159.88082885742188,545700,False
BAP,2024-03-18,172.83999633789062,173.00999450683594,171.2100067138672,173.00999450683594,160.26060485839844,198800,False
BAP,2024-03-19,172.02000427246094,173.3800048828125,169.5,169.85000610351562,157.33348083496094,154300,False
BAP,2024-03-20,169.0500030517578,177.74000549316406,169.0500030517578,177.49000549316406,164.41049194335938,203400,False
BAP,2024-03-21,177.92999267578125,179.52999877929688,176.0500030517578,177.6699981689453,164.57720947265625,180100,False
BAP,2024-03-22,177.38999938964844,177.38999938964844,173.1199951171875,173.72000122070312,160.91830444335938,182000,False
BAP,2024-03-25,172.9199981689453,174.27999877929688,170.41000366210938,170.49000549316406,157.9263153076172,190100,False
BAP,2024-03-26,171.25999450683594,172.50999450683594,168.97999572753906,169.5,157.00927734375,227000,False
BAP,2024-03-27,170.75999450683594,171.0,166.8699951171875,168.0500030517578,155.6661376953125,377800,False
BAP,2024-03-28,169.0,171.07000732421875,168.02999877929688,169.42999267578125,156.94442749023438,350100,False
BAP,2024-04-01,169.25,169.25,166.3699951171875,168.27000427246094,155.8699188232422,282800,False
BAP,2024-04-02,167.07000732421875,171.08999633789062,165.47000122070312,170.0,157.47242736816406,377500,False
BAP,2024-04-03,169.30999755859375,172.10000610351562,168.6699981689453,170.0,157.47242736816406,273900,False
BAP,2024-04-04,170.8800048828125,174.72000122070312,168.58999633789062,170.6199951171875,158.04673767089844,415700,False
BAP,2024-04-05,170.69000244140625,172.92999267578125,170.10000610351562,172.9199981689453,160.17724609375,194100,False
BAP,2024-04-08,173.52999877929688,174.36000061035156,172.5399932861328,174.07000732421875,161.24249267578125,200300,False
BAP,2024-04-09,175.0800018310547,175.25999450683594,170.5399932861328,171.17999267578125,158.56546020507812,203600,False
BAP,2024-04-10,167.77000427246094,171.32000732421875,167.3800048828125,168.3000030517578,155.897705078125,301500,False
BAP,2024-04-11,169.22000122070312,170.16000366210938,167.25999450683594,169.77000427246094,157.25938415527344,298300,False
BAP,2024-04-12,168.2100067138672,168.67999267578125,164.61000061035156,165.11000061035156,152.94277954101562,466200,False
BAP,2024-04-15,166.63999938964844,167.08999633789062,159.88999938964844,160.3300018310547,148.5150146484375,290000,False
BAP,2024-04-16,159.85000610351562,160.6300048828125,158.35000610351562,159.63999938964844,147.87586975097656,153700,False
BAP,2024-04-17,160.50999450683594,162.3800048828125,159.39999389648438,160.99000549316406,149.1263885498047,244800,False
BAP,2024-04-18,161.50999450683594,162.35000610351562,159.91000366210938,161.8800048828125,149.9508056640625,193200,False
BAP,2024-04-19,162.75,165.1199951171875,162.75,165.02000427246094,152.85940551757812,190200,False
BAP,2024-04-22,165.72999572753906,167.7100067138672,164.16000366210938,167.24000549316406,154.91583251953125,134800,False
BAP,2024-04-23,167.77000427246094,170.5,167.6199951171875,168.83999633789062,156.3979034423828,199100,False
BAP,2024-04-24,167.9600067138672,169.7100067138672,166.6300048828125,168.22000122070312,155.82359313964844,392900,False
BAP,2024-04-25,167.02000427246094,168.83999633789062,166.69000244140625,167.75,155.3882293701172,183300,False
BAP,2024-04-26,170.9600067138672,170.9600067138672,166.0399932861328,167.05999755859375,154.74908447265625,390200,False
BAP,2024-04-29,167.10000610351562,168.8000030517578,165.58999633789062,167.99000549316406,155.61056518554688,175800,False
BAP,2024-04-30,167.52000427246094,167.9600067138672,165.4199981689453,165.61000061035156,153.4059295654297,291200,False
BAP,2024-05-01,166.47999572753906,167.0,163.8000030517578,164.7899932861328,152.64634704589844,71700,False
BAP,2024-05-02,166.25999450683594,167.7899932861328,164.72000122070312,164.72000122070312,152.58152770996094,199500,False
BAP,2024-05-03,165.8699951171875,169.8699951171875,165.66000366210938,168.63999938964844,156.21266174316406,212900,False
BAP,2024-05-06,169.94000244140625,170.72000122070312,168.2899932861328,169.74000549316406,157.23159790039062,120300,False
BAP,2024-05-07,169.92999267578125,171.00999450683594,168.5,169.77999877929688,157.2686309814453,365200,False
BAP,2024-05-08,169.22000122070312,176.1699981689453,168.55999755859375,176.16000366210938,163.17849731445312,189200,False
BAP,2024-05-09,174.5399932861328,176.25999450683594,171.91000366210938,176.0,163.0302734375,349800,False
BAP,2024-05-10,180.2100067138672,180.2100067138672,172.0,174.9199981689453,162.0298614501953,712200,False
BAP,2024-05-13,174.60000610351562,175.7100067138672,169.8300018310547,170.36000061035156,157.805908203125,335800,False
BAP,2024-05-14,170.5,171.6300048828125,169.36000061035156,170.2100067138672,157.6669464111328,162500,False
BAP,2024-05-15,171.8800048828125,174.25,170.60000610351562,173.55999755859375,160.77008056640625,185400,False
BAP,2024-05-16,173.97999572753906,174.25999450683594,172.0,172.6300048828125,159.9086151123047,160000,False
BAP,2024-05-17,163.47000122070312,164.85000610351562,162.74000549316406,164.0,152.74542236328125,214300,False
BAP,2024-05-20,163.4499969482422,164.52000427246094,162.66000366210938,164.1199951171875,152.857177734375,130900,False
BAP,2024-05-21,163.38999938964844,165.82000732421875,162.44000244140625,165.6699981689453,154.30081176757812,223600,False
BAP,2024-05-22,164.19000244140625,165.36000061035156,162.6999969482422,163.2899932861328,152.08413696289062,332700,False
BAP,2024-05-23,163.30999755859375,166.5500030517578,162.3000030517578,163.1300048828125,151.93511962890625,301400,False
BAP,2024-05-24,163.60000610351562,165.74000549316406,162.85000610351562,165.1300048828125,153.79786682128906,107600,False
BAP,2024-05-28,165.30999755859375,167.24000549316406,164.32000732421875,166.25999450683594,154.85031127929688,152800,False
BAP,2024-05-29,164.02999877929688,166.1999969482422,160.3000030517578,164.33999633789062,153.0620880126953,248400,False
BAP,2024-05-30,165.0,165.0,161.7100067138672,163.4600067138672,152.24249267578125,251400,False
BAP,2024-05-31,163.1699981689453,165.50999450683594,163.02000427246094,165.32000732421875,153.97483825683594,430100,False
BAP,2024-06-03,166.5399932861328,166.67999267578125,162.86000061035156,165.1300048828125,153.79786682128906,198800,False
BAP,2024-06-04,163.25999450683594,164.33999633789062,160.80999755859375,161.1199951171875,150.06304931640625,131900,False
BAP,2024-06-05,161.50999450683594,164.22999572753906,161.50999450683594,162.55999755859375,151.40423583984375,246600,False
BAP,2024-06-06,162.91000366210938,164.11000061035156,162.02000427246094,163.07000732421875,151.87924194335938,160700,False
BAP,2024-06-07,160.80999755859375,162.7899932861328,158.75999450683594,160.25,149.25277709960938,209700,False
BAP,2024-06-10,159.38999938964844,160.85000610351562,158.72999572753906,160.25999450683594,149.26206970214844,288200,False
BAP,2024-06-11,159.10000610351562,161.1699981689453,157.25999450683594,157.61000061035156,146.79393005371094,221300,False
BAP,2024-06-12,160.39999389648438,162.1999969482422,158.50999450683594,161.85000610351562,150.7429656982422,248300,False
BAP,2024-06-13,161.74000549316406,161.91000366210938,158.39999389648438,158.9199981689453,148.0140380859375,282400,False
BAP,2024-06-14,156.69000244140625,158.0399932861328,153.4600067138672,155.97000122070312,145.2664794921875,401200,False
BAP,2024-06-17,156.17999267578125,156.94000244140625,153.3800048828125,156.72000122070312,145.9650115966797,199900,False
BAP,2024-06-18,157.97999572753906,160.52999877929688,156.72000122070312,156.91000366210938,146.1419677734375,154800,False
BAP,2024-06-20,158.25,159.58999633789062,156.9199981689453,158.97999572753906,148.06991577148438,273300,False
BAP,2024-06-21,157.3800048828125,158.75999450683594,155.75999450683594,158.4199981689453,147.54835510253906,465000,False
BAP,2024-06-24,159.35000610351562,162.1699981689453,159.0,161.99000549316406,150.8733673095703,257600,False
BAP,2024-06-25,162.10000610351562,163.1699981689453,159.83999633789062,163.0,151.8140411376953,296500,False
BAP,2024-06-26,162.69000244140625,164.3000030517578,160.02999877929688,163.57000732421875,152.34494018554688,342000,False
BAP,2024-06-27,163.7899932861328,163.7899932861328,157.25,159.0800018310547,148.16305541992188,429500,False
BAP,2024-06-28,160.36000061035156,161.88999938964844,157.4199981689453,161.3300018310547,150.25865173339844,220500,False
BAP,2024-07-01,162.22000122070312,162.22000122070312,156.52000427246094,158.08999633789062,147.24098205566406,401100,False
BAP,2024-07-02,157.97000122070312,160.27999877929688,156.5,159.91000366210938,148.93609619140625,193800,False
BAP,2024-07-03,160.58999633789062,163.97000122070312,160.1699981689453,162.02999877929688,150.91061401367188,155600,False
BAP,2024-07-05,162.57000732421875,163.57000732421875,161.0,163.2100067138672,152.0096435546875,176100,False
BAP,2024-07-08,163.1199951171875,164.4600067138672,160.19000244140625,162.0,150.88265991210938,181200,False
BAP,2024-07-09,161.7899932861328,168.82000732421875,161.7899932861328,168.66000366210938,157.08563232421875,305500,False
BAP,2024-07-10,168.38999938964844,170.5500030517578,167.88999938964844,169.36000061035156,157.7375946044922,277600,False
BAP,2024-07-11,170.0500030517578,170.1999969482422,166.8300018310547,168.94000244140625,157.34640502929688,250700,False
BAP,2024-07-12,169.75999450683594,171.0500030517578,169.02999877929688,171.0500030517578,159.31161499023438,205100,False
BAP,2024-07-15,171.42999267578125,172.35000610351562,168.0,168.8000030517578,157.21603393554688,147400,False
BAP,2024-07-16,168.47000122070312,171.22000122070312,168.47000122070312,171.07000732421875,159.3302459716797,203200,False
BAP,2024-07-17,170.42999267578125,171.9499969482422,169.3300018310547,171.3800048828125,159.61895751953125,169100,False
BAP,2024-07-18,171.85000610351562,173.1999969482422,170.47000122070312,171.6699981689453,159.88905334472656,263100,False
BAP,2024-07-19,171.8800048828125,173.47000122070312,170.94000244140625,172.1999969482422,160.3826904296875,248700,False
BAP,2024-07-22,170.5399932861328,174.14999389648438,169.0500030517578,173.77000427246094,161.84495544433594,190100,False
BAP,2024-07-23,174.0,174.0,171.57000732421875,172.02999877929688,160.22434997558594,156800,False
BAP,2024-07-24,170.8300018310547,172.4499969482422,169.61000061035156,172.0,160.1964111328125,215000,False
BAP,2024-07-25,171.4499969482422,171.4499969482422,169.1999969482422,169.1999969482422,157.5885772705078,221000,False
BAP,2024-07-26,170.35000610351562,171.0,167.92999267578125,170.11000061035156,158.43612670898438,196800,False
BAP,2024-07-29,170.77000427246094,172.0,169.19000244140625,171.3000030517578,159.54444885253906,90600,False
BAP,2024-07-30,171.2899932861328,172.80999755859375,170.94000244140625,172.25,160.42926025390625,141700,False
BAP,2024-07-31,174.4199981689453,174.4199981689453,170.47999572753906,170.63999938964844,158.92974853515625,346700,False
BAP,2024-08-01,171.6699981689453,172.1300048828125,164.75,166.0,154.60816955566406,358900,False
BAP,2024-08-02,164.7899932861328,164.7899932861328,158.6999969482422,162.27000427246094,151.13414001464844,288100,False
BAP,2024-08-05,158.0,160.74000549316406,153.27000427246094,160.11000061035156,149.12237548828125,294600,False
BAP,2024-08-06,161.3300018310547,165.5500030517578,160.42999267578125,163.50999450683594,152.28904724121094,212500,False
BAP,2024-08-07,165.27999877929688,165.75,161.32000732421875,162.47000122070312,151.32041931152344,185700,False
BAP,2024-08-08,162.83999633789062,169.4199981689453,162.50999450683594,168.75999450683594,157.1787567138672,240800,False
BAP,2024-08-09,162.7100067138672,169.13999938964844,160.35000610351562,165.64999389648438,154.2821807861328,237000,False
BAP,2024-08-12,166.11000061035156,166.69000244140625,164.14999389648438,164.4199981689453,153.1365966796875,219400,False
BAP,2024-08-13,165.50999450683594,166.94000244140625,164.36000061035156,166.75999450683594,155.31600952148438,165200,False
BAP,2024-08-14,167.22000122070312,167.22000122070312,165.85000610351562,165.99000549316406,154.59884643554688,102300,False
BAP,2024-08-15,168.17999267578125,170.22999572753906,167.5,167.85000610351562,156.3312225341797,97900,False
BAP,2024-08-16,168.32000732421875,168.85000610351562,165.17999267578125,166.99000549316406,155.5302276611328,165500,False
BAP,2024-08-19,167.97000122070312,169.27999877929688,167.52000427246094,169.08999633789062,157.48611450195312,178100,False
BAP,2024-08-20,168.5800018310547,169.9600067138672,166.99000549316406,169.9499969482422,158.28709411621094,124400,False
BAP,2024-08-21,170.2100067138672,170.2100067138672,167.97999572753906,168.14999389648438,156.61062622070312,146300,False
BAP,2024-08-22,168.35000610351562,168.47000122070312,165.47999572753906,166.24000549316406,154.83169555664062,164000,False
BAP,2024-08-23,167.66000366210938,171.0,167.66000366210938,169.64999389648438,158.00767517089844,208500,False
BAP,2024-08-26,170.10000610351562,170.75,168.5,169.27999877929688,157.6630859375,163700,False
BAP,2024-08-27,168.97000122070312,169.94000244140625,167.8000030517578,168.8699951171875,157.2812042236328,71800,False
BAP,2024-08-28,170.0399932861328,172.41000366210938,168.86000061035156,172.24000549316406,160.41995239257812,177100,False
BAP,2024-08-29,172.5,174.41000366210938,171.77000427246094,173.77000427246094,161.84495544433594,112300,False
BAP,2024-08-30,174.75,178.4600067138672,174.75,178.35000610351562,166.1106414794922,378700,False
BAP,2024-09-03,177.14999389648438,177.14999389648438,170.8800048828125,172.19000244140625,160.37338256835938,195700,False
BAP,2024-09-04,172.19000244140625,172.49000549316406,168.9600067138672,171.0800018310547,159.33953857421875,268300,False
BAP,2024-09-05,171.6699981689453,173.85000610351562,170.7100067138672,172.22000122070312,160.4013214111328,205100,False
BAP,2024-09-06,171.38999938964844,172.35000610351562,169.6199951171875,170.99000549316406,159.2557373046875,372100,False
BAP,2024-09-09,172.72999572753906,174.69000244140625,172.3800048828125,173.52000427246094,161.6121063232422,142600,False
BAP,2024-09-10,174.02999877929688,176.1199951171875,169.0,171.99000549316406,160.18710327148438,259500,False
BAP,2024-09-11,172.00999450683594,174.24000549316406,169.74000549316406,173.22000122070312,161.33270263671875,224600,False
BAP,2024-09-12,173.1999969482422,177.0800018310547,172.77999877929688,174.74000549316406,162.74838256835938,170000,False
BAP,2024-09-13,176.44000244140625,177.13999938964844,174.6699981689453,175.5800018310547,163.53074645996094,132600,False
BAP,2024-09-16,176.49000549316406,176.49000549316406,173.82000732421875,174.22999572753906,162.27337646484375,196900,False
BAP,2024-09-17,175.02999877929688,178.05999755859375,173.6300048828125,175.22999572753906,163.2047576904297,132600,False
BAP,2024-09-18,175.3699951171875,181.4499969482422,175.19000244140625,180.4199981689453,168.03858947753906,247500,False
BAP,2024-09-19,182.75999450683594,182.8300018310547,179.24000549316406,180.08999633789062,167.73123168945312,193400,False
BAP,2024-09-20,179.52999877929688,181.72999572753906,175.5,179.39999389648438,167.0885772705078,437000,False
BAP,2024-09-23,176.0800018310547,177.0399932861328,173.36000061035156,175.6999969482422,166.3331298828125,124400,False
BAP,2024-09-24,178.0,179.25,175.97000122070312,177.85000610351562,168.36851501464844,202200,False
BAP,2024-09-25,178.10000610351562,178.10000610351562,174.82000732421875,175.13999938964844,165.80299377441406,199700,False
BAP,2024-09-26,176.72000122070312,181.5,174.41000366210938,179.74000549316406,170.1577606201172,301400,False
BAP,2024-09-27,180.50999450683594,186.36000061035156,180.50999450683594,185.0,175.1373291015625,341500,False
BAP,2024-09-30,184.07000732421875,184.8000030517578,180.22000122070312,180.97000122070312,171.3221893310547,297300,False
BAP,2024-10-01,180.6999969482422,183.1199951171875,178.44000244140625,182.89999389648438,173.14927673339844,253700,False
BAP,2024-10-02,184.32000732421875,184.32000732421875,180.0500030517578,180.8000030517578,171.16123962402344,190800,False
BAP,2024-10-03,179.55999755859375,182.6199951171875,178.14999389648438,181.6699981689453,171.98486328125,319400,False
BAP,2024-10-04,183.32000732421875,184.49000549316406,181.4499969482422,184.02000427246094,174.20957946777344,291400,False
BAP,2024-10-07,184.02000427246094,184.74000549316406,181.1300048828125,182.47000122070312,172.74221801757812,129500,False
BAP,2024-10-08,182.57000732421875,184.4600067138672,182.57000732421875,183.27999877929688,173.509033203125,390100,False
BAP,2024-10-09,181.4199981689453,183.58999633789062,180.27000427246094,181.74000549316406,172.05113220214844,108700,False
BAP,2024-10-10,181.5800018310547,185.3800048828125,180.63999938964844,185.17999267578125,175.30772399902344,153700,False
BAP,2024-10-11,184.86000061035156,187.6999969482422,184.5,186.72999572753906,176.7751007080078,253000,False
BAP,2024-10-14,187.1999969482422,187.64999389648438,185.49000549316406,185.49000549316406,175.60121154785156,123300,False
BAP,2024-10-15,185.02000427246094,185.83999633789062,182.35000610351562,182.5399932861328,172.8084716796875,198700,False
BAP,2024-10-16,183.39999389648438,189.58999633789062,182.22000122070312,185.6199951171875,175.72427368164062,359300,False
BAP,2024-10-17,185.42999267578125,189.66000366210938,185.36000061035156,186.61000061035156,176.6614990234375,148200,False
BAP,2024-10-18,187.7899932861328,190.72000122070312,186.33999633789062,190.60000610351562,180.4387969970703,279700,False
BAP,2024-10-21,189.4499969482422,189.4499969482422,186.10000610351562,187.85000610351562,177.8354034423828,166300,False
BAP,2024-10-22,186.5,189.1699981689453,185.47000122070312,188.22999572753906,178.19512939453125,135200,False
BAP,2024-10-23,187.49000549316406,191.5800018310547,186.97999572753906,188.6199951171875,178.56434631347656,137700,False
BAP,2024-10-24,188.91000366210938,189.3300018310547,187.52999877929688,188.72000122070312,178.6590118408203,113000,False
BAP,2024-10-25,188.44000244140625,190.25,187.19000244140625,189.3300018310547,179.2364959716797,149600,False
BAP,2024-10-28,189.5399932861328,193.25,188.4600067138672,191.88999938964844,181.66001892089844,193400,False
BAP,2024-10-29,191.52999877929688,192.30999755859375,187.4600067138672,187.64999389648438,177.64605712890625,202900,False
BAP,2024-10-30,187.5500030517578,189.77999877929688,185.61000061035156,187.2899932861328,177.30523681640625,181300,False
BAP,2024-10-31,185.80999755859375,185.85000610351562,183.11000061035156,184.1300048828125,174.313720703125,254300,False
BAP,2024-11-01,183.8000030517578,185.0,181.75999450683594,181.75999450683594,172.07005310058594,224700,False
BAP,2024-11-04,182.66000366210938,183.47999572753906,181.00999450683594,181.52000427246094,171.84286499023438,188100,False
BAP,2024-11-05,181.11000061035156,182.4199981689453,180.5800018310547,181.7899932861328,172.0984649658203,123100,False
BAP,2024-11-06,185.88999938964844,186.25,180.8699951171875,183.47000122070312,173.68890380859375,307000,False
BAP,2024-11-07,183.22999572753906,184.97999572753906,181.11000061035156,182.39999389648438,172.67593383789062,219700,False
BAP,2024-11-08,179.77999877929688,185.3000030517578,175.8000030517578,185.0,175.1373291015625,279800,False
BAP,2024-11-11,185.0,186.97000122070312,184.4600067138672,185.5,175.6106719970703,140500,False
BAP,2024-11-12,187.36000061035156,189.00999450683594,185.16000366210938,187.49000549316406,177.49459838867188,161900,False
BAP,2024-11-13,186.88999938964844,189.22000122070312,182.33999633789062,187.02000427246094,177.04965209960938,242000,False
BAP,2024-11-14,186.25,188.7100067138672,184.42999267578125,188.55999755859375,178.50753784179688,198500,False
BAP,2024-11-15,189.0,192.33999633789062,186.50999450683594,192.33999633789062,182.08602905273438,189800,False
BAP,2024-11-18,191.6300048828125,196.0,190.75999450683594,193.14999389648438,182.85284423828125,293200,False
BAP,2024-11-19,191.32000732421875,195.41000366210938,191.32000732421875,193.47999572753906,183.16525268554688,133200,False
BAP,2024-11-20,193.4499969482422,193.4499969482422,190.80999755859375,192.83999633789062,182.5593719482422,260400,False
BAP,2024-11-21,193.27000427246094,200.0,193.11000061035156,198.64999389648438,188.05963134765625,362300,False
BAP,2024-11-22,198.0,200.0,196.24000549316406,197.32000732421875,186.800537109375,317000,False
BAP,2024-11-25,197.1699981689453,198.1999969482422,191.8699951171875,191.8699951171875,181.64108276367188,344000,False
BAP,2024-11-26,191.2899932861328,193.22999572753906,188.4199981689453,192.69000244140625,182.41737365722656,168100,False
BAP,2024-11-27,192.49000549316406,192.75999450683594,189.39999389648438,191.2899932861328,181.0919952392578,183800,False
BAP,2024-11-29,190.4199981689453,191.8000030517578,185.0,185.47000122070312,175.582275390625,399800,False
BAP,2024-12-02,187.49000549316406,194.02000427246094,187.49000549316406,190.8300018310547,180.65652465820312,426800,False
BAP,2024-12-03,190.14999389648438,193.77999877929688,189.49000549316406,191.6699981689453,181.4517364501953,308700,False
BAP,2024-12-04,195.14999389648438,195.14999389648438,189.3000030517578,190.5,180.3441162109375,400300,False
BAP,2024-12-05,191.8800048828125,194.07000732421875,190.67999267578125,193.14999389648438,182.85284423828125,253300,False
BAP,2024-12-06,193.72000122070312,196.50999450683594,188.58999633789062,190.47999572753906,180.32518005371094,224900,False
BAP,2024-12-09,191.3300018310547,194.0500030517578,189.5,190.8800048828125,180.70387268066406,281400,False
BAP,2024-12-10,191.3300018310547,192.33999633789062,189.75,191.0,180.8174591064453,356300,False
BAP,2024-12-11,192.0,195.63999938964844,189.39999389648438,195.1699981689453,184.76515197753906,301100,False
BAP,2024-12-12,195.3800048828125,196.22999572753906,190.7100067138672,192.77999877929688,182.5025634765625,329200,False
BAP,2024-12-13,192.8800048828125,195.3000030517578,189.24000549316406,189.63999938964844,179.52996826171875,211900,False
BAP,2024-12-16,188.6199951171875,190.36000061035156,184.47999572753906,184.60000610351562,174.7586669921875,439100,False
BAP,2024-12-17,185.49000549316406,186.22999572753906,184.1300048828125,184.5,174.6639862060547,504500,False
BAP,2024-12-18,185.91000366210938,187.14999389648438,180.05999755859375,180.75999450683594,171.1233673095703,270400,False
BAP,2024-12-19,182.82000732421875,185.30999755859375,179.6699981689453,180.1699981689453,170.56483459472656,264600,False
BAP,2024-12-20,180.36000061035156,184.02000427246094,180.35000610351562,182.1300048828125,172.42034912109375,415300,False
BAP,2024-12-23,181.83999633789062,182.2899932861328,179.83999633789062,181.7899932861328,172.0984649658203,163700,False
BAP,2024-12-24,182.8000030517578,183.36000061035156,181.67999267578125,182.97000122070312,173.21556091308594,93800,False
BAP,2024-12-26,182.61000061035156,184.89999389648438,182.1199951171875,182.7100067138672,172.96942138671875,130100,False
BAP,2024-12-27,180.16000366210938,182.89999389648438,179.50999450683594,181.1199951171875,171.46417236328125,199000,False
BAP,2024-12-30,180.82000732421875,181.6999969482422,177.97999572753906,180.17999267578125,170.5742950439453,259800,False
BAP,2024-12-31,182.6699981689453,183.89999389648438,179.88999938964844,183.32000732421875,173.54690551757812,284700,False
BAP,2025-01-02,182.83999633789062,185.5,182.69000244140625,184.0,174.19064331054688,164900,False
BAP,2025-01-03,184.67999267578125,186.16000366210938,182.00999450683594,184.3800048828125,174.55039978027344,187200,False
BAP,2025-01-06,185.2100067138672,189.2100067138672,185.2100067138672,187.83999633789062,177.825927734375,200300,False
BAP,2025-01-07,189.22000122070312,189.22000122070312,184.22000122070312,185.07000732421875,175.20361328125,181600,False
BAP,2025-01-08,183.9199981689453,184.8000030517578,182.75999450683594,183.77999877929688,173.9823760986328,168500,False
BAP,2025-01-10,181.5,182.97000122070312,177.85000610351562,180.1199951171875,170.51748657226562,395100,False
BAP,2025-01-13,180.1300048828125,181.6300048828125,178.80999755859375,180.0399932861328,170.44175720214844,434000,False
BAP,2025-01-14,181.57000732421875,188.6199951171875,179.3300018310547,187.8300018310547,177.81646728515625,436300,False
BAP,2025-01-15,191.35000610351562,192.61000061035156,189.36000061035156,190.25999450683594,180.11691284179688,248900,False
BAP,2025-01-16,190.0500030517578,191.52000427246094,186.75,186.75,176.79403686523438,131400,False
BAP,2025-01-17,186.85000610351562,187.11000061035156,180.7100067138672,182.13999938964844,172.4298095703125,374200,False
BAP,2025-01-21,183.72000122070312,184.47999572753906,180.8699951171875,182.75,173.0072784423828,376200,False
BAP,2025-01-22,182.5500030517578,184.35000610351562,180.92999267578125,182.8300018310547,173.08302307128906,248000,False
BAP,2025-01-23,182.75999450683594,184.49000549316406,181.02999877929688,182.25,172.533935546875,169200,False
BAP,2025-01-24,183.3000030517578,183.99000549316406,180.6699981689453,181.61000061035156,171.9280548095703,296200,False
BAP,2025-01-27,182.0500030517578,182.60000610351562,180.14999389648438,181.30999755859375,171.64405822753906,258900,False
BAP,2025-01-28,180.89999389648438,184.11000061035156,180.27999877929688,181.42999267578125,171.7576446533203,126000,False
BAP,2025-01-29,182.16000366210938,184.8800048828125,181.50999450683594,184.1699981689453,174.35157775878906,207600,False
BAP,2025-01-30,185.66000366210938,187.6999969482422,183.8300018310547,185.17999267578125,175.30772399902344,308700,False
BAP,2025-01-31,185.3800048828125,185.86000061035156,182.30999755859375,183.10000610351562,173.33863830566406,384700,False
BAP,2025-02-03,179.97999572753906,184.17999267578125,179.35000610351562,182.80999755859375,173.0640869140625,239100,False
BAP,2025-02-04,182.9600067138672,187.13999938964844,182.6699981689453,186.14999389648438,176.22601318359375,188100,False
BAP,2025-02-05,186.85000610351562,188.2100067138672,186.0399932861328,187.4499969482422,177.4567108154297,159100,False
BAP,2025-02-06,188.0,192.89999389648438,188.0,192.89999389648438,182.6161651611328,274500,False
BAP,2025-02-07,192.9600067138672,194.52999877929688,188.4499969482422,190.2100067138672,180.069580078125,247100,False
BAP,2025-02-10,190.3000030517578,193.3000030517578,188.89999389648438,191.00999450683594,180.82691955566406,279800,False
BAP,2025-02-11,192.1999969482422,192.1999969482422,180.8699951171875,188.4199981689453,178.375,421000,False
BAP,2025-02-12,187.11000061035156,188.1300048828125,184.5,184.75999450683594,174.91012573242188,285000,False
BAP,2025-02-13,184.08999633789062,185.0,180.82000732421875,183.77000427246094,173.97291564941406,295800,False
BAP,2025-02-14,183.9499969482422,187.72000122070312,181.8699951171875,186.10000610351562,176.17869567871094,234100,False
BAP,2025-02-18,184.92999267578125,187.9199981689453,183.3699951171875,185.33999633789062,175.45919799804688,269000,False
BAP,2025-02-19,184.0500030517578,184.80999755859375,182.08999633789062,184.14999389648438,174.3326416015625,298700,False
BAP,2025-02-20,184.52999877929688,186.69000244140625,183.05999755859375,184.91000366210938,175.05213928222656,365900,False
BAP,2025-02-21,186.5500030517578,189.80999755859375,177.47000122070312,178.97000122070312,169.42880249023438,440800,False
BAP,2025-02-24,179.33999633789062,181.75,178.52000427246094,180.72000122070312,171.08551025390625,306100,False
BAP,2025-02-25,181.1300048828125,181.88999938964844,178.10000610351562,181.2899932861328,171.6251220703125,295000,False
BAP,2025-02-26,182.0800018310547,184.83999633789062,180.83999633789062,183.88999938964844,174.08651733398438,276200,False
BAP,2025-02-27,183.9600067138672,184.82000732421875,181.1999969482422,181.69000244140625,172.00379943847656,353100,False
BAP,2025-02-28,181.77999877929688,183.0800018310547,178.5,183.02000427246094,173.2628936767578,436200,False
BAP,2025-03-03,184.1199951171875,186.5,182.2100067138672,183.66000366210938,173.8687744140625,350900,False
BAP,2025-03-04,182.4600067138672,185.50999450683594,180.1199951171875,182.94000244140625,173.18716430664062,237400,False
BAP,2025-03-05,184.08999633789062,185.72999572753906,182.6199951171875,183.9499969482422,174.143310546875,297100,False
BAP,2025-03-06,183.16000366210938,185.1300048828125,180.55999755859375,182.0399932861328,172.3351287841797,150600,False
BAP,2025-03-07,181.86000061035156,182.75999450683594,179.64999389648438,181.88999938964844,172.19313049316406,152300,False
BAP,2025-03-10,179.7899932861328,182.7100067138672,178.6699981689453,180.2899932861328,170.6784210205078,213400,False
BAP,2025-03-11,180.5800018310547,181.8699951171875,179.13999938964844,181.0,171.3505859375,244000,False
BAP,2025-03-12,182.61000061035156,183.49000549316406,179.2100067138672,182.97000122070312,173.21556091308594,342200,False
BAP,2025-03-13,183.6699981689453,186.97000122070312,180.4600067138672,185.0800018310547,175.21307373046875,386500,False
BAP,2025-03-14,186.3300018310547,189.38999938964844,184.0,189.38999938964844,179.2932891845703,237000,False
BAP,2025-03-17,189.5,192.1999969482422,188.77999877929688,190.80999755859375,180.63758850097656,234900,False
BAP,2025-03-18,191.0,193.05999755859375,189.88999938964844,191.66000366210938,181.44227600097656,231800,False
BAP,2025-03-19,191.24000549316406,194.05999755859375,187.6300048828125,192.4199981689453,182.16175842285156,310500,False
BAP,2025-03-20,192.0500030517578,197.25999450683594,189.94000244140625,194.27999877929688,183.922607421875,320200,False
BAP,2025-03-21,194.27000427246094,194.75999450683594,191.05999755859375,193.50999450683594,183.1936492919922,402100,False
BAP,2025-03-24,194.16000366210938,195.4600067138672,192.16000366210938,192.16000366210938,181.91561889648438,172600,False
BAP,2025-03-25,192.80999755859375,197.64999389648438,191.2100067138672,197.39999389648438,186.8762664794922,368000,False
BAP,2025-03-26,196.8300018310547,197.6199951171875,190.1999969482422,191.67999267578125,181.46121215820312,543800,False
BAP,2025-03-27,190.57000732421875,194.39999389648438,189.55999755859375,190.6199951171875,180.4577178955078,481100,False
BAP,2025-03-28,190.83999633789062,191.9600067138672,186.47000122070312,188.16000366210938,178.12887573242188,244700,False
BAP,2025-03-31,185.4499969482422,187.44000244140625,184.6999969482422,186.16000366210938,176.23548889160156,421200,False
BAP,2025-04-01,186.89999389648438,193.30999755859375,186.6300048828125,192.5399932861328,182.27536010742188,237300,False
BAP,2025-04-02,190.6699981689453,193.64999389648438,190.47999572753906,193.60000610351562,183.2788543701172,208500,False
BAP,2025-04-03,188.47999572753906,192.38999938964844,187.2899932861328,189.22999572753906,179.14181518554688,269200,False
BAP,2025-04-04,185.17999267578125,185.17999267578125,174.4199981689453,178.74000549316406,169.21107482910156,646300,False
BAP,2025-04-07,173.2100067138672,180.47999572753906,165.50999450683594,170.91000366210938,161.79849243164062,912800,False
BAP,2025-04-08,175.75,178.58999633789062,169.10000610351562,169.88999938964844,160.83287048339844,760700,False
BAP,2025-04-09,168.63999938964844,180.4499969482422,166.11000061035156,178.02000427246094,168.52944946289062,634600,False
BAP,2025-04-10,176.1999969482422,176.22000122070312,168.05999755859375,172.07000732421875,162.89666748046875,244400,False
BAP,2025-04-11,173.49000549316406,179.86000061035156,169.63999938964844,177.8699951171875,168.38743591308594,258200,False
BAP,2025-04-14,180.1199951171875,185.4199981689453,180.1199951171875,184.27999877929688,174.45571899414062,244000,False
BAP,2025-04-15,183.38999938964844,187.5,182.75999450683594,185.0800018310547,175.21307373046875,285200,False
BAP,2025-04-16,184.75999450683594,186.41000366210938,183.25,185.19000244140625,175.3172149658203,317100,False
BAP,2025-04-17,185.6300048828125,187.8300018310547,183.58999633789062,185.1300048828125,175.26040649414062,180400,False
BAP,2025-04-21,185.22999572753906,185.5,183.50999450683594,184.9600067138672,175.09947204589844,88600,False
BAP,2025-04-22,187.0399932861328,191.58999633789062,185.49000549316406,191.27000427246094,181.0730743408203,225700,False
BAP,2025-04-23,193.25999450683594,194.60000610351562,191.3000030517578,192.5500030517578,182.2848358154297,249500,False
BAP,2025-04-24,192.61000061035156,196.0500030517578,191.66000366210938,196.0500030517578,185.59823608398438,314100,False
BAP,2025-04-25,194.1999969482422,197.8699951171875,191.6999969482422,197.8699951171875,187.3212127685547,164700,False
BAP,2025-04-28,196.85000610351562,200.7899932861328,196.85000610351562,199.64999389648438,189.00631713867188,211300,False
BAP,2025-04-29,200.0,202.5399932861328,198.27999877929688,200.1699981689453,189.49859619140625,342900,False
BAP,2025-04-30,199.0,202.19000244140625,196.0,202.19000244140625,191.41090393066406,292800,False
BAP,2025-05-01,201.05999755859375,201.83999633789062,197.10000610351562,198.0,187.44427490234375,120200,False
BAP,2025-05-02,200.72000122070312,202.05999755859375,198.4600067138672,201.2100067138672,190.483154296875,459600,False
BAP,2025-05-05,201.82000732421875,203.08999633789062,200.0800018310547,200.7100067138672,190.0098114013672,201700,False
BAP,2025-05-06,199.8800048828125,202.39999389648438,199.25,201.8800048828125,191.117431640625,253400,False
BAP,2025-05-07,201.39999389648438,203.39999389648438,198.72999572753906,200.27000427246094,189.59326171875,331300,False
BAP,2025-05-08,201.97999572753906,205.02000427246094,199.77000427246094,203.9199981689453,193.04867553710938,223900,False
BAP,2025-05-09,204.75,206.97999572753906,204.11000061035156,205.3699951171875,194.42137145996094,176700,False
BAP,2025-05-12,206.97999572753906,208.17999267578125,201.92999267578125,203.25,192.41439819335938,172100,False
BAP,2025-05-13,204.39999389648438,207.83999633789062,202.0,206.47000122070312,195.46273803710938,290400,False
BAP,2025-05-14,205.0800018310547,208.2100067138672,204.72000122070312,207.91000366210938,196.8259735107422,293700,False
BAP,2025-05-15,207.0500030517578,210.7100067138672,206.22000122070312,208.52000427246094,197.4034423828125,292100,False
BAP,2025-05-16,207.2899932861328,207.55999755859375,202.1199951171875,206.5399932861328,195.52899169921875,379300,False
BAP,2025-05-19,195.17999267578125,197.88999938964844,193.1300048828125,193.5,193.5,294900,False
BAP,2025-05-20,195.13999938964844,198.92999267578125,193.8800048828125,198.8699951171875,198.8699951171875,279700,False
BAP,2025-05-21,200.25999450683594,201.33999633789062,197.16000366210938,200.47000122070312,200.47000122070312,365100,False
BAP,2025-05-22,199.8699951171875,204.6999969482422,199.77999877929688,204.4199981689453,204.4199981689453,440600,False
BAP,2025-05-23,201.9199981689453,206.02999877929688,201.3300018310547,204.24000549316406,204.24000549316406,294000,False
BAP,2025-05-27,204.27000427246094,207.91000366210938,202.08999633789062,207.67999267578125,207.67999267578125,323700,False
BAP,2025-05-28,207.94000244140625,209.05999755859375,206.3300018310547,208.47000122070312,208.47000122070312,289500,False
BAP,2025-05-29,208.5800018310547,210.42999267578125,206.60000610351562,209.7899932861328,209.7899932861328,539800,False
BAP,2025-05-30,208.66000366210938,212.92999267578125,207.80999755859375,211.80999755859375,211.80999755859375,637800,False
BAP,2025-06-02,212.94000244140625,215.6699981689453,212.0,214.4499969482422,214.4499969482422,597200,False
BAP,2025-06-03,214.0,217.36000061035156,213.0,216.89999389648438,216.89999389648438,558800,False
BAP,2025-06-04,217.85000610351562,220.35000610351562,212.8699951171875,213.50999450683594,213.50999450683594,796500,False
BAP,2025-06-05,214.41000366210938,215.8000030517578,209.4600067138672,214.66000366210938,214.66000366210938,365700,False
BAP,2025-06-06,217.27000427246094,218.2100067138672,215.05999755859375,217.5500030517578,217.5500030517578,204300,False
BAP,2025-06-09,216.42999267578125,217.25,212.8800048828125,213.39999389648438,213.39999389648438,310200,False
BAP,2025-06-10,212.75,217.08999633789062,212.30999755859375,216.89999389648438,216.89999389648438,318200,False
BAP,2025-06-11,217.41000366210938,220.4600067138672,216.5800018310547,218.22999572753906,218.22999572753906,321900,False
BAP,2025-06-12,219.05999755859375,221.27000427246094,217.6300048828125,218.47000122070312,218.47000122070312,261500,False
BAP,2025-06-13,216.16000366210938,218.6699981689453,214.97999572753906,217.3000030517578,217.3000030517578,203500,False
BAP,2025-06-16,217.41000366210938,221.17999267578125,217.41000366210938,218.32000732421875,218.32000732421875,198900,False
BAP,2025-06-17,216.52999877929688,219.60000610351562,215.42999267578125,218.80999755859375,218.80999755859375,319100,False
BAP,2025-06-18,219.11000061035156,222.99000549316406,216.9499969482422,217.77000427246094,217.77000427246094,186800,False
BAP,2025-06-20,220.0,220.0,217.02000427246094,218.42999267578125,218.42999267578125,360100,False
BAP,2025-06-23,218.02000427246094,218.63999938964844,213.75,216.1300048828125,216.1300048828125,370200,False
BAP,2025-06-24,217.25,220.22000122070312,217.17999267578125,217.7899932861328,217.7899932861328,225800,False
BAP,2025-06-25,217.0800018310547,219.2100067138672,216.50999450683594,217.42999267578125,217.42999267578125,165100,False
BAP,2025-06-26,217.44000244140625,223.38999938964844,216.89999389648438,223.0500030517578,223.0500030517578,318000,False
BAP,2025-06-27,222.22000122070312,224.27999877929688,221.69000244140625,223.89999389648438,223.89999389648438,330900,False
BAP,2025-06-30,223.4199981689453,225.67999267578125,222.5,223.52000427246094,223.52000427246094,239500,False
BAP,2025-07-01,224.39999389648438,226.85000610351562,218.58999633789062,222.6300048828125,222.6300048828125,405600,False
BAP,2025-07-02,221.77000427246094,226.2899932861328,220.08999633789062,226.1300048828125,226.1300048828125,584100,False
BAP,2025-07-03,227.89999389648438,228.69000244140625,226.0800018310547,227.25,227.25,228600,False
BAP,2025-07-07,226.19000244140625,228.25999450683594,223.52999877929688,225.72999572753906,225.72999572753906,293900,False
BAP,2025-07-08,226.10000610351562,226.6300048828125,223.22999572753906,225.74000549316406,225.74000549316406,233500,False
BAP,2025-07-09,226.5800018310547,228.30999755859375,222.0500030517578,224.6199951171875,224.6199951171875,210600,False
BAP,2025-07-10,226.3800048828125,227.5500030517578,220.80999755859375,223.50999450683594,223.50999450683594,312600,False
BAP,2025-07-11,222.27999877929688,223.5800018310547,221.36000061035156,222.4199981689453,222.4199981689453,403100,False
BAP,2025-07-14,222.63999938964844,224.08999633789062,221.27000427246094,221.4199981689453,221.4199981689453,177000,False
BAP,2025-07-15,221.2899932861328,223.41000366210938,218.2100067138672,221.82000732421875,221.82000732421875,221500,False
BAP,2025-07-16,221.42999267578125,222.5,216.8699951171875,220.55999755859375,220.55999755859375,338300,False
BAP,2025-07-17,220.97999572753906,226.0399932861328,220.80999755859375,225.57000732421875,225.57000732421875,341000,False
BAP,2025-07-18,224.94000244140625,227.5,224.94000244140625,226.24000549316406,226.24000549316406,298800,False
BAP,2025-07-21,227.1300048828125,229.5500030517578,225.5,226.33999633789062,226.33999633789062,201700,False
BAP,2025-07-22,227.35000610351562,230.94000244140625,226.50999450683594,230.39999389648438,230.39999389648438,470800,False
BAP,2025-07-23,230.9600067138672,237.3699951171875,230.9600067138672,237.0,237.0,624900,False
BAP,2025-07-24,238.30999755859375,240.0,233.05999755859375,237.1199951171875,237.1199951171875,446900,False
BAP,2025-07-25,236.24000549316406,239.2100067138672,230.25,235.85000610351562,235.85000610351562,144400,False
BAP,2025-07-28,234.58999633789062,239.1300048828125,232.1999969482422,235.0,235.0,222600,False
BAP,2025-07-29,235.1300048828125,239.72000122070312,234.57000732421875,238.0,238.0,271700,False
BAP,2025-07-30,236.0800018310547,237.86000061035156,231.5500030517578,235.0800018310547,235.0800018310547,336800,False
BAP,2025-07-31,235.88999938964844,237.0800018310547,233.58999633789062,237.0,237.0,372400,False
BAP,2025-08-01,236.89999389648438,236.89999389648438,231.74000549316406,236.5,236.5,388300,False
BAP,2025-08-04,237.24000549316406,242.4499969482422,236.24000549316406,242.4499969482422,242.4499969482422,399600,False
BAP,2025-08-05,242.6699981689453,249.63999938964844,240.2100067138672,242.0,242.0,328000,False
BAP,2025-08-06,242.99000549316406,244.49000549316406,240.1699981689453,242.99000549316406,242.99000549316406,327800,False
BAP,2025-08-07,243.86000061035156,246.0800018310547,242.89999389648438,246.0,246.0,318700,False
BAP,2025-08-08,246.72999572753906,249.22999572753906,241.2100067138672,249.1999969482422,249.1999969482422,220500,False
BAP,2025-08-11,249.39999389648438,250.4199981689453,248.1699981689453,249.1999969482422,249.1999969482422,255000,False
BAP,2025-08-12,249.85000610351562,251.5399932861328,249.4199981689453,251.00999450683594,251.00999450683594,338100,False
BAP,2025-08-13,251.0,254.52999877929688,249.32000732421875,249.3699951171875,249.3699951171875,467700,False
BAP,2025-08-14,250.19000244140625,252.3800048828125,247.72999572753906,250.36000061035156,250.36000061035156,276800,False
BAP,2025-08-15,247.83999633789062,255.38999938964844,247.83999633789062,251.8800048828125,251.8800048828125,559800,False
BAP,2025-08-18,251.3300018310547,254.6199951171875,249.4199981689453,253.22000122070312,253.22000122070312,345800,False
BAP,2025-08-19,252.9199981689453,254.5800018310547,249.44000244140625,250.47999572753906,250.47999572753906,494500,False
BAP,2025-08-20,249.32000732421875,251.39999389648438,247.1300048828125,249.07000732421875,249.07000732421875,974100,False
BAP,2025-08-21,249.97999572753906,254.5,247.05999755859375,251.11000061035156,251.11000061035156,394200,False
BAP,2025-08-22,250.7899932861328,256.989990234375,250.4199981689453,255.00999450683594,255.00999450683594,409900,False
BAP,2025-08-25,254.60000610351562,256.739990234375,251.6300048828125,252.00999450683594,252.00999450683594,136900,False
BAP,2025-08-26,251.0,254.22999572753906,250.57000732421875,254.22999572753906,254.22999572753906,273400,False
BAP,2025-08-27,252.05999755859375,253.89999389648438,249.58999633789062,252.3300018310547,252.3300018310547,208800,False
BAP,2025-08-28,253.2100067138672,256.5400085449219,251.69000244140625,256.0899963378906,256.0899963378906,257900,False
BAP,2025-08-29,254.7100067138672,258.70001220703125,254.22999572753906,257.20001220703125,257.20001220703125,442600,False
BAP,2025-09-02,255.36000061035156,260.2699890136719,255.05999755859375,260.1099853515625,260.1099853515625,360200,False
BAP,2025-09-03,260.2300109863281,263.4200134277344,258.45001220703125,261.55999755859375,261.55999755859375,446300,False
BAP,2025-09-04,262.54998779296875,263.9200134277344,259.7200012207031,259.9800109863281,259.9800109863281,232800,False
BAP,2025-09-05,259.9700012207031,262.17999267578125,251.97000122070312,261.20001220703125,261.20001220703125,586400,False
BAP,2025-09-08,261.010009765625,265.1000061035156,261.010009765625,263.5,263.5,380600,False
BAP,2025-09-09,263.8999938964844,268.489990234375,263.8999938964844,263.9200134277344,263.9200134277344,257200,False
BAP,2025-09-10,265.29998779296875,266.1199951171875,262.7200012207031,264.17999267578125,264.17999267578125,321000,False
BAP,2025-09-11,264.739990234375,267.0199890136719,262.30999755859375,266.5899963378906,266.5899963378906,457200,False
BAP,2025-09-12,266.6099853515625,267.5199890136719,264.3299865722656,266.05999755859375,266.05999755859375,318600,False
BAP,2025-09-15,267.760009765625,268.4200134277344,265.3999938964844,265.6400146484375,265.6400146484375,189200,False
BAP,2025-09-16,266.0799865722656,271.989990234375,264.25,270.7900085449219,270.7900085449219,322200,False
BAP,2025-09-17,274.55999755859375,280.8800048828125,272.54998779296875,278.2900085449219,278.2900085449219,569600,False
BAP,2025-09-18,276.4200134277344,277.9200134277344,260.3999938964844,261.9100036621094,261.9100036621094,769200,False
BAP,2025-09-19,262.2799987792969,263.6400146484375,258.82000732421875,262.6099853515625,262.6099853515625,512600,False
BAP,2025-09-22,262.739990234375,267.2699890136719,262.3599853515625,266.7699890136719,266.7699890136719,222300,False
BAP,2025-09-23,267.20001220703125,269.8900146484375,264.3900146484375,265.54998779296875,265.54998779296875,196000,False
BAP,2025-09-24,266.7200012207031,268.9800109863281,264.3900146484375,266.1099853515625,266.1099853515625,277000,False
BAP,2025-09-25,267.0,269.0,261.8699951171875,262.739990234375,262.739990234375,181000,False
BAP,2025-09-26,265.25,265.95001220703125,262.6700134277344,263.6600036621094,263.6600036621094,177600,False
BAP,2025-09-29,264.8399963378906,268.9200134277344,263.5799865722656,267.4700012207031,267.4700012207031,516400,False
BAP,2025-09-30,268.5400085449219,271.3399963378906,262.739990234375,266.2799987792969,266.2799987792969,461500,False
BAP,2025-10-01,267.94000244140625,268.55999755859375,260.0,262.20001220703125,262.20001220703125,525800,False
BAP,2025-10-02,261.8900146484375,263.1400146484375,256.6300048828125,259.0899963378906,259.0899963378906,279200,False
BAP,2025-10-03,259.67999267578125,266.3900146484375,257.3999938964844,266.19000244140625,266.19000244140625,353100,False
BAP,2025-10-06,265.260009765625,266.3299865722656,261.5799865722656,264.69000244140625,264.69000244140625,142700,False
BAP,2025-10-07,265.1600036621094,266.9200134277344,262.30999755859375,262.6199951171875,262.6199951171875,141900,False
BAP,2025-10-08,263.3599853515625,266.489990234375,261.94000244140625,264.5,264.5,156100,False
BAP,2025-10-09,264.54998779296875,265.3999938964844,261.1199951171875,261.239990234375,261.239990234375,228300,False
BAP,2025-10-10,260.5199890136719,261.20001220703125,253.39999389648438,254.99000549316406,254.99000549316406,465100,False
BAP,2025-10-13,257.6199951171875,262.260009765625,255.10000610351562,258.0,258.0,361500,False
BAP,2025-10-14,258.20001220703125,260.2099914550781,253.6699981689453,253.9499969482422,253.9499969482422,442200,False
BAP,2025-10-15,256.17999267578125,258.5799865722656,253.66000366210938,254.89999389648438,254.89999389648438,280800,False
BAP,2025-10-16,254.89999389648438,256.07000732421875,249.91000366210938,252.64999389648438,252.64999389648438,368700,False
BAP,2025-10-17,251.57000732421875,256.95001220703125,249.5500030517578,254.05999755859375,254.05999755859375,402800,False
BAP,2025-10-20,255.58999633789062,258.260009765625,252.9199981689453,253.57000732421875,253.57000732421875,249200,False
BAP,2025-10-21,252.4600067138672,255.13999938964844,252.1699981689453,253.85000610351562,253.85000610351562,223400,False
BAP,2025-10-22,255.0,256.20001220703125,250.5,253.0399932861328,253.0399932861328,134000,False
BAP,2025-10-23,256.2300109863281,258.2300109863281,254.3699951171875,257.92999267578125,257.92999267578125,269800,False
BAP,2025-10-24,258.4200134277344,260.1499938964844,256.79998779296875,256.79998779296875,256.79998779296875,131100,False
BAP,2025-10-27,258.260009765625,259.4700012207031,255.4499969482422,256.489990234375,256.489990234375,221900,False
BAP,2025-10-28,257.7300109863281,262.92999267578125,256.6099853515625,260.3399963378906,260.3399963378906,273200,False
BAP,2025-10-29,260.0,264.739990234375,259.3699951171875,263.3599853515625,263.3599853515625,313500,False
BAP,2025-10-30,262.20001220703125,262.8800048828125,259.4700012207031,260.0,260.0,255900,False
BAP,2025-10-31,258.7699890136719,262.3800048828125,258.7699890136719,261.0,261.0,201800,False
BAP,2025-11-03,261.6600036621094,262.6300048828125,259.44000244140625,260.45001220703125,260.45001220703125,148300,False
BAP,2025-11-04,258.1300048828125,263.010009765625,254.10000610351562,257.3800048828125,257.3800048828125,178100,False
BAP,2025-11-05,257.7200012207031,260.8699951171875,257.6600036621094,258.82000732421875,258.82000732421875,188600,False
BAP,2025-11-06,260.32000732421875,260.5199890136719,256.0299987792969,258.8399963378906,258.8399963378906,169100,False
BAP,2025-11-07,258.0899963378906,260.7900085449219,255.0,259.5199890136719,259.5199890136719,298200,False
BAP,2025-11-10,261.17999267578125,263.0799865722656,256.92999267578125,259.010009765625,259.010009765625,136500,False
BAP,2025-11-11,259.95001220703125,260.760009765625,258.04998779296875,258.1600036621094,258.1600036621094,235700,False
BAP,2025-11-12,259.010009765625,262.5199890136719,258.2799987792969,262.5199890136719,262.5199890136719,335300,False
BAP,2025-11-13,262.1700134277344,262.7300109863281,251.3000030517578,252.14999389648438,252.14999389648438,224000,False
BAP,2025-11-14,236.00999450683594,260.239990234375,230.4499969482422,253.8000030517578,253.8000030517578,357800,False
BAP,2025-11-17,252.0399932861328,254.8000030517578,248.85000610351562,250.47000122070312,250.47000122070312,176900,False
BAP,2025-11-18,249.3699951171875,253.3000030517578,248.49000549316406,251.66000366210938,251.66000366210938,176100,False
BAP,2025-11-19,251.72999572753906,255.6199951171875,251.72999572753906,254.6999969482422,254.6999969482422,189300,False
BAP,2025-11-20,258.1000061035156,258.1000061035156,247.74000549316406,248.30999755859375,248.30999755859375,313900,False
BAP,2025-11-21,240.3000030517578,249.3800048828125,240.0,247.85000610351562,247.85000610351562,453300,False
BAP,2025-11-24,251.64999389648438,253.80999755859375,247.7100067138672,253.77999877929688,253.77999877929688,610900,False
BAP,2025-11-25,255.69000244140625,257.04998779296875,251.22000122070312,251.64999389648438,251.64999389648438,256100,False
BAP,2025-11-26,253.6300048828125,257.7099914550781,252.0500030517578,255.8699951171875,255.8699951171875,352800,False
BAP,2025-11-28,256.95001220703125,260.3800048828125,254.16000366210938,257.2099914550781,257.2099914550781,241900,False
BAP,2025-12-01,257.69000244140625,260.5199890136719,254.42999267578125,254.9499969482422,254.9499969482422,297200,False
BAP,2025-12-02,257.80999755859375,263.510009765625,256.5400085449219,261.2300109863281,261.2300109863281,454900,False
BAP,2025-12-03,261.8500061035156,264.30999755859375,258.8900146484375,263.1600036621094,263.1600036621094,302800,False
BAP,2025-12-04,265.0899963378906,279.4700012207031,264.3999938964844,277.6499938964844,277.6499938964844,701000,False
BAP,2025-12-05,278.5,280.55999755859375,270.42999267578125,272.29998779296875,272.29998779296875,323100,False
BAP,2025-12-08,273.2300109863281,273.79998779296875,265.2699890136719,269.3399963378906,269.3399963378906,200500,False
BAP,2025-12-09,268.80999755859375,277.42999267578125,268.010009765625,276.2900085449219,276.2900085449219,264700,False
BAP,2025-12-10,275.8800048828125,278.2699890136719,275.0,277.0,277.0,306400,False
BAP,2025-12-11,277.1499938964844,284.7900085449219,277.010009765625,281.6099853515625,281.6099853515625,440200,False
BAP,2025-12-12,282.5199890136719,285.5,281.2099914550781,282.5299987792969,282.5299987792969,285800,False
BAP,2025-12-15,283.9700012207031,285.67999267578125,281.2900085449219,282.239990234375,282.239990234375,189800,False
BAP,2025-12-16,281.2799987792969,284.760009765625,277.20001220703125,280.0,280.0,290800,False
BAP,2025-12-17,275.6000061035156,281.55999755859375,272.0,275.6000061035156,275.6000061035156,488000,False
BAP,2025-12-18,276.2099914550781,282.54998779296875,275.6700134277344,281.0,281.0,241100,False
BAP,2025-12-19,281.6300048828125,287.04998779296875,281.6300048828125,285.7699890136719,285.7699890136719,567100,False
BAP,2025-12-22,286.8399963378906,292.0,285.25,289.0799865722656,289.0799865722656,297100,False
BAP,2025-12-23,291.1000061035156,291.6700134277344,286.70001220703125,289.0,289.0,195000,False
BAP,2025-12-24,288.3599853515625,290.9800109863281,288.3599853515625,289.45001220703125,289.45001220703125,83700,False
BAP,2025-12-26,290.07000732421875,291.92999267578125,289.0899963378906,291.5,291.5,194800,False
BAP,2025-12-29,291.5,291.6099853515625,287.42999267578125,291.04998779296875,291.04998779296875,179600,False
BAP,2025-12-30,291.9800109863281,291.9800109863281,288.2200012207031,290.0,290.0,239400,False
BAP,2025-12-31,289.3299865722656,290.0,284.7099914550781,287.0,287.0,294900,False
BAP,2026-01-02,288.75,290.4800109863281,284.760009765625,286.4100036621094,286.4100036621094,267500,False
BAP,2026-01-05,287.7699890136719,294.1199951171875,287.0,292.5,292.5,350700,False
BAP,2026-01-06,295.07000732421875,299.94000244140625,294.489990234375,295.7099914550781,295.7099914550781,383500,False
BAP,2026-01-07,294.0,296.1000061035156,291.0,293.70001220703125,293.70001220703125,369500,False
BAP,2026-01-08,294.04998779296875,304.239990234375,294.04998779296875,303.8399963378906,303.8399963378906,371300,False
BAP,2026-01-09,303.7799987792969,305.8999938964844,301.0,302.1499938964844,302.1499938964844,380000,False
BAP,2026-01-12,302.1499938964844,307.57000732421875,302.1499938964844,307.1499938964844,307.1499938964844,217900,False
BAP,2026-01-13,308.3399963378906,312.3299865722656,304.7799987792969,311.5,311.5,460800,False
BAP,2026-01-14,313.0,318.19000244140625,312.30999755859375,316.989990234375,316.989990234375,323900,False
BAP,2026-01-15,318.8900146484375,322.7699890136719,317.8599853515625,318.7799987792969,318.7799987792969,628000,False
BAP,2026-01-16,316.989990234375,322.67999267578125,316.010009765625,321.8299865722656,321.8299865722656,353700,False
BAP,2026-01-20,318.989990234375,328.4100036621094,318.75,326.92999267578125,326.92999267578125,369900,False
BAP,2026-01-21,327.19000244140625,333.42999267578125,326.25,332.5899963378906,332.5899963378906,397000,False
BAP,2026-01-22,333.6099853515625,341.54998779296875,332.6499938964844,340.6099853515625,340.6099853515625,563000,False
BAP,2026-01-23,341.5,344.5,335.8900146484375,344.3299865722656,344.3299865722656,424500,False
BAP,2026-01-26,342.9200134277344,350.6000061035156,342.29998779296875,349.0,349.0,825200,False
BAP,2026-01-27,352.82000732421875,359.8599853515625,351.3399963378906,356.1499938964844,356.1499938964844,1151600,False
BAP,2026-01-28,356.1499938964844,359.2200012207031,348.1199951171875,358.17999267578125,358.17999267578125,540300,False
BAP,2026-01-29,361.0,365.4200134277344,353.989990234375,365.4200134277344,365.4200134277344,495200,False
BAP,2026-01-30,360.30999755859375,362.4100036621094,351.94000244140625,356.8299865722656,356.8299865722656,973300,False
BAP,2026-02-02,355.3399963378906,368.7799987792969,353.7900085449219,367.9100036621094,367.9100036621094,327100,False
BAP,2026-02-03,372.80999755859375,380.20001220703125,370.0,375.25,375.25,925800,False
BAP,2026-02-04,374.1600036621094,377.04998779296875,359.1400146484375,363.6300048828125,363.6300048828125,407000,False
BAP,2026-02-05,358.8999938964844,362.489990234375,351.6600036621094,356.3999938964844,356.3999938964844,559400,False
BAP,2026-02-06,360.29998779296875,364.57000732421875,351.6300048828125,353.29998779296875,353.29998779296875,802800,False
BAP,2026-02-09,354.0799865722656,358.4100036621094,350.7900085449219,356.739990234375,356.739990234375,918000,False
BAP,2026-02-10,357.6199951171875,360.0,346.5899963378906,348.5400085449219,348.5400085449219,633800,False
BAP,2026-02-11,351.3900146484375,352.5,343.29998779296875,343.67999267578125,343.67999267578125,670300,False
BAP,2026-02-12,343.9599914550781,346.239990234375,339.4200134277344,341.04998779296875,341.04998779296875,569900,False
BAP,2026-02-13,324.25,333.82000732421875,318.1499938964844,329.80999755859375,329.80999755859375,1122300,False
BAP,2026-02-17,332.2900085449219,337.5799865722656,325.6400146484375,333.17999267578125,333.17999267578125,912700,False
BAP,2026-02-18,337.29998779296875,347.45001220703125,335.8900146484375,346.0,346.0,515300,False
BAP,2026-02-19,344.510009765625,350.3900146484375,340.8999938964844,349.3999938964844,349.3999938964844,714500,False
BAP,2026-02-20,350.3399963378906,352.19000244140625,340.3599853515625,350.25,350.25,478500,False
BAP,2026-02-23,352.20001220703125,353.92999267578125,343.55999755859375,344.4700012207031,344.4700012207031,218600,False
BAP,2026-02-24,347.20001220703125,352.44000244140625,341.1400146484375,352.42999267578125,352.42999267578125,488600,False
BAP,2026-02-25,352.30999755859375,360.8299865722656,352.30999755859375,355.1400146484375,355.1400146484375,488500,False
BAP,2026-02-26,353.2699890136719,357.30999755859375,347.8399963378906,355.4800109863281,355.4800109863281,374400,False
BAP,2026-02-27,354.2300109863281,359.54998779296875,345.95001220703125,346.3800048828125,346.3800048828125,802000,False
BAP,2026-03-02,342.44000244140625,353.3299865722656,338.9200134277344,352.94000244140625,352.94000244140625,252000,False
BAP,2026-03-03,343.82000732421875,347.9800109863281,329.4100036621094,332.67999267578125,332.67999267578125,890600,False
BAP,2026-03-04,335.2699890136719,341.6300048828125,333.1600036621094,339.2300109863281,339.2300109863281,352300,False
BAP,2026-03-05,334.54998779296875,339.2300109863281,325.3999938964844,334.17999267578125,334.17999267578125,351600,False
BAP,2026-03-06,332.4200134277344,335.5199890136719,324.07000732421875,330.57000732421875,330.57000732421875,616000,False
BAP,2026-03-09,326.1700134277344,329.79998779296875,319.70001220703125,329.6000061035156,329.6000061035156,251400,False
BAP,2026-03-10,332.8299865722656,345.7799987792969,329.29998779296875,341.2799987792969,341.2799987792969,387600,False
BAP,2026-03-11,337.8599853515625,341.1300048828125,332.44000244140625,337.6099853515625,337.6099853515625,172900,False
BAP,2026-03-12,327.6400146484375,331.8599853515625,324.54998779296875,325.20001220703125,325.20001220703125,422200,False
BAP,2026-03-13,329.4800109863281,334.2200012207031,324.0400085449219,325.67999267578125,325.67999267578125,432100,False
BAP,2026-03-16,330.489990234375,335.54998779296875,323.45001220703125,332.6600036621094,332.6600036621094,229100,False
BAP,2026-03-17,337.6099853515625,341.05999755859375,332.8599853515625,334.5799865722656,334.5799865722656,342200,False
BAP,2026-03-18,334.5799865722656,338.3800048828125,323.3599853515625,324.0400085449219,324.0400085449219,289900,False
BAP,2026-03-19,317.3500061035156,329.2699890136719,315.010009765625,328.32000732421875,328.32000732421875,313000,False
BAP,2026-03-20,326.260009765625,329.1400146484375,319.42999267578125,321.6400146484375,321.6400146484375,526100,False
BAP,2026-03-23,330.8800048828125,338.510009765625,326.989990234375,329.8299865722656,329.8299865722656,325800,False
BAP,2026-03-24,323.0199890136719,332.4700012207031,323.0199890136719,330.239990234375,330.239990234375,269600,False
BAP,2026-03-25,335.1199951171875,341.07000732421875,332.2900085449219,338.8999938964844,338.8999938964844,342700,False
BAP,2026-03-26,335.19000244140625,340.20001220703125,328.44000244140625,328.5400085449219,328.5400085449219,239700,False
BAP,2026-03-27,328.4599914550781,329.8900146484375,319.7699890136719,322.42999267578125,322.42999267578125,384300,False
