ticker,fecha,open,high,low,close,adj_close,volume,anomalia
CIB,2019-01-02,37.720001220703125,39.349998474121094,37.529998779296875,39.33000183105469,20.570547103881836,151600,False
CIB,2019-01-03,39.130001068115234,39.150001525878906,38.279998779296875,39.09000015258789,20.445018768310547,182700,False
CIB,2019-01-04,39.4900016784668,40.880001068115234,39.4900016784668,40.779998779296875,21.328927993774414,195200,False
CIB,2019-01-07,40.7400016784668,41.31999969482422,40.5,40.689998626708984,21.281856536865234,173500,False
CIB,2019-01-08,41.09000015258789,41.959999084472656,40.189998626708984,41.529998779296875,21.72119903564453,221900,False
CIB,2019-01-09,41.779998779296875,43.150001525878906,41.70000076293945,43.08000183105469,22.531888961791992,394000,False
CIB,2019-01-10,43.029998779296875,43.36000061035156,42.56999969482422,43.31999969482422,22.657411575317383,355700,False
CIB,2019-01-11,43.02000045776367,43.5,42.77000045776367,43.47999954223633,22.7410945892334,401800,False
CIB,2019-01-14,43.0,43.65999984741211,42.81999969482422,43.599998474121094,22.80385971069336,169500,False
CIB,2019-01-15,43.59000015258789,44.099998474121094,43.439998626708984,43.5099983215332,22.756784439086914,146200,False
CIB,2019-01-16,43.790000915527344,43.93000030517578,43.61000061035156,43.77000045776367,22.89277458190918,152700,False
CIB,2019-01-17,43.459999084472656,43.849998474121094,43.040000915527344,43.459999084472656,22.73063850402832,1267500,False
CIB,2019-01-18,43.59000015258789,44.04999923706055,43.5,43.97999954223633,23.002605438232422,124100,False
CIB,2019-01-22,43.900001525878906,44.52000045776367,43.369998931884766,43.720001220703125,22.866626739501953,377200,False
CIB,2019-01-23,44.11000061035156,44.29999923706055,43.369998931884766,43.5099983215332,22.756784439086914,386900,False
CIB,2019-01-24,43.5,44.06999969482422,43.2599983215332,43.650001525878906,22.83000946044922,401500,False
CIB,2019-01-25,43.869998931884766,44.0,43.2400016784668,43.58000183105469,22.79339599609375,257100,False
CIB,2019-01-28,43.11000061035156,43.58000183105469,43.0099983215332,43.349998474121094,22.6731014251709,348200,False
CIB,2019-01-29,43.65999984741211,43.81999969482422,43.119998931884766,43.43000030517578,22.71494483947754,239500,False
CIB,2019-01-30,43.619998931884766,43.79999923706055,42.9900016784668,43.59000015258789,22.798625946044922,339000,False
CIB,2019-01-31,43.75,44.81999969482422,43.75,44.599998474121094,23.326879501342773,559900,False
CIB,2019-02-01,44.40999984741211,45.08000183105469,44.29999923706055,45.0,23.53609275817871,267900,False
CIB,2019-02-04,44.61000061035156,46.540000915527344,44.61000061035156,46.5,24.32063102722168,281900,False
CIB,2019-02-05,46.61000061035156,47.0,46.400001525878906,46.81999969482422,24.48800277709961,279000,False
CIB,2019-02-06,46.52000045776367,46.939998626708984,46.310001373291016,46.77000045776367,24.46184539794922,201600,False
CIB,2019-02-07,46.93000030517578,47.04999923706055,45.970001220703125,46.400001525878906,24.26833152770996,311700,False
CIB,2019-02-08,46.400001525878906,46.560001373291016,45.7599983215332,46.15999984741211,24.142805099487305,129900,False
CIB,2019-02-11,46.0,46.029998779296875,45.540000915527344,45.560001373291016,23.82898712158203,136500,False
CIB,2019-02-12,44.56999969482422,45.93000030517578,44.56999969482422,45.38999938964844,23.740070343017578,220900,False
CIB,2019-02-13,45.52000045776367,45.650001525878906,44.72999954223633,44.90999984741211,23.4890193939209,245700,False
CIB,2019-02-14,44.68000030517578,45.459999084472656,44.40999984741211,45.310001373291016,23.69822883605957,314500,False
CIB,2019-02-15,45.63999938964844,45.810001373291016,45.31999969482422,45.599998474121094,23.849905014038086,209700,False
CIB,2019-02-19,45.29999923706055,45.619998931884766,44.86000061035156,45.220001220703125,23.651161193847656,294000,False
CIB,2019-02-20,45.470001220703125,46.20000076293945,45.34000015258789,45.849998474121094,23.98065757751465,262000,False
CIB,2019-02-21,45.81999969482422,46.11000061035156,45.119998931884766,46.04999923706055,24.085268020629883,215900,False
CIB,2019-02-22,46.95000076293945,48.349998474121094,46.709999084472656,47.529998779296875,24.859342575073242,850500,False
CIB,2019-02-25,48.130001068115234,48.47999954223633,47.880001068115234,48.20000076293945,25.209775924682617,485200,False
CIB,2019-02-26,47.970001220703125,48.52000045776367,47.970001220703125,48.459999084472656,25.345754623413086,353200,False
CIB,2019-02-27,48.529998779296875,48.83000183105469,48.02000045776367,48.5,25.366680145263672,265900,False
CIB,2019-02-28,48.349998474121094,48.869998931884766,48.2599983215332,48.34000015258789,25.283000946044922,380000,False
CIB,2019-03-01,48.54999923706055,48.54999923706055,47.380001068115234,47.95000076293945,25.079015731811523,290900,False
CIB,2019-03-04,48.119998931884766,48.29999923706055,47.75,48.27000045776367,25.246381759643555,459900,False
CIB,2019-03-05,48.47999954223633,48.880001068115234,48.0099983215332,48.70000076293945,25.471288681030273,203100,False
CIB,2019-03-06,48.709999084472656,49.869998931884766,48.45000076293945,48.970001220703125,25.61250114440918,542100,False
CIB,2019-03-07,48.77000045776367,49.209999084472656,48.27000045776367,48.560001373291016,25.398059844970703,367100,False
CIB,2019-03-08,48.27000045776367,48.34000015258789,47.029998779296875,47.380001068115234,24.78089141845703,170200,False
CIB,2019-03-11,47.52000045776367,48.61000061035156,47.52000045776367,48.31999969482422,25.272531509399414,284500,False
CIB,2019-03-12,48.630001068115234,48.970001220703125,48.22999954223633,48.70000076293945,25.471288681030273,283300,False
CIB,2019-03-13,48.81999969482422,50.09000015258789,48.810001373291016,50.04999923706055,26.177364349365234,647500,False
CIB,2019-03-14,50.09000015258789,50.79999923706055,49.40999984741211,50.790000915527344,26.56439781188965,463700,False
CIB,2019-03-15,51.0,51.529998779296875,50.779998779296875,51.099998474121094,26.72654151916504,882200,False
CIB,2019-03-18,51.34000015258789,52.0099983215332,50.70000076293945,52.0099983215332,27.202491760253906,540200,False
CIB,2019-03-19,52.16999816894531,53.0099983215332,51.65999984741211,52.7599983215332,27.59476089477539,688500,False
CIB,2019-03-20,52.65999984741211,53.279998779296875,52.38999938964844,53.16999816894531,27.809194564819336,598600,False
CIB,2019-03-21,52.939998626708984,54.65999984741211,52.939998626708984,54.58000183105469,28.546669006347656,353000,False
CIB,2019-03-22,53.88999938964844,54.15999984741211,51.599998474121094,51.959999084472656,27.17635154724121,398400,False
CIB,2019-03-25,51.970001220703125,52.560001373291016,51.459999084472656,51.720001220703125,27.050819396972656,138600,False
CIB,2019-03-26,51.790000915527344,52.77000045776367,51.790000915527344,51.9900016784668,27.192035675048828,270200,False
CIB,2019-03-27,51.900001525878906,52.189998626708984,50.599998474121094,50.68000030517578,26.506879806518555,575000,False
CIB,2019-03-28,50.7599983215332,51.2599983215332,50.689998626708984,50.90999984741211,26.627166748046875,478900,False
CIB,2019-03-29,51.34000015258789,51.34000015258789,50.720001220703125,51.060001373291016,26.705629348754883,298200,False
CIB,2019-04-01,51.630001068115234,52.16999816894531,50.88999938964844,51.11000061035156,26.731765747070312,187400,False
CIB,2019-04-02,51.08000183105469,51.869998931884766,50.75,51.75,27.066516876220703,288100,False
CIB,2019-04-03,52.150001525878906,52.77000045776367,51.77000045776367,52.43000030517578,27.422164916992188,375700,False
CIB,2019-04-04,52.310001373291016,53.470001220703125,51.86000061035156,53.400001525878906,27.92949867248535,508000,False
CIB,2019-04-05,53.369998931884766,54.58000183105469,53.060001373291016,54.33000183105469,28.59908103942871,353800,False
CIB,2019-04-08,54.29999923706055,55.400001525878906,54.040000915527344,55.310001373291016,29.114944458007812,245100,False
CIB,2019-04-09,55.18000030517578,55.209999084472656,54.65999984741211,54.91999816894531,28.90964698791504,378700,False
CIB,2019-04-10,55.060001373291016,55.38999938964844,54.84000015258789,54.90999984741211,28.90438461303711,183100,False
CIB,2019-04-11,54.75,54.779998779296875,53.540000915527344,54.18000030517578,28.52010726928711,431500,False
CIB,2019-04-12,54.5099983215332,54.5099983215332,53.70000076293945,53.779998779296875,28.309555053710938,213900,False
CIB,2019-04-15,53.56999969482422,54.47999954223633,52.209999084472656,52.47999954223633,27.625240325927734,278600,False
CIB,2019-04-16,52.61000061035156,52.709999084472656,51.33000183105469,52.060001373291016,27.404163360595703,430100,False
CIB,2019-04-17,53.61000061035156,53.61000061035156,52.25,52.88999938964844,27.841064453125,167200,False
CIB,2019-04-18,52.709999084472656,53.189998626708984,52.5,53.08000183105469,27.941082000732422,166800,False
CIB,2019-04-22,53.02000045776367,53.779998779296875,52.72999954223633,53.650001525878906,28.24112319946289,369600,False
CIB,2019-04-23,53.540000915527344,53.79999923706055,52.58000183105469,53.34000015258789,28.07794761657715,254600,False
CIB,2019-04-24,53.119998931884766,53.119998931884766,51.91999816894531,52.47999954223633,27.625240325927734,399500,False
CIB,2019-04-25,52.459999084472656,52.7400016784668,52.18000030517578,52.459999084472656,27.614715576171875,225700,False
CIB,2019-04-26,52.86000061035156,52.86000061035156,52.189998626708984,52.66999816894531,27.725255966186523,222100,False
CIB,2019-04-29,52.81999969482422,52.939998626708984,51.70000076293945,51.95000076293945,27.346248626708984,352200,False
CIB,2019-04-30,51.20000076293945,51.720001220703125,50.36000061035156,50.720001220703125,26.698781967163086,698900,False
CIB,2019-05-01,50.810001373291016,51.13999938964844,50.119998931884766,50.130001068115234,26.38821029663086,157100,False
CIB,2019-05-02,50.0,50.20000076293945,48.97999954223633,49.2599983215332,25.930252075195312,357100,False
CIB,2019-05-03,49.54999923706055,49.560001373291016,48.380001068115234,48.599998474121094,25.582826614379883,542900,False
CIB,2019-05-06,47.08000183105469,48.5,47.08000183105469,48.29999923706055,25.424907684326172,372300,False
CIB,2019-05-07,48.11000061035156,48.11000061035156,47.2400016784668,47.470001220703125,24.987995147705078,453400,False
CIB,2019-05-08,47.86000061035156,48.689998626708984,47.849998474121094,48.5099983215332,25.535451889038086,337500,False
CIB,2019-05-09,48.16999816894531,49.290000915527344,48.04999923706055,48.79999923706055,25.688108444213867,456000,False
CIB,2019-05-10,48.9900016784668,50.189998626708984,48.880001068115234,49.900001525878906,26.267147064208984,334400,False
CIB,2019-05-13,49.02000045776367,49.470001220703125,47.54999923706055,47.720001220703125,25.119600296020508,517300,False
CIB,2019-05-14,47.9900016784668,48.029998779296875,47.54999923706055,47.68000030517578,25.09855079650879,263900,False
CIB,2019-05-15,47.290000915527344,48.279998779296875,47.290000915527344,47.630001068115234,25.072219848632812,195600,False
CIB,2019-05-16,47.86000061035156,48.15999984741211,47.130001068115234,47.29999923706055,24.898515701293945,265800,False
CIB,2019-05-17,46.52000045776367,46.779998779296875,46.0099983215332,46.13999938964844,24.28788948059082,238400,False
CIB,2019-05-20,46.029998779296875,46.54999923706055,45.689998626708984,45.84000015258789,24.12997055053711,182300,False
CIB,2019-05-21,46.029998779296875,46.310001373291016,45.630001068115234,46.18000030517578,24.308956146240234,239900,False
CIB,2019-05-22,45.869998931884766,46.119998931884766,45.650001525878906,45.869998931884766,24.14576530456543,122800,False
CIB,2019-05-23,45.470001220703125,45.63999938964844,45.150001525878906,45.16999816894531,23.77729034423828,191700,False
CIB,2019-05-24,45.09000015258789,45.970001220703125,45.09000015258789,45.52000045776367,23.961532592773438,128200,False
CIB,2019-05-28,45.52000045776367,45.52000045776367,44.65999984741211,44.90999984741211,23.64042091369629,354900,False
CIB,2019-05-29,44.880001068115234,46.720001220703125,44.70000076293945,46.5,24.47739601135254,299900,False
CIB,2019-05-30,46.470001220703125,47.279998779296875,46.439998626708984,46.75,24.608993530273438,406200,False
CIB,2019-05-31,46.16999816894531,47.099998474121094,45.66999816894531,46.970001220703125,24.724803924560547,243600,False
CIB,2019-06-03,47.22999954223633,47.22999954223633,45.72999954223633,46.130001068115234,24.28262710571289,330400,False
CIB,2019-06-04,46.59000015258789,48.310001373291016,46.59000015258789,48.27000045776367,25.409116744995117,738900,False
CIB,2019-06-05,48.41999816894531,48.41999816894531,47.529998779296875,47.599998474121094,25.05643081665039,209100,False
CIB,2019-06-06,47.310001373291016,48.2599983215332,47.15999984741211,48.220001220703125,25.382795333862305,159000,False
CIB,2019-06-07,48.619998931884766,49.029998779296875,48.31999969482422,48.5099983215332,25.535451889038086,111000,False
CIB,2019-06-10,48.7400016784668,49.40999984741211,48.630001068115234,48.75,25.661792755126953,154600,False
CIB,2019-06-11,49.15999984741211,49.970001220703125,49.08000183105469,49.880001068115234,26.256610870361328,223700,False
CIB,2019-06-12,50.04999923706055,50.5,49.11000061035156,49.11000061035156,25.85128402709961,348100,False
CIB,2019-06-13,48.959999084472656,49.5,48.959999084472656,49.20000076293945,25.898662567138672,144400,False
CIB,2019-06-14,48.9900016784668,48.9900016784668,47.849998474121094,48.59000015258789,25.57756805419922,163700,False
CIB,2019-06-17,48.52000045776367,48.75,48.0,48.08000183105469,25.309099197387695,167000,False
CIB,2019-06-18,48.189998626708984,49.70000076293945,48.189998626708984,49.599998474121094,26.10921859741211,620900,False
CIB,2019-06-19,49.81999969482422,50.79999923706055,49.54999923706055,50.7599983215332,26.719839096069336,494400,False
CIB,2019-06-20,51.22999954223633,51.369998931884766,50.65999984741211,51.16999816894531,26.935665130615234,375000,False
CIB,2019-06-21,50.66999816894531,50.939998626708984,50.2599983215332,50.779998779296875,26.73037338256836,579300,False
CIB,2019-06-24,50.880001068115234,51.77000045776367,50.560001373291016,51.56999969482422,27.146221160888672,153600,False
CIB,2019-06-25,51.2400016784668,51.849998474121094,51.029998779296875,51.27000045776367,26.988306045532227,252100,False
CIB,2019-06-26,51.08000183105469,51.54999923706055,51.08000183105469,51.400001525878906,27.23415184020996,338800,False
CIB,2019-06-27,51.66999816894531,51.83000183105469,50.81999969482422,50.88999938964844,26.96393585205078,177900,False
CIB,2019-06-28,51.04999923706055,51.459999084472656,50.869998931884766,51.040000915527344,27.04340362548828,216400,False
CIB,2019-07-01,51.900001525878906,51.900001525878906,51.0,51.119998931884766,27.085796356201172,147200,False
CIB,2019-07-02,51.11000061035156,51.11000061035156,50.45000076293945,50.599998474121094,26.810272216796875,221200,False
CIB,2019-07-03,50.599998474121094,50.810001373291016,50.150001525878906,50.560001373291016,26.789081573486328,96100,False
CIB,2019-07-05,50.619998931884766,51.13999938964844,50.34000015258789,51.0099983215332,27.027507781982422,134500,False
CIB,2019-07-08,50.88999938964844,51.13999938964844,50.4900016784668,50.560001373291016,26.789081573486328,155800,False
CIB,2019-07-09,50.209999084472656,50.79999923706055,49.66999816894531,50.70000076293945,26.86326026916504,112800,False
CIB,2019-07-10,50.83000183105469,51.25,50.810001373291016,51.130001068115234,27.091093063354492,114600,False
CIB,2019-07-11,51.060001373291016,51.7400016784668,51.040000915527344,51.709999084472656,27.398408889770508,99800,False
CIB,2019-07-12,51.65999984741211,51.79999923706055,51.38999938964844,51.45000076293945,27.260644912719727,185200,False
CIB,2019-07-15,51.619998931884766,52.2599983215332,51.2400016784668,51.959999084472656,27.530868530273438,185600,False
CIB,2019-07-16,52.0,52.83000183105469,51.619998931884766,52.83000183105469,27.99183464050293,190500,False
CIB,2019-07-17,52.720001220703125,53.02000045776367,52.349998474121094,52.58000183105469,27.859375,200800,False
CIB,2019-07-18,52.47999954223633,52.970001220703125,51.16999816894531,51.84000015258789,27.46728515625,146800,False
CIB,2019-07-19,51.68000030517578,52.529998779296875,51.4900016784668,52.5099983215332,27.822280883789062,185500,False
CIB,2019-07-22,52.36000061035156,52.9900016784668,51.84000015258789,51.869998931884766,27.483179092407227,204600,False
CIB,2019-07-23,51.91999816894531,52.81999969482422,51.52000045776367,52.7599983215332,27.954744338989258,248400,False
CIB,2019-07-24,52.619998931884766,52.619998931884766,51.5,51.630001068115234,27.356016159057617,250600,False
CIB,2019-07-25,51.93000030517578,51.93000030517578,50.790000915527344,51.20000076293945,27.128189086914062,184200,False
CIB,2019-07-26,51.38999938964844,51.5,50.75,51.0099983215332,27.027507781982422,118400,False
CIB,2019-07-29,50.86000061035156,50.86000061035156,50.13999938964844,50.400001525878906,26.70430564880371,121700,False
CIB,2019-07-30,49.93000030517578,50.11000061035156,49.4900016784668,49.599998474121094,26.280426025390625,88500,False
CIB,2019-07-31,49.810001373291016,50.47999954223633,48.849998474121094,49.880001068115234,26.428781509399414,316500,False
CIB,2019-08-01,49.560001373291016,49.560001373291016,48.150001525878906,48.15999984741211,25.51744842529297,265000,False
CIB,2019-08-02,47.65999984741211,48.95000076293945,47.5099983215332,48.650001525878906,25.77707290649414,201700,False
CIB,2019-08-05,47.619998931884766,47.72999954223633,46.34000015258789,46.38999938964844,24.579618453979492,256900,False
CIB,2019-08-06,47.97999954223633,49.470001220703125,47.97999954223633,48.650001525878906,25.77707290649414,807200,False
CIB,2019-08-07,48.06999969482422,50.279998779296875,48.06999969482422,49.91999816894531,26.449981689453125,301100,False
CIB,2019-08-08,50.0,50.7599983215332,49.79999923706055,50.56999969482422,26.794376373291016,488200,False
CIB,2019-08-09,50.59000015258789,50.880001068115234,50.15999984741211,50.529998779296875,26.773181915283203,364800,False
CIB,2019-08-12,49.77000045776367,50.119998931884766,49.15999984741211,49.810001373291016,26.39169692993164,334900,False
CIB,2019-08-13,49.58000183105469,52.09000015258789,49.58000183105469,51.47999954223633,27.276540756225586,450300,False
CIB,2019-08-14,50.33000183105469,50.880001068115234,49.52000045776367,49.52000045776367,26.23804473876953,407000,False
CIB,2019-08-15,49.7599983215332,50.43000030517578,49.189998626708984,49.9900016784668,26.487071990966797,350000,False
CIB,2019-08-16,50.61000061035156,51.209999084472656,50.20000076293945,50.779998779296875,26.9056453704834,431200,False
CIB,2019-08-19,51.40999984741211,52.75,51.40999984741211,51.810001373291016,27.451387405395508,252600,False
CIB,2019-08-20,51.310001373291016,51.970001220703125,51.15999984741211,51.470001220703125,27.271242141723633,310100,False
CIB,2019-08-21,51.88999938964844,51.97999954223633,50.61000061035156,50.61000061035156,26.815568923950195,318800,False
CIB,2019-08-22,50.59000015258789,50.70000076293945,49.86000061035156,50.04999923706055,26.51885414123535,172600,False
CIB,2019-08-23,49.959999084472656,50.22999954223633,48.61000061035156,48.72999954223633,25.819459915161133,225400,False
CIB,2019-08-26,49.029998779296875,49.720001220703125,48.15999984741211,49.189998626708984,26.06319236755371,131600,False
CIB,2019-08-27,49.380001068115234,49.90999984741211,48.79999923706055,48.81999969482422,25.867145538330078,204500,False
CIB,2019-08-28,48.560001373291016,49.18000030517578,48.4900016784668,48.7599983215332,25.835351943969727,148700,False
CIB,2019-08-29,49.15999984741211,49.72999954223633,48.939998626708984,49.66999816894531,26.317514419555664,101400,False
CIB,2019-08-30,50.0,50.0,49.43000030517578,49.79999923706055,26.386396408081055,111300,False
CIB,2019-09-03,49.09000015258789,49.63999938964844,48.27000045776367,49.45000076293945,26.20095443725586,224300,False
CIB,2019-09-04,50.0,50.349998474121094,49.72999954223633,50.279998779296875,26.640724182128906,277700,False
CIB,2019-09-05,50.0,50.22999954223633,48.849998474121094,49.41999816894531,26.18505859375,652300,False
CIB,2019-09-06,49.54999923706055,49.9900016784668,49.52000045776367,49.68000030517578,26.32281494140625,375900,False
CIB,2019-09-09,50.0,50.0,49.11000061035156,49.22999954223633,26.08438491821289,294900,False
CIB,2019-09-10,49.15999984741211,49.2599983215332,48.29999923706055,49.18000030517578,26.057889938354492,372500,False
CIB,2019-09-11,49.470001220703125,51.119998931884766,49.16999816894531,51.0099983215332,27.027507781982422,432400,False
CIB,2019-09-12,50.91999816894531,51.88999938964844,50.599998474121094,50.86000061035156,26.94803810119629,251800,False
CIB,2019-09-13,50.939998626708984,51.150001525878906,49.560001373291016,49.7400016784668,26.354612350463867,171800,False
CIB,2019-09-16,49.52000045776367,51.540000915527344,49.52000045776367,51.0,27.022212982177734,432800,False
CIB,2019-09-17,50.75,51.439998626708984,50.52000045776367,51.099998474121094,27.075199127197266,461700,False
CIB,2019-09-18,50.91999816894531,51.400001525878906,50.13999938964844,50.689998626708984,26.857959747314453,163500,False
CIB,2019-09-19,51.040000915527344,51.2400016784668,50.47999954223633,50.720001220703125,26.873851776123047,116600,False
CIB,2019-09-20,50.95000076293945,51.13999938964844,49.970001220703125,50.290000915527344,26.646020889282227,301200,False
CIB,2019-09-23,50.20000076293945,50.880001068115234,49.779998779296875,50.83000183105469,26.9321346282959,146300,False
CIB,2019-09-24,50.72999954223633,51.29999923706055,50.130001068115234,51.220001220703125,27.138784408569336,468700,False
CIB,2019-09-25,50.84000015258789,51.66999816894531,49.849998474121094,51.630001068115234,27.356016159057617,279000,False
CIB,2019-09-26,50.86000061035156,51.439998626708984,50.599998474121094,51.029998779296875,27.209388732910156,201700,False
CIB,2019-09-27,50.66999816894531,51.40999984741211,49.959999084472656,50.310001373291016,26.82547950744629,161400,False
CIB,2019-09-30,50.47999954223633,50.47999954223633,49.20000076293945,49.45000076293945,26.366928100585938,153000,False
CIB,2019-10-01,49.63999938964844,49.900001525878906,48.81999969482422,49.40999984741211,26.34559440612793,190000,False
CIB,2019-10-02,49.36000061035156,49.68000030517578,48.5099983215332,49.380001068115234,26.32960319519043,171500,False
CIB,2019-10-03,49.400001525878906,50.779998779296875,49.400001525878906,50.689998626708984,27.028095245361328,242900,False
CIB,2019-10-04,50.599998474121094,50.880001068115234,50.16999816894531,50.79999923706055,27.08675193786621,204000,False
CIB,2019-10-07,50.45000076293945,50.9900016784668,50.0099983215332,50.0099983215332,26.665517807006836,135900,False
CIB,2019-10-08,49.72999954223633,50.27000045776367,49.36000061035156,49.4900016784668,26.388254165649414,174300,False
CIB,2019-10-09,49.77000045776367,50.150001525878906,49.369998931884766,49.380001068115234,26.32960319519043,158000,False
CIB,2019-10-10,49.75,50.279998779296875,49.38999938964844,49.84000015258789,26.574872970581055,168000,False
CIB,2019-10-11,50.650001525878906,50.790000915527344,49.86000061035156,49.95000076293945,26.633525848388672,171100,False
CIB,2019-10-14,49.86000061035156,50.119998931884766,49.2599983215332,49.27000045776367,26.27094268798828,151200,False
CIB,2019-10-15,49.439998626708984,49.970001220703125,48.90999984741211,48.959999084472656,26.105649948120117,252500,False
CIB,2019-10-16,48.869998931884766,49.279998779296875,48.290000915527344,48.88999938964844,26.068334579467773,187300,False
CIB,2019-10-17,49.189998626708984,49.900001525878906,49.08000183105469,49.599998474121094,26.446903228759766,226700,False
CIB,2019-10-18,49.459999084472656,50.06999969482422,49.439998626708984,49.470001220703125,26.377593994140625,140600,False
CIB,2019-10-21,49.66999816894531,50.0,49.63999938964844,50.0,26.660184860229492,214900,False
CIB,2019-10-22,50.11000061035156,51.119998931884766,49.68000030517578,51.0,27.193391799926758,534200,False
CIB,2019-10-23,49.5,50.779998779296875,49.33000183105469,50.599998474121094,26.980104446411133,346800,False
CIB,2019-10-24,50.91999816894531,51.060001373291016,50.290000915527344,51.0,27.193391799926758,268200,False
CIB,2019-10-25,51.25,52.04999923706055,50.66999816894531,52.040000915527344,27.7479248046875,299800,False
CIB,2019-10-28,52.0,52.470001220703125,51.77000045776367,51.779998779296875,27.609291076660156,138200,False
CIB,2019-10-29,51.63999938964844,52.63999938964844,51.56999969482422,52.45000076293945,27.96653938293457,187000,False
CIB,2019-10-30,52.380001068115234,52.619998931884766,51.470001220703125,52.040000915527344,27.7479248046875,245100,False
CIB,2019-10-31,51.77000045776367,52.16999816894531,51.11000061035156,51.880001068115234,27.662607192993164,198600,False
CIB,2019-11-01,52.29999923706055,53.459999084472656,51.68000030517578,53.09000015258789,28.307788848876953,271700,False
CIB,2019-11-04,53.540000915527344,54.540000915527344,53.13999938964844,53.900001525878906,28.739683151245117,291600,False
CIB,2019-11-05,53.95000076293945,55.04999923706055,53.72999954223633,54.970001220703125,29.310211181640625,249700,False
CIB,2019-11-06,54.65999984741211,55.0,54.099998474121094,54.45000076293945,29.032939910888672,182100,False
CIB,2019-11-07,54.66999816894531,55.04999923706055,54.029998779296875,54.439998626708984,29.027610778808594,345200,False
CIB,2019-11-08,54.310001373291016,54.61000061035156,53.08000183105469,53.709999084472656,28.63837242126465,174900,False
CIB,2019-11-11,53.33000183105469,53.65999984741211,52.91999816894531,53.29999923706055,28.419757843017578,100700,False
CIB,2019-11-12,53.40999984741211,53.40999984741211,52.439998626708984,52.70000076293945,28.099838256835938,320600,False
CIB,2019-11-13,52.36000061035156,52.4900016784668,51.0099983215332,51.529998779296875,27.47598648071289,420000,False
CIB,2019-11-14,51.630001068115234,51.900001525878906,50.970001220703125,51.15999984741211,27.278703689575195,278100,False
CIB,2019-11-15,51.36000061035156,52.189998626708984,51.130001068115234,51.95000076293945,27.699935913085938,251800,False
CIB,2019-11-18,52.2400016784668,52.52000045776367,51.040000915527344,51.29999923706055,27.353343963623047,224300,False
CIB,2019-11-19,51.459999084472656,51.52000045776367,50.630001068115234,50.779998779296875,27.076086044311523,346700,False
CIB,2019-11-20,50.86000061035156,51.33000183105469,50.2400016784668,50.709999084472656,27.038759231567383,230000,False
CIB,2019-11-21,50.529998779296875,51.63999938964844,50.34000015258789,51.25,27.32669448852539,276900,False
CIB,2019-11-22,51.459999084472656,52.0099983215332,51.0,51.099998474121094,27.24671173095703,204000,False
CIB,2019-11-25,51.189998626708984,51.290000915527344,50.630001068115234,50.72999954223633,27.049419403076172,238000,False
CIB,2019-11-26,50.459999084472656,50.68000030517578,48.52000045776367,48.93000030517578,26.089658737182617,663300,False
CIB,2019-11-27,49.09000015258789,49.09000015258789,47.630001068115234,48.31999969482422,25.764408111572266,515100,False
CIB,2019-11-29,48.27000045776367,48.68000030517578,47.810001373291016,48.27000045776367,25.73773956298828,283900,False
CIB,2019-12-02,48.29999923706055,48.880001068115234,48.040000915527344,48.27000045776367,25.73773956298828,320700,False
CIB,2019-12-03,48.16999816894531,48.689998626708984,47.900001525878906,48.4900016784668,25.85504722595215,361700,False
CIB,2019-12-04,48.650001525878906,50.0099983215332,48.45000076293945,49.970001220703125,26.64419174194336,316000,False
CIB,2019-12-05,49.900001525878906,50.939998626708984,49.59000015258789,50.54999923706055,26.953447341918945,668900,False
CIB,2019-12-06,50.83000183105469,51.36000061035156,50.52000045776367,51.130001068115234,27.262706756591797,350500,False
CIB,2019-12-09,51.0,51.45000076293945,50.90999984741211,51.0099983215332,27.19871711730957,166200,False
CIB,2019-12-10,51.0,51.22999954223633,50.70000076293945,50.939998626708984,27.16140365600586,470000,False
CIB,2019-12-11,51.0099983215332,51.81999969482422,50.97999954223633,51.779998779296875,27.609291076660156,374200,False
CIB,2019-12-12,51.79999923706055,52.41999816894531,51.75,52.27000045776367,27.87056541442871,495000,False
CIB,2019-12-13,52.43000030517578,52.869998931884766,52.20000076293945,52.81999969482422,28.16383171081543,288700,False
CIB,2019-12-16,52.9900016784668,54.45000076293945,52.56999969482422,54.209999084472656,28.904983520507812,343000,False
CIB,2019-12-17,54.310001373291016,54.689998626708984,53.54999923706055,54.189998626708984,28.894304275512695,287300,False
CIB,2019-12-18,54.150001525878906,55.2599983215332,53.86000061035156,55.25,29.459503173828125,211900,False
CIB,2019-12-19,55.02000045776367,56.060001373291016,54.20000076293945,55.84000015258789,29.774097442626953,440100,False
CIB,2019-12-20,55.84000015258789,55.970001220703125,54.90999984741211,54.90999984741211,29.278213500976562,298700,False
CIB,2019-12-23,55.0099983215332,55.41999816894531,54.560001373291016,55.310001373291016,29.491498947143555,253800,False
CIB,2019-12-24,55.0,55.52000045776367,54.54999923706055,55.369998931884766,29.523487091064453,120900,False
CIB,2019-12-26,55.189998626708984,55.66999816894531,54.7599983215332,55.33000183105469,29.672582626342773,75300,False
CIB,2019-12-27,55.209999084472656,55.380001068115234,54.599998474121094,54.83000183105469,29.404438018798828,176000,False
CIB,2019-12-30,54.779998779296875,55.2599983215332,54.36000061035156,54.75,29.36153221130371,148700,False
CIB,2019-12-31,54.779998779296875,55.08000183105469,54.529998779296875,54.790000915527344,29.382986068725586,83700,False
CIB,2020-01-02,55.060001373291016,55.45000076293945,54.54999923706055,55.220001220703125,29.61359214782715,125300,False
CIB,2020-01-03,54.81999969482422,55.18000030517578,53.959999084472656,55.0,29.495607376098633,809300,False
CIB,2020-01-06,54.790000915527344,55.540000915527344,54.709999084472656,55.220001220703125,29.61359214782715,386800,False
CIB,2020-01-07,55.11000061035156,55.79999923706055,54.59000015258789,55.5,29.763742446899414,509600,False
CIB,2020-01-08,55.43000030517578,56.099998474121094,55.34000015258789,55.939998626708984,29.999710083007812,353900,False
CIB,2020-01-09,55.959999084472656,55.959999084472656,53.90999984741211,54.470001220703125,29.21137046813965,398900,False
CIB,2020-01-10,54.70000076293945,54.880001068115234,53.81999969482422,54.0,28.959318161010742,191400,False
CIB,2020-01-13,54.09000015258789,54.529998779296875,53.70000076293945,54.5,29.227468490600586,240000,False
CIB,2020-01-14,54.290000915527344,54.290000915527344,53.34000015258789,54.13999938964844,29.03439712524414,301800,False
CIB,2020-01-15,53.939998626708984,54.59000015258789,53.45000076293945,54.0099983215332,28.964679718017578,359000,False
CIB,2020-01-16,54.20000076293945,54.29999923706055,53.720001220703125,54.22999954223633,29.082660675048828,203500,False
CIB,2020-01-17,54.54999923706055,55.02000045776367,54.54999923706055,54.959999084472656,29.474159240722656,199000,False
CIB,2020-01-21,54.400001525878906,54.560001373291016,54.02000045776367,54.209999084472656,29.07193946838379,329000,False
CIB,2020-01-22,54.38999938964844,54.86000061035156,54.310001373291016,54.630001068115234,29.297176361083984,233800,False
CIB,2020-01-23,54.33000183105469,54.529998779296875,53.75,54.119998931884766,29.023677825927734,183600,False
CIB,2020-01-24,54.16999816894531,54.34000015258789,53.439998626708984,54.029998779296875,28.97540283203125,255900,False
CIB,2020-01-27,52.97999954223633,53.560001373291016,52.61000061035156,52.650001525878906,28.235334396362305,621200,False
CIB,2020-01-28,52.970001220703125,53.470001220703125,52.779998779296875,53.41999816894531,28.648277282714844,238200,False
CIB,2020-01-29,53.56999969482422,53.56999969482422,53.06999969482422,53.400001525878906,28.637550354003906,119200,False
CIB,2020-01-30,53.0,53.59000015258789,52.90999984741211,53.310001373291016,28.589282989501953,196000,False
CIB,2020-01-31,52.83000183105469,52.970001220703125,52.369998931884766,52.470001220703125,28.138809204101562,247800,False
CIB,2020-02-03,52.43000030517578,53.0099983215332,52.20000076293945,53.0,28.42304039001465,223700,False
CIB,2020-02-04,53.66999816894531,54.63999938964844,53.41999816894531,54.61000061035156,29.286455154418945,243400,False
CIB,2020-02-05,55.02000045776367,55.47999954223633,54.689998626708984,54.93000030517578,29.458072662353516,151200,False
CIB,2020-02-06,55.20000076293945,55.56999969482422,54.790000915527344,55.4900016784668,29.758384704589844,143100,False
CIB,2020-02-07,55.279998779296875,55.45000076293945,54.84000015258789,55.400001525878906,29.710119247436523,194500,False
CIB,2020-02-10,55.22999954223633,55.22999954223633,54.63999938964844,55.060001373291016,29.527786254882812,272100,False
CIB,2020-02-11,55.189998626708984,55.279998779296875,54.290000915527344,54.560001373291016,29.2596378326416,339100,False
CIB,2020-02-12,54.7400016784668,55.11000061035156,54.45000076293945,54.959999084472656,29.474159240722656,235100,False
CIB,2020-02-13,54.869998931884766,55.06999969482422,54.560001373291016,54.95000076293945,29.46879005432129,125700,False
CIB,2020-02-14,55.16999816894531,55.380001068115234,54.599998474121094,54.79999923706055,29.38834571838379,190000,False
CIB,2020-02-18,54.5099983215332,54.75,53.900001525878906,54.529998779296875,29.243553161621094,419400,False
CIB,2020-02-19,54.599998474121094,55.349998474121094,54.47999954223633,55.33000183105469,29.672582626342773,284900,False
CIB,2020-02-20,55.2400016784668,55.290000915527344,54.349998474121094,54.400001525878906,29.173839569091797,348400,False
CIB,2020-02-21,48.13999938964844,52.81999969482422,47.869998931884766,50.209999084472656,26.926807403564453,1954800,False
CIB,2020-02-24,49.09000015258789,49.220001220703125,48.400001525878906,48.41999816894531,25.966859817504883,1267000,False
CIB,2020-02-25,48.43000030517578,49.529998779296875,48.43000030517578,48.97999954223633,26.267169952392578,793400,False
CIB,2020-02-26,49.560001373291016,49.869998931884766,48.66999816894531,48.93000030517578,26.240358352661133,481000,False
CIB,2020-02-27,47.900001525878906,49.16999816894531,47.040000915527344,48.349998474121094,25.92931365966797,371300,False
CIB,2020-02-28,47.650001525878906,47.65999984741211,45.63999938964844,47.47999954223633,25.46274757385254,587400,False
CIB,2020-03-02,47.65999984741211,48.29999923706055,46.56999969482422,46.59000015258789,24.985458374023438,709000,False
CIB,2020-03-03,46.7400016784668,47.93000030517578,45.0,45.02000045776367,24.143495559692383,1036700,False
CIB,2020-03-04,45.61000061035156,46.349998474121094,44.7599983215332,46.0099983215332,24.674415588378906,998400,False
CIB,2020-03-05,45.31999969482422,45.5,44.20000076293945,44.650001525878906,23.945070266723633,572400,False
CIB,2020-03-06,43.77000045776367,43.900001525878906,42.61000061035156,42.61000061035156,22.851049423217773,338800,False
CIB,2020-03-09,39.650001525878906,39.650001525878906,34.20000076293945,34.47999954223633,18.491064071655273,944600,True
CIB,2020-03-10,35.47999954223633,36.939998626708984,34.5,36.61000061035156,19.633346557617188,665900,False
CIB,2020-03-11,35.599998474121094,35.599998474121094,32.7400016784668,33.09000015258789,17.74562644958496,402300,True
CIB,2020-03-12,31.43000030517578,31.739999771118164,27.360000610351562,29.010000228881836,15.557591438293457,796000,True
CIB,2020-03-13,30.209999084472656,31.329999923706055,27.610000610351562,29.219999313354492,15.670207977294922,950000,False
CIB,2020-03-16,26.93000030517578,26.93000030517578,23.229999542236328,23.270000457763672,12.479321479797363,743800,True
CIB,2020-03-17,23.809999465942383,25.56999969482422,23.0,24.549999237060547,13.165764808654785,910700,False
CIB,2020-03-18,23.31999969482422,23.520000457763672,18.68000030517578,20.530000686645508,11.009906768798828,755800,True
CIB,2020-03-19,20.309999465942383,21.110000610351562,18.489999771118164,19.030000686645508,10.205480575561523,812500,False
CIB,2020-03-20,19.510000228881836,20.790000915527344,18.190000534057617,19.020000457763672,10.200118064880371,1465100,False
CIB,2020-03-23,18.809999465942383,18.809999465942383,16.270000457763672,16.56999969482422,8.886221885681152,576200,True
CIB,2020-03-24,17.06999969482422,17.56999969482422,16.850000381469727,17.309999465942383,9.283071517944336,1444000,False
CIB,2020-03-25,17.540000915527344,23.100000381469727,17.5,22.360000610351562,11.991305351257324,1085400,True
CIB,2020-03-26,22.989999771118164,28.440000534057617,22.860000610351562,26.239999771118164,14.072083473205566,1314600,True
CIB,2020-03-27,24.329999923706055,25.059999465942383,22.049999237060547,23.520000457763672,12.940863609313965,1019600,True
CIB,2020-03-30,23.1299991607666,24.59000015258789,23.030000686645508,24.15999984741211,13.292991638183594,771500,False
CIB,2020-03-31,24.239999771118164,25.100000381469727,24.09000015258789,24.959999084472656,13.733158111572266,732000,False
CIB,2020-04-01,23.899999618530273,24.799999237060547,23.209999084472656,23.6200008392334,12.995881080627441,731500,False
CIB,2020-04-02,23.559999465942383,24.799999237060547,22.979999542236328,24.15999984741211,13.292991638183594,476000,False
CIB,2020-04-03,24.270000457763672,24.700000762939453,23.56999969482422,24.360000610351562,13.403035163879395,378700,False
CIB,2020-04-06,25.6200008392334,27.18000030517578,25.5,26.350000381469727,14.497945785522461,618400,False
CIB,2020-04-07,27.90999984741211,28.729999542236328,26.389999389648438,26.520000457763672,14.591483116149902,670000,False
CIB,2020-04-08,26.84000015258789,27.579999923706055,26.3799991607666,26.93000030517578,14.81706714630127,439300,False
CIB,2020-04-09,27.989999771118164,29.8799991607666,27.6200008392334,27.920000076293945,15.36176872253418,469300,False
CIB,2020-04-13,27.90999984741211,27.90999984741211,26.65999984741211,27.68000030517578,15.229719161987305,306000,False
CIB,2020-04-14,28.239999771118164,29.479999542236328,28.15999984741211,28.450000762939453,15.6533784866333,467300,False
CIB,2020-04-15,27.530000686645508,28.520000457763672,26.790000915527344,28.139999389648438,15.482812881469727,398600,False
CIB,2020-04-16,27.829999923706055,28.40999984741211,26.950000762939453,27.200000762939453,14.965620994567871,430700,False
CIB,2020-04-17,28.190000534057617,28.489999771118164,27.059999465942383,27.899999618530273,15.350767135620117,323700,False
CIB,2020-04-20,27.06999969482422,28.280000686645508,26.399999618530273,27.309999465942383,15.026141166687012,284000,False
CIB,2020-04-21,26.010000228881836,26.6200008392334,24.530000686645508,24.850000381469727,13.672635078430176,964500,False
CIB,2020-04-22,24.989999771118164,25.469999313354492,24.200000762939453,24.299999237060547,13.37001895904541,837900,False
CIB,2020-04-23,24.5,24.920000076293945,24.079999923706055,24.25,13.342512130737305,819600,False
CIB,2020-04-24,24.440000534057617,24.729999542236328,23.969999313354492,24.020000457763672,13.215962409973145,565500,False
CIB,2020-04-27,24.350000381469727,25.190000534057617,24.059999465942383,24.420000076293945,13.436042785644531,322700,False
CIB,2020-04-28,25.059999465942383,25.510000228881836,24.360000610351562,25.31999969482422,13.931229591369629,358800,False
CIB,2020-04-29,26.459999084472656,26.860000610351562,25.600000381469727,26.020000457763672,14.316375732421875,958500,False
CIB,2020-04-30,25.670000076293945,26.489999771118164,25.280000686645508,26.100000381469727,14.360392570495605,668400,False
CIB,2020-05-01,25.469999313354492,25.469999313354492,23.59000015258789,25.079999923706055,13.79918098449707,349000,False
CIB,2020-05-04,24.6299991607666,25.450000762939453,24.450000762939453,25.350000381469727,13.947735786437988,642800,False
CIB,2020-05-05,24.559999465942383,25.8799991607666,24.270000457763672,24.3700008392334,13.40853214263916,1092400,False
CIB,2020-05-06,24.290000915527344,24.719999313354492,23.6200008392334,23.899999618530273,13.14993953704834,669900,False
CIB,2020-05-07,24.15999984741211,24.989999771118164,23.979999542236328,24.690000534057617,13.584603309631348,910400,False
CIB,2020-05-08,25.350000381469727,25.6299991607666,24.780000686645508,25.0,13.755163192749023,859000,False
CIB,2020-05-11,24.59000015258789,24.760000228881836,23.899999618530273,24.530000686645508,13.496567726135254,710100,False
CIB,2020-05-12,24.690000534057617,24.809999465942383,23.899999618530273,23.959999084472656,13.18294906616211,711800,False
CIB,2020-05-13,24.079999923706055,24.110000610351562,22.360000610351562,22.559999465942383,12.412662506103516,558200,False
CIB,2020-05-14,22.030000686645508,22.639999389648438,21.540000915527344,22.479999542236328,12.368645668029785,834200,False
CIB,2020-05-15,22.139999389648438,22.850000381469727,22.010000228881836,22.809999465942383,12.550214767456055,678800,False
CIB,2020-05-18,23.5,24.219999313354492,22.84000015258789,24.010000228881836,13.210463523864746,1041600,False
CIB,2020-05-19,23.940000534057617,24.010000228881836,22.90999984741211,22.920000076293945,12.610734939575195,967200,False
CIB,2020-05-20,23.309999465942383,23.540000915527344,22.649999618530273,23.469999313354492,12.913349151611328,959400,False
CIB,2020-05-21,23.670000076293945,23.84000015258789,23.139999389648438,23.549999237060547,12.957366943359375,745000,False
CIB,2020-05-22,23.479999542236328,23.479999542236328,22.90999984741211,23.059999465942383,12.687766075134277,251400,False
CIB,2020-05-26,23.979999542236328,24.59000015258789,23.6200008392334,24.270000457763672,13.353514671325684,1007100,False
CIB,2020-05-27,25.06999969482422,25.639999389648438,24.030000686645508,25.6299991607666,14.101798057556152,840200,False
CIB,2020-05-28,25.899999618530273,26.360000610351562,25.149999618530273,25.770000457763672,14.178825378417969,528700,False
CIB,2020-05-29,25.6200008392334,25.920000076293945,24.959999084472656,25.860000610351562,14.228340148925781,742500,False
CIB,2020-06-01,25.81999969482422,27.75,25.81999969482422,27.0,14.855578422546387,408600,False
CIB,2020-06-02,27.469999313354492,28.170000076293945,27.420000076293945,27.790000915527344,15.290243148803711,293500,False
CIB,2020-06-03,28.360000610351562,29.850000381469727,28.360000610351562,29.780000686645508,16.385154724121094,575900,False
CIB,2020-06-04,29.600000381469727,30.719999313354492,29.229999542236328,30.68000030517578,16.880342483520508,575200,False
CIB,2020-06-05,32.369998931884766,33.189998626708984,31.59000015258789,32.77000045776367,18.030269622802734,1068200,False
CIB,2020-06-08,33.540000915527344,33.77000045776367,32.290000915527344,33.7400016784668,18.563968658447266,628700,False
CIB,2020-06-09,32.7400016784668,32.7400016784668,31.5,31.579999923706055,17.37552261352539,897500,False
CIB,2020-06-10,31.350000381469727,31.489999771118164,29.489999771118164,29.6200008392334,16.297122955322266,847700,False
CIB,2020-06-11,28.0,28.18000030517578,26.90999984741211,27.15999984741211,14.943610191345215,612100,False
CIB,2020-06-12,28.31999969482422,29.040000915527344,27.770000457763672,28.40999984741211,15.631368637084961,467700,False
CIB,2020-06-15,27.170000076293945,29.399999618530273,27.0,29.030000686645508,15.972498893737793,351100,False
CIB,2020-06-16,29.280000686645508,30.1299991607666,27.3700008392334,27.469999313354492,15.114175796508789,920400,False
CIB,2020-06-17,27.530000686645508,27.84000015258789,27.110000610351562,27.65999984741211,15.218714714050293,498600,False
CIB,2020-06-18,27.25,27.850000381469727,27.25,27.360000610351562,15.053653717041016,298500,False
CIB,2020-06-19,27.93000030517578,28.270000457763672,27.399999618530273,27.399999618530273,15.075661659240723,999400,False
CIB,2020-06-22,27.209999084472656,27.3700008392334,25.56999969482422,26.079999923706055,14.34938907623291,658900,False
CIB,2020-06-23,26.549999237060547,27.200000762939453,26.049999237060547,26.700000762939453,14.69051742553711,768700,False
CIB,2020-06-24,26.31999969482422,26.579999923706055,26.079999923706055,26.360000610351562,14.503445625305176,576700,False
CIB,2020-06-25,26.100000381469727,26.84000015258789,26.010000228881836,26.579999923706055,14.624492645263672,581000,False
CIB,2020-06-26,26.149999618530273,26.790000915527344,25.889999389648438,26.389999389648438,14.5199556350708,507300,False
CIB,2020-06-29,26.209999084472656,26.559999465942383,25.850000381469727,26.229999542236328,14.607945442199707,213700,False
CIB,2020-06-30,25.959999084472656,26.510000228881836,25.729999542236328,26.309999465942383,14.65250015258789,397400,False
CIB,2020-07-01,26.510000228881836,27.260000228881836,26.219999313354492,26.690000534057617,14.864129066467285,598400,False
CIB,2020-07-02,27.540000915527344,27.760000228881836,26.989999771118164,27.309999465942383,15.209416389465332,351200,False
CIB,2020-07-06,28.06999969482422,28.31999969482422,27.299999237060547,27.520000457763672,15.32636547088623,642300,False
CIB,2020-07-07,27.209999084472656,27.479999542236328,26.920000076293945,27.399999618530273,15.259541511535645,363600,False
CIB,2020-07-08,27.469999313354492,28.5,27.469999313354492,28.3799991607666,15.805320739746094,451900,False
CIB,2020-07-09,28.489999771118164,28.489999771118164,27.25,27.649999618530273,15.398768424987793,536900,False
CIB,2020-07-10,27.34000015258789,28.25,27.34000015258789,28.110000610351562,15.654953956604004,316800,False
CIB,2020-07-13,28.3799991607666,28.639999389648438,27.31999969482422,27.31999969482422,15.214985847473145,557800,False
CIB,2020-07-14,27.190000534057617,27.579999923706055,26.84000015258789,26.899999618530273,14.981080055236816,793100,False
CIB,2020-07-15,27.489999771118164,27.8700008392334,27.049999237060547,27.09000015258789,15.086894989013672,471700,False
CIB,2020-07-16,26.8700008392334,27.6299991607666,26.780000686645508,27.200000762939453,15.148155212402344,338700,False
CIB,2020-07-17,27.360000610351562,27.5,26.510000228881836,26.579999923706055,14.80286693572998,369200,False
CIB,2020-07-20,26.600000381469727,26.81999969482422,25.799999237060547,25.799999237060547,14.368470191955566,312100,False
CIB,2020-07-21,26.010000228881836,27.75,26.010000228881836,27.479999542236328,15.304091453552246,435300,False
CIB,2020-07-22,27.280000686645508,27.829999923706055,27.040000915527344,27.799999237060547,15.482306480407715,192200,False
CIB,2020-07-23,27.600000381469727,28.219999313354492,27.450000762939453,27.979999542236328,15.582551002502441,229400,False
CIB,2020-07-24,27.889999389648438,27.959999084472656,27.5,27.84000015258789,15.504582405090332,197300,False
CIB,2020-07-27,27.899999618530273,28.760000228881836,27.770000457763672,28.649999618530273,15.95568561553955,287600,False
CIB,2020-07-28,28.600000381469727,28.799999237060547,28.100000381469727,28.200000762939453,15.705076217651367,253000,False
CIB,2020-07-29,27.81999969482422,28.56999969482422,27.770000457763672,28.510000228881836,15.87771987915039,411400,False
CIB,2020-07-30,28.010000228881836,28.399999618530273,27.649999618530273,28.280000686645508,15.749629974365234,206300,False
CIB,2020-07-31,28.200000762939453,28.31999969482422,27.549999237060547,27.920000076293945,15.549139022827148,634100,False
CIB,2020-08-03,27.899999618530273,28.1299991607666,27.100000381469727,27.100000381469727,15.092462539672852,247300,False
CIB,2020-08-04,27.040000915527344,27.040000915527344,26.309999465942383,26.440000534057617,14.724896430969238,329000,False
CIB,2020-08-05,26.690000534057617,27.020000457763672,26.34000015258789,26.389999389648438,14.697052955627441,376000,False
CIB,2020-08-06,25.68000030517578,26.68000030517578,25.549999237060547,26.239999771118164,14.613515853881836,799200,False
CIB,2020-08-07,26.040000915527344,26.040000915527344,24.899999618530273,25.15999984741211,14.012043952941895,646200,False
CIB,2020-08-10,25.510000228881836,26.84000015258789,25.510000228881836,26.549999237060547,14.786160469055176,331400,False
CIB,2020-08-11,27.280000686645508,27.56999969482422,26.56999969482422,26.6200008392334,14.825145721435547,357400,False
CIB,2020-08-12,27.010000228881836,27.010000228881836,26.06999969482422,26.25,14.6190824508667,341200,False
CIB,2020-08-13,26.049999237060547,26.600000381469727,26.049999237060547,26.540000915527344,14.780591011047363,156300,False
CIB,2020-08-14,26.489999771118164,26.489999771118164,26.190000534057617,26.290000915527344,14.641361236572266,106800,False
CIB,2020-08-17,26.25,26.25,25.43000030517578,25.65999984741211,14.290504455566406,227000,False
CIB,2020-08-18,25.829999923706055,26.520000457763672,25.829999923706055,26.479999542236328,14.747175216674805,221800,False
CIB,2020-08-19,26.540000915527344,27.1200008392334,26.389999389648438,26.610000610351562,14.819572448730469,204000,False
CIB,2020-08-20,26.239999771118164,26.8700008392334,26.110000610351562,26.84000015258789,14.94766616821289,151000,False
CIB,2020-08-21,26.799999237060547,26.81999969482422,26.43000030517578,26.59000015258789,14.808439254760742,256200,False
CIB,2020-08-24,26.760000228881836,27.3700008392334,26.760000228881836,27.309999465942383,15.209416389465332,203300,False
CIB,2020-08-25,27.649999618530273,27.950000762939453,27.139999389648438,27.889999389648438,15.532428741455078,131400,False
CIB,2020-08-26,28.0,28.579999923706055,27.700000762939453,28.190000534057617,15.699507713317871,211100,False
CIB,2020-08-27,28.219999313354492,28.5,27.84000015258789,28.110000610351562,15.654953956604004,186500,False
CIB,2020-08-28,28.399999618530273,28.889999389648438,28.329999923706055,28.760000228881836,16.016950607299805,155800,False
CIB,2020-08-31,28.700000762939453,28.700000762939453,27.950000762939453,28.059999465942383,15.627107620239258,189000,False
CIB,2020-09-01,28.350000381469727,30.260000228881836,28.110000610351562,30.190000534057617,16.813339233398438,282400,False
CIB,2020-09-02,30.100000381469727,30.8799991607666,30.09000015258789,30.229999542236328,16.835615158081055,402100,False
CIB,2020-09-03,30.18000030517578,30.3700008392334,29.31999969482422,29.790000915527344,16.590572357177734,183100,False
CIB,2020-09-04,30.190000534057617,30.31999969482422,29.31999969482422,29.889999389648438,16.646263122558594,193500,False
CIB,2020-09-08,29.469999313354492,29.540000915527344,29.010000228881836,29.139999389648438,16.22857666015625,151200,False
CIB,2020-09-09,29.440000534057617,29.899999618530273,29.420000076293945,29.59000015258789,16.479190826416016,148100,False
CIB,2020-09-10,29.75,29.75,28.43000030517578,28.489999771118164,15.866578102111816,324300,False
CIB,2020-09-11,28.520000457763672,28.84000015258789,27.940000534057617,28.0,15.593690872192383,379400,False
CIB,2020-09-14,28.260000228881836,28.34000015258789,27.700000762939453,27.700000762939453,15.426613807678223,431000,False
CIB,2020-09-15,27.84000015258789,28.110000610351562,27.5,27.559999465942383,15.34864330291748,350600,False
CIB,2020-09-16,27.559999465942383,27.93000030517578,27.309999465942383,27.770000457763672,15.465598106384277,249800,False
CIB,2020-09-17,27.530000686645508,27.860000610351562,27.219999313354492,27.360000610351562,15.237260818481445,99200,False
CIB,2020-09-18,27.219999313354492,27.479999542236328,26.860000610351562,27.139999389648438,15.114740371704102,807700,False
CIB,2020-09-21,26.709999084472656,26.860000610351562,26.31999969482422,26.780000686645508,14.914249420166016,311300,False
CIB,2020-09-22,26.90999984741211,27.049999237060547,26.170000076293945,26.170000076293945,14.574530601501465,187000,False
CIB,2020-09-23,26.200000762939453,26.329999923706055,25.469999313354492,25.700000762939453,14.31278133392334,218000,False
CIB,2020-09-24,25.6200008392334,26.469999313354492,25.31999969482422,26.1299991607666,14.552252769470215,200100,False
CIB,2020-09-25,25.790000915527344,26.06999969482422,25.65999984741211,25.899999618530273,14.424163818359375,199400,False
CIB,2020-09-28,25.989999771118164,26.309999465942383,25.479999542236328,25.700000762939453,14.485600471496582,249100,False
CIB,2020-09-29,25.639999389648438,25.719999313354492,24.920000076293945,25.040000915527344,14.11359691619873,302400,False
CIB,2020-09-30,25.25,25.6299991607666,25.079999923706055,25.549999237060547,14.401057243347168,209200,False
CIB,2020-10-01,25.65999984741211,25.93000030517578,25.510000228881836,25.65999984741211,14.463055610656738,87000,False
CIB,2020-10-02,25.149999618530273,25.940000534057617,25.110000610351562,25.850000381469727,14.570146560668945,54400,False
CIB,2020-10-05,26.170000076293945,26.309999465942383,25.889999389648438,26.079999923706055,14.699784278869629,82000,False
CIB,2020-10-06,26.40999984741211,26.530000686645508,25.8700008392334,25.8799991607666,14.587052345275879,141800,False
CIB,2020-10-07,26.100000381469727,26.18000030517578,25.520000457763672,25.670000076293945,14.4686918258667,178700,False
CIB,2020-10-08,25.860000610351562,26.15999984741211,25.770000457763672,26.030000686645508,14.671605110168457,164000,False
CIB,2020-10-09,26.219999313354492,26.420000076293945,26.209999084472656,26.329999923706055,14.840694427490234,121700,False
CIB,2020-10-12,26.360000610351562,26.360000610351562,25.450000762939453,25.799999237060547,14.541962623596191,128000,False
CIB,2020-10-13,25.729999542236328,25.90999984741211,25.1299991607666,25.270000457763672,14.243237495422363,424400,False
CIB,2020-10-14,25.1200008392334,25.809999465942383,24.8799991607666,25.670000076293945,14.4686918258667,319000,False
CIB,2020-10-15,25.360000610351562,25.450000762939453,25.020000457763672,25.270000457763672,14.243237495422363,287000,False
CIB,2020-10-16,25.31999969482422,25.639999389648438,25.170000076293945,25.530000686645508,14.389780044555664,126300,False
CIB,2020-10-19,25.709999084472656,26.31999969482422,25.5,26.200000762939453,14.767420768737793,150400,False
CIB,2020-10-20,26.489999771118164,26.959999084472656,26.219999313354492,26.93000030517578,15.178881645202637,159100,False
CIB,2020-10-21,26.940000534057617,27.219999313354492,26.739999771118164,26.989999771118164,15.212698936462402,211700,False
CIB,2020-10-22,26.950000762939453,27.1200008392334,26.18000030517578,26.229999542236328,14.784330368041992,329300,False
CIB,2020-10-23,26.399999618530273,26.68000030517578,26.100000381469727,26.68000030517578,15.03796672821045,200600,False
CIB,2020-10-26,26.350000381469727,27.020000457763672,26.020000457763672,26.940000534057617,15.184517860412598,184600,False
CIB,2020-10-27,26.809999465942383,26.8700008392334,26.31999969482422,26.34000015258789,14.846331596374512,237100,False
CIB,2020-10-28,25.809999465942383,25.950000762939453,25.010000228881836,25.049999237060547,14.119232177734375,288500,False
CIB,2020-10-29,24.959999084472656,25.0,24.18000030517578,24.770000457763672,13.96141529083252,185200,False
CIB,2020-10-30,24.649999618530273,25.489999771118164,24.5,25.489999771118164,14.36723518371582,186400,False
CIB,2020-11-02,25.510000228881836,26.15999984741211,25.399999618530273,25.729999542236328,14.502508163452148,98000,False
CIB,2020-11-03,26.200000762939453,26.389999389648438,25.850000381469727,26.270000457763672,14.806875228881836,102900,False
CIB,2020-11-04,26.260000228881836,26.780000686645508,26.239999771118164,26.299999237060547,14.823784828186035,77600,False
CIB,2020-11-05,26.549999237060547,27.18000030517578,26.549999237060547,27.0,15.218334197998047,116800,False
CIB,2020-11-06,26.6299991607666,27.239999771118164,26.6299991607666,27.239999771118164,15.353607177734375,213600,False
CIB,2020-11-09,28.860000610351562,29.75,28.639999389648438,29.15999984741211,16.43580436706543,475800,False
CIB,2020-11-10,29.3700008392334,29.389999389648438,29.030000686645508,29.280000686645508,16.50343894958496,167200,False
CIB,2020-11-11,29.329999923706055,29.450000762939453,29.1299991607666,29.350000381469727,16.54289436340332,77800,False
CIB,2020-11-12,29.219999313354492,29.299999237060547,28.200000762939453,28.84000015258789,16.25543785095215,213700,False
CIB,2020-11-13,29.270000457763672,29.690000534057617,28.979999542236328,29.219999313354492,16.469619750976562,135000,False
CIB,2020-11-16,30.079999923706055,31.139999389648438,29.479999542236328,31.1299991607666,17.54617691040039,163200,False
CIB,2020-11-17,30.760000228881836,30.760000228881836,29.459999084472656,29.610000610351562,16.689441680908203,317100,False
CIB,2020-11-18,29.670000076293945,30.65999984741211,29.610000610351562,30.239999771118164,17.044532775878906,429400,False
CIB,2020-11-19,30.0,30.260000228881836,29.6299991607666,29.8700008392334,16.835988998413086,221700,False
CIB,2020-11-20,29.760000228881836,30.3799991607666,29.5,30.18000030517578,17.010717391967773,114600,False
CIB,2020-11-23,30.25,30.649999618530273,30.25,30.389999389648438,17.12908172607422,98900,False
CIB,2020-11-24,31.0,31.43000030517578,30.790000915527344,31.34000015258789,17.664541244506836,243300,False
CIB,2020-11-25,31.350000381469727,31.440000534057617,30.709999084472656,30.850000381469727,17.388357162475586,100000,False
CIB,2020-11-27,30.729999542236328,30.8799991607666,30.299999237060547,30.790000915527344,17.35453987121582,118000,False
CIB,2020-11-30,30.700000762939453,31.299999237060547,30.299999237060547,30.450000762939453,17.162899017333984,459500,False
CIB,2020-12-01,31.040000915527344,32.29999923706055,31.010000228881836,32.29999923706055,18.205636978149414,204400,False
CIB,2020-12-02,32.5,32.959999084472656,32.220001220703125,32.939998626708984,18.566368103027344,150200,False
CIB,2020-12-03,33.0,33.5,32.83000183105469,33.40999984741211,18.83128547668457,256100,False
CIB,2020-12-04,33.52000045776367,35.40999984741211,33.52000045776367,35.220001220703125,19.85147476196289,494600,False
CIB,2020-12-07,35.15999984741211,35.95000076293945,34.630001068115234,35.380001068115234,19.9416561126709,222900,False
CIB,2020-12-08,35.040000915527344,36.209999084472656,35.040000915527344,36.04999923706055,20.319293975830078,148200,False
CIB,2020-12-09,36.18000030517578,37.81999969482422,36.029998779296875,37.34000015258789,21.046390533447266,823100,False
CIB,2020-12-10,37.02000045776367,38.849998474121094,37.02000045776367,38.099998474121094,21.47475814819336,385000,False
CIB,2020-12-11,37.630001068115234,38.65999984741211,37.25,37.88999938964844,21.356395721435547,381700,False
CIB,2020-12-14,38.40999984741211,38.68000030517578,37.83000183105469,38.54999923706055,21.72840118408203,245500,False
CIB,2020-12-15,38.90999984741211,40.7400016784668,38.68000030517578,40.65999984741211,22.917682647705078,462200,False
CIB,2020-12-16,40.70000076293945,40.93000030517578,39.779998779296875,40.81999969482422,23.007869720458984,225900,False
CIB,2020-12-17,40.9900016784668,41.400001525878906,40.52000045776367,41.279998779296875,23.26714515686035,161700,False
CIB,2020-12-18,41.279998779296875,42.0,40.400001525878906,41.97999954223633,23.66168975830078,484800,False
CIB,2020-12-21,41.16999816894531,41.83000183105469,39.599998474121094,39.709999084472656,22.382225036621094,439200,False
CIB,2020-12-22,39.900001525878906,40.709999084472656,39.560001373291016,40.08000183105469,22.590778350830078,347700,False
CIB,2020-12-23,40.31999969482422,40.400001525878906,39.650001525878906,40.040000915527344,22.568227767944336,131000,False
CIB,2020-12-24,40.060001373291016,40.380001068115234,39.810001373291016,40.279998779296875,22.70350456237793,36100,False
CIB,2020-12-28,40.349998474121094,40.7400016784668,40.18000030517578,40.599998474121094,22.88386344909668,90900,False
CIB,2020-12-29,40.279998779296875,40.599998474121094,39.72999954223633,40.5099983215332,23.0145320892334,315400,False
CIB,2020-12-30,40.7599983215332,41.540000915527344,40.7599983215332,40.95000076293945,23.264507293701172,86600,False
CIB,2020-12-31,40.75,40.900001525878906,39.560001373291016,40.18000030517578,22.827058792114258,58700,False
CIB,2021-01-04,40.15999984741211,40.779998779296875,39.40999984741211,39.650001525878906,22.525949478149414,131300,False
CIB,2021-01-05,39.5099983215332,39.58000183105469,39.09000015258789,39.5099983215332,22.4464111328125,125600,False
CIB,2021-01-06,39.90999984741211,40.61000061035156,39.72999954223633,40.2599983215332,22.872499465942383,132000,False
CIB,2021-01-07,40.650001525878906,41.060001373291016,39.68000030517578,39.709999084472656,22.56003761291504,240500,False
CIB,2021-01-08,40.11000061035156,40.11000061035156,39.38999938964844,39.88999938964844,22.66229820251465,237200,False
CIB,2021-01-11,39.36000061035156,39.5,38.380001068115234,38.77000045776367,22.026002883911133,153700,False
CIB,2021-01-12,38.79999923706055,39.90999984741211,38.79999923706055,39.86000061035156,22.645254135131836,304400,False
CIB,2021-01-13,40.0,40.0,39.279998779296875,39.40999984741211,22.389604568481445,91200,False
CIB,2021-01-14,39.5,40.0,39.31999969482422,39.79999923706055,22.61117172241211,194400,False
CIB,2021-01-15,39.349998474121094,39.349998474121094,38.619998931884766,38.7599983215332,22.020326614379883,96500,False
CIB,2021-01-19,38.849998474121094,39.4900016784668,38.47999954223633,38.5,21.872610092163086,200700,False
CIB,2021-01-20,38.79999923706055,38.93000030517578,38.36000061035156,38.810001373291016,22.04872703552246,118500,False
CIB,2021-01-21,38.880001068115234,38.91999816894531,37.04999923706055,37.599998474121094,21.361305236816406,155800,False
CIB,2021-01-22,37.16999816894531,37.16999816894531,36.16999816894531,36.16999816894531,20.548892974853516,240000,False
CIB,2021-01-25,35.939998626708984,36.33000183105469,34.91999816894531,35.060001373291016,19.91828155517578,277800,False
CIB,2021-01-26,35.220001220703125,35.41999816894531,34.34000015258789,34.540000915527344,19.622859954833984,344200,False
CIB,2021-01-27,34.29999923706055,34.529998779296875,33.650001525878906,33.880001068115234,19.247901916503906,315400,False
CIB,2021-01-28,33.95000076293945,35.0,33.95000076293945,34.7599983215332,19.747844696044922,262600,False
CIB,2021-01-29,34.709999084472656,36.18000030517578,34.400001525878906,35.189998626708984,19.99213218688965,341000,False
CIB,2021-02-01,35.540000915527344,36.369998931884766,35.540000915527344,35.869998931884766,20.378456115722656,150400,False
CIB,2021-02-02,36.40999984741211,37.150001525878906,36.40999984741211,36.63999938964844,20.815908432006836,162600,False
CIB,2021-02-03,36.59000015258789,36.959999084472656,36.2400016784668,36.2400016784668,20.588665008544922,123200,False
CIB,2021-02-04,36.34000015258789,36.34000015258789,35.380001068115234,35.959999084472656,20.42958641052246,173600,False
CIB,2021-02-05,36.5,36.86000061035156,36.119998931884766,36.439998626708984,20.702287673950195,128900,False
CIB,2021-02-08,36.810001373291016,37.09000015258789,36.5099983215332,36.7599983215332,20.884084701538086,184800,False
CIB,2021-02-09,36.66999816894531,36.83000183105469,36.150001525878906,36.47999954223633,20.72500991821289,259100,False
CIB,2021-02-10,36.709999084472656,37.15999984741211,36.380001068115234,36.52000045776367,20.747739791870117,114000,False
CIB,2021-02-11,36.630001068115234,36.93000030517578,35.900001525878906,36.04999923706055,20.480716705322266,128400,False
CIB,2021-02-12,36.290000915527344,36.52000045776367,35.86000061035156,36.45000076293945,20.707969665527344,179300,False
CIB,2021-02-16,36.779998779296875,37.0099983215332,35.779998779296875,35.900001525878906,20.3955020904541,330500,False
CIB,2021-02-17,35.7400016784668,36.0099983215332,35.52000045776367,35.880001068115234,20.384143829345703,99500,False
CIB,2021-02-18,35.70000076293945,35.84000015258789,35.29999923706055,35.47999954223633,20.156892776489258,129200,False
CIB,2021-02-19,35.650001525878906,35.72999954223633,34.9900016784668,35.529998779296875,20.1852970123291,177400,False
CIB,2021-02-22,35.25,35.40999984741211,34.90999984741211,35.310001373291016,20.060312271118164,795900,False
CIB,2021-02-23,35.470001220703125,36.0,35.09000015258789,35.790000915527344,20.333009719848633,239500,False
CIB,2021-02-24,35.849998474121094,36.09000015258789,35.459999084472656,35.880001068115234,20.384143829345703,559600,False
CIB,2021-02-25,35.720001220703125,35.720001220703125,33.29999923706055,33.40999984741211,18.980886459350586,786700,False
CIB,2021-02-26,33.20000076293945,33.689998626708984,32.83000183105469,33.45000076293945,19.003612518310547,335200,False
CIB,2021-03-01,33.97999954223633,34.779998779296875,33.91999816894531,34.36000061035156,19.520601272583008,205000,False
CIB,2021-03-02,34.150001525878906,34.150001525878906,33.599998474121094,33.68000030517578,19.13427734375,220000,False
CIB,2021-03-03,33.52000045776367,33.7400016784668,33.34000015258789,33.4900016784668,19.02633285522461,168100,False
CIB,2021-03-04,33.560001373291016,34.15999984741211,33.060001373291016,33.25,18.889984130859375,301500,False
CIB,2021-03-05,33.689998626708984,34.060001373291016,32.9900016784668,33.40999984741211,18.980886459350586,192700,False
CIB,2021-03-08,33.29999923706055,33.58000183105469,32.86000061035156,33.0099983215332,18.753637313842773,187500,False
CIB,2021-03-09,33.209999084472656,34.0,32.900001525878906,33.4900016784668,19.02633285522461,298500,False
CIB,2021-03-10,33.81999969482422,34.16999816894531,33.619998931884766,34.09000015258789,19.367206573486328,194600,False
CIB,2021-03-11,34.310001373291016,34.81999969482422,34.22999954223633,34.540000915527344,19.622859954833984,221400,False
CIB,2021-03-12,34.470001220703125,34.650001525878906,33.9900016784668,34.38999938964844,19.537641525268555,128400,False
CIB,2021-03-15,34.2400016784668,34.68000030517578,34.13999938964844,34.56999969482422,19.639902114868164,217800,False
CIB,2021-03-16,34.61000061035156,34.86000061035156,34.040000915527344,34.119998931884766,19.384244918823242,166800,False
CIB,2021-03-17,33.939998626708984,34.189998626708984,33.810001373291016,34.06999969482422,19.355844497680664,167200,False
CIB,2021-03-18,33.849998474121094,33.900001525878906,33.41999816894531,33.58000183105469,19.077463150024414,179800,False
CIB,2021-03-19,33.5,33.81999969482422,33.15999984741211,33.470001220703125,19.01496696472168,319200,False
CIB,2021-03-22,33.119998931884766,33.18000030517578,32.04999923706055,33.099998474121094,18.804763793945312,243100,False
CIB,2021-03-23,32.93000030517578,33.47999954223633,32.86000061035156,32.91999816894531,18.70250129699707,161300,False
CIB,2021-03-24,33.18000030517578,33.41999816894531,32.61000061035156,32.619998931884766,18.53207015991211,128500,False
CIB,2021-03-25,32.40999984741211,33.040000915527344,32.27000045776367,33.02000045776367,18.759315490722656,127400,False
CIB,2021-03-26,33.29999923706055,33.58000183105469,31.860000610351562,32.06999969482422,18.2195987701416,341500,False
CIB,2021-03-29,31.799999237060547,32.220001220703125,31.34000015258789,32.060001373291016,18.21392059326172,201200,False
CIB,2021-03-30,32.25,32.25,31.6299991607666,31.959999084472656,18.15711212158203,131100,False
CIB,2021-03-31,31.829999923706055,32.400001525878906,31.719999313354492,31.989999771118164,18.174152374267578,237100,False
CIB,2021-04-01,32.09000015258789,32.09000015258789,31.68000030517578,31.979999542236328,18.20888328552246,89800,False
CIB,2021-04-05,32.220001220703125,32.79999923706055,32.06999969482422,32.560001373291016,18.539127349853516,316500,False
CIB,2021-04-06,32.40999984741211,32.720001220703125,32.40999984741211,32.58000183105469,18.55051612854004,104100,False
CIB,2021-04-07,32.61000061035156,33.08000183105469,32.59000015258789,32.79999923706055,18.67578125,88800,False
CIB,2021-04-08,32.83000183105469,33.31999969482422,32.790000915527344,33.220001220703125,18.9149227142334,184400,False
CIB,2021-04-09,33.040000915527344,33.33000183105469,32.970001220703125,33.2400016784668,18.926307678222656,174900,False
CIB,2021-04-12,33.08000183105469,33.5,32.31999969482422,32.45000076293945,18.47649574279785,122400,False
CIB,2021-04-13,32.34000015258789,32.529998779296875,32.02000045776367,32.36000061035156,18.42525291442871,99600,False
CIB,2021-04-14,32.470001220703125,33.220001220703125,32.43000030517578,32.970001220703125,18.7725772857666,180200,False
CIB,2021-04-15,33.09000015258789,33.599998474121094,32.900001525878906,33.560001373291016,19.108510971069336,138600,False
CIB,2021-04-16,33.52000045776367,34.15999984741211,33.4900016784668,33.849998474121094,19.273630142211914,197600,False
CIB,2021-04-19,33.779998779296875,33.779998779296875,32.779998779296875,33.13999938964844,18.869373321533203,207200,False
CIB,2021-04-20,32.90999984741211,32.97999954223633,32.25,32.36000061035156,18.42525291442871,283200,False
CIB,2021-04-21,32.400001525878906,32.84000015258789,32.189998626708984,32.66999816894531,18.601757049560547,252200,False
CIB,2021-04-22,32.689998626708984,32.849998474121094,32.029998779296875,32.13999938964844,18.299985885620117,189600,False
CIB,2021-04-23,32.27000045776367,32.29999923706055,31.6200008392334,31.6200008392334,18.00390625,189800,False
CIB,2021-04-26,31.81999969482422,31.899999618530273,31.5,31.5,17.93558120727539,95600,False
CIB,2021-04-27,31.760000228881836,32.11000061035156,31.43000030517578,31.8700008392334,18.146255493164062,270200,False
CIB,2021-04-28,32.11000061035156,32.400001525878906,31.489999771118164,31.489999771118164,17.929885864257812,183900,False
CIB,2021-04-29,31.600000381469727,31.600000381469727,30.59000015258789,30.850000381469727,17.565481185913086,160900,False
CIB,2021-04-30,30.65999984741211,30.65999984741211,29.860000610351562,29.93000030517578,17.041650772094727,177100,False
CIB,2021-05-03,30.06999969482422,30.389999389648438,28.719999313354492,29.0,16.512121200561523,574300,False
CIB,2021-05-04,28.989999771118164,29.350000381469727,28.219999313354492,28.719999313354492,16.35269546508789,383200,False
CIB,2021-05-05,30.280000686645508,30.40999984741211,28.709999084472656,29.149999618530273,16.5975284576416,346500,False
CIB,2021-05-06,29.1200008392334,30.100000381469727,29.100000381469727,30.100000381469727,17.138444900512695,230100,False
CIB,2021-05-07,30.030000686645508,31.280000686645508,29.989999771118164,30.709999084472656,17.485767364501953,342600,False
CIB,2021-05-10,30.790000915527344,32.16999816894531,30.510000228881836,31.950000762939453,18.191804885864258,416600,False
CIB,2021-05-11,31.530000686645508,31.6299991607666,30.809999465942383,30.8799991607666,17.582561492919922,347400,False
CIB,2021-05-12,30.68000030517578,31.219999313354492,30.290000915527344,30.290000915527344,17.246625900268555,182800,False
CIB,2021-05-13,30.329999923706055,30.809999465942383,30.139999389648438,30.270000457763672,17.235240936279297,187300,False
CIB,2021-05-14,30.530000686645508,31.8799991607666,30.479999542236328,31.81999969482422,18.11778450012207,657000,False
CIB,2021-05-17,31.579999923706055,31.760000228881836,30.579999923706055,30.799999237060547,17.537012100219727,237700,False
CIB,2021-05-18,30.81999969482422,31.420000076293945,30.809999465942383,30.809999465942383,17.54271125793457,330400,False
CIB,2021-05-19,30.440000534057617,30.639999389648438,30.260000228881836,30.469999313354492,17.349117279052734,216200,False
CIB,2021-05-20,30.25,30.25,29.389999389648438,30.0,17.08150291442871,229500,False
CIB,2021-05-21,30.110000610351562,30.450000762939453,29.450000762939453,29.479999542236328,16.78542709350586,120400,False
CIB,2021-05-24,29.579999923706055,29.8700008392334,29.260000228881836,29.459999084472656,16.774038314819336,162700,False
CIB,2021-05-25,29.489999771118164,29.649999618530273,29.06999969482422,29.15999984741211,16.60322380065918,134200,False
CIB,2021-05-26,29.18000030517578,29.440000534057617,29.079999923706055,29.299999237060547,16.682937622070312,87200,False
CIB,2021-05-27,29.459999084472656,30.18000030517578,29.3700008392334,30.0,17.08150291442871,369300,False
CIB,2021-05-28,30.059999465942383,30.690000534057617,29.780000686645508,30.020000457763672,17.0928955078125,129200,False
CIB,2021-06-01,30.290000915527344,30.899999618530273,30.290000915527344,30.770000457763672,17.51993179321289,219100,False
CIB,2021-06-02,30.81999969482422,31.260000228881836,30.489999771118164,30.780000686645508,17.525625228881836,481600,False
CIB,2021-06-03,30.579999923706055,31.479999542236328,30.579999923706055,31.360000610351562,17.855865478515625,326800,False
CIB,2021-06-04,31.5,31.969999313354492,30.969999313354492,31.190000534057617,17.75907325744629,440900,False
CIB,2021-06-07,31.219999313354492,31.280000686645508,30.280000686645508,30.700000762939453,17.480072021484375,331700,False
CIB,2021-06-08,30.5,31.309999465942383,30.420000076293945,31.200000762939453,17.764766693115234,331300,False
CIB,2021-06-09,31.110000610351562,31.520000457763672,31.110000610351562,31.280000686645508,17.810319900512695,516000,False
CIB,2021-06-10,31.389999389648438,31.639999389648438,31.15999984741211,31.280000686645508,17.810319900512695,497100,False
CIB,2021-06-11,31.25,31.309999465942383,30.8700008392334,31.260000228881836,17.798933029174805,260700,False
CIB,2021-06-14,31.270000457763672,31.979999542236328,31.270000457763672,31.420000076293945,17.890033721923828,575500,False
CIB,2021-06-15,31.40999984741211,31.40999984741211,29.709999084472656,30.239999771118164,17.218158721923828,323600,False
CIB,2021-06-16,30.149999618530273,30.579999923706055,29.940000534057617,30.25,17.223854064941406,221600,False
CIB,2021-06-17,30.399999618530273,30.40999984741211,29.450000762939453,29.540000915527344,16.81959342956543,187200,False
CIB,2021-06-18,29.25,29.68000030517578,29.170000076293945,29.170000076293945,16.608919143676758,391900,False
CIB,2021-06-21,29.34000015258789,29.6299991607666,29.229999542236328,29.3700008392334,16.722795486450195,211100,False
CIB,2021-06-22,29.350000381469727,29.350000381469727,28.690000534057617,28.700000762939453,16.341310501098633,222300,False
CIB,2021-06-23,28.780000686645508,29.239999771118164,28.690000534057617,28.770000457763672,16.38116455078125,86500,False
CIB,2021-06-24,28.770000457763672,29.399999618530273,28.770000457763672,29.200000762939453,16.625999450683594,292100,False
CIB,2021-06-25,29.479999542236328,29.709999084472656,29.329999923706055,29.360000610351562,16.71710205078125,207800,False
CIB,2021-06-28,29.139999389648438,29.399999618530273,28.739999771118164,28.889999389648438,16.489927291870117,221500,False
CIB,2021-06-29,28.940000534057617,29.18000030517578,28.280000686645508,28.280000686645508,16.141752243041992,200700,False
CIB,2021-06-30,28.399999618530273,28.829999923706055,28.270000457763672,28.799999237060547,16.438560485839844,210900,False
CIB,2021-07-01,29.0,29.0,28.1200008392334,28.239999771118164,16.118919372558594,195900,False
CIB,2021-07-02,28.219999313354492,29.899999618530273,27.809999465942383,29.75,16.980802536010742,343900,False
CIB,2021-07-06,29.639999389648438,29.729999542236328,28.649999618530273,28.90999984741211,16.501344680786133,202700,False
CIB,2021-07-07,28.75,29.3700008392334,28.399999618530273,29.290000915527344,16.718242645263672,207700,False
CIB,2021-07-08,28.75,29.6299991607666,28.75,29.5,16.83810806274414,299300,False
CIB,2021-07-09,29.700000762939453,30.479999542236328,29.700000762939453,30.299999237060547,17.29473114013672,328000,False
CIB,2021-07-12,30.229999542236328,30.579999923706055,30.0,30.190000534057617,17.231945037841797,200800,False
CIB,2021-07-13,30.149999618530273,30.31999969482422,29.770000457763672,29.8799991607666,17.055004119873047,207400,False
CIB,2021-07-14,30.049999237060547,30.43000030517578,29.790000915527344,30.329999923706055,17.31185531616211,308300,False
CIB,2021-07-15,30.280000686645508,30.520000457763672,29.90999984741211,30.299999237060547,17.29473114013672,423100,False
CIB,2021-07-16,30.43000030517578,30.43000030517578,29.969999313354492,30.139999389648438,17.203407287597656,223100,False
CIB,2021-07-19,29.739999771118164,29.739999771118164,29.079999923706055,29.18000030517578,16.65545654296875,166100,False
CIB,2021-07-20,29.239999771118164,30.360000610351562,29.239999771118164,30.020000457763672,17.134912490844727,146200,False
CIB,2021-07-21,30.209999084472656,30.329999923706055,29.469999313354492,29.489999771118164,16.8323974609375,254900,False
CIB,2021-07-22,29.43000030517578,29.59000015258789,28.969999313354492,29.0,16.552715301513672,200000,False
CIB,2021-07-23,28.969999313354492,29.280000686645508,28.969999313354492,29.020000457763672,16.564130783081055,164300,False
CIB,2021-07-26,29.059999465942383,29.209999084472656,28.899999618530273,29.040000915527344,16.575544357299805,104000,False
CIB,2021-07-27,28.979999542236328,29.1299991607666,28.799999237060547,28.989999771118164,16.54701042175293,197600,False
CIB,2021-07-28,29.049999237060547,29.219999313354492,28.530000686645508,29.059999465942383,16.586957931518555,167100,False
CIB,2021-07-29,29.209999084472656,29.389999389648438,29.059999465942383,29.18000030517578,16.65545654296875,341600,False
CIB,2021-07-30,29.18000030517578,29.31999969482422,28.3799991607666,28.450000762939453,16.238784790039062,249500,False
CIB,2021-08-02,28.959999084472656,29.09000015258789,28.350000381469727,28.530000686645508,16.284448623657227,231800,False
CIB,2021-08-03,28.600000381469727,28.600000381469727,28.030000686645508,28.40999984741211,16.215951919555664,172000,False
CIB,2021-08-04,28.639999389648438,29.3799991607666,28.399999618530273,29.219999313354492,16.678287506103516,228200,False
CIB,2021-08-05,29.520000457763672,29.690000534057617,28.389999389648438,28.389999389648438,16.20453453063965,198800,False
CIB,2021-08-06,28.399999618530273,28.65999984741211,27.639999389648438,27.90999984741211,15.930560111999512,162400,False
CIB,2021-08-09,28.010000228881836,28.229999542236328,27.729999542236328,27.93000030517578,15.941978454589844,104200,False
CIB,2021-08-10,27.959999084472656,28.68000030517578,27.959999084472656,28.68000030517578,16.37006378173828,198000,False
CIB,2021-08-11,28.860000610351562,29.09000015258789,28.75,28.979999542236328,16.541297912597656,101900,False
CIB,2021-08-12,30.989999771118164,31.93000030517578,30.139999389648438,30.399999618530273,17.3518123626709,836800,False
CIB,2021-08-13,30.399999618530273,31.40999984741211,30.399999618530273,31.40999984741211,17.92830467224121,291500,False
CIB,2021-08-16,31.600000381469727,32.0,31.350000381469727,31.760000228881836,18.128076553344727,141400,False
CIB,2021-08-17,31.420000076293945,31.420000076293945,30.889999389648438,31.31999969482422,17.876930236816406,170000,False
CIB,2021-08-18,31.31999969482422,32.959999084472656,31.31999969482422,32.63999938964844,18.6303653717041,309700,False
CIB,2021-08-19,32.4900016784668,32.810001373291016,32.130001068115234,32.79999923706055,18.721691131591797,375800,False
CIB,2021-08-20,32.619998931884766,32.97999954223633,32.29999923706055,32.61000061035156,18.613243103027344,254300,False
CIB,2021-08-23,32.790000915527344,32.9900016784668,32.459999084472656,32.56999969482422,18.590410232543945,199900,False
CIB,2021-08-24,32.849998474121094,32.93000030517578,32.619998931884766,32.7400016784668,18.68744659423828,161200,False
CIB,2021-08-25,32.720001220703125,32.7599983215332,32.349998474121094,32.540000915527344,18.573291778564453,173500,False
CIB,2021-08-26,32.560001373291016,32.59000015258789,31.940000534057617,31.950000762939453,18.236526489257812,109800,False
CIB,2021-08-27,31.940000534057617,32.7400016784668,31.940000534057617,32.7400016784668,18.68744659423828,126300,False
CIB,2021-08-30,32.650001525878906,33.2400016784668,32.47999954223633,33.040000915527344,18.85868263244629,163300,False
CIB,2021-08-31,32.9900016784668,33.29999923706055,32.9900016784668,33.25,18.978544235229492,191100,False
CIB,2021-09-01,33.52000045776367,33.77000045776367,33.209999084472656,33.619998931884766,19.189733505249023,304700,False
CIB,2021-09-02,33.619998931884766,33.619998931884766,32.79999923706055,32.88999938964844,18.773061752319336,215400,False
CIB,2021-09-03,32.88999938964844,33.36000061035156,32.650001525878906,32.959999084472656,18.813018798828125,89000,False
CIB,2021-09-07,32.84000015258789,33.2400016784668,32.63999938964844,32.779998779296875,18.710269927978516,155400,False
CIB,2021-09-08,32.70000076293945,32.90999984741211,32.2599983215332,32.84000015258789,18.744522094726562,159000,False
CIB,2021-09-09,32.63999938964844,32.720001220703125,32.25,32.709999084472656,18.67032241821289,226500,False
CIB,2021-09-10,32.79999923706055,32.849998474121094,32.59000015258789,32.75,18.693153381347656,286200,False
CIB,2021-09-13,32.720001220703125,32.95000076293945,31.889999389648438,32.36000061035156,18.470548629760742,351800,False
CIB,2021-09-14,32.38999938964844,32.38999938964844,31.8799991607666,32.290000915527344,18.430593490600586,124600,False
CIB,2021-09-15,32.34000015258789,32.849998474121094,32.34000015258789,32.709999084472656,18.67032241821289,182500,False
CIB,2021-09-16,32.54999923706055,32.95000076293945,32.29999923706055,32.599998474121094,18.607532501220703,152700,False
CIB,2021-09-17,32.43000030517578,32.7599983215332,32.04999923706055,32.41999816894531,18.504793167114258,694600,False
CIB,2021-09-20,31.989999771118164,32.29999923706055,31.84000015258789,32.189998626708984,18.37351417541504,198800,False
CIB,2021-09-21,32.400001525878906,32.400001525878906,31.690000534057617,31.729999542236328,18.11095428466797,196300,False
CIB,2021-09-22,31.84000015258789,32.2400016784668,31.84000015258789,32.0,18.265066146850586,113200,False
CIB,2021-09-23,32.130001068115234,32.560001373291016,31.920000076293945,32.310001373291016,18.44200897216797,163600,False
CIB,2021-09-24,32.209999084472656,32.5099983215332,32.0099983215332,32.34000015258789,18.459129333496094,282500,False
CIB,2021-09-27,32.47999954223633,34.209999084472656,32.45000076293945,34.13999938964844,19.486541748046875,563700,False
CIB,2021-09-28,33.9900016784668,34.06999969482422,33.25,34.02000045776367,19.456228256225586,388400,False
CIB,2021-09-29,34.11000061035156,34.47999954223633,33.61000061035156,34.380001068115234,19.66211700439453,198000,False
CIB,2021-09-30,34.45000076293945,34.70000076293945,33.97999954223633,34.619998931884766,19.79937171936035,471200,False
CIB,2021-10-01,34.72999954223633,35.400001525878906,34.470001220703125,34.9900016784668,20.0109806060791,378100,False
CIB,2021-10-04,34.880001068115234,35.27000045776367,34.849998474121094,34.9900016784668,20.0109806060791,187500,False
CIB,2021-10-05,35.04999923706055,35.33000183105469,34.709999084472656,35.20000076293945,20.131080627441406,479500,False
CIB,2021-10-06,34.869998931884766,34.959999084472656,34.13999938964844,34.4900016784668,19.725027084350586,282900,False
CIB,2021-10-07,34.709999084472656,35.52000045776367,34.709999084472656,35.31999969482422,20.199705123901367,606200,False
CIB,2021-10-08,35.41999816894531,35.63999938964844,35.16999816894531,35.529998779296875,20.319808959960938,146600,False
CIB,2021-10-11,35.619998931884766,35.689998626708984,35.279998779296875,35.33000183105469,20.205427169799805,195000,False
CIB,2021-10-12,35.380001068115234,35.45000076293945,34.970001220703125,35.0,20.016700744628906,145000,False
CIB,2021-10-13,34.9900016784668,35.5099983215332,34.90999984741211,35.349998474121094,20.21686363220215,502100,False
CIB,2021-10-14,35.61000061035156,36.31999969482422,35.45000076293945,36.279998779296875,20.748735427856445,327900,False
CIB,2021-10-15,36.43000030517578,37.0,36.0,36.7400016784668,21.011816024780273,358300,False
CIB,2021-10-18,36.290000915527344,36.31999969482422,35.88999938964844,36.119998931884766,20.657230377197266,192800,False
CIB,2021-10-19,36.22999954223633,36.70000076293945,36.06999969482422,36.099998474121094,20.645793914794922,211400,False
CIB,2021-10-20,36.060001373291016,36.33000183105469,35.900001525878906,36.09000015258789,20.64007568359375,89700,False
CIB,2021-10-21,35.7599983215332,36.09000015258789,35.470001220703125,35.7400016784668,20.439908981323242,259300,False
CIB,2021-10-22,35.75,36.369998931884766,35.58000183105469,35.59000015258789,20.354122161865234,256400,False
CIB,2021-10-25,35.9900016784668,36.209999084472656,35.540000915527344,35.84000015258789,20.49709701538086,125600,False
CIB,2021-10-26,35.95000076293945,36.439998626708984,35.790000915527344,36.38999938964844,20.811643600463867,186600,False
CIB,2021-10-27,36.290000915527344,36.650001525878906,36.290000915527344,36.38999938964844,20.811643600463867,252300,False
CIB,2021-10-28,36.47999954223633,36.47999954223633,35.970001220703125,36.119998931884766,20.657230377197266,365800,False
CIB,2021-10-29,36.0099983215332,36.119998931884766,35.15999984741211,35.93000030517578,20.54857063293457,632300,False
CIB,2021-11-01,36.0,36.900001525878906,35.869998931884766,36.36000061035156,20.79448890686035,102700,False
CIB,2021-11-02,36.119998931884766,36.25,35.400001525878906,35.61000061035156,20.36556053161621,128300,False
CIB,2021-11-03,35.650001525878906,35.90999984741211,35.20000076293945,35.68000030517578,20.405593872070312,213000,False
CIB,2021-11-04,35.720001220703125,36.029998779296875,34.59000015258789,34.63999938964844,19.810810089111328,208700,False
CIB,2021-11-05,34.720001220703125,35.130001068115234,34.25,34.400001525878906,19.673555374145508,186000,False
CIB,2021-11-08,34.56999969482422,34.689998626708984,34.43000030517578,34.689998626708984,19.839405059814453,103300,False
CIB,2021-11-09,34.630001068115234,34.7400016784668,33.70000076293945,34.13999938964844,19.524856567382812,379500,False
CIB,2021-11-10,34.09000015258789,34.38999938964844,33.27000045776367,33.4900016784668,19.153120040893555,404300,False
CIB,2021-11-11,33.68000030517578,33.83000183105469,33.060001373291016,33.08000183105469,18.918638229370117,216500,False
CIB,2021-11-12,33.08000183105469,33.220001220703125,32.47999954223633,33.119998931884766,18.941513061523438,318900,False
CIB,2021-11-15,33.099998474121094,33.220001220703125,32.45000076293945,32.54999923706055,18.615528106689453,163800,False
CIB,2021-11-16,32.56999969482422,32.63999938964844,32.0,32.04999923706055,18.329574584960938,221000,False
CIB,2021-11-17,31.75,32.0,31.09000015258789,31.399999618530273,17.957836151123047,531700,False
CIB,2021-11-18,31.31999969482422,31.530000686645508,31.110000610351562,31.3700008392334,17.940685272216797,462100,False
CIB,2021-11-19,31.1200008392334,31.479999542236328,30.719999313354492,30.729999542236328,17.574661254882812,175900,False
CIB,2021-11-22,30.93000030517578,31.56999969482422,30.649999618530273,30.729999542236328,17.574661254882812,127900,False
CIB,2021-11-23,30.739999771118164,30.899999618530273,30.31999969482422,30.6299991607666,17.51746940612793,144900,False
CIB,2021-11-24,30.540000915527344,30.700000762939453,30.260000228881836,30.639999389648438,17.52318572998047,194500,False
CIB,2021-11-26,30.110000610351562,30.299999237060547,29.43000030517578,30.219999313354492,17.282989501953125,148600,False
CIB,2021-11-29,30.489999771118164,30.709999084472656,30.170000076293945,30.3799991607666,17.37449073791504,184300,False
CIB,2021-11-30,30.170000076293945,32.13999938964844,30.1200008392334,31.860000610351562,18.220914840698242,569000,False
CIB,2021-12-01,33.150001525878906,35.33000183105469,33.150001525878906,34.29999923706055,19.616363525390625,894100,False
CIB,2021-12-02,34.29999923706055,35.439998626708984,34.29999923706055,35.41999816894531,20.256893157958984,381600,False
CIB,2021-12-03,35.41999816894531,36.279998779296875,35.02000045776367,35.02000045776367,20.028135299682617,394600,False
CIB,2021-12-06,35.130001068115234,35.15999984741211,34.439998626708984,34.65999984741211,19.822250366210938,194600,False
CIB,2021-12-07,34.619998931884766,34.869998931884766,33.54999923706055,33.75,19.301815032958984,267000,False
CIB,2021-12-08,33.779998779296875,33.779998779296875,32.75,33.099998474121094,18.930076599121094,179300,False
CIB,2021-12-09,33.25,33.310001373291016,32.63999938964844,32.97999954223633,18.861448287963867,175700,False
CIB,2021-12-10,33.04999923706055,33.13999938964844,32.56999969482422,32.90999984741211,18.821414947509766,140100,False
CIB,2021-12-13,32.650001525878906,33.13999938964844,31.700000762939453,31.719999313354492,18.14084815979004,220500,False
CIB,2021-12-14,31.700000762939453,31.799999237060547,30.8700008392334,30.969999313354492,17.711917877197266,246600,False
CIB,2021-12-15,31.100000381469727,31.829999923706055,30.81999969482422,31.440000534057617,17.980712890625,226000,False
CIB,2021-12-16,31.6200008392334,32.849998474121094,31.610000610351562,32.81999969482422,18.76994514465332,237100,False
CIB,2021-12-17,32.689998626708984,33.029998779296875,32.2400016784668,32.310001373291016,18.478273391723633,239700,False
CIB,2021-12-20,31.950000762939453,32.369998931884766,31.040000915527344,31.6299991607666,18.089374542236328,139200,False
CIB,2021-12-21,32.13999938964844,32.150001525878906,31.1200008392334,31.229999542236328,17.860612869262695,152700,False
CIB,2021-12-22,31.219999313354492,31.420000076293945,31.09000015258789,31.299999237060547,17.90064239501953,169900,False
CIB,2021-12-23,31.389999389648438,31.969999313354492,31.3700008392334,31.389999389648438,17.952117919921875,146800,False
CIB,2021-12-27,31.68000030517578,31.81999969482422,31.469999313354492,31.65999984741211,18.106531143188477,240200,False
CIB,2021-12-28,31.829999923706055,32.310001373291016,31.729999542236328,31.940000534057617,18.26666831970215,186300,False
CIB,2021-12-29,31.739999771118164,31.889999389648438,31.290000915527344,31.6200008392334,18.12110137939453,142800,False
CIB,2021-12-30,31.479999542236328,32.29999923706055,31.31999969482422,31.610000610351562,18.11536979675293,150900,False
CIB,2021-12-31,31.559999465942383,31.969999313354492,31.459999084472656,31.59000015258789,18.103906631469727,47900,False
CIB,2022-01-03,31.6299991607666,32.209999084472656,31.540000915527344,31.639999389648438,18.13256072998047,320000,False
CIB,2022-01-04,31.68000030517578,31.969999313354492,31.25,31.440000534057617,18.017942428588867,218600,False
CIB,2022-01-05,31.360000610351562,32.0,30.940000534057617,30.950000762939453,17.737131118774414,244500,False
CIB,2022-01-06,31.09000015258789,31.34000015258789,30.079999923706055,30.559999465942383,17.513626098632812,270900,False
CIB,2022-01-07,30.450000762939453,30.920000076293945,30.450000762939453,30.600000381469727,17.53655242919922,204900,False
CIB,2022-01-10,30.700000762939453,30.719999313354492,30.030000686645508,30.43000030517578,17.439125061035156,121000,False
CIB,2022-01-11,30.56999969482422,31.780000686645508,30.399999618530273,31.520000457763672,18.063791275024414,481800,False
CIB,2022-01-12,31.809999465942383,33.0,31.809999465942383,32.58000183105469,18.67127227783203,611800,False
CIB,2022-01-13,32.619998931884766,34.369998931884766,32.560001373291016,33.65999984741211,19.290203094482422,618100,False
CIB,2022-01-14,33.029998779296875,33.63999938964844,32.650001525878906,33.25,19.055238723754883,609500,False
CIB,2022-01-18,34.5,36.75,34.29999923706055,35.529998779296875,20.361881256103516,798500,False
CIB,2022-01-19,35.7400016784668,36.47999954223633,35.20000076293945,36.08000183105469,20.67708396911621,427900,False
CIB,2022-01-20,36.43000030517578,36.43000030517578,35.08000183105469,35.13999938964844,20.13837432861328,383200,False
CIB,2022-01-21,35.13999938964844,35.13999938964844,34.68000030517578,35.040000915527344,20.08106803894043,376900,False
CIB,2022-01-24,34.5099983215332,34.77000045776367,34.310001373291016,34.56999969482422,19.811717987060547,327000,False
CIB,2022-01-25,34.290000915527344,35.11000061035156,34.0,35.029998779296875,20.07533836364746,198600,False
CIB,2022-01-26,35.16999816894531,35.36000061035156,34.72999954223633,34.86000061035156,19.97791290283203,158900,False
CIB,2022-01-27,34.849998474121094,35.119998931884766,34.279998779296875,34.439998626708984,19.73721694946289,116500,False
CIB,2022-01-28,34.380001068115234,35.650001525878906,34.16999816894531,35.560001373291016,20.379074096679688,279100,False
CIB,2022-01-31,35.40999984741211,35.84000015258789,35.08000183105469,35.58000183105469,20.390539169311523,151800,False
CIB,2022-02-01,35.68000030517578,36.150001525878906,35.16999816894531,35.29999923706055,20.230073928833008,176700,False
CIB,2022-02-02,35.2400016784668,35.689998626708984,35.04999923706055,35.59000015258789,20.39626693725586,111600,False
CIB,2022-02-03,35.310001373291016,35.68000030517578,35.150001525878906,35.529998779296875,20.361881256103516,208500,False
CIB,2022-02-04,35.34000015258789,35.599998474121094,35.099998474121094,35.43000030517578,20.30457305908203,171400,False
CIB,2022-02-07,35.400001525878906,35.959999084472656,35.400001525878906,35.93000030517578,20.591115951538086,133500,False
CIB,2022-02-08,35.79999923706055,35.86000061035156,34.86000061035156,35.529998779296875,20.361881256103516,505200,False
CIB,2022-02-09,35.79999923706055,35.880001068115234,35.119998931884766,35.189998626708984,20.16703224182129,98400,False
CIB,2022-02-10,34.93000030517578,35.400001525878906,34.25,34.4900016784668,19.765867233276367,299100,False
CIB,2022-02-11,34.61000061035156,34.81999969482422,33.4900016784668,33.540000915527344,19.221433639526367,473900,False
CIB,2022-02-14,33.349998474121094,34.060001373291016,33.349998474121094,33.869998931884766,19.410551071166992,409700,False
CIB,2022-02-15,34.22999954223633,34.400001525878906,33.70000076293945,34.0099983215332,19.490785598754883,165600,False
CIB,2022-02-16,33.88999938964844,35.029998779296875,33.81999969482422,34.65999984741211,19.863292694091797,143400,False
CIB,2022-02-17,34.459999084472656,35.119998931884766,34.349998474121094,34.40999984741211,19.720022201538086,140100,False
CIB,2022-02-18,34.2400016784668,34.7400016784668,34.04999923706055,34.150001525878906,19.571020126342773,227900,False
CIB,2022-02-22,34.11000061035156,34.619998931884766,33.90999984741211,34.18000030517578,19.588211059570312,159300,False
CIB,2022-02-23,35.720001220703125,36.349998474121094,35.20000076293945,35.25,20.201416015625,441500,False
CIB,2022-02-24,34.560001373291016,34.88999938964844,34.099998474121094,34.849998474121094,19.972183227539062,313300,False
CIB,2022-02-25,35.150001525878906,35.279998779296875,34.75,35.25,20.201416015625,375100,False
CIB,2022-02-28,35.22999954223633,36.470001220703125,35.16999816894531,36.22999954223633,20.763044357299805,781300,False
CIB,2022-03-01,36.290000915527344,37.06999969482422,36.06999969482422,37.02000045776367,21.215784072875977,324800,False
CIB,2022-03-02,37.15999984741211,37.95000076293945,36.790000915527344,37.77000045776367,21.64560317993164,522600,False
CIB,2022-03-03,38.209999084472656,38.779998779296875,37.810001373291016,38.34000015258789,21.972265243530273,767800,False
CIB,2022-03-04,38.18000030517578,38.20000076293945,36.900001525878906,37.849998474121094,21.691450119018555,476300,False
CIB,2022-03-07,37.7400016784668,37.790000915527344,37.08000183105469,37.099998474121094,21.261632919311523,251000,False
CIB,2022-03-08,37.290000915527344,38.290000915527344,37.290000915527344,37.75,21.63414192199707,374300,False
CIB,2022-03-09,37.83000183105469,39.06999969482422,37.83000183105469,39.0,22.35050392150879,538400,False
CIB,2022-03-10,38.77000045776367,38.77000045776367,37.810001373291016,38.11000061035156,21.840456008911133,459400,False
CIB,2022-03-11,38.15999984741211,38.189998626708984,37.560001373291016,37.900001525878906,21.720104217529297,391200,False
CIB,2022-03-14,37.66999816894531,38.47999954223633,37.54999923706055,37.56999969482422,21.53098487854004,371100,False
CIB,2022-03-15,37.54999923706055,37.54999923706055,36.7400016784668,37.209999084472656,21.324674606323242,419100,False
CIB,2022-03-16,37.25,37.61000061035156,37.040000915527344,37.61000061035156,21.553911209106445,441600,False
CIB,2022-03-17,37.83000183105469,38.41999816894531,37.689998626708984,38.0,21.777414321899414,405000,False
CIB,2022-03-18,37.88999938964844,38.790000915527344,37.88999938964844,38.439998626708984,22.029571533203125,767200,False
CIB,2022-03-21,38.63999938964844,40.65999984741211,38.58000183105469,40.43000030517578,23.170021057128906,383000,False
CIB,2022-03-22,40.5,40.5,39.63999938964844,39.880001068115234,22.854822158813477,360200,False
CIB,2022-03-23,40.20000076293945,41.90999984741211,40.189998626708984,41.529998779296875,23.800426483154297,683100,False
CIB,2022-03-24,41.47999954223633,41.72999954223633,41.06999969482422,41.31999969482422,23.680076599121094,385300,False
CIB,2022-03-25,41.099998474121094,41.91999816894531,41.099998474121094,41.75,23.926502227783203,229200,False
CIB,2022-03-28,41.7400016784668,42.56999969482422,40.939998626708984,42.560001373291016,24.390703201293945,363400,False
CIB,2022-03-29,42.599998474121094,43.150001525878906,42.27000045776367,42.66999816894531,24.453739166259766,313000,False
CIB,2022-03-30,42.7599983215332,43.209999084472656,42.470001220703125,42.849998474121094,24.556896209716797,339100,False
CIB,2022-03-31,41.970001220703125,42.66999816894531,41.810001373291016,42.65999984741211,24.929733276367188,371600,False
CIB,2022-04-01,42.7599983215332,43.349998474121094,42.5099983215332,43.34000015258789,25.32711410522461,411400,False
CIB,2022-04-04,43.709999084472656,43.7400016784668,42.41999816894531,42.5,24.836233139038086,299100,False
CIB,2022-04-05,42.470001220703125,43.2400016784668,42.31999969482422,43.02000045776367,25.14011573791504,339000,False
CIB,2022-04-06,42.7599983215332,43.349998474121094,42.59000015258789,42.7599983215332,24.988168716430664,390600,False
CIB,2022-04-07,42.52000045776367,42.849998474121094,42.130001068115234,42.810001373291016,25.01739501953125,415800,False
CIB,2022-04-08,42.9900016784668,43.0099983215332,42.5099983215332,42.880001068115234,25.058298110961914,157000,False
CIB,2022-04-11,42.65999984741211,43.439998626708984,42.31999969482422,43.310001373291016,25.309587478637695,396900,False
CIB,2022-04-12,42.650001525878906,43.33000183105469,42.650001525878906,42.91999816894531,25.0816707611084,306900,False
CIB,2022-04-13,43.0099983215332,43.79999923706055,42.630001068115234,43.7400016784668,25.560876846313477,212900,False
CIB,2022-04-14,43.459999084472656,44.2599983215332,43.380001068115234,43.91999816894531,25.666053771972656,152400,False
CIB,2022-04-18,43.939998626708984,44.33000183105469,43.369998931884766,43.38999938964844,25.356334686279297,153800,False
CIB,2022-04-19,43.209999084472656,43.540000915527344,42.18000030517578,42.5099983215332,24.84207534790039,347100,False
CIB,2022-04-20,42.599998474121094,43.5,42.540000915527344,43.47999954223633,25.408931732177734,255500,False
CIB,2022-04-21,43.5099983215332,43.5099983215332,42.5099983215332,42.63999938964844,24.918052673339844,306800,False
CIB,2022-04-22,42.619998931884766,42.619998931884766,40.81999969482422,40.91999816894531,23.912906646728516,316900,False
CIB,2022-04-25,40.58000183105469,40.58000183105469,38.54999923706055,39.38999938964844,23.01880645751953,273400,False
CIB,2022-04-26,39.29999923706055,40.33000183105469,38.84000015258789,39.119998931884766,22.86102294921875,380300,False
CIB,2022-04-27,39.13999938964844,40.189998626708984,39.02000045776367,39.849998474121094,23.287622451782227,385500,False
CIB,2022-04-28,39.68000030517578,39.68000030517578,39.0099983215332,39.470001220703125,23.06555938720703,102500,False
CIB,2022-04-29,39.439998626708984,39.709999084472656,38.709999084472656,38.77000045776367,22.656494140625,267700,False
CIB,2022-05-02,38.84000015258789,38.93000030517578,38.0099983215332,38.29999923706055,22.38182830810547,314200,False
CIB,2022-05-03,38.47999954223633,39.599998474121094,38.20000076293945,39.52000045776367,23.094776153564453,417100,False
CIB,2022-05-04,39.709999084472656,39.709999084472656,38.9900016784668,39.689998626708984,23.19412612915039,320300,False
CIB,2022-05-05,39.459999084472656,39.459999084472656,37.95000076293945,38.22999954223633,22.340919494628906,336000,False
CIB,2022-05-06,38.16999816894531,38.439998626708984,37.380001068115234,37.54999923706055,21.943540573120117,380800,False
CIB,2022-05-09,37.43000030517578,37.43000030517578,35.959999084472656,36.369998931884766,21.253971099853516,334300,False
CIB,2022-05-10,36.5,37.380001068115234,35.77000045776367,36.63999938964844,21.41175651550293,368100,False
CIB,2022-05-11,36.72999954223633,37.060001373291016,36.41999816894531,36.880001068115234,21.55200958251953,407900,False
CIB,2022-05-12,37.0,37.029998779296875,36.36000061035156,36.77000045776367,21.48772621154785,386800,False
CIB,2022-05-13,36.880001068115234,37.81999969482422,36.540000915527344,37.5,21.91432762145996,382400,False
CIB,2022-05-16,37.41999816894531,38.68000030517578,37.41999816894531,38.099998474121094,22.264957427978516,279000,False
CIB,2022-05-17,38.36000061035156,38.79999923706055,37.630001068115234,38.099998474121094,22.264957427978516,450700,False
CIB,2022-05-18,38.150001525878906,38.27000045776367,36.290000915527344,36.52000045776367,21.341630935668945,498200,False
CIB,2022-05-19,36.56999969482422,36.709999084472656,34.459999084472656,34.459999084472656,20.137805938720703,566600,False
CIB,2022-05-20,34.970001220703125,37.02000045776367,34.79999923706055,36.900001525878906,21.563697814941406,485200,False
CIB,2022-05-23,37.43000030517578,38.290000915527344,37.38999938964844,37.54999923706055,21.943540573120117,365900,False
CIB,2022-05-24,37.0099983215332,38.130001068115234,37.0099983215332,37.599998474121094,21.97276496887207,201400,False
CIB,2022-05-25,37.29999923706055,38.77000045776367,37.27000045776367,38.45000076293945,22.469486236572266,291300,False
CIB,2022-05-26,38.630001068115234,39.58000183105469,38.630001068115234,39.04999923706055,22.82012176513672,282100,False
CIB,2022-05-27,39.20000076293945,40.41999816894531,39.0099983215332,40.38999938964844,23.60318946838379,302700,False
CIB,2022-05-31,43.0,45.97999954223633,43.0,44.90999984741211,26.24459457397461,1704100,True
CIB,2022-06-01,45.0,45.33000183105469,43.959999084472656,44.5,26.005001068115234,598400,False
CIB,2022-06-02,44.5,45.33000183105469,44.20000076293945,45.31999969482422,26.48419761657715,469100,False
CIB,2022-06-03,44.849998474121094,45.33000183105469,44.31999969482422,44.529998779296875,26.02252769470215,391200,False
CIB,2022-06-06,44.29999923706055,44.5,43.75,43.880001068115234,25.642683029174805,307600,False
CIB,2022-06-07,43.4900016784668,43.630001068115234,42.54999923706055,43.38999938964844,25.356334686279297,456000,False
CIB,2022-06-08,43.189998626708984,43.369998931884766,41.72999954223633,41.790000915527344,24.42132568359375,344000,False
CIB,2022-06-09,41.70000076293945,41.70000076293945,40.810001373291016,41.06999969482422,24.000566482543945,405600,False
CIB,2022-06-10,40.709999084472656,40.709999084472656,39.5,39.75,23.229183197021484,584400,False
CIB,2022-06-13,38.689998626708984,38.84000015258789,37.43000030517578,37.5,21.91432762145996,306600,False
CIB,2022-06-14,37.650001525878906,37.97999954223633,37.310001373291016,37.880001068115234,22.136388778686523,268000,False
CIB,2022-06-15,38.15999984741211,38.7400016784668,37.77000045776367,38.380001068115234,22.428585052490234,626200,False
CIB,2022-06-16,37.560001373291016,37.869998931884766,37.150001525878906,37.7400016784668,22.05457878112793,429300,False
CIB,2022-06-17,37.7400016784668,38.0099983215332,37.34000015258789,37.5,21.91432762145996,643200,False
CIB,2022-06-21,33.02000045776367,35.59000015258789,33.02000045776367,35.5099983215332,20.751405715942383,2311300,False
CIB,2022-06-22,34.83000183105469,36.16999816894531,34.59000015258789,34.900001525878906,20.39493179321289,506000,False
CIB,2022-06-23,34.86000061035156,34.93000030517578,33.349998474121094,33.40999984741211,19.52420425415039,777000,False
CIB,2022-06-24,33.650001525878906,34.77000045776367,33.209999084472656,34.18000030517578,19.97417640686035,567500,False
CIB,2022-06-27,34.400001525878906,34.75,33.61000061035156,33.7599983215332,19.728736877441406,410600,False
CIB,2022-06-28,32.9900016784668,33.7599983215332,32.61000061035156,32.900001525878906,19.7077693939209,501300,False
CIB,2022-06-29,32.9900016784668,32.9900016784668,32.18000030517578,32.290000915527344,19.342369079589844,507500,False
CIB,2022-06-30,32.06999969482422,32.06999969482422,30.709999084472656,30.829999923706055,18.467798233032227,373200,False
CIB,2022-07-01,30.510000228881836,31.0,30.290000915527344,30.899999618530273,18.50973129272461,279400,False
CIB,2022-07-05,30.290000915527344,30.93000030517578,29.579999923706055,29.799999237060547,17.850805282592773,399500,False
CIB,2022-07-06,29.229999542236328,29.829999923706055,28.489999771118164,28.809999465942383,17.257776260375977,512300,False
CIB,2022-07-07,29.010000228881836,29.40999984741211,28.670000076293945,28.729999542236328,17.209854125976562,897000,False
CIB,2022-07-08,29.110000610351562,29.3799991607666,28.790000915527344,29.360000610351562,17.587238311767578,842300,False
CIB,2022-07-11,29.1299991607666,29.1299991607666,28.649999618530273,28.760000228881836,17.227827072143555,526600,False
CIB,2022-07-12,28.389999389648438,28.719999313354492,28.1299991607666,28.3700008392334,16.99420928955078,450900,False
CIB,2022-07-13,28.030000686645508,28.559999465942383,27.719999313354492,27.889999389648438,16.70667839050293,404800,False
CIB,2022-07-14,27.459999084472656,27.459999084472656,26.270000457763672,26.34000015258789,15.778199195861816,503800,False
CIB,2022-07-15,26.610000610351562,27.34000015258789,26.399999618530273,27.309999465942383,16.35924530029297,765500,False
CIB,2022-07-18,27.760000228881836,28.100000381469727,27.6299991607666,27.790000915527344,16.646778106689453,326800,False
CIB,2022-07-19,28.010000228881836,28.59000015258789,27.81999969482422,28.540000915527344,17.096040725708008,441200,False
CIB,2022-07-20,28.3700008392334,29.219999313354492,28.3700008392334,29.049999237060547,17.401540756225586,398400,False
CIB,2022-07-21,28.969999313354492,28.969999313354492,27.899999618530273,28.40999984741211,17.01816749572754,293200,False
CIB,2022-07-22,28.610000610351562,29.059999465942383,28.43000030517578,28.59000015258789,17.125991821289062,275800,False
CIB,2022-07-25,28.649999618530273,28.81999969482422,28.3799991607666,28.75,17.22183609008789,144800,False
CIB,2022-07-26,28.260000228881836,28.899999618530273,28.260000228881836,28.649999618530273,17.161935806274414,131800,False
CIB,2022-07-27,28.8799991607666,29.06999969482422,28.219999313354492,29.020000457763672,17.383569717407227,204900,False
CIB,2022-07-28,29.040000915527344,29.729999542236328,28.860000610351562,29.65999984741211,17.76694679260254,255200,False
CIB,2022-07-29,29.469999313354492,30.0,28.959999084472656,28.969999313354492,17.353620529174805,671100,False
CIB,2022-08-01,28.75,29.309999465942383,28.25,28.709999084472656,17.197872161865234,356500,False
CIB,2022-08-02,29.290000915527344,29.6200008392334,28.59000015258789,29.25,17.521343231201172,459300,False
CIB,2022-08-03,29.510000228881836,29.610000610351562,28.780000686645508,28.940000534057617,17.335649490356445,316600,False
CIB,2022-08-04,29.059999465942383,29.309999465942383,28.56999969482422,29.229999542236328,17.50936508178711,480300,False
CIB,2022-08-05,29.020000457763672,29.959999084472656,28.829999923706055,29.940000534057617,17.934669494628906,246800,False
CIB,2022-08-08,30.280000686645508,31.290000915527344,30.200000762939453,31.15999984741211,18.665475845336914,360700,False
CIB,2022-08-09,31.18000030517578,31.5,30.489999771118164,30.670000076293945,18.37195587158203,327300,False
CIB,2022-08-10,31.229999542236328,32.15999984741211,31.06999969482422,31.709999084472656,18.994937896728516,488700,False
CIB,2022-08-11,32.29999923706055,32.65999984741211,31.860000610351562,32.0,19.168655395507812,443700,False
CIB,2022-08-12,32.18000030517578,33.22999954223633,32.150001525878906,32.84000015258789,19.671829223632812,356400,False
CIB,2022-08-15,32.369998931884766,32.459999084472656,32.11000061035156,32.34000015258789,19.3723201751709,137700,False
CIB,2022-08-16,32.29999923706055,33.15999984741211,32.119998931884766,32.43000030517578,19.42622947692871,357100,False
CIB,2022-08-17,32.0,32.279998779296875,31.770000457763672,31.90999984741211,19.1147403717041,450600,False
CIB,2022-08-18,32.08000183105469,32.08000183105469,31.399999618530273,31.579999923706055,18.91706657409668,360500,False
CIB,2022-08-19,31.3700008392334,31.3700008392334,30.850000381469727,30.93000030517578,18.527700424194336,229800,False
CIB,2022-08-22,30.489999771118164,30.489999771118164,29.950000762939453,30.200000762939453,18.090417861938477,199700,False
CIB,2022-08-23,30.280000686645508,30.899999618530273,30.049999237060547,30.079999923706055,18.01853370666504,224600,False
CIB,2022-08-24,30.219999313354492,30.5,29.90999984741211,29.90999984741211,17.916698455810547,222800,False
CIB,2022-08-25,29.850000381469727,30.450000762939453,29.850000381469727,30.3700008392334,18.192249298095703,251700,False
CIB,2022-08-26,30.389999389648438,30.600000381469727,29.809999465942383,30.229999542236328,18.108386993408203,288900,False
CIB,2022-08-29,30.06999969482422,30.1200008392334,29.729999542236328,29.75,17.82085418701172,247300,False
CIB,2022-08-30,29.8799991607666,29.8799991607666,28.75,28.84000015258789,17.27574920654297,269400,False
CIB,2022-08-31,28.950000762939453,28.950000762939453,27.40999984741211,27.450000762939453,16.443111419677734,389200,False
CIB,2022-09-01,27.190000534057617,27.549999237060547,26.729999542236328,27.43000030517578,16.431127548217773,340000,False
CIB,2022-09-02,27.979999542236328,28.6299991607666,27.760000228881836,28.229999542236328,16.91034507751465,254100,False
CIB,2022-09-06,28.18000030517578,28.239999771118164,27.670000076293945,27.93000030517578,16.73063850402832,260100,False
CIB,2022-09-07,27.68000030517578,27.959999084472656,27.270000457763672,27.709999084472656,16.598852157592773,205900,False
CIB,2022-09-08,27.6200008392334,28.059999465942383,27.600000381469727,28.030000686645508,16.790538787841797,148900,False
CIB,2022-09-09,28.43000030517578,29.0,28.350000381469727,28.709999084472656,17.197872161865234,164200,False
CIB,2022-09-12,29.030000686645508,29.350000381469727,28.65999984741211,29.0,17.37158966064453,412700,False
CIB,2022-09-13,28.600000381469727,28.920000076293945,28.0,28.0,16.772571563720703,269000,False
CIB,2022-09-14,28.010000228881836,28.760000228881836,28.010000228881836,28.389999389648438,17.00618553161621,213800,False
CIB,2022-09-15,28.200000762939453,28.65999984741211,27.989999771118164,28.0,16.772571563720703,165900,False
CIB,2022-09-16,27.690000534057617,27.829999923706055,27.290000915527344,27.639999389648438,16.556922912597656,427600,False
CIB,2022-09-19,27.260000228881836,28.219999313354492,27.1200008392334,28.149999618530273,16.862422943115234,258400,False
CIB,2022-09-20,27.969999313354492,28.59000015258789,27.8700008392334,28.360000610351562,16.988218307495117,277900,False
CIB,2022-09-21,28.59000015258789,29.399999618530273,28.020000457763672,28.1200008392334,16.844451904296875,394000,False
CIB,2022-09-22,28.290000915527344,28.3799991607666,27.889999389648438,28.229999542236328,16.91034507751465,309000,False
CIB,2022-09-23,27.790000915527344,27.790000915527344,26.639999389648438,26.829999923706055,16.07171630859375,265800,False
CIB,2022-09-26,26.5,26.790000915527344,24.579999923706055,24.6299991607666,14.753870964050293,366800,False
CIB,2022-09-27,24.780000686645508,25.850000381469727,24.75,24.93000030517578,14.933577537536621,392900,False
CIB,2022-09-28,24.139999389648438,25.459999084472656,24.049999237060547,25.190000534057617,15.550922393798828,282500,False
CIB,2022-09-29,24.850000381469727,24.889999389648438,23.969999313354492,24.799999237060547,15.310157775878906,257300,False
CIB,2022-09-30,24.760000228881836,24.940000534057617,24.229999542236328,24.3700008392334,15.044700622558594,273200,False
CIB,2022-10-03,24.84000015258789,25.899999618530273,24.6299991607666,25.860000610351562,15.964546203613281,234000,False
CIB,2022-10-04,26.15999984741211,27.06999969482422,26.15999984741211,27.020000457763672,16.680665969848633,297900,False
CIB,2022-10-05,26.670000076293945,26.81999969482422,25.989999771118164,26.81999969482422,16.55719757080078,318000,False
CIB,2022-10-06,26.600000381469727,26.719999313354492,26.059999465942383,26.260000228881836,16.211483001708984,227000,False
CIB,2022-10-07,26.149999618530273,26.420000076293945,25.6200008392334,25.860000610351562,15.964546203613281,267200,False
CIB,2022-10-10,25.81999969482422,25.81999969482422,25.1200008392334,25.25,15.58796501159668,193600,False
CIB,2022-10-11,25.100000381469727,25.510000228881836,24.639999389648438,24.799999237060547,15.310157775878906,438700,False
CIB,2022-10-12,24.81999969482422,25.309999465942383,24.649999618530273,24.950000762939453,15.402761459350586,262900,False
CIB,2022-10-13,24.670000076293945,26.1200008392334,24.489999771118164,25.510000228881836,15.7484712600708,280600,False
CIB,2022-10-14,25.520000457763672,25.8700008392334,24.780000686645508,24.81999969482422,15.32250690460205,235300,False
CIB,2022-10-17,25.1200008392334,25.799999237060547,25.1200008392334,25.700000762939453,15.865769386291504,145700,False
CIB,2022-10-18,26.170000076293945,26.209999084472656,25.34000015258789,25.399999618530273,15.68056583404541,288000,False
CIB,2022-10-19,25.420000076293945,25.770000457763672,24.950000762939453,25.079999923706055,15.483016014099121,586500,False
CIB,2022-10-20,25.030000686645508,25.18000030517578,24.600000381469727,24.780000686645508,15.297808647155762,396900,False
CIB,2022-10-21,24.809999465942383,25.09000015258789,24.700000762939453,24.899999618530273,15.371893882751465,277300,False
CIB,2022-10-24,24.770000457763672,25.06999969482422,23.8700008392334,24.1200008392334,14.890366554260254,253700,False
CIB,2022-10-25,24.1200008392334,25.100000381469727,23.860000610351562,24.010000228881836,14.822455406188965,519300,False
CIB,2022-10-26,24.1200008392334,24.56999969482422,24.09000015258789,24.1200008392334,14.890366554260254,212400,False
CIB,2022-10-27,24.299999237060547,25.139999389648438,24.299999237060547,25.010000228881836,15.439802169799805,280500,False
CIB,2022-10-28,25.15999984741211,25.770000457763672,25.15999984741211,25.420000076293945,15.692911148071289,356300,False
CIB,2022-10-31,25.079999923706055,25.65999984741211,25.0,25.3700008392334,15.662044525146484,260700,False
CIB,2022-11-01,25.799999237060547,26.049999237060547,25.389999389648438,25.420000076293945,15.692911148071289,289400,False
CIB,2022-11-02,25.31999969482422,25.719999313354492,24.969999313354492,25.18000030517578,15.544748306274414,200400,False
CIB,2022-11-03,24.610000610351562,24.969999313354492,24.280000686645508,24.329999923706055,15.020007133483887,310300,False
CIB,2022-11-04,24.780000686645508,25.040000915527344,24.489999771118164,24.81999969482422,15.32250690460205,167100,False
CIB,2022-11-07,24.899999618530273,25.3700008392334,24.780000686645508,25.18000030517578,15.544748306274414,187800,False
CIB,2022-11-08,25.1299991607666,25.389999389648438,24.6200008392334,25.290000915527344,15.61265754699707,368900,False
CIB,2022-11-09,25.270000457763672,26.079999923706055,25.209999084472656,25.809999465942383,15.933676719665527,232600,False
CIB,2022-11-10,26.059999465942383,27.270000457763672,26.059999465942383,26.540000915527344,16.38433837890625,410900,False
CIB,2022-11-11,26.860000610351562,26.959999084472656,25.940000534057617,26.200000762939453,16.174442291259766,220400,False
CIB,2022-11-14,26.09000015258789,26.209999084472656,25.6299991607666,25.739999771118164,15.890460968017578,331800,False
CIB,2022-11-15,26.149999618530273,26.540000915527344,25.920000076293945,26.040000915527344,16.075666427612305,336400,False
CIB,2022-11-16,26.040000915527344,26.15999984741211,25.43000030517578,25.450000762939453,15.711434364318848,159000,False
CIB,2022-11-17,25.010000228881836,25.459999084472656,24.959999084472656,25.450000762939453,15.711434364318848,348700,False
CIB,2022-11-18,25.649999618530273,25.68000030517578,25.229999542236328,25.399999618530273,15.68056583404541,237300,False
CIB,2022-11-21,25.31999969482422,25.559999465942383,25.0,25.049999237060547,15.464495658874512,240400,False
CIB,2022-11-22,25.09000015258789,26.010000228881836,25.09000015258789,25.8799991607666,15.976889610290527,346900,False
CIB,2022-11-23,25.8799991607666,26.670000076293945,25.8799991607666,26.510000228881836,16.36581802368164,260900,False
CIB,2022-11-25,26.65999984741211,26.90999984741211,26.299999237060547,26.389999389648438,16.291736602783203,67300,False
CIB,2022-11-28,26.209999084472656,26.299999237060547,25.200000762939453,25.209999084472656,15.56326961517334,558900,False
CIB,2022-11-29,25.399999618530273,25.829999923706055,25.399999618530273,25.549999237060547,15.77316665649414,422200,False
CIB,2022-11-30,25.540000915527344,26.90999984741211,25.540000915527344,26.600000381469727,16.4213809967041,1013300,False
CIB,2022-12-01,26.690000534057617,27.479999542236328,26.5,26.670000076293945,16.46459197998047,358800,False
CIB,2022-12-02,26.5,26.6200008392334,26.200000762939453,26.389999389648438,16.291736602783203,238500,False
CIB,2022-12-05,26.399999618530273,26.40999984741211,25.06999969482422,25.15999984741211,15.532402992248535,401000,False
CIB,2022-12-06,25.190000534057617,26.399999618530273,25.190000534057617,26.299999237060547,16.236175537109375,382000,False
CIB,2022-12-07,26.280000686645508,26.530000686645508,25.75,25.75,15.896637916564941,320600,False
CIB,2022-12-08,25.670000076293945,25.790000915527344,25.219999313354492,25.670000076293945,15.847248077392578,446900,False
CIB,2022-12-09,25.729999542236328,26.649999618530273,25.729999542236328,26.5,16.35964584350586,103900,False
CIB,2022-12-12,26.549999237060547,26.6200008392334,25.59000015258789,25.850000381469727,15.958370208740234,316700,False
CIB,2022-12-13,26.520000457763672,26.829999923706055,26.239999771118164,26.610000610351562,16.427555084228516,255900,False
CIB,2022-12-14,26.649999618530273,26.649999618530273,25.610000610351562,25.780000686645508,15.915157318115234,416200,False
CIB,2022-12-15,25.709999084472656,26.489999771118164,25.610000610351562,25.889999389648438,15.983063697814941,391000,False
CIB,2022-12-16,26.299999237060547,26.43000030517578,25.920000076293945,26.170000076293945,16.15592384338379,360900,False
CIB,2022-12-19,26.219999313354492,26.420000076293945,25.709999084472656,25.8799991607666,15.976889610290527,143900,False
CIB,2022-12-20,25.899999618530273,26.610000610351562,25.899999618530273,26.530000686645508,16.3781681060791,302300,False
CIB,2022-12-21,26.709999084472656,27.579999923706055,26.510000228881836,27.520000457763672,16.989337921142578,362300,False
CIB,2022-12-22,27.420000076293945,27.450000762939453,26.59000015258789,27.020000457763672,16.680665969848633,164900,False
CIB,2022-12-23,27.049999237060547,28.0,27.049999237060547,28.0,17.28566551208496,133200,False
CIB,2022-12-27,28.059999465942383,28.06999969482422,27.31999969482422,27.329999923706055,16.872039794921875,125300,False
CIB,2022-12-28,27.219999313354492,27.670000076293945,27.100000381469727,27.510000228881836,16.983163833618164,132200,False
CIB,2022-12-29,27.34000015258789,28.270000457763672,26.860000610351562,28.0,17.706605911254883,265500,False
CIB,2022-12-30,27.950000762939453,28.56999969482422,27.729999542236328,28.540000915527344,18.0480899810791,252600,False
CIB,2023-01-03,28.540000915527344,28.540000915527344,27.1299991607666,27.15999984741211,17.17540740966797,236600,False
CIB,2023-01-04,27.40999984741211,27.959999084472656,26.950000762939453,27.899999618530273,17.64336585998535,426800,False
CIB,2023-01-05,27.920000076293945,28.040000915527344,27.6200008392334,27.959999084472656,17.681310653686523,430100,False
CIB,2023-01-06,28.1200008392334,28.559999465942383,28.020000457763672,28.479999542236328,18.01014518737793,230500,False
CIB,2023-01-09,29.110000610351562,29.1200008392334,28.6200008392334,28.790000915527344,18.206186294555664,154700,False
CIB,2023-01-10,28.829999923706055,28.899999618530273,28.450000762939453,28.760000228881836,18.18721580505371,207800,False
CIB,2023-01-11,28.790000915527344,29.270000457763672,28.790000915527344,29.209999084472656,18.471782684326172,303800,False
CIB,2023-01-12,29.6299991607666,29.6299991607666,29.219999313354492,29.389999389648438,18.58561134338379,276000,False
CIB,2023-01-13,29.399999618530273,29.670000076293945,29.270000457763672,29.670000076293945,18.762678146362305,350700,False
CIB,2023-01-17,29.770000457763672,29.829999923706055,29.139999389648438,29.139999389648438,18.42751693725586,295800,False
CIB,2023-01-18,29.200000762939453,29.690000534057617,28.920000076293945,29.049999237060547,18.370603561401367,364300,False
CIB,2023-01-19,28.799999237060547,29.510000228881836,28.600000381469727,29.489999771118164,18.648847579956055,206300,False
CIB,2023-01-20,29.56999969482422,30.049999237060547,29.40999984741211,30.030000686645508,18.99033546447754,255700,False
CIB,2023-01-23,30.15999984741211,30.450000762939453,30.059999465942383,30.350000381469727,19.19269561767578,151900,False
CIB,2023-01-24,30.110000610351562,30.56999969482422,30.100000381469727,30.459999084472656,19.262256622314453,310900,False
CIB,2023-01-25,30.200000762939453,30.360000610351562,29.940000534057617,30.290000915527344,19.154752731323242,228800,False
CIB,2023-01-26,30.56999969482422,30.889999389648438,30.309999465942383,30.8799991607666,19.527854919433594,185300,False
CIB,2023-01-27,30.799999237060547,30.799999237060547,30.1200008392334,30.40999984741211,19.23063850402832,263300,False
CIB,2023-01-30,30.200000762939453,30.200000762939453,29.6200008392334,29.68000030517578,18.76900291442871,216300,False
CIB,2023-01-31,29.729999542236328,30.440000534057617,29.540000915527344,30.25,19.129457473754883,527400,False
CIB,2023-02-01,30.200000762939453,30.68000030517578,29.489999771118164,29.920000076293945,18.920772552490234,568100,False
CIB,2023-02-02,30.170000076293945,30.25,28.989999771118164,29.059999465942383,18.376924514770508,554200,False
CIB,2023-02-03,29.0,29.549999237060547,29.0,29.280000686645508,18.516050338745117,417300,False
CIB,2023-02-06,29.010000228881836,29.190000534057617,28.510000228881836,29.09000015258789,18.395898818969727,221400,False
CIB,2023-02-07,29.229999542236328,29.270000457763672,28.799999237060547,29.06999969482422,18.383251190185547,233400,False
CIB,2023-02-08,29.1200008392334,29.239999771118164,28.850000381469727,29.1299991607666,18.421194076538086,201100,False
CIB,2023-02-09,29.25,29.25,28.260000228881836,28.280000686645508,17.8836727142334,158300,False
CIB,2023-02-10,28.5,28.5,27.899999618530273,28.06999969482422,17.750871658325195,300000,False
CIB,2023-02-13,28.239999771118164,28.670000076293945,27.979999542236328,28.610000610351562,18.092355728149414,374700,False
CIB,2023-02-14,28.540000915527344,28.75,28.25,28.530000686645508,18.04176902770996,434000,False
CIB,2023-02-15,28.31999969482422,28.790000915527344,26.65999984741211,27.149999618530273,17.169082641601562,573300,False
CIB,2023-02-16,27.149999618530273,27.299999237060547,26.6299991607666,27.100000381469727,17.137466430664062,421400,False
CIB,2023-02-17,27.06999969482422,27.18000030517578,26.729999542236328,26.760000228881836,16.922454833984375,221800,False
CIB,2023-02-21,26.770000457763672,26.850000381469727,25.770000457763672,25.780000686645508,16.302722930908203,448000,False
CIB,2023-02-22,25.93000030517578,25.969999313354492,25.280000686645508,25.299999237060547,15.999181747436523,634900,False
CIB,2023-02-23,25.43000030517578,26.25,25.43000030517578,25.8700008392334,16.35964012145996,278100,False
CIB,2023-02-24,25.729999542236328,26.549999237060547,24.829999923706055,25.600000381469727,16.188894271850586,652000,False
CIB,2023-02-27,25.790000915527344,26.350000381469727,25.790000915527344,26.170000076293945,16.549354553222656,432300,False
CIB,2023-02-28,26.459999084472656,26.559999465942383,25.469999313354492,25.559999465942383,16.163599014282227,877100,False
CIB,2023-03-01,25.56999969482422,26.09000015258789,25.420000076293945,25.969999313354492,16.422874450683594,464200,False
CIB,2023-03-02,25.799999237060547,25.989999771118164,25.5,25.600000381469727,16.188894271850586,283300,False
CIB,2023-03-03,25.729999542236328,26.6200008392334,25.600000381469727,26.5,16.758039474487305,370100,False
CIB,2023-03-06,26.510000228881836,27.1299991607666,26.420000076293945,26.780000686645508,16.935104370117188,262200,False
CIB,2023-03-07,26.780000686645508,26.780000686645508,26.290000915527344,26.469999313354492,16.739063262939453,277900,False
CIB,2023-03-08,26.719999313354492,26.940000534057617,26.450000762939453,26.549999237060547,16.789655685424805,166500,False
CIB,2023-03-09,26.579999923706055,26.639999389648438,25.799999237060547,25.920000076293945,16.391258239746094,352900,False
CIB,2023-03-10,25.790000915527344,26.25,25.540000915527344,25.709999084472656,16.25845718383789,194200,False
CIB,2023-03-13,25.260000228881836,25.260000228881836,23.889999389648438,23.950000762939453,15.14547061920166,409000,False
CIB,2023-03-14,24.440000534057617,24.649999618530273,23.739999771118164,23.770000457763672,15.031645774841309,516600,False
CIB,2023-03-15,23.18000030517578,23.18000030517578,21.8700008392334,22.260000228881836,14.076750755310059,612400,False
CIB,2023-03-16,22.1200008392334,23.399999618530273,21.549999237060547,23.15999984741211,14.645891189575195,658200,False
CIB,2023-03-17,22.969999313354492,23.110000610351562,22.280000686645508,22.549999237060547,14.260140419006348,434000,False
CIB,2023-03-20,22.770000457763672,23.229999542236328,22.579999923706055,22.809999465942383,14.424559593200684,225300,False
CIB,2023-03-21,23.3700008392334,23.719999313354492,23.200000762939453,23.350000381469727,14.766043663024902,375100,False
CIB,2023-03-22,23.3700008392334,23.8799991607666,23.15999984741211,23.170000076293945,14.652215003967285,223800,False
CIB,2023-03-23,23.520000457763672,23.59000015258789,22.360000610351562,22.59000015258789,14.285435676574707,374900,False
CIB,2023-03-24,22.360000610351562,23.09000015258789,22.190000534057617,22.940000534057617,14.506769180297852,424100,False
CIB,2023-03-27,23.260000228881836,23.920000076293945,22.950000762939453,23.690000534057617,14.981054306030273,415900,False
CIB,2023-03-28,23.719999313354492,24.579999923706055,23.719999313354492,24.219999313354492,15.316213607788086,347600,False
CIB,2023-03-29,24.479999542236328,24.979999542236328,24.34000015258789,24.81999969482422,15.695642471313477,499900,False
CIB,2023-03-30,24.489999771118164,24.81999969482422,24.459999084472656,24.670000076293945,16.075536727905273,321700,False
CIB,2023-03-31,24.989999771118164,25.5,24.799999237060547,25.1299991607666,16.375282287597656,597000,False
CIB,2023-04-03,25.530000686645508,26.079999923706055,25.450000762939453,25.790000915527344,16.80535316467285,368000,False
CIB,2023-04-04,25.799999237060547,26.489999771118164,25.68000030517578,25.860000610351562,16.850969314575195,569800,False
CIB,2023-04-05,25.760000228881836,26.010000228881836,25.360000610351562,25.889999389648438,16.870515823364258,232500,False
CIB,2023-04-06,25.959999084472656,26.1200008392334,25.520000457763672,25.959999084472656,16.916128158569336,138000,False
CIB,2023-04-10,25.780000686645508,26.309999465942383,25.780000686645508,26.200000762939453,17.072521209716797,154500,False
CIB,2023-04-11,26.350000381469727,27.079999923706055,26.299999237060547,26.93000030517578,17.548206329345703,225100,False
CIB,2023-04-12,27.229999542236328,27.719999313354492,27.1299991607666,27.489999771118164,17.913114547729492,217300,False
CIB,2023-04-13,27.690000534057617,28.420000076293945,27.579999923706055,28.299999237060547,18.440927505493164,335400,False
CIB,2023-04-14,28.479999542236328,29.1200008392334,28.40999984741211,28.979999542236328,18.884031295776367,348100,False
CIB,2023-04-17,28.940000534057617,29.229999542236328,28.600000381469727,28.959999084472656,18.87099838256836,397100,False
CIB,2023-04-18,29.170000076293945,29.5,28.899999618530273,29.450000762939453,19.190296173095703,438000,False
CIB,2023-04-19,29.440000534057617,29.450000762939453,28.5,28.5,18.571252822875977,328700,False
CIB,2023-04-20,28.219999313354492,28.530000686645508,27.790000915527344,28.219999313354492,18.388795852661133,427900,False
CIB,2023-04-21,28.18000030517578,28.18000030517578,27.610000610351562,27.780000686645508,18.10208511352539,203400,False
CIB,2023-04-24,27.790000915527344,28.040000915527344,27.700000762939453,27.950000762939453,18.212862014770508,229400,False
CIB,2023-04-25,27.610000610351562,27.959999084472656,26.5,26.799999237060547,17.463491439819336,276900,False
CIB,2023-04-26,26.75,27.149999618530273,25.719999313354492,25.729999542236328,16.766258239746094,575300,False
CIB,2023-04-27,25.0,25.139999389648438,23.8700008392334,23.989999771118164,15.632431030273438,758000,False
CIB,2023-04-28,23.75,24.600000381469727,23.75,24.5,15.964759826660156,568400,False
CIB,2023-05-01,24.229999542236328,24.31999969482422,23.260000228881836,23.6200008392334,15.391331672668457,360600,False
CIB,2023-05-02,23.600000381469727,23.90999984741211,23.360000610351562,23.709999084472656,15.44997787475586,517800,False
CIB,2023-05-03,23.600000381469727,24.389999389648438,23.540000915527344,23.540000915527344,15.339202880859375,423300,False
CIB,2023-05-04,23.389999389648438,24.030000686645508,23.309999465942383,23.729999542236328,15.463010787963867,616500,False
CIB,2023-05-05,24.18000030517578,25.389999389648438,23.920000076293945,24.989999771118164,16.284053802490234,748000,False
CIB,2023-05-08,25.31999969482422,25.31999969482422,24.799999237060547,25.0,16.290573120117188,303100,False
CIB,2023-05-09,24.850000381469727,25.020000457763672,24.420000076293945,24.43000030517578,15.919145584106445,312600,False
CIB,2023-05-10,24.739999771118164,24.84000015258789,24.3700008392334,24.469999313354492,15.945209503173828,310400,False
CIB,2023-05-11,24.270000457763672,24.610000610351562,23.979999542236328,24.170000076293945,15.749725341796875,650700,False
CIB,2023-05-12,24.31999969482422,24.790000915527344,24.200000762939453,24.610000610351562,16.03643798828125,446000,False
CIB,2023-05-15,24.709999084472656,25.15999984741211,24.479999542236328,24.889999389648438,16.21889305114746,307900,False
CIB,2023-05-16,24.84000015258789,25.079999923706055,24.100000381469727,24.100000381469727,15.704111099243164,238400,False
CIB,2023-05-17,24.350000381469727,24.520000457763672,23.899999618530273,24.1299991607666,15.72365951538086,236800,False
CIB,2023-05-18,24.079999923706055,24.079999923706055,23.5,23.799999237060547,15.508622169494629,263700,False
CIB,2023-05-19,23.90999984741211,24.149999618530273,23.610000610351562,23.729999542236328,15.463010787963867,140600,False
CIB,2023-05-22,23.8700008392334,24.549999237060547,23.850000381469727,24.360000610351562,15.87353515625,155000,False
CIB,2023-05-23,24.40999984741211,24.709999084472656,24.170000076293945,24.25,15.801855087280273,281800,False
CIB,2023-05-24,24.06999969482422,24.280000686645508,23.739999771118164,24.139999389648438,15.730175018310547,183900,False
CIB,2023-05-25,24.170000076293945,24.520000457763672,23.719999313354492,23.780000686645508,15.495593070983887,310700,False
CIB,2023-05-26,24.100000381469727,24.200000762939453,23.489999771118164,24.059999465942383,15.678047180175781,192600,False
CIB,2023-05-30,24.139999389648438,24.139999389648438,23.1200008392334,23.75,15.476042747497559,355800,False
CIB,2023-05-31,23.75,23.860000610351562,23.329999923706055,23.40999984741211,15.25449275970459,367400,False
CIB,2023-06-01,23.549999237060547,24.75,23.440000534057617,24.65999984741211,16.06901741027832,326000,False
CIB,2023-06-02,25.09000015258789,26.149999618530273,25.09000015258789,25.989999771118164,16.93567657470703,403300,False
CIB,2023-06-05,25.989999771118164,26.829999923706055,25.6299991607666,26.440000534057617,17.228910446166992,251800,False
CIB,2023-06-06,26.3799991607666,29.010000228881836,26.270000457763672,28.65999984741211,18.675512313842773,887000,False
CIB,2023-06-07,28.90999984741211,29.229999542236328,28.5,28.610000610351562,18.64293098449707,599600,False
CIB,2023-06-08,28.65999984741211,29.149999618530273,28.59000015258789,28.709999084472656,18.708093643188477,357900,False
CIB,2023-06-09,28.6299991607666,29.0,28.3799991607666,28.75,18.734159469604492,309100,False
CIB,2023-06-12,28.760000228881836,28.760000228881836,27.709999084472656,28.299999237060547,18.440927505493164,387500,False
CIB,2023-06-13,28.190000534057617,28.43000030517578,27.700000762939453,27.799999237060547,18.115114212036133,314900,False
CIB,2023-06-14,27.799999237060547,28.030000686645508,27.549999237060547,27.780000686645508,18.10208511352539,205800,False
CIB,2023-06-15,27.780000686645508,28.280000686645508,27.780000686645508,28.190000534057617,18.36924934387207,225500,False
CIB,2023-06-16,28.360000610351562,28.399999618530273,27.420000076293945,27.459999084472656,17.89356231689453,319500,False
CIB,2023-06-20,27.459999084472656,27.639999389648438,27.079999923706055,27.290000915527344,17.78278923034668,306700,False
CIB,2023-06-21,27.34000015258789,27.8700008392334,27.270000457763672,27.59000015258789,17.9782772064209,438500,False
CIB,2023-06-22,27.43000030517578,27.450000762939453,26.989999771118164,27.020000457763672,17.606847763061523,213500,False
CIB,2023-06-23,26.799999237060547,26.799999237060547,26.229999542236328,26.280000686645508,17.124650955200195,201100,False
CIB,2023-06-26,26.280000686645508,26.719999313354492,26.229999542236328,26.579999923706055,17.32013511657715,215400,False
CIB,2023-06-27,26.729999542236328,27.049999237060547,26.579999923706055,26.860000610351562,17.502592086791992,216600,False
CIB,2023-06-28,26.809999465942383,27.3799991607666,26.6200008392334,27.309999465942383,17.795820236206055,180700,False
CIB,2023-06-29,26.59000015258789,27.079999923706055,26.399999618530273,26.610000610351562,17.898059844970703,259500,False
CIB,2023-06-30,26.829999923706055,26.829999923706055,26.389999389648438,26.68000030517578,17.945140838623047,212100,False
CIB,2023-07-03,26.770000457763672,26.920000076293945,26.5,26.719999313354492,17.972043991088867,195000,False
CIB,2023-07-05,26.75,27.079999923706055,26.399999618530273,26.40999984741211,17.76353645324707,323000,False
CIB,2023-07-06,26.170000076293945,26.219999313354492,25.299999237060547,25.600000381469727,17.218725204467773,358300,False
CIB,2023-07-07,25.639999389648438,26.860000610351562,25.639999389648438,26.709999084472656,17.96531867980957,220000,False
CIB,2023-07-10,26.479999542236328,26.8700008392334,26.399999618530273,26.84000015258789,18.052759170532227,261900,False
CIB,2023-07-11,26.979999542236328,27.18000030517578,26.709999084472656,27.100000381469727,18.227636337280273,243600,False
CIB,2023-07-12,27.600000381469727,27.700000762939453,27.25,27.540000915527344,18.52358055114746,256000,False
CIB,2023-07-13,27.780000686645508,28.75,27.760000228881836,28.729999542236328,19.32398223876953,267100,False
CIB,2023-07-14,29.110000610351562,29.110000610351562,28.540000915527344,28.690000534057617,19.29707908630371,290600,False
CIB,2023-07-17,28.65999984741211,29.309999465942383,28.6200008392334,29.270000457763672,19.687191009521484,232000,False
CIB,2023-07-18,29.440000534057617,30.09000015258789,29.3799991607666,29.549999237060547,19.875520706176758,202600,False
CIB,2023-07-19,29.84000015258789,30.299999237060547,29.760000228881836,29.950000762939453,20.144563674926758,323100,False
CIB,2023-07-20,29.889999389648438,29.979999542236328,29.459999084472656,29.90999984741211,20.117658615112305,182700,False
CIB,2023-07-21,30.040000915527344,30.049999237060547,29.639999389648438,29.93000030517578,20.131113052368164,163800,False
CIB,2023-07-24,30.0,30.100000381469727,29.639999389648438,29.81999969482422,20.0571231842041,183700,False
CIB,2023-07-25,29.510000228881836,29.799999237060547,29.40999984741211,29.600000381469727,19.909151077270508,169900,False
CIB,2023-07-26,29.600000381469727,29.93000030517578,29.600000381469727,29.75,20.010040283203125,186800,False
CIB,2023-07-27,29.65999984741211,30.06999969482422,29.6200008392334,29.780000686645508,20.03022003173828,321700,False
CIB,2023-07-28,30.149999618530273,30.399999618530273,30.06999969482422,30.09000015258789,20.23872947692871,195500,False
CIB,2023-07-31,30.170000076293945,30.6299991607666,30.110000610351562,30.559999465942383,20.554851531982422,227100,False
CIB,2023-08-01,30.450000762939453,30.450000762939453,29.739999771118164,29.90999984741211,20.117658615112305,463000,False
CIB,2023-08-02,29.770000457763672,29.770000457763672,28.510000228881836,28.600000381469727,19.236543655395508,456800,False
CIB,2023-08-03,28.469999313354492,28.959999084472656,28.270000457763672,28.770000457763672,19.350887298583984,231900,False
CIB,2023-08-04,28.829999923706055,29.719999313354492,28.829999923706055,29.40999984741211,19.781354904174805,137400,False
CIB,2023-08-07,29.43000030517578,29.770000457763672,29.360000610351562,29.469999313354492,19.821712493896484,76000,False
CIB,2023-08-08,28.8799991607666,29.399999618530273,28.59000015258789,29.260000228881836,19.68046760559082,182400,False
CIB,2023-08-09,29.1200008392334,29.40999984741211,28.809999465942383,28.93000030517578,19.45850372314453,469700,False
CIB,2023-08-10,27.139999389648438,28.8799991607666,27.139999389648438,28.6200008392334,19.249996185302734,726100,False
CIB,2023-08-11,28.309999465942383,28.860000610351562,27.719999313354492,28.200000762939453,18.96750259399414,461600,False
CIB,2023-08-14,28.059999465942383,28.06999969482422,27.700000762939453,27.75,18.664827346801758,184500,False
CIB,2023-08-15,27.549999237060547,27.610000610351562,26.68000030517578,26.729999542236328,17.978769302368164,353700,False
CIB,2023-08-16,26.739999771118164,27.479999542236328,26.719999313354492,27.229999542236328,18.31507110595703,403700,False
CIB,2023-08-17,27.540000915527344,27.65999984741211,27.100000381469727,27.1299991607666,18.247812271118164,236800,False
CIB,2023-08-18,26.75,27.309999465942383,26.75,27.15999984741211,18.26799201965332,269700,False
CIB,2023-08-21,27.270000457763672,27.469999313354492,27.15999984741211,27.389999389648438,18.422691345214844,108400,False
CIB,2023-08-22,27.510000228881836,27.610000610351562,27.010000228881836,27.030000686645508,18.180553436279297,187100,False
CIB,2023-08-23,27.059999465942383,27.549999237060547,26.81999969482422,27.420000076293945,18.442867279052734,169300,False
CIB,2023-08-24,27.350000381469727,27.6200008392334,27.059999465942383,27.200000762939453,18.294897079467773,171900,False
CIB,2023-08-25,27.299999237060547,27.299999237060547,26.700000762939453,27.020000457763672,18.173826217651367,207500,False
CIB,2023-08-28,27.229999542236328,27.459999084472656,27.110000610351562,27.389999389648438,18.422691345214844,151100,False
CIB,2023-08-29,27.40999984741211,27.709999084472656,27.290000915527344,27.6299991607666,18.584115982055664,204100,False
CIB,2023-08-30,27.200000762939453,27.600000381469727,27.170000076293945,27.360000610351562,18.40251350402832,183500,False
CIB,2023-08-31,27.489999771118164,27.489999771118164,26.670000076293945,26.700000762939453,17.95859146118164,303600,False
CIB,2023-09-01,26.940000534057617,27.280000686645508,26.440000534057617,27.110000610351562,18.234363555908203,284100,False
CIB,2023-09-05,26.899999618530273,26.899999618530273,25.260000228881836,25.450000762939453,17.11783218383789,463200,False
CIB,2023-09-06,25.459999084472656,25.700000762939453,25.100000381469727,25.290000915527344,17.010217666625977,192900,False
CIB,2023-09-07,25.200000762939453,25.600000381469727,24.829999923706055,24.940000534057617,16.774805068969727,376700,False
CIB,2023-09-08,25.020000457763672,25.40999984741211,24.8700008392334,25.350000381469727,17.050573348999023,378800,False
CIB,2023-09-11,25.709999084472656,26.0,25.579999923706055,25.670000076293945,17.26580810546875,208100,False
CIB,2023-09-12,25.65999984741211,26.829999923706055,25.65999984741211,26.770000457763672,18.005674362182617,273900,False
CIB,2023-09-13,26.90999984741211,27.1299991607666,26.65999984741211,27.0,18.160371780395508,331700,False
CIB,2023-09-14,27.260000228881836,27.559999465942383,26.790000915527344,27.489999771118164,18.48995018005371,322700,False
CIB,2023-09-15,27.399999618530273,27.940000534057617,27.280000686645508,27.6200008392334,18.577392578125,558300,False
CIB,2023-09-18,27.600000381469727,28.43000030517578,27.549999237060547,28.31999969482422,19.048215866088867,329500,False
CIB,2023-09-19,28.34000015258789,28.34000015258789,27.950000762939453,28.209999084472656,18.974225997924805,194400,False
CIB,2023-09-20,28.40999984741211,28.75,27.959999084472656,28.100000381469727,18.90024185180664,253200,False
CIB,2023-09-21,27.110000610351562,27.399999618530273,26.829999923706055,26.829999923706055,18.046030044555664,549700,False
CIB,2023-09-22,26.889999389648438,27.829999923706055,26.889999389648438,27.440000534057617,18.456321716308594,216100,False
CIB,2023-09-25,27.170000076293945,27.450000762939453,26.93000030517578,27.110000610351562,18.234363555908203,351800,False
CIB,2023-09-26,26.84000015258789,27.059999465942383,26.559999465942383,26.68000030517578,17.945140838623047,232000,False
CIB,2023-09-27,26.760000228881836,27.010000228881836,26.520000457763672,26.940000534057617,18.120019912719727,389600,False
CIB,2023-09-28,26.040000915527344,26.420000076293945,25.989999771118164,26.329999923706055,18.316186904907227,213900,False
CIB,2023-09-29,26.40999984741211,26.81999969482422,26.40999984741211,26.68000030517578,18.559661865234375,237300,False
CIB,2023-10-02,26.65999984741211,26.65999984741211,25.850000381469727,26.149999618530273,18.19097328186035,212600,False
CIB,2023-10-03,26.079999923706055,26.079999923706055,25.15999984741211,25.200000762939453,17.530115127563477,359700,False
CIB,2023-10-04,25.299999237060547,25.3799991607666,24.75,24.93000030517578,17.34229278564453,431700,False
CIB,2023-10-05,24.799999237060547,24.829999923706055,24.270000457763672,24.43000030517578,16.994470596313477,247800,False
CIB,2023-10-06,24.40999984741211,25.18000030517578,24.149999618530273,25.09000015258789,17.453594207763672,263000,False
CIB,2023-10-09,24.950000762939453,25.280000686645508,24.729999542236328,25.09000015258789,17.453594207763672,115000,False
CIB,2023-10-10,25.350000381469727,25.93000030517578,25.350000381469727,25.93000030517578,18.037931442260742,234000,False
CIB,2023-10-11,26.010000228881836,26.010000228881836,25.290000915527344,25.559999465942383,17.78054428100586,189900,False
CIB,2023-10-12,25.469999313354492,25.530000686645508,25.149999618530273,25.229999542236328,17.55098533630371,222000,False
CIB,2023-10-13,25.3799991607666,25.6200008392334,24.979999542236328,24.979999542236328,17.3770751953125,203300,False
CIB,2023-10-16,25.020000457763672,25.190000534057617,24.739999771118164,24.959999084472656,17.363161087036133,203700,False
CIB,2023-10-17,24.829999923706055,25.40999984741211,24.829999923706055,25.280000686645508,17.58576774597168,243400,False
CIB,2023-10-18,25.1299991607666,25.510000228881836,25.1299991607666,25.440000534057617,17.69706916809082,219000,False
CIB,2023-10-19,25.3799991607666,25.889999389648438,25.190000534057617,25.40999984741211,17.676198959350586,147300,False
CIB,2023-10-20,25.440000534057617,25.780000686645508,25.31999969482422,25.40999984741211,17.676198959350586,248500,False
CIB,2023-10-23,25.350000381469727,25.709999084472656,24.899999618530273,25.229999542236328,17.55098533630371,159300,False
CIB,2023-10-24,25.31999969482422,25.6200008392334,25.110000610351562,25.209999084472656,17.53706932067871,176400,False
CIB,2023-10-25,25.100000381469727,25.389999389648438,25.100000381469727,25.139999389648438,17.48837661743164,193100,False
CIB,2023-10-26,25.239999771118164,25.649999618530273,25.190000534057617,25.530000686645508,17.75967788696289,126900,False
CIB,2023-10-27,25.760000228881836,25.790000915527344,25.389999389648438,25.510000228881836,17.74576187133789,272200,False
CIB,2023-10-30,26.170000076293945,26.75,25.790000915527344,26.0,18.08662986755371,212200,False
CIB,2023-10-31,25.940000534057617,25.940000534057617,25.030000686645508,25.3799991607666,17.65532875061035,375900,False
CIB,2023-11-01,25.559999465942383,26.1299991607666,25.43000030517578,25.649999618530273,17.84315299987793,267400,False
CIB,2023-11-02,25.920000076293945,26.579999923706055,25.920000076293945,26.559999465942383,18.47618293762207,204000,False
CIB,2023-11-03,27.040000915527344,28.010000228881836,26.899999618530273,27.1200008392334,18.86574363708496,191300,False
CIB,2023-11-06,27.110000610351562,27.239999771118164,26.790000915527344,26.969999313354492,18.761396408081055,123200,False
CIB,2023-11-07,26.780000686645508,26.799999237060547,26.350000381469727,26.75,18.608356475830078,135600,False
CIB,2023-11-08,26.670000076293945,26.790000915527344,26.3799991607666,26.399999618530273,18.36488151550293,174700,False
CIB,2023-11-09,26.690000534057617,27.239999771118164,26.450000762939453,26.65999984741211,18.545747756958008,253800,False
CIB,2023-11-10,26.700000762939453,27.270000457763672,26.6299991607666,27.1200008392334,18.86574363708496,186200,False
CIB,2023-11-13,26.969999313354492,27.170000076293945,26.860000610351562,26.950000762939453,18.747486114501953,100800,False
CIB,2023-11-14,27.510000228881836,27.90999984741211,27.510000228881836,27.780000686645508,19.324865341186523,170600,False
CIB,2023-11-15,27.940000534057617,27.940000534057617,27.43000030517578,27.610000610351562,19.20660972595215,254900,False
CIB,2023-11-16,27.479999542236328,27.479999542236328,27.020000457763672,27.229999542236328,18.9422607421875,236200,False
CIB,2023-11-17,27.43000030517578,27.43000030517578,26.989999771118164,27.389999389648438,19.053565979003906,195100,False
CIB,2023-11-20,27.399999618530273,27.65999984741211,27.299999237060547,27.459999084472656,19.102258682250977,122900,False
CIB,2023-11-21,27.530000686645508,27.690000534057617,26.850000381469727,26.950000762939453,18.747486114501953,236600,False
CIB,2023-11-22,26.950000762939453,27.90999984741211,26.719999313354492,27.899999618530273,19.408340454101562,405700,False
CIB,2023-11-24,27.770000457763672,28.110000610351562,27.43000030517578,27.6200008392334,19.213565826416016,84100,False
CIB,2023-11-27,27.549999237060547,28.299999237060547,27.549999237060547,28.260000228881836,19.65877342224121,229500,False
CIB,2023-11-28,28.239999771118164,28.469999313354492,28.049999237060547,28.15999984741211,19.58920669555664,177600,False
CIB,2023-11-29,28.219999313354492,28.270000457763672,27.850000381469727,27.93000030517578,19.429210662841797,207300,False
CIB,2023-11-30,27.950000762939453,27.950000762939453,27.479999542236328,27.59000015258789,19.192691802978516,193600,False
CIB,2023-12-01,27.440000534057617,28.290000915527344,27.440000534057617,28.270000457763672,19.665725708007812,219100,False
CIB,2023-12-04,28.299999237060547,28.420000076293945,27.940000534057617,27.979999542236328,19.463993072509766,185200,False
CIB,2023-12-05,28.020000457763672,28.209999084472656,27.8700008392334,27.93000030517578,19.429210662841797,128700,False
CIB,2023-12-06,28.209999084472656,28.360000610351562,27.850000381469727,27.8799991607666,19.39443016052246,157500,False
CIB,2023-12-07,27.8700008392334,27.93000030517578,27.600000381469727,27.829999923706055,19.35964584350586,114600,False
CIB,2023-12-08,27.829999923706055,28.170000076293945,27.829999923706055,28.1200008392334,19.561384201049805,133600,False
CIB,2023-12-11,27.989999771118164,28.15999984741211,27.75,27.8700008392334,19.387474060058594,160300,False
CIB,2023-12-12,27.979999542236328,28.270000457763672,27.84000015258789,28.229999542236328,19.637903213500977,233300,False
CIB,2023-12-13,28.110000610351562,29.1299991607666,28.079999923706055,29.1200008392334,20.257022857666016,247300,False
CIB,2023-12-14,29.1200008392334,29.510000228881836,28.780000686645508,29.5,20.521366119384766,516000,False
CIB,2023-12-15,29.559999465942383,29.860000610351562,28.8799991607666,28.889999389648438,20.097026824951172,846700,False
CIB,2023-12-18,29.139999389648438,29.610000610351562,28.989999771118164,29.010000228881836,20.18050193786621,237100,False
CIB,2023-12-19,29.209999084472656,29.5,29.079999923706055,29.149999618530273,20.277891159057617,271500,False
CIB,2023-12-20,29.1200008392334,29.649999618530273,29.110000610351562,29.270000457763672,20.36136817932129,335200,False
CIB,2023-12-21,29.600000381469727,29.899999618530273,29.3700008392334,29.739999771118164,20.68832015991211,301900,False
CIB,2023-12-22,29.969999313354492,30.899999618530273,29.739999771118164,30.479999542236328,21.20309066772461,273700,False
CIB,2023-12-26,30.8799991607666,31.06999969482422,30.579999923706055,31.0,21.5648250579834,150100,False
CIB,2023-12-27,30.1299991607666,30.799999237060547,30.010000228881836,30.770000457763672,22.033126831054688,283900,False
CIB,2023-12-28,30.6200008392334,30.940000534057617,30.6200008392334,30.75,22.0188045501709,169600,False
CIB,2023-12-29,30.770000457763672,30.959999084472656,30.389999389648438,30.770000457763672,22.033126831054688,274700,False
CIB,2024-01-02,30.649999618530273,31.6299991607666,30.6299991607666,31.239999771118164,22.369674682617188,212100,False
CIB,2024-01-03,31.079999923706055,31.709999084472656,31.0,31.31999969482422,22.426958084106445,216700,False
CIB,2024-01-04,31.389999389648438,32.84000015258789,31.3700008392334,32.83000183105469,23.508207321166992,443600,False
CIB,2024-01-05,32.75,34.43000030517578,32.75,34.04999923706055,24.381797790527344,429300,False
CIB,2024-01-08,33.689998626708984,33.779998779296875,32.52000045776367,32.88999938964844,23.551170349121094,578400,False
CIB,2024-01-09,32.66999816894531,32.9900016784668,32.38999938964844,32.790000915527344,23.47956657409668,631100,False
CIB,2024-01-10,32.709999084472656,33.11000061035156,32.459999084472656,32.54999923706055,23.307710647583008,505100,False
CIB,2024-01-11,32.599998474121094,32.75,31.739999771118164,31.899999618530273,22.842273712158203,255600,False
CIB,2024-01-12,32.060001373291016,32.099998474121094,31.59000015258789,31.829999923706055,22.79214859008789,191900,False
CIB,2024-01-16,31.6299991607666,31.93000030517578,31.010000228881836,31.010000228881836,22.204980850219727,293700,False
CIB,2024-01-17,30.760000228881836,31.510000228881836,30.299999237060547,31.360000610351562,22.455602645874023,227500,False
CIB,2024-01-18,31.739999771118164,32.20000076293945,31.3799991607666,32.20000076293945,23.05708885192871,316900,False
CIB,2024-01-19,32.2599983215332,32.2599983215332,31.6299991607666,31.899999618530273,22.842273712158203,474700,False
CIB,2024-01-22,31.729999542236328,31.850000381469727,31.229999542236328,31.639999389648438,22.656095504760742,330500,False
CIB,2024-01-23,31.649999618530273,31.75,31.139999389648438,31.149999618530273,22.30522918701172,156300,False
CIB,2024-01-24,31.329999923706055,31.510000228881836,31.100000381469727,31.40999984741211,22.491403579711914,307700,False
CIB,2024-01-25,31.479999542236328,31.489999771118164,31.040000915527344,31.170000076293945,22.319547653198242,150800,False
CIB,2024-01-26,31.260000228881836,31.829999923706055,31.059999465942383,31.780000686645508,22.756345748901367,162100,False
CIB,2024-01-29,31.709999084472656,31.75,31.3700008392334,31.670000076293945,22.677579879760742,85800,False
CIB,2024-01-30,31.68000030517578,31.93000030517578,31.639999389648438,31.75,22.73486328125,142900,False
CIB,2024-01-31,31.709999084472656,32.060001373291016,31.450000762939453,31.459999084472656,22.527206420898438,157200,False
CIB,2024-02-01,31.549999237060547,32.36000061035156,31.489999771118164,32.099998474121094,22.985483169555664,275300,False
CIB,2024-02-02,31.940000534057617,32.15999984741211,31.6299991607666,31.989999771118164,22.90671730041504,174900,False
CIB,2024-02-05,31.8700008392334,31.889999389648438,31.459999084472656,31.760000228881836,22.74202537536621,128300,False
CIB,2024-02-06,31.81999969482422,32.04999923706055,31.6200008392334,31.780000686645508,22.756345748901367,116000,False
CIB,2024-02-07,31.899999618530273,31.899999618530273,31.219999313354492,31.770000457763672,22.74918556213379,213800,False
CIB,2024-02-08,31.690000534057617,31.770000457763672,31.15999984741211,31.3799991607666,22.469921112060547,115500,False
CIB,2024-02-09,31.389999389648438,31.649999618530273,31.3799991607666,31.579999923706055,22.613134384155273,89700,False
CIB,2024-02-12,31.700000762939453,31.940000534057617,31.520000457763672,31.530000686645508,22.57733154296875,111800,False
CIB,2024-02-13,31.200000762939453,31.209999084472656,30.790000915527344,30.950000762939453,22.162017822265625,197700,False
CIB,2024-02-14,31.229999542236328,31.600000381469727,31.149999618530273,31.600000381469727,22.627456665039062,179400,False
CIB,2024-02-15,31.709999084472656,31.860000610351562,31.459999084472656,31.559999465942383,22.598814010620117,159000,False
CIB,2024-02-16,31.520000457763672,31.8700008392334,31.479999542236328,31.75,22.73486328125,302700,False
CIB,2024-02-20,30.600000381469727,31.450000762939453,30.299999237060547,31.43000030517578,22.50572395324707,757200,False
CIB,2024-02-21,32.040000915527344,32.33000183105469,31.510000228881836,32.2599983215332,23.100053787231445,842200,False
CIB,2024-02-22,32.2599983215332,32.75,31.950000762939453,32.630001068115234,23.3649959564209,730400,False
CIB,2024-02-23,32.630001068115234,33.34000015258789,32.220001220703125,33.22999954223633,23.794631958007812,300600,False
CIB,2024-02-26,33.2400016784668,33.400001525878906,33.0099983215332,33.13999938964844,23.730186462402344,293600,False
CIB,2024-02-27,33.13999938964844,33.18000030517578,32.59000015258789,32.599998474121094,23.3435115814209,189900,False
CIB,2024-02-28,32.619998931884766,32.689998626708984,32.150001525878906,32.540000915527344,23.300552368164062,176000,False
CIB,2024-02-29,32.79999923706055,32.959999084472656,32.25,32.52000045776367,23.286230087280273,313800,False
CIB,2024-03-01,32.65999984741211,32.91999816894531,32.279998779296875,32.7599983215332,23.458080291748047,306300,False
CIB,2024-03-04,32.880001068115234,32.95000076293945,32.5,32.65999984741211,23.386476516723633,190100,False
CIB,2024-03-05,32.63999938964844,33.220001220703125,32.630001068115234,32.959999084472656,23.601295471191406,121500,False
CIB,2024-03-06,33.209999084472656,33.52000045776367,32.90999984741211,33.47999954223633,23.973644256591797,203500,False
CIB,2024-03-07,33.4900016784668,33.650001525878906,33.15999984741211,33.459999084472656,23.95932388305664,175200,False
CIB,2024-03-08,33.619998931884766,33.619998931884766,32.65999984741211,32.68000030517578,23.400798797607422,203300,False
CIB,2024-03-11,32.75,32.900001525878906,32.459999084472656,32.630001068115234,23.3649959564209,207800,False
CIB,2024-03-12,32.7599983215332,32.779998779296875,32.130001068115234,32.33000183105469,23.150178909301758,147600,False
CIB,2024-03-13,32.61000061035156,32.7599983215332,32.41999816894531,32.619998931884766,23.357833862304688,203700,False
CIB,2024-03-14,32.689998626708984,32.75,32.27000045776367,32.400001525878906,23.20030403137207,191500,False
CIB,2024-03-15,32.290000915527344,32.790000915527344,32.15999984741211,32.310001373291016,23.1358585357666,994400,False
CIB,2024-03-18,32.38999938964844,33.31999969482422,32.38999938964844,33.15999984741211,23.7445068359375,229600,False
CIB,2024-03-19,33.2400016784668,33.630001068115234,32.95000076293945,33.0099983215332,23.637094497680664,228100,False
CIB,2024-03-20,32.810001373291016,33.88999938964844,32.810001373291016,33.849998474121094,24.23858642578125,261900,False
CIB,2024-03-21,33.97999954223633,34.599998474121094,33.369998931884766,34.54999923706055,24.73982810974121,383400,False
CIB,2024-03-22,34.529998779296875,34.810001373291016,34.189998626708984,34.77000045776367,24.89735984802246,208500,False
CIB,2024-03-25,34.81999969482422,35.310001373291016,34.38999938964844,34.400001525878906,24.632421493530273,213900,False
CIB,2024-03-26,34.45000076293945,35.13999938964844,34.310001373291016,35.09000015258789,25.12649917602539,177700,False
CIB,2024-03-27,35.209999084472656,35.2400016784668,34.869998931884766,34.97999954223633,25.047731399536133,233300,False
CIB,2024-03-28,34.59000015258789,34.86000061035156,34.099998474121094,34.220001220703125,25.155059814453125,166200,False
CIB,2024-04-01,34.31999969482422,34.470001220703125,33.77000045776367,34.34000015258789,25.243270874023438,228500,False
CIB,2024-04-02,34.369998931884766,35.16999816894531,34.349998474121094,35.119998931884766,25.816646575927734,295100,False
CIB,2024-04-03,35.06999969482422,35.52000045776367,34.880001068115234,35.47999954223633,26.081281661987305,233000,False
CIB,2024-04-04,35.779998779296875,36.9900016784668,35.54999923706055,36.7599983215332,27.022205352783203,404600,False
CIB,2024-04-05,36.59000015258789,37.150001525878906,36.060001373291016,36.380001068115234,26.74287223815918,428500,False
CIB,2024-04-08,36.56999969482422,36.77000045776367,36.209999084472656,36.22999954223633,26.632604598999023,255000,False
CIB,2024-04-09,36.54999923706055,36.790000915527344,36.38999938964844,36.540000915527344,26.860488891601562,399500,False
CIB,2024-04-10,36.54999923706055,36.68000030517578,35.0,35.810001373291016,26.32386589050293,681400,False
CIB,2024-04-11,36.02000045776367,36.099998474121094,35.150001525878906,35.779998779296875,26.30181121826172,495100,False
CIB,2024-04-12,35.560001373291016,35.56999969482422,34.439998626708984,34.5,25.360885620117188,624800,False
CIB,2024-04-15,34.81999969482422,34.81999969482422,33.619998931884766,33.709999084472656,24.78015899658203,286500,False
CIB,2024-04-16,33.59000015258789,33.72999954223633,33.20000076293945,33.470001220703125,24.603736877441406,208800,False
CIB,2024-04-17,33.61000061035156,34.119998931884766,33.150001525878906,33.290000915527344,24.471418380737305,196200,False
CIB,2024-04-18,33.619998931884766,33.790000915527344,32.220001220703125,32.27000045776367,23.72161865234375,391300,False
CIB,2024-04-19,32.25,32.880001068115234,32.220001220703125,32.650001525878906,24.00095558166504,233000,False
CIB,2024-04-22,32.83000183105469,33.369998931884766,32.68000030517578,32.709999084472656,24.04505729675293,221300,False
CIB,2024-04-23,32.83000183105469,33.06999969482422,32.400001525878906,32.619998931884766,23.978900909423828,418600,False
CIB,2024-04-24,32.650001525878906,32.650001525878906,31.889999389648438,32.06999969482422,23.57459831237793,532700,False
CIB,2024-04-25,31.850000381469727,31.940000534057617,31.31999969482422,31.389999389648438,23.074729919433594,241700,False
CIB,2024-04-26,31.709999084472656,33.2400016784668,31.709999084472656,32.81999969482422,24.12592124938965,324600,False
CIB,2024-04-29,32.95000076293945,33.75,32.95000076293945,33.689998626708984,24.76545524597168,317300,False
CIB,2024-04-30,33.47999954223633,33.70000076293945,32.720001220703125,32.720001220703125,24.052412033081055,269000,False
CIB,2024-05-01,32.790000915527344,33.33000183105469,32.5,32.95000076293945,24.22148323059082,158100,False
CIB,2024-05-02,33.20000076293945,33.84000015258789,33.20000076293945,33.400001525878906,24.552278518676758,160100,False
CIB,2024-05-03,33.779998779296875,33.9900016784668,33.650001525878906,33.93000030517578,24.94188117980957,155500,False
CIB,2024-05-06,34.16999816894531,34.41999816894531,33.970001220703125,34.27000045776367,25.191816329956055,215600,False
CIB,2024-05-07,34.5,34.81999969482422,34.02000045776367,34.029998779296875,25.015390396118164,372100,False
CIB,2024-05-08,33.86000061035156,34.18000030517578,33.79999923706055,34.09000015258789,25.05949592590332,213200,False
CIB,2024-05-09,34.02000045776367,34.290000915527344,33.810001373291016,34.06999969482422,25.044795989990234,211700,False
CIB,2024-05-10,34.45000076293945,34.68000030517578,34.16999816894531,34.220001220703125,25.155059814453125,206200,False
CIB,2024-05-13,34.439998626708984,35.2400016784668,34.439998626708984,34.650001525878906,25.471153259277344,141300,False
CIB,2024-05-14,34.790000915527344,35.150001525878906,34.459999084472656,35.08000183105469,25.787242889404297,176100,False
CIB,2024-05-15,35.38999938964844,35.91999816894531,35.220001220703125,35.65999984741211,26.213600158691406,323800,False
CIB,2024-05-16,35.63999938964844,35.9900016784668,35.47999954223633,35.900001525878906,26.390024185180664,174000,False
CIB,2024-05-17,36.0099983215332,36.56999969482422,35.90999984741211,36.33000183105469,26.706117630004883,298500,False
CIB,2024-05-20,36.349998474121094,37.34000015258789,36.349998474121094,37.310001373291016,27.426513671875,340800,False
CIB,2024-05-21,37.25,37.849998474121094,37.20000076293945,37.27000045776367,27.397109985351562,208200,False
CIB,2024-05-22,37.15999984741211,37.209999084472656,35.880001068115234,35.939998626708984,26.41942596435547,247000,False
CIB,2024-05-23,35.970001220703125,36.33000183105469,35.630001068115234,35.88999938964844,26.382671356201172,171900,False
CIB,2024-05-24,36.130001068115234,36.130001068115234,35.16999816894531,35.29999923706055,25.948965072631836,176500,False
CIB,2024-05-28,35.63999938964844,36.209999084472656,35.59000015258789,35.86000061035156,26.36062240600586,186900,False
CIB,2024-05-29,35.5099983215332,35.5099983215332,34.689998626708984,35.029998779296875,25.75048828125,346000,False
CIB,2024-05-30,35.16999816894531,35.79999923706055,34.86000061035156,35.56999969482422,26.147441864013672,189500,False
CIB,2024-05-31,35.529998779296875,35.599998474121094,35.11000061035156,35.459999084472656,26.066577911376953,283000,False
CIB,2024-06-03,36.22999954223633,36.61000061035156,35.810001373291016,35.83000183105469,26.33856773376465,262900,False
CIB,2024-06-04,35.400001525878906,35.52000045776367,34.540000915527344,34.869998931884766,25.632869720458984,243800,False
CIB,2024-06-05,35.0099983215332,35.310001373291016,34.68000030517578,35.27000045776367,25.926910400390625,258900,False
CIB,2024-06-06,35.11000061035156,35.5099983215332,35.060001373291016,35.31999969482422,25.963665008544922,284500,False
CIB,2024-06-07,35.310001373291016,36.06999969482422,35.15999984741211,35.849998474121094,26.353269577026367,482600,False
CIB,2024-06-10,35.709999084472656,36.130001068115234,34.70000076293945,34.779998779296875,25.56671142578125,198900,False
CIB,2024-06-11,34.779998779296875,35.130001068115234,33.91999816894531,33.9900016784668,24.98598861694336,369300,False
CIB,2024-06-12,34.59000015258789,34.59000015258789,33.33000183105469,33.36000061035156,24.52287483215332,404000,False
CIB,2024-06-13,33.38999938964844,33.540000915527344,32.72999954223633,32.79999923706055,24.11121940612793,388300,False
CIB,2024-06-14,32.68000030517578,32.849998474121094,32.43000030517578,32.459999084472656,23.861284255981445,135400,False
CIB,2024-06-17,32.29999923706055,32.900001525878906,32.29999923706055,32.7599983215332,24.08181381225586,210600,False
CIB,2024-06-18,32.869998931884766,33.68000030517578,32.86000061035156,33.130001068115234,24.353801727294922,231400,False
CIB,2024-06-20,33.130001068115234,33.310001373291016,32.63999938964844,32.779998779296875,24.096515655517578,182600,False
CIB,2024-06-21,32.709999084472656,32.97999954223633,32.459999084472656,32.59000015258789,23.95684814453125,295400,False
CIB,2024-06-24,32.91999816894531,33.40999984741211,32.91999816894531,33.150001525878906,24.368505477905273,554800,False
CIB,2024-06-25,33.29999923706055,33.65999984741211,32.70000076293945,32.75,24.074464797973633,610900,False
CIB,2024-06-26,32.84000015258789,33.040000915527344,32.560001373291016,32.869998931884766,24.162675857543945,328800,False
CIB,2024-06-27,32.04999923706055,32.38999938964844,31.719999313354492,32.18000030517578,24.988107681274414,293700,False
CIB,2024-06-28,32.349998474121094,32.689998626708984,32.15999984741211,32.650001525878906,25.353069305419922,348900,False
CIB,2024-07-01,32.849998474121094,33.0,32.220001220703125,32.45000076293945,25.197765350341797,288300,False
CIB,2024-07-02,32.619998931884766,33.369998931884766,32.560001373291016,33.369998931884766,25.912153244018555,274000,False
CIB,2024-07-03,33.45000076293945,33.560001373291016,33.0099983215332,33.040000915527344,25.655908584594727,91800,False
CIB,2024-07-05,33.08000183105469,33.369998931884766,32.90999984741211,33.09000015258789,25.694730758666992,306500,False
CIB,2024-07-08,33.209999084472656,33.68000030517578,33.0,33.40999984741211,25.943218231201172,205400,False
CIB,2024-07-09,33.34000015258789,33.720001220703125,33.34000015258789,33.59000015258789,26.08298683166504,233600,False
CIB,2024-07-10,33.779998779296875,34.619998931884766,33.59000015258789,34.22999954223633,26.579954147338867,366300,False
CIB,2024-07-11,34.349998474121094,34.40999984741211,33.97999954223633,34.16999816894531,26.533363342285156,159200,False
CIB,2024-07-12,34.150001525878906,34.630001068115234,33.970001220703125,34.5099983215332,26.79737663269043,144700,False
CIB,2024-07-15,34.47999954223633,34.52000045776367,33.95000076293945,33.959999084472656,26.37029457092285,190000,False
CIB,2024-07-16,34.16999816894531,34.400001525878906,34.099998474121094,34.33000183105469,26.657604217529297,191400,False
CIB,2024-07-17,34.33000183105469,34.33000183105469,33.619998931884766,33.83000183105469,26.269350051879883,148300,False
CIB,2024-07-18,33.709999084472656,33.77000045776367,33.18000030517578,33.209999084472656,25.78791046142578,119800,False
CIB,2024-07-19,33.11000061035156,33.91999816894531,33.11000061035156,33.63999938964844,26.121814727783203,142800,False
CIB,2024-07-22,33.77000045776367,34.11000061035156,33.619998931884766,33.95000076293945,26.36252784729004,133100,False
CIB,2024-07-23,33.939998626708984,34.0,33.43000030517578,33.45000076293945,25.97427749633789,84800,False
CIB,2024-07-24,33.380001068115234,33.41999816894531,32.79999923706055,32.83000183105469,25.492839813232422,140900,False
CIB,2024-07-25,32.900001525878906,33.13999938964844,32.70000076293945,32.790000915527344,25.46177864074707,141300,False
CIB,2024-07-26,32.970001220703125,33.0099983215332,32.790000915527344,32.939998626708984,25.578256607055664,122500,False
CIB,2024-07-29,33.060001373291016,33.4900016784668,32.2599983215332,32.45000076293945,25.197765350341797,231700,False
CIB,2024-07-30,32.66999816894531,32.7400016784668,32.349998474121094,32.59000015258789,25.306476593017578,114100,False
CIB,2024-07-31,32.90999984741211,33.58000183105469,32.70000076293945,33.31999969482422,25.873329162597656,178100,False
CIB,2024-08-01,33.119998931884766,33.41999816894531,32.66999816894531,32.81999969482422,25.48507308959961,183600,False
CIB,2024-08-02,32.279998779296875,32.540000915527344,31.68000030517578,31.790000915527344,24.685270309448242,221300,False
CIB,2024-08-05,30.31999969482422,31.239999771118164,30.25,31.06999969482422,24.12618064880371,213100,False
CIB,2024-08-06,31.010000228881836,31.5,30.850000381469727,31.209999084472656,24.234891891479492,226600,False
CIB,2024-08-07,31.809999465942383,31.809999465942383,30.56999969482422,30.729999542236328,23.862167358398438,182900,False
CIB,2024-08-08,31.010000228881836,31.700000762939453,31.010000228881836,31.56999969482422,24.514436721801758,473200,False
CIB,2024-08-09,31.40999984741211,32.04999923706055,31.40999984741211,31.56999969482422,24.514436721801758,379900,False
CIB,2024-08-12,31.829999923706055,33.09000015258789,31.829999923706055,32.97999954223633,25.60931396484375,278600,False
CIB,2024-08-13,32.9900016784668,33.75,32.9900016784668,33.52000045776367,26.02863121032715,155500,False
CIB,2024-08-14,33.7599983215332,33.869998931884766,33.36000061035156,33.86000061035156,26.29264259338379,147100,False
CIB,2024-08-15,34.31999969482422,34.59000015258789,34.099998474121094,34.29999923706055,26.634307861328125,137200,False
CIB,2024-08-16,34.2400016784668,34.650001525878906,33.720001220703125,33.900001525878906,26.323707580566406,126100,False
CIB,2024-08-19,33.81999969482422,34.83000183105469,33.81999969482422,34.790000915527344,27.01479721069336,153900,False
CIB,2024-08-20,34.349998474121094,34.349998474121094,33.119998931884766,33.2599983215332,25.826738357543945,357600,False
CIB,2024-08-21,33.529998779296875,33.7599983215332,33.099998474121094,33.18000030517578,25.764617919921875,124400,False
CIB,2024-08-22,33.31999969482422,33.31999969482422,32.52000045776367,32.709999084472656,25.399656295776367,277600,False
CIB,2024-08-23,33.13999938964844,33.45000076293945,32.869998931884766,32.900001525878906,25.547195434570312,279400,False
CIB,2024-08-26,33.06999969482422,33.41999816894531,33.06999969482422,33.40999984741211,25.943218231201172,137500,False
CIB,2024-08-27,33.400001525878906,33.459999084472656,32.9900016784668,33.209999084472656,25.78791046142578,87900,False
CIB,2024-08-28,33.04999923706055,33.25,33.0099983215332,33.119998931884766,25.71802520751953,117600,False
CIB,2024-08-29,32.5,32.720001220703125,32.220001220703125,32.560001373291016,25.28318214416504,158600,False
CIB,2024-08-30,32.47999954223633,33.189998626708984,32.29999923706055,33.09000015258789,25.694730758666992,333300,False
CIB,2024-09-03,32.790000915527344,33.099998474121094,32.34000015258789,32.88999938964844,25.5394287109375,231300,False
CIB,2024-09-04,32.75,32.84000015258789,32.470001220703125,32.70000076293945,25.39189338684082,492700,False
CIB,2024-09-05,32.900001525878906,33.0,32.52000045776367,32.880001068115234,25.531665802001953,284000,False
CIB,2024-09-06,32.9900016784668,33.0,32.13999938964844,32.18000030517578,24.988107681274414,208400,False
CIB,2024-09-09,32.209999084472656,32.369998931884766,31.3700008392334,31.420000076293945,24.397958755493164,358300,False
CIB,2024-09-10,31.3799991607666,31.600000381469727,30.65999984741211,31.15999984741211,24.19606590270996,384500,False
CIB,2024-09-11,31.149999618530273,31.709999084472656,30.90999984741211,31.56999969482422,24.514436721801758,286000,False
CIB,2024-09-12,31.479999542236328,32.11000061035156,31.450000762939453,31.860000610351562,24.739625930786133,383400,False
CIB,2024-09-13,31.84000015258789,32.310001373291016,31.68000030517578,31.809999465942383,24.70079803466797,360700,False
CIB,2024-09-16,31.950000762939453,32.0099983215332,31.700000762939453,31.770000457763672,24.66973876953125,172500,False
CIB,2024-09-17,31.799999237060547,31.799999237060547,31.43000030517578,31.579999923706055,24.522199630737305,207300,False
CIB,2024-09-18,31.649999618530273,31.899999618530273,31.420000076293945,31.729999542236328,24.6386775970459,325100,False
CIB,2024-09-19,32.119998931884766,32.279998779296875,31.799999237060547,32.220001220703125,25.019168853759766,197000,False
CIB,2024-09-20,32.220001220703125,32.40999984741211,31.799999237060547,32.15999984741211,24.972576141357422,444400,False
CIB,2024-09-23,32.2599983215332,32.709999084472656,32.2599983215332,32.47999954223633,25.221059799194336,223300,False
CIB,2024-09-24,32.7400016784668,32.959999084472656,32.560001373291016,32.95000076293945,25.586021423339844,262000,False
CIB,2024-09-25,33.0,33.0,32.540000915527344,32.720001220703125,25.40742301940918,263700,False
CIB,2024-09-26,33.130001068115234,33.22999954223633,32.66999816894531,33.02000045776367,25.6403751373291,267300,False
CIB,2024-09-27,32.33000183105469,32.540000915527344,31.959999084472656,31.969999313354492,25.465139389038086,270900,False
CIB,2024-09-30,31.739999771118164,32.029998779296875,31.3799991607666,31.3799991607666,24.99518585205078,285100,False
CIB,2024-10-01,31.280000686645508,31.399999618530273,30.809999465942383,31.209999084472656,24.859773635864258,307400,False
CIB,2024-10-02,31.260000228881836,31.43000030517578,30.950000762939453,31.299999237060547,24.93146324157715,312300,False
CIB,2024-10-03,31.100000381469727,31.3700008392334,30.920000076293945,30.959999084472656,24.660640716552734,262200,False
CIB,2024-10-04,31.1299991607666,31.639999389648438,30.989999771118164,31.3700008392334,24.987220764160156,399600,False
CIB,2024-10-07,31.3700008392334,31.459999084472656,31.0,31.079999923706055,24.7562255859375,216200,False
CIB,2024-10-08,30.84000015258789,31.270000457763672,30.649999618530273,31.190000534057617,24.843843460083008,421600,False
CIB,2024-10-09,30.979999542236328,31.780000686645508,30.84000015258789,31.56999969482422,25.146526336669922,324800,False
CIB,2024-10-10,31.479999542236328,31.889999389648438,31.31999969482422,31.81999969482422,25.345659255981445,134800,False
CIB,2024-10-11,31.809999465942383,32.36000061035156,31.809999465942383,32.349998474121094,25.767820358276367,257700,False
CIB,2024-10-14,32.31999969482422,33.029998779296875,32.099998474121094,32.63999938964844,25.99881362915039,209200,False
CIB,2024-10-15,32.75,32.75,31.950000762939453,32.27000045776367,25.704097747802734,508300,False
CIB,2024-10-16,32.439998626708984,32.45000076293945,32.06999969482422,32.189998626708984,25.6403751373291,407800,False
CIB,2024-10-17,32.279998779296875,32.439998626708984,32.060001373291016,32.11000061035156,25.5766544342041,138900,False
CIB,2024-10-18,32.31999969482422,33.20000076293945,32.15999984741211,33.13999938964844,26.39708137512207,403200,False
CIB,2024-10-21,33.11000061035156,33.400001525878906,32.70000076293945,33.29999923706055,26.524524688720703,311300,False
CIB,2024-10-22,33.27000045776367,33.279998779296875,32.599998474121094,32.630001068115234,25.99085235595703,136000,False
CIB,2024-10-23,32.41999816894531,32.470001220703125,31.049999237060547,31.049999237060547,24.732328414916992,217800,False
CIB,2024-10-24,31.190000534057617,31.950000762939453,31.139999389648438,31.940000534057617,25.44124412536621,210500,False
CIB,2024-10-25,31.940000534057617,32.099998474121094,31.309999465942383,31.309999465942383,24.93942642211914,250100,False
CIB,2024-10-28,31.3799991607666,31.8700008392334,31.31999969482422,31.600000381469727,25.17042350769043,147500,False
CIB,2024-10-29,31.459999084472656,31.65999984741211,31.020000457763672,31.170000076293945,24.827913284301758,204100,False
CIB,2024-10-30,31.489999771118164,32.81999969482422,31.049999237060547,32.380001068115234,25.791717529296875,454600,False
CIB,2024-10-31,32.29999923706055,32.45000076293945,31.90999984741211,31.90999984741211,25.417346954345703,235400,False
CIB,2024-11-01,32.13999938964844,32.45000076293945,31.65999984741211,31.65999984741211,25.218212127685547,99300,False
CIB,2024-11-04,31.700000762939453,32.0,31.610000610351562,31.760000228881836,25.297866821289062,100800,False
CIB,2024-11-05,31.8700008392334,32.369998931884766,31.8700008392334,32.220001220703125,25.66427230834961,142500,False
CIB,2024-11-06,32.25,32.40999984741211,31.639999389648438,32.2599983215332,25.69613265991211,133000,False
CIB,2024-11-07,32.650001525878906,33.09000015258789,32.29999923706055,32.790000915527344,26.118295669555664,196700,False
CIB,2024-11-08,32.599998474121094,32.83000183105469,32.040000915527344,32.220001220703125,25.66427230834961,275300,False
CIB,2024-11-11,32.189998626708984,32.380001068115234,32.060001373291016,32.31999969482422,25.743925094604492,108900,False
CIB,2024-11-12,32.31999969482422,32.31999969482422,31.15999984741211,31.350000381469727,24.971288681030273,237500,False
CIB,2024-11-13,31.350000381469727,31.450000762939453,30.68000030517578,31.200000762939453,24.851810455322266,330900,False
CIB,2024-11-14,31.350000381469727,31.829999923706055,31.110000610351562,31.479999542236328,25.074838638305664,476600,False
CIB,2024-11-15,31.5,31.969999313354492,31.479999542236328,31.780000686645508,25.313796997070312,303700,False
CIB,2024-11-18,31.700000762939453,32.91999816894531,31.700000762939453,32.81999969482422,26.142192840576172,339600,False
CIB,2024-11-19,32.4900016784668,33.209999084472656,32.380001068115234,32.939998626708984,26.237773895263672,296400,False
CIB,2024-11-20,32.86000061035156,33.5,32.7599983215332,33.470001220703125,26.65993881225586,375800,False
CIB,2024-11-21,33.29999923706055,33.61000061035156,32.7599983215332,32.7599983215332,26.094398498535156,184400,False
CIB,2024-11-22,32.79999923706055,32.9900016784668,32.61000061035156,32.790000915527344,26.118295669555664,85300,False
CIB,2024-11-25,33.0099983215332,33.630001068115234,32.84000015258789,33.33000183105469,26.548423767089844,507800,False
CIB,2024-11-26,33.11000061035156,33.119998931884766,32.529998779296875,32.58000183105469,25.951026916503906,178500,False
CIB,2024-11-27,32.54999923706055,33.09000015258789,32.41999816894531,32.90999984741211,26.21388053894043,166000,False
CIB,2024-11-29,32.779998779296875,33.029998779296875,32.58000183105469,32.70000076293945,26.046607971191406,94700,False
CIB,2024-12-02,32.650001525878906,32.83000183105469,32.470001220703125,32.650001525878906,26.00678253173828,222700,False
CIB,2024-12-03,32.86000061035156,33.04999923706055,32.59000015258789,32.630001068115234,25.99085235595703,197600,False
CIB,2024-12-04,32.650001525878906,32.79999923706055,32.2400016784668,32.29999923706055,25.72799301147461,264800,False
CIB,2024-12-05,32.79999923706055,33.119998931884766,32.369998931884766,32.959999084472656,26.253704071044922,254500,False
CIB,2024-12-06,33.08000183105469,33.13999938964844,32.58000183105469,32.720001220703125,26.062538146972656,173800,False
CIB,2024-12-09,33.15999984741211,33.25,32.650001525878906,32.689998626708984,26.03864097595215,196300,False
CIB,2024-12-10,32.7400016784668,33.290000915527344,32.66999816894531,32.880001068115234,26.189983367919922,202600,False
CIB,2024-12-11,33.0,33.70000076293945,32.599998474121094,33.31999969482422,26.540456771850586,296200,False
CIB,2024-12-12,33.209999084472656,33.369998931884766,32.959999084472656,33.13999938964844,26.39708137512207,148400,False
CIB,2024-12-13,33.209999084472656,33.38999938964844,32.93000030517578,33.189998626708984,26.436906814575195,138600,False
CIB,2024-12-16,33.189998626708984,33.349998474121094,32.77000045776367,32.86000061035156,26.17405128479004,159800,False
CIB,2024-12-17,32.70000076293945,32.849998474121094,32.220001220703125,32.54999923706055,25.927125930786133,228800,False
CIB,2024-12-18,32.529998779296875,32.63999938964844,31.559999465942383,31.559999465942383,25.138559341430664,270200,False
CIB,2024-12-19,31.700000762939453,32.220001220703125,31.700000762939453,31.889999389648438,25.401416778564453,334600,False
CIB,2024-12-20,31.600000381469727,32.540000915527344,31.600000381469727,32.189998626708984,25.6403751373291,214600,False
CIB,2024-12-23,32.150001525878906,32.18000030517578,31.770000457763672,32.18000030517578,25.632410049438477,126900,False
CIB,2024-12-24,32.09000015258789,32.349998474121094,32.09000015258789,32.290000915527344,25.720029830932617,44900,False
CIB,2024-12-26,32.349998474121094,32.77000045776367,32.31999969482422,32.47999954223633,25.871370315551758,106300,False
CIB,2024-12-27,32.27000045776367,32.40999984741211,31.940000534057617,32.04999923706055,25.528860092163086,170500,False
CIB,2024-12-30,31.290000915527344,31.700000762939453,31.190000534057617,31.670000076293945,25.872798919677734,194700,False
CIB,2024-12-31,31.59000015258789,31.850000381469727,31.25,31.510000228881836,25.74208641052246,129800,False
CIB,2025-01-02,31.65999984741211,32.369998931884766,31.65999984741211,32.34000015258789,26.420154571533203,171500,False
CIB,2025-01-03,32.36000061035156,32.599998474121094,31.799999237060547,31.989999771118164,26.13422203063965,250400,False
CIB,2025-01-06,32.15999984741211,32.7400016784668,32.13999938964844,32.349998474121094,26.42832374572754,203800,False
CIB,2025-01-07,32.380001068115234,32.880001068115234,32.380001068115234,32.56999969482422,26.608051300048828,259300,False
CIB,2025-01-08,32.52000045776367,32.72999954223633,32.31999969482422,32.400001525878906,26.46917152404785,212800,False
CIB,2025-01-10,32.400001525878906,32.5099983215332,32.2400016784668,32.349998474121094,26.42832374572754,241300,False
CIB,2025-01-13,31.950000762939453,32.41999816894531,31.829999923706055,32.33000183105469,26.4119873046875,343300,False
CIB,2025-01-14,32.5099983215332,32.599998474121094,32.189998626708984,32.43000030517578,26.493680953979492,224200,False
CIB,2025-01-15,33.06999969482422,33.13999938964844,32.47999954223633,32.5099983215332,26.559036254882812,401400,False
CIB,2025-01-16,32.470001220703125,32.470001220703125,31.780000686645508,32.04999923706055,26.183238983154297,222900,False
CIB,2025-01-17,32.16999816894531,32.369998931884766,31.940000534057617,32.150001525878906,26.264936447143555,235600,False
CIB,2025-01-21,32.310001373291016,32.4900016784668,32.04999923706055,32.369998931884766,26.44466209411621,277200,False
CIB,2025-01-22,32.27000045776367,33.13999938964844,32.209999084472656,33.06999969482422,27.01652717590332,359700,False
CIB,2025-01-23,33.08000183105469,34.43000030517578,33.02000045776367,34.43000030517578,28.127580642700195,606100,False
CIB,2025-01-24,34.43000030517578,35.709999084472656,34.349998474121094,35.66999816894531,29.140596389770508,1009100,False
CIB,2025-01-27,35.5,37.16999816894531,34.91999816894531,36.880001068115234,30.129108428955078,1237500,False
CIB,2025-01-28,37.77000045776367,39.72999954223633,37.5,38.66999816894531,31.591445922851562,1407300,False
CIB,2025-01-29,38.779998779296875,40.43000030517578,38.630001068115234,40.29999923706055,32.923072814941406,630400,False
CIB,2025-01-30,40.209999084472656,40.619998931884766,39.38999938964844,39.84000015258789,32.547279357910156,622800,False
CIB,2025-01-31,39.88999938964844,40.16999816894531,39.43000030517578,39.54999923706055,32.310359954833984,371600,False
CIB,2025-02-03,38.84000015258789,39.25,38.310001373291016,38.970001220703125,31.836532592773438,401400,False
CIB,2025-02-04,39.25,39.650001525878906,39.029998779296875,39.2599983215332,32.07344436645508,300700,False
CIB,2025-02-05,39.25,39.47999954223633,38.880001068115234,39.13999938964844,31.975412368774414,400400,False
CIB,2025-02-06,39.209999084472656,40.04999923706055,39.040000915527344,39.959999084472656,32.64530944824219,332700,False
CIB,2025-02-07,39.86000061035156,40.0,39.2400016784668,39.380001068115234,32.17148208618164,229600,False
CIB,2025-02-10,39.5099983215332,39.869998931884766,39.25,39.83000183105469,32.53910827636719,223700,False
CIB,2025-02-11,39.84000015258789,40.2400016784668,39.5099983215332,40.040000915527344,32.710670471191406,286400,False
CIB,2025-02-12,39.86000061035156,40.27000045776367,39.720001220703125,39.9900016784668,32.66981887817383,234200,False
CIB,2025-02-13,39.869998931884766,40.380001068115234,39.349998474121094,40.31999969482422,32.93941116333008,393200,False
CIB,2025-02-14,40.4900016784668,41.0,40.4900016784668,40.709999084472656,33.25802230834961,277600,False
CIB,2025-02-18,40.900001525878906,41.38999938964844,40.77000045776367,41.09000015258789,33.56846237182617,467600,False
CIB,2025-02-19,41.0,41.54999923706055,40.36000061035156,41.52000045776367,33.91975402832031,349500,False
CIB,2025-02-20,42.77000045776367,44.25,42.54999923706055,43.439998626708984,35.48829650878906,1115000,False
CIB,2025-02-21,43.15999984741211,43.65999984741211,42.720001220703125,42.790000915527344,34.957279205322266,451100,False
CIB,2025-02-24,42.790000915527344,43.33000183105469,42.47999954223633,43.150001525878906,35.25138473510742,369900,False
CIB,2025-02-25,43.439998626708984,43.54999923706055,42.97999954223633,43.400001525878906,35.45561981201172,307100,False
CIB,2025-02-26,43.400001525878906,43.97999954223633,43.06999969482422,43.25,35.33307647705078,432800,False
CIB,2025-02-27,43.189998626708984,43.29999923706055,41.400001525878906,41.7400016784668,34.099483489990234,550100,False
CIB,2025-02-28,41.7599983215332,42.25,41.220001220703125,41.720001220703125,34.08314514160156,451900,False
CIB,2025-03-03,42.0099983215332,42.68000030517578,40.59000015258789,40.84000015258789,33.364227294921875,439000,False
CIB,2025-03-04,40.4900016784668,41.290000915527344,39.130001068115234,40.70000076293945,33.249855041503906,512400,False
CIB,2025-03-05,41.29999923706055,42.70000076293945,41.15999984741211,41.97999954223633,34.29555130004883,342400,False
CIB,2025-03-06,41.5,42.560001373291016,41.4900016784668,41.58000183105469,33.96876907348633,263800,False
CIB,2025-03-07,41.5,42.220001220703125,41.380001068115234,41.63999938964844,34.01778793334961,239600,False
CIB,2025-03-10,41.040000915527344,41.65999984741211,40.22999954223633,40.4900016784668,33.07829666137695,373700,False
CIB,2025-03-11,40.56999969482422,41.45000076293945,39.900001525878906,41.369998931884766,33.797210693359375,385400,False
CIB,2025-03-12,42.0099983215332,42.560001373291016,41.650001525878906,42.38999938964844,34.630496978759766,196500,False
CIB,2025-03-13,42.13999938964844,42.66999816894531,41.45000076293945,41.56999969482422,33.960601806640625,318000,False
CIB,2025-03-14,42.25,43.290000915527344,41.77000045776367,43.119998931884766,35.226871490478516,325900,False
CIB,2025-03-17,43.16999816894531,43.970001220703125,43.16999816894531,43.88999938964844,35.85592269897461,285200,False
CIB,2025-03-18,44.029998779296875,44.029998779296875,42.91999816894531,43.08000183105469,35.19419479370117,380200,False
CIB,2025-03-19,42.86000061035156,43.06999969482422,42.41999816894531,42.93000030517578,35.0716552734375,469700,False
CIB,2025-03-20,42.540000915527344,42.70000076293945,42.25,42.66999816894531,34.85924530029297,301700,False
CIB,2025-03-21,42.45000076293945,42.75,42.150001525878906,42.68000030517578,34.86741256713867,595800,False
CIB,2025-03-24,42.689998626708984,43.25,42.689998626708984,43.22999954223633,35.31673812866211,385500,False
CIB,2025-03-25,43.4900016784668,44.15999984741211,43.400001525878906,43.880001068115234,35.847755432128906,421200,False
CIB,2025-03-26,43.81999969482422,44.93000030517578,43.77000045776367,44.290000915527344,36.18270492553711,442900,False
CIB,2025-03-27,44.02000045776367,44.65999984741211,43.619998931884766,43.7599983215332,35.749717712402344,443600,False
CIB,2025-03-28,43.70000076293945,44.11000061035156,43.25,43.790000915527344,35.77423095703125,562200,False
CIB,2025-03-31,39.22999954223633,40.41999816894531,39.040000915527344,40.20000076293945,39.654884338378906,462500,False
CIB,2025-04-01,40.279998779296875,41.439998626708984,40.20000076293945,41.380001068115234,40.81888198852539,607900,False
CIB,2025-04-02,41.06999969482422,42.06999969482422,41.040000915527344,42.060001373291016,41.489662170410156,431600,False
CIB,2025-04-03,40.84000015258789,42.529998779296875,40.81999969482422,42.22999954223633,41.65735626220703,684400,False
CIB,2025-04-04,41.119998931884766,41.119998931884766,39.279998779296875,40.040000915527344,39.49705505371094,947300,False
CIB,2025-04-07,38.810001373291016,40.4900016784668,37.369998931884766,37.59000015258789,37.08027648925781,1101100,False
CIB,2025-04-08,38.84000015258789,39.06999969482422,35.650001525878906,36.11000061035156,35.62034606933594,1050200,False
CIB,2025-04-09,35.77000045776367,39.189998626708984,35.439998626708984,38.97999954223633,38.4514274597168,890400,False
CIB,2025-04-10,38.68000030517578,38.77000045776367,36.209999084472656,36.4900016784668,35.99519348144531,844100,False
CIB,2025-04-11,36.790000915527344,37.97999954223633,36.400001525878906,37.72999954223633,37.21837615966797,707400,False
CIB,2025-04-14,38.38999938964844,38.81999969482422,37.720001220703125,38.290000915527344,37.770782470703125,538500,False
CIB,2025-04-15,38.380001068115234,39.16999816894531,38.02000045776367,39.02000045776367,38.490882873535156,408300,False
CIB,2025-04-16,39.0,39.869998931884766,39.0,39.650001525878906,39.112342834472656,358800,False
CIB,2025-04-17,39.75,40.029998779296875,39.45000076293945,39.529998779296875,38.99396896362305,197000,False
CIB,2025-04-21,39.72999954223633,40.29999923706055,39.4900016784668,40.029998779296875,39.487186431884766,455100,False
CIB,2025-04-22,40.540000915527344,41.400001525878906,40.4900016784668,41.29999923706055,40.739967346191406,397700,False
CIB,2025-04-23,41.91999816894531,41.9900016784668,41.15999984741211,41.369998931884766,40.809017181396484,291600,False
CIB,2025-04-24,41.7400016784668,42.189998626708984,41.54999923706055,41.650001525878906,41.08522415161133,224600,False
CIB,2025-04-25,41.5,42.33000183105469,41.40999984741211,42.33000183105469,41.75600051879883,311300,False
CIB,2025-04-28,41.779998779296875,41.95000076293945,40.0,40.66999816894531,40.66999816894531,719800,False
CIB,2025-04-29,40.61000061035156,40.939998626708984,40.29999923706055,40.83000183105469,40.83000183105469,357100,False
CIB,2025-04-30,40.33000183105469,40.529998779296875,39.88999938964844,40.31999969482422,40.31999969482422,478800,False
CIB,2025-05-01,40.29999923706055,40.86000061035156,40.0,40.5,40.5,224100,False
CIB,2025-05-02,41.099998474121094,41.31999969482422,40.91999816894531,40.9900016784668,40.9900016784668,203600,False
CIB,2025-05-05,41.0,41.349998474121094,40.119998931884766,40.470001220703125,40.470001220703125,489100,False
CIB,2025-05-06,40.06999969482422,41.59000015258789,40.06999969482422,41.189998626708984,41.189998626708984,427900,False
CIB,2025-05-07,41.380001068115234,41.41999816894531,40.56999969482422,40.720001220703125,40.720001220703125,322600,False
CIB,2025-05-08,40.72999954223633,41.7599983215332,40.72999954223633,41.18000030517578,41.18000030517578,304000,False
CIB,2025-05-09,41.20000076293945,41.7400016784668,40.90999984741211,41.15999984741211,41.15999984741211,334600,False
CIB,2025-05-12,41.27000045776367,41.810001373291016,40.2599983215332,40.34000015258789,40.34000015258789,494100,False
CIB,2025-05-13,40.47999954223633,41.970001220703125,40.47999954223633,41.77000045776367,41.77000045776367,379200,False
CIB,2025-05-14,41.86000061035156,42.58000183105469,41.63999938964844,42.349998474121094,42.349998474121094,277500,False
CIB,2025-05-15,42.290000915527344,42.439998626708984,41.65999984741211,42.20000076293945,42.20000076293945,172300,False
CIB,2025-05-16,42.119998931884766,42.459999084472656,41.400001525878906,41.54999923706055,41.54999923706055,359100,False
CIB,2025-05-19,41.83000183105469,42.189998626708984,41.34000015258789,41.630001068115234,41.630001068115234,160600,False
CIB,2025-05-20,41.38999938964844,42.18000030517578,41.38999938964844,42.18000030517578,42.18000030517578,270500,False
CIB,2025-05-21,42.2599983215332,42.31999969482422,41.220001220703125,41.220001220703125,41.220001220703125,151400,False
CIB,2025-05-22,41.06999969482422,41.22999954223633,40.400001525878906,40.529998779296875,40.529998779296875,250800,False
CIB,2025-05-23,40.279998779296875,41.77000045776367,40.279998779296875,41.56999969482422,41.56999969482422,395700,False
CIB,2025-05-27,42.060001373291016,42.59000015258789,41.75,42.220001220703125,42.220001220703125,323100,False
CIB,2025-05-28,42.09000015258789,42.779998779296875,42.08000183105469,42.33000183105469,42.33000183105469,518900,False
CIB,2025-05-29,42.439998626708984,42.810001373291016,42.06999969482422,42.459999084472656,42.459999084472656,410400,False
CIB,2025-05-30,42.40999984741211,42.40999984741211,41.220001220703125,41.43000030517578,41.43000030517578,717300,False
CIB,2025-06-02,41.709999084472656,44.63999938964844,41.540000915527344,43.400001525878906,43.400001525878906,1035400,False
CIB,2025-06-03,43.0,43.4900016784668,42.2599983215332,43.45000076293945,43.45000076293945,567800,False
CIB,2025-06-04,43.4900016784668,44.29999923706055,43.45000076293945,43.58000183105469,43.58000183105469,374900,False
CIB,2025-06-05,43.93000030517578,43.93000030517578,43.36000061035156,43.56999969482422,43.56999969482422,385100,False
CIB,2025-06-06,43.56999969482422,43.599998474121094,42.09000015258789,43.060001373291016,43.060001373291016,348800,False
CIB,2025-06-09,42.900001525878906,43.0,41.529998779296875,41.9900016784668,41.9900016784668,423900,False
CIB,2025-06-10,42.209999084472656,42.61000061035156,41.41999816894531,42.06999969482422,42.06999969482422,533500,False
CIB,2025-06-11,42.11000061035156,42.72999954223633,41.58000183105469,42.709999084472656,42.709999084472656,399300,False
CIB,2025-06-12,42.77000045776367,42.97999954223633,42.40999984741211,42.650001525878906,42.650001525878906,207900,False
CIB,2025-06-13,41.93000030517578,42.709999084472656,41.41999816894531,42.529998779296875,42.529998779296875,341200,False
CIB,2025-06-16,42.5099983215332,43.11000061035156,42.5099983215332,42.599998474121094,42.599998474121094,385800,False
CIB,2025-06-17,42.56999969482422,42.709999084472656,42.060001373291016,42.11000061035156,42.11000061035156,208700,False
CIB,2025-06-18,42.08000183105469,43.380001068115234,42.08000183105469,43.209999084472656,43.209999084472656,413300,False
CIB,2025-06-20,43.68000030517578,43.68000030517578,42.66999816894531,43.18000030517578,43.18000030517578,471500,False
CIB,2025-06-23,43.09000015258789,43.18000030517578,42.529998779296875,42.619998931884766,42.619998931884766,143200,False
CIB,2025-06-24,42.88999938964844,45.2400016784668,42.88999938964844,44.970001220703125,44.970001220703125,870300,False
CIB,2025-06-25,44.689998626708984,45.459999084472656,44.189998626708984,45.20000076293945,45.20000076293945,605700,False
CIB,2025-06-26,45.5,45.779998779296875,45.2400016784668,45.34000015258789,45.34000015258789,195900,False
CIB,2025-06-27,45.31999969482422,45.38999938964844,44.7400016784668,45.09000015258789,45.09000015258789,205200,False
CIB,2025-06-30,45.099998474121094,46.68000030517578,45.04999923706055,46.189998626708984,46.189998626708984,327500,False
CIB,2025-07-01,46.04999923706055,46.22999954223633,45.470001220703125,45.720001220703125,45.720001220703125,253100,False
CIB,2025-07-02,45.630001068115234,46.58000183105469,45.630001068115234,46.36000061035156,46.36000061035156,145500,False
CIB,2025-07-03,46.70000076293945,46.810001373291016,46.06999969482422,46.09000015258789,46.09000015258789,127600,False
CIB,2025-07-07,46.0,46.31999969482422,44.790000915527344,44.93000030517578,44.93000030517578,151100,False
CIB,2025-07-08,45.2599983215332,45.2599983215332,44.59000015258789,44.93000030517578,44.93000030517578,124200,False
CIB,2025-07-09,45.15999984741211,45.15999984741211,44.630001068115234,44.959999084472656,44.959999084472656,261800,False
CIB,2025-07-10,45.0,45.099998474121094,44.349998474121094,44.70000076293945,44.70000076293945,193200,False
CIB,2025-07-11,44.560001373291016,45.029998779296875,44.22999954223633,44.22999954223633,44.22999954223633,188800,False
CIB,2025-07-14,44.59000015258789,45.189998626708984,44.470001220703125,44.779998779296875,44.779998779296875,158000,False
CIB,2025-07-15,44.880001068115234,44.9900016784668,44.279998779296875,44.560001373291016,44.560001373291016,150100,False
CIB,2025-07-16,44.43000030517578,44.65999984741211,43.84000015258789,44.22999954223633,44.22999954223633,163000,False
CIB,2025-07-17,44.0099983215332,46.310001373291016,44.0099983215332,46.18000030517578,46.18000030517578,332700,False
CIB,2025-07-18,46.2599983215332,46.619998931884766,45.779998779296875,45.95000076293945,45.95000076293945,208500,False
CIB,2025-07-21,45.9900016784668,46.47999954223633,45.77000045776367,45.77000045776367,45.77000045776367,197200,False
CIB,2025-07-22,45.91999816894531,45.970001220703125,44.650001525878906,44.68000030517578,44.68000030517578,176700,False
CIB,2025-07-23,44.72999954223633,45.189998626708984,44.369998931884766,44.970001220703125,44.970001220703125,190800,False
CIB,2025-07-24,44.93000030517578,45.45000076293945,44.13999938964844,44.20000076293945,44.20000076293945,199800,False
CIB,2025-07-25,44.459999084472656,44.650001525878906,43.689998626708984,44.099998474121094,44.099998474121094,271800,False
CIB,2025-07-28,44.099998474121094,44.849998474121094,43.279998779296875,43.77000045776367,43.77000045776367,414600,False
CIB,2025-07-29,43.959999084472656,44.86000061035156,43.959999084472656,44.349998474121094,44.349998474121094,475300,False
CIB,2025-07-30,44.209999084472656,44.209999084472656,43.45000076293945,43.709999084472656,43.709999084472656,257300,False
CIB,2025-07-31,43.70000076293945,43.93000030517578,43.279998779296875,43.41999816894531,43.41999816894531,163400,False
CIB,2025-08-01,43.20000076293945,44.47999954223633,43.20000076293945,44.119998931884766,44.119998931884766,329100,False
CIB,2025-08-04,44.400001525878906,45.27000045776367,44.33000183105469,44.650001525878906,44.650001525878906,196800,False
CIB,2025-08-05,44.47999954223633,44.939998626708984,44.43000030517578,44.939998626708984,44.939998626708984,204800,False
CIB,2025-08-06,45.02000045776367,45.650001525878906,45.02000045776367,45.400001525878906,45.400001525878906,309800,False
CIB,2025-08-07,46.90999984741211,47.779998779296875,45.189998626708984,46.63999938964844,46.63999938964844,1354800,False
CIB,2025-08-08,46.5,47.06999969482422,46.310001373291016,47.04999923706055,47.04999923706055,414400,False
CIB,2025-08-11,47.09000015258789,48.189998626708984,46.93000030517578,48.060001373291016,48.060001373291016,247600,False
CIB,2025-08-12,48.189998626708984,49.060001373291016,47.900001525878906,48.849998474121094,48.849998474121094,366000,False
CIB,2025-08-13,48.75,49.220001220703125,48.38999938964844,48.459999084472656,48.459999084472656,183800,False
CIB,2025-08-14,48.52000045776367,49.099998474121094,48.060001373291016,48.560001373291016,48.560001373291016,409200,False
CIB,2025-08-15,48.66999816894531,49.790000915527344,48.34000015258789,49.529998779296875,49.529998779296875,425200,False
CIB,2025-08-18,49.31999969482422,49.75,49.13999938964844,49.689998626708984,49.689998626708984,164600,False
CIB,2025-08-19,49.38999938964844,49.5,48.68000030517578,48.779998779296875,48.779998779296875,305900,False
CIB,2025-08-20,48.779998779296875,49.52000045776367,48.59000015258789,49.40999984741211,49.40999984741211,247000,False
CIB,2025-08-21,49.27000045776367,49.81999969482422,49.11000061035156,49.810001373291016,49.810001373291016,262900,False
CIB,2025-08-22,49.91999816894531,50.599998474121094,49.86000061035156,49.93000030517578,49.93000030517578,240700,False
CIB,2025-08-25,49.83000183105469,50.16999816894531,49.38999938964844,49.63999938964844,49.63999938964844,214000,False
CIB,2025-08-26,49.65999984741211,50.34000015258789,49.630001068115234,50.189998626708984,50.189998626708984,349200,False
CIB,2025-08-27,49.90999984741211,49.9900016784668,49.18000030517578,49.54999923706055,49.54999923706055,321300,False
CIB,2025-08-28,49.58000183105469,50.18000030517578,49.41999816894531,49.79999923706055,49.79999923706055,168300,False
CIB,2025-08-29,49.81999969482422,50.459999084472656,49.599998474121094,50.459999084472656,50.459999084472656,250100,False
CIB,2025-09-02,49.77000045776367,50.41999816894531,49.61000061035156,49.880001068115234,49.880001068115234,314100,False
CIB,2025-09-03,49.970001220703125,50.38999938964844,49.459999084472656,49.52000045776367,49.52000045776367,309800,False
CIB,2025-09-04,49.66999816894531,50.560001373291016,49.38999938964844,50.540000915527344,50.540000915527344,455500,False
CIB,2025-09-05,50.81999969482422,52.290000915527344,50.70000076293945,52.119998931884766,52.119998931884766,475800,False
CIB,2025-09-08,52.22999954223633,52.81999969482422,51.79999923706055,52.34000015258789,52.34000015258789,496900,False
CIB,2025-09-09,52.189998626708984,53.4900016784668,52.02000045776367,53.290000915527344,53.290000915527344,349500,False
CIB,2025-09-10,53.20000076293945,53.9900016784668,53.11000061035156,53.59000015258789,53.59000015258789,362500,False
CIB,2025-09-11,52.70000076293945,53.0,51.7400016784668,52.349998474121094,52.349998474121094,574300,False
CIB,2025-09-12,52.119998931884766,52.56999969482422,51.47999954223633,51.869998931884766,51.869998931884766,412100,False
CIB,2025-09-15,52.2599983215332,52.43000030517578,51.790000915527344,51.790000915527344,51.790000915527344,193000,False
CIB,2025-09-16,51.45000076293945,52.16999816894531,50.959999084472656,51.720001220703125,51.720001220703125,255500,False
CIB,2025-09-17,51.95000076293945,52.540000915527344,51.77000045776367,52.029998779296875,52.029998779296875,215300,False
CIB,2025-09-18,51.95000076293945,52.029998779296875,51.439998626708984,51.560001373291016,51.560001373291016,240600,False
CIB,2025-09-19,51.40999984741211,52.22999954223633,51.40999984741211,51.880001068115234,51.880001068115234,397000,False
CIB,2025-09-22,51.90999984741211,52.720001220703125,51.77000045776367,52.5099983215332,52.5099983215332,303200,False
CIB,2025-09-23,52.599998474121094,53.47999954223633,52.54999923706055,52.58000183105469,52.58000183105469,304500,False
CIB,2025-09-24,52.72999954223633,53.119998931884766,52.279998779296875,52.459999084472656,52.459999084472656,225400,False
CIB,2025-09-25,52.040000915527344,52.77000045776367,52.02000045776367,52.439998626708984,52.439998626708984,351700,False
CIB,2025-09-26,52.63999938964844,52.97999954223633,51.689998626708984,51.93000030517578,51.93000030517578,373200,False
CIB,2025-09-29,52.25,52.599998474121094,51.54999923706055,51.560001373291016,51.560001373291016,153900,False
CIB,2025-09-30,51.790000915527344,52.0099983215332,51.459999084472656,51.939998626708984,51.939998626708984,261400,False
CIB,2025-10-01,52.0,52.27000045776367,51.689998626708984,52.02000045776367,52.02000045776367,305600,False
CIB,2025-10-02,52.349998474121094,52.380001068115234,50.720001220703125,51.36000061035156,51.36000061035156,238100,False
CIB,2025-10-03,51.439998626708984,52.2599983215332,51.13999938964844,52.16999816894531,52.16999816894531,181200,False
CIB,2025-10-06,52.0,52.4900016784668,51.810001373291016,52.15999984741211,52.15999984741211,185200,False
CIB,2025-10-07,52.0,52.27000045776367,51.56999969482422,51.9900016784668,51.9900016784668,186300,False
CIB,2025-10-08,52.400001525878906,52.790000915527344,52.279998779296875,52.779998779296875,52.779998779296875,154300,False
CIB,2025-10-09,52.79999923706055,54.720001220703125,52.650001525878906,54.459999084472656,54.459999084472656,286500,False
CIB,2025-10-10,54.20000076293945,54.2400016784668,52.45000076293945,52.540000915527344,52.540000915527344,363800,False
CIB,2025-10-13,53.33000183105469,55.27000045776367,53.18000030517578,54.959999084472656,54.959999084472656,274700,False
CIB,2025-10-14,54.560001373291016,55.2400016784668,53.529998779296875,54.54999923706055,54.54999923706055,401800,False
CIB,2025-10-15,55.0099983215332,55.54999923706055,54.91999816894531,55.400001525878906,55.400001525878906,270800,False
CIB,2025-10-16,55.54999923706055,56.369998931884766,54.9900016784668,56.310001373291016,56.310001373291016,434800,False
CIB,2025-10-17,56.13999938964844,57.400001525878906,56.13999938964844,57.0,57.0,444700,False
CIB,2025-10-20,57.29999923706055,57.369998931884766,55.349998474121094,55.65999984741211,55.65999984741211,471600,False
CIB,2025-10-21,55.70000076293945,55.939998626708984,54.0099983215332,54.060001373291016,54.060001373291016,512000,False
CIB,2025-10-22,54.209999084472656,55.2400016784668,53.34000015258789,55.06999969482422,55.06999969482422,295600,False
CIB,2025-10-23,55.02000045776367,55.84000015258789,54.83000183105469,55.84000015258789,55.84000015258789,251100,False
CIB,2025-10-24,56.040000915527344,56.7400016784668,56.040000915527344,56.06999969482422,56.06999969482422,293500,False
CIB,2025-10-27,56.54999923706055,57.16999816894531,56.09000015258789,56.91999816894531,56.91999816894531,213600,False
CIB,2025-10-28,57.02000045776367,57.060001373291016,56.2400016784668,56.72999954223633,56.72999954223633,162500,False
CIB,2025-10-29,57.04999923706055,57.810001373291016,56.47999954223633,57.400001525878906,57.400001525878906,319300,False
CIB,2025-10-30,57.15999984741211,58.43000030517578,57.15999984741211,57.869998931884766,57.869998931884766,209200,False
CIB,2025-10-31,57.68000030517578,58.310001373291016,57.380001068115234,58.040000915527344,58.040000915527344,255600,False
CIB,2025-11-03,58.369998931884766,58.9900016784668,57.95000076293945,57.95000076293945,57.95000076293945,238500,False
CIB,2025-11-04,57.279998779296875,58.20000076293945,56.599998474121094,58.060001373291016,58.060001373291016,369200,False
CIB,2025-11-05,58.20000076293945,60.029998779296875,58.20000076293945,59.130001068115234,59.130001068115234,422700,False
CIB,2025-11-06,59.45000076293945,60.77000045776367,59.45000076293945,60.27000045776367,60.27000045776367,475600,False
CIB,2025-11-07,61.779998779296875,63.279998779296875,60.290000915527344,63.220001220703125,63.220001220703125,478200,False
CIB,2025-11-10,63.779998779296875,64.19000244140625,62.529998779296875,63.56999969482422,63.56999969482422,360300,False
CIB,2025-11-11,63.7599983215332,65.0,63.70000076293945,63.83000183105469,63.83000183105469,258200,False
CIB,2025-11-12,63.84000015258789,64.4000015258789,63.209999084472656,64.1500015258789,64.1500015258789,237600,False
CIB,2025-11-13,64.0199966430664,64.94999694824219,62.20000076293945,62.689998626708984,62.689998626708984,391900,False
CIB,2025-11-14,61.91999816894531,63.58000183105469,61.11000061035156,62.939998626708984,62.939998626708984,436800,False
CIB,2025-11-17,63.099998474121094,63.4900016784668,62.29999923706055,62.529998779296875,62.529998779296875,181300,False
CIB,2025-11-18,61.939998626708984,63.22999954223633,61.83000183105469,62.77000045776367,62.77000045776367,304200,False
CIB,2025-11-19,62.849998474121094,63.43000030517578,62.349998474121094,62.790000915527344,62.790000915527344,198800,False
CIB,2025-11-20,63.5099983215332,63.5099983215332,61.22999954223633,61.540000915527344,61.540000915527344,351200,False
CIB,2025-11-21,61.599998474121094,61.72999954223633,60.040000915527344,60.619998931884766,60.619998931884766,300800,False
CIB,2025-11-24,60.84000015258789,61.540000915527344,60.25,60.63999938964844,60.63999938964844,475100,False
CIB,2025-11-25,60.880001068115234,60.880001068115234,59.63999938964844,60.4900016784668,60.4900016784668,345600,False
CIB,2025-11-26,60.84000015258789,62.93000030517578,60.84000015258789,62.70000076293945,62.70000076293945,235500,False
CIB,2025-11-28,62.849998474121094,63.45000076293945,61.38999938964844,63.060001373291016,63.060001373291016,178300,False
CIB,2025-12-01,62.72999954223633,62.72999954223633,61.72999954223633,62.29999923706055,62.29999923706055,257100,False
CIB,2025-12-02,62.5,64.30999755859375,62.25,64.06999969482422,64.06999969482422,271800,False
CIB,2025-12-03,64.44000244140625,65.11000061035156,63.470001220703125,64.05000305175781,64.05000305175781,223400,False
CIB,2025-12-04,64.23999786376953,65.47000122070312,63.91999816894531,64.4000015258789,64.4000015258789,333700,False
CIB,2025-12-05,64.72000122070312,64.72000122070312,61.880001068115234,62.40999984741211,62.40999984741211,362800,False
CIB,2025-12-08,62.72999954223633,62.880001068115234,61.56999969482422,62.40999984741211,62.40999984741211,138100,False
CIB,2025-12-09,61.66999816894531,63.66999816894531,61.66999816894531,63.59000015258789,63.59000015258789,190900,False
CIB,2025-12-10,63.439998626708984,64.4800033569336,63.15999984741211,64.38999938964844,64.38999938964844,175200,False
CIB,2025-12-11,64.38999938964844,65.7300033569336,63.95000076293945,64.18000030517578,64.18000030517578,390700,False
CIB,2025-12-12,64.12000274658203,64.80000305175781,63.43000030517578,63.900001525878906,63.900001525878906,315200,False
CIB,2025-12-15,64.38999938964844,64.38999938964844,63.02000045776367,63.060001373291016,63.060001373291016,256200,False
CIB,2025-12-16,62.790000915527344,63.279998779296875,62.189998626708984,62.7599983215332,62.7599983215332,481400,False
CIB,2025-12-17,62.900001525878906,63.22999954223633,61.15999984741211,61.83000183105469,61.83000183105469,415000,False
CIB,2025-12-18,62.04999923706055,62.15999984741211,60.689998626708984,61.5,61.5,442300,False
CIB,2025-12-19,63.22999954223633,63.38999938964844,62.43000030517578,62.68000030517578,62.68000030517578,778600,False
CIB,2025-12-22,62.400001525878906,63.31999969482422,62.29999923706055,62.95000076293945,62.95000076293945,365600,False
CIB,2025-12-23,63.279998779296875,64.30999755859375,63.0099983215332,63.630001068115234,63.630001068115234,163200,False
CIB,2025-12-24,63.88999938964844,64.77999877929688,63.630001068115234,64.3499984741211,64.3499984741211,131000,False
CIB,2025-12-26,64.38999938964844,65.38999938964844,64.3499984741211,65.37999725341797,65.37999725341797,106700,False
CIB,2025-12-29,65.02999877929688,65.41999816894531,64.47000122070312,64.95999908447266,64.95999908447266,301600,False
CIB,2025-12-30,65.08000183105469,65.08000183105469,63.689998626708984,63.9900016784668,63.9900016784668,223300,False
CIB,2025-12-31,64.0,64.1500015258789,63.5099983215332,63.61000061035156,63.61000061035156,73700,False
CIB,2026-01-02,63.279998779296875,63.689998626708984,62.439998626708984,63.20000076293945,63.20000076293945,279200,False
CIB,2026-01-05,63.5,66.69999694824219,63.400001525878906,66.52999877929688,66.52999877929688,482500,False
CIB,2026-01-06,66.5,68.5999984741211,66.5,67.13999938964844,67.13999938964844,416400,False
CIB,2026-01-07,67.18000030517578,68.05999755859375,66.41000366210938,67.83999633789062,67.83999633789062,244700,False
CIB,2026-01-08,67.80999755859375,70.16000366210938,67.33000183105469,70.1500015258789,70.1500015258789,348600,False
CIB,2026-01-09,70.19999694824219,70.83999633789062,69.18000030517578,70.73999786376953,70.73999786376953,410700,False
CIB,2026-01-12,70.80000305175781,72.1500015258789,70.52999877929688,70.91999816894531,70.91999816894531,530800,False
CIB,2026-01-13,71.45999908447266,73.19000244140625,70.80000305175781,73.08999633789062,73.08999633789062,510000,False
CIB,2026-01-14,73.69999694824219,73.93000030517578,72.30000305175781,73.58999633789062,73.58999633789062,434800,False
CIB,2026-01-15,73.51000213623047,74.79000091552734,73.31999969482422,73.83999633789062,73.83999633789062,340000,False
CIB,2026-01-16,73.75,75.75,73.58000183105469,75.75,75.75,383200,False
CIB,2026-01-20,76.0,78.33999633789062,75.7300033569336,77.08999633789062,77.08999633789062,486600,False
CIB,2026-01-21,77.61000061035156,79.80000305175781,77.5,79.58999633789062,79.58999633789062,401100,False
CIB,2026-01-22,79.80999755859375,80.16999816894531,77.77999877929688,78.77999877929688,78.77999877929688,649700,False
CIB,2026-01-23,79.0,82.62000274658203,78.68000030517578,82.08000183105469,82.08000183105469,641300,False
CIB,2026-01-26,81.37999725341797,83.81999969482422,81.3499984741211,83.72000122070312,83.72000122070312,456100,False
CIB,2026-01-27,84.8499984741211,86.30999755859375,82.8499984741211,82.88999938964844,82.88999938964844,562200,False
CIB,2026-01-28,83.16999816894531,84.55000305175781,82.01000213623047,83.05999755859375,83.05999755859375,504900,False
CIB,2026-01-29,83.55999755859375,85.26000213623047,82.30000305175781,84.52999877929688,84.52999877929688,352700,False
CIB,2026-01-30,83.8499984741211,83.97000122070312,80.5,81.6500015258789,81.6500015258789,475800,False
CIB,2026-02-02,81.55000305175781,83.4000015258789,81.5199966430664,82.55000305175781,82.55000305175781,331700,False
CIB,2026-02-03,83.7300033569336,84.23999786376953,81.62999725341797,82.68000030517578,82.68000030517578,476700,False
CIB,2026-02-04,82.5,82.52999877929688,76.91000366210938,77.94000244140625,77.94000244140625,874500,False
CIB,2026-02-05,77.5,78.13999938964844,76.18000030517578,76.30999755859375,76.30999755859375,467000,False
CIB,2026-02-06,77.0,78.43000030517578,76.30000305175781,78.36000061035156,78.36000061035156,308000,False
CIB,2026-02-09,78.04000091552734,80.91000366210938,78.04000091552734,79.91000366210938,79.91000366210938,359400,False
CIB,2026-02-10,79.5,80.33999633789062,79.2300033569336,79.81999969482422,79.81999969482422,298100,False
CIB,2026-02-11,80.5,80.51000213623047,78.06999969482422,79.19000244140625,79.19000244140625,250000,False
CIB,2026-02-12,78.93000030517578,79.5,75.79000091552734,76.69999694824219,76.69999694824219,397200,False
CIB,2026-02-13,76.16000366210938,77.25,75.08999633789062,77.0,77.0,359200,False
CIB,2026-02-17,76.66000366210938,78.08999633789062,76.3499984741211,77.93000030517578,77.93000030517578,192500,False
CIB,2026-02-18,78.48999786376953,78.62999725341797,76.94000244140625,77.87000274658203,77.87000274658203,448800,False
CIB,2026-02-19,77.91000366210938,79.31999969482422,76.86000061035156,78.98999786376953,78.98999786376953,278900,False
CIB,2026-02-20,78.9800033569336,79.87999725341797,78.56999969482422,79.55999755859375,79.55999755859375,224600,False
CIB,2026-02-23,80.0,83.12999725341797,80.0,80.44999694824219,80.44999694824219,506700,False
CIB,2026-02-24,76.9800033569336,80.0,73.63999938964844,75.7300033569336,75.7300033569336,1189900,False
CIB,2026-02-25,75.48999786376953,76.5199966430664,73.94000244140625,74.37000274658203,74.37000274658203,676600,False
CIB,2026-02-26,73.11000061035156,73.12999725341797,68.37000274658203,69.0999984741211,69.0999984741211,1498500,False
CIB,2026-02-27,68.9000015258789,69.4000015258789,67.72000122070312,67.87999725341797,67.87999725341797,817400,False
CIB,2026-03-02,66.37999725341797,67.62000274658203,66.0,66.76000213623047,66.76000213623047,549000,False
CIB,2026-03-03,64.29000091552734,66.58999633789062,62.79999923706055,66.2699966430664,66.2699966430664,935100,False
CIB,2026-03-04,66.68000030517578,68.44999694824219,66.68000030517578,67.0199966430664,67.0199966430664,730600,False
CIB,2026-03-05,66.23999786376953,66.7699966430664,64.51000213623047,65.11000061035156,65.11000061035156,487700,False
CIB,2026-03-06,64.01000213623047,65.94000244140625,64.01000213623047,65.25,65.25,498400,False
CIB,2026-03-09,65.04000091552734,67.70999908447266,64.27999877929688,67.41999816894531,67.41999816894531,462900,False
CIB,2026-03-10,68.37999725341797,70.69999694824219,67.45999908447266,70.20999908447266,70.20999908447266,462000,False
CIB,2026-03-11,69.98999786376953,70.77999877929688,69.05000305175781,69.16000366210938,69.16000366210938,609500,False
CIB,2026-03-12,66.76000213623047,67.41999816894531,64.94000244140625,66.16999816894531,66.16999816894531,995400,False
CIB,2026-03-13,66.45999908447266,67.9000015258789,65.58000183105469,65.83000183105469,65.83000183105469,505500,False
CIB,2026-03-16,66.47000122070312,68.55000305175781,66.44000244140625,68.30999755859375,68.30999755859375,574000,False
CIB,2026-03-17,69.13999938964844,69.16999816894531,67.05999755859375,67.9000015258789,67.9000015258789,576900,False
CIB,2026-03-18,67.58999633789062,69.19000244140625,67.48999786376953,68.02999877929688,68.02999877929688,454300,False
CIB,2026-03-19,66.87999725341797,68.94999694824219,66.77999877929688,68.83000183105469,68.83000183105469,412300,False
CIB,2026-03-20,69.0,69.5,67.8499984741211,68.98999786376953,68.98999786376953,688600,False
CIB,2026-03-23,69.68000030517578,71.62999725341797,69.27999877929688,70.56999969482422,70.56999969482422,480500,False
CIB,2026-03-24,69.80999755859375,72.7300033569336,69.0,71.16999816894531,71.16999816894531,462200,False
CIB,2026-03-25,72.18000030517578,73.37000274658203,71.51000213623047,72.94999694824219,72.94999694824219,479900,False
CIB,2026-03-26,72.13999938964844,72.83999633789062,70.55999755859375,70.76000213623047,70.76000213623047,392300,False
CIB,2026-03-27,70.9000015258789,71.08999633789062,69.33000183105469,69.9800033569336,69.9800033569336,325600,False
