ticker,fecha,open,high,low,close,adj_close,volume,anomalia
CSPX,2019-01-02,242.17999267578125,245.58999633789062,240.00999450683594,244.89999389648438,244.89999389648438,58019,False
CSPX,2019-01-03,241.8800048828125,243.72000122070312,239.42999267578125,241.3000030517578,241.3000030517578,287542,False
CSPX,2019-01-04,241.75999450683594,246.8000030517578,241.5,246.13999938964844,246.13999938964844,86487,False
CSPX,2019-01-07,248.32000732421875,249.50999450683594,246.8000030517578,249.25999450683594,249.25999450683594,497565,False
CSPX,2019-01-08,249.72000122070312,252.32000732421875,249.25999450683594,249.47999572753906,249.47999572753906,123117,False
CSPX,2019-01-09,251.97999572753906,253.25,251.6999969482422,252.89999389648438,252.89999389648438,79492,False
CSPX,2019-01-10,251.72000122070312,253.07000732421875,250.47000122070312,253.07000732421875,253.07000732421875,42799,False
CSPX,2019-01-11,253.7100067138672,254.0800018310547,252.1999969482422,253.24000549316406,253.24000549316406,77772,False
CSPX,2019-01-14,251.63999938964844,253.00999450683594,251.25999450683594,252.7100067138672,252.7100067138672,88689,False
CSPX,2019-01-15,253.8000030517578,255.0,252.57000732421875,254.4199981689453,254.4199981689453,150342,False
CSPX,2019-01-16,255.74000549316406,256.70001220703125,255.08999633789062,256.489990234375,256.489990234375,92164,False
CSPX,2019-01-17,254.44000244140625,256.4599914550781,254.1699981689453,256.4599914550781,256.4599914550781,81469,False
CSPX,2019-01-18,258.3500061035156,261.0899963378906,258.2799987792969,260.9800109863281,260.9800109863281,72105,False
CSPX,2019-01-21,261.0,261.0,259.8999938964844,260.4800109863281,260.4800109863281,32368,False
CSPX,2019-01-22,259.5400085449219,260.1000061035156,258.5299987792969,258.8900146484375,258.8900146484375,88801,False
CSPX,2019-01-23,257.5400085449219,259.4599914550781,257.1000061035156,257.5199890136719,257.5199890136719,57777,False
CSPX,2019-01-24,258.07000732421875,259.07000732421875,257.5,258.05999755859375,258.05999755859375,60330,False
CSPX,2019-01-25,259.17999267578125,261.32000732421875,259.1000061035156,260.8500061035156,260.8500061035156,54847,False
CSPX,2019-01-28,259.7699890136719,259.7699890136719,257.1300048828125,257.8399963378906,257.8399963378906,346240,False
CSPX,2019-01-29,257.8999938964844,259.4200134277344,257.5,258.07000732421875,258.07000732421875,73960,False
CSPX,2019-01-30,258.69000244140625,260.3500061035156,258.6600036621094,260.29998779296875,260.29998779296875,82269,False
CSPX,2019-01-31,263.1199951171875,264.2799987792969,262.1199951171875,264.2799987792969,264.2799987792969,164740,False
CSPX,2019-02-01,265.17999267578125,265.9200134277344,264.07000732421875,265.3299865722656,265.3299865722656,195172,False
CSPX,2019-02-04,264.7200012207031,265.5,264.20001220703125,265.5,265.5,44356,False
CSPX,2019-02-05,266.29998779296875,268.0199890136719,266.1499938964844,267.5199890136719,267.5199890136719,130436,False
CSPX,2019-02-06,267.1000061035156,267.9700012207031,266.760009765625,267.42999267578125,267.42999267578125,134425,False
CSPX,2019-02-07,266.6400146484375,266.9700012207031,263.4599914550781,263.4599914550781,263.4599914550781,200837,False
CSPX,2019-02-08,263.760009765625,264.42999267578125,262.75,262.8500061035156,262.8500061035156,57080,False
CSPX,2019-02-11,265.04998779296875,266.3399963378906,264.8800048828125,265.2900085449219,265.2900085449219,37342,False
CSPX,2019-02-12,267.0,268.6700134277344,266.7699890136719,268.42999267578125,268.42999267578125,94865,False
CSPX,2019-02-13,269.6000061035156,270.54998779296875,269.1400146484375,269.32000732421875,269.32000732421875,92951,False
CSPX,2019-02-14,270.5400085449219,270.6099853515625,267.760009765625,268.44000244140625,268.44000244140625,44059,False
CSPX,2019-02-15,267.69000244140625,271.70001220703125,267.6300048828125,271.239990234375,271.239990234375,76587,False
CSPX,2019-02-18,272.0299987792969,272.260009765625,271.7799987792969,272.1499938964844,272.1499938964844,39604,False
CSPX,2019-02-19,272.1199951171875,272.2200012207031,271.1300048828125,272.1000061035156,272.1000061035156,38733,False
CSPX,2019-02-20,272.20001220703125,272.94000244140625,271.9100036621094,272.7300109863281,272.7300109863281,76406,False
CSPX,2019-02-21,273.2699890136719,273.6499938964844,271.6099853515625,272.0,272.0,247277,False
CSPX,2019-02-22,272.25,273.7900085449219,272.1700134277344,273.70001220703125,273.70001220703125,54299,False
CSPX,2019-02-25,274.4800109863281,275.8399963378906,274.3900146484375,275.5199890136719,275.5199890136719,56062,False
CSPX,2019-02-26,273.5199890136719,274.5899963378906,273.0899963378906,274.510009765625,274.510009765625,79328,False
CSPX,2019-02-27,273.1400146484375,273.70001220703125,272.20001220703125,272.95001220703125,272.95001220703125,94155,False
CSPX,2019-02-28,272.92999267578125,273.8299865722656,272.8500061035156,273.6600036621094,273.6600036621094,52242,False
CSPX,2019-03-01,274.30999755859375,275.3800048828125,273.8699951171875,273.8699951171875,273.8699951171875,32867,False
CSPX,2019-03-04,276.0199890136719,276.2799987792969,273.739990234375,273.739990234375,273.739990234375,141324,False
CSPX,2019-03-05,273.9800109863281,274.4800109863281,273.0400085449219,273.8599853515625,273.8599853515625,69707,False
CSPX,2019-03-06,273.17999267578125,273.8500061035156,272.2699890136719,272.5400085449219,272.5400085449219,83841,False
CSPX,2019-03-07,271.0799865722656,272.2300109863281,268.9599914550781,270.0400085449219,270.0400085449219,65720,False
CSPX,2019-03-08,268.5199890136719,269.0199890136719,267.1700134277344,268.0299987792969,268.0299987792969,63953,False
CSPX,2019-03-11,269.9599914550781,272.510009765625,269.5299987792969,272.2300109863281,272.2300109863281,26690,False
CSPX,2019-03-12,273.8399963378906,274.5400085449219,272.8299865722656,274.17999267578125,274.17999267578125,60269,False
CSPX,2019-03-13,273.7900085449219,276.5,273.7799987792969,276.07000732421875,276.07000732421875,94606,False
CSPX,2019-03-14,276.20001220703125,276.760009765625,275.19000244140625,275.8999938964844,275.8999938964844,41365,False
CSPX,2019-03-15,276.0899963378906,277.6400146484375,275.8299865722656,277.4800109863281,277.4800109863281,70838,False
CSPX,2019-03-18,277.32000732421875,278.30999755859375,277.1199951171875,277.2799987792969,277.2799987792969,33259,False
CSPX,2019-03-19,278.5,279.92999267578125,278.5,279.55999755859375,279.55999755859375,44673,False
CSPX,2019-03-20,278.1400146484375,278.3999938964844,276.2900085449219,276.2900085449219,276.2900085449219,35533,False
CSPX,2019-03-21,276.010009765625,279.8800048828125,275.82000732421875,279.1199951171875,279.1199951171875,30320,False
CSPX,2019-03-22,280.4599914550781,280.5,275.3500061035156,275.989990234375,275.989990234375,76468,False
CSPX,2019-03-25,274.25,275.7699890136719,273.6199951171875,274.5799865722656,274.5799865722656,78467,False
CSPX,2019-03-26,275.8699951171875,277.75,275.3900146484375,276.44000244140625,276.44000244140625,58819,False
CSPX,2019-03-27,277.3800048828125,277.3800048828125,273.80999755859375,274.7200012207031,274.7200012207031,71667,False
CSPX,2019-03-28,274.8500061035156,276.8399963378906,274.8500061035156,275.29998779296875,275.29998779296875,42350,False
CSPX,2019-03-29,277.1499938964844,278.1499938964844,276.7200012207031,277.760009765625,277.760009765625,223242,False
CSPX,2019-04-01,280.04998779296875,280.82000732421875,279.8999938964844,280.6600036621094,280.6600036621094,84250,False
CSPX,2019-04-02,281.20001220703125,281.80999755859375,280.739990234375,281.2300109863281,281.2300109863281,49537,False
CSPX,2019-04-03,282.54998779296875,283.25,282.0799865722656,283.1400146484375,283.1400146484375,64431,False
CSPX,2019-04-04,282.1499938964844,282.9599914550781,281.95001220703125,282.20001220703125,282.20001220703125,20989,False
CSPX,2019-04-05,283.3500061035156,284.04998779296875,283.0,283.80999755859375,283.80999755859375,88229,False
CSPX,2019-04-08,283.67999267578125,283.9200134277344,282.989990234375,283.80999755859375,283.80999755859375,34146,False
CSPX,2019-04-09,283.9800109863281,284.2200012207031,282.5799865722656,283.0,283.0,80689,False
CSPX,2019-04-10,283.1600036621094,283.5899963378906,282.8900146484375,283.4200134277344,283.4200134277344,109883,False
CSPX,2019-04-11,284.05999755859375,284.5199890136719,283.5899963378906,283.8800048828125,283.8800048828125,77653,False
CSPX,2019-04-12,284.0799865722656,285.9700012207031,283.8900146484375,285.0799865722656,285.0799865722656,43047,False
CSPX,2019-04-15,285.80999755859375,285.9200134277344,284.80999755859375,285.0799865722656,285.0799865722656,63348,False
CSPX,2019-04-16,285.9800109863281,286.6400146484375,285.7699890136719,285.9200134277344,285.9200134277344,30427,False
CSPX,2019-04-17,285.9800109863281,286.8999938964844,284.8599853515625,284.8599853515625,284.8599853515625,61336,False
CSPX,2019-04-18,284.20001220703125,285.4700012207031,283.6600036621094,284.9599914550781,284.9599914550781,66833,False
CSPX,2019-04-23,286.0,287.8999938964844,285.6400146484375,287.8999938964844,287.8999938964844,74105,False
CSPX,2019-04-24,288.1000061035156,288.5799865722656,287.82000732421875,288.44000244140625,288.44000244140625,51012,False
CSPX,2019-04-25,287.94000244140625,288.17999267578125,286.3500061035156,287.7799987792969,287.7799987792969,78965,False
CSPX,2019-04-26,287.1600036621094,288.1000061035156,286.8500061035156,288.0199890136719,288.0199890136719,40727,False
CSPX,2019-04-29,288.8399963378906,289.5199890136719,288.5899963378906,289.3500061035156,289.3500061035156,50276,False
CSPX,2019-04-30,288.9200134277344,289.1400146484375,287.5299987792969,288.3500061035156,288.3500061035156,77391,False
CSPX,2019-05-01,290.54998779296875,291.3500061035156,289.510009765625,289.9100036621094,289.9100036621094,26550,False
CSPX,2019-05-02,287.70001220703125,288.1199951171875,285.9200134277344,286.20001220703125,286.20001220703125,31663,False
CSPX,2019-05-03,286.5,289.1300048828125,286.5,288.67999267578125,288.67999267578125,74670,False
CSPX,2019-05-07,287.6400146484375,287.7900085449219,283.510009765625,284.2200012207031,284.2200012207031,126351,False
CSPX,2019-05-08,284.1499938964844,284.9200134277344,281.6499938964844,283.7300109863281,283.7300109863281,144995,False
CSPX,2019-05-09,281.8599853515625,282.1000061035156,278.9200134277344,279.45001220703125,279.45001220703125,110775,False
CSPX,2019-05-10,282.1400146484375,282.4599914550781,277.9599914550781,278.2200012207031,278.2200012207031,92310,False
CSPX,2019-05-13,280.760009765625,280.8399963378906,276.5299987792969,276.75,276.75,139786,False
CSPX,2019-05-14,277.2200012207031,279.989990234375,276.92999267578125,279.989990234375,279.989990234375,201458,False
CSPX,2019-05-15,279.8800048828125,280.5400085449219,276.8999938964844,280.5400085449219,280.5400085449219,92618,False
CSPX,2019-05-16,280.07000732421875,284.2200012207031,279.5400085449219,284.20001220703125,284.20001220703125,93064,False
CSPX,2019-05-17,282.4700012207031,283.9599914550781,280.6600036621094,283.2799987792969,283.2799987792969,60578,False
CSPX,2019-05-20,282.0,282.45001220703125,278.8999938964844,280.29998779296875,280.29998779296875,47947,False
CSPX,2019-05-21,280.8399963378906,282.29998779296875,280.0199890136719,281.70001220703125,281.70001220703125,58364,False
CSPX,2019-05-22,281.55999755859375,281.9599914550781,280.30999755859375,281.45001220703125,281.45001220703125,91816,False
CSPX,2019-05-23,279.3999938964844,279.5,277.260009765625,277.55999755859375,277.55999755859375,136547,False
CSPX,2019-05-24,278.7900085449219,279.6300048828125,277.6700134277344,278.2300109863281,278.2300109863281,101023,False
CSPX,2019-05-28,279.0,279.6000061035156,277.8800048828125,278.0899963378906,278.0899963378906,47916,False
CSPX,2019-05-29,274.4200134277344,274.8500061035156,273.3299865722656,273.4200134277344,273.4200134277344,79620,False
CSPX,2019-05-30,274.5199890136719,275.510009765625,274.1600036621094,274.20001220703125,274.20001220703125,78039,False
CSPX,2019-05-31,272.5799865722656,272.6099853515625,270.8800048828125,272.4200134277344,272.4200134277344,321214,False
CSPX,2019-06-03,269.82000732421875,272.1000061035156,268.8800048828125,271.3999938964844,271.3999938964844,237012,False
CSPX,2019-06-04,270.79998779296875,274.6099853515625,270.67999267578125,274.6099853515625,274.6099853515625,63675,False
CSPX,2019-06-05,276.5,278.17999267578125,276.0400085449219,277.260009765625,277.260009765625,201722,False
CSPX,2019-06-06,278.2799987792969,279.44000244140625,278.1099853515625,279.3900146484375,279.3900146484375,37588,False
CSPX,2019-06-07,280.5799865722656,284.17999267578125,280.4100036621094,283.3900146484375,283.3900146484375,48515,False
CSPX,2019-06-10,284.0899963378906,285.8800048828125,283.9100036621094,285.8800048828125,285.8800048828125,68263,False
CSPX,2019-06-11,285.0,286.6499938964844,284.79998779296875,284.8999938964844,284.8999938964844,165477,False
CSPX,2019-06-12,283.5199890136719,284.489990234375,283.2200012207031,283.94000244140625,283.94000244140625,104600,False
CSPX,2019-06-13,283.6099853515625,285.3500061035156,283.3900146484375,284.510009765625,284.510009765625,58440,False
CSPX,2019-06-14,284.6600036621094,285.010009765625,283.8800048828125,284.45001220703125,284.45001220703125,46999,False
CSPX,2019-06-17,285.260009765625,285.5400085449219,284.6199951171875,285.239990234375,285.239990234375,24665,False
CSPX,2019-06-18,284.8800048828125,288.8800048828125,284.3599853515625,288.260009765625,288.260009765625,160926,False
CSPX,2019-06-19,287.9200134277344,288.1300048828125,287.44000244140625,287.6000061035156,287.6000061035156,62338,False
CSPX,2019-06-20,290.3599853515625,291.67999267578125,289.95001220703125,289.95001220703125,289.95001220703125,131134,False
CSPX,2019-06-21,291.010009765625,292.2799987792969,290.44000244140625,291.7799987792969,291.7799987792969,93513,False
CSPX,2019-06-24,291.2200012207031,291.4700012207031,290.6600036621094,291.1700134277344,291.1700134277344,55612,False
CSPX,2019-06-25,289.8900146484375,290.6300048828125,289.010009765625,289.2799987792969,289.2799987792969,46651,False
CSPX,2019-06-26,287.94000244140625,289.2900085449219,287.7099914550781,288.1400146484375,288.1400146484375,49852,False
CSPX,2019-06-27,288.5199890136719,288.8900146484375,287.3699951171875,287.8800048828125,287.8800048828125,116436,False
CSPX,2019-06-28,288.989990234375,289.6000061035156,288.8599853515625,289.239990234375,289.239990234375,86568,False
CSPX,2019-07-01,293.239990234375,293.5799865722656,292.0899963378906,292.3800048828125,292.3800048828125,49763,False
CSPX,2019-07-02,292.67999267578125,292.7799987792969,291.67999267578125,292.1099853515625,292.1099853515625,79122,False
CSPX,2019-07-03,293.29998779296875,294.7799987792969,293.17999267578125,294.7799987792969,294.7799987792969,59511,False
CSPX,2019-07-04,295.3399963378906,295.9200134277344,295.30999755859375,295.79998779296875,295.79998779296875,22811,False
CSPX,2019-07-05,295.760009765625,295.760009765625,292.69000244140625,293.6700134277344,293.6700134277344,73103,False
CSPX,2019-07-08,293.8299865722656,294.4200134277344,293.2300109863281,293.3399963378906,293.3399963378906,61780,False
CSPX,2019-07-09,292.3999938964844,293.510009765625,291.94000244140625,293.32000732421875,293.32000732421875,101926,False
CSPX,2019-07-10,293.1000061035156,296.260009765625,292.79998779296875,294.94000244140625,294.94000244140625,137992,False
CSPX,2019-07-11,295.9800109863281,296.29998779296875,295.2300109863281,296.0,296.0,66166,False
CSPX,2019-07-12,296.4200134277344,296.8299865722656,296.2099914550781,296.67999267578125,296.67999267578125,87961,False
CSPX,2019-07-15,297.5299987792969,297.94000244140625,297.07000732421875,297.1199951171875,297.1199951171875,52193,False
CSPX,2019-07-16,297.3999938964844,297.7300109863281,296.9599914550781,297.1199951171875,297.1199951171875,104890,False
CSPX,2019-07-17,296.44000244140625,296.92999267578125,295.04998779296875,295.4599914550781,295.4599914550781,123595,False
CSPX,2019-07-18,293.45001220703125,294.6700134277344,293.3599853515625,293.7099914550781,293.7099914550781,54546,False
CSPX,2019-07-19,296.0799865722656,296.6700134277344,295.5299987792969,295.8599853515625,295.8599853515625,41570,False
CSPX,2019-07-22,294.0400085449219,294.7799987792969,293.739990234375,294.1000061035156,294.1000061035156,63188,False
CSPX,2019-07-23,295.1300048828125,295.9100036621094,294.989990234375,295.05999755859375,295.05999755859375,148357,False
CSPX,2019-07-24,296.3399963378906,297.07000732421875,295.5299987792969,296.3999938964844,296.3999938964844,68442,False
CSPX,2019-07-25,298.2200012207031,298.6199951171875,296.3399963378906,296.8599853515625,296.8599853515625,87437,False
CSPX,2019-07-26,297.17999267578125,298.1600036621094,296.9800109863281,298.1600036621094,298.1600036621094,90583,False
CSPX,2019-07-29,298.05999755859375,298.6099853515625,297.4800109863281,297.9800109863281,297.9800109863281,128138,False
CSPX,2019-07-30,298.25,298.29998779296875,296.32000732421875,297.3800048828125,297.3800048828125,44076,False
CSPX,2019-07-31,297.4800109863281,298.0,296.9200134277344,297.5199890136719,297.5199890136719,128729,False
CSPX,2019-08-01,293.4100036621094,297.4200134277344,293.07000732421875,297.2900085449219,297.2900085449219,73145,False
CSPX,2019-08-02,290.739990234375,291.55999755859375,287.67999267578125,288.30999755859375,288.30999755859375,142043,True
CSPX,2019-08-05,286.4100036621094,286.760009765625,282.57000732421875,283.0799865722656,283.0799865722656,77101,False
CSPX,2019-08-06,280.32000732421875,283.5799865722656,280.0,281.32000732421875,281.32000732421875,280967,False
CSPX,2019-08-07,283.7200012207031,285.2799987792969,278.9200134277344,282.29998779296875,282.29998779296875,140671,False
CSPX,2019-08-08,285.8800048828125,288.45001220703125,284.8900146484375,288.45001220703125,288.45001220703125,127324,False
CSPX,2019-08-09,289.3599853515625,289.57000732421875,286.5299987792969,286.760009765625,286.760009765625,102986,False
CSPX,2019-08-12,289.0,289.489990234375,255.60000610351562,285.6000061035156,285.6000061035156,130712,False
CSPX,2019-08-13,284.0799865722656,290.6000061035156,283.29998779296875,288.239990234375,288.239990234375,213372,False
CSPX,2019-08-14,289.30999755859375,289.3399963378906,281.6499938964844,283.25,283.25,65917,False
CSPX,2019-08-15,282.92999267578125,283.6199951171875,278.9200134277344,281.17999267578125,281.17999267578125,104040,False
CSPX,2019-08-16,282.6499938964844,285.7099914550781,282.6499938964844,285.239990234375,285.239990234375,53955,False
CSPX,2019-08-19,288.1099853515625,289.2699890136719,287.7300109863281,289.2699890136719,289.2699890136719,41111,False
CSPX,2019-08-20,289.1199951171875,289.4599914550781,287.1400146484375,288.45001220703125,288.45001220703125,141086,False
CSPX,2019-08-21,287.3800048828125,289.54998779296875,287.3500061035156,289.3800048828125,289.3800048828125,51255,False
CSPX,2019-08-22,289.260009765625,290.4200134277344,287.2200012207031,288.3500061035156,288.3500061035156,49199,False
CSPX,2019-08-23,289.9800109863281,290.260009765625,284.17999267578125,284.5,284.5,332740,False
CSPX,2019-08-27,284.3599853515625,286.57000732421875,283.7300109863281,284.5899963378906,284.5899963378906,84798,False
CSPX,2019-08-28,284.20001220703125,285.30999755859375,282.0,285.1000061035156,285.1000061035156,115394,False
CSPX,2019-08-29,285.0199890136719,289.1499938964844,284.95001220703125,289.05999755859375,289.05999755859375,62416,False
CSPX,2019-08-30,289.4700012207031,291.3399963378906,288.29998779296875,288.8800048828125,288.8800048828125,82856,False
CSPX,2019-09-02,288.0,289.42999267578125,287.9100036621094,288.2200012207031,288.2200012207031,26598,False
CSPX,2019-09-03,287.2200012207031,288.20001220703125,285.9800109863281,287.1300048828125,287.1300048828125,137643,False
CSPX,2019-09-04,289.79998779296875,290.3599853515625,289.04998779296875,290.0799865722656,290.0799865722656,55902,False
CSPX,2019-09-05,292.5400085449219,295.29998779296875,291.8399963378906,294.8900146484375,294.8900146484375,101137,False
CSPX,2019-09-06,294.70001220703125,295.44000244140625,294.1600036621094,294.9100036621094,294.9100036621094,67575,False
CSPX,2019-09-09,295.6000061035156,295.94000244140625,294.8399963378906,295.2799987792969,295.2799987792969,66217,False
CSPX,2019-09-10,294.3900146484375,294.4800109863281,292.6600036621094,292.82000732421875,292.82000732421875,159147,False
CSPX,2019-09-11,294.82000732421875,296.5899963378906,294.3299865722656,295.9200134277344,295.9200134277344,70850,False
CSPX,2019-09-12,297.6199951171875,298.6300048828125,297.0,297.9599914550781,297.9599914550781,78609,False
CSPX,2019-09-13,298.42999267578125,299.05999755859375,297.79998779296875,298.17999267578125,298.17999267578125,142561,False
CSPX,2019-09-16,296.32000732421875,297.05999755859375,295.8800048828125,296.57000732421875,296.57000732421875,76455,False
CSPX,2019-09-17,296.2799987792969,296.989990234375,296.1000061035156,296.760009765625,296.760009765625,22466,False
CSPX,2019-09-18,297.0400085449219,297.32000732421875,296.44000244140625,296.5799865722656,296.5799865722656,72290,False
CSPX,2019-09-19,296.20001220703125,299.0,296.0199890136719,299.0,299.0,120077,False
CSPX,2019-09-20,297.9200134277344,298.4800109863281,297.7099914550781,297.989990234375,297.989990234375,44628,False
CSPX,2019-09-23,297.1000061035156,297.70001220703125,269.2200012207031,296.260009765625,296.260009765625,58924,False
CSPX,2019-09-24,297.2099914550781,297.5799865722656,295.95001220703125,296.1000061035156,296.1000061035156,121569,False
CSPX,2019-09-25,294.0199890136719,294.6199951171875,292.5,294.2699890136719,294.2699890136719,56681,False
CSPX,2019-09-26,294.8800048828125,296.239990234375,293.4200134277344,293.8500061035156,293.8500061035156,99563,False
CSPX,2019-09-27,295.32000732421875,296.1600036621094,294.3299865722656,295.489990234375,295.489990234375,106436,False
CSPX,2019-09-30,294.25,294.8800048828125,293.489990234375,294.8800048828125,294.8800048828125,480378,False
CSPX,2019-10-01,296.05999755859375,296.3399963378906,292.7799987792969,293.3599853515625,293.3599853515625,65268,False
CSPX,2019-10-02,291.05999755859375,291.2799987792969,285.6700134277344,285.6700134277344,285.6700134277344,106902,False
CSPX,2019-10-03,286.1600036621094,287.5270080566406,282.80999755859375,286.2799987792969,286.2799987792969,118048,False
CSPX,2019-10-04,287.8599853515625,290.7200012207031,286.82000732421875,290.7200012207031,290.7200012207031,119381,False
CSPX,2019-10-07,290.9599914550781,292.6300048828125,290.70001220703125,292.5,292.5,70719,False
CSPX,2019-10-08,291.6499938964844,291.70001220703125,286.9100036621094,286.9100036621094,286.9100036621094,52386,False
CSPX,2019-10-09,286.8500061035156,289.45001220703125,286.6099853515625,288.5199890136719,288.5199890136719,46379,False
CSPX,2019-10-10,288.8800048828125,292.04998779296875,288.07000732421875,291.8399963378906,291.8399963378906,52594,False
CSPX,2019-10-11,292.4700012207031,296.4800109863281,292.32000732421875,296.4800109863281,296.4800109863281,73836,False
CSPX,2019-10-14,294.6099853515625,295.6940002441406,292.7900085449219,294.30999755859375,294.30999755859375,57791,False
CSPX,2019-10-15,295.3999938964844,297.3800048828125,294.5199890136719,297.0,297.0,34335,False
CSPX,2019-10-16,296.5,296.9800109863281,295.7200012207031,296.2900085449219,296.2900085449219,48574,False
CSPX,2019-10-17,296.0,298.0199890136719,295.86090087890625,296.8599853515625,296.8599853515625,84303,False
CSPX,2019-10-18,296.7699890136719,297.3900146484375,296.0799865722656,296.44000244140625,296.44000244140625,32810,False
CSPX,2019-10-21,296.54998779296875,297.60009765625,296.25,297.6000061035156,297.6000061035156,77108,False
CSPX,2019-10-22,298.2200012207031,298.6099853515625,297.510009765625,298.3399963378906,298.3399963378906,30606,False
CSPX,2019-10-23,296.3800048828125,297.5400085449219,295.80999755859375,297.3299865722656,297.3299865722656,44502,False
CSPX,2019-10-24,298.17999267578125,298.7900085449219,297.3399963378906,298.4800109863281,298.4800109863281,66359,False
CSPX,2019-10-25,298.17999267578125,300.010009765625,297.5400085449219,299.8500061035156,299.8500061035156,49226,False
CSPX,2019-10-28,300.0299987792969,301.6000061035156,299.82000732421875,301.05999755859375,301.05999755859375,26889,False
CSPX,2019-10-29,301.2300109863281,302.1700134277344,300.45001220703125,301.7699890136719,301.7699890136719,44923,False
CSPX,2019-10-30,300.8399963378906,301.32000732421875,300.0199890136719,300.9599914550781,300.9599914550781,29587,False
CSPX,2019-10-31,302.3999938964844,302.6099853515625,299.7200012207031,300.07000732421875,300.07000732421875,55157,False
CSPX,2019-11-01,301.7099914550781,303.8399963378906,301.42999267578125,303.2699890136719,303.2699890136719,55612,False
CSPX,2019-11-04,304.6000061035156,305.80999755859375,304.4700012207031,305.3599853515625,305.3599853515625,78948,False
CSPX,2019-11-05,305.55999755859375,305.989990234375,304.55999755859375,305.010009765625,305.010009765625,174906,False
CSPX,2019-11-06,304.739990234375,305.20001220703125,304.0,304.8399963378906,304.8399963378906,110484,False
CSPX,2019-11-07,306.239990234375,307.1400146484375,306.0899963378906,306.739990234375,306.739990234375,56900,False
CSPX,2019-11-08,306.8500061035156,306.8500061035156,305.0,305.739990234375,305.739990234375,44366,False
CSPX,2019-11-11,305.5400085449219,305.8599853515625,305.1000061035156,305.5899963378906,305.5899963378906,69681,False
CSPX,2019-11-12,306.5199890136719,307.739990234375,306.2699890136719,307.4200134277344,307.4200134277344,63826,False
CSPX,2019-11-13,306.1600036621094,307.3500061035156,305.2200012207031,306.5400085449219,306.5400085449219,76024,False
CSPX,2019-11-14,306.82000732421875,307.20001220703125,306.42999267578125,306.510009765625,306.510009765625,87318,False
CSPX,2019-11-15,308.2099914550781,309.0,307.7099914550781,309.0,309.0,34696,False
CSPX,2019-11-18,310.0199890136719,310.20001220703125,308.760009765625,309.6499938964844,309.6499938964844,167903,False
CSPX,2019-11-19,310.1199951171875,310.92999267578125,308.95001220703125,309.5799865722656,309.5799865722656,80098,False
CSPX,2019-11-20,308.80999755859375,309.6000061035156,308.1400146484375,309.1400146484375,309.1400146484375,68234,False
CSPX,2019-11-21,307.8500061035156,309.05999755859375,307.0899963378906,307.54998779296875,307.54998779296875,23022,False
CSPX,2019-11-22,308.3599853515625,309.2388000488281,307.69000244140625,307.9200134277344,307.9200134277344,90259,False
CSPX,2019-11-25,309.6400146484375,310.75,309.42999267578125,310.6099853515625,310.6099853515625,58079,False
CSPX,2019-11-26,311.20001220703125,311.54998779296875,310.6300048828125,311.42999267578125,311.42999267578125,144314,False
CSPX,2019-11-27,312.510009765625,312.760009765625,312.0299987792969,312.3999938964844,312.3999938964844,51532,False
CSPX,2019-11-28,312.260009765625,312.79998779296875,312.07000732421875,312.79998779296875,312.79998779296875,32998,False
CSPX,2019-11-29,312.1400146484375,312.9100036621094,311.9599914550781,312.1199951171875,312.1199951171875,65489,False
CSPX,2019-12-02,312.8399963378906,313.5,308.9800109863281,309.0799865722656,309.0799865722656,110147,False
CSPX,2019-12-03,309.5899963378906,309.94000244140625,305.0,305.510009765625,305.510009765625,60955,False
CSPX,2019-12-04,306.1099853515625,309.5400085449219,306.1099853515625,309.4800109863281,309.4800109863281,96831,False
CSPX,2019-12-05,309.5799865722656,310.3599853515625,308.25,308.70001220703125,308.70001220703125,36268,False
CSPX,2019-12-06,310.5,312.8299865722656,310.1099853515625,312.739990234375,312.739990234375,57524,False
CSPX,2019-12-09,312.3699951171875,312.7911071777344,311.8699951171875,312.2699890136719,312.2699890136719,173676,False
CSPX,2019-12-10,311.7099914550781,312.1300048828125,309.55999755859375,311.6499938964844,311.6499938964844,203949,False
CSPX,2019-12-11,311.4100036621094,312.1300048828125,311.1199951171875,311.6000061035156,311.6000061035156,142615,False
CSPX,2019-12-12,313.6199951171875,315.57000732421875,311.7200012207031,313.94000244140625,313.94000244140625,147643,False
CSPX,2019-12-13,316.05999755859375,316.3699951171875,313.67999267578125,314.0199890136719,314.0199890136719,55829,False
CSPX,2019-12-16,316.0199890136719,317.6499938964844,315.95001220703125,317.5199890136719,317.5199890136719,57549,False
CSPX,2019-12-17,317.6000061035156,318.0,316.8399963378906,317.239990234375,317.239990234375,104139,False
CSPX,2019-12-18,317.0799865722656,317.8699951171875,317.010009765625,317.6700134277344,317.6700134277344,177562,False
CSPX,2019-12-19,317.5299987792969,318.239990234375,317.0899963378906,318.1700134277344,318.1700134277344,58157,False
CSPX,2019-12-20,318.739990234375,320.5,318.5,320.5,320.5,105554,False
CSPX,2019-12-23,320.5,321.05999755859375,320.32000732421875,320.8800048828125,320.8800048828125,42260,False
CSPX,2019-12-24,320.7200012207031,320.8699951171875,319.9100036621094,320.8699951171875,320.8699951171875,41930,False
CSPX,2019-12-27,322.79998779296875,324.010009765625,321.4700012207031,322.6099853515625,322.6099853515625,92179,False
CSPX,2019-12-30,322.260009765625,322.3800048828125,319.739990234375,320.3299865722656,320.3299865722656,52952,False
CSPX,2019-12-31,320.44000244140625,320.79998779296875,320.1400146484375,320.29998779296875,320.29998779296875,14789,False
CSPX,2020-01-02,322.3599853515625,323.19000244140625,321.7300109863281,321.7300109863281,321.7300109863281,31751,False
CSPX,2020-01-03,320.510009765625,322.1499938964844,318.8299865722656,322.04998779296875,322.04998779296875,61222,False
CSPX,2020-01-06,320.6300048828125,321.6099853515625,319.0899963378906,321.55999755859375,321.55999755859375,44085,False
CSPX,2020-01-07,322.7300109863281,323.510009765625,321.42999267578125,322.3299865722656,322.3299865722656,85271,False
CSPX,2020-01-08,321.3399963378906,323.2300109863281,320.92999267578125,322.9200134277344,322.9200134277344,61645,False
CSPX,2020-01-09,325.2699890136719,325.760009765625,324.760009765625,325.42999267578125,325.42999267578125,56531,False
CSPX,2020-01-10,326.55999755859375,327.17999267578125,325.7099914550781,325.7799987792969,325.7799987792969,59820,False
CSPX,2020-01-13,325.5299987792969,327.6499938964844,325.1000061035156,326.0899963378906,326.0899963378906,45804,False
CSPX,2020-01-14,326.760009765625,327.3900146484375,325.7699890136719,326.8900146484375,326.8900146484375,70103,False
CSPX,2020-01-15,326.6600036621094,327.9700012207031,326.1199951171875,327.8599853515625,327.8599853515625,85586,False
CSPX,2020-01-16,328.1700134277344,329.04998779296875,328.1499938964844,328.7300109863281,328.7300109863281,71359,False
CSPX,2020-01-17,330.30999755859375,331.0799865722656,330.1600036621094,330.4800109863281,330.4800109863281,65377,False
CSPX,2020-01-20,330.5400085449219,330.7200012207031,330.17999267578125,330.7200012207031,330.7200012207031,26665,False
CSPX,2020-01-21,329.79998779296875,330.8800048828125,329.1700134277344,330.8599853515625,330.8599853515625,120292,False
CSPX,2020-01-22,331.69000244140625,332.0199890136719,331.0,331.2699890136719,331.2699890136719,60391,False
CSPX,2020-01-23,330.44000244140625,330.4800109863281,328.489990234375,329.04998779296875,329.04998779296875,248460,False
CSPX,2020-01-24,331.20001220703125,332.0,329.45001220703125,329.6400146484375,329.6400146484375,164255,False
CSPX,2020-01-27,324.5400085449219,324.989990234375,321.8299865722656,322.989990234375,322.989990234375,358602,False
CSPX,2020-01-28,324.5,326.1099853515625,322.7200012207031,326.1000061035156,326.1000061035156,277882,False
CSPX,2020-01-29,326.8599853515625,327.6400146484375,325.510009765625,326.70001220703125,326.70001220703125,118104,False
CSPX,2020-01-30,323.260009765625,324.9599914550781,322.70001220703125,323.8800048828125,323.8800048828125,118740,False
CSPX,2020-01-31,326.760009765625,326.8500061035156,322.0400085449219,322.260009765625,322.260009765625,126398,False
CSPX,2020-02-03,322.8399963378906,325.2200012207031,321.8399963378906,323.6199951171875,323.6199951171875,220920,False
CSPX,2020-02-04,325.3599853515625,328.7200012207031,325.3599853515625,328.7200012207031,328.7200012207031,75416,False
CSPX,2020-02-05,327.7799987792969,331.510009765625,327.7099914550781,330.5299987792969,330.5299987792969,166767,False
CSPX,2020-02-06,333.760009765625,335.04998779296875,331.9100036621094,332.8999938964844,332.8999938964844,76566,False
CSPX,2020-02-07,332.8599853515625,332.95001220703125,331.1499938964844,332.3399963378906,332.3399963378906,65665,False
CSPX,2020-02-10,331.3800048828125,332.67999267578125,330.1199951171875,332.3299865722656,332.3299865722656,70652,False
CSPX,2020-02-11,334.6300048828125,336.010009765625,334.2200012207031,334.95001220703125,334.95001220703125,83601,False
CSPX,2020-02-12,335.1199951171875,336.3299865722656,335.0,336.2799987792969,336.2799987792969,67168,False
CSPX,2020-02-13,335.1000061035156,336.489990234375,333.8800048828125,336.489990234375,336.489990234375,124127,False
CSPX,2020-02-14,337.0899963378906,338.6700134277344,335.75,336.5199890136719,336.5199890136719,95912,False
CSPX,2020-02-17,337.6499938964844,337.739990234375,337.2799987792969,337.5899963378906,337.5899963378906,15660,False
CSPX,2020-02-18,335.1600036621094,336.0899963378906,334.3500061035156,334.7200012207031,334.7200012207031,62918,False
CSPX,2020-02-19,336.6099853515625,337.7900085449219,336.1600036621094,337.6199951171875,337.6199951171875,71476,False
CSPX,2020-02-20,337.6099853515625,338.67999267578125,333.5,333.5,333.5,83033,False
CSPX,2020-02-21,333.79998779296875,337.95001220703125,332.0,333.32000732421875,333.32000732421875,58647,False
CSPX,2020-02-24,327.04998779296875,327.1099853515625,322.0,323.1000061035156,323.1000061035156,200957,True
CSPX,2020-02-25,324.260009765625,324.54998779296875,316.80999755859375,317.82000732421875,317.82000732421875,239863,False
CSPX,2020-02-26,313.8999938964844,317.1300048828125,307.7799987792969,316.0,316.0,265220,False
CSPX,2020-02-27,308.6000061035156,309.3800048828125,299.5400085449219,304.05999755859375,304.05999755859375,258173,True
CSPX,2020-02-28,293.1199951171875,294.5,284.3599853515625,290.9200134277344,290.9200134277344,1033838,True
CSPX,2020-03-02,299.4599914550781,301.17999267578125,289.739990234375,300.2799987792969,300.2799987792969,306621,True
CSPX,2020-03-03,306.20001220703125,312.5799865722656,301.739990234375,304.1000061035156,304.1000061035156,403177,False
CSPX,2020-03-04,303.6600036621094,307.0,302.3399963378906,305.17999267578125,305.17999267578125,298598,False
CSPX,2020-03-05,307.94000244140625,308.6199951171875,302.739990234375,306.32000732421875,306.32000732421875,357852,False
CSPX,2020-03-06,298.1400146484375,298.8900146484375,290.1099853515625,294.5400085449219,294.5400085449219,311021,True
CSPX,2020-03-09,282.70001220703125,294.0199890136719,271.7300109863281,279.489990234375,279.489990234375,624820,True
CSPX,2020-03-10,282.1199951171875,288.67999267578125,272.5799865722656,274.8800048828125,274.8800048828125,540933,False
CSPX,2020-03-11,279.8800048828125,287.3534851074219,275.1499938964844,277.1000061035156,277.1000061035156,657838,False
CSPX,2020-03-12,263.0,263.7799987792969,249.0,251.1999969482422,251.1999969482422,747946,True
CSPX,2020-03-13,259.17999267578125,264.5199890136719,248.94000244140625,252.52999877929688,252.52999877929688,553393,False
CSPX,2020-03-16,249.5,255.7899932861328,235.5,251.13999938964844,251.13999938964844,311097,False
CSPX,2020-03-17,255.1300048828125,262.0,236.13999938964844,249.3000030517578,249.3000030517578,265730,False
CSPX,2020-03-18,240.0,245.1300048828125,229.6699981689453,236.66000366210938,236.66000366210938,591296,True
CSPX,2020-03-19,236.72999572753906,245.0,231.41000366210938,238.5,238.5,378255,False
CSPX,2020-03-20,246.32000732421875,250.60000610351562,1.0,237.22000122070312,237.22000122070312,181835,False
CSPX,2020-03-23,230.0,238.13999938964844,218.6199951171875,223.14999389648438,223.14999389648438,603666,True
CSPX,2020-03-24,232.6999969482422,242.80999755859375,230.72999572753906,242.80999755859375,242.80999755859375,220737,True
CSPX,2020-03-25,247.17999267578125,256.1199951171875,239.4499969482422,250.33999633789062,250.33999633789062,233748,False
CSPX,2020-03-26,242.35000610351562,259.3399963378906,241.00999450683594,259.3399963378906,259.3399963378906,255472,True
CSPX,2020-03-27,257.20001220703125,258.54998779296875,251.33999633789062,255.0,255.0,166431,False
CSPX,2020-03-30,254.6699981689453,260.5,250.36000061035156,259.79998779296875,259.79998779296875,266131,False
CSPX,2020-03-31,263.260009765625,264.1400146484375,258.0,263.5,263.5,261624,False
CSPX,2020-04-01,250.77999877929688,252.5,247.7100067138672,250.16000366210938,250.16000366210938,214781,True
CSPX,2020-04-02,249.75,252.9199981689453,243.3000030517578,250.14999389648438,250.14999389648438,295479,False
CSPX,2020-04-03,250.47000122070312,253.27999877929688,248.4199981689453,248.9600067138672,248.9600067138672,153654,False
CSPX,2020-04-06,255.0,261.0799865722656,255.0,260.3999938964844,260.3999938964844,162117,True
CSPX,2020-04-07,269.5199890136719,275.30999755859375,268.489990234375,271.7799987792969,271.7799987792969,209751,True
CSPX,2020-04-08,265.44000244140625,272.19000244140625,263.4700012207031,271.20001220703125,271.20001220703125,160683,False
CSPX,2020-04-09,276.5199890136719,281.1600036621094,270.8500061035156,278.4700012207031,278.4700012207031,161798,False
CSPX,2020-04-14,280.5299987792969,285.19000244140625,278.79998779296875,281.55999755859375,281.55999755859375,283948,False
CSPX,2020-04-15,282.9200134277344,284.4800109863281,275.8299865722656,277.2699890136719,277.2699890136719,386070,False
CSPX,2020-04-16,280.7200012207031,281.30999755859375,276.2799987792969,279.30999755859375,279.30999755859375,104521,False
CSPX,2020-04-17,287.5,288.45001220703125,282.67999267578125,283.8299865722656,283.8299865722656,222228,False
CSPX,2020-04-20,286.6000061035156,286.6000061035156,281.4800109863281,285.760009765625,285.760009765625,145868,False
CSPX,2020-04-21,280.7799987792969,281.3399963378906,272.8500061035156,273.29998779296875,273.29998779296875,217119,True
CSPX,2020-04-22,276.5400085449219,279.1400146484375,275.6199951171875,278.8299865722656,278.8299865722656,172902,False
CSPX,2020-04-23,280.3800048828125,284.1600036621094,278.5,282.8800048828125,282.8800048828125,148073,False
CSPX,2020-04-24,278.3900146484375,281.6400146484375,277.4100036621094,279.6700134277344,279.6700134277344,131665,False
CSPX,2020-04-27,285.20001220703125,287.95001220703125,284.9599914550781,287.17999267578125,287.17999267578125,96019,False
CSPX,2020-04-28,286.9200134277344,291.989990234375,286.0,288.0,288.0,161635,False
CSPX,2020-04-29,289.1199951171875,293.6000061035156,288.6300048828125,293.1300048828125,293.1300048828125,113732,False
CSPX,2020-04-30,295.6400146484375,295.8800048828125,289.94000244140625,291.32000732421875,291.32000732421875,162807,False
CSPX,2020-05-01,284.739990234375,286.1000061035156,283.7799987792969,283.92999267578125,283.92999267578125,123641,False
CSPX,2020-05-04,281.94000244140625,282.57000732421875,279.07000732421875,281.7099914550781,281.7099914550781,110205,False
CSPX,2020-05-05,285.29998779296875,289.1400146484375,283.8999938964844,289.0799865722656,289.0799865722656,124510,False
CSPX,2020-05-06,288.69000244140625,289.260009765625,285.75,286.70001220703125,286.70001220703125,102301,False
CSPX,2020-05-07,286.55999755859375,289.30999755859375,286.2300109863281,288.9800109863281,288.9800109863281,184117,False
CSPX,2020-05-11,294.0899963378906,294.79998779296875,289.6000061035156,292.20001220703125,292.20001220703125,82499,False
CSPX,2020-05-12,291.17999267578125,294.5,290.9599914550781,292.69000244140625,292.69000244140625,169867,False
CSPX,2020-05-13,287.0799865722656,288.239990234375,280.94000244140625,283.94000244140625,283.94000244140625,261424,True
CSPX,2020-05-14,280.7699890136719,282.6700134277344,276.6499938964844,280.3500061035156,280.3500061035156,375509,False
CSPX,2020-05-15,285.3399963378906,286.8399963378906,281.67999267578125,283.239990234375,283.239990234375,82021,False
CSPX,2020-05-18,289.6000061035156,295.8599853515625,289.0899963378906,295.6000061035156,295.6000061035156,212167,True
CSPX,2020-05-19,297.5400085449219,297.8100891113281,293.7200012207031,296.0,296.0,110927,False
CSPX,2020-05-20,293.7799987792969,298.17999267578125,293.5,298.0899963378906,298.0899963378906,141107,False
CSPX,2020-05-21,295.3699951171875,297.80999755859375,294.20001220703125,294.7900085449219,294.7900085449219,50326,False
CSPX,2020-05-22,292.20001220703125,295.1600036621094,291.1700134277344,294.0199890136719,294.0199890136719,82053,False
CSPX,2020-05-26,301.4599914550781,302.5799865722656,300.8399963378906,301.0299987792969,301.0299987792969,67460,False
CSPX,2020-05-27,301.6600036621094,304.1199951171875,297.44000244140625,299.3800048828125,299.3800048828125,108428,False
CSPX,2020-05-28,304.67999267578125,306.1499938964844,303.55999755859375,305.17999267578125,305.17999267578125,124677,False
CSPX,2020-05-29,303.2200012207031,304.9599914550781,300.92999267578125,301.5199890136719,301.5199890136719,110014,False
CSPX,2020-06-01,305.7200012207031,306.1000061035156,302.760009765625,305.04998779296875,305.04998779296875,86108,False
CSPX,2020-06-02,305.30999755859375,308.1199951171875,305.1199951171875,306.4100036621094,306.4100036621094,75102,False
CSPX,2020-06-03,309.42999267578125,312.3699951171875,309.1499938964844,312.3699951171875,312.3699951171875,192658,False
CSPX,2020-06-04,311.2300109863281,313.54998779296875,310.17999267578125,311.92999267578125,311.92999267578125,303227,False
CSPX,2020-06-05,314.0199890136719,321.2456970214844,313.4700012207031,321.1400146484375,321.1400146484375,131748,False
CSPX,2020-06-08,319.5400085449219,321.80999755859375,318.8599853515625,320.29998779296875,320.29998779296875,211213,False
CSPX,2020-06-09,322.8999938964844,323.0011901855469,319.7099914550781,321.42999267578125,321.42999267578125,153764,False
CSPX,2020-06-10,322.1000061035156,323.0799865722656,318.6499938964844,319.2300109863281,319.2300109863281,169877,False
CSPX,2020-06-11,314.8599853515625,315.1300048828125,308.55999755859375,308.55999755859375,308.55999755859375,194846,True
CSPX,2020-06-12,303.3599853515625,309.4200134277344,300.8999938964844,303.8599853515625,303.8599853515625,219737,False
CSPX,2020-06-15,310.69000244140625,312.3999938964844,310.69000244140625,310.69000244140625,310.69000244140625,109258,False
CSPX,2020-06-16,310.5199890136719,317.3900146484375,307.9700012207031,313.3599853515625,313.3599853515625,238949,False
CSPX,2020-06-17,313.42999267578125,316.3299865722656,311.67999267578125,312.94000244140625,312.94000244140625,67995,False
CSPX,2020-06-18,311.55999755859375,313.6199951171875,309.1400146484375,311.8599853515625,311.8599853515625,53902,False
CSPX,2020-06-19,313.2200012207031,316.1600036621094,309.1099853515625,313.80999755859375,313.80999755859375,85881,False
CSPX,2020-06-22,309.1700134277344,312.01007080078125,308.3800048828125,310.6400146484375,310.6400146484375,73698,False
CSPX,2020-06-23,313.0400085449219,316.29998779296875,312.989990234375,315.6600036621094,315.6600036621094,70967,False
CSPX,2020-06-24,313.8500061035156,314.2300109863281,305.8500061035156,305.989990234375,305.989990234375,78524,True
CSPX,2020-06-25,304.5,306.9599914550781,302.5,304.3999938964844,304.3999938964844,131042,False
CSPX,2020-06-26,308.1300048828125,309.760009765625,302.42999267578125,303.5,303.5,190043,False
CSPX,2020-06-29,303.010009765625,305.0,300.6000061035156,304.6000061035156,304.6000061035156,174212,False
CSPX,2020-06-30,306.29998779296875,308.94000244140625,304.8900146484375,308.29998779296875,308.29998779296875,189623,False
CSPX,2020-07-01,310.1199951171875,312.9200134277344,308.1000061035156,311.3699951171875,311.3699951171875,194226,False
CSPX,2020-07-02,313.29998779296875,317.3999938964844,313.07000732421875,315.0199890136719,315.0199890136719,102553,False
CSPX,2020-07-03,315.45001220703125,315.510009765625,312.3699951171875,313.20001220703125,313.20001220703125,17546,False
CSPX,2020-07-06,318.2200012207031,319.0,317.4100036621094,318.7799987792969,318.7799987792969,85204,False
CSPX,2020-07-07,317.5400085449219,319.6499938964844,315.6499938964844,318.5199890136719,318.5199890136719,292290,False
CSPX,2020-07-08,315.239990234375,317.94000244140625,314.6400146484375,315.30999755859375,315.30999755859375,166373,False
CSPX,2020-07-09,317.69000244140625,318.8900146484375,310.0,313.6499938964844,313.6499938964844,64336,False
CSPX,2020-07-10,313.3999938964844,317.9800109863281,313.2200012207031,316.8800048828125,316.8800048828125,56638,False
CSPX,2020-07-13,320.989990234375,324.0,320.1199951171875,323.8699951171875,323.8699951171875,39153,False
CSPX,2020-07-14,318.0899963378906,318.1600036621094,313.8999938964844,317.70001220703125,317.70001220703125,61863,False
CSPX,2020-07-15,322.3800048828125,325.04998779296875,321.7699890136719,323.19000244140625,323.19000244140625,88615,False
CSPX,2020-07-16,321.9800109863281,322.4599914550781,320.7200012207031,321.42999267578125,321.42999267578125,74483,False
CSPX,2020-07-17,322.0400085449219,323.54998779296875,321.3500061035156,322.760009765625,322.760009765625,69088,False
CSPX,2020-07-20,321.6400146484375,325.0400085449219,320.8699951171875,324.42999267578125,324.42999267578125,90109,False
CSPX,2020-07-21,327.69000244140625,328.9800109863281,327.2699890136719,328.239990234375,328.239990234375,80777,False
CSPX,2020-07-22,327.260009765625,327.760009765625,324.8900146484375,327.1400146484375,327.1400146484375,123935,False
CSPX,2020-07-23,329.7699890136719,330.19000244140625,327.19000244140625,328.5199890136719,328.5199890136719,32193,False
CSPX,2020-07-24,322.5,328.5199890136719,321.45001220703125,323.1600036621094,323.1600036621094,48649,False
CSPX,2020-07-27,323.1199951171875,324.6400146484375,322.6499938964844,323.489990234375,323.489990234375,63778,False
CSPX,2020-07-28,325.17999267578125,325.489990234375,323.05999755859375,324.79998779296875,324.79998779296875,53303,False
CSPX,2020-07-29,323.489990234375,325.5129089355469,323.29998779296875,325.45001220703125,325.45001220703125,40104,False
CSPX,2020-07-30,325.67999267578125,325.79998779296875,321.3800048828125,324.3599853515625,324.3599853515625,56342,False
CSPX,2020-07-31,327.760009765625,327.94000244140625,248.10000610351562,325.54998779296875,325.54998779296875,54739,False
CSPX,2020-08-03,327.79998779296875,331.0,327.45001220703125,330.67999267578125,330.67999267578125,103802,False
CSPX,2020-08-04,331.1199951171875,331.5799865722656,329.0,331.2200012207031,331.2200012207031,115338,False
CSPX,2020-08-05,333.010009765625,334.2099914550781,332.7699890136719,333.95001220703125,333.95001220703125,113815,False
CSPX,2020-08-06,333.8699951171875,334.55999755859375,331.9100036621094,333.3900146484375,333.3900146484375,66350,False
CSPX,2020-08-07,334.5,336.3999938964844,334.29998779296875,335.9200134277344,335.9200134277344,65799,False
CSPX,2020-08-10,336.6099853515625,337.2699890136719,334.82000732421875,336.2799987792969,336.2799987792969,40474,False
CSPX,2020-08-11,337.79998779296875,339.6400146484375,337.3800048828125,338.8800048828125,338.8800048828125,125758,False
CSPX,2020-08-12,336.3599853515625,339.3500061035156,336.2799987792969,339.1099853515625,339.1099853515625,63802,False
CSPX,2020-08-13,338.6600036621094,339.8800048828125,338.260009765625,339.4200134277344,339.4200134277344,109903,False
CSPX,2020-08-14,339.0799865722656,339.25,336.8190002441406,339.010009765625,339.010009765625,38079,False
CSPX,2020-08-17,339.0,340.0400085449219,338.7099914550781,339.5799865722656,339.5799865722656,33678,False
CSPX,2020-08-18,339.5299987792969,340.7799987792969,338.6499938964844,340.1400146484375,340.1400146484375,104928,False
CSPX,2020-08-19,340.6499938964844,341.8586120605469,340.1499938964844,341.3500061035156,341.3500061035156,87362,False
CSPX,2020-08-20,337.5,339.20001220703125,336.8399963378906,339.04998779296875,339.04998779296875,83065,False
CSPX,2020-08-21,340.4800109863281,340.6499938964844,337.5,340.1400146484375,340.1400146484375,112074,False
CSPX,2020-08-24,342.6000061035156,344.25,342.6000061035156,343.55999755859375,343.55999755859375,91480,False
CSPX,2020-08-25,346.1199951171875,346.69000244140625,344.1300048828125,344.760009765625,344.760009765625,89618,False
CSPX,2020-08-26,345.92999267578125,347.2900085449219,345.61260986328125,347.2099914550781,347.2099914550781,32866,False
CSPX,2020-08-27,349.3999938964844,352.8900146484375,348.4700012207031,350.9599914550781,350.9599914550781,44556,False
CSPX,2020-08-28,352.19000244140625,352.20001220703125,350.0899963378906,350.9700012207031,350.9700012207031,35851,False
CSPX,2020-09-01,352.7799987792969,353.5,351.05999755859375,352.7200012207031,352.7200012207031,111111,False
CSPX,2020-09-02,355.8599853515625,357.5,355.20001220703125,356.5400085449219,356.5400085449219,125178,False
CSPX,2020-09-03,359.3800048828125,360.3699951171875,346.9100036621094,348.82000732421875,348.82000732421875,195013,False
CSPX,2020-09-04,346.17999267578125,350.2200012207031,336.95001220703125,339.0400085449219,339.0400085449219,116721,False
CSPX,2020-09-07,341.32000732421875,345.55999755859375,341.25,345.2799987792969,345.2799987792969,57174,False
CSPX,2020-09-08,345.8999938964844,345.92999267578125,335.69000244140625,337.3599853515625,337.3599853515625,137608,False
CSPX,2020-09-09,335.6300048828125,342.04998779296875,335.489990234375,341.7699890136719,341.7699890136719,163513,False
CSPX,2020-09-10,342.0,344.17999267578125,339.6400146484375,341.92999267578125,341.92999267578125,93042,False
CSPX,2020-09-11,338.32000732421875,339.4599914550781,335.5,336.54998779296875,336.54998779296875,61874,False
CSPX,2020-09-14,340.0199890136719,342.0,338.25,341.6199951171875,341.6199951171875,168734,False
CSPX,2020-09-15,340.9599914550781,343.6600036621094,340.6300048828125,343.3900146484375,343.3900146484375,76004,False
CSPX,2020-09-16,342.69000244140625,344.70001220703125,342.1099853515625,344.0199890136719,344.0199890136719,118281,False
CSPX,2020-09-17,334.94000244140625,339.260009765625,334.44000244140625,338.239990234375,338.239990234375,200089,False
CSPX,2020-09-18,338.0199890136719,339.2300109863281,335.1400146484375,335.1400146484375,335.1400146484375,129961,False
CSPX,2020-09-21,333.1600036621094,333.4599914550781,324.67999267578125,324.989990234375,324.989990234375,210392,True
CSPX,2020-09-22,329.239990234375,332.1199951171875,328.6099853515625,329.3299865722656,329.3299865722656,95662,False
CSPX,2020-09-23,333.5400085449219,334.8900146484375,331.2300109863281,331.2300109863281,331.2300109863281,185575,False
CSPX,2020-09-24,325.0400085449219,327.25,322.94000244140625,326.3399963378906,326.3399963378906,82548,False
CSPX,2020-09-25,327.7200012207031,328.79998779296875,323.6499938964844,328.5799865722656,328.5799865722656,98428,False
CSPX,2020-09-28,333.94000244140625,337.6099853515625,333.4599914550781,336.8699951171875,336.8699951171875,64740,False
CSPX,2020-09-29,337.94000244140625,337.94000244140625,335.6700134277344,336.0400085449219,336.0400085449219,110213,False
CSPX,2020-09-30,333.4599914550781,340.05999755859375,332.760009765625,339.6199951171875,339.6199951171875,78019,False
CSPX,2020-10-01,340.989990234375,341.70001220703125,338.6499938964844,340.5799865722656,340.5799865722656,97855,False
CSPX,2020-10-02,335.5199890136719,338.239990234375,333.489990234375,337.29998779296875,337.29998779296875,445774,False
CSPX,2020-10-05,338.9200134277344,341.8500061035156,337.92999267578125,341.4599914550781,341.4599914550781,70174,False
CSPX,2020-10-06,342.2799987792969,343.5,341.1099853515625,342.54998779296875,342.54998779296875,72684,False
CSPX,2020-10-07,340.0299987792969,342.8599853515625,339.7099914550781,342.6099853515625,342.6099853515625,111225,False
CSPX,2020-10-08,346.0199890136719,346.5400085449219,344.6400146484375,345.05999755859375,345.05999755859375,37243,False
CSPX,2020-10-09,347.67999267578125,349.1300048828125,347.67999267578125,349.1300048828125,349.1300048828125,59060,False
CSPX,2020-10-12,351.0199890136719,355.1400146484375,350.7200012207031,355.1400146484375,355.1400146484375,46701,False
CSPX,2020-10-13,354.9200134277344,356.19000244140625,353.8999938964844,354.9700012207031,354.9700012207031,138914,False
CSPX,2020-10-14,354.8800048828125,355.239990234375,352.6000061035156,353.2200012207031,353.2200012207031,165053,False
CSPX,2020-10-15,349.3599853515625,349.3699951171875,346.4800109863281,348.75,348.75,113057,False
CSPX,2020-10-16,351.010009765625,353.79998779296875,350.1600036621094,352.3500061035156,352.3500061035156,74340,False
CSPX,2020-10-19,351.7699890136719,352.7300109863281,348.75,349.3699951171875,349.3699951171875,35109,False
CSPX,2020-10-20,346.9800109863281,349.2699890136719,345.7699890136719,346.4700012207031,346.4700012207031,47109,False
CSPX,2020-10-21,348.1000061035156,348.6000061035156,345.3699951171875,346.6600036621094,346.6600036621094,73944,False
CSPX,2020-10-22,344.5899963378906,346.6300048828125,343.7799987792969,345.6199951171875,345.6199951171875,78065,False
CSPX,2020-10-23,347.1199951171875,349.239990234375,347.0299987792969,347.45001220703125,347.45001220703125,64253,False
CSPX,2020-10-26,344.4800109863281,349.0899963378906,340.7300109863281,340.7300109863281,340.7300109863281,49989,False
CSPX,2020-10-27,343.6199951171875,344.067138671875,341.2799987792969,341.94000244140625,341.94000244140625,54500,False
CSPX,2020-10-28,338.3800048828125,338.6000061035156,330.54998779296875,332.3399963378906,332.3399963378906,138700,False
CSPX,2020-10-29,332.0199890136719,335.6499938964844,328.0,332.2300109863281,332.2300109863281,142788,False
CSPX,2020-10-30,327.4100036621094,332.4800109863281,326.29998779296875,328.7200012207031,328.7200012207031,126990,False
CSPX,2020-11-02,330.6400146484375,335.3299865722656,329.8399963378906,333.239990234375,333.239990234375,147016,False
CSPX,2020-11-03,334.9599914550781,341.0798034667969,334.2799987792969,340.8999938964844,340.8999938964844,46301,False
CSPX,2020-11-04,337.6400146484375,349.6199951171875,337.1199951171875,349.2200012207031,349.2200012207031,241678,False
CSPX,2020-11-05,350.2200012207031,355.3500061035156,349.6099853515625,354.20001220703125,354.20001220703125,129071,False
CSPX,2020-11-06,352.0299987792969,356.9599914550781,348.6300048828125,353.19000244140625,353.19000244140625,152916,False
CSPX,2020-11-09,357.9100036621094,370.0,357.6199951171875,363.6099853515625,363.6099853515625,283951,False
CSPX,2020-11-10,358.510009765625,358.95001220703125,352.9200134277344,356.1600036621094,356.1600036621094,205381,False
CSPX,2020-11-11,357.8800048828125,360.3900146484375,357.5400085449219,359.7799987792969,359.7799987792969,101715,False
CSPX,2020-11-12,357.80999755859375,359.760009765625,357.5799865722656,358.4800109863281,358.4800109863281,111156,False
CSPX,2020-11-13,357.4599914550781,359.8800048828125,357.45001220703125,358.6400146484375,358.6400146484375,113708,False
CSPX,2020-11-16,364.3599853515625,366.70001220703125,362.82000732421875,364.989990234375,364.989990234375,120662,False
CSPX,2020-11-17,364.0199890136719,364.739990234375,361.6000061035156,363.9800109863281,363.9800109863281,102458,False
CSPX,2020-11-18,362.739990234375,365.3900146484375,362.67999267578125,364.3699951171875,364.3699951171875,86451,False
CSPX,2020-11-19,359.5799865722656,359.8800048828125,357.2699890136719,358.67999267578125,358.67999267578125,76620,False
CSPX,2020-11-20,359.29998779296875,361.29998779296875,359.1400146484375,360.5199890136719,360.5199890136719,191896,False
CSPX,2020-11-23,360.1700134277344,361.67999267578125,358.2799987792969,358.2799987792969,358.2799987792969,80887,False
CSPX,2020-11-24,363.20001220703125,365.6700134277344,362.489990234375,365.6700134277344,365.6700134277344,151920,False
CSPX,2020-11-25,367.1400146484375,367.5,364.6600036621094,365.3999938964844,365.3999938964844,67004,False
CSPX,2020-11-26,366.7200012207031,366.8399963378906,365.5600891113281,365.739990234375,365.739990234375,61186,False
CSPX,2020-11-27,365.989990234375,367.5199890136719,365.74169921875,366.9100036621094,366.9100036621094,118937,False
CSPX,2020-11-30,364.3599853515625,366.510009765625,362.3599853515625,362.82000732421875,362.82000732421875,149161,False
CSPX,2020-12-01,368.4700012207031,370.6499938964844,368.1600036621094,370.0199890136719,370.0199890136719,316212,False
CSPX,2020-12-02,368.42999267578125,369.2799987792969,367.4200134277344,369.260009765625,369.260009765625,467342,False
CSPX,2020-12-03,370.0,371.9209899902344,368.989990234375,370.9100036621094,370.9100036621094,98684,False
CSPX,2020-12-04,370.44000244140625,372.4700012207031,370.0,372.2300109863281,372.2300109863281,120687,False
CSPX,2020-12-07,372.4200134277344,372.82000732421875,370.0,372.6000061035156,372.6000061035156,242979,False
CSPX,2020-12-08,371.04998779296875,372.8299865722656,369.6099853515625,372.8299865722656,372.8299865722656,345439,False
CSPX,2020-12-09,374.0899963378906,375.19500732421875,372.29998779296875,372.3900146484375,372.3900146484375,200773,False
CSPX,2020-12-10,370.2799987792969,371.20001220703125,367.8399963378906,370.6000061035156,370.6000061035156,105679,False
CSPX,2020-12-11,369.80999755859375,369.9100036621094,365.9700012207031,367.75,367.75,118523,False
CSPX,2020-12-14,371.30999755859375,372.94000244140625,370.6099853515625,370.6099853515625,370.6099853515625,85163,False
CSPX,2020-12-15,368.5299987792969,371.9031066894531,368.3599853515625,369.8800048828125,369.8800048828125,87575,False
CSPX,2020-12-16,372.5899963378906,373.95001220703125,372.0199890136719,373.45001220703125,373.45001220703125,95835,False
CSPX,2020-12-17,375.25,375.7699890136719,374.6000061035156,374.8699951171875,374.8699951171875,53112,False
CSPX,2020-12-18,374.8299865722656,376.2099914550781,372.5,373.17999267578125,373.17999267578125,173590,False
CSPX,2020-12-21,372.8999938964844,375.80999755859375,363.6199951171875,369.4200134277344,369.4200134277344,106620,False
CSPX,2020-12-22,371.42999267578125,373.75,370.9800109863281,371.95001220703125,371.95001220703125,173321,False
CSPX,2020-12-23,372.55999755859375,374.4866943359375,372.2099914550781,373.5799865722656,373.5799865722656,138336,False
CSPX,2020-12-24,373.3699951171875,373.79998779296875,373.010009765625,373.0400085449219,373.0400085449219,29268,False
CSPX,2020-12-29,378.92999267578125,379.2699890136719,376.75,377.6199951171875,377.6199951171875,323886,False
CSPX,2020-12-30,377.5299987792969,378.15728759765625,377.0,377.54998779296875,377.54998779296875,136567,False
CSPX,2020-12-31,376.57000732421875,377.2699890136719,375.95001220703125,376.75,376.75,16930,False
CSPX,2021-01-04,380.989990234375,381.8488464355469,372.5,373.7099914550781,373.7099914550781,80950,False
CSPX,2021-01-05,372.5799865722656,377.1759033203125,371.760009765625,374.6499938964844,374.6499938964844,81622,False
CSPX,2021-01-06,375.3599853515625,381.0299987792969,372.9100036621094,380.69000244140625,380.69000244140625,73156,False
CSPX,2021-01-07,381.20001220703125,384.7442626953125,379.25,383.8299865722656,383.8299865722656,85092,False
CSPX,2021-01-08,385.6199951171875,385.9700012207031,383.8500061035156,384.7699890136719,384.7699890136719,43151,False
CSPX,2021-01-11,384.2699890136719,384.9100036621094,382.1099853515625,384.5899963378906,384.5899963378906,86759,False
CSPX,2021-01-12,384.2799987792969,385.0899963378906,382.69000244140625,383.80999755859375,383.80999755859375,86741,False
CSPX,2021-01-13,384.6000061035156,384.83709716796875,382.20001220703125,384.6600036621094,384.6600036621094,61917,False
CSPX,2021-01-14,385.5400085449219,386.010009765625,384.8999938964844,385.1600036621094,385.1600036621094,49433,False
CSPX,2021-01-15,382.04998779296875,382.7099914550781,378.489990234375,381.19000244140625,381.19000244140625,69181,False
CSPX,2021-01-18,379.510009765625,381.1499938964844,379.45001220703125,381.1199951171875,381.1199951171875,149467,False
CSPX,2021-01-19,383.29998779296875,383.5799865722656,381.57000732421875,382.0,382.0,332609,False
CSPX,2021-01-20,384.04998779296875,388.2193908691406,383.8599853515625,387.6700134277344,387.6700134277344,140572,False
CSPX,2021-01-21,390.05999755859375,390.2799987792969,388.1600036621094,388.8800048828125,388.8800048828125,133066,False
CSPX,2021-01-22,387.4200134277344,388.770751953125,385.8699951171875,387.739990234375,387.739990234375,123537,False
CSPX,2021-01-25,389.57000732421875,389.7300109863281,383.3299865722656,386.2900085449219,386.2900085449219,203821,False
CSPX,2021-01-26,387.2799987792969,390.6700134277344,387.2200012207031,389.17999267578125,389.17999267578125,158485,False
CSPX,2021-01-27,388.30999755859375,388.739990234375,380.4800109863281,382.1499938964844,382.1499938964844,261557,False
CSPX,2021-01-28,377.4100036621094,385.8699951171875,375.07000732421875,385.05999755859375,385.05999755859375,285935,False
CSPX,2021-01-29,377.6499938964844,381.8299865722656,376.57000732421875,377.04998779296875,377.04998779296875,114844,False
CSPX,2021-02-01,377.3800048828125,379.8360900878906,376.2200012207031,379.55999755859375,379.55999755859375,119536,False
CSPX,2021-02-02,382.8699951171875,387.94000244140625,382.67999267578125,387.4800109863281,387.4800109863281,283951,False
CSPX,2021-02-03,388.82000732421875,389.0400085449219,385.1300048828125,386.8699951171875,386.8699951171875,323602,False
CSPX,2021-02-04,386.6000061035156,389.8399963378906,386.6000061035156,389.45001220703125,389.45001220703125,107225,False
CSPX,2021-02-05,391.82000732421875,393.260009765625,391.54998779296875,392.6600036621094,392.6600036621094,143782,False
CSPX,2021-02-08,393.95001220703125,394.9100036621094,393.2900085449219,393.67999267578125,393.67999267578125,49673,False
CSPX,2021-02-09,395.3500061035156,395.95269775390625,394.2200012207031,395.0,395.0,54882,False
CSPX,2021-02-10,396.760009765625,397.3800048828125,392.79998779296875,394.7699890136719,394.7699890136719,60359,False
CSPX,2021-02-11,395.6400146484375,396.70001220703125,395.2799987792969,395.94000244140625,395.94000244140625,173084,False
CSPX,2021-02-12,394.9100036621094,396.55889892578125,393.9200134277344,396.489990234375,396.489990234375,34147,False
CSPX,2021-02-15,399.2300109863281,399.95001220703125,398.1499938964844,399.7300109863281,399.7300109863281,41003,False
CSPX,2021-02-16,399.989990234375,400.04998779296875,397.45001220703125,397.75,397.75,36083,False
CSPX,2021-02-17,397.2200012207031,397.8999938964844,394.70001220703125,395.0899963378906,395.0899963378906,74871,False
CSPX,2021-02-18,396.1000061035156,397.05999755859375,392.70001220703125,394.1199951171875,394.1199951171875,110651,False
CSPX,2021-02-19,395.3800048828125,397.75,395.239990234375,397.1600036621094,397.1600036621094,117507,False
CSPX,2021-02-22,392.29998779296875,393.42999267578125,390.82000732421875,392.760009765625,392.760009765625,115137,False
CSPX,2021-02-23,393.6400146484375,394.0299987792969,385.05999755859375,390.25,390.25,100040,False
CSPX,2021-02-24,391.2200012207031,394.82000732421875,390.1700134277344,394.6700134277344,394.6700134277344,99189,False
CSPX,2021-02-25,397.32000732421875,397.45001220703125,392.6700134277344,393.260009765625,393.260009765625,120392,False
CSPX,2021-02-26,386.6400146484375,390.010009765625,383.32000732421875,388.44000244140625,388.44000244140625,201158,False
CSPX,2021-03-01,389.5,394.489990234375,389.0,393.9800109863281,393.9800109863281,74119,False
CSPX,2021-03-02,392.44000244140625,395.0,391.3900146484375,391.9800109863281,391.9800109863281,126776,False
CSPX,2021-03-03,393.7300109863281,394.4700012207031,388.0,390.8599853515625,390.8599853515625,112106,False
CSPX,2021-03-04,385.6499938964844,388.0400085449219,383.0,386.92999267578125,386.92999267578125,81043,False
CSPX,2021-03-05,380.19000244140625,386.010009765625,377.239990234375,378.2300109863281,378.2300109863281,139820,False
CSPX,2021-03-08,385.8500061035156,392.30999755859375,384.2900085449219,391.3500061035156,391.3500061035156,103869,True
CSPX,2021-03-09,389.510009765625,393.9100036621094,388.95001220703125,393.3999938964844,393.3999938964844,148899,False
CSPX,2021-03-10,391.1300048828125,395.8599853515625,391.0,394.5400085449219,394.5400085449219,103194,False
CSPX,2021-03-11,396.80999755859375,400.119873046875,396.5400085449219,399.9800109863281,399.9800109863281,47385,False
CSPX,2021-03-12,397.44000244140625,398.0,395.7699890136719,397.1400146484375,397.1400146484375,100879,False
CSPX,2021-03-15,399.0199890136719,400.4800109863281,397.1400146484375,398.8399963378906,398.8399963378906,35598,False
CSPX,2021-03-16,401.5799865722656,402.80999755859375,401.0299987792969,401.6099853515625,401.6099853515625,116907,False
CSPX,2021-03-17,400.9200134277344,402.04998779296875,398.4800109863281,399.1600036621094,399.1600036621094,63548,False
CSPX,2021-03-18,400.9800109863281,401.69000244140625,398.92999267578125,400.8699951171875,400.8699951171875,294811,False
CSPX,2021-03-19,397.6499938964844,398.04998779296875,393.4800109863281,396.9700012207031,396.9700012207031,78273,False
CSPX,2021-03-22,395.05999755859375,399.1000061035156,394.5199890136719,399.05999755859375,399.05999755859375,40678,False
CSPX,2021-03-23,398.1600036621094,399.6700134277344,396.8999938964844,398.45001220703125,398.45001220703125,77597,False
CSPX,2021-03-24,395.7799987792969,398.8900146484375,395.2900085449219,398.1499938964844,398.1499938964844,69635,False
CSPX,2021-03-25,394.1000061035156,395.1400146484375,390.07000732421875,393.9200134277344,393.9200134277344,115558,False
CSPX,2021-03-26,397.2699890136719,398.8800048828125,396.239990234375,398.8800048828125,398.8800048828125,68337,False
CSPX,2021-03-29,400.0899963378906,403.19000244140625,399.17999267578125,400.5199890136719,400.5199890136719,78167,False
CSPX,2021-03-30,401.9800109863281,402.3900146484375,399.30999755859375,400.95001220703125,400.95001220703125,132584,False
CSPX,2021-03-31,400.5199890136719,403.2900085449219,400.25,402.94000244140625,402.94000244140625,92126,False
CSPX,2021-04-01,403.5299987792969,405.8299865722656,403.19000244140625,405.5799865722656,405.5799865722656,111338,False
CSPX,2021-04-06,412.20001220703125,413.6199951171875,411.1099853515625,413.20001220703125,413.20001220703125,109095,False
CSPX,2021-04-07,412.92999267578125,413.3999938964844,411.7699890136719,412.70001220703125,412.70001220703125,162376,False
CSPX,2021-04-08,414.7799987792969,414.8599853515625,413.44000244140625,414.32000732421875,414.32000732421875,219581,False
CSPX,2021-04-09,415.1600036621094,415.8970031738281,414.32000732421875,415.54998779296875,415.54998779296875,57290,False
CSPX,2021-04-12,417.1700134277344,417.94000244140625,416.67999267578125,417.239990234375,417.239990234375,56871,False
CSPX,2021-04-13,418.0400085449219,418.80999755859375,415.82000732421875,418.6099853515625,418.6099853515625,183481,False
CSPX,2021-04-14,419.6000061035156,420.3699951171875,419.17999267578125,419.6700134277344,419.6700134277344,109303,False
CSPX,2021-04-15,419.2099914550781,422.0299987792969,419.0,421.239990234375,421.239990234375,298570,False
CSPX,2021-04-16,421.70001220703125,424.0,421.5799865722656,423.1000061035156,423.1000061035156,255391,False
CSPX,2021-04-19,422.94000244140625,423.6000061035156,421.0,421.80999755859375,421.80999755859375,104386,False
CSPX,2021-04-20,422.29998779296875,422.7439880371094,417.3599853515625,417.3599853515625,417.3599853515625,155838,False
CSPX,2021-04-21,418.7200012207031,421.739990234375,417.6400146484375,421.010009765625,421.010009765625,74831,False
CSPX,2021-04-22,422.2799987792969,423.5216979980469,421.010009765625,423.3599853515625,423.3599853515625,73948,False
CSPX,2021-04-23,419.3800048828125,424.0653076171875,419.1300048828125,422.8800048828125,422.8800048828125,46494,False
CSPX,2021-04-26,423.5400085449219,424.760009765625,422.70001220703125,424.4800109863281,424.4800109863281,54297,False
CSPX,2021-04-27,424.8399963378906,425.3299865722656,423.0,423.95001220703125,423.95001220703125,77096,False
CSPX,2021-04-28,424.5899963378906,425.05999755859375,423.80999755859375,424.4599914550781,424.4599914550781,59968,False
CSPX,2021-04-29,426.4599914550781,427.1600036621094,424.3900146484375,424.7699890136719,424.7699890136719,62666,False
CSPX,2021-04-30,425.54998779296875,425.7900085449219,423.4700012207031,423.80999755859375,423.80999755859375,68460,False
CSPX,2021-05-04,424.20001220703125,424.70001220703125,418.5,419.3299865722656,419.3299865722656,80038,False
CSPX,2021-05-05,422.760009765625,424.090087890625,421.67999267578125,423.6000061035156,423.6000061035156,56736,False
CSPX,2021-05-06,422.760009765625,424.0,420.3599853515625,423.2900085449219,423.2900085449219,75070,False
CSPX,2021-05-07,426.0,429.466796875,425.5,429.2799987792969,429.2799987792969,35500,False
CSPX,2021-05-10,429.2200012207031,429.5,427.75,428.92999267578125,428.92999267578125,84196,False
CSPX,2021-05-11,422.8399963378906,423.1700134277344,416.6199951171875,420.45001220703125,420.45001220703125,98559,False
CSPX,2021-05-12,419.6499938964844,420.7799987792969,415.0899963378906,415.0899963378906,415.0899963378906,70513,False
CSPX,2021-05-13,412.3399963378906,418.489990234375,408.9100036621094,416.4599914550781,416.4599914550781,78640,False
CSPX,2021-05-14,419.510009765625,422.8367919921875,418.4800109863281,422.1000061035156,422.1000061035156,121346,False
CSPX,2021-05-17,422.6000061035156,423.1099853515625,420.44000244140625,420.8399963378906,420.8399963378906,52185,False
CSPX,2021-05-18,423.8999938964844,424.05999755859375,421.0,421.57000732421875,421.57000732421875,64940,False
CSPX,2021-05-19,417.010009765625,417.45001220703125,411.7699890136719,414.010009765625,414.010009765625,182583,False
CSPX,2021-05-20,416.9599914550781,421.7699890136719,414.6199951171875,421.7699890136719,421.7699890136719,88386,False
CSPX,2021-05-21,422.6000061035156,424.67999267578125,421.8500061035156,423.1300048828125,423.1300048828125,54374,False
CSPX,2021-05-24,422.6300048828125,426.71038818359375,422.1400146484375,426.1499938964844,426.1499938964844,45379,False
CSPX,2021-05-25,427.2900085449219,427.340087890625,424.760009765625,424.760009765625,424.760009765625,64616,False
CSPX,2021-05-26,426.3500061035156,426.5899963378906,424.30999755859375,425.4100036621094,425.4100036621094,171439,False
CSPX,2021-05-27,424.3399963378906,427.25,424.2699890136719,426.3800048828125,426.3800048828125,43000,False
CSPX,2021-05-28,427.1499938964844,428.04998779296875,426.5799865722656,427.3500061035156,427.3500061035156,70747,False
CSPX,2021-06-01,427.05999755859375,429.4700012207031,425.9800109863281,426.7200012207031,426.7200012207031,78872,False
CSPX,2021-06-02,425.7699890136719,428.1264953613281,425.6000061035156,427.6400146484375,427.6400146484375,83239,False
CSPX,2021-06-03,426.79998779296875,426.79998779296875,422.8399963378906,425.7900085449219,425.7900085449219,75711,False
CSPX,2021-06-04,425.5,428.6000061035156,424.67999267578125,428.4200134277344,428.4200134277344,49718,False
CSPX,2021-06-07,428.3999938964844,429.5400085449219,427.7799987792969,428.0199890136719,428.0199890136719,91855,False
CSPX,2021-06-08,429.1499938964844,429.92999267578125,426.9599914550781,427.8399963378906,427.8399963378906,44175,False
CSPX,2021-06-09,428.94000244140625,429.79998779296875,428.7200012207031,429.260009765625,429.260009765625,51188,False
CSPX,2021-06-10,428.3999938964844,431.20001220703125,427.0,429.92999267578125,429.92999267578125,152733,False
CSPX,2021-06-11,430.17999267578125,431.1199951171875,429.7099914550781,430.1099853515625,430.1099853515625,80650,False
CSPX,2021-06-14,431.44000244140625,432.0400085449219,429.8800048828125,430.010009765625,430.010009765625,43657,False
CSPX,2021-06-15,432.989990234375,433.1099853515625,430.42999267578125,430.42999267578125,430.42999267578125,68803,False
CSPX,2021-06-16,431.17999267578125,431.5899963378906,430.5199890136719,431.0299987792969,431.0299987792969,73909,False
CSPX,2021-06-17,426.8999938964844,429.55999755859375,426.4599914550781,429.0299987792969,429.0299987792969,199793,False
CSPX,2021-06-18,428.9200134277344,429.1000061035156,423.5299987792969,424.32000732421875,424.32000732421875,112552,False
CSPX,2021-06-21,421.9800109863281,428.20001220703125,421.9399108886719,427.8299865722656,427.8299865722656,70045,False
CSPX,2021-06-22,429.1400146484375,430.6701965332031,427.8999938964844,430.3599853515625,430.3599853515625,102480,False
CSPX,2021-06-23,432.1400146484375,432.1400146484375,430.6099853515625,430.9200134277344,430.9200134277344,150727,False
CSPX,2021-06-24,431.6099853515625,433.6000061035156,431.5199890136719,432.9200134277344,432.9200134277344,104342,False
CSPX,2021-06-25,433.260009765625,434.5199890136719,432.9200134277344,434.4599914550781,434.4599914550781,98411,False
CSPX,2021-06-28,434.9599914550781,435.4599914550781,434.0799865722656,434.29998779296875,434.29998779296875,71314,False
CSPX,2021-06-29,435.0799865722656,436.5,435.0,436.1499938964844,436.1499938964844,130354,False
CSPX,2021-06-30,435.92999267578125,436.44000244140625,434.5,435.94000244140625,435.94000244140625,77002,False
CSPX,2021-07-01,436.9800109863281,438.1200866699219,436.1000061035156,437.5,437.5,59854,False
CSPX,2021-07-02,438.739990234375,440.30999755859375,438.3800048828125,440.30999755859375,440.30999755859375,86496,False
CSPX,2021-07-05,441.1700134277344,442.110107421875,440.909912109375,442.05999755859375,442.05999755859375,13328,False
CSPX,2021-07-06,441.7099914550781,442.0600891113281,438.5,439.4700012207031,439.4700012207031,55631,False
CSPX,2021-07-07,441.0199890136719,442.3800048828125,439.760009765625,441.5299987792969,441.5299987792969,44119,False
CSPX,2021-07-08,440.3299865722656,440.6499938964844,435.5899963378906,437.9700012207031,437.9700012207031,78856,False
CSPX,2021-07-09,439.0,443.2296142578125,439.0,443.04998779296875,443.04998779296875,176601,False
CSPX,2021-07-12,443.1099853515625,444.94000244140625,441.79998779296875,444.3599853515625,444.3599853515625,54009,False
CSPX,2021-07-13,444.79998779296875,445.989990234375,443.44000244140625,445.989990234375,445.989990234375,123359,False
CSPX,2021-07-14,442.7699890136719,446.1401062011719,442.6300048828125,444.07000732421875,444.07000732421875,40816,False
CSPX,2021-07-15,444.010009765625,444.7099914550781,442.2300109863281,443.3900146484375,443.3900146484375,57401,False
CSPX,2021-07-16,443.1000061035156,444.3399963378906,441.1499938964844,441.80999755859375,441.80999755859375,45232,False
CSPX,2021-07-19,438.32000732421875,438.4100036621094,430.6199951171875,433.05999755859375,433.05999755859375,107245,False
CSPX,2021-07-20,434.6300048828125,439.4565124511719,433.0,437.9200134277344,437.9200134277344,119629,False
CSPX,2021-07-21,439.5799865722656,442.05999755859375,439.2799987792969,441.6400146484375,441.6400146484375,87325,False
CSPX,2021-07-22,443.4200134277344,443.8500061035156,442.1400146484375,442.5799865722656,442.5799865722656,47652,False
CSPX,2021-07-23,445.05999755859375,447.6000061035156,444.8900146484375,447.3999938964844,447.3999938964844,26948,False
CSPX,2021-07-26,446.79998779296875,449.2300109863281,445.2300109863281,448.69000244140625,448.69000244140625,66949,False
CSPX,2021-07-27,448.1700134277344,448.94000244140625,445.29998779296875,445.5,445.5,39146,False
CSPX,2021-07-28,446.8699951171875,448.2099914550781,446.44000244140625,447.2699890136719,447.2699890136719,43061,False
CSPX,2021-07-29,447.6700134277344,449.99951171875,447.2699890136719,449.42999267578125,449.42999267578125,39515,False
CSPX,2021-07-30,445.2300109863281,448.20001220703125,444.5400085449219,446.6400146484375,446.6400146484375,74692,False
CSPX,2021-08-02,449.0299987792969,449.9399108886719,447.9599914550781,448.510009765625,448.510009765625,221580,False
CSPX,2021-08-03,447.0199890136719,448.8725891113281,444.3299865722656,446.44000244140625,446.44000244140625,87236,False
CSPX,2021-08-04,449.17999267578125,449.70001220703125,447.3999938964844,447.6400146484375,447.6400146484375,106171,False
CSPX,2021-08-05,447.30999755859375,449.3699951171875,447.30999755859375,449.30999755859375,449.30999755859375,47511,False
CSPX,2021-08-06,449.8500061035156,453.0799865722656,449.44000244140625,450.4700012207031,450.4700012207031,59271,False
CSPX,2021-08-09,449.6400146484375,450.7200012207031,449.5400085449219,450.2200012207031,450.2200012207031,56315,False
CSPX,2021-08-10,450.1099853515625,451.7099914550781,449.989990234375,450.8999938964844,450.8999938964844,37492,False
CSPX,2021-08-11,450.7099914550781,452.2099914550781,449.9800109863281,451.29998779296875,451.29998779296875,84034,False
CSPX,2021-08-12,451.6499938964844,452.9877014160156,450.94000244140625,452.1300048828125,452.1300048828125,38119,False
CSPX,2021-08-13,453.45001220703125,455.0,453.3900146484375,453.8800048828125,453.8800048828125,260920,False
CSPX,2021-08-16,452.8299865722656,454.1524963378906,451.239990234375,452.4700012207031,452.4700012207031,50234,False
CSPX,2021-08-17,453.6400146484375,454.0364990234375,451.55999755859375,452.6199951171875,452.6199951171875,83130,False
CSPX,2021-08-18,452.4599914550781,452.82000732421875,451.0,451.5299987792969,451.5299987792969,79762,False
CSPX,2021-08-19,444.17999267578125,447.94000244140625,442.67999267578125,447.2300109863281,447.2300109863281,73372,False
CSPX,2021-08-20,446.760009765625,451.7601013183594,445.0,450.9200134277344,450.9200134277344,95589,False
CSPX,2021-08-23,453.29998779296875,456.0,452.5,455.94000244140625,455.94000244140625,48569,False
CSPX,2021-08-24,457.0,457.0547790527344,455.7200012207031,456.1600036621094,456.1600036621094,61092,False
CSPX,2021-08-25,456.25,457.7840881347656,455.8500061035156,457.239990234375,457.239990234375,60255,False
CSPX,2021-08-26,456.4800109863281,457.28253173828125,454.5400085449219,455.70001220703125,455.70001220703125,39968,False
CSPX,2021-08-27,455.8599853515625,458.3999938964844,455.3999938964844,458.05999755859375,458.05999755859375,62205,False
CSPX,2021-08-31,462.17999267578125,462.260009765625,459.29998779296875,460.7300109863281,460.7300109863281,78485,False
CSPX,2021-09-01,461.8800048828125,462.010009765625,460.2900085449219,460.8999938964844,460.8999938964844,58818,False
CSPX,2021-09-02,460.44000244140625,462.2200012207031,460.30999755859375,462.010009765625,462.010009765625,72907,False
CSPX,2021-09-03,462.32000732421875,462.6000061035156,460.0,461.260009765625,461.260009765625,106701,False
CSPX,2021-09-06,461.9599914550781,463.0736083984375,461.8599853515625,462.67999267578125,462.67999267578125,68225,False
CSPX,2021-09-07,462.0199890136719,462.0899963378906,459.2099914550781,459.75,459.75,58161,False
CSPX,2021-09-08,459.55999755859375,460.92999267578125,457.260009765625,457.9700012207031,457.9700012207031,74671,False
CSPX,2021-09-09,457.2099914550781,460.8900146484375,456.75,459.3599853515625,459.3599853515625,132010,False
CSPX,2021-09-10,458.3399963378906,459.8299865722656,455.75,456.30999755859375,456.30999755859375,29387,False
CSPX,2021-09-13,455.5,457.2200012207031,453.2300109863281,454.3299865722656,454.3299865722656,75831,False
CSPX,2021-09-14,454.8299865722656,456.82000732421875,452.7799987792969,453.7900085449219,453.7900085449219,70351,False
CSPX,2021-09-15,453.2300109863281,453.7699890136719,451.7099914550781,453.3699951171875,453.3699951171875,93059,False
CSPX,2021-09-16,455.7699890136719,457.1600036621094,452.3335876464844,453.1099853515625,453.1099853515625,103356,False
CSPX,2021-09-17,455.8800048828125,456.260009765625,451.42999267578125,451.9599914550781,451.9599914550781,91188,False
CSPX,2021-09-20,446.69000244140625,447.5199890136719,442.8299865722656,443.4700012207031,443.4700012207031,104270,False
CSPX,2021-09-21,446.1099853515625,448.5,442.4200134277344,445.2699890136719,445.2699890136719,131544,False
CSPX,2021-09-22,445.55999755859375,448.9236145019531,444.510009765625,448.0299987792969,448.0299987792969,52825,False
CSPX,2021-09-23,449.45001220703125,453.9413146972656,448.8699951171875,453.0299987792969,453.0299987792969,64119,False
CSPX,2021-09-24,451.9700012207031,453.9200134277344,450.0899963378906,452.19000244140625,452.19000244140625,64965,False
CSPX,2021-09-27,455.57000732421875,455.70001220703125,451.510009765625,452.8500061035156,452.8500061035156,39530,False
CSPX,2021-09-28,450.95001220703125,451.05999755859375,443.19000244140625,444.1300048828125,444.1300048828125,95396,False
CSPX,2021-09-29,445.8599853515625,446.7900085449219,443.5,445.1400146484375,445.1400146484375,48826,False
CSPX,2021-09-30,447.5299987792969,447.6600036621094,442.6199951171875,442.6199951171875,442.6199951171875,111205,False
CSPX,2021-10-01,435.3399963378906,441.2294921875,434.760009765625,440.5199890136719,440.5199890136719,73053,False
CSPX,2021-10-04,441.29998779296875,443.1400146484375,436.20001220703125,436.20001220703125,436.20001220703125,54384,False
CSPX,2021-10-05,437.6499938964844,444.5799865722656,437.5799865722656,444.239990234375,444.239990234375,60988,False
CSPX,2021-10-06,440.45001220703125,442.6065979003906,436.3299865722656,438.4100036621094,438.4100036621094,58603,False
CSPX,2021-10-07,446.9100036621094,451.1400146484375,446.25,450.57000732421875,450.57000732421875,38230,False
CSPX,2021-10-08,448.6700134277344,449.6600036621094,447.2099914550781,448.19000244140625,448.19000244140625,54533,False
CSPX,2021-10-11,445.9599914550781,449.6600036621094,444.79998779296875,449.0799865722656,449.0799865722656,62519,False
CSPX,2021-10-12,441.010009765625,445.5199890136719,440.8599853515625,443.6400146484375,443.6400146484375,81978,False
CSPX,2021-10-13,442.42999267578125,444.6505126953125,440.8699951171875,441.8599853515625,441.8599853515625,186611,False
CSPX,2021-10-14,447.17999267578125,451.927490234375,446.4200134277344,450.7799987792969,450.7799987792969,52385,False
CSPX,2021-10-15,453.4700012207031,455.32000732421875,453.0899963378906,454.8900146484375,454.8900146484375,42643,False
CSPX,2021-10-18,454.29998779296875,456.71051025390625,452.8500061035156,456.3999938964844,456.3999938964844,104892,False
CSPX,2021-10-19,458.05999755859375,460.3822021484375,457.5400085449219,459.5899963378906,459.5899963378906,154401,False
CSPX,2021-10-20,459.82000732421875,462.4800109863281,459.70001220703125,461.8500061035156,461.8500061035156,171924,False
CSPX,2021-10-21,460.6000061035156,462.6000061035156,460.2099914550781,461.1600036621094,461.1600036621094,226869,False
CSPX,2021-10-22,462.9100036621094,464.3699951171875,461.75,461.75,461.75,155331,False
CSPX,2021-10-25,463.70001220703125,465.19000244140625,462.20001220703125,464.6199951171875,464.6199951171875,38457,False
CSPX,2021-10-26,466.5299987792969,468.3900146484375,466.2799987792969,467.29998779296875,467.29998779296875,61718,False
CSPX,2021-10-27,466.5,467.1099853515625,465.25,466.0199890136719,466.0199890136719,54319,False
CSPX,2021-10-28,463.95001220703125,467.79998779296875,463.82000732421875,467.57000732421875,467.57000732421875,39517,False
CSPX,2021-10-29,466.0899963378906,468.830810546875,465.3500061035156,468.2099914550781,468.2099914550781,44787,False
CSPX,2021-11-01,470.0,471.3599853515625,468.20001220703125,469.5299987792969,469.5299987792969,89623,False
CSPX,2021-11-02,469.8699951171875,472.1499938964844,469.29998779296875,471.80999755859375,471.80999755859375,63710,False
CSPX,2021-11-03,471.4599914550781,471.9599914550781,470.82000732421875,471.4700012207031,471.4700012207031,41969,False
CSPX,2021-11-04,475.07000732421875,477.0830078125,475.0,475.79998779296875,475.79998779296875,114956,False
CSPX,2021-11-05,477.9700012207031,480.80999755859375,476.55999755859375,479.69000244140625,479.69000244140625,34274,False
CSPX,2021-11-08,477.95001220703125,480.2539978027344,477.8699951171875,479.1700134277344,479.1700134277344,56850,False
CSPX,2021-11-09,478.239990234375,479.7200012207031,476.3077087402344,477.1199951171875,477.1199951171875,75789,False
CSPX,2021-11-10,477.3599853515625,477.6199951171875,475.32000732421875,476.95001220703125,476.95001220703125,69353,False
CSPX,2021-11-11,474.3900146484375,475.6199951171875,473.9200134277344,474.6700134277344,474.6700134277344,29413,False
CSPX,2021-11-12,474.2099914550781,477.4200134277344,474.0,477.0799865722656,477.0799865722656,51675,False
CSPX,2021-11-15,477.6400146484375,479.3299865722656,477.30999755859375,477.92999267578125,477.92999267578125,95584,False
CSPX,2021-11-16,477.4800109863281,480.806396484375,476.7900085449219,479.9599914550781,479.9599914550781,39586,False
CSPX,2021-11-17,479.3599853515625,479.79998779296875,477.55999755859375,478.489990234375,478.489990234375,31133,False
CSPX,2021-11-18,479.1199951171875,479.9800109863281,476.4599914550781,478.8699951171875,478.8699951171875,83531,False
CSPX,2021-11-19,481.5400085449219,481.6400146484375,478.1400146484375,480.1000061035156,480.1000061035156,31162,False
CSPX,2021-11-22,480.45001220703125,483.760009765625,479.79998779296875,482.4700012207031,482.4700012207031,70397,False
CSPX,2021-11-23,476.6700134277344,479.05999755859375,474.5,476.1700134277344,476.1700134277344,51896,False
CSPX,2021-11-24,477.9700012207031,478.6600036621094,475.1499938964844,478.1600036621094,478.1600036621094,62835,False
CSPX,2021-11-25,480.9800109863281,481.20001220703125,479.6600036621094,480.05999755859375,480.05999755859375,24361,False
CSPX,2021-11-26,471.57000732421875,474.0,468.0,468.6499938964844,468.6499938964844,181936,False
CSPX,2021-11-29,473.0400085449219,474.5,471.6000061035156,473.3900146484375,473.3900146484375,195569,False
CSPX,2021-11-30,470.5400085449219,473.7362060546875,466.8800048828125,467.739990234375,467.739990234375,226290,False
CSPX,2021-12-01,470.0299987792969,474.5400085449219,469.260009765625,474.1600036621094,474.1600036621094,96922,False
CSPX,2021-12-02,462.8299865722656,467.7557067871094,459.8399963378906,464.55999755859375,464.55999755859375,61232,False
CSPX,2021-12-03,467.54998779296875,470.05999755859375,460.79998779296875,463.25,463.25,37322,False
CSPX,2021-12-06,465.45001220703125,468.1700134277344,462.54998779296875,467.6099853515625,467.6099853515625,59464,False
CSPX,2021-12-07,472.1400146484375,478.8999938964844,471.9800109863281,478.2099914550781,478.2099914550781,108092,False
CSPX,2021-12-08,479.0299987792969,480.79998779296875,476.82000732421875,477.4700012207031,477.4700012207031,39968,False
CSPX,2021-12-09,479.44000244140625,479.5299987792969,477.1600036621094,478.45001220703125,478.45001220703125,58825,False
CSPX,2021-12-10,476.7900085449219,480.2300109863281,476.6000061035156,477.739990234375,477.739990234375,67285,False
CSPX,2021-12-13,482.0,482.6400146484375,476.79998779296875,476.9800109863281,476.9800109863281,88278,False
CSPX,2021-12-14,477.67999267578125,478.8599853515625,470.94000244140625,471.30999755859375,471.30999755859375,62411,False
CSPX,2021-12-15,473.8299865722656,474.0799865722656,470.56170654296875,470.9200134277344,470.9200134277344,141759,False
CSPX,2021-12-16,482.5400085449219,484.9100036621094,479.94000244140625,480.1400146484375,480.1400146484375,112094,False
CSPX,2021-12-17,476.79998779296875,476.989990234375,469.5,473.8800048828125,473.8800048828125,104943,False
CSPX,2021-12-20,465.5400085449219,466.9800109863281,462.6199951171875,462.7799987792969,462.7799987792969,64433,False
CSPX,2021-12-21,468.9700012207031,471.239990234375,467.9800109863281,469.8999938964844,469.8999938964844,106769,False
CSPX,2021-12-22,473.8699951171875,478.29998779296875,472.94000244140625,478.0899963378906,478.0899963378906,68241,False
CSPX,2021-12-23,479.8800048828125,483.1300048828125,479.20001220703125,482.7799987792969,482.7799987792969,94984,False
CSPX,2021-12-24,481.8699951171875,484.3800048828125,481.8699951171875,482.8599853515625,482.8599853515625,12877,False
CSPX,2021-12-29,489.82000732421875,490.0899963378906,487.9800109863281,488.30999755859375,488.30999755859375,120178,False
CSPX,2021-12-30,489.30999755859375,490.8699951171875,489.07000732421875,490.260009765625,490.260009765625,51540,False
CSPX,2021-12-31,487.6499938964844,488.3599853515625,486.3800048828125,487.3299865722656,487.3299865722656,65058,False
CSPX,2022-01-04,490.7200012207031,493.75,488.3399963378906,489.19000244140625,489.19000244140625,129093,False
CSPX,2022-01-05,488.989990234375,489.82000732421875,488.0,488.7099914550781,488.7099914550781,55219,False
CSPX,2022-01-06,479.7799987792969,482.3500061035156,477.2099914550781,480.19000244140625,480.19000244140625,103582,False
CSPX,2022-01-07,480.05999755859375,481.2699890136719,476.17999267578125,477.8800048828125,477.8800048828125,163456,False
CSPX,2022-01-10,478.6499938964844,479.260009765625,467.95001220703125,470.80999755859375,470.80999755859375,138408,False
CSPX,2022-01-11,477.4200134277344,479.6000061035156,473.7699890136719,477.8999938964844,477.8999938964844,117429,False
CSPX,2022-01-12,482.1199951171875,484.8500061035156,480.5400085449219,482.510009765625,482.510009765625,69799,False
CSPX,2022-01-13,481.75,484.3299865722656,480.8999938964844,482.5,482.5,182370,False
CSPX,2022-01-14,476.20001220703125,482.5,471.42999267578125,473.55999755859375,473.55999755859375,62675,False
CSPX,2022-01-17,476.2099914550781,477.44000244140625,475.44000244140625,476.6400146484375,476.6400146484375,27932,False
CSPX,2022-01-18,473.7200012207031,474.1300048828125,468.1000061035156,468.1000061035156,468.1000061035156,136642,False
CSPX,2022-01-19,464.7300109863281,471.0199890136719,464.20001220703125,466.5199890136719,466.5199890136719,144626,False
CSPX,2022-01-20,465.0400085449219,470.0400085449219,463.5,469.44000244140625,469.44000244140625,109256,False
CSPX,2022-01-21,457.4200134277344,459.0899963378906,451.6499938964844,457.8800048828125,457.8800048828125,304357,False
CSPX,2022-01-24,451.4200134277344,453.0299987792969,435.4429931640625,437.95001220703125,437.95001220703125,239083,True
CSPX,2022-01-25,445.4800109863281,448.6300048828125,437.79998779296875,441.9100036621094,441.9100036621094,162131,False
CSPX,2022-01-26,446.07000732421875,454.05999755859375,445.9100036621094,451.7900085449219,451.7900085449219,141529,False
CSPX,2022-01-27,440.5899963378906,452.6700134277344,440.1199951171875,450.010009765625,450.010009765625,130481,False
CSPX,2022-01-28,444.6499938964844,446.55999755859375,436.739990234375,445.7699890136719,445.7699890136719,140358,False
CSPX,2022-01-31,453.1000061035156,458.20379638671875,450.0,456.1400146484375,456.1400146484375,94357,False
CSPX,2022-02-01,460.6400146484375,462.0,457.5,461.4700012207031,461.4700012207031,84745,False
CSPX,2022-02-02,466.55999755859375,468.6600036621094,464.32000732421875,465.1499938964844,465.1499938964844,110744,False
CSPX,2022-02-03,464.9100036621094,465.1000061035156,460.8844909667969,462.3399963378906,462.3399963378906,133614,False
CSPX,2022-02-04,462.3299865722656,463.0,454.5199890136719,457.69000244140625,457.69000244140625,78884,False
CSPX,2022-02-07,460.2200012207031,461.9200134277344,457.9700012207031,459.67999267578125,459.67999267578125,111130,False
CSPX,2022-02-08,458.2799987792969,460.7799987792969,456.32000732421875,460.7799987792969,460.7799987792969,242042,False
CSPX,2022-02-09,463.239990234375,468.20001220703125,463.0,467.6099853515625,467.6099853515625,95226,False
CSPX,2022-02-10,468.3500061035156,469.04998779296875,462.0899963378906,465.489990234375,465.489990234375,62378,False
CSPX,2022-02-11,457.9200134277344,462.5799865722656,457.3500061035156,458.9100036621094,458.9100036621094,178492,False
CSPX,2022-02-14,452.4200134277344,452.4200134277344,445.75,450.7099914550781,450.7099914550781,125408,False
CSPX,2022-02-15,449.3800048828125,457.3299865722656,448.8399963378906,456.6199951171875,456.6199951171875,52118,False
CSPX,2022-02-16,456.42999267578125,458.7900085449219,453.3599853515625,454.1400146484375,454.1400146484375,83961,False
CSPX,2022-02-17,457.010009765625,457.2699890136719,450.6000061035156,452.30999755859375,452.30999755859375,83178,False
CSPX,2022-02-18,450.2300109863281,451.8500061035156,444.45001220703125,445.510009765625,445.510009765625,168019,False
CSPX,2022-02-21,448.45001220703125,449.3399963378906,440.2300109863281,440.5,440.5,33789,False
CSPX,2022-02-22,436.3500061035156,446.04998779296875,436.07000732421875,442.4800109863281,442.4800109863281,95476,False
CSPX,2022-02-23,442.8699951171875,444.8800048828125,437.1419982910156,437.760009765625,437.760009765625,147416,False
CSPX,2022-02-24,423.260009765625,429.7300109863281,420.0,428.30999755859375,428.30999755859375,272909,False
CSPX,2022-02-25,435.1700134277344,446.510009765625,433.0,446.239990234375,446.239990234375,190405,True
CSPX,2022-02-28,441.82000732421875,448.67999267578125,439.4599914550781,448.17999267578125,448.17999267578125,90941,False
CSPX,2022-03-01,449.010009765625,450.0,442.0,442.0,442.0,102391,False
CSPX,2022-03-02,439.75,448.3999938964844,438.6499938964844,448.3999938964844,448.3999938964844,80387,False
CSPX,2022-03-03,448.07000732421875,452.3500061035156,444.4263916015625,446.4599914550781,446.4599914550781,91023,False
CSPX,2022-03-04,445.1400146484375,446.1000061035156,438.260009765625,439.2099914550781,439.2099914550781,84498,False
CSPX,2022-03-07,436.29998779296875,442.7900085449219,434.0,435.6600036621094,435.6600036621094,161865,False
CSPX,2022-03-08,427.2099914550781,435.4602966308594,425.8399963378906,426.42999267578125,426.42999267578125,109794,False
CSPX,2022-03-09,431.3399963378906,437.3800048828125,429.95001220703125,436.9700012207031,436.9700012207031,126767,False
CSPX,2022-03-10,437.3500061035156,437.3699951171875,430.7799987792969,431.1499938964844,431.1499938964844,152873,False
CSPX,2022-03-11,436.3999938964844,443.2200012207031,434.6400146484375,434.6499938964844,434.6499938964844,119292,False
CSPX,2022-03-14,432.9599914550781,435.6499938964844,427.0,429.92999267578125,429.92999267578125,119725,False
CSPX,2022-03-15,425.75,434.7099914550781,423.6400146484375,434.44000244140625,434.44000244140625,131269,False
CSPX,2022-03-16,439.489990234375,445.0,439.2900085449219,443.55999755859375,443.55999755859375,487847,False
CSPX,2022-03-17,446.1700134277344,448.2799987792969,443.25,448.2300109863281,448.2300109863281,366467,False
CSPX,2022-03-18,450.1300048828125,453.6400146484375,447.69000244140625,453.6400146484375,453.6400146484375,104510,False
CSPX,2022-03-21,455.489990234375,458.8800048828125,454.9800109863281,456.29998779296875,456.29998779296875,96745,False
CSPX,2022-03-22,456.9700012207031,462.0799865722656,456.739990234375,460.7200012207031,460.7200012207031,97516,False
CSPX,2022-03-23,462.0799865722656,462.30999755859375,458.0,459.3900146484375,459.3900146484375,63534,False
CSPX,2022-03-24,457.739990234375,461.260009765625,457.0,459.2300109863281,459.2300109863281,192588,False
CSPX,2022-03-25,463.3900146484375,465.4800109863281,460.8599853515625,462.4800109863281,462.4800109863281,103626,False
CSPX,2022-03-28,463.32000732421875,466.3800048828125,462.6368103027344,463.9800109863281,463.9800109863281,45284,False
CSPX,2022-03-29,469.7300109863281,473.95001220703125,468.80999755859375,472.2099914550781,472.2099914550781,80702,False
CSPX,2022-03-30,473.8599853515625,473.9100036621094,471.3399963378906,472.0799865722656,472.0799865722656,288574,False
CSPX,2022-03-31,472.2200012207031,472.8699951171875,469.17999267578125,470.1700134277344,470.1700134277344,149401,False
CSPX,2022-04-01,466.3399963378906,467.04998779296875,462.59600830078125,463.67999267578125,463.67999267578125,146941,False
CSPX,2022-04-04,466.0,467.79998779296875,464.5,467.54998779296875,467.54998779296875,58686,False
CSPX,2022-04-05,469.0299987792969,470.4100036621094,466.260009765625,467.4200134277344,467.4200134277344,95126,False
CSPX,2022-04-06,464.0400085449219,464.3800048828125,456.70001220703125,457.2900085449219,457.2900085449219,73682,False
CSPX,2022-04-07,458.8999938964844,461.8599853515625,456.3500061035156,456.6400146484375,456.6400146484375,89695,False
CSPX,2022-04-08,462.2099914550781,464.1000061035156,458.19000244140625,461.92999267578125,461.92999267578125,74320,False
CSPX,2022-04-11,459.0400085449219,460.4200134277344,453.5762939453125,454.6600036621094,454.6600036621094,65286,False
CSPX,2022-04-12,450.5,457.6000061035156,449.3999938964844,456.7099914550781,456.7099914550781,46430,False
CSPX,2022-04-13,452.94000244140625,454.20001220703125,449.5,453.7300109863281,453.7300109863281,55118,False
CSPX,2022-04-14,455.7300109863281,456.95001220703125,452.6400146484375,453.8800048828125,453.8800048828125,29989,False
CSPX,2022-04-19,451.3599853515625,456.0199890136719,448.29998779296875,455.67999267578125,455.67999267578125,68855,False
CSPX,2022-04-20,455.1499938964844,459.70001220703125,454.82000732421875,457.92999267578125,457.92999267578125,97203,False
CSPX,2022-04-21,458.9200134277344,462.3299865722656,458.0,458.5299987792969,458.5299987792969,51514,False
CSPX,2022-04-22,449.760009765625,450.67999267578125,442.56549072265625,444.0,444.0,188515,True
CSPX,2022-04-25,433.010009765625,436.2799987792969,431.5,432.5400085449219,432.5400085449219,205420,False
CSPX,2022-04-26,439.92999267578125,440.0799865722656,430.6465148925781,432.29998779296875,432.29998779296875,106563,False
CSPX,2022-04-27,430.44000244140625,433.57000732421875,426.5,432.0799865722656,432.0799865722656,103841,False
CSPX,2022-04-28,433.7300109863281,436.8299865722656,429.20001220703125,432.7900085449219,432.7900085449219,96246,False
CSPX,2022-04-29,438.05999755859375,438.3299865722656,430.2481994628906,433.010009765625,433.010009765625,57562,False
CSPX,2022-05-03,426.4100036621094,430.00311279296875,423.6400146484375,429.6000061035156,429.6000061035156,153547,False
CSPX,2022-05-04,428.6199951171875,429.94000244140625,425.45001220703125,425.45001220703125,425.45001220703125,49442,False
CSPX,2022-05-05,439.3500061035156,439.7699890136719,424.1557922363281,426.4200134277344,426.4200134277344,92071,False
CSPX,2022-05-06,424.1499938964844,426.0,416.9200134277344,423.0899963378906,423.0899963378906,259826,False
CSPX,2022-05-09,418.8999938964844,420.1499938964844,410.5793151855469,411.6300048828125,411.6300048828125,104252,False
CSPX,2022-05-10,413.42999267578125,417.0400085449219,406.9599914550781,407.70001220703125,407.70001220703125,72996,False
CSPX,2022-05-11,411.5799865722656,415.69000244140625,405.1000061035156,413.1300048828125,413.1300048828125,331532,False
CSPX,2022-05-12,401.4599914550781,406.55999755859375,397.5,402.6300048828125,402.6300048828125,342106,False
CSPX,2022-05-13,406.5,414.0,405.5299987792969,412.3699951171875,412.3699951171875,71794,False
CSPX,2022-05-16,409.80999755859375,412.8500061035156,408.5799865722656,410.0400085449219,410.0400085449219,53582,False
CSPX,2022-05-17,413.1600036621094,418.76080322265625,412.9200134277344,416.7200012207031,416.7200012207031,71318,False
CSPX,2022-05-18,417.8900146484375,418.5,403.9071044921875,408.1700134277344,408.1700134277344,137121,False
CSPX,2022-05-19,401.75,402.5799865722656,395.8999938964844,401.70001220703125,401.70001220703125,214540,False
CSPX,2022-05-20,402.4599914550781,405.4800109863281,394.2113952636719,397.4200134277344,397.4200134277344,125267,False
CSPX,2022-05-23,404.8399963378906,407.6528015136719,401.0,407.5199890136719,407.5199890136719,167535,False
CSPX,2022-05-24,402.3800048828125,404.2300109863281,397.5,398.6499938964844,398.6499938964844,48551,False
CSPX,2022-05-25,406.239990234375,408.1600036621094,401.8699951171875,405.6099853515625,405.6099853515625,159072,False
CSPX,2022-05-26,407.3500061035156,415.7900085449219,407.2799987792969,414.8599853515625,414.8599853515625,94252,False
CSPX,2022-05-27,416.1600036621094,423.94580078125,415.80999755859375,423.1600036621094,423.1600036621094,49904,False
CSPX,2022-05-30,430.20001220703125,431.3800048828125,427.7200012207031,429.2900085449219,429.2900085449219,134651,False
CSPX,2022-05-31,425.8999938964844,427.55999755859375,421.2200012207031,422.8299865722656,422.8299865722656,86441,False
CSPX,2022-06-01,425.5799865722656,427.4700012207031,419.0899963378906,419.6600036621094,419.6600036621094,77826,False
CSPX,2022-06-06,424.4100036621094,427.8900146484375,423.5491027832031,424.29998779296875,424.29998779296875,76891,False
CSPX,2022-06-07,420.82000732421875,424.7900085449219,418.6499938964844,422.79998779296875,422.79998779296875,75942,False
CSPX,2022-06-08,425.7300109863281,427.0400085449219,423.94000244140625,426.5199890136719,426.5199890136719,133144,False
CSPX,2022-06-09,422.3800048828125,425.1400146484375,419.17999267578125,420.010009765625,420.010009765625,49277,False
CSPX,2022-06-10,413.510009765625,415.1400146484375,400.6600036621094,400.94000244140625,400.94000244140625,81136,True
CSPX,2022-06-13,393.0,394.92999267578125,384.8699951171875,387.8599853515625,387.8599853515625,306802,True
CSPX,2022-06-14,390.1000061035156,390.6199951171875,383.0,384.7799987792969,384.7799987792969,67420,False
CSPX,2022-06-15,385.2699890136719,389.6000061035156,384.5,386.8999938964844,386.8999938964844,206877,False
CSPX,2022-06-16,385.45001220703125,386.3599853515625,375.3800048828125,377.1499938964844,377.1499938964844,103750,False
CSPX,2022-06-17,378.3500061035156,381.0,373.6199951171875,377.45001220703125,377.45001220703125,151621,False
CSPX,2022-06-20,378.8699951171875,381.51849365234375,377.94000244140625,381.0899963378906,381.0899963378906,53591,False
CSPX,2022-06-21,382.1300048828125,387.94000244140625,382.1199951171875,386.9599914550781,386.9599914550781,471192,False
CSPX,2022-06-22,381.94000244140625,389.6600036621094,379.0199890136719,388.92999267578125,388.92999267578125,135714,False
CSPX,2022-06-23,385.1600036621094,389.8900146484375,383.44000244140625,387.8999938964844,387.8999938964844,205561,False
CSPX,2022-06-24,392.239990234375,399.7099914550781,391.739990234375,398.6700134277344,398.6700134277344,89701,False
CSPX,2022-06-27,401.6600036621094,405.29998779296875,399.9599914550781,402.3800048828125,402.3800048828125,50461,False
CSPX,2022-06-28,402.4700012207031,405.2200012207031,394.62811279296875,398.1000061035156,398.1000061035156,46610,False
CSPX,2022-06-29,391.7799987792969,394.1199951171875,390.4599914550781,392.19000244140625,392.19000244140625,146154,False
CSPX,2022-06-30,387.5,391.0154113769531,384.1300048828125,388.4800109863281,388.4800109863281,105129,False
CSPX,2022-07-01,385.69000244140625,391.8699951171875,384.4635925292969,388.82000732421875,388.82000732421875,44917,False
CSPX,2022-07-04,391.2699890136719,392.2300109863281,389.8900146484375,391.510009765625,391.510009765625,23895,False
CSPX,2022-07-05,394.75,394.80999755859375,384.4700012207031,385.55999755859375,385.55999755859375,50249,False
CSPX,2022-07-06,393.1400146484375,395.2099914550781,390.79998779296875,392.0299987792969,392.0299987792969,123969,False
CSPX,2022-07-07,396.1099853515625,400.010009765625,395.29998779296875,399.3500061035156,399.3500061035156,76823,False
CSPX,2022-07-08,399.5199890136719,402.7099914550781,397.20001220703125,402.5,402.5,146713,False
CSPX,2022-07-11,396.989990234375,399.0400085449219,395.5,396.739990234375,396.739990234375,88199,False
CSPX,2022-07-12,393.8500061035156,398.05999755859375,392.6499938964844,396.8299865722656,396.8299865722656,69028,False
CSPX,2022-07-13,393.9100036621094,394.9800109863281,385.5,390.45001220703125,390.45001220703125,180249,False
CSPX,2022-07-14,389.1400146484375,389.54998779296875,382.5299987792969,385.260009765625,385.260009765625,39632,False
CSPX,2022-07-15,389.2799987792969,396.739990234375,388.3800048828125,396.239990234375,396.239990234375,23356,False
CSPX,2022-07-18,399.25,401.55999755859375,399.1300048828125,399.7799987792969,399.7799987792969,50350,False
CSPX,2022-07-19,394.6000061035156,402.17669677734375,393.8800048828125,401.95001220703125,401.95001220703125,70105,False
CSPX,2022-07-20,405.7200012207031,408.2200012207031,402.95001220703125,407.6199951171875,407.6199951171875,92671,False
CSPX,2022-07-21,407.1300048828125,408.5799865722656,403.79998779296875,408.0,408.0,78886,False
CSPX,2022-07-22,409.54998779296875,412.239990234375,407.9639892578125,408.3599853515625,408.3599853515625,89909,False
CSPX,2022-07-25,406.95001220703125,409.75,406.0,408.1099853515625,408.1099853515625,50406,False
CSPX,2022-07-26,406.5,407.260009765625,402.4570007324219,403.5199890136719,403.5199890136719,40622,False
CSPX,2022-07-27,406.4200134277344,409.2608947753906,406.1400146484375,408.5299987792969,408.5299987792969,68053,False
CSPX,2022-07-28,412.7200012207031,418.58599853515625,410.3399963378906,415.9800109863281,415.9800109863281,114254,False
CSPX,2022-07-29,421.6600036621094,423.6499938964844,419.6099853515625,421.1400146484375,421.1400146484375,189613,False
CSPX,2022-08-01,423.55999755859375,426.239990234375,421.07000732421875,425.1000061035156,425.1000061035156,63716,False
CSPX,2022-08-02,421.7200012207031,423.989990234375,419.6600036621094,422.7200012207031,422.7200012207031,87860,False
CSPX,2022-08-03,421.42999267578125,427.4902038574219,420.69000244140625,425.4599914550781,425.4599914550781,32766,False
CSPX,2022-08-04,426.5,429.0,425.0,426.239990234375,426.239990234375,86348,False
CSPX,2022-08-05,427.5,427.75,422.0,423.6400146484375,423.6400146484375,165342,False
CSPX,2022-08-08,427.1400146484375,430.5,426.8175048828125,428.5400085449219,428.5400085449219,131473,False
CSPX,2022-08-09,426.3399963378906,426.94000244140625,423.0299987792969,424.2699890136719,424.2699890136719,56944,False
CSPX,2022-08-10,423.6000061035156,433.0799865722656,423.0,432.239990234375,432.239990234375,81352,False
CSPX,2022-08-11,434.6600036621094,438.0,433.10400390625,435.239990234375,435.239990234375,65298,False
CSPX,2022-08-12,433.9800109863281,436.7799987792969,433.6000061035156,436.5400085449219,436.5400085449219,119367,False
CSPX,2022-08-15,439.010009765625,441.8537902832031,436.9800109863281,439.6400146484375,439.6400146484375,27590,False
CSPX,2022-08-16,441.0899963378906,443.7904968261719,440.0199890136719,442.4599914550781,442.4599914550781,60692,False
CSPX,2022-08-17,442.7699890136719,442.94000244140625,438.5,439.1199951171875,439.1199951171875,128577,False
CSPX,2022-08-18,438.29998779296875,441.2799987792969,437.9100036621094,440.6199951171875,440.6199951171875,62422,False
CSPX,2022-08-19,438.3399963378906,439.38848876953125,434.6400146484375,435.1400146484375,435.1400146484375,33004,False
CSPX,2022-08-22,432.739990234375,433.1199951171875,425.85198974609375,428.1600036621094,428.1600036621094,76045,False
CSPX,2022-08-23,424.3399963378906,428.17999267578125,424.25,425.7799987792969,425.7799987792969,74555,False
CSPX,2022-08-24,424.04998779296875,427.6000061035156,422.9200134277344,427.1300048828125,427.1300048828125,55959,False
CSPX,2022-08-25,430.1400146484375,430.79998779296875,426.92999267578125,428.4599914550781,428.4599914550781,27576,False
CSPX,2022-08-26,431.6300048828125,433.8599853515625,422.3284912109375,423.9800109863281,423.9800109863281,41619,False
CSPX,2022-08-30,416.1099853515625,419.239990234375,408.5400085449219,411.6099853515625,411.6099853515625,73057,True
CSPX,2022-08-31,412.8599853515625,413.4599914550781,408.989990234375,409.95001220703125,409.95001220703125,48415,False
CSPX,2022-09-01,404.9200134277344,406.44000244140625,401.8800048828125,403.9100036621094,403.9100036621094,90137,False
CSPX,2022-09-02,408.8299865722656,413.82000732421875,407.739990234375,413.1400146484375,413.1400146484375,60953,False
CSPX,2022-09-05,405.3900146484375,405.9599914550781,403.6199951171875,405.04998779296875,405.04998779296875,17905,False
CSPX,2022-09-06,406.0199890136719,408.0299987792969,400.3999938964844,405.1099853515625,405.1099853515625,50364,False
CSPX,2022-09-07,402.05999755859375,406.54998779296875,401.0,405.7799987792969,405.7799987792969,38703,False
CSPX,2022-09-08,410.54998779296875,412.9200134277344,406.1499938964844,412.6700134277344,412.6700134277344,32112,False
CSPX,2022-09-09,413.6499938964844,418.5799865722656,413.6499938964844,418.1400146484375,418.1400146484375,30333,False
CSPX,2022-09-12,420.44000244140625,424.260009765625,420.1199951171875,423.6600036621094,423.6600036621094,31567,False
CSPX,2022-09-13,425.07000732421875,428.0,409.8999938964844,410.3800048828125,410.3800048828125,66919,True
CSPX,2022-09-14,406.5199890136719,408.1300048828125,403.739990234375,406.4100036621094,406.4100036621094,121167,False
CSPX,2022-09-15,406.7200012207031,407.9200134277344,402.54998779296875,403.8399963378906,403.8399963378906,107270,False
CSPX,2022-09-16,398.7699890136719,399.3900146484375,395.5,396.9800109863281,396.9800109863281,47867,False
CSPX,2022-09-20,402.5899963378906,403.8500061035156,396.0,397.92999267578125,397.92999267578125,48406,False
CSPX,2022-09-21,396.7200012207031,400.6300048828125,395.5199890136719,399.44000244140625,399.44000244140625,134461,False
CSPX,2022-09-22,388.2699890136719,393.4599914550781,386.4200134277344,387.5199890136719,387.5199890136719,109733,True
CSPX,2022-09-23,385.7099914550781,387.1600036621094,379.7200012207031,380.5,380.5,58935,False
CSPX,2022-09-26,377.8500061035156,382.8699951171875,377.0899963378906,378.7799987792969,378.7799987792969,204146,False
CSPX,2022-09-27,380.3800048828125,383.2200012207031,377.29998779296875,378.260009765625,378.260009765625,183888,False
CSPX,2022-09-28,373.5899963378906,380.8599853515625,371.1400146484375,379.7699890136719,379.7699890136719,119775,False
CSPX,2022-09-29,381.010009765625,382.6600036621094,373.1600036621094,375.54998779296875,375.54998779296875,98505,False
CSPX,2022-09-30,376.8399963378906,379.3299865722656,372.5,377.7799987792969,377.7799987792969,169138,False
CSPX,2022-10-03,370.3900146484375,378.7650146484375,331.4800109863281,377.3999938964844,377.3999938964844,207573,False
CSPX,2022-10-04,383.3699951171875,390.3800048828125,383.05999755859375,389.94000244140625,389.94000244140625,64279,True
CSPX,2022-10-05,388.6700134277344,389.0799865722656,383.7200012207031,385.4700012207031,385.4700012207031,130792,False
CSPX,2022-10-06,389.6000061035156,391.5199890136719,386.30999755859375,388.5400085449219,388.5400085449219,246741,False
CSPX,2022-10-07,384.1199951171875,386.989990234375,377.4200134277344,377.95001220703125,377.95001220703125,163985,False
CSPX,2022-10-10,373.4200134277344,376.95001220703125,371.7799987792969,372.82000732421875,372.82000732421875,36431,False
CSPX,2022-10-11,370.0400085449219,372.8599853515625,367.94000244140625,372.17999267578125,372.17999267578125,126944,False
CSPX,2022-10-12,372.67999267578125,373.57000732421875,368.6426086425781,370.67999267578125,370.67999267578125,113314,False
CSPX,2022-10-13,368.94000244140625,375.33221435546875,360.1000061035156,372.989990234375,372.989990234375,269383,False
CSPX,2022-10-14,380.4599914550781,383.7300109863281,370.8056945800781,373.4200134277344,373.4200134277344,117488,False
CSPX,2022-10-17,372.8800048828125,380.5899963378906,371.9800109863281,378.8900146484375,378.8900146484375,52941,False
CSPX,2022-10-18,385.0899963378906,388.32000732421875,380.45001220703125,381.3800048828125,381.3800048828125,84490,False
CSPX,2022-10-19,384.4700012207031,386.0400085449219,380.55999755859375,381.94000244140625,381.94000244140625,180335,False
CSPX,2022-10-20,380.4700012207031,385.44000244140625,378.6099853515625,383.489990234375,383.489990234375,114368,False
CSPX,2022-10-21,377.3599853515625,383.3299865722656,374.7099914550781,381.2699890136719,381.2699890136719,76463,False
CSPX,2022-10-24,387.7799987792969,391.6000061035156,384.3900146484375,389.489990234375,389.489990234375,116713,False
CSPX,2022-10-25,392.3800048828125,396.69000244140625,389.989990234375,396.69000244140625,396.69000244140625,47492,False
CSPX,2022-10-26,394.69000244140625,400.489990234375,394.2200012207031,400.489990234375,400.489990234375,64859,False
CSPX,2022-10-27,396.19000244140625,398.17999267578125,393.67999267578125,395.6400146484375,395.6400146484375,94989,False
CSPX,2022-10-28,389.55999755859375,400.95159912109375,388.760009765625,398.489990234375,398.489990234375,165122,False
CSPX,2022-10-31,401.8399963378906,401.8999938964844,398.6199951171875,399.6099853515625,399.6099853515625,98754,False
CSPX,2022-11-01,401.95001220703125,404.1400146484375,396.5400085449219,397.82000732421875,397.82000732421875,106430,False
CSPX,2022-11-02,398.3900146484375,399.4599914550781,394.70001220703125,394.94000244140625,394.94000244140625,60524,False
CSPX,2022-11-03,387.8699951171875,389.0360107421875,381.5,385.7300109863281,385.7300109863281,160182,False
CSPX,2022-11-04,384.57000732421875,391.7300109863281,382.5,385.489990234375,385.489990234375,101167,False
CSPX,2022-11-07,387.1199951171875,391.8900146484375,387.0,390.92999267578125,390.92999267578125,88534,False
CSPX,2022-11-08,392.0299987792969,398.1643981933594,391.510009765625,397.8900146484375,397.8900146484375,106574,False
CSPX,2022-11-09,394.9800109863281,396.0199890136719,390.5199890136719,392.1000061035156,392.1000061035156,79827,False
CSPX,2022-11-10,387.1199951171875,404.864501953125,387.1199951171875,404.7699890136719,404.7699890136719,460475,True
CSPX,2022-11-11,411.3299865722656,411.8800048828125,407.239990234375,408.1499938964844,408.1499938964844,98945,False
CSPX,2022-11-14,411.0799865722656,412.6400146484375,409.7900085449219,411.7799987792969,411.7799987792969,313318,False
CSPX,2022-11-15,411.239990234375,417.30999755859375,410.8599853515625,415.29998779296875,415.29998779296875,179003,False
CSPX,2022-11-16,413.5,413.8500061035156,408.9200134277344,409.9800109863281,409.9800109863281,85531,False
CSPX,2022-11-17,410.7300109863281,411.4100036621094,403.510009765625,405.0400085449219,405.0400085449219,51279,False
CSPX,2022-11-18,407.6099853515625,411.79998779296875,406.6700134277344,409.1499938964844,409.1499938964844,82501,False
CSPX,2022-11-21,407.7699890136719,410.0,406.6600036621094,407.05999755859375,407.05999755859375,30299,False
CSPX,2022-11-22,407.989990234375,411.3900146484375,406.9599914550781,410.8399963378906,410.8399963378906,30758,False
CSPX,2022-11-23,414.17999267578125,416.4100036621094,412.9599914550781,415.7799987792969,415.7799987792969,25366,False
CSPX,2022-11-24,416.79998779296875,417.82000732421875,416.6600036621094,417.3399963378906,417.3399963378906,15800,False
CSPX,2022-11-25,417.0299987792969,417.45001220703125,415.32000732421875,416.1099853515625,416.1099853515625,31532,False
CSPX,2022-11-28,413.7799987792969,415.0,411.6593017578125,412.1499938964844,412.1499938964844,61353,False
CSPX,2022-11-29,411.2799987792969,411.82000732421875,406.8999938964844,407.7099914550781,407.7099914550781,94801,False
CSPX,2022-11-30,409.69000244140625,410.5400085449219,406.90509033203125,408.9100036621094,408.9100036621094,63983,False
CSPX,2022-12-01,421.95001220703125,423.739990234375,418.7099914550781,421.04998779296875,421.04998779296875,94429,False
CSPX,2022-12-02,420.7699890136719,421.7300109863281,413.67999267578125,418.8599853515625,418.8599853515625,117519,False
CSPX,2022-12-05,419.55999755859375,419.8399963378906,415.1300048828125,415.6000061035156,415.6000061035156,45822,False
CSPX,2022-12-06,413.54998779296875,414.5299987792969,408.0799865722656,409.1400146484375,409.1400146484375,59735,False
CSPX,2022-12-07,407.45001220703125,409.1199951171875,404.3299865722656,405.989990234375,405.989990234375,50347,False
CSPX,2022-12-08,407.489990234375,410.739990234375,406.79998779296875,409.1499938964844,409.1499938964844,28867,False
CSPX,2022-12-09,411.3999938964844,414.760009765625,407.5,410.510009765625,410.510009765625,55347,False
CSPX,2022-12-12,406.3999938964844,409.0799865722656,406.260009765625,408.4200134277344,408.4200134277344,44563,False
CSPX,2022-12-13,412.80999755859375,427.5899963378906,412.44000244140625,419.45001220703125,419.45001220703125,271510,False
CSPX,2022-12-14,415.95001220703125,418.82000732421875,414.7300109863281,418.4800109863281,418.4800109863281,84925,False
CSPX,2022-12-15,411.0799865722656,412.9200134277344,402.6600036621094,403.19000244140625,403.19000244140625,139923,True
CSPX,2022-12-16,402.0299987792969,402.510009765625,396.5672912597656,397.6700134277344,397.6700134277344,329951,False
CSPX,2022-12-19,398.80999755859375,400.54998779296875,394.5664978027344,395.5199890136719,395.5199890136719,265636,False
CSPX,2022-12-20,392.1700134277344,396.8500061035156,391.5,394.3699951171875,394.3699951171875,233775,False
CSPX,2022-12-21,397.19000244140625,402.0899963378906,396.19000244140625,401.75,401.75,119771,False
CSPX,2022-12-22,401.8399963378906,402.6099853515625,389.8367919921875,393.94000244140625,393.94000244140625,104603,False
CSPX,2022-12-23,395.7099914550781,397.5,395.20001220703125,396.5199890136719,396.5199890136719,16636,False
CSPX,2022-12-28,397.3599853515625,398.4700012207031,393.3800048828125,393.7099914550781,393.7099914550781,410392,False
CSPX,2022-12-29,392.3299865722656,398.65509033203125,391.7466125488281,398.30999755859375,398.30999755859375,378373,False
CSPX,2022-12-30,396.69000244140625,397.3299865722656,394.79510498046875,396.0899963378906,396.0899963378906,22108,False
CSPX,2023-01-03,399.5400085449219,401.8399963378906,394.0763854980469,394.2799987792969,394.2799987792969,170283,False
CSPX,2023-01-04,396.8599853515625,399.82000732421875,394.760009765625,399.82000732421875,399.82000732421875,57891,False
CSPX,2023-01-05,397.6099853515625,399.8299865722656,393.5,393.8999938964844,393.8999938964844,76810,False
CSPX,2023-01-06,394.5299987792969,400.8299865722656,393.1700134277344,400.739990234375,400.739990234375,67585,False
CSPX,2023-01-09,403.3900146484375,408.9100036621094,403.16790771484375,408.19000244140625,408.19000244140625,30566,False
CSPX,2023-01-10,402.2900085449219,405.1099853515625,400.6600036621094,402.8999938964844,402.8999938964844,118429,False
CSPX,2023-01-11,405.32000732421875,408.4731140136719,405.20001220703125,407.8900146484375,407.8900146484375,131574,False
CSPX,2023-01-12,410.69000244140625,414.0899963378906,407.45001220703125,410.4200134277344,410.4200134277344,70124,False
CSPX,2023-01-13,412.2099914550781,412.67999267578125,408.1099853515625,410.7099914550781,410.7099914550781,30195,False
CSPX,2023-01-16,413.67999267578125,414.2799987792969,411.75,413.69000244140625,413.69000244140625,36244,False
CSPX,2023-01-17,412.6499938964844,416.0799865722656,412.3699951171875,413.239990234375,413.239990234375,178394,False
CSPX,2023-01-18,413.8900146484375,415.44000244140625,409.8900146484375,409.8900146484375,409.8900146484375,1154579,False
CSPX,2023-01-19,405.8900146484375,406.6600036621094,402.6499938964844,402.6700134277344,402.6700134277344,552684,False
CSPX,2023-01-20,405.1099853515625,408.0,403.3900146484375,407.3599853515625,407.3599853515625,118276,False
CSPX,2023-01-23,411.2799987792969,417.510009765625,410.4833068847656,416.510009765625,416.510009765625,54324,False
CSPX,2023-01-24,416.1099853515625,416.2699890136719,413.1600036621094,415.6199951171875,415.6199951171875,37815,False
CSPX,2023-01-25,414.760009765625,415.1499938964844,408.8599853515625,411.4599914550781,411.4599914550781,96590,False
CSPX,2023-01-26,417.0899963378906,419.67999267578125,415.5199890136719,416.6000061035156,416.6000061035156,88733,False
CSPX,2023-01-27,419.1400146484375,422.2699890136719,418.7200012207031,421.2699890136719,421.2699890136719,53844,False
CSPX,2023-01-30,419.1499938964844,420.80999755859375,417.0,418.760009765625,418.760009765625,63288,False
CSPX,2023-01-31,417.0199890136719,418.9800109863281,413.54998779296875,418.7300109863281,418.7300109863281,519851,False
CSPX,2023-02-01,421.25,422.0799865722656,419.5400085449219,420.9700012207031,420.9700012207031,79591,False
CSPX,2023-02-02,427.70001220703125,433.2799987792969,427.6600036621094,433.2799987792969,433.2799987792969,91859,False
CSPX,2023-02-03,429.7099914550781,432.8699951171875,426.7799987792969,432.8699951171875,432.8699951171875,215956,False
CSPX,2023-02-06,426.4700012207031,427.3800048828125,423.8599853515625,426.7200012207031,426.7200012207031,85143,False
CSPX,2023-02-07,426.2200012207031,426.9100036621094,424.1099853515625,426.1199951171875,426.1199951171875,74707,False
CSPX,2023-02-08,431.0299987792969,431.2900085449219,426.260009765625,426.3500061035156,426.3500061035156,73737,False
CSPX,2023-02-09,428.57000732421875,431.0,427.0,427.3299865722656,427.3299865722656,56151,False
CSPX,2023-02-10,422.7799987792969,423.7300109863281,419.6600036621094,422.3399963378906,422.3399963378906,81404,False
CSPX,2023-02-13,423.2300109863281,427.7929992675781,422.79998779296875,427.1700134277344,427.1700134277344,87621,False
CSPX,2023-02-14,428.6499938964844,432.5,424.75,424.7799987792969,424.7799987792969,79059,False
CSPX,2023-02-15,426.17999267578125,428.1099853515625,425.3299865722656,427.4200134277344,427.4200134277344,95438,False
CSPX,2023-02-16,430.6400146484375,431.1400146484375,424.0,427.1099853515625,427.1099853515625,296272,False
CSPX,2023-02-17,421.95001220703125,423.0899963378906,419.79998779296875,420.05999755859375,420.05999755859375,46483,False
CSPX,2023-02-20,421.2699890136719,422.80999755859375,421.2699890136719,421.5,421.5,81982,False
CSPX,2023-02-21,420.3900146484375,420.989990234375,415.9917907714844,416.1700134277344,416.1700134277344,45199,False
CSPX,2023-02-22,415.20001220703125,415.8999938964844,412.9700012207031,414.6400146484375,414.6400146484375,104850,False
CSPX,2023-02-23,415.7200012207031,417.7699890136719,413.04998779296875,413.3900146484375,413.3900146484375,76141,False
CSPX,2023-02-24,415.17999267578125,415.4599914550781,408.7699890136719,410.6300048828125,410.6300048828125,150608,False
CSPX,2023-02-27,412.54998779296875,416.6499938964844,412.4800109863281,413.010009765625,413.010009765625,64588,False
CSPX,2023-02-28,411.70001220703125,414.6099853515625,411.3299865722656,413.0299987792969,413.0299987792969,73875,False
CSPX,2023-03-01,412.4700012207031,413.3500061035156,408.5,409.6600036621094,409.6600036621094,83974,False
CSPX,2023-03-02,407.1199951171875,409.5,406.760009765625,408.7900085449219,408.7900085449219,97077,False
CSPX,2023-03-03,412.0899963378906,416.79998779296875,412.0899963378906,416.54998779296875,416.54998779296875,59217,False
CSPX,2023-03-06,420.19000244140625,423.0400085449219,419.0899963378906,422.20001220703125,422.20001220703125,51206,False
CSPX,2023-03-07,420.5299987792969,421.25,415.32000732421875,415.4599914550781,415.4599914550781,49311,False
CSPX,2023-03-08,413.7699890136719,414.989990234375,412.0799865722656,413.1400146484375,413.1400146484375,66636,False
CSPX,2023-03-09,413.8500061035156,416.7200012207031,412.6499938964844,414.6400146484375,414.6400146484375,58982,False
CSPX,2023-03-10,403.54998779296875,408.67999267578125,402.3500061035156,408.0899963378906,408.0899963378906,209491,False
CSPX,2023-03-13,406.739990234375,406.8800048828125,394.94000244140625,401.70001220703125,401.70001220703125,180547,False
CSPX,2023-03-14,401.32000732421875,408.5899963378906,400.5,407.19000244140625,407.19000244140625,149687,False
CSPX,2023-03-15,407.07000732421875,407.30999755859375,397.8699951171875,399.9200134277344,399.9200134277344,256101,False
CSPX,2023-03-16,405.7200012207031,410.7066955566406,401.0,408.2699890136719,408.2699890136719,50845,False
CSPX,2023-03-17,411.54998779296875,412.6499938964844,404.95001220703125,407.4100036621094,407.4100036621094,114470,False
CSPX,2023-03-20,404.1700134277344,410.54998779296875,401.760009765625,408.3900146484375,408.3900146484375,92351,False
CSPX,2023-03-21,411.1199951171875,414.9700012207031,410.9800109863281,413.3900146484375,413.3900146484375,116534,False
CSPX,2023-03-22,414.55999755859375,416.7200012207031,414.239990234375,414.8399963378906,414.8399963378906,54093,False
CSPX,2023-03-23,411.69000244140625,415.9200134277344,409.80999755859375,414.42999267578125,414.42999267578125,84887,False
CSPX,2023-03-24,411.3999938964844,411.42999267578125,405.7200012207031,409.1499938964844,409.1499938964844,445086,False
CSPX,2023-03-27,414.6600036621094,415.67999267578125,412.0400085449219,413.55999755859375,413.55999755859375,54795,False
CSPX,2023-03-28,414.32000732421875,414.6300048828125,411.29998779296875,412.489990234375,412.489990234375,52408,False
CSPX,2023-03-29,415.20001220703125,417.01251220703125,415.1199951171875,416.3599853515625,416.3599853515625,66061,False
CSPX,2023-03-30,418.9800109863281,421.20001220703125,418.9800109863281,420.20001220703125,420.20001220703125,125063,False
CSPX,2023-03-31,421.1499938964844,424.1000061035156,420.4700012207031,423.8800048828125,423.8800048828125,93073,False
CSPX,2023-04-03,425.7699890136719,428.6300048828125,425.510009765625,426.4200134277344,426.4200134277344,92544,False
CSPX,2023-04-04,428.4200134277344,430.010009765625,425.4800109863281,425.95001220703125,425.95001220703125,144293,False
CSPX,2023-04-05,426.1300048828125,426.54998779296875,423.1968994140625,424.2900085449219,424.2900085449219,77420,False
CSPX,2023-04-06,424.44000244140625,425.5299987792969,422.739990234375,424.2300109863281,424.2300109863281,63076,False
CSPX,2023-04-11,427.4200134277344,428.3699951171875,426.0199890136719,426.989990234375,426.989990234375,72319,False
CSPX,2023-04-12,426.760009765625,431.760009765625,425.5,426.7200012207031,426.7200012207031,38697,False
CSPX,2023-04-13,426.1700134277344,428.61590576171875,425.239990234375,427.8500061035156,427.8500061035156,45308,False
CSPX,2023-04-14,430.30999755859375,432.5299987792969,428.9100036621094,429.1000061035156,429.1000061035156,72024,False
CSPX,2023-04-17,430.79998779296875,431.4200134277344,429.0,429.17999267578125,429.17999267578125,51708,False
CSPX,2023-04-18,431.69000244140625,433.6400146484375,430.45001220703125,431.2300109863281,431.2300109863281,41775,False
CSPX,2023-04-19,430.45001220703125,430.94000244140625,428.8299865722656,430.45001220703125,430.45001220703125,33769,False
CSPX,2023-04-20,430.57000732421875,430.57000732421875,428.1499938964844,429.2699890136719,429.2699890136719,129259,False
CSPX,2023-04-21,428.67999267578125,429.67999267578125,427.5,429.04998779296875,429.04998779296875,65426,False
CSPX,2023-04-24,427.6300048828125,430.3999938964844,427.42999267578125,428.760009765625,428.760009765625,31211,False
CSPX,2023-04-25,428.8900146484375,428.92999267578125,425.6376037597656,426.4700012207031,426.4700012207031,58952,False
CSPX,2023-04-26,425.2300109863281,425.4100036621094,422.0,424.5,424.5,41176,False
CSPX,2023-04-27,423.32000732421875,427.64691162109375,422.9599914550781,425.8999938964844,425.8999938964844,64229,False
CSPX,2023-04-28,428.94000244140625,432.20001220703125,427.5400085449219,431.5299987792969,431.5299987792969,52211,False
CSPX,2023-05-02,433.2799987792969,433.8999938964844,425.3500061035156,425.3900146484375,425.3900146484375,93370,False
CSPX,2023-05-03,428.760009765625,429.8999938964844,427.55999755859375,428.2200012207031,428.2200012207031,62383,False
CSPX,2023-05-04,425.7300109863281,426.2099914550781,420.79998779296875,422.04998779296875,422.04998779296875,40484,False
CSPX,2023-05-05,423.8599853515625,428.90350341796875,423.2699890136719,428.4100036621094,428.4100036621094,74584,False
CSPX,2023-05-09,429.7099914550781,429.739990234375,427.69000244140625,428.92999267578125,428.92999267578125,75918,False
CSPX,2023-05-10,428.80999755859375,432.5799865722656,426.9200134277344,429.45001220703125,429.45001220703125,59126,False
CSPX,2023-05-11,430.92999267578125,431.9700012207031,427.2799987792969,429.0799865722656,429.0799865722656,49078,False
CSPX,2023-05-12,430.44000244140625,431.6499938964844,427.9100036621094,428.010009765625,428.010009765625,24348,False
CSPX,2023-05-15,430.32000732421875,430.8699951171875,427.5,429.1000061035156,429.1000061035156,67055,False
CSPX,2023-05-16,428.95001220703125,430.3699951171875,427.8999938964844,428.6400146484375,428.6400146484375,37399,False
CSPX,2023-05-17,427.9200134277344,430.010009765625,427.489990234375,429.1700134277344,429.1700134277344,82316,False
CSPX,2023-05-18,432.239990234375,435.3699951171875,431.5899963378906,434.69000244140625,434.69000244140625,54110,False
CSPX,2023-05-19,437.1199951171875,438.4700012207031,435.45001220703125,435.9599914550781,435.9599914550781,146164,False
CSPX,2023-05-22,435.7900085449219,437.79998779296875,435.0,436.8999938964844,436.8999938964844,28698,False
CSPX,2023-05-23,436.3999938964844,436.55999755859375,432.83331298828125,435.2200012207031,435.2200012207031,31483,False
CSPX,2023-05-24,431.1499938964844,431.4599914550781,427.0032958984375,428.29998779296875,428.29998779296875,89198,False
CSPX,2023-05-25,431.0899963378906,432.5199890136719,429.4700012207031,430.489990234375,430.489990234375,34903,False
CSPX,2023-05-26,431.9200134277344,437.25,430.8500061035156,436.2799987792969,436.2799987792969,39542,False
CSPX,2023-05-30,439.05999755859375,440.6239013671875,436.4502868652344,438.1099853515625,438.1099853515625,412556,False
CSPX,2023-05-31,436.1499938964844,437.3699951171875,433.6700134277344,433.79998779296875,433.79998779296875,121281,False
CSPX,2023-06-01,435.9599914550781,437.95001220703125,434.19000244140625,437.8800048828125,437.8800048828125,59971,False
CSPX,2023-06-02,440.57000732421875,445.5,440.4200134277344,445.19000244140625,445.19000244140625,94921,False
CSPX,2023-06-05,445.6000061035156,447.17999267578125,445.2799072265625,446.8399963378906,446.8399963378906,119783,False
CSPX,2023-06-06,444.760009765625,446.3299865722656,443.8599853515625,445.32000732421875,445.32000732421875,66258,False
CSPX,2023-06-07,445.9700012207031,447.4700012207031,444.8699951171875,445.8699951171875,445.8699951171875,34023,False
CSPX,2023-06-08,443.9700012207031,446.05999755859375,443.67999267578125,446.0299987792969,446.0299987792969,48068,False
CSPX,2023-06-09,446.5799865722656,449.989990234375,445.79998779296875,447.70001220703125,447.70001220703125,225820,False
CSPX,2023-06-12,449.1400146484375,449.8399963378906,448.239990234375,449.010009765625,449.010009765625,58852,False
CSPX,2023-06-13,453.19000244140625,455.3999938964844,451.5,454.69000244140625,454.69000244140625,166138,False
CSPX,2023-06-14,455.0,457.3800048828125,454.8500061035156,456.8699951171875,456.8699951171875,76206,False
CSPX,2023-06-15,455.1400146484375,459.39129638671875,453.17999267578125,458.989990234375,458.989990234375,87297,False
CSPX,2023-06-16,460.69000244140625,463.3699951171875,460.239990234375,460.8599853515625,460.8599853515625,162003,False
CSPX,2023-06-19,459.17999267578125,459.95001220703125,457.98370361328125,458.3999938964844,458.3999938964844,19123,False
CSPX,2023-06-20,458.05999755859375,458.69000244140625,454.95001220703125,455.989990234375,455.989990234375,93495,False
CSPX,2023-06-21,456.6000061035156,457.6922912597656,454.2699890136719,455.20001220703125,455.20001220703125,93017,False
CSPX,2023-06-22,453.75,455.8999938964844,453.29998779296875,454.9800109863281,454.9800109863281,65917,False
CSPX,2023-06-23,454.6300048828125,455.45001220703125,452.3599853515625,452.8599853515625,452.8599853515625,33371,False
CSPX,2023-06-26,453.54998779296875,454.6000061035156,451.6199951171875,452.5899963378906,452.5899963378906,43317,False
CSPX,2023-06-27,452.3999938964844,456.3736877441406,451.2799987792969,453.70001220703125,453.70001220703125,123673,False
CSPX,2023-06-28,455.45001220703125,456.818115234375,454.2900085449219,456.19000244140625,456.19000244140625,175537,False
CSPX,2023-06-29,456.3699951171875,458.2900085449219,455.489990234375,457.3599853515625,457.3599853515625,122002,False
CSPX,2023-06-30,458.3699951171875,463.5299987792969,458.19000244140625,462.45001220703125,462.45001220703125,398112,False
CSPX,2023-07-03,463.55999755859375,464.3599853515625,462.79998779296875,463.80999755859375,463.80999755859375,82051,False
CSPX,2023-07-04,464.19000244140625,464.95001220703125,463.69000244140625,464.1600036621094,464.1600036621094,38375,False
CSPX,2023-07-05,463.0199890136719,464.1000061035156,461.5400085449219,463.9800109863281,463.9800109863281,63086,False
CSPX,2023-07-06,461.9599914550781,461.9599914550781,457.0,457.6000061035156,457.6000061035156,130251,False
CSPX,2023-07-07,459.1700134277344,460.4800109863281,458.2699890136719,460.1000061035156,460.1000061035156,358873,False
CSPX,2023-07-10,456.8599853515625,459.92999267578125,456.1499938964844,458.8599853515625,458.8599853515625,266306,False
CSPX,2023-07-11,460.4800109863281,461.34161376953125,446.1877136230469,460.45001220703125,460.45001220703125,88232,False
CSPX,2023-07-12,462.8599853515625,467.7699890136719,462.8599853515625,466.7699890136719,466.7699890136719,118969,False
CSPX,2023-07-13,467.4200134277344,469.1351013183594,467.1000061035156,468.2699890136719,468.2699890136719,43560,False
CSPX,2023-07-14,469.54998779296875,471.8500061035156,469.48199462890625,471.04998779296875,471.04998779296875,51268,False
CSPX,2023-07-17,469.2699890136719,471.43719482421875,468.760009765625,470.9200134277344,470.9200134277344,45092,False
CSPX,2023-07-18,471.2099914550781,473.51251220703125,470.5,472.739990234375,472.739990234375,72669,False
CSPX,2023-07-19,475.17999267578125,477.07000732421875,474.67999267578125,476.739990234375,476.739990234375,57610,False
CSPX,2023-07-20,474.79998779296875,476.1099853515625,473.45001220703125,474.6499938964844,474.6499938964844,71823,False
CSPX,2023-07-21,473.79998779296875,475.4599914550781,472.8500061035156,474.42999267578125,474.42999267578125,36980,False
CSPX,2023-07-24,472.7699890136719,475.260009765625,472.6000061035156,474.70001220703125,474.70001220703125,47417,False
CSPX,2023-07-25,475.4700012207031,476.6167907714844,474.5,475.9100036621094,475.9100036621094,76708,False
CSPX,2023-07-26,476.6099853515625,476.79998779296875,474.7640075683594,475.0899963378906,475.0899963378906,98598,False
CSPX,2023-07-27,477.8399963378906,480.44000244140625,477.82000732421875,478.67999267578125,478.67999267578125,62043,False
CSPX,2023-07-28,474.6199951171875,478.3599853515625,474.3299865722656,478.0899963378906,478.0899963378906,48556,False
CSPX,2023-07-31,477.4100036621094,478.9700012207031,477.07000732421875,477.8699951171875,477.8699951171875,395241,False
CSPX,2023-08-01,478.55999755859375,478.6000061035156,476.3699951171875,476.8500061035156,476.8500061035156,52862,False
CSPX,2023-08-02,474.760009765625,475.5199890136719,470.7965087890625,471.95001220703125,471.95001220703125,74967,False
CSPX,2023-08-03,469.7699890136719,470.69000244140625,467.69000244140625,469.7200012207031,469.7200012207031,77514,False
CSPX,2023-08-04,471.2699890136719,472.3999938964844,468.2699890136719,471.9700012207031,471.9700012207031,83643,False
CSPX,2023-08-07,468.510009765625,470.3500061035156,467.8399963378906,468.8800048828125,468.8800048828125,41060,False
CSPX,2023-08-08,469.5,470.5,465.5299987792969,466.3500061035156,466.3500061035156,53702,False
CSPX,2023-08-09,470.260009765625,471.1400146484375,466.0605773925781,466.67999267578125,466.67999267578125,43017,False
CSPX,2023-08-10,467.8399963378906,472.0199890136719,467.0899963378906,469.5899963378906,469.5899963378906,48354,False
CSPX,2023-08-11,466.7699890136719,467.1300048828125,463.489990234375,464.57000732421875,464.57000732421875,71938,False
CSPX,2023-08-14,465.489990234375,467.82000732421875,464.57000732421875,467.17999267578125,467.17999267578125,29503,False
CSPX,2023-08-15,468.739990234375,469.0899963378906,463.70001220703125,465.1000061035156,465.1000061035156,56483,False
CSPX,2023-08-16,463.3500061035156,464.44000244140625,462.0299987792969,463.5799865722656,463.5799865722656,67223,False
CSPX,2023-08-17,460.6199951171875,461.510009765625,458.977294921875,459.32000732421875,459.32000732421875,68309,False
CSPX,2023-08-18,456.3299865722656,456.9700012207031,452.4700012207031,455.1000061035156,455.1000061035156,84821,False
CSPX,2023-08-21,455.7799987792969,458.92999267578125,455.6000061035156,456.1099853515625,456.1099853515625,30772,False
CSPX,2023-08-22,459.44000244140625,461.9599914550781,458.23370361328125,459.4599914550781,459.4599914550781,43035,False
CSPX,2023-08-23,459.6099853515625,462.35260009765625,458.0400085449219,462.0799865722656,462.0799865722656,50172,False
CSPX,2023-08-24,466.5,467.1499938964844,459.83270263671875,459.8699951171875,459.8699951171875,44352,False
CSPX,2023-08-25,456.6000061035156,461.0199890136719,454.79998779296875,457.67999267578125,457.67999267578125,130404,False
CSPX,2023-08-29,463.4100036621094,468.39349365234375,462.05999755859375,467.7099914550781,467.7099914550781,109069,False
CSPX,2023-08-30,469.75,472.0899963378906,468.5799865722656,471.1300048828125,471.1300048828125,70965,False
CSPX,2023-08-31,472.1499938964844,473.3865051269531,471.6343078613281,472.05999755859375,472.05999755859375,405009,False
CSPX,2023-09-01,471.2099914550781,474.6099853515625,470.9700012207031,471.32000732421875,471.32000732421875,46159,False
CSPX,2023-09-04,471.8900146484375,472.6600036621094,470.8999938964844,471.1499938964844,471.1499938964844,22724,False
CSPX,2023-09-05,470.5799865722656,471.4800109863281,469.3999938964844,470.70001220703125,470.70001220703125,56932,False
CSPX,2023-09-06,468.94000244140625,468.989990234375,465.3999938964844,465.8599853515625,465.8599853515625,37127,False
CSPX,2023-09-07,465.32000732421875,465.8599853515625,462.7699890136719,465.1400146484375,465.1400146484375,38266,False
CSPX,2023-09-08,466.1600036621094,467.1499938964844,463.82000732421875,466.9800109863281,466.9800109863281,46876,False
CSPX,2023-09-11,467.3299865722656,469.1099853515625,466.6700134277344,467.32000732421875,467.32000732421875,77983,False
CSPX,2023-09-12,468.54998779296875,468.8800048828125,466.4200134277344,467.1700134277344,467.1700134277344,32869,False
CSPX,2023-09-13,466.1600036621094,467.8599853515625,464.19000244140625,467.6600036621094,467.6600036621094,99341,False
CSPX,2023-09-14,468.1000061035156,470.5899963378906,467.4100036621094,470.0199890136719,470.0199890136719,85099,False
CSPX,2023-09-15,471.7200012207031,471.8999938964844,466.0799865722656,466.4100036621094,466.4100036621094,47821,False
CSPX,2023-09-18,465.7799987792969,466.45318603515625,463.95001220703125,466.1400146484375,466.1400146484375,31491,False
CSPX,2023-09-19,465.1499938964844,466.2900085449219,461.9800109863281,462.5799865722656,462.5799865722656,53386,False
CSPX,2023-09-20,464.3500061035156,466.2300109863281,464.2799987792969,465.2099914550781,465.2099914550781,43054,False
CSPX,2023-09-21,459.3500061035156,459.4200134277344,454.8999938964844,455.5400085449219,455.5400085449219,63122,False
CSPX,2023-09-22,453.2699890136719,455.1199951171875,452.7699890136719,455.1199951171875,455.1199951171875,197080,False
CSPX,2023-09-25,452.739990234375,453.5400085449219,449.17999267578125,452.2099914550781,452.2099914550781,77247,False
CSPX,2023-09-26,450.7699890136719,452.07000732421875,447.7699890136719,447.9700012207031,447.9700012207031,270746,False
CSPX,2023-09-27,448.3500061035156,449.05999755859375,445.8900146484375,446.760009765625,446.760009765625,50486,False
CSPX,2023-09-28,447.1499938964844,449.55999755859375,445.70001220703125,449.55999755859375,449.55999755859375,133396,False
CSPX,2023-09-29,450.8299865722656,452.9100036621094,449.6391906738281,450.75,450.75,458183,False
CSPX,2023-10-02,450.8399963378906,451.45001220703125,446.70001220703125,449.0199890136719,449.0199890136719,74278,False
CSPX,2023-10-03,448.20001220703125,449.45001220703125,441.3999938964844,441.6000061035156,441.6000061035156,110109,False
CSPX,2023-10-04,439.30999755859375,443.95001220703125,439.1199951171875,443.29998779296875,443.29998779296875,81978,False
CSPX,2023-10-05,444.760009765625,446.260009765625,441.8399963378906,442.3900146484375,442.3900146484375,48044,False
CSPX,2023-10-06,444.5,450.24810791015625,440.2300109863281,447.4599914550781,447.4599914550781,186894,False
CSPX,2023-10-09,447.04998779296875,450.0199890136719,446.20001220703125,449.7099914550781,449.7099914550781,35235,False
CSPX,2023-10-10,453.4200134277344,458.3301086425781,453.20001220703125,457.82000732421875,457.82000732421875,78591,False
CSPX,2023-10-11,455.8900146484375,457.7300109863281,454.91339111328125,455.739990234375,455.739990234375,65116,False
CSPX,2023-10-12,459.6300048828125,460.4100036621094,456.30999755859375,457.4599914550781,457.4599914550781,335871,False
CSPX,2023-10-13,455.4599914550781,457.7300109863281,452.79998779296875,453.45001220703125,453.45001220703125,83057,False
CSPX,2023-10-16,454.1600036621094,458.30999755859375,452.3800048828125,457.54998779296875,457.54998779296875,63483,False
CSPX,2023-10-17,456.6300048828125,458.44140625,453.69000244140625,457.739990234375,457.739990234375,55875,False
CSPX,2023-10-18,456.0299987792969,456.8299865722656,453.3699951171875,454.04998779296875,454.04998779296875,81926,False
CSPX,2023-10-19,450.6700134277344,453.8999938964844,449.239990234375,451.5,451.5,247994,False
CSPX,2023-10-20,446.1300048828125,447.54998779296875,442.7300109863281,442.79998779296875,442.79998779296875,108724,False
CSPX,2023-10-23,442.6099853515625,443.6648864746094,438.260009765625,443.1000061035156,443.1000061035156,55980,False
CSPX,2023-10-24,442.9100036621094,445.3699951171875,441.75,443.6300048828125,443.6300048828125,62115,False
CSPX,2023-10-25,442.6499938964844,443.6099853515625,439.5,441.1099853515625,441.1099853515625,36823,False
CSPX,2023-10-26,435.1600036621094,437.6499938964844,432.26300048828125,434.80999755859375,434.80999755859375,52144,False
CSPX,2023-10-27,434.6099853515625,435.5799865722656,432.0,433.510009765625,433.510009765625,66340,False
CSPX,2023-10-30,433.3299865722656,435.57000732421875,432.44000244140625,433.9700012207031,433.9700012207031,443222,False
CSPX,2023-10-31,434.9200134277344,438.5223083496094,434.45001220703125,436.4200134277344,436.4200134277344,199940,False
CSPX,2023-11-01,437.95001220703125,442.4100036621094,436.5400085449219,440.6499938964844,440.6499938964844,42943,False
CSPX,2023-11-02,444.6700134277344,451.1618957519531,444.4599914550781,450.04998779296875,450.04998779296875,65019,False
CSPX,2023-11-03,451.1499938964844,457.3500061035156,450.693603515625,456.94000244140625,456.94000244140625,80900,False
CSPX,2023-11-06,456.5299987792969,457.5,456.0,456.6199951171875,456.6199951171875,89854,False
CSPX,2023-11-07,455.57000732421875,458.8177490234375,455.0,458.6199951171875,458.6199951171875,49452,False
CSPX,2023-11-08,457.6600036621094,459.4100036621094,457.0224914550781,457.9200134277344,457.9200134277344,51613,False
CSPX,2023-11-09,458.6099853515625,460.2099914550781,457.4800109863281,459.0400085449219,459.0400085449219,28373,False
CSPX,2023-11-10,456.1199951171875,458.1199951171875,454.4100036621094,457.80999755859375,457.80999755859375,33870,False
CSPX,2023-11-13,460.75,462.5743103027344,459.7799987792969,462.010009765625,462.010009765625,32469,False
CSPX,2023-11-14,462.3900146484375,471.6700134277344,461.54998779296875,471.20001220703125,471.20001220703125,64701,False
CSPX,2023-11-15,471.5199890136719,473.5,471.2786865234375,472.6000061035156,472.6000061035156,60181,False
CSPX,2023-11-16,471.510009765625,472.6000061035156,470.1199951171875,470.1199951171875,470.1199951171875,107226,False
CSPX,2023-11-17,472.5400085449219,473.95001220703125,471.20001220703125,471.82000732421875,471.82000732421875,314633,False
CSPX,2023-11-20,472.3699951171875,474.8599853515625,472.25,474.7900085449219,474.7900085449219,54690,False
CSPX,2023-11-21,476.0299987792969,476.3699951171875,473.8299865722656,474.6499938964844,474.6499938964844,62186,False
CSPX,2023-11-22,475.45001220703125,478.4800109863281,475.0775146484375,476.8999938964844,476.8999938964844,453705,False
CSPX,2023-11-23,477.5199890136719,477.80999755859375,477.114013671875,477.7200012207031,477.7200012207031,20668,False
CSPX,2023-11-24,477.3800048828125,478.3599853515625,476.7900085449219,477.0,477.0,71370,False
CSPX,2023-11-27,476.6499938964844,477.32000732421875,476.010009765625,476.8800048828125,476.8800048828125,104760,False
CSPX,2023-11-28,476.3599853515625,478.3800048828125,475.2699890136719,478.3800048828125,478.3800048828125,100240,False
CSPX,2023-11-29,477.6000061035156,480.57000732421875,477.29998779296875,477.29998779296875,477.29998779296875,63565,False
CSPX,2023-11-30,477.5400085449219,478.8699951171875,476.05999755859375,476.3299865722656,476.3299865722656,414734,False
CSPX,2023-12-01,478.42999267578125,481.3631896972656,477.4200134277344,479.95001220703125,479.95001220703125,81384,False
CSPX,2023-12-04,480.04998779296875,480.6400146484375,476.44000244140625,477.05999755859375,477.05999755859375,105442,False
CSPX,2023-12-05,477.04998779296875,479.7699890136719,476.5400085449219,478.8599853515625,478.8599853515625,67677,False
CSPX,2023-12-06,480.3299865722656,481.2799987792969,478.1000061035156,478.1000061035156,478.1000061035156,76617,False
CSPX,2023-12-07,477.04998779296875,480.4815979003906,476.29998779296875,479.80999755859375,479.80999755859375,60359,False
CSPX,2023-12-08,479.92999267578125,482.88299560546875,478.1400146484375,481.010009765625,481.010009765625,59224,False
CSPX,2023-12-11,482.1300048828125,519.489990234375,481.7799987792969,482.44000244140625,482.44000244140625,219595,False
CSPX,2023-12-12,484.8299865722656,486.3299865722656,482.95001220703125,485.0799865722656,485.0799865722656,89480,False
CSPX,2023-12-13,487.2900085449219,523.8900146484375,486.8861083984375,487.510009765625,487.510009765625,64414,False
CSPX,2023-12-14,494.7200012207031,496.760009765625,494.07000732421875,494.75,494.75,349680,False
CSPX,2023-12-15,496.07000732421875,534.3300170898438,493.7099914550781,495.1099853515625,495.1099853515625,94646,False
CSPX,2023-12-18,495.4100036621094,497.19329833984375,494.6600036621094,496.989990234375,496.989990234375,125027,False
CSPX,2023-12-19,496.9700012207031,499.4700012207031,496.9700012207031,499.1099853515625,499.1099853515625,150750,False
CSPX,2023-12-20,500.1199951171875,500.7099914550781,498.6300048828125,499.7900085449219,499.7900085449219,136183,False
CSPX,2023-12-21,495.4200134277344,497.5,494.99951171875,496.3800048828125,496.3800048828125,202356,False
CSPX,2023-12-22,497.75,500.17529296875,496.3800048828125,497.94000244140625,497.94000244140625,30604,False
CSPX,2023-12-27,500.94000244140625,503.0,500.05999755859375,500.739990234375,500.739990234375,715310,False
CSPX,2023-12-28,502.8399963378906,502.8399963378906,501.6400146484375,501.9599914550781,501.9599914550781,153482,False
CSPX,2023-12-29,502.70001220703125,503.0,498.26971435546875,502.0,502.0,51335,False
CSPX,2024-01-02,501.3399963378906,501.82000732421875,496.25,497.5899963378906,497.5899963378906,45558,False
CSPX,2024-01-03,497.5899963378906,497.79998779296875,493.5318908691406,494.6499938964844,494.6499938964844,80014,False
CSPX,2024-01-04,494.3800048828125,495.8797912597656,492.7300109863281,495.29998779296875,495.29998779296875,52474,False
CSPX,2024-01-05,491.54998779296875,495.2300109863281,489.17999267578125,494.1000061035156,494.1000061035156,58499,False
CSPX,2024-01-08,492.20001220703125,533.6199951171875,490.7699890136719,495.29998779296875,495.29998779296875,63324,False
CSPX,2024-01-09,498.739990234375,498.8800048828125,496.260009765625,498.260009765625,498.260009765625,165167,False
CSPX,2024-01-10,498.92999267578125,500.29998779296875,498.42999267578125,499.57000732421875,499.57000732421875,263670,False
CSPX,2024-01-11,503.19000244140625,503.8399963378906,497.45001220703125,497.75,497.75,164718,False
CSPX,2024-01-12,500.3399963378906,503.8599853515625,499.3900146484375,501.69000244140625,501.69000244140625,89975,False
CSPX,2024-01-15,501.47821044921875,502.510009765625,500.80999755859375,501.6099853515625,501.6099853515625,108237,False
CSPX,2024-01-16,499.79998779296875,501.7200012207031,498.489990234375,501.4200134277344,501.4200134277344,66527,False
CSPX,2024-01-17,497.79998779296875,498.6499938964844,495.8599853515625,497.67999267578125,497.67999267578125,100123,False
CSPX,2024-01-18,497.4700012207031,500.1099853515625,497.3699951171875,499.8599853515625,499.8599853515625,99134,False
CSPX,2024-01-19,502.7200012207031,507.4339904785156,502.0899963378906,503.80999755859375,503.80999755859375,30745,False
CSPX,2024-01-22,508.95001220703125,600.0,508.489990234375,509.30999755859375,509.30999755859375,95370,False
CSPX,2024-01-23,509.4200134277344,510.19000244140625,508.3085021972656,508.4100036621094,508.4100036621094,135694,False
CSPX,2024-01-24,512.4400024414062,514.3966064453125,512.0499877929688,513.5,513.5,83520,False
CSPX,2024-01-25,511.42999267578125,514.0,511.0,513.4600219726562,513.4600219726562,127780,False
CSPX,2024-01-26,511.2699890136719,515.1199951171875,511.25,515.1199951171875,515.1199951171875,91262,False
CSPX,2024-01-29,513.4000244140625,514.3803100585938,512.8300170898438,513.5499877929688,513.5499877929688,97777,False
CSPX,2024-01-30,516.7899780273438,518.2647094726562,515.6494140625,517.010009765625,517.010009765625,124483,False
CSPX,2024-01-31,515.239990234375,515.6300048828125,511.95001220703125,512.5800170898438,512.5800170898438,254555,False
CSPX,2024-02-01,510.0299987792969,553.5900268554688,509.5,511.1300048828125,511.1300048828125,238446,False
CSPX,2024-02-02,517.4500122070312,521.3734741210938,514.760009765625,519.1400146484375,519.1400146484375,208931,False
CSPX,2024-02-05,519.280029296875,520.0,516.1900024414062,517.6699829101562,517.6699829101562,54992,False
CSPX,2024-02-06,519.5800170898438,520.2999877929688,517.9000244140625,519.260009765625,519.260009765625,65375,False
CSPX,2024-02-07,519.8699951171875,524.260009765625,519.5900268554688,523.0800170898438,523.0800170898438,81230,False
CSPX,2024-02-08,524.510009765625,524.8414916992188,523.3300170898438,523.8300170898438,523.8300170898438,74660,False
CSPX,2024-02-09,524.8699951171875,527.0,524.75,525.9400024414062,525.9400024414062,56255,False
CSPX,2024-02-12,527.52001953125,530.0,527.2012939453125,530.0,530.0,58090,False
CSPX,2024-02-13,527.239990234375,527.280029296875,519.2899780273438,521.5700073242188,521.5700073242188,46668,False
CSPX,2024-02-14,521.1900024414062,563.2999877929688,521.0999755859375,522.3400268554688,522.3400268554688,65731,False
CSPX,2024-02-15,526.219970703125,527.43359375,525.0399780273438,525.6599731445312,525.6599731445312,119161,False
CSPX,2024-02-16,528.6199951171875,529.7899780273438,525.0700073242188,528.22998046875,528.22998046875,52806,False
CSPX,2024-02-19,525.9099731445312,526.6400146484375,525.5900268554688,526.1500244140625,526.1500244140625,112791,False
CSPX,2024-02-20,524.7000122070312,524.969970703125,521.0972900390625,522.1500244140625,522.1500244140625,73347,False
CSPX,2024-02-21,522.4199829101562,563.9199829101562,520.9000244140625,521.8400268554688,521.8400268554688,117103,False
CSPX,2024-02-22,528.6099853515625,532.4099731445312,528.4600219726562,532.4099731445312,532.4099731445312,199575,False
CSPX,2024-02-23,534.4199829101562,536.9500122070312,533.719970703125,534.8499755859375,534.8499755859375,91872,False
CSPX,2024-02-26,533.9400024414062,577.6400146484375,533.4097290039062,533.9600219726562,533.9600219726562,83163,False
CSPX,2024-02-27,532.739990234375,576.6799926757812,531.947998046875,532.510009765625,532.510009765625,72615,False
CSPX,2024-02-28,533.3400268554688,533.5599975585938,530.9600219726562,532.9500122070312,532.9500122070312,41361,False
CSPX,2024-02-29,532.3599853515625,535.5499877929688,530.9600219726562,533.3900146484375,533.3900146484375,145806,False
CSPX,2024-03-01,536.4099731445312,576.0599975585938,533.9600219726562,537.2999877929688,537.2999877929688,106722,False
CSPX,2024-03-04,539.5999755859375,580.280029296875,538.5499877929688,539.260009765625,539.260009765625,81312,False
CSPX,2024-03-05,538.1900024414062,582.4000244140625,534.2100219726562,534.760009765625,534.760009765625,58362,False
CSPX,2024-03-06,534.5900268554688,538.2000122070312,534.5,537.510009765625,537.510009765625,61840,False
CSPX,2024-03-07,534.8400268554688,580.510009765625,534.3099975585938,540.989990234375,540.989990234375,83163,False
CSPX,2024-03-08,542.5499877929688,584.27001953125,539.2940063476562,541.7899780273438,541.7899780273438,112605,False
CSPX,2024-03-11,538.260009765625,538.4400024414062,535.2000122070312,537.5900268554688,537.5900268554688,59637,False
CSPX,2024-03-12,540.3300170898438,543.8245849609375,537.3499755859375,542.0599975585938,542.0599975585938,40657,False
CSPX,2024-03-13,544.4400024414062,544.72998046875,542.8599853515625,543.2999877929688,543.2999877929688,69327,False
CSPX,2024-03-14,544.5599975585938,586.760009765625,540.2999877929688,541.8400268554688,541.8400268554688,487030,False
CSPX,2024-03-15,541.6099853515625,650.2000122070312,537.219970703125,537.5399780273438,537.5399780273438,193781,False
CSPX,2024-03-18,539.52001953125,580.5399780273438,539.2899780273438,542.6300048828125,542.6300048828125,177861,False
CSPX,2024-03-19,541.1900024414062,543.7028198242188,538.6900024414062,543.010009765625,543.010009765625,99147,False
CSPX,2024-03-20,544.3699951171875,546.25439453125,543.760009765625,544.4500122070312,544.4500122070312,69805,False
CSPX,2024-03-21,552.469970703125,554.6300048828125,551.0671997070312,552.8900146484375,552.8900146484375,85440,False
CSPX,2024-03-22,551.489990234375,552.25,550.0399780273438,550.0399780273438,550.0399780273438,61359,False
CSPX,2024-03-25,549.8800048828125,550.4000244140625,548.3499755859375,549.469970703125,549.469970703125,90849,False
CSPX,2024-03-26,549.989990234375,551.3400268554688,549.7000122070312,549.739990234375,549.739990234375,86210,False
CSPX,2024-03-27,549.3599853515625,551.0,547.8389892578125,549.0599975585938,549.0599975585938,56495,False
CSPX,2024-03-28,552.02001953125,552.9000244140625,551.4199829101562,552.489990234375,552.489990234375,63371,False
CSPX,2024-04-02,550.8200073242188,551.9000244140625,545.2899780273438,546.6400146484375,546.6400146484375,123064,False
CSPX,2024-04-03,547.0999755859375,600.280029296875,546.2899780273438,549.75,549.75,203556,False
CSPX,2024-04-04,549.72998046875,553.0562133789062,549.6099853515625,551.7000122070312,551.7000122070312,92749,False
CSPX,2024-04-05,542.989990234375,595.8400268554688,541.7000122070312,546.4099731445312,546.4099731445312,60127,False
CSPX,2024-04-08,546.7000122070312,590.1199951171875,545.7899780273438,548.0900268554688,548.0900268554688,60847,False
CSPX,2024-04-09,547.7999877929688,591.9400024414062,542.9266357421875,544.6099853515625,544.6099853515625,100910,False
CSPX,2024-04-10,548.6799926757812,550.3099975585938,539.510009765625,542.510009765625,542.510009765625,129506,False
CSPX,2024-04-11,542.8499755859375,544.719970703125,540.0,542.22998046875,542.22998046875,55724,False
CSPX,2024-04-12,547.2000122070312,585.5999755859375,539.939697265625,542.3300170898438,542.3300170898438,56553,False
CSPX,2024-04-15,541.719970703125,574.8599853515625,537.99951171875,540.52001953125,540.52001953125,106061,False
CSPX,2024-04-16,531.3599853515625,594.5700073242188,530.1599731445312,532.1199951171875,532.1199951171875,114751,False
CSPX,2024-04-17,530.9299926757812,574.6900024414062,529.3699951171875,529.3699951171875,529.3699951171875,65052,False
CSPX,2024-04-18,530.5499877929688,532.1799926757812,527.0657958984375,531.2899780273438,531.2899780273438,58215,False
CSPX,2024-04-19,524.77001953125,573.7899780273438,524.239990234375,525.22998046875,525.22998046875,208858,False
CSPX,2024-04-22,525.3200073242188,567.25,522.9099731445312,524.1699829101562,524.1699829101562,225249,False
CSPX,2024-04-23,527.6300048828125,533.47998046875,527.4000244140625,532.8300170898438,532.8300170898438,97504,False
CSPX,2024-04-24,535.1199951171875,535.5399780273438,532.1300048828125,533.1699829101562,533.1699829101562,116595,False
CSPX,2024-04-25,531.0900268554688,600.0,525.2000122070312,527.22998046875,527.22998046875,59875,False
CSPX,2024-04-26,535.75,537.8400268554688,533.9000244140625,536.2999877929688,536.2999877929688,133196,False
CSPX,2024-04-29,537.7899780273438,579.2000122070312,536.5380249023438,537.4000244140625,537.4000244140625,62473,False
CSPX,2024-04-30,538.1300048828125,538.3200073242188,532.8695068359375,534.47998046875,534.47998046875,140601,False
CSPX,2024-05-01,529.1500244140625,529.6300048828125,527.2000122070312,528.75,528.75,37948,False
CSPX,2024-05-02,532.201171875,532.201171875,532.201171875,532.201171875,532.201171875,15160,False
CSPX,2024-05-03,534.5499877929688,540.4199829101562,533.9600219726562,538.7100219726562,538.7100219726562,61597,False
CSPX,2024-05-07,545.4400024414062,547.0800170898438,544.8200073242188,546.5800170898438,546.5800170898438,78181,False
CSPX,2024-05-08,546.1500244140625,546.5900268554688,542.8449096679688,545.77001953125,545.77001953125,52284,False
CSPX,2024-05-09,545.2000122070312,548.8400268554688,544.4500122070312,548.0900268554688,548.0900268554688,277509,False
CSPX,2024-05-10,550.1599731445312,551.97998046875,548.9000244140625,549.2999877929688,549.2999877929688,55994,False
CSPX,2024-05-13,550.52001953125,551.760009765625,549.3436279296875,549.75,549.75,53841,False
CSPX,2024-05-14,549.8499755859375,551.3099975585938,547.1799926757812,550.239990234375,550.239990234375,45598,False
CSPX,2024-05-15,552.5599975585938,558.927978515625,552.219970703125,557.2100219726562,557.2100219726562,82203,False
CSPX,2024-05-16,559.8200073242188,601.7899780273438,559.0,560.8099975585938,560.8099975585938,54673,False
CSPX,2024-05-17,558.27001953125,605.6699829101562,557.2999877929688,557.97998046875,557.97998046875,42577,False
CSPX,2024-05-20,559.4299926757812,605.0,558.9199829101562,561.0399780273438,561.0399780273438,38156,False
CSPX,2024-05-21,559.5599975585938,605.9199829101562,558.5,559.6699829101562,559.6699829101562,34763,False
CSPX,2024-05-22,560.7000122070312,604.4400024414062,559.7000122070312,560.4099731445312,560.4099731445312,54116,False
CSPX,2024-05-23,562.3599853515625,605.239990234375,558.2999877929688,560.0999755859375,560.0999755859375,93699,False
CSPX,2024-05-24,555.52001953125,559.75,555.1597290039062,559.3699951171875,559.3699951171875,195042,False
CSPX,2024-05-28,560.1199951171875,604.1199951171875,558.4000244140625,559.1400146484375,559.1400146484375,61037,False
CSPX,2024-05-29,557.52001953125,670.9000244140625,554.5999755859375,555.72998046875,555.72998046875,51565,False
CSPX,2024-05-30,551.989990234375,554.52001953125,551.8400268554688,553.5900268554688,553.5900268554688,111232,False
CSPX,2024-05-31,551.3400268554688,597.8800048828125,548.2374267578125,548.969970703125,548.969970703125,106581,False
CSPX,2024-06-03,558.1199951171875,592.8900146484375,553.5505981445312,555.25,555.25,88787,False
CSPX,2024-06-04,556.0599975585938,557.1099853515625,553.47998046875,554.6199951171875,554.6199951171875,57312,False
CSPX,2024-06-05,558.3200073242188,562.7775268554688,558.030029296875,561.6799926757812,561.6799926757812,70313,False
CSPX,2024-06-06,564.719970703125,606.6099853515625,562.656982421875,564.030029296875,564.030029296875,89405,False
CSPX,2024-06-07,565.219970703125,566.1900024414062,560.739990234375,564.989990234375,564.989990234375,64407,False
CSPX,2024-06-10,562.8499755859375,610.1900024414062,561.989990234375,564.27001953125,564.27001953125,53058,False
CSPX,2024-06-11,565.4400024414062,609.4099731445312,561.6199951171875,564.4099731445312,564.4099731445312,58712,False
CSPX,2024-06-12,567.2000122070312,574.25,566.97998046875,573.3300170898438,573.3300170898438,53817,False
CSPX,2024-06-13,573.1400146484375,619.2000122070312,570.3770141601562,571.489990234375,571.489990234375,60376,False
CSPX,2024-06-14,572.9000244140625,617.2100219726562,568.77001953125,571.5599975585938,571.5599975585938,69052,False
CSPX,2024-06-17,573.0,617.280029296875,571.7899780273438,574.030029296875,574.030029296875,183228,False
CSPX,2024-06-18,577.8099975585938,578.6900024414062,577.0399780273438,577.530029296875,577.530029296875,68750,False
CSPX,2024-06-19,579.280029296875,623.72998046875,578.0079956054688,579.280029296875,579.280029296875,23205,False
CSPX,2024-06-20,580.5700073242188,625.6199951171875,576.66357421875,579.75,579.75,141297,False
CSPX,2024-06-21,578.0,626.1300048828125,574.43701171875,576.22998046875,576.22998046875,37718,False
CSPX,2024-06-24,576.9099731445312,579.1300048828125,574.1939697265625,578.3800048828125,578.3800048828125,55499,False
CSPX,2024-06-25,575.6500244140625,576.6300048828125,574.4000244140625,576.4400024414062,576.4400024414062,73718,False
CSPX,2024-06-26,577.719970703125,578.760009765625,575.0999755859375,575.7999877929688,575.7999877929688,183821,False
CSPX,2024-06-27,576.9099731445312,579.3599853515625,576.6099853515625,577.3499755859375,577.3499755859375,62285,False
CSPX,2024-06-28,580.280029296875,623.5399780273438,578.969970703125,580.4199829101562,580.4199829101562,73775,False
CSPX,2024-07-01,578.1699829101562,626.8499755859375,574.5,576.3800048828125,576.3800048828125,151773,False
CSPX,2024-07-02,576.219970703125,622.489990234375,574.489990234375,578.3499755859375,578.3499755859375,86542,False
CSPX,2024-07-03,581.0599975585938,583.5075073242188,580.5115966796875,582.6199951171875,582.6199951171875,192405,False
CSPX,2024-07-04,583.9600219726562,584.989990234375,583.3099975585938,583.6799926757812,583.6799926757812,30816,False
CSPX,2024-07-05,584.6799926757812,586.4089965820312,583.5,585.719970703125,585.719970703125,50121,False
CSPX,2024-07-08,586.4600219726562,632.5800170898438,586.3499755859375,587.6400146484375,587.6400146484375,99670,False
CSPX,2024-07-09,589.010009765625,590.131591796875,588.4600219726562,588.9000244140625,588.9000244140625,78844,False
CSPX,2024-07-10,588.8800048828125,636.010009765625,588.7100219726562,590.5599975585938,590.5599975585938,136663,False
CSPX,2024-07-11,594.510009765625,637.7999877929688,589.313720703125,590.2000122070312,590.2000122070312,624766,False
CSPX,2024-07-12,590.2000122070312,597.1102905273438,588.0499877929688,594.52001953125,594.52001953125,136801,False
CSPX,2024-07-15,594.3099975585938,598.030029296875,593.4569091796875,596.6400146484375,596.6400146484375,164599,False
CSPX,2024-07-16,595.1300048828125,597.75,593.4400024414062,596.1199951171875,596.1199951171875,78214,False
CSPX,2024-07-17,595.5499877929688,595.5502319335938,590.2517700195312,591.239990234375,591.239990234375,78789,False
CSPX,2024-07-18,592.52001953125,638.5399780273438,586.3065185546875,586.4500122070312,586.4500122070312,103922,False
CSPX,2024-07-19,585.5999755859375,633.3699951171875,581.1248168945312,582.0700073242188,582.0700073242188,124565,False
CSPX,2024-07-22,582.9400024414062,628.6400146484375,582.239990234375,584.0,584.0,89515,False
CSPX,2024-07-23,586.4500122070312,630.719970703125,585.0900268554688,589.4400024414062,589.4400024414062,69375,False
CSPX,2024-07-24,582.4600219726562,583.0999755859375,575.9464721679688,577.1699829101562,577.1699829101562,63968,False
CSPX,2024-07-25,574.4199829101562,576.7899780273438,569.2899780273438,575.3800048828125,575.3800048828125,174663,False
CSPX,2024-07-26,572.4099731445312,594.0,572.3099975585938,575.1500244140625,575.1500244140625,98264,False
CSPX,2024-07-29,579.4000244140625,580.0900268554688,575.0999755859375,575.0999755859375,575.0999755859375,54678,False
CSPX,2024-07-30,577.4600219726562,580.072998046875,573.1799926757812,574.030029296875,574.030029296875,83476,False
CSPX,2024-07-31,578.5800170898438,619.9500122070312,577.97998046875,583.8400268554688,583.8400268554688,92301,False
CSPX,2024-08-01,585.1699829101562,588.0,575.7050170898438,578.0900268554688,578.0900268554688,95272,False
CSPX,2024-08-02,569.3800048828125,570.1500244140625,559.6900024414062,561.1500244140625,561.1500244140625,177435,True
CSPX,2024-08-05,549.280029296875,606.0399780273438,537.6199951171875,550.9600219726562,550.9600219726562,267187,False
CSPX,2024-08-06,553.3599853515625,620.0,548.4000244140625,554.2100219726562,554.2100219726562,169269,False
CSPX,2024-08-07,556.22998046875,598.5499877929688,553.6318969726562,560.75,560.75,82017,False
CSPX,2024-08-08,549.8699951171875,561.9227905273438,546.6599731445312,559.0499877929688,559.0499877929688,124644,False
CSPX,2024-08-09,562.0999755859375,564.65478515625,559.0999755859375,562.4400024414062,562.4400024414062,140944,False
CSPX,2024-08-12,564.219970703125,567.1199951171875,562.2000122070312,564.1300048828125,564.1300048828125,140368,False
CSPX,2024-08-13,566.4199829101562,572.7816162109375,564.5700073242188,570.2899780273438,570.2899780273438,160615,False
CSPX,2024-08-14,574.0499877929688,615.9099731445312,571.9000244140625,575.6199951171875,575.6199951171875,98265,False
CSPX,2024-08-15,576.9299926757812,584.52001953125,575.5999755859375,583.8200073242188,583.8200073242188,48839,False
CSPX,2024-08-16,587.0399780273438,587.2999877929688,582.47998046875,584.9299926757812,584.9299926757812,101376,False
CSPX,2024-08-19,586.3400268554688,631.719970703125,585.5499877929688,589.52001953125,589.52001953125,120417,False
CSPX,2024-08-20,592.97998046875,636.6799926757812,590.7000122070312,591.0399780273438,591.0399780273438,93112,False
CSPX,2024-08-21,591.739990234375,709.239990234375,590.7276000976562,592.5499877929688,592.5499877929688,47193,False
CSPX,2024-08-22,593.9500122070312,596.2999877929688,588.5526123046875,592.0900268554688,592.0900268554688,53693,False
CSPX,2024-08-23,591.1400146484375,596.22998046875,590.578125,594.7899780273438,594.7899780273438,116460,False
CSPX,2024-08-27,593.8599853515625,700.0,591.0900268554688,593.1400146484375,593.1400146484375,122288,False
CSPX,2024-08-28,594.780029296875,595.3699951171875,587.4907836914062,590.780029296875,590.780029296875,115692,False
CSPX,2024-08-29,590.3900146484375,626.219970703125,590.3699951171875,595.239990234375,595.239990234375,416374,False
CSPX,2024-08-30,592.75,642.8599853515625,591.3159790039062,591.5900268554688,591.5900268554688,233121,False
CSPX,2024-09-02,595.5,638.9199829101562,594.3200073242188,596.9600219726562,596.9600219726562,97436,False
CSPX,2024-09-03,596.530029296875,597.4299926757812,586.8969116210938,589.02001953125,589.02001953125,60243,False
CSPX,2024-09-04,581.1300048828125,586.8599853515625,580.7899780273438,584.5399780273438,584.5399780273438,152084,False
CSPX,2024-09-05,582.3099975585938,586.3099975585938,580.0999755859375,580.2000122070312,580.2000122070312,364202,False
CSPX,2024-09-06,580.1199951171875,626.6199951171875,571.282470703125,573.8800048828125,573.8800048828125,84241,False
CSPX,2024-09-09,574.5800170898438,666.6599731445312,574.5399780273438,576.8200073242188,576.8200073242188,74126,False
CSPX,2024-09-10,577.7999877929688,622.969970703125,576.3057861328125,579.2000122070312,579.2000122070312,62374,False
CSPX,2024-09-11,579.3900146484375,581.5399780273438,571.5599975585938,574.5999755859375,574.5999755859375,70735,False
CSPX,2024-09-12,588.6199951171875,589.4099731445312,585.219970703125,587.760009765625,587.760009765625,67015,False
CSPX,2024-09-13,592.2100219726562,634.780029296875,592.0,595.0900268554688,595.0900268554688,49906,False
CSPX,2024-09-16,594.469970703125,650.0,592.6900024414062,594.0,594.0,68752,False
CSPX,2024-09-17,596.1799926757812,599.6099853515625,595.50048828125,598.2100219726562,598.2100219726562,94025,False
CSPX,2024-09-18,596.97998046875,700.0,594.5865478515625,595.1599731445312,595.1599731445312,89124,False
CSPX,2024-09-19,601.02001953125,606.19140625,600.3400268554688,604.3099975585938,604.3099975585938,198141,False
CSPX,2024-09-20,603.6400146484375,604.2899780273438,600.0999755859375,601.8200073242188,601.8200073242188,71677,False
CSPX,2024-09-23,603.9600219726562,605.4000244140625,601.5399780273438,605.0700073242188,605.0700073242188,80879,False
CSPX,2024-09-24,605.9299926757812,653.47998046875,602.739990234375,605.2899780273438,605.2899780273438,71588,False
CSPX,2024-09-25,605.0599975585938,653.7100219726562,604.7012939453125,606.02001953125,606.02001953125,149418,False
CSPX,2024-09-26,609.8900146484375,610.719970703125,606.4000244140625,606.52001953125,606.52001953125,157217,False
CSPX,2024-09-27,607.3200073242188,727.8200073242188,606.72998046875,608.25,608.25,94465,False
CSPX,2024-09-30,606.280029296875,729.9000244140625,605.0399780273438,607.1799926757812,607.1799926757812,115030,False
CSPX,2024-10-01,609.1300048828125,610.1799926757812,600.9500122070312,603.510009765625,603.510009765625,97499,False
CSPX,2024-10-02,602.5700073242188,605.2000122070312,600.1099853515625,604.760009765625,604.760009765625,97599,False
CSPX,2024-10-03,603.3099975585938,605.219970703125,600.6900024414062,603.280029296875,603.280029296875,110467,False
CSPX,2024-10-04,602.9500122070312,723.9299926757812,602.5,604.030029296875,604.030029296875,45850,False
CSPX,2024-10-07,607.3900146484375,652.3499755859375,604.6300048828125,607.0999755859375,607.0999755859375,101735,False
CSPX,2024-10-08,602.8800048828125,655.6699829101562,601.989990234375,607.0999755859375,607.0999755859375,105718,False
CSPX,2024-10-09,607.0800170898438,655.6599731445312,606.5999755859375,611.530029296875,611.530029296875,73606,False
CSPX,2024-10-10,612.5800170898438,613.0700073242188,610.3599853515625,612.1599731445312,612.1599731445312,148455,False
CSPX,2024-10-11,611.8200073242188,661.1300048828125,610.75,615.27001953125,615.27001953125,161308,False
CSPX,2024-10-14,615.2999877929688,664.489990234375,615.0,619.0,619.0,44377,False
CSPX,2024-10-15,620.4600219726562,621.0900268554688,617.3300170898438,618.5999755859375,618.5999755859375,67830,False
CSPX,2024-10-16,616.010009765625,700.0,614.75,616.4099731445312,616.4099731445312,122318,False
CSPX,2024-10-17,619.2999877929688,665.719970703125,618.530029296875,620.489990234375,620.489990234375,133567,False
CSPX,2024-10-18,619.010009765625,621.2794799804688,618.6799926757812,620.1199951171875,620.1199951171875,105091,False
CSPX,2024-10-21,620.260009765625,744.1400146484375,616.530029296875,616.9000244140625,616.9000244140625,93236,False
CSPX,2024-10-22,618.3499755859375,619.4158935546875,616.1500244140625,618.1599731445312,618.1599731445312,91057,False
CSPX,2024-10-23,618.739990234375,619.530029296875,612.8095703125,614.6300048828125,614.6300048828125,103902,False
CSPX,2024-10-24,615.25,651.5,613.9268798828125,614.5800170898438,614.5800170898438,93050,False
CSPX,2024-10-25,615.3400268554688,620.52001953125,615.1099853515625,618.5,618.5,74056,False
CSPX,2024-10-28,618.239990234375,655.6099853515625,616.5,616.9500122070312,616.9500122070312,95366,False
CSPX,2024-10-29,617.0399780273438,617.8499755859375,614.0999755859375,616.9099731445312,616.9099731445312,91612,False
CSPX,2024-10-30,618.8400268554688,619.2899780273438,14.984999656677246,618.4600219726562,618.4600219726562,102953,False
CSPX,2024-10-31,611.3800048828125,613.4500122070312,604.77001953125,606.4500122070312,606.4500122070312,271737,False
CSPX,2024-11-01,605.4199829101562,650.0,605.2899780273438,609.469970703125,609.469970703125,71895,False
CSPX,2024-11-04,606.9299926757812,731.3599853515625,603.5944213867188,605.7100219726562,605.7100219726562,105890,False
CSPX,2024-11-05,605.7899780273438,642.0499877929688,605.0700073242188,610.6699829101562,610.6699829101562,85372,False
CSPX,2024-11-06,623.5499877929688,647.3099975585938,621.6400146484375,624.6199951171875,624.6199951171875,323492,False
CSPX,2024-11-07,628.25,662.0900268554688,628.1400146484375,631.8599853515625,631.8599853515625,246312,False
CSPX,2024-11-08,633.469970703125,758.22998046875,631.4555053710938,634.7999877929688,634.7999877929688,156876,False
CSPX,2024-11-11,636.4099731445312,761.760009765625,634.5079956054688,636.4099731445312,636.4099731445312,132761,False
CSPX,2024-11-12,635.3200073242188,763.6900024414062,633.2990112304688,634.030029296875,634.030029296875,86645,False
CSPX,2024-11-13,632.22998046875,672.0700073242188,631.760009765625,634.969970703125,634.969970703125,135355,False
CSPX,2024-11-14,634.3099975585938,673.0599975585938,631.3278198242188,633.3400268554688,633.3400268554688,134827,False
CSPX,2024-11-15,626.8699951171875,628.3469848632812,621.5,622.8400268554688,622.8400268554688,228757,False
CSPX,2024-11-18,622.760009765625,747.4000244140625,620.6972045898438,625.3699951171875,625.3699951171875,91580,False
CSPX,2024-11-19,625.3400268554688,750.4400024414062,617.7899780273438,625.260009765625,625.260009765625,172164,False
CSPX,2024-11-20,628.25,628.75,620.719970703125,622.0800170898438,622.0800170898438,79123,False
CSPX,2024-11-21,625.72998046875,659.4000244140625,623.52001953125,629.6699829101562,629.6699829101562,130233,False
CSPX,2024-11-22,630.7000122070312,632.8599853515625,627.4400024414062,631.27001953125,631.27001953125,504089,False
CSPX,2024-11-25,635.1799926757812,757.52001953125,633.0,634.9199829101562,634.9199829101562,204037,False
CSPX,2024-11-26,633.75,761.9000244140625,633.52001953125,636.8800048828125,636.8800048828125,593199,False
CSPX,2024-11-27,638.1799926757812,675.0900268554688,635.1898193359375,635.9099731445312,635.9099731445312,147613,False
CSPX,2024-11-28,636.489990234375,674.0599975585938,636.239990234375,637.239990234375,637.239990234375,29580,False
CSPX,2024-11-29,637.3699951171875,675.469970703125,636.260009765625,639.2899780273438,639.2899780273438,179735,False
CSPX,2024-12-02,638.4400024414062,767.1400146484375,635.93701171875,640.469970703125,640.469970703125,218302,False
CSPX,2024-12-03,641.0,678.8900146484375,639.4500122070312,640.4000244140625,640.4000244140625,236826,False
CSPX,2024-12-04,642.219970703125,678.8200073242188,641.5800170898438,643.760009765625,643.760009765625,105965,False
CSPX,2024-12-05,644.6599731445312,682.3800048828125,644.3900146484375,644.9500122070312,644.9500122070312,77619,False
CSPX,2024-12-06,643.9500122070312,646.7899780273438,643.0,645.6699829101562,645.6699829101562,116262,False
CSPX,2024-12-09,646.0,684.4099731445312,641.8099975585938,643.219970703125,643.219970703125,198800,False
CSPX,2024-12-10,641.7000122070312,681.8099975585938,639.9959716796875,641.7000122070312,641.7000122070312,120573,False
CSPX,2024-12-11,640.22998046875,680.2000122070312,637.72998046875,644.7999877929688,644.7999877929688,131342,False
CSPX,2024-12-12,644.260009765625,646.0499877929688,642.5499877929688,644.27001953125,644.27001953125,264024,False
CSPX,2024-12-13,642.97998046875,773.1199951171875,640.1699829101562,641.72998046875,641.72998046875,193860,False
CSPX,2024-12-16,641.7999877929688,680.22998046875,641.7000122070312,643.9099731445312,643.9099731445312,137181,False
CSPX,2024-12-17,642.2999877929688,685.969970703125,640.239990234375,642.02001953125,642.02001953125,308654,False
CSPX,2024-12-18,642.3699951171875,680.5399780273438,640.5999755859375,642.739990234375,642.739990234375,121930,False
CSPX,2024-12-19,624.72998046875,681.2999877929688,622.0700073242188,626.7999877929688,626.7999877929688,335627,False
CSPX,2024-12-20,621.0999755859375,668.0,600.5499877929688,631.22998046875,631.22998046875,135128,False
CSPX,2024-12-23,632.0800170898438,669.0999755859375,625.989990234375,629.239990234375,629.239990234375,75537,False
CSPX,2024-12-24,633.989990234375,642.5322265625,631.780029296875,634.4600219726562,634.4600219726562,25520,False
CSPX,2024-12-27,638.72998046875,672.52001953125,630.5999755859375,632.8499755859375,632.8499755859375,158165,False
CSPX,2024-12-30,631.4299926757812,670.8200073242188,622.5,626.75,626.75,348621,False
CSPX,2024-12-31,626.4500122070312,629.3200073242188,625.7999877929688,628.780029296875,628.780029296875,33720,False
CSPX,2025-01-02,627.25,691.6500244140625,619.2396240234375,625.7999877929688,625.7999877929688,125303,False
CSPX,2025-01-03,624.510009765625,663.3400268554688,623.5,628.5499877929688,628.5499877929688,65609,False
CSPX,2025-01-06,631.3499755859375,666.260009765625,631.0499877929688,638.25,638.25,75716,False
CSPX,2025-01-07,634.469970703125,700.0,628.5465087890625,630.3499755859375,630.3499755859375,137996,False
CSPX,2025-01-08,627.9000244140625,668.1699829101562,624.0,626.6199951171875,626.6199951171875,109602,False
CSPX,2025-01-09,625.3099975585938,664.2100219726562,624.5700073242188,626.6699829101562,626.6699829101562,50074,False
CSPX,2025-01-10,626.1699829101562,664.27001953125,616.719970703125,617.1799926757812,617.1799926757812,94558,False
CSPX,2025-01-13,615.3200073242188,677.4500122070312,612.22998046875,614.9000244140625,614.9000244140625,204311,False
CSPX,2025-01-14,621.489990234375,651.7899780273438,616.1500244140625,618.6400146484375,618.6400146484375,130188,False
CSPX,2025-01-15,620.1500244140625,700.0,619.8400268554688,628.0800170898438,628.0800170898438,87088,False
CSPX,2025-01-16,634.4299926757812,665.760009765625,629.9199829101562,631.47998046875,631.47998046875,115982,False
CSPX,2025-01-17,631.3599853515625,669.3599853515625,631.0399780273438,637.1400146484375,637.1400146484375,159303,False
CSPX,2025-01-20,637.1099853515625,764.5599975585938,635.0,638.9400024414062,638.9400024414062,59140,False
CSPX,2025-01-21,637.7999877929688,677.27001953125,637.219970703125,639.9500122070312,639.9500122070312,155444,False
CSPX,2025-01-22,643.6699829101562,700.0,643.5499877929688,646.739990234375,646.739990234375,126047,False
CSPX,2025-01-23,644.9500122070312,685.5399780273438,641.780029296875,647.0499877929688,647.0499877929688,250284,False
CSPX,2025-01-24,648.6199951171875,750.0,647.1605834960938,649.27001953125,649.27001953125,89278,False
CSPX,2025-01-27,637.1199951171875,688.219970703125,628.0,635.2899780273438,635.2899780273438,157016,False
CSPX,2025-01-28,638.8800048828125,673.4000244140625,636.0599975585938,640.510009765625,640.510009765625,112492,False
CSPX,2025-01-29,644.77001953125,678.9400024414062,640.0228271484375,641.8800048828125,641.8800048828125,155008,False
CSPX,2025-01-30,643.5499877929688,700.0,639.7999877929688,641.6699829101562,641.6699829101562,95808,False
CSPX,2025-01-31,646.7999877929688,770.0,646.239990234375,648.4199829101562,648.4199829101562,121795,False
CSPX,2025-02-03,630.72998046875,687.3200073242188,231.0,637.3599853515625,637.3599853515625,144973,False
CSPX,2025-02-04,636.3200073242188,675.5999755859375,633.6300048828125,640.6099853515625,640.6099853515625,72330,False
CSPX,2025-02-05,637.6900024414062,679.0399780273438,636.27001953125,640.3900146484375,640.3900146484375,69889,False
CSPX,2025-02-06,644.5599975585938,678.8099975585938,643.489990234375,644.6300048828125,644.6300048828125,119177,False
CSPX,2025-02-07,645.510009765625,683.2999877929688,640.0999755859375,641.6300048828125,641.6300048828125,116941,False
CSPX,2025-02-10,641.5399780273438,680.1199951171875,641.3076782226562,643.219970703125,643.219970703125,106694,False
CSPX,2025-02-11,641.6300048828125,681.8099975585938,640.739990234375,643.72998046875,643.72998046875,257921,False
CSPX,2025-02-12,644.0499877929688,682.3499755859375,636.97998046875,639.780029296875,639.780029296875,157081,False
CSPX,2025-02-13,643.1900024414062,767.72998046875,640.6799926757812,646.22998046875,646.22998046875,185525,False
CSPX,2025-02-14,650.0599975585938,685.0,647.8599853515625,649.3699951171875,649.3699951171875,64542,False
CSPX,2025-02-17,649.9400024414062,688.3300170898438,649.5700073242188,650.5999755859375,650.5999755859375,57492,False
CSPX,2025-02-18,651.7999877929688,689.6300048828125,648.7999877929688,649.6500244140625,649.6500244140625,88459,False
CSPX,2025-02-19,651.2999877929688,688.6199951171875,649.0,650.8300170898438,650.8300170898438,107443,False
CSPX,2025-02-20,650.7999877929688,689.8699951171875,646.5,647.2999877929688,647.2999877929688,95767,False
CSPX,2025-02-21,649.7000122070312,686.1300048828125,641.043212890625,646.8699951171875,646.8699951171875,288662,False
CSPX,2025-02-24,641.530029296875,776.239990234375,635.0800170898438,639.0900268554688,639.0900268554688,164878,False
CSPX,2025-02-25,633.9500122070312,677.4299926757812,628.4000244140625,628.5599975585938,628.5599975585938,291911,False
CSPX,2025-02-26,635.0,676.5999755859375,630.9658203125,637.5900268554688,637.5900268554688,155315,False
CSPX,2025-02-27,635.510009765625,765.0999755859375,628.8400268554688,633.3099975585938,633.3099975585938,215624,False
CSPX,2025-02-28,623.9600219726562,759.969970703125,621.0,625.030029296875,625.030029296875,365502,False
CSPX,2025-03-03,633.010009765625,662.530029296875,626.5758056640625,630.4500122070312,630.4500122070312,152352,False
CSPX,2025-03-04,621.8200073242188,668.27001953125,609.1900024414062,610.47998046875,610.47998046875,408517,True
CSPX,2025-03-05,617.6500244140625,647.0999755859375,610.5999755859375,610.6699829101562,610.6699829101562,550701,False
CSPX,2025-03-06,617.5,647.3099975585938,608.2857055664062,616.6900024414062,616.6900024414062,243245,False
CSPX,2025-03-07,611.5700073242188,653.6900024414062,602.97119140625,604.0800170898438,604.0800170898438,262136,False
CSPX,2025-03-10,609.72998046875,650.0,595.5861206054688,600.97998046875,600.97998046875,450772,False
CSPX,2025-03-11,597.5900268554688,650.0,589.493896484375,592.1900024414062,592.1900024414062,381740,False
CSPX,2025-03-12,594.3400268554688,627.719970703125,589.3599853515625,597.1500244140625,597.1500244140625,248520,False
CSPX,2025-03-13,591.4000244140625,632.969970703125,586.3159790039062,589.219970703125,589.219970703125,174052,False
CSPX,2025-03-14,590.1699829101562,624.5700073242188,589.8099975585938,596.8099975585938,596.8099975585938,168414,False
CSPX,2025-03-17,595.72998046875,650.0,595.3300170898438,600.4299926757812,600.4299926757812,155757,False
CSPX,2025-03-18,602.3200073242188,650.0,595.0399780273438,597.5,597.5,137743,False
CSPX,2025-03-19,596.47998046875,633.3499755859375,596.3300170898438,601.5900268554688,601.5900268554688,341853,False
CSPX,2025-03-20,605.8300170898438,637.6799926757812,598.8300170898438,602.7000122070312,602.7000122070312,163468,False
CSPX,2025-03-21,600.97998046875,638.8599853515625,595.5800170898438,600.1699829101562,600.1699829101562,158973,False
CSPX,2025-03-24,607.75,636.1799926757812,607.1500244140625,612.0700073242188,612.0700073242188,127563,False
CSPX,2025-03-25,612.7999877929688,650.0,611.5499877929688,613.1300048828125,613.1300048828125,204773,False
CSPX,2025-03-26,613.969970703125,650.0,606.1043701171875,609.3400268554688,609.3400268554688,169645,False
CSPX,2025-03-27,606.969970703125,645.9000244140625,603.2899780273438,607.3599853515625,607.3599853515625,62396,False
CSPX,2025-03-28,602.9299926757812,605.3699951171875,593.585693359375,594.5999755859375,594.5999755859375,119229,False
CSPX,2025-03-31,588.9199829101562,593.5900268554688,583.760009765625,589.9500122070312,589.9500122070312,177951,False
CSPX,2025-04-01,595.9000244140625,625.3400268554688,591.0,598.7999877929688,598.7999877929688,161180,False
CSPX,2025-04-02,597.989990234375,604.5413818359375,592.3200073242188,601.5900268554688,601.5900268554688,98965,False
CSPX,2025-04-03,584.280029296875,586.6599731445312,576.010009765625,579.1500244140625,579.1500244140625,330605,True
CSPX,2025-04-04,571.4199829101562,620.0,544.0399780273438,551.02001953125,551.02001953125,528833,True
CSPX,2025-04-07,513.780029296875,571.2999877929688,512.77001953125,530.4000244140625,530.4000244140625,959991,True
CSPX,2025-04-08,546.5,579.0,536.2930908203125,550.4000244140625,550.4000244140625,333196,True
CSPX,2025-04-09,529.22998046875,569.9592895507812,518.1300048828125,530.8300170898438,530.8300170898438,221692,True
CSPX,2025-04-10,578.2899780273438,595.4600219726562,546.8200073242188,558.6599731445312,558.6599731445312,345510,True
CSPX,2025-04-11,565.5800170898438,600.0,555.4000244140625,559.2100219726562,559.2100219726562,171761,False
CSPX,2025-04-14,576.97998046875,600.0,572.6185302734375,576.1099853515625,576.1099853515625,132615,False
CSPX,2025-04-15,575.239990234375,579.8900146484375,572.4099731445312,576.8099975585938,576.8099975585938,122691,False
CSPX,2025-04-16,566.9000244140625,573.5900268554688,565.010009765625,570.4400024414062,570.4400024414062,145687,False
CSPX,2025-04-17,566.3599853515625,568.7000122070312,559.0700073242188,562.72998046875,562.72998046875,88527,False
CSPX,2025-04-22,555.8900146484375,618.0999755859375,552.1699829101562,560.510009765625,560.510009765625,212962,False
CSPX,2025-04-23,571.5900268554688,594.1400146484375,570.8200073242188,574.9500122070312,574.9500122070312,157524,False
CSPX,2025-04-24,570.5599975585938,582.1851806640625,567.0399780273438,579.5499877929688,579.5499877929688,138804,False
CSPX,2025-04-25,587.239990234375,614.3200073242188,580.5,583.3200073242188,583.3200073242188,55478,False
CSPX,2025-04-28,586.7000122070312,699.97998046875,582.9710083007812,584.280029296875,584.280029296875,150790,False
CSPX,2025-04-29,588.3300170898438,619.3300170898438,584.9000244140625,587.9600219726562,587.9600219726562,116890,False
CSPX,2025-04-30,590.25,623.22998046875,577.8836059570312,586.3200073242188,586.3200073242188,158155,False
CSPX,2025-05-01,597.4000244140625,621.489990234375,596.6900024414062,600.7000122070312,600.7000122070312,60310,False
CSPX,2025-05-02,599.3599853515625,720.8400268554688,597.2352294921875,603.4299926757812,603.4299926757812,102633,False
CSPX,2025-05-06,599.8699951171875,724.1099853515625,594.5,599.72998046875,599.72998046875,108410,False
CSPX,2025-05-07,599.1799926757812,635.7100219726562,595.5399780273438,596.6300048828125,596.6300048828125,153870,False
CSPX,2025-05-08,603.2899780273438,632.4199829101562,599.72998046875,605.0900268554688,605.0900268554688,91642,False
CSPX,2025-05-09,603.5700073242188,641.3900146484375,600.8499755859375,602.9099731445312,602.9099731445312,79934,False
CSPX,2025-05-12,614.3800048828125,639.0800170898438,613.1099853515625,618.25,618.25,176987,False
CSPX,2025-05-13,620.030029296875,655.3400268554688,619.4400024414062,627.4500122070312,627.4500122070312,173833,False
CSPX,2025-05-14,627.52001953125,752.9400024414062,625.2899780273438,627.8400268554688,627.8400268554688,258648,False
CSPX,2025-05-15,625.4299926757812,753.4000244140625,622.8300170898438,628.239990234375,628.239990234375,151930,False
CSPX,2025-05-16,629.2899780273438,665.9299926757812,628.8900146484375,631.1799926757812,631.1799926757812,118719,False
CSPX,2025-05-19,627.0599975585938,669.0499877929688,625.5599975585938,632.5499877929688,632.5499877929688,159603,False
CSPX,2025-05-20,633.1199951171875,670.5,631.8499755859375,633.25,633.25,176790,False
CSPX,2025-05-21,629.3800048828125,671.239990234375,627.0571899414062,631.3800048828125,631.3800048828125,103495,False
CSPX,2025-05-22,623.52001953125,624.7760009765625,619.25,622.72998046875,622.72998046875,141048,False
CSPX,2025-05-23,621.9099731445312,660.0900268554688,611.7000122070312,617.9600219726562,617.9600219726562,145922,False
CSPX,2025-05-27,625.1599731445312,679.8599853515625,623.6099853515625,628.3400268554688,628.3400268554688,115256,False
CSPX,2025-05-28,629.8499755859375,754.0,628.739990234375,628.9600219726562,628.9600219726562,169857,False
CSPX,2025-05-29,636.8900146484375,665.8800048828125,627.747314453125,629.3200073242188,629.3200073242188,74767,False
CSPX,2025-05-30,628.2100219726562,667.0700073242188,624.1353759765625,627.77001953125,627.77001953125,405395,False
CSPX,2025-06-02,625.6599731445312,665.4299926757812,624.1900024414062,627.72998046875,627.72998046875,82513,False
CSPX,2025-06-03,630.280029296875,690.0,628.6799926757812,634.9400024414062,634.9400024414062,123988,False
CSPX,2025-06-04,636.1400146484375,673.030029296875,635.52001953125,637.280029296875,637.280029296875,88639,False
CSPX,2025-06-05,635.97998046875,641.0,634.0,638.739990234375,638.739990234375,128484,False
CSPX,2025-06-06,635.6699829101562,677.0599975585938,634.75,638.6199951171875,638.6199951171875,50617,False
CSPX,2025-06-09,639.1699829101562,676.9299926757812,638.6900024414062,639.7899780273438,639.7899780273438,44168,False
CSPX,2025-06-10,639.5700073242188,678.1699829101562,637.989990234375,640.5999755859375,640.5999755859375,129826,False
CSPX,2025-06-11,641.8900146484375,679.030029296875,641.5499877929688,644.8300170898438,644.8300170898438,130598,False
CSPX,2025-06-12,641.0,683.510009765625,637.9199829101562,643.010009765625,643.010009765625,71877,False
CSPX,2025-06-13,635.969970703125,681.5900268554688,635.0900268554688,641.1300048828125,641.1300048828125,60556,False
CSPX,2025-06-16,639.5399780273438,679.5900268554688,639.2999877929688,643.8499755859375,643.8499755859375,182352,False
CSPX,2025-06-17,640.280029296875,642.0800170898438,638.5,640.8099975585938,640.8099975585938,77118,False
CSPX,2025-06-18,639.030029296875,641.760009765625,637.530029296875,640.4199829101562,640.4199829101562,70212,False
CSPX,2025-06-19,635.75,636.0499877929688,630.719970703125,631.5599975585938,631.5599975585938,157787,False
CSPX,2025-06-20,636.3900146484375,669.4500122070312,635.280029296875,637.6900024414062,637.6900024414062,73438,False
CSPX,2025-06-23,635.6099853515625,675.9500122070312,634.2781982421875,638.280029296875,638.280029296875,214092,False
CSPX,2025-06-24,648.5800170898438,676.5700073242188,646.0,648.4500122070312,648.4500122070312,158439,False
CSPX,2025-06-25,649.6799926757812,651.1300048828125,649.0,649.4099731445312,649.4099731445312,158149,False
CSPX,2025-06-26,651.4299926757812,688.3699951171875,651.280029296875,653.5,653.5,138864,False
CSPX,2025-06-27,656.75,692.7100219726562,655.97998046875,659.0,659.0,129194,False
CSPX,2025-06-30,660.780029296875,700.0,659.0,659.969970703125,659.969970703125,336804,False
CSPX,2025-07-01,660.6599731445312,700.0,658.7100219726562,660.530029296875,660.530029296875,311850,False
CSPX,2025-07-02,663.4600219726562,700.1599731445312,660.0,662.719970703125,662.719970703125,148553,False
CSPX,2025-07-03,664.9500122070312,702.47998046875,663.9500122070312,669.510009765625,669.510009765625,120602,False
CSPX,2025-07-04,667.1799926757812,709.6799926757812,664.3599853515625,665.6300048828125,665.6300048828125,85091,False
CSPX,2025-07-07,666.3499755859375,705.5599975585938,663.6859741210938,665.6500244140625,665.6500244140625,97581,False
CSPX,2025-07-08,665.1799926757812,705.5800170898438,663.15478515625,663.9500122070312,663.9500122070312,90864,False
CSPX,2025-07-09,664.0599975585938,703.780029296875,663.4600219726562,665.8900146484375,665.8900146484375,72455,False
CSPX,2025-07-10,666.4099731445312,705.8400268554688,666.02001953125,669.5999755859375,669.5999755859375,54063,False
CSPX,2025-07-11,668.0999755859375,800.0,665.0399780273438,667.4299926757812,667.4299926757812,108038,False
CSPX,2025-07-14,663.8599853515625,707.469970703125,663.219970703125,667.8499755859375,667.8499755859375,83589,False
CSPX,2025-07-15,670.6099853515625,707.9199829101562,667.5599975585938,668.5999755859375,668.5999755859375,143411,False
CSPX,2025-07-16,664.1199951171875,708.7100219726562,662.5900268554688,662.5900268554688,662.5900268554688,106845,False
CSPX,2025-07-17,668.9099731445312,702.3400268554688,667.6099853515625,670.8800048828125,670.8800048828125,74412,False
CSPX,2025-07-18,673.6400146484375,711.1300048828125,670.969970703125,671.97998046875,671.97998046875,82077,False
CSPX,2025-07-21,673.5700073242188,712.2899780273438,672.2000122070312,675.8200073242188,675.8200073242188,57431,False
CSPX,2025-07-22,672.5999755859375,716.3599853515625,670.1599731445312,672.0399780273438,672.0399780273438,49665,False
CSPX,2025-07-23,674.8900146484375,712.3599853515625,673.97998046875,675.1199951171875,675.1199951171875,72913,False
CSPX,2025-07-24,678.6900024414062,715.6199951171875,678.3599853515625,680.25,680.25,77676,False
CSPX,2025-07-25,680.0900268554688,721.0599975585938,679.3599853515625,680.5,680.5,68360,False
CSPX,2025-07-28,684.6400146484375,721.3300170898438,680.1550903320312,681.8300170898438,681.8300170898438,154417,False
CSPX,2025-07-29,682.4099731445312,722.72998046875,679.8099975585938,680.1699829101562,680.1699829101562,89858,False
CSPX,2025-07-30,680.72998046875,720.97998046875,679.5999755859375,679.8699951171875,679.8699951171875,89850,False
CSPX,2025-07-31,685.239990234375,720.6599731445312,679.8699951171875,681.5399780273438,681.5399780273438,128694,False
CSPX,2025-08-01,674.719970703125,675.4600219726562,663.0700073242188,665.1599731445312,665.1599731445312,123399,False
CSPX,2025-08-04,668.02001953125,705.0599975585938,667.8800048828125,673.3900146484375,673.3900146484375,107589,False
CSPX,2025-08-05,677.280029296875,713.7899780273438,671.0700073242188,671.8900146484375,671.8900146484375,196065,False
CSPX,2025-08-06,674.8200073242188,712.2000122070312,672.219970703125,676.5399780273438,676.5399780273438,66744,False
CSPX,2025-08-07,678.6900024414062,717.1300048828125,675.092529296875,676.5599975585938,676.5599975585938,71062,False
CSPX,2025-08-08,677.9000244140625,717.1500244140625,677.7999877929688,680.2999877929688,680.2999877929688,89926,False
CSPX,2025-08-11,683.3800048828125,721.1099853515625,681.1099853515625,681.7100219726562,681.7100219726562,94655,False
CSPX,2025-08-12,681.3400268554688,722.6099853515625,679.7000122070312,685.8900146484375,685.8900146484375,64065,False
CSPX,2025-08-13,687.97998046875,727.0399780273438,687.8800048828125,688.9400024414062,688.9400024414062,136537,False
CSPX,2025-08-14,689.5499877929688,730.27001953125,686.6599731445312,688.5800170898438,688.5800170898438,57496,False
CSPX,2025-08-15,692.1699829101562,729.8900146484375,688.2694091796875,689.1099853515625,689.1099853515625,43239,False
CSPX,2025-08-18,688.260009765625,730.4500122070312,687.0,687.780029296875,687.780029296875,97450,False
CSPX,2025-08-19,687.6799926757812,729.0399780273438,685.0446166992188,686.8400268554688,686.8400268554688,103749,False
CSPX,2025-08-20,683.3800048828125,728.0499877929688,677.25,681.4099731445312,681.4099731445312,77018,False
CSPX,2025-08-21,683.1500244140625,747.6699829101562,678.989990234375,682.1599731445312,682.1599731445312,158695,False
CSPX,2025-08-22,679.0999755859375,723.0800170898438,678.969970703125,691.72998046875,691.72998046875,82407,False
CSPX,2025-08-26,686.6900024414062,733.22998046875,685.5,687.4000244140625,687.4000244140625,121123,False
CSPX,2025-08-27,690.8200073242188,728.6400146484375,689.489990234375,691.8099975585938,691.8099975585938,78480,False
CSPX,2025-08-28,692.530029296875,694.1981811523438,690.8099975585938,692.27001953125,692.27001953125,105322,False
CSPX,2025-08-29,693.8900146484375,733.7999877929688,688.1500244140625,689.510009765625,689.510009765625,320320,False
CSPX,2025-09-01,689.8900146484375,730.8800048828125,689.5800170898438,691.1599731445312,691.1599731445312,38302,False
CSPX,2025-09-02,689.989990234375,732.6199951171875,679.5731811523438,680.739990234375,680.739990234375,108644,False
CSPX,2025-09-03,686.1199951171875,721.5800170898438,685.4500122070312,687.5800170898438,687.5800170898438,57790,False
CSPX,2025-09-04,689.0599975585938,728.8300170898438,688.7899780273438,691.5,691.5,74392,False
CSPX,2025-09-05,696.25,732.989990234375,688.4299926757812,691.2100219726562,691.2100219726562,85618,False
CSPX,2025-09-08,693.4600219726562,695.3099975585938,693.0800170898438,694.1199951171875,694.1199951171875,67037,False
CSPX,2025-09-09,695.3300170898438,736.6599731445312,692.5825805664062,694.1400146484375,694.1400146484375,90934,False
CSPX,2025-09-10,697.8900146484375,735.780029296875,696.7672119140625,698.260009765625,698.260009765625,76056,False
CSPX,2025-09-11,699.0900268554688,740.1500244140625,697.9000244140625,703.7999877929688,703.7999877929688,137131,False
CSPX,2025-09-12,703.52001953125,746.02001953125,702.1799926757812,703.7899780273438,703.7899780273438,103017,False
CSPX,2025-09-15,704.5599975585938,746.010009765625,703.3900146484375,706.5900268554688,706.5900268554688,124434,False
CSPX,2025-09-16,707.72998046875,748.97998046875,705.510009765625,705.5900268554688,705.5900268554688,92438,False
CSPX,2025-09-17,706.22998046875,747.9199829101562,704.4273071289062,705.3599853515625,705.3599853515625,108407,False
CSPX,2025-09-18,708.6400146484375,747.6799926757812,706.780029296875,710.2999877929688,710.2999877929688,96416,False
CSPX,2025-09-19,708.27001953125,752.9099731445312,707.6900024414062,708.9199829101562,708.9199829101562,141646,False
CSPX,2025-09-22,710.97998046875,751.4500122070312,709.4000244140625,713.0900268554688,713.0900268554688,89386,False
CSPX,2025-09-23,715.6699829101562,755.8699951171875,713.5159912109375,714.6099853515625,714.6099853515625,127159,False
CSPX,2025-09-24,712.9500122070312,757.47998046875,708.3475952148438,710.5999755859375,710.5999755859375,83416,False
CSPX,2025-09-25,709.4299926757812,710.0499877929688,702.7280883789062,706.510009765625,706.510009765625,151378,False
CSPX,2025-09-26,707.0900268554688,748.9000244140625,705.6774291992188,708.0599975585938,708.0599975585938,104704,False
CSPX,2025-09-29,712.9099731445312,750.5399780273438,710.7359008789062,711.7999877929688,711.7999877929688,141913,False
CSPX,2025-09-30,711.260009765625,712.1199951171875,709.8499755859375,710.8699951171875,710.8699951171875,202376,False
CSPX,2025-10-01,708.75,753.52001953125,708.6300048828125,715.0800170898438,715.0800170898438,125276,False
CSPX,2025-10-02,717.97998046875,786.5800170898438,715.8499755859375,716.0999755859375,716.0999755859375,128622,False
CSPX,2025-10-03,720.0700073242188,721.5155029296875,718.3200073242188,720.6599731445312,720.6599731445312,327330,False
CSPX,2025-10-06,720.0900268554688,775.0,718.3300170898438,720.2100219726562,720.2100219726562,99941,False
CSPX,2025-10-07,719.9400024414062,763.4199829101562,714.455810546875,717.9400024414062,717.9400024414062,89519,False
CSPX,2025-10-08,718.1500244140625,722.06689453125,717.9500122070312,721.52001953125,721.52001953125,128210,False
CSPX,2025-10-09,722.5,764.8099975585938,718.8735961914062,719.010009765625,719.010009765625,133760,False
CSPX,2025-10-10,720.6599731445312,762.1500244140625,708.9400024414062,708.9400024414062,708.9400024414062,490686,False
CSPX,2025-10-13,710.5900268554688,751.469970703125,706.8699951171875,711.4199829101562,711.4199829101562,134861,False
CSPX,2025-10-14,706.2100219726562,754.0999755859375,700.7999877929688,708.2000122070312,708.2000122070312,250163,False
CSPX,2025-10-15,713.5800170898438,750.6900024414062,713.0599975585938,715.3699951171875,715.3699951171875,171096,False
CSPX,2025-10-16,715.5700073242188,758.2899780273438,712.19287109375,714.739990234375,714.739990234375,103718,False
CSPX,2025-10-17,703.1400146484375,712.5245971679688,698.0700073242188,706.9299926757812,706.9299926757812,502416,False
CSPX,2025-10-20,715.280029296875,749.3400268554688,713.719970703125,719.8300170898438,719.8300170898438,130447,False
CSPX,2025-10-21,719.6900024414062,763.010009765625,718.9500122070312,721.1699829101562,721.1699829101562,94459,False
CSPX,2025-10-22,721.6400146484375,764.4400024414062,715.0,716.4500122070312,716.4500122070312,103646,False
CSPX,2025-10-23,718.0,759.4299926757812,714.9299926757812,719.219970703125,719.219970703125,90266,False
CSPX,2025-10-27,732.47998046875,770.8900146484375,731.7100219726562,733.5800170898438,733.5800170898438,148101,False
CSPX,2025-10-28,734.780029296875,777.5900268554688,734.5,737.1199951171875,737.1199951171875,153688,False
CSPX,2025-10-29,739.2100219726562,781.3400268554688,737.72998046875,738.72998046875,738.72998046875,118053,False
CSPX,2025-10-30,737.75,737.9600219726562,731.22998046875,734.0499877929688,734.0499877929688,115738,False
CSPX,2025-10-31,735.4600219726562,778.0900268554688,730.1799926757812,731.75,731.75,188068,False
CSPX,2025-11-03,732.2100219726562,800.0,729.489990234375,732.5999755859375,732.5999755859375,101938,False
CSPX,2025-11-04,726.510009765625,776.5499877929688,722.8698120117188,727.47998046875,727.47998046875,132290,False
CSPX,2025-11-05,722.6400146484375,800.0,721.3607788085938,727.9400024414062,727.9400024414062,95309,False
CSPX,2025-11-06,725.47998046875,771.6099853515625,718.5471801757812,719.469970703125,719.469970703125,148251,False
CSPX,2025-11-07,721.3800048828125,863.3599853515625,709.2741088867188,711.5599975585938,711.5599975585938,161780,False
CSPX,2025-11-10,724.969970703125,754.25,724.4299926757812,725.0,725.0,77388,False
CSPX,2025-11-11,729.75,768.5,728.1300048828125,729.0599975585938,729.0599975585938,65758,False
CSPX,2025-11-12,734.7100219726562,772.7999877929688,730.760009765625,732.25,732.25,75768,False
CSPX,2025-11-13,733.9400024414062,776.1799926757812,721.7780151367188,725.7100219726562,725.7100219726562,130937,False
CSPX,2025-11-14,719.52001953125,796.3699951171875,708.1912231445312,722.9099731445312,722.9099731445312,135332,False
CSPX,2025-11-17,724.4199829101562,766.280029296875,716.4500122070312,719.6599731445312,719.6599731445312,111348,False
CSPX,2025-11-18,710.4099731445312,713.1699829101562,703.5974731445312,709.4400024414062,709.4400024414062,270073,False
CSPX,2025-11-19,708.8699951171875,752.0,707.8599853515625,710.0499877929688,710.0499877929688,80262,False
CSPX,2025-11-20,719.6500244140625,752.6500244140625,702.4774169921875,715.5999755859375,715.5999755859375,230806,False
CSPX,2025-11-21,699.969970703125,709.2301025390625,696.6099853515625,703.5499877929688,703.5499877929688,172338,False
CSPX,2025-11-24,710.6599731445312,754.0,707.3900146484375,716.239990234375,716.239990234375,100539,False
CSPX,2025-11-25,717.4299926757812,759.2100219726562,712.969970703125,719.489990234375,719.489990234375,123441,False
CSPX,2025-11-26,726.989990234375,863.3800048828125,725.1199951171875,730.5900268554688,730.5900268554688,129422,False
CSPX,2025-11-27,729.7000122070312,774.4199829101562,729.0999755859375,729.5399780273438,729.5399780273438,23181,False
CSPX,2025-11-28,732.0,773.3099975585938,729.5,732.0700073242188,732.0700073242188,154829,False
CSPX,2025-12-01,728.25,775.989990234375,727.3200073242188,730.9600219726562,730.9600219726562,121460,False
CSPX,2025-12-02,728.75,733.5599975585938,728.1439819335938,729.5700073242188,729.5700073242188,91579,False
CSPX,2025-12-03,732.4600219726562,800.0,728.8800048828125,733.0700073242188,733.0700073242188,93519,False
CSPX,2025-12-04,733.9400024414062,777.0499877929688,732.0,732.97998046875,732.97998046875,104660,False
CSPX,2025-12-05,736.0399780273438,776.9500122070312,733.3400268554688,735.25,735.25,92889,False
CSPX,2025-12-08,736.969970703125,800.0,732.5900268554688,733.239990234375,733.239990234375,75171,False
CSPX,2025-12-09,734.260009765625,777.22998046875,732.219970703125,735.0900268554688,735.0900268554688,117565,False
CSPX,2025-12-10,733.47998046875,779.1900024414062,730.7999877929688,733.52001953125,733.52001953125,66236,False
CSPX,2025-12-11,732.25,777.530029296875,730.8800048828125,735.2000122070312,735.2000122070312,125633,False
CSPX,2025-12-12,739.0999755859375,779.3099975585938,729.1900024414062,729.9000244140625,729.9000244140625,103870,False
CSPX,2025-12-15,732.8599853515625,773.6900024414062,728.6500244140625,730.9000244140625,730.9000244140625,95228,False
CSPX,2025-12-16,726.6300048828125,774.75,725.0388793945312,726.6799926757812,726.6799926757812,138240,False
CSPX,2025-12-17,728.9099731445312,800.0,721.6715087890625,722.6599731445312,722.6599731445312,369971,False
CSPX,2025-12-18,722.1099853515625,766.010009765625,721.7000122070312,729.7899780273438,729.7899780273438,83601,False
CSPX,2025-12-19,727.1300048828125,773.5700073242188,725.9000244140625,731.8099975585938,731.8099975585938,108875,False
CSPX,2025-12-22,734.3699951171875,775.7100219726562,733.9199829101562,736.4000244140625,736.4000244140625,100027,False
CSPX,2025-12-23,736.4199829101562,780.5800170898438,734.9219970703125,738.5700073242188,738.5700073242188,87889,False
CSPX,2025-12-24,739.5599975585938,787.8699951171875,739.1699829101562,740.22998046875,740.22998046875,18261,False
CSPX,2025-12-29,741.5599975585938,800.0,738.0,738.969970703125,738.969970703125,101059,False
CSPX,2025-12-30,739.3200073242188,783.2999877929688,738.6300048828125,740.239990234375,740.239990234375,87656,False
CSPX,2025-12-31,737.8099975585938,800.0,722.4400024414062,738.530029296875,738.530029296875,33693,False
CSPX,2026-01-02,737.1900024414062,782.8400268554688,731.8300170898438,733.52001953125,733.52001953125,124631,False
CSPX,2026-01-05,735.8599853515625,777.530029296875,735.7000122070312,740.6400146484375,740.6400146484375,120532,False
CSPX,2026-01-06,740.5399780273438,888.760009765625,738.2999877929688,741.4299926757812,741.4299926757812,163219,False
CSPX,2026-01-07,743.6599731445312,785.9099731445312,743.0999755859375,744.8200073242188,744.8200073242188,75071,False
CSPX,2026-01-08,740.5800170898438,789.5,739.7000122070312,741.25,741.25,80369,False
CSPX,2026-01-09,741.8599853515625,785.719970703125,741.24560546875,744.7999877929688,744.7999877929688,99171,False
CSPX,2026-01-12,742.5599975585938,789.47998046875,740.77001953125,747.0,747.0,79405,False
CSPX,2026-01-13,747.280029296875,791.8200073242188,744.4400024414062,746.5700073242188,746.5700073242188,82489,False
CSPX,2026-01-14,745.2100219726562,791.3599853515625,738.4500122070312,740.3300170898438,740.3300170898438,97441,False
CSPX,2026-01-15,743.4400024414062,784.739990234375,742.8930053710938,747.3200073242188,747.3200073242188,114985,False
CSPX,2026-01-16,747.030029296875,792.1500244140625,742.4099731445312,745.1799926757812,745.1799926757812,80142,False
CSPX,2026-01-19,737.0,800.0,734.47998046875,736.1500244140625,736.1500244140625,89816,False
CSPX,2026-01-20,734.1199951171875,796.1500244140625,729.9490966796875,735.6599731445312,735.6599731445312,132815,False
CSPX,2026-01-21,731.2100219726562,800.0,727.0399780273438,735.22998046875,735.22998046875,156422,False
CSPX,2026-01-22,739.4500122070312,779.3400268554688,739.1099853515625,742.0399780273438,742.0399780273438,124499,False
CSPX,2026-01-23,742.1500244140625,786.5599975585938,739.0,741.72998046875,741.72998046875,167539,False
CSPX,2026-01-26,740.9500122070312,786.22998046875,738.7999877929688,745.239990234375,745.239990234375,151667,False
CSPX,2026-01-27,747.4400024414062,789.9500122070312,746.0,748.8800048828125,748.8800048828125,86236,False
CSPX,2026-01-28,751.0900268554688,793.8099975585938,746.7141723632812,747.9299926757812,747.9299926757812,128401,False
CSPX,2026-01-29,750.469970703125,792.7999877929688,736.719970703125,740.0399780273438,740.0399780273438,195076,False
CSPX,2026-01-30,740.1699829101562,784.4400024414062,738.8900146484375,743.280029296875,743.280029296875,267544,False
CSPX,2026-02-02,736.760009765625,787.8699951171875,736.5,747.9099731445312,747.9099731445312,120489,False
CSPX,2026-02-03,750.3099975585938,792.780029296875,736.8359985351562,743.3699951171875,743.3699951171875,148476,False
CSPX,2026-02-04,743.5800170898438,787.969970703125,734.3468017578125,739.27001953125,739.27001953125,231219,False
CSPX,2026-02-05,738.6799926757812,783.6199951171875,727.0800170898438,731.8800048828125,731.8800048828125,237555,False
CSPX,2026-02-06,728.02001953125,775.7899780273438,726.6799926757812,739.6400146484375,739.6400146484375,96998,False
CSPX,2026-02-09,743.5399780273438,784.010009765625,739.9099731445312,747.02001953125,747.02001953125,306878,False
CSPX,2026-02-10,746.9099731445312,791.8400268554688,745.4000244140625,747.1799926757812,747.1799926757812,67099,False
CSPX,2026-02-11,746.030029296875,792.010009765625,741.1300048828125,744.77001953125,744.77001953125,73344,False
CSPX,2026-02-12,747.1699829101562,789.4500122070312,735.4400024414062,736.6199951171875,736.6199951171875,72746,False
CSPX,2026-02-13,732.3499755859375,780.8099975585938,728.6199951171875,735.530029296875,735.530029296875,137054,False
CSPX,2026-02-16,735.219970703125,808.9199829101562,732.0900268554688,733.1300048828125,733.1300048828125,51440,False
CSPX,2026-02-17,731.1400146484375,777.1099853515625,726.8200073242188,733.1500244140625,733.1500244140625,109318,False
CSPX,2026-02-18,736.0700073242188,777.1300048828125,734.4600219726562,740.4500122070312,740.4500122070312,84701,False
CSPX,2026-02-19,739.2999877929688,784.8699951171875,733.3668823242188,736.9299926757812,736.9299926757812,98305,False
CSPX,2026-02-20,737.989990234375,781.1400146484375,733.2000122070312,738.8099975585938,738.8099975585938,91539,False
CSPX,2026-02-23,737.3800048828125,886.5700073242188,731.6599731445312,734.0900268554688,734.0900268554688,145547,False
CSPX,2026-02-24,735.010009765625,778.1300048828125,731.4000244140625,737.260009765625,737.260009765625,67363,False
CSPX,2026-02-25,739.4400024414062,744.4993896484375,739.3800048828125,743.7000122070312,743.7000122070312,130239,False
CSPX,2026-02-26,744.8200073242188,746.7100219726562,735.0969848632812,740.4500122070312,740.4500122070312,84848,False
CSPX,2026-02-27,740.010009765625,740.9400024414062,733.0800170898438,737.8400268554688,737.8400268554688,134159,False
CSPX,2026-03-02,728.0700073242188,739.1613159179688,728.0700073242188,735.3099975585938,735.3099975585938,251514,False
CSPX,2026-03-03,730.1099853515625,730.5,720.0800170898438,727.1599731445312,727.1599731445312,340695,False
CSPX,2026-03-04,729.5999755859375,738.2000122070312,728.3599853515625,737.3200073242188,737.3200073242188,184605,False
CSPX,2026-03-05,735.7000122070312,781.5499877929688,728.1741943359375,731.6400146484375,731.6400146484375,482511,False
CSPX,2026-03-09,712.4600219726562,722.7542724609375,711.4400024414062,721.5599975585938,721.5599975585938,165460,False
CSPX,2026-03-10,731.239990234375,734.2208862304688,725.5900268554688,732.7999877929688,732.7999877929688,122206,False
CSPX,2026-03-11,729.02001953125,731.22998046875,724.2999877929688,726.75,726.75,143362,False
CSPX,2026-03-12,723.9099731445312,725.1900024414062,717.3499755859375,719.969970703125,719.969970703125,127937,False
CSPX,2026-03-13,714.1400146484375,722.7999877929688,712.214111328125,714.3300170898438,714.3300170898438,131798,False
CSPX,2026-03-16,715.530029296875,721.9600219726562,713.8200073242188,717.8699951171875,717.8699951171875,75403,False
CSPX,2026-03-17,716.5599975585938,725.0800170898438,715.8900146484375,721.9600219726562,721.9600219726562,87046,False
CSPX,2026-03-18,724.7000122070312,725.9000244140625,714.5582885742188,716.47998046875,716.47998046875,141270,False
CSPX,2026-03-19,709.9099731445312,712.0399780273438,704.510009765625,707.3599853515625,707.3599853515625,134842,False
CSPX,2026-03-20,710.739990234375,711.4000244140625,699.543212890625,703.6199951171875,703.6199951171875,212540,False
CSPX,2026-03-23,693.260009765625,719.9400024414062,691.719970703125,707.1599731445312,707.1599731445312,275202,False
CSPX,2026-03-24,707.739990234375,708.9400024414062,700.6400146484375,706.5900268554688,706.5900268554688,144730,False
CSPX,2026-03-25,709.6099853515625,712.4500122070312,705.489990234375,709.4500122070312,709.4500122070312,146944,False
CSPX,2026-03-26,705.6500244140625,706.1799926757812,696.9962158203125,700.2000122070312,700.2000122070312,191914,False
CSPX,2026-03-27,698.25,699.8400268554688,685.0125122070312,688.8400268554688,688.8400268554688,211730,False
CSPX,2026-03-30,685.8099975585938,692.3400268554688,682.8463745117188,687.6699829101562,687.6699829101562,184912,False
CSPX,2026-03-31,686.5499877929688,700.1179809570312,685.2999877929688,691.1400146484375,691.1400146484375,267311,False
CSPX,2026-04-01,706.47998046875,710.1229248046875,702.8800048828125,708.25,708.25,277099,False
CSPX,2026-04-02,697.52001953125,709.969970703125,694.3099975585938,705.9099731445312,705.9099731445312,144108,False
CSPX,2026-04-07,707.52001953125,711.989990234375,701.97998046875,704.4000244140625,704.4000244140625,116896,False
CSPX,2026-04-08,728.8400268554688,731.1400146484375,724.1599731445312,726.6599731445312,726.6599731445312,223455,True
CSPX,2026-04-09,727.77001953125,734.309814453125,725.5499877929688,730.510009765625,730.510009765625,147619,False
CSPX,2026-04-10,732.6900024414062,735.9299926757812,731.9299926757812,734.02001953125,734.02001953125,190766,False
CSPX,2026-04-13,728.260009765625,735.9586791992188,726.8800048828125,732.6400146484375,732.6400146484375,218558,False
CSPX,2026-04-14,739.9600219726562,747.430908203125,739.6400146484375,746.6400146484375,746.6400146484375,114050,False
CSPX,2026-04-15,748.6500244140625,752.010009765625,747.25,751.4099731445312,751.4099731445312,110497,False
CSPX,2026-04-16,756.4299926757812,757.469970703125,753.3599853515625,756.1599731445312,756.1599731445312,260841,False
CSPX,2026-04-17,757.0700073242188,767.2694702148438,757.0,766.8400268554688,766.8400268554688,299418,False
CSPX,2026-04-20,761.8099975585938,765.3800048828125,760.0999755859375,762.9600219726562,762.9600219726562,81703,False
CSPX,2026-04-21,765.75,767.9000244140625,759.4163818359375,762.02001953125,762.02001953125,166696,False
CSPX,2026-04-22,763.7100219726562,766.239990234375,762.4099731445312,765.489990234375,765.489990234375,69328,False
CSPX,2026-04-23,764.1199951171875,768.5999755859375,762.22998046875,767.9400024414062,767.9400024414062,69169,False
CSPX,2026-04-24,764.6699829101562,769.649169921875,763.5900268554688,767.469970703125,767.469970703125,106784,False
CSPX,2026-04-27,769.02001953125,771.0698852539062,767.989990234375,768.7000122070312,768.7000122070312,98912,False
CSPX,2026-04-28,769.77001953125,770.6599731445312,764.75,764.989990234375,764.989990234375,141434,False
CSPX,2026-04-29,768.3400268554688,768.969970703125,765.1599731445312,766.469970703125,766.469970703125,52588,False
CSPX,2026-04-30,765.7000122070312,775.0001220703125,765.4199829101562,770.3499755859375,770.3499755859375,96072,False
CSPX,2026-05-01,776.3699951171875,781.4400024414062,775.8300170898438,779.8099975585938,779.8099975585938,160508,False
CSPX,2026-05-05,776.0999755859375,784.3045043945312,775.9500122070312,779.5900268554688,779.5900268554688,243684,False
CSPX,2026-05-06,782.6799926757812,794.1152954101562,782.3699951171875,789.219970703125,789.219970703125,241478,False
CSPX,2026-05-07,792.5599975585938,793.8300170898438,789.4915161132812,793.010009765625,793.010009765625,116869,False
CSPX,2026-05-08,792.97998046875,799.486572265625,790.7999877929688,794.510009765625,794.510009765625,110786,False
CSPX,2026-05-11,794.2000122070312,798.6881103515625,793.2000122070312,797.6199951171875,797.6199951171875,151363,False
CSPX,2026-05-12,789.28,789.28,789.28,789.28,789.28,151363,False
