ticker,fecha,open,high,low,close,adj_close,volume,anomalia
EC,2019-01-02,15.600000381469727,16.579999923706055,15.510000228881836,16.459999084472656,15.510000228881836,1087400,False
EC,2019-01-03,16.559999465942383,16.8799991607666,16.329999923706055,16.5,16.329999923706055,1099200,False
EC,2019-01-04,16.8799991607666,17.56999969482422,16.84000015258789,17.510000228881836,16.84000015258789,1240100,False
EC,2019-01-07,17.479999542236328,17.899999618530273,17.360000610351562,17.770000457763672,17.360000610351562,586500,False
EC,2019-01-08,18.030000686645508,18.299999237060547,17.760000228881836,18.280000686645508,17.760000228881836,760000,False
EC,2019-01-09,18.600000381469727,18.899999618530273,18.479999542236328,18.760000228881836,18.479999542236328,1423200,False
EC,2019-01-10,18.479999542236328,18.700000762939453,18.209999084472656,18.690000534057617,18.209999084472656,819800,False
EC,2019-01-11,18.530000686645508,18.549999237060547,18.280000686645508,18.420000076293945,18.280000686645508,749600,False
EC,2019-01-14,18.0,18.5,18.0,18.229999542236328,18.0,723900,False
EC,2019-01-15,18.399999618530273,18.829999923706055,18.3799991607666,18.6200008392334,18.3799991607666,777800,False
EC,2019-01-16,18.489999771118164,18.899999618530273,18.489999771118164,18.770000457763672,18.489999771118164,666400,False
EC,2019-01-17,18.450000762939453,18.649999618530273,18.280000686645508,18.59000015258789,18.280000686645508,1042900,False
EC,2019-01-18,18.829999923706055,18.829999923706055,18.450000762939453,18.549999237060547,18.450000762939453,567600,False
EC,2019-01-22,18.40999984741211,18.40999984741211,18.030000686645508,18.170000076293945,18.030000686645508,1038400,False
EC,2019-01-23,18.309999465942383,18.3799991607666,17.84000015258789,17.8700008392334,17.84000015258789,1351700,False
EC,2019-01-24,17.760000228881836,18.149999618530273,17.760000228881836,17.920000076293945,17.760000228881836,653800,False
EC,2019-01-25,18.049999237060547,18.18000030517578,17.93000030517578,17.940000534057617,17.93000030517578,826800,False
EC,2019-01-28,17.59000015258789,17.850000381469727,17.389999389648438,17.780000686645508,17.389999389648438,1159000,False
EC,2019-01-29,17.989999771118164,18.219999313354492,17.950000762939453,18.030000686645508,17.950000762939453,705900,False
EC,2019-01-30,18.18000030517578,18.510000228881836,17.940000534057617,18.40999984741211,17.940000534057617,1056800,False
EC,2019-01-31,18.520000457763672,19.139999389648438,18.520000457763672,18.850000381469727,18.520000457763672,908000,False
EC,2019-02-01,18.93000030517578,18.950000762939453,18.59000015258789,18.8799991607666,18.59000015258789,1010300,False
EC,2019-02-04,18.709999084472656,18.8799991607666,18.530000686645508,18.8799991607666,18.530000686645508,736400,False
EC,2019-02-05,18.799999237060547,19.15999984741211,18.790000915527344,18.920000076293945,18.790000915527344,622000,False
EC,2019-02-06,18.799999237060547,18.90999984741211,18.56999969482422,18.809999465942383,18.56999969482422,625200,False
EC,2019-02-07,18.649999618530273,18.719999313354492,18.3700008392334,18.389999389648438,18.3700008392334,769500,False
EC,2019-02-08,18.350000381469727,18.450000762939453,18.209999084472656,18.440000534057617,18.209999084472656,609600,False
EC,2019-02-11,18.170000076293945,18.239999771118164,18.010000228881836,18.100000381469727,18.010000228881836,494900,False
EC,2019-02-12,18.420000076293945,18.81999969482422,18.3799991607666,18.780000686645508,18.3799991607666,895900,False
EC,2019-02-13,18.899999618530273,19.0,18.739999771118164,18.829999923706055,18.739999771118164,831300,False
EC,2019-02-14,18.75,18.959999084472656,18.649999618530273,18.799999237060547,18.649999618530273,797800,False
EC,2019-02-15,19.0,19.440000534057617,18.90999984741211,19.420000076293945,18.90999984741211,702400,False
EC,2019-02-19,19.309999465942383,19.639999389648438,19.309999465942383,19.510000228881836,19.309999465942383,773300,False
EC,2019-02-20,19.5,19.8700008392334,19.459999084472656,19.829999923706055,19.459999084472656,786800,False
EC,2019-02-21,19.709999084472656,19.770000457763672,19.479999542236328,19.540000915527344,19.479999542236328,916500,False
EC,2019-02-22,19.739999771118164,19.940000534057617,19.68000030517578,19.799999237060547,19.68000030517578,1006100,False
EC,2019-02-25,19.670000076293945,20.25,19.670000076293945,20.229999542236328,19.670000076293945,945800,False
EC,2019-02-26,20.239999771118164,20.950000762939453,20.239999771118164,20.610000610351562,20.239999771118164,1547800,False
EC,2019-02-27,21.110000610351562,21.3799991607666,20.8700008392334,21.059999465942383,20.8700008392334,1462200,False
EC,2019-02-28,21.09000015258789,21.1200008392334,20.170000076293945,20.239999771118164,20.170000076293945,1291400,False
EC,2019-03-01,20.34000015258789,20.600000381469727,20.170000076293945,20.489999771118164,20.170000076293945,751900,False
EC,2019-03-04,20.6299991607666,20.790000915527344,20.440000534057617,20.780000686645508,20.440000534057617,775000,False
EC,2019-03-05,20.899999618530273,20.950000762939453,20.690000534057617,20.799999237060547,20.690000534057617,804200,False
EC,2019-03-06,20.68000030517578,21.010000228881836,20.43000030517578,20.510000228881836,20.43000030517578,1167300,False
EC,2019-03-07,20.520000457763672,20.649999618530273,20.200000762939453,20.229999542236328,20.200000762939453,680300,False
EC,2019-03-08,19.729999542236328,19.850000381469727,19.450000762939453,19.780000686645508,19.450000762939453,853400,False
EC,2019-03-11,19.979999542236328,20.280000686645508,19.860000610351562,20.209999084472656,19.860000610351562,702000,False
EC,2019-03-12,20.3700008392334,20.639999389648438,20.31999969482422,20.520000457763672,20.31999969482422,692800,False
EC,2019-03-13,20.700000762939453,21.239999771118164,20.6200008392334,21.200000762939453,20.6200008392334,865800,False
EC,2019-03-14,21.229999542236328,21.489999771118164,21.010000228881836,21.09000015258789,21.010000228881836,718100,False
EC,2019-03-15,20.950000762939453,21.5,20.950000762939453,21.3799991607666,20.950000762939453,1096100,False
EC,2019-03-18,21.389999389648438,22.290000915527344,21.389999389648438,22.25,21.389999389648438,981400,False
EC,2019-03-19,22.3700008392334,22.670000076293945,22.280000686645508,22.40999984741211,22.280000686645508,1096900,False
EC,2019-03-20,22.280000686645508,22.8799991607666,22.18000030517578,22.809999465942383,22.18000030517578,905400,False
EC,2019-03-21,22.850000381469727,23.239999771118164,22.760000228881836,23.030000686645508,22.760000228881836,631300,False
EC,2019-03-22,22.700000762939453,22.700000762939453,21.75,21.75,21.75,1115500,False
EC,2019-03-25,21.68000030517578,21.81999969482422,21.3700008392334,21.700000762939453,21.3700008392334,789500,False
EC,2019-03-26,22.059999465942383,22.440000534057617,22.010000228881836,22.139999389648438,22.010000228881836,607200,False
EC,2019-03-27,22.049999237060547,22.139999389648438,21.200000762939453,21.3700008392334,21.200000762939453,1272300,False
EC,2019-03-28,21.200000762939453,21.440000534057617,21.0,21.25,21.0,1090400,False
EC,2019-03-29,21.579999923706055,21.6200008392334,21.34000015258789,21.440000534057617,21.34000015258789,618300,False
EC,2019-04-01,21.700000762939453,21.93000030517578,21.489999771118164,21.8799991607666,21.489999771118164,655500,False
EC,2019-04-02,21.889999389648438,22.100000381469727,21.790000915527344,21.84000015258789,21.790000915527344,1140400,False
EC,2019-04-03,22.0,22.139999389648438,21.760000228881836,21.829999923706055,21.760000228881836,1035600,False
EC,2019-04-04,21.790000915527344,21.809999465942383,21.350000381469727,21.399999618530273,21.350000381469727,1016400,False
EC,2019-04-05,21.56999969482422,21.790000915527344,21.510000228881836,21.579999923706055,21.510000228881836,555900,False
EC,2019-04-08,21.700000762939453,21.989999771118164,21.510000228881836,21.969999313354492,21.510000228881836,598000,False
EC,2019-04-09,21.889999389648438,21.90999984741211,21.530000686645508,21.610000610351562,21.530000686645508,980500,False
EC,2019-04-10,21.709999084472656,21.959999084472656,21.709999084472656,21.860000610351562,21.709999084472656,647900,False
EC,2019-04-11,21.75,21.809999465942383,21.18000030517578,21.31999969482422,21.18000030517578,1045200,False
EC,2019-04-12,21.690000534057617,21.690000534057617,20.950000762939453,21.0,20.950000762939453,1063200,False
EC,2019-04-15,21.0,21.0,20.530000686645508,20.559999465942383,20.530000686645508,1044100,False
EC,2019-04-16,20.65999984741211,20.690000534057617,20.31999969482422,20.639999389648438,20.31999969482422,623700,False
EC,2019-04-17,20.84000015258789,20.920000076293945,20.200000762939453,20.31999969482422,20.200000762939453,1222700,False
EC,2019-04-18,20.399999618530273,20.530000686645508,19.889999389648438,19.899999618530273,19.889999389648438,895300,False
EC,2019-04-22,20.149999618530273,20.979999542236328,20.149999618530273,20.809999465942383,20.149999618530273,1170100,False
EC,2019-04-23,19.510000228881836,19.65999984741211,19.290000915527344,19.420000076293945,19.290000915527344,1029500,False
EC,2019-04-24,19.360000610351562,19.3700008392334,18.649999618530273,18.8700008392334,18.649999618530273,953500,False
EC,2019-04-25,18.860000610351562,19.0,18.790000915527344,18.889999389648438,18.790000915527344,713300,False
EC,2019-04-26,18.739999771118164,18.920000076293945,18.510000228881836,18.579999923706055,18.510000228881836,1328700,False
EC,2019-04-29,18.559999465942383,18.559999465942383,18.170000076293945,18.510000228881836,18.170000076293945,722700,False
EC,2019-04-30,18.6299991607666,18.739999771118164,18.420000076293945,18.489999771118164,18.420000076293945,861800,False
EC,2019-05-01,18.479999542236328,18.479999542236328,18.010000228881836,18.06999969482422,18.010000228881836,509300,False
EC,2019-05-02,17.920000076293945,18.149999618530273,17.510000228881836,18.040000915527344,17.510000228881836,940100,False
EC,2019-05-03,18.270000457763672,18.420000076293945,18.09000015258789,18.100000381469727,18.09000015258789,886100,False
EC,2019-05-06,17.790000915527344,17.979999542236328,17.5,17.899999618530273,17.5,780400,False
EC,2019-05-07,17.770000457763672,18.09000015258789,17.43000030517578,17.56999969482422,17.43000030517578,923200,False
EC,2019-05-08,17.68000030517578,18.100000381469727,17.360000610351562,18.06999969482422,17.360000610351562,1675400,False
EC,2019-05-09,17.950000762939453,18.700000762939453,17.780000686645508,18.59000015258789,17.780000686645508,1371800,False
EC,2019-05-10,18.59000015258789,18.809999465942383,18.170000076293945,18.639999389648438,18.170000076293945,916900,False
EC,2019-05-13,18.510000228881836,18.739999771118164,18.239999771118164,18.290000915527344,18.239999771118164,802000,False
EC,2019-05-14,18.43000030517578,18.65999984741211,18.43000030517578,18.459999084472656,18.43000030517578,479900,False
EC,2019-05-15,18.299999237060547,18.59000015258789,18.100000381469727,18.559999465942383,18.100000381469727,417800,False
EC,2019-05-16,18.68000030517578,19.020000457763672,18.530000686645508,18.760000228881836,18.530000686645508,682400,False
EC,2019-05-17,18.610000610351562,18.889999389648438,18.520000457763672,18.530000686645508,18.520000457763672,837800,False
EC,2019-05-20,18.540000915527344,18.65999984741211,18.200000762939453,18.229999542236328,18.200000762939453,638600,False
EC,2019-05-21,18.329999923706055,18.559999465942383,18.290000915527344,18.5,18.290000915527344,427300,False
EC,2019-05-22,18.360000610351562,18.59000015258789,18.15999984741211,18.219999313354492,18.15999984741211,644500,False
EC,2019-05-23,17.780000686645508,17.889999389648438,17.309999465942383,17.459999084472656,17.309999465942383,731700,False
EC,2019-05-24,17.65999984741211,17.93000030517578,17.520000457763672,17.8700008392334,17.520000457763672,448800,False
EC,2019-05-28,17.450000762939453,17.450000762939453,16.510000228881836,16.610000610351562,16.510000228881836,2301600,False
EC,2019-05-29,16.3700008392334,17.110000610351562,16.110000610351562,17.049999237060547,16.110000610351562,876100,False
EC,2019-05-30,17.1299991607666,17.229999542236328,16.68000030517578,16.739999771118164,16.68000030517578,469100,False
EC,2019-05-31,16.420000076293945,16.649999618530273,16.350000381469727,16.389999389648438,16.350000381469727,421800,False
EC,2019-06-03,16.540000915527344,16.959999084472656,16.540000915527344,16.81999969482422,16.540000915527344,476700,False
EC,2019-06-04,16.899999618530273,17.15999984741211,16.59000015258789,17.149999618530273,16.59000015258789,810000,False
EC,2019-06-05,17.149999618530273,17.149999618530273,16.649999618530273,16.719999313354492,16.649999618530273,502700,False
EC,2019-06-06,16.790000915527344,17.030000686645508,16.739999771118164,16.8700008392334,16.739999771118164,335400,False
EC,2019-06-07,17.0,17.600000381469727,16.8700008392334,17.489999771118164,16.8700008392334,649200,False
EC,2019-06-10,17.510000228881836,17.719999313354492,17.34000015258789,17.360000610351562,17.34000015258789,603600,False
EC,2019-06-11,17.510000228881836,17.520000457763672,17.18000030517578,17.18000030517578,17.18000030517578,510700,False
EC,2019-06-12,16.90999984741211,17.059999465942383,16.579999923706055,16.610000610351562,16.579999923706055,623500,False
EC,2019-06-13,16.8799991607666,17.040000915527344,16.850000381469727,16.989999771118164,16.850000381469727,506200,False
EC,2019-06-14,16.920000076293945,17.040000915527344,16.809999465942383,16.950000762939453,16.809999465942383,1283700,False
EC,2019-06-17,16.8700008392334,17.200000762939453,16.8700008392334,17.149999618530273,16.8700008392334,385800,False
EC,2019-06-18,17.309999465942383,17.690000534057617,17.309999465942383,17.670000076293945,17.309999465942383,625600,False
EC,2019-06-19,17.65999984741211,18.09000015258789,17.489999771118164,17.989999771118164,17.489999771118164,1000100,False
EC,2019-06-20,18.40999984741211,18.899999618530273,18.329999923706055,18.579999923706055,18.329999923706055,939400,False
EC,2019-06-21,18.649999618530273,18.920000076293945,18.56999969482422,18.729999542236328,18.56999969482422,785000,False
EC,2019-06-24,18.700000762939453,18.8700008392334,18.450000762939453,18.739999771118164,18.450000762939453,248500,False
EC,2019-06-25,18.639999389648438,18.8700008392334,18.559999465942383,18.719999313354492,18.559999465942383,523900,False
EC,2019-06-26,18.969999313354492,19.030000686645508,18.770000457763672,18.770000457763672,18.770000457763672,546700,False
EC,2019-06-27,18.780000686645508,18.829999923706055,18.3700008392334,18.399999618530273,18.3700008392334,357200,False
EC,2019-06-28,18.530000686645508,18.540000915527344,18.149999618530273,18.290000915527344,18.149999618530273,828000,False
EC,2019-07-01,18.68000030517578,19.06999969482422,18.510000228881836,18.719999313354492,18.510000228881836,606000,False
EC,2019-07-02,18.610000610351562,18.610000610351562,18.0,18.100000381469727,18.0,872100,False
EC,2019-07-03,18.1200008392334,18.360000610351562,18.110000610351562,18.31999969482422,18.110000610351562,250400,False
EC,2019-07-05,18.280000686645508,18.799999237060547,18.280000686645508,18.760000228881836,18.280000686645508,387200,False
EC,2019-07-08,18.670000076293945,18.850000381469727,18.6200008392334,18.68000030517578,18.6200008392334,315300,False
EC,2019-07-09,18.690000534057617,18.709999084472656,18.459999084472656,18.709999084472656,18.459999084472656,236300,False
EC,2019-07-10,18.93000030517578,19.270000457763672,18.93000030517578,19.18000030517578,18.93000030517578,804600,False
EC,2019-07-11,19.200000762939453,19.399999618530273,19.020000457763672,19.170000076293945,19.020000457763672,733000,False
EC,2019-07-12,19.280000686645508,19.280000686645508,19.010000228881836,19.139999389648438,19.010000228881836,336300,False
EC,2019-07-15,19.25,19.360000610351562,18.969999313354492,19.0,18.969999313354492,642500,False
EC,2019-07-16,19.0,19.040000915527344,18.770000457763672,18.8700008392334,18.770000457763672,635900,False
EC,2019-07-17,18.959999084472656,18.959999084472656,18.670000076293945,18.8799991607666,18.670000076293945,1208800,False
EC,2019-07-18,18.8700008392334,18.989999771118164,18.469999313354492,18.6299991607666,18.469999313354492,808200,False
EC,2019-07-19,18.649999618530273,18.969999313354492,18.600000381469727,18.940000534057617,18.600000381469727,297700,False
EC,2019-07-22,18.93000030517578,19.190000534057617,18.93000030517578,19.040000915527344,18.93000030517578,411700,False
EC,2019-07-23,19.06999969482422,19.06999969482422,18.770000457763672,18.899999618530273,18.770000457763672,314500,False
EC,2019-07-24,18.8799991607666,19.010000228881836,18.700000762939453,18.719999313354492,18.700000762939453,322900,False
EC,2019-07-25,18.84000015258789,18.84000015258789,18.469999313354492,18.600000381469727,18.469999313354492,435300,False
EC,2019-07-26,18.649999618530273,18.649999618530273,18.329999923706055,18.43000030517578,18.329999923706055,381800,False
EC,2019-07-29,18.3700008392334,18.3700008392334,18.010000228881836,18.200000762939453,18.010000228881836,523400,False
EC,2019-07-30,18.170000076293945,18.18000030517578,17.979999542236328,18.059999465942383,17.979999542236328,548500,False
EC,2019-07-31,18.15999984741211,18.239999771118164,17.90999984741211,17.93000030517578,17.90999984741211,395600,False
EC,2019-08-01,17.510000228881836,17.959999084472656,17.270000457763672,17.489999771118164,17.270000457763672,858200,False
EC,2019-08-02,17.520000457763672,17.59000015258789,17.170000076293945,17.190000534057617,17.170000076293945,679100,False
EC,2019-08-05,16.850000381469727,17.0,16.350000381469727,16.489999771118164,16.350000381469727,783100,False
EC,2019-08-06,16.610000610351562,16.75,16.450000762939453,16.639999389648438,16.450000762939453,679200,False
EC,2019-08-07,16.229999542236328,16.399999618530273,16.040000915527344,16.290000915527344,16.040000915527344,770000,False
EC,2019-08-08,16.43000030517578,16.889999389648438,16.329999923706055,16.8700008392334,16.329999923706055,501400,False
EC,2019-08-09,16.899999618530273,17.010000228881836,16.649999618530273,16.690000534057617,16.649999618530273,600100,False
EC,2019-08-12,16.610000610351562,16.610000610351562,16.15999984741211,16.3700008392334,16.15999984741211,637000,False
EC,2019-08-13,16.010000228881836,17.43000030517578,16.010000228881836,16.690000534057617,16.010000228881836,815200,False
EC,2019-08-14,16.25,16.350000381469727,15.869999885559082,15.869999885559082,15.869999885559082,753400,False
EC,2019-08-15,15.84000015258789,15.899999618530273,15.609999656677246,15.710000038146973,15.609999656677246,642400,False
EC,2019-08-16,15.739999771118164,16.049999237060547,15.649999618530273,15.989999771118164,15.649999618530273,590400,False
EC,2019-08-19,16.34000015258789,16.520000457763672,15.609999656677246,16.110000610351562,15.609999656677246,354600,False
EC,2019-08-20,16.059999465942383,16.139999389648438,15.789999961853027,16.010000228881836,15.789999961853027,631500,False
EC,2019-08-21,16.239999771118164,16.459999084472656,16.1200008392334,16.25,16.1200008392334,868200,False
EC,2019-08-22,16.309999465942383,16.309999465942383,15.619999885559082,15.859999656677246,15.619999885559082,733700,False
EC,2019-08-23,15.65999984741211,15.850000381469727,15.25,15.289999961853027,15.25,666400,False
EC,2019-08-26,15.479999542236328,15.59000015258789,15.34000015258789,15.489999771118164,15.34000015258789,339900,False
EC,2019-08-27,15.630000114440918,15.800000190734863,15.210000038146973,15.300000190734863,15.210000038146973,600400,False
EC,2019-08-28,15.380000114440918,15.460000038146973,15.260000228881836,15.289999961853027,15.260000228881836,922400,False
EC,2019-08-29,15.449999809265137,15.640000343322754,15.210000038146973,15.569999694824219,15.210000038146973,1075700,False
EC,2019-08-30,15.59000015258789,15.8100004196167,15.479999542236328,15.789999961853027,15.479999542236328,845200,False
EC,2019-09-03,15.449999809265137,15.800000190734863,15.380000114440918,15.720000267028809,15.380000114440918,398000,False
EC,2019-09-04,15.979999542236328,16.209999084472656,15.90999984741211,16.1299991607666,15.90999984741211,756700,False
EC,2019-09-05,16.290000915527344,16.690000534057617,16.290000915527344,16.540000915527344,16.290000915527344,759400,False
EC,2019-09-06,16.450000762939453,16.829999923706055,15.800000190734863,16.780000686645508,15.800000190734863,467900,False
EC,2019-09-09,16.950000762939453,17.200000762939453,16.790000915527344,16.950000762939453,16.790000915527344,409200,False
EC,2019-09-10,17.059999465942383,17.43000030517578,16.979999542236328,17.170000076293945,16.979999542236328,554600,False
EC,2019-09-11,17.31999969482422,17.3799991607666,16.780000686645508,17.09000015258789,16.780000686645508,643000,False
EC,2019-09-12,16.920000076293945,17.56999969482422,16.649999618530273,17.459999084472656,16.649999618530273,674600,False
EC,2019-09-13,17.6299991607666,17.65999984741211,17.18000030517578,17.190000534057617,17.18000030517578,359300,False
EC,2019-09-16,17.690000534057617,18.200000762939453,17.610000610351562,17.969999313354492,17.610000610351562,1775400,False
EC,2019-09-17,17.950000762939453,18.06999969482422,17.549999237060547,17.770000457763672,17.549999237060547,1423900,False
EC,2019-09-18,17.65999984741211,17.93000030517578,17.59000015258789,17.690000534057617,17.59000015258789,718200,False
EC,2019-09-19,17.81999969482422,17.889999389648438,17.610000610351562,17.610000610351562,17.610000610351562,421100,False
EC,2019-09-20,17.690000534057617,17.690000534057617,17.40999984741211,17.56999969482422,17.40999984741211,432200,False
EC,2019-09-23,17.399999618530273,17.549999237060547,17.31999969482422,17.459999084472656,17.31999969482422,260200,False
EC,2019-09-24,17.3700008392334,17.3700008392334,17.18000030517578,17.270000457763672,17.18000030517578,346400,False
EC,2019-09-25,17.139999389648438,17.260000228881836,16.809999465942383,17.200000762939453,16.809999465942383,524000,False
EC,2019-09-26,17.06999969482422,17.450000762939453,17.06999969482422,17.290000915527344,17.06999969482422,484300,False
EC,2019-09-27,17.170000076293945,17.440000534057617,17.040000915527344,17.239999771118164,17.040000915527344,263600,False
EC,2019-09-30,17.170000076293945,17.280000686645508,16.979999542236328,17.030000686645508,16.979999542236328,424200,False
EC,2019-10-01,17.149999618530273,17.170000076293945,16.68000030517578,16.780000686645508,16.68000030517578,373900,False
EC,2019-10-02,16.670000076293945,16.68000030517578,16.43000030517578,16.520000457763672,16.43000030517578,579100,False
EC,2019-10-03,16.450000762939453,17.030000686645508,16.450000762939453,16.969999313354492,16.450000762939453,865000,False
EC,2019-10-04,16.969999313354492,17.219999313354492,16.93000030517578,17.020000457763672,16.93000030517578,536300,False
EC,2019-10-07,17.100000381469727,17.260000228881836,16.940000534057617,17.0,16.940000534057617,207800,False
EC,2019-10-08,16.829999923706055,17.079999923706055,16.700000762939453,16.709999084472656,16.700000762939453,417000,False
EC,2019-10-09,16.940000534057617,17.06999969482422,16.81999969482422,16.81999969482422,16.81999969482422,306200,False
EC,2019-10-10,16.920000076293945,17.170000076293945,16.920000076293945,17.059999465942383,16.920000076293945,328000,False
EC,2019-10-11,17.31999969482422,17.639999389648438,17.219999313354492,17.5,17.219999313354492,544000,False
EC,2019-10-14,17.299999237060547,17.399999618530273,17.260000228881836,17.34000015258789,17.260000228881836,152100,False
EC,2019-10-15,17.360000610351562,17.559999465942383,17.290000915527344,17.40999984741211,17.290000915527344,783900,False
EC,2019-10-16,17.360000610351562,17.520000457763672,17.209999084472656,17.25,17.209999084472656,668100,False
EC,2019-10-17,17.299999237060547,17.43000030517578,17.020000457763672,17.139999389648438,17.020000457763672,434600,False
EC,2019-10-18,17.110000610351562,17.260000228881836,16.940000534057617,16.950000762939453,16.940000534057617,457100,False
EC,2019-10-21,16.860000610351562,17.020000457763672,16.719999313354492,16.8799991607666,16.719999313354492,595400,False
EC,2019-10-22,16.93000030517578,17.420000076293945,16.860000610351562,17.25,16.860000610351562,733700,False
EC,2019-10-23,17.149999618530273,17.770000457763672,17.149999618530273,17.770000457763672,17.149999618530273,487200,False
EC,2019-10-24,17.950000762939453,18.0,17.6299991607666,17.709999084472656,17.6299991607666,549900,False
EC,2019-10-25,17.670000076293945,18.06999969482422,17.670000076293945,17.950000762939453,17.670000076293945,634000,False
EC,2019-10-28,18.030000686645508,18.239999771118164,17.969999313354492,17.979999542236328,17.969999313354492,359600,False
EC,2019-10-29,17.8799991607666,18.219999313354492,17.760000228881836,18.18000030517578,17.760000228881836,432400,False
EC,2019-10-30,18.309999465942383,18.309999465942383,17.959999084472656,18.030000686645508,17.959999084472656,586400,False
EC,2019-10-31,17.940000534057617,18.280000686645508,17.520000457763672,18.25,17.520000457763672,655400,False
EC,2019-11-01,18.31999969482422,18.579999923706055,18.139999389648438,18.579999923706055,18.139999389648438,362800,False
EC,2019-11-04,18.829999923706055,19.100000381469727,18.719999313354492,18.770000457763672,18.719999313354492,291700,False
EC,2019-11-05,18.920000076293945,19.049999237060547,18.790000915527344,19.040000915527344,18.790000915527344,379300,False
EC,2019-11-06,18.959999084472656,19.149999618530273,18.700000762939453,18.709999084472656,18.700000762939453,499400,False
EC,2019-11-07,18.920000076293945,18.989999771118164,18.65999984741211,18.93000030517578,18.65999984741211,450600,False
EC,2019-11-08,18.760000228881836,18.959999084472656,18.649999618530273,18.790000915527344,18.649999618530273,274000,False
EC,2019-11-11,18.56999969482422,19.020000457763672,18.510000228881836,18.959999084472656,18.510000228881836,141000,False
EC,2019-11-12,18.959999084472656,18.989999771118164,18.25,18.260000228881836,18.25,398300,False
EC,2019-11-13,18.190000534057617,18.260000228881836,18.0,18.170000076293945,18.0,478000,False
EC,2019-11-14,18.229999542236328,18.399999618530273,18.079999923706055,18.200000762939453,18.079999923706055,315300,False
EC,2019-11-15,18.239999771118164,18.489999771118164,18.149999618530273,18.3700008392334,18.149999618530273,590800,False
EC,2019-11-18,18.260000228881836,18.260000228881836,17.829999923706055,18.030000686645508,17.829999923706055,474200,False
EC,2019-11-19,17.979999542236328,18.110000610351562,17.84000015258789,17.959999084472656,17.84000015258789,470000,False
EC,2019-11-20,18.010000228881836,18.270000457763672,17.829999923706055,18.190000534057617,17.829999923706055,409600,False
EC,2019-11-21,18.260000228881836,18.350000381469727,18.049999237060547,18.329999923706055,18.049999237060547,317100,False
EC,2019-11-22,18.389999389648438,18.579999923706055,18.31999969482422,18.459999084472656,18.31999969482422,441900,False
EC,2019-11-25,18.489999771118164,18.530000686645508,18.3799991607666,18.43000030517578,18.3799991607666,300700,False
EC,2019-11-26,18.309999465942383,18.420000076293945,17.969999313354492,18.049999237060547,17.969999313354492,722400,False
EC,2019-11-27,18.079999923706055,18.329999923706055,17.920000076293945,18.329999923706055,17.920000076293945,372500,False
EC,2019-11-29,18.389999389648438,18.68000030517578,18.25,18.309999465942383,18.25,387000,False
EC,2019-12-02,18.559999465942383,18.579999923706055,18.219999313354492,18.25,18.219999313354492,471900,False
EC,2019-12-03,18.100000381469727,18.3700008392334,18.049999237060547,18.239999771118164,18.049999237060547,581500,False
EC,2019-12-04,18.520000457763672,19.170000076293945,18.479999542236328,19.1200008392334,18.479999542236328,1284500,False
EC,2019-12-05,19.18000030517578,19.239999771118164,18.75,18.84000015258789,18.75,703800,False
EC,2019-12-06,18.8799991607666,19.5,18.8799991607666,19.239999771118164,18.8799991607666,535700,False
EC,2019-12-09,19.100000381469727,19.3700008392334,19.049999237060547,19.229999542236328,19.049999237060547,232200,False
EC,2019-12-10,19.260000228881836,19.270000457763672,19.059999465942383,19.1200008392334,19.059999465942383,446900,False
EC,2019-12-11,19.149999618530273,19.3700008392334,19.149999618530273,19.360000610351562,19.149999618530273,513500,False
EC,2019-12-12,19.399999618530273,19.670000076293945,19.399999618530273,19.59000015258789,19.399999618530273,270100,False
EC,2019-12-13,19.649999618530273,19.899999618530273,19.540000915527344,19.540000915527344,19.540000915527344,337400,False
EC,2019-12-16,19.700000762939453,19.860000610351562,19.65999984741211,19.829999923706055,19.65999984741211,418100,False
EC,2019-12-17,19.850000381469727,19.979999542236328,19.760000228881836,19.8799991607666,19.760000228881836,395100,False
EC,2019-12-18,19.8799991607666,19.920000076293945,19.760000228881836,19.780000686645508,19.760000228881836,701300,False
EC,2019-12-19,20.059999465942383,20.290000915527344,20.049999237060547,20.100000381469727,20.049999237060547,520500,False
EC,2019-12-20,20.18000030517578,20.25,20.100000381469727,20.190000534057617,20.100000381469727,872900,False
EC,2019-12-23,20.270000457763672,20.610000610351562,20.1200008392334,20.59000015258789,20.1200008392334,376600,False
EC,2019-12-24,20.690000534057617,20.809999465942383,20.649999618530273,20.700000762939453,20.649999618530273,170000,False
EC,2019-12-26,20.280000686645508,20.469999313354492,20.1299991607666,20.270000457763672,20.1299991607666,311700,False
EC,2019-12-27,20.43000030517578,20.469999313354492,20.170000076293945,20.219999313354492,20.170000076293945,355400,False
EC,2019-12-30,20.239999771118164,20.489999771118164,20.06999969482422,20.270000457763672,20.06999969482422,278500,False
EC,2019-12-31,20.25,20.25,19.84000015258789,19.959999084472656,19.84000015258789,343900,False
EC,2020-01-02,20.149999618530273,20.40999984741211,20.149999618530273,20.309999465942383,20.149999618530273,264900,False
EC,2020-01-03,20.59000015258789,20.700000762939453,20.360000610351562,20.479999542236328,20.360000610351562,682700,False
EC,2020-01-06,20.5,20.530000686645508,20.280000686645508,20.399999618530273,20.280000686645508,397200,False
EC,2020-01-07,20.31999969482422,20.579999923706055,20.270000457763672,20.5,20.270000457763672,559200,False
EC,2020-01-08,20.260000228881836,20.540000915527344,20.200000762939453,20.34000015258789,20.200000762939453,1498200,False
EC,2020-01-09,20.3700008392334,20.459999084472656,20.209999084472656,20.450000762939453,20.209999084472656,356200,False
EC,2020-01-10,20.520000457763672,20.770000457763672,20.440000534057617,20.709999084472656,20.440000534057617,518900,False
EC,2020-01-13,20.709999084472656,20.959999084472656,20.559999465942383,20.950000762939453,20.559999465942383,460500,False
EC,2020-01-14,20.950000762939453,20.950000762939453,20.479999542236328,20.600000381469727,20.479999542236328,385900,False
EC,2020-01-15,20.559999465942383,20.68000030517578,20.420000076293945,20.459999084472656,20.420000076293945,413100,False
EC,2020-01-16,20.56999969482422,20.610000610351562,20.3700008392334,20.40999984741211,20.3700008392334,514900,False
EC,2020-01-17,20.450000762939453,20.549999237060547,20.25,20.3700008392334,20.25,383200,False
EC,2020-01-21,20.239999771118164,20.290000915527344,19.979999542236328,20.049999237060547,19.979999542236328,266600,False
EC,2020-01-22,20.09000015258789,20.1299991607666,19.959999084472656,19.969999313354492,19.959999084472656,488000,False
EC,2020-01-23,19.799999237060547,19.850000381469727,19.510000228881836,19.6200008392334,19.510000228881836,498400,False
EC,2020-01-24,19.6200008392334,19.6200008392334,19.459999084472656,19.5,19.459999084472656,472900,False
EC,2020-01-27,19.139999389648438,19.139999389648438,18.739999771118164,18.760000228881836,18.739999771118164,901100,False
EC,2020-01-28,18.8799991607666,18.969999313354492,18.799999237060547,18.84000015258789,18.799999237060547,858100,False
EC,2020-01-29,18.959999084472656,18.959999084472656,18.709999084472656,18.729999542236328,18.709999084472656,631200,False
EC,2020-01-30,18.5,18.729999542236328,18.389999389648438,18.709999084472656,18.389999389648438,775700,False
EC,2020-01-31,18.5,18.6299991607666,18.299999237060547,18.5,18.299999237060547,1082500,False
EC,2020-02-03,18.530000686645508,18.56999969482422,18.329999923706055,18.510000228881836,18.329999923706055,743900,False
EC,2020-02-04,18.809999465942383,19.1200008392334,18.780000686645508,18.860000610351562,18.780000686645508,521400,False
EC,2020-02-05,19.15999984741211,19.299999237060547,18.940000534057617,18.959999084472656,18.940000534057617,668300,False
EC,2020-02-06,19.0,19.0,18.690000534057617,18.829999923706055,18.690000534057617,859100,False
EC,2020-02-07,18.739999771118164,18.860000610351562,18.65999984741211,18.739999771118164,18.65999984741211,578100,False
EC,2020-02-10,18.690000534057617,18.690000534057617,18.520000457763672,18.65999984741211,18.520000457763672,470100,False
EC,2020-02-11,18.860000610351562,19.229999542236328,18.700000762939453,19.209999084472656,18.700000762939453,548400,False
EC,2020-02-12,19.43000030517578,19.950000762939453,19.420000076293945,19.899999618530273,19.420000076293945,842300,False
EC,2020-02-13,19.829999923706055,19.93000030517578,19.68000030517578,19.809999465942383,19.68000030517578,693300,False
EC,2020-02-14,19.920000076293945,20.0,19.5,19.530000686645508,19.5,712500,False
EC,2020-02-18,19.3799991607666,19.719999313354492,19.3799991607666,19.700000762939453,19.3799991607666,820300,False
EC,2020-02-19,19.8700008392334,20.399999618530273,19.81999969482422,20.3799991607666,19.81999969482422,1527200,False
EC,2020-02-20,20.5,20.540000915527344,20.15999984741211,20.15999984741211,20.15999984741211,989800,False
EC,2020-02-21,20.030000686645508,20.270000457763672,19.829999923706055,20.200000762939453,19.829999923706055,677700,False
EC,2020-02-24,19.639999389648438,19.75,19.15999984741211,19.389999389648438,19.15999984741211,739800,False
EC,2020-02-25,19.399999618530273,19.520000457763672,19.110000610351562,19.1299991607666,19.110000610351562,1276700,False
EC,2020-02-26,19.260000228881836,19.520000457763672,18.84000015258789,18.8700008392334,18.84000015258789,1481000,False
EC,2020-02-27,18.469999313354492,18.5,17.290000915527344,17.790000915527344,17.290000915527344,2334700,False
EC,2020-02-28,17.200000762939453,17.700000762939453,16.84000015258789,17.649999618530273,16.84000015258789,1565500,False
EC,2020-03-02,17.809999465942383,18.059999465942383,17.579999923706055,17.799999237060547,17.579999923706055,1467000,False
EC,2020-03-03,17.8799991607666,18.280000686645508,17.190000534057617,17.489999771118164,17.190000534057617,1448400,False
EC,2020-03-04,17.81999969482422,18.34000015258789,17.729999542236328,18.1200008392334,17.729999542236328,1115200,False
EC,2020-03-05,17.809999465942383,18.139999389648438,17.719999313354492,17.940000534057617,17.719999313354492,1603400,False
EC,2020-03-06,17.440000534057617,17.459999084472656,16.389999389648438,16.40999984741211,16.389999389648438,2233600,True
EC,2020-03-09,13.5,14.0600004196167,11.800000190734863,12.1899995803833,11.800000190734863,2011500,True
EC,2020-03-10,12.949999809265137,13.289999961853027,12.0,12.619999885559082,12.0,2369300,False
EC,2020-03-11,12.1899995803833,12.399999618530273,11.1899995803833,11.369999885559082,11.1899995803833,1034300,True
EC,2020-03-12,10.539999961853027,10.720000267028809,9.489999771118164,9.6899995803833,9.489999771118164,1946700,True
EC,2020-03-13,10.479999542236328,10.920000076293945,9.760000228881836,10.829999923706055,9.760000228881836,1685600,True
EC,2020-03-16,9.0,9.619999885559082,8.119999885559082,8.270000457763672,8.119999885559082,1716100,True
EC,2020-03-17,8.470000267028809,8.600000381469727,7.869999885559082,7.989999771118164,7.869999885559082,1662600,False
EC,2020-03-18,7.599999904632568,7.619999885559082,6.28000020980835,6.679999828338623,6.28000020980835,1599300,True
EC,2020-03-19,6.71999979019165,7.260000228881836,6.539999961853027,6.989999771118164,6.539999961853027,1288500,False
EC,2020-03-20,7.369999885559082,8.140000343322754,7.110000133514404,7.190000057220459,7.110000133514404,1253200,False
EC,2020-03-23,7.210000038146973,7.5,6.820000171661377,7.159999847412109,6.820000171661377,1039300,False
EC,2020-03-24,7.659999847412109,8.3100004196167,7.659999847412109,7.789999961853027,7.659999847412109,1785000,True
EC,2020-03-25,7.940000057220459,9.079999923706055,7.940000057220459,8.770000457763672,7.940000057220459,2704300,True
EC,2020-03-26,8.84000015258789,10.199999809265137,8.84000015258789,10.079999923706055,8.84000015258789,2258400,True
EC,2020-03-27,9.609999656677246,9.609999656677246,8.510000228881836,9.220000267028809,8.510000228881836,2914200,True
EC,2020-03-30,9.140000343322754,9.210000038146973,8.319999694824219,9.100000381469727,8.319999694824219,1324900,False
EC,2020-03-31,9.40999984741211,9.819999694824219,9.399999618530273,9.510000228881836,9.399999618530273,2501300,False
EC,2020-04-01,9.25,9.279999732971191,8.8100004196167,9.010000228881836,8.8100004196167,1768100,False
EC,2020-04-02,9.4399995803833,10.720000267028809,9.25,10.239999771118164,9.25,1871600,True
EC,2020-04-03,10.5,11.3100004196167,10.380000114440918,11.15999984741211,10.380000114440918,2141600,True
EC,2020-04-06,11.430000305175781,11.5,10.949999809265137,11.229999542236328,10.949999809265137,1091800,False
EC,2020-04-07,11.899999618530273,12.170000076293945,11.239999771118164,11.329999923706055,11.239999771118164,1128800,False
EC,2020-04-08,11.510000228881836,12.109999656677246,11.3100004196167,12.010000228881836,11.3100004196167,1422200,False
EC,2020-04-09,12.59000015258789,12.670000076293945,11.319999694824219,11.920000076293945,11.319999694824219,1345500,False
EC,2020-04-13,12.239999771118164,12.329999923706055,11.510000228881836,11.569999694824219,11.510000228881836,1783300,False
EC,2020-04-14,11.539999961853027,11.720000267028809,11.329999923706055,11.430000305175781,11.329999923706055,1167400,False
EC,2020-04-15,10.779999732971191,10.850000381469727,10.239999771118164,10.710000038146973,10.239999771118164,910600,False
EC,2020-04-16,10.680000305175781,10.899999618530273,10.399999618530273,10.609999656677246,10.399999618530273,1048900,False
EC,2020-04-17,10.65999984741211,11.010000228881836,10.520000457763672,10.930000305175781,10.520000457763672,1353500,False
EC,2020-04-20,10.289999961853027,10.979999542236328,10.020000457763672,10.510000228881836,10.020000457763672,1754200,False
EC,2020-04-21,9.260000228881836,9.300000190734863,8.699999809265137,9.0,8.699999809265137,1952300,True
EC,2020-04-22,9.390000343322754,9.729999542236328,9.3100004196167,9.470000267028809,9.3100004196167,1849400,False
EC,2020-04-23,9.75,10.020000457763672,9.609999656677246,9.84000015258789,9.609999656677246,1307700,False
EC,2020-04-24,9.770000457763672,9.850000381469727,9.210000038146973,9.510000228881836,9.210000038146973,1527500,False
EC,2020-04-27,9.399999618530273,9.850000381469727,9.119999885559082,9.739999771118164,9.119999885559082,1301800,False
EC,2020-04-28,9.739999771118164,10.319999694824219,9.699999809265137,10.270000457763672,9.699999809265137,1811600,False
EC,2020-04-29,10.65999984741211,10.890000343322754,10.569999694824219,10.630000114440918,10.569999694824219,2438000,False
EC,2020-04-30,10.710000038146973,10.819999694824219,10.109999656677246,10.449999809265137,10.109999656677246,1861000,False
EC,2020-05-01,10.199999809265137,10.199999809265137,9.25,9.40999984741211,9.25,1239000,True
EC,2020-05-04,9.229999542236328,9.949999809265137,9.229999542236328,9.880000114440918,9.229999542236328,1233800,False
EC,2020-05-05,10.359999656677246,10.579999923706055,9.949999809265137,10.069999694824219,9.949999809265137,1426700,False
EC,2020-05-06,9.899999618530273,10.0600004196167,9.699999809265137,9.760000228881836,9.699999809265137,1101700,False
EC,2020-05-07,9.960000038146973,10.289999961853027,9.90999984741211,10.020000457763672,9.90999984741211,1390900,False
EC,2020-05-08,10.350000381469727,10.720000267028809,10.279999732971191,10.710000038146973,10.279999732971191,1096600,False
EC,2020-05-11,10.550000190734863,10.6899995803833,10.460000038146973,10.550000190734863,10.460000038146973,1078600,False
EC,2020-05-12,10.649999618530273,10.770000457763672,10.279999732971191,10.279999732971191,10.279999732971191,1013700,False
EC,2020-05-13,10.3100004196167,10.3100004196167,9.579999923706055,9.710000038146973,9.579999923706055,1593800,False
EC,2020-05-14,9.550000190734863,10.039999961853027,9.359999656677246,9.789999961853027,9.359999656677246,961400,False
EC,2020-05-15,9.800000190734863,10.149999618530273,9.770000457763672,9.930000305175781,9.770000457763672,985700,False
EC,2020-05-18,10.420000076293945,10.720000267028809,10.199999809265137,10.550000190734863,10.199999809265137,2819000,False
EC,2020-05-19,10.649999618530273,10.6899995803833,10.229999542236328,10.300000190734863,10.229999542236328,1797800,False
EC,2020-05-20,10.579999923706055,10.800000190734863,10.5600004196167,10.65999984741211,10.5600004196167,701000,False
EC,2020-05-21,10.680000305175781,10.770000457763672,10.399999618530273,10.539999961853027,10.399999618530273,583900,False
EC,2020-05-22,10.359999656677246,10.539999961853027,10.1899995803833,10.520000457763672,10.1899995803833,635500,False
EC,2020-05-26,10.770000457763672,10.890000343322754,10.600000381469727,10.630000114440918,10.600000381469727,896600,False
EC,2020-05-27,10.779999732971191,10.789999961853027,10.369999885559082,10.779999732971191,10.369999885559082,1398700,False
EC,2020-05-28,10.890000343322754,10.90999984741211,10.529999732971191,10.539999961853027,10.529999732971191,1120500,False
EC,2020-05-29,10.520000457763672,10.569999694824219,10.25,10.40999984741211,10.25,2431800,False
EC,2020-06-01,10.359999656677246,10.859999656677246,10.359999656677246,10.770000457763672,10.359999656677246,1433200,False
EC,2020-06-02,10.899999618530273,11.289999961853027,10.829999923706055,11.289999961853027,10.829999923706055,1081000,False
EC,2020-06-03,11.510000228881836,11.930000305175781,11.4399995803833,11.930000305175781,11.4399995803833,1013100,False
EC,2020-06-04,11.819999694824219,12.029999732971191,11.699999809265137,12.0,11.699999809265137,919700,False
EC,2020-06-05,12.489999771118164,13.180000305175781,12.489999771118164,13.149999618530273,12.489999771118164,1440200,True
EC,2020-06-08,13.5600004196167,13.619999885559082,13.020000457763672,13.479999542236328,13.020000457763672,964900,False
EC,2020-06-09,13.0,13.260000228881836,12.640000343322754,13.09000015258789,12.640000343322754,1321200,False
EC,2020-06-10,12.949999809265137,12.949999809265137,12.510000228881836,12.569999694824219,12.510000228881836,1233400,False
EC,2020-06-11,11.859999656677246,12.020000457763672,10.979999542236328,10.989999771118164,10.979999542236328,1140400,True
EC,2020-06-12,11.510000228881836,11.510000228881836,11.020000457763672,11.350000381469727,11.020000457763672,844400,False
EC,2020-06-15,10.890000343322754,11.4399995803833,10.609999656677246,11.199999809265137,10.609999656677246,929900,False
EC,2020-06-16,11.720000267028809,12.130000114440918,11.630000114440918,11.949999809265137,11.630000114440918,1125000,False
EC,2020-06-17,11.979999542236328,12.029999732971191,11.390000343322754,11.449999809265137,11.390000343322754,1012700,False
EC,2020-06-18,11.300000190734863,11.630000114440918,11.210000038146973,11.329999923706055,11.210000038146973,549900,False
EC,2020-06-19,11.670000076293945,11.710000038146973,11.3100004196167,11.3100004196167,11.3100004196167,1040700,False
EC,2020-06-22,11.1899995803833,11.380000114440918,11.109999656677246,11.210000038146973,11.109999656677246,550900,False
EC,2020-06-23,11.420000076293945,11.760000228881836,11.420000076293945,11.630000114440918,11.420000076293945,738300,False
EC,2020-06-24,11.470000267028809,11.470000267028809,10.880000114440918,11.029999732971191,10.880000114440918,771300,False
EC,2020-06-25,10.979999542236328,11.300000190734863,10.930000305175781,11.300000190734863,10.930000305175781,865400,False
EC,2020-06-26,11.119999885559082,11.170000076293945,10.899999618530273,10.989999771118164,10.899999618530273,663500,False
EC,2020-06-29,11.0600004196167,11.220000267028809,10.869999885559082,11.130000114440918,10.869999885559082,258800,False
EC,2020-06-30,11.050000190734863,11.210000038146973,10.859999656677246,11.130000114440918,10.859999656677246,863400,False
EC,2020-07-01,11.270000457763672,11.390000343322754,11.079999923706055,11.100000381469727,11.079999923706055,584300,False
EC,2020-07-02,11.380000114440918,11.539999961853027,11.199999809265137,11.380000114440918,11.199999809265137,673200,False
EC,2020-07-06,11.699999809265137,11.699999809265137,11.369999885559082,11.550000190734863,11.369999885559082,661400,False
EC,2020-07-07,11.380000114440918,11.470000267028809,11.229999542236328,11.270000457763672,11.229999542236328,948400,False
EC,2020-07-08,11.329999923706055,11.449999809265137,11.260000228881836,11.420000076293945,11.260000228881836,775100,False
EC,2020-07-09,11.399999618530273,11.4399995803833,11.0600004196167,11.170000076293945,11.0600004196167,1081900,False
EC,2020-07-10,11.149999618530273,11.460000038146973,11.109999656677246,11.430000305175781,11.109999656677246,523500,False
EC,2020-07-13,11.470000267028809,11.609999656677246,11.420000076293945,11.460000038146973,11.420000076293945,783100,False
EC,2020-07-14,11.329999923706055,11.90999984741211,11.3100004196167,11.90999984741211,11.3100004196167,857800,False
EC,2020-07-15,12.079999923706055,12.210000038146973,11.739999771118164,11.890000343322754,11.739999771118164,1025200,False
EC,2020-07-16,11.800000190734863,11.960000038146973,11.579999923706055,11.850000381469727,11.579999923706055,627200,False
EC,2020-07-17,11.850000381469727,12.210000038146973,11.779999732971191,12.079999923706055,11.779999732971191,1539300,False
EC,2020-07-20,12.039999961853027,12.109999656677246,11.619999885559082,11.720000267028809,11.619999885559082,1161400,False
EC,2020-07-21,11.930000305175781,12.470000267028809,11.930000305175781,12.380000114440918,11.930000305175781,807400,False
EC,2020-07-22,12.260000228881836,12.300000190734863,12.140000343322754,12.25,12.140000343322754,648500,False
EC,2020-07-23,12.170000076293945,12.260000228881836,12.039999961853027,12.130000114440918,12.039999961853027,822300,False
EC,2020-07-24,12.140000343322754,12.140000343322754,11.970000267028809,12.069999694824219,11.970000267028809,521300,False
EC,2020-07-27,11.989999771118164,12.199999809265137,11.90999984741211,12.199999809265137,11.90999984741211,651200,False
EC,2020-07-28,12.279999732971191,12.279999732971191,11.779999732971191,11.890000343322754,11.779999732971191,653300,False
EC,2020-07-29,12.0,12.15999984741211,11.930000305175781,12.119999885559082,11.930000305175781,559600,False
EC,2020-07-30,11.760000228881836,11.819999694824219,11.460000038146973,11.75,11.460000038146973,1164200,False
EC,2020-07-31,11.670000076293945,11.75,11.470000267028809,11.640000343322754,11.470000267028809,1085800,False
EC,2020-08-03,11.609999656677246,11.609999656677246,11.289999961853027,11.460000038146973,11.289999961853027,1187200,False
EC,2020-08-04,11.550000190734863,11.8100004196167,11.380000114440918,11.640000343322754,11.380000114440918,1241100,False
EC,2020-08-05,11.789999961853027,12.0,11.539999961853027,11.699999809265137,11.539999961853027,1890800,False
EC,2020-08-06,11.579999923706055,11.649999618530273,11.449999809265137,11.59000015258789,11.449999809265137,817800,False
EC,2020-08-07,11.5,11.5,11.130000114440918,11.460000038146973,11.130000114440918,961500,False
EC,2020-08-10,11.479999542236328,11.729999542236328,11.460000038146973,11.550000190734863,11.460000038146973,760100,False
EC,2020-08-11,11.710000038146973,11.84000015258789,11.579999923706055,11.59000015258789,11.579999923706055,716900,False
EC,2020-08-12,11.760000228881836,11.850000381469727,11.640000343322754,11.84000015258789,11.640000343322754,836800,False
EC,2020-08-13,11.729999542236328,11.800000190734863,11.569999694824219,11.569999694824219,11.569999694824219,478900,False
EC,2020-08-14,11.550000190734863,11.600000381469727,11.449999809265137,11.529999732971191,11.449999809265137,523600,False
EC,2020-08-17,11.550000190734863,11.65999984741211,11.399999618530273,11.460000038146973,11.399999618530273,427400,False
EC,2020-08-18,11.460000038146973,11.6899995803833,11.449999809265137,11.569999694824219,11.449999809265137,1061800,False
EC,2020-08-19,11.550000190734863,11.739999771118164,11.5,11.550000190734863,11.5,908200,False
EC,2020-08-20,11.390000343322754,11.4399995803833,11.229999542236328,11.34000015258789,11.229999542236328,1128800,False
EC,2020-08-21,11.289999961853027,11.319999694824219,11.1899995803833,11.279999732971191,11.1899995803833,835800,False
EC,2020-08-24,11.40999984741211,11.569999694824219,11.380000114440918,11.529999732971191,11.380000114440918,568000,False
EC,2020-08-25,11.579999923706055,11.670000076293945,11.449999809265137,11.600000381469727,11.449999809265137,623800,False
EC,2020-08-26,11.569999694824219,11.739999771118164,11.399999618530273,11.40999984741211,11.399999618530273,1065500,False
EC,2020-08-27,11.380000114440918,11.479999542236328,11.199999809265137,11.270000457763672,11.199999809265137,1011600,False
EC,2020-08-28,11.300000190734863,11.680000305175781,11.300000190734863,11.670000076293945,11.300000190734863,1013100,False
EC,2020-08-31,11.65999984741211,11.65999984741211,11.350000381469727,11.390000343322754,11.350000381469727,1233700,False
EC,2020-09-01,11.390000343322754,11.960000038146973,11.329999923706055,11.920000076293945,11.329999923706055,2160200,False
EC,2020-09-02,11.880000114440918,12.010000228881836,11.760000228881836,11.84000015258789,11.760000228881836,1534600,False
EC,2020-09-03,11.84000015258789,11.880000114440918,11.550000190734863,11.739999771118164,11.550000190734863,1528300,False
EC,2020-09-04,11.829999923706055,11.869999885559082,11.420000076293945,11.569999694824219,11.420000076293945,806900,False
EC,2020-09-08,11.279999732971191,11.350000381469727,10.970000267028809,11.010000228881836,10.970000267028809,1342700,False
EC,2020-09-09,11.079999923706055,11.289999961853027,11.079999923706055,11.1899995803833,11.079999923706055,968000,False
EC,2020-09-10,11.229999542236328,11.239999771118164,10.84000015258789,10.84000015258789,10.84000015258789,1564000,False
EC,2020-09-11,10.899999618530273,11.050000190734863,10.859999656677246,10.899999618530273,10.859999656677246,808100,False
EC,2020-09-14,11.0,11.0,10.760000228881836,10.850000381469727,10.760000228881836,659200,False
EC,2020-09-15,10.960000038146973,11.09000015258789,10.859999656677246,10.949999809265137,10.859999656677246,1149200,False
EC,2020-09-16,11.029999732971191,11.229999542236328,10.949999809265137,11.100000381469727,10.949999809265137,1001500,False
EC,2020-09-17,10.920000076293945,11.100000381469727,10.899999618530273,11.09000015258789,10.899999618530273,835500,False
EC,2020-09-18,11.039999961853027,11.300000190734863,10.970000267028809,11.09000015258789,10.970000267028809,2510400,False
EC,2020-09-21,10.850000381469727,10.899999618530273,10.510000228881836,10.600000381469727,10.510000228881836,1498300,False
EC,2020-09-22,10.5600004196167,10.739999771118164,10.40999984741211,10.520000457763672,10.40999984741211,1161500,False
EC,2020-09-23,10.520000457763672,10.520000457763672,10.210000038146973,10.210000038146973,10.210000038146973,1905400,False
EC,2020-09-24,10.170000076293945,10.270000457763672,9.989999771118164,10.15999984741211,9.989999771118164,996800,False
EC,2020-09-25,10.100000381469727,10.109999656677246,9.800000190734863,9.930000305175781,9.800000190734863,828300,False
EC,2020-09-28,10.079999923706055,10.229999542236328,10.0600004196167,10.149999618530273,10.0600004196167,672900,False
EC,2020-09-29,10.100000381469727,10.119999885559082,9.789999961853027,9.789999961853027,9.789999961853027,914000,False
EC,2020-09-30,9.829999923706055,9.970000267028809,9.800000190734863,9.84000015258789,9.800000190734863,964900,False
EC,2020-10-01,9.760000228881836,9.829999923706055,9.619999885559082,9.6899995803833,9.619999885559082,1433300,False
EC,2020-10-02,9.489999771118164,9.899999618530273,9.449999809265137,9.800000190734863,9.449999809265137,697300,False
EC,2020-10-05,9.899999618530273,10.069999694824219,9.869999885559082,10.020000457763672,9.869999885559082,992400,False
EC,2020-10-06,10.170000076293945,10.260000228881836,9.899999618530273,9.930000305175781,9.899999618530273,979400,False
EC,2020-10-07,9.970000267028809,9.989999771118164,9.680000305175781,9.920000076293945,9.680000305175781,941400,False
EC,2020-10-08,9.949999809265137,10.220000267028809,9.949999809265137,10.180000305175781,9.949999809265137,1299500,False
EC,2020-10-09,10.3100004196167,10.350000381469727,10.010000228881836,10.050000190734863,10.010000228881836,764900,False
EC,2020-10-12,9.989999771118164,9.989999771118164,9.789999961853027,9.920000076293945,9.789999961853027,437700,False
EC,2020-10-13,9.859999656677246,9.9399995803833,9.65999984741211,9.710000038146973,9.65999984741211,675500,False
EC,2020-10-14,9.710000038146973,9.899999618530273,9.710000038146973,9.8100004196167,9.710000038146973,613300,False
EC,2020-10-15,9.65999984741211,9.800000190734863,9.529999732971191,9.720000267028809,9.529999732971191,587100,False
EC,2020-10-16,9.670000076293945,9.760000228881836,9.579999923706055,9.65999984741211,9.579999923706055,527300,False
EC,2020-10-19,9.710000038146973,9.960000038146973,9.670000076293945,9.710000038146973,9.670000076293945,1089100,False
EC,2020-10-20,9.800000190734863,9.90999984741211,9.760000228881836,9.84000015258789,9.760000228881836,456900,False
EC,2020-10-21,9.760000228881836,9.970000267028809,9.710000038146973,9.720000267028809,9.710000038146973,1169200,False
EC,2020-10-22,9.720000267028809,9.920000076293945,9.6899995803833,9.880000114440918,9.6899995803833,1486900,False
EC,2020-10-23,9.960000038146973,9.960000038146973,9.699999809265137,9.779999732971191,9.699999809265137,600300,False
EC,2020-10-26,9.640000343322754,9.640000343322754,9.460000038146973,9.569999694824219,9.460000038146973,1120700,False
EC,2020-10-27,9.529999732971191,9.619999885559082,9.470000267028809,9.529999732971191,9.470000267028809,921000,False
EC,2020-10-28,9.300000190734863,9.4399995803833,8.90999984741211,8.920000076293945,8.90999984741211,1413000,False
EC,2020-10-29,8.800000190734863,9.079999923706055,8.5,9.050000190734863,8.5,1121900,False
EC,2020-10-30,9.029999732971191,9.260000228881836,8.9399995803833,9.25,8.9399995803833,957100,False
EC,2020-11-02,9.380000114440918,9.4399995803833,9.149999618530273,9.359999656677246,9.149999618530273,869100,False
EC,2020-11-03,9.510000228881836,9.680000305175781,9.390000343322754,9.539999961853027,9.390000343322754,927800,False
EC,2020-11-04,9.550000190734863,9.890000343322754,9.4399995803833,9.729999542236328,9.4399995803833,805100,False
EC,2020-11-05,9.729999542236328,10.0600004196167,9.729999542236328,9.800000190734863,9.729999542236328,672200,False
EC,2020-11-06,9.760000228881836,9.970000267028809,9.760000228881836,9.800000190734863,9.760000228881836,1008800,False
EC,2020-11-09,10.699999809265137,11.039999961853027,10.529999732971191,10.600000381469727,10.529999732971191,2407800,False
EC,2020-11-10,10.760000228881836,10.989999771118164,10.569999694824219,10.979999542236328,10.569999694824219,955800,False
EC,2020-11-11,11.079999923706055,11.1899995803833,11.0,11.069999694824219,11.0,626100,False
EC,2020-11-12,10.9399995803833,11.100000381469727,10.6899995803833,10.779999732971191,10.6899995803833,919800,False
EC,2020-11-13,10.779999732971191,11.0,10.779999732971191,10.989999771118164,10.779999732971191,544600,False
EC,2020-11-16,11.550000190734863,11.680000305175781,11.34000015258789,11.670000076293945,11.34000015258789,680200,False
EC,2020-11-17,11.5600004196167,11.819999694824219,11.399999618530273,11.8100004196167,11.399999618530273,2118600,False
EC,2020-11-18,11.920000076293945,11.960000038146973,11.609999656677246,11.609999656677246,11.609999656677246,1260000,False
EC,2020-11-19,11.5600004196167,11.869999885559082,11.510000228881836,11.84000015258789,11.510000228881836,1297900,False
EC,2020-11-20,11.760000228881836,11.880000114440918,11.670000076293945,11.869999885559082,11.670000076293945,861000,False
EC,2020-11-23,12.050000190734863,12.130000114440918,11.979999542236328,12.130000114440918,11.979999542236328,1379000,False
EC,2020-11-24,12.279999732971191,12.420000076293945,12.220000267028809,12.390000343322754,12.220000267028809,1672400,False
EC,2020-11-25,12.350000381469727,12.550000190734863,12.239999771118164,12.529999732971191,12.239999771118164,1372600,False
EC,2020-11-27,12.390000343322754,12.420000076293945,12.010000228881836,12.050000190734863,12.010000228881836,1414500,False
EC,2020-11-30,12.010000228881836,12.0600004196167,11.520000457763672,11.520000457763672,11.520000457763672,1535300,False
EC,2020-12-01,11.779999732971191,12.0600004196167,11.770000457763672,12.010000228881836,11.770000457763672,899600,False
EC,2020-12-02,12.039999961853027,12.420000076293945,11.949999809265137,12.130000114440918,11.949999809265137,1045000,False
EC,2020-12-03,12.149999618530273,12.449999809265137,12.119999885559082,12.260000228881836,12.119999885559082,808000,False
EC,2020-12-04,12.399999618530273,12.880000114440918,12.399999618530273,12.859999656677246,12.399999618530273,1573700,False
EC,2020-12-07,12.8100004196167,12.829999923706055,12.430000305175781,12.699999809265137,12.430000305175781,1373000,False
EC,2020-12-08,12.649999618530273,13.039999961853027,12.5600004196167,12.670000076293945,12.5600004196167,979900,False
EC,2020-12-09,12.819999694824219,13.0600004196167,12.6899995803833,12.890000343322754,12.6899995803833,1123000,False
EC,2020-12-10,12.869999885559082,13.5600004196167,12.869999885559082,13.520000457763672,12.869999885559082,2092400,False
EC,2020-12-11,13.520000457763672,13.520000457763672,13.140000343322754,13.399999618530273,13.140000343322754,988700,False
EC,2020-12-14,13.600000381469727,13.670000076293945,13.180000305175781,13.289999961853027,13.180000305175781,949400,False
EC,2020-12-15,13.34000015258789,13.520000457763672,13.180000305175781,13.479999542236328,13.180000305175781,949400,False
EC,2020-12-16,13.510000228881836,13.800000190734863,13.3100004196167,13.75,13.3100004196167,1108300,False
EC,2020-12-17,13.829999923706055,14.0,13.789999961853027,13.880000114440918,13.789999961853027,918000,False
EC,2020-12-18,13.779999732971191,13.930000305175781,13.640000343322754,13.640000343322754,13.640000343322754,1147700,False
EC,2020-12-21,13.239999771118164,13.239999771118164,12.960000038146973,13.029999732971191,12.960000038146973,1271300,False
EC,2020-12-22,13.020000457763672,13.119999885559082,12.880000114440918,13.010000228881836,12.880000114440918,715100,False
EC,2020-12-23,13.149999618530273,13.270000457763672,13.109999656677246,13.180000305175781,13.109999656677246,528500,False
EC,2020-12-24,13.170000076293945,13.170000076293945,12.899999618530273,12.979999542236328,12.899999618530273,250300,False
EC,2020-12-28,13.020000457763672,13.170000076293945,12.869999885559082,12.970000267028809,12.869999885559082,630000,False
EC,2020-12-29,13.09000015258789,13.119999885559082,12.920000076293945,13.09000015258789,12.920000076293945,590700,False
EC,2020-12-30,13.09000015258789,13.329999923706055,13.09000015258789,13.119999885559082,13.09000015258789,377600,False
EC,2020-12-31,13.029999732971191,13.109999656677246,12.819999694824219,12.90999984741211,12.819999694824219,602100,False
EC,2021-01-04,13.079999923706055,13.220000267028809,12.850000381469727,12.949999809265137,12.850000381469727,809100,False
EC,2021-01-05,12.960000038146973,13.529999732971191,12.960000038146973,13.289999961853027,12.960000038146973,1350400,False
EC,2021-01-06,13.220000267028809,13.630000114440918,13.210000038146973,13.539999961853027,13.210000038146973,1255000,False
EC,2021-01-07,13.699999809265137,13.829999923706055,13.489999771118164,13.680000305175781,13.489999771118164,998100,False
EC,2021-01-08,13.850000381469727,13.859999656677246,13.619999885559082,13.8100004196167,13.619999885559082,697100,False
EC,2021-01-11,13.579999923706055,13.720000267028809,13.550000190734863,13.65999984741211,13.550000190734863,458900,False
EC,2021-01-12,13.8100004196167,14.130000114440918,13.729999542236328,14.130000114440918,13.729999542236328,779700,False
EC,2021-01-13,14.1899995803833,14.1899995803833,13.880000114440918,13.970000267028809,13.880000114440918,752000,False
EC,2021-01-14,14.069999694824219,14.470000267028809,14.039999961853027,14.430000305175781,14.039999961853027,606000,False
EC,2021-01-15,14.3100004196167,14.329999923706055,13.850000381469727,13.869999885559082,13.850000381469727,1260000,False
EC,2021-01-19,14.020000457763672,14.180000305175781,13.899999618530273,14.050000190734863,13.899999618530273,668400,False
EC,2021-01-20,14.149999618530273,14.170000076293945,13.960000038146973,14.069999694824219,13.960000038146973,1130300,False
EC,2021-01-21,14.140000343322754,14.140000343322754,13.779999732971191,13.869999885559082,13.779999732971191,1103400,False
EC,2021-01-22,13.550000190734863,13.65999984741211,13.279999732971191,13.420000076293945,13.279999732971191,794700,False
EC,2021-01-25,13.289999961853027,13.289999961853027,12.829999923706055,12.989999771118164,12.829999923706055,1215000,False
EC,2021-01-26,13.109999656677246,13.270000457763672,13.050000190734863,13.100000381469727,13.050000190734863,903600,False
EC,2021-01-27,12.699999809265137,12.739999771118164,12.239999771118164,12.319999694824219,12.239999771118164,2320500,False
EC,2021-01-28,12.300000190734863,12.479999542236328,12.069999694824219,12.119999885559082,12.069999694824219,1427200,False
EC,2021-01-29,12.029999732971191,12.029999732971191,11.369999885559082,11.380000114440918,11.369999885559082,2085500,False
EC,2021-02-01,11.579999923706055,11.779999732971191,11.380000114440918,11.680000305175781,11.380000114440918,1123200,False
EC,2021-02-02,11.859999656677246,12.220000267028809,11.859999656677246,11.9399995803833,11.859999656677246,1536700,False
EC,2021-02-03,11.989999771118164,12.029999732971191,11.859999656677246,11.890000343322754,11.859999656677246,788500,False
EC,2021-02-04,11.960000038146973,11.989999771118164,11.65999984741211,11.979999542236328,11.65999984741211,664800,False
EC,2021-02-05,12.210000038146973,12.300000190734863,12.010000228881836,12.130000114440918,12.010000228881836,1152400,False
EC,2021-02-08,12.25,12.510000228881836,12.210000038146973,12.369999885559082,12.210000038146973,2190800,False
EC,2021-02-09,12.279999732971191,12.390000343322754,12.170000076293945,12.279999732971191,12.170000076293945,1111500,False
EC,2021-02-10,12.289999961853027,12.40999984741211,12.220000267028809,12.319999694824219,12.220000267028809,670700,False
EC,2021-02-11,12.34000015258789,12.380000114440918,12.149999618530273,12.210000038146973,12.149999618530273,510600,False
EC,2021-02-12,12.09000015258789,12.350000381469727,12.010000228881836,12.289999961853027,12.010000228881836,463000,False
EC,2021-02-16,12.569999694824219,12.65999984741211,12.449999809265137,12.579999923706055,12.449999809265137,867700,False
EC,2021-02-17,12.640000343322754,12.640000343322754,12.359999656677246,12.550000190734863,12.359999656677246,1168700,False
EC,2021-02-18,12.520000457763672,12.539999961853027,12.220000267028809,12.220000267028809,12.220000267028809,588100,False
EC,2021-02-19,12.210000038146973,12.229999542236328,12.029999732971191,12.109999656677246,12.029999732971191,2306400,False
EC,2021-02-22,11.960000038146973,12.520000457763672,11.899999618530273,12.449999809265137,11.899999618530273,2656300,False
EC,2021-02-23,12.550000190734863,12.890000343322754,12.279999732971191,12.880000114440918,12.279999732971191,2424000,False
EC,2021-02-24,12.850000381469727,13.09000015258789,12.579999923706055,12.90999984741211,12.579999923706055,1218300,False
EC,2021-02-25,12.9399995803833,13.149999618530273,12.649999618530273,12.65999984741211,12.649999618530273,1394400,False
EC,2021-02-26,12.510000228881836,12.609999656677246,12.149999618530273,12.25,12.149999618530273,1383100,False
EC,2021-03-01,12.5,12.699999809265137,12.390000343322754,12.430000305175781,12.390000343322754,771600,False
EC,2021-03-02,12.40999984741211,12.529999732971191,12.260000228881836,12.34000015258789,12.260000228881836,792300,False
EC,2021-03-03,12.369999885559082,12.470000267028809,12.270000457763672,12.34000015258789,12.270000457763672,1245800,False
EC,2021-03-04,12.420000076293945,12.869999885559082,12.319999694824219,12.520000457763672,12.319999694824219,1766800,False
EC,2021-03-05,12.869999885559082,13.380000114440918,12.819999694824219,13.319999694824219,12.819999694824219,3223200,False
EC,2021-03-08,13.359999656677246,13.390000343322754,12.949999809265137,13.029999732971191,12.949999809265137,1236900,False
EC,2021-03-09,13.029999732971191,13.15999984741211,12.829999923706055,12.970000267028809,12.829999923706055,1245400,False
EC,2021-03-10,13.079999923706055,13.4399995803833,12.949999809265137,13.369999885559082,12.949999809265137,998800,False
EC,2021-03-11,13.449999809265137,13.65999984741211,13.359999656677246,13.420000076293945,13.359999656677246,1104400,False
EC,2021-03-12,13.359999656677246,13.380000114440918,13.199999809265137,13.270000457763672,13.199999809265137,912200,False
EC,2021-03-15,13.550000190734863,14.039999961853027,13.34000015258789,14.029999732971191,13.34000015258789,2095700,False
EC,2021-03-16,13.850000381469727,14.0,13.789999961853027,13.819999694824219,13.789999961853027,1216800,False
EC,2021-03-17,13.789999961853027,13.90999984741211,13.630000114440918,13.869999885559082,13.630000114440918,950000,False
EC,2021-03-18,13.680000305175781,13.699999809265137,13.069999694824219,13.09000015258789,13.069999694824219,1800100,False
EC,2021-03-19,13.109999656677246,13.59000015258789,13.109999656677246,13.369999885559082,13.109999656677246,2174400,False
EC,2021-03-22,13.34000015258789,13.479999542236328,13.170000076293945,13.359999656677246,13.170000076293945,555900,False
EC,2021-03-23,13.119999885559082,13.149999618530273,12.609999656677246,12.65999984741211,12.609999656677246,1504700,False
EC,2021-03-24,12.90999984741211,13.140000343322754,12.869999885559082,12.890000343322754,12.869999885559082,1090800,False
EC,2021-03-25,12.739999771118164,12.739999771118164,12.4399995803833,12.699999809265137,12.4399995803833,1122600,False
EC,2021-03-26,12.920000076293945,12.989999771118164,12.699999809265137,12.880000114440918,12.699999809265137,1126100,False
EC,2021-03-29,12.819999694824219,12.890000343322754,12.6899995803833,12.850000381469727,12.6899995803833,800900,False
EC,2021-03-30,12.850000381469727,12.890000343322754,12.630000114440918,12.710000038146973,12.630000114440918,818100,False
EC,2021-03-31,12.670000076293945,12.880000114440918,12.65999984741211,12.819999694824219,12.65999984741211,601200,False
EC,2021-04-01,12.850000381469727,12.920000076293945,12.479999542236328,12.829999923706055,12.479999542236328,1052700,False
EC,2021-04-05,12.90999984741211,12.970000267028809,12.539999961853027,12.619999885559082,12.539999961853027,681200,False
EC,2021-04-06,12.649999618530273,12.930000305175781,12.579999923706055,12.600000381469727,12.579999923706055,752400,False
EC,2021-04-07,12.600000381469727,12.829999923706055,12.539999961853027,12.739999771118164,12.539999961853027,856700,False
EC,2021-04-08,12.59000015258789,12.720000267028809,12.539999961853027,12.59000015258789,12.539999961853027,1418100,False
EC,2021-04-09,12.619999885559082,12.619999885559082,12.34000015258789,12.399999618530273,12.34000015258789,758200,False
EC,2021-04-12,12.510000228881836,12.609999656677246,12.4399995803833,12.449999809265137,12.4399995803833,377100,False
EC,2021-04-13,12.470000267028809,12.520000457763672,12.369999885559082,12.40999984741211,12.369999885559082,508800,False
EC,2021-04-14,12.520000457763672,12.850000381469727,12.520000457763672,12.760000228881836,12.520000457763672,804300,False
EC,2021-04-15,12.970000267028809,12.970000267028809,12.75,12.800000190734863,12.75,641200,False
EC,2021-04-16,12.8100004196167,12.890000343322754,12.770000457763672,12.850000381469727,12.770000457763672,955200,False
EC,2021-04-19,12.899999618530273,12.949999809265137,12.729999542236328,12.880000114440918,12.729999542236328,960400,False
EC,2021-04-20,12.720000267028809,12.75,12.350000381469727,12.4399995803833,12.350000381469727,1573700,False
EC,2021-04-21,12.210000038146973,12.529999732971191,12.210000038146973,12.510000228881836,12.210000038146973,1225500,False
EC,2021-04-22,12.529999732971191,12.550000190734863,12.34000015258789,12.399999618530273,12.34000015258789,726000,False
EC,2021-04-23,12.420000076293945,12.430000305175781,12.220000267028809,12.319999694824219,12.220000267028809,828800,False
EC,2021-04-26,12.25,12.510000228881836,12.25,12.34000015258789,12.25,919100,False
EC,2021-04-27,12.350000381469727,12.359999656677246,12.279999732971191,12.3100004196167,12.279999732971191,761000,False
EC,2021-04-28,12.380000114440918,12.6899995803833,12.369999885559082,12.65999984741211,12.369999885559082,1279800,False
EC,2021-04-29,12.789999961853027,12.819999694824219,12.5,12.510000228881836,12.5,560400,False
EC,2021-04-30,12.350000381469727,12.390000343322754,11.75,11.829999923706055,11.75,1631600,False
EC,2021-05-03,11.739999771118164,11.899999618530273,11.609999656677246,11.729999542236328,11.609999656677246,1440900,False
EC,2021-05-04,11.84000015258789,11.869999885559082,11.5600004196167,11.619999885559082,11.5600004196167,908600,False
EC,2021-05-05,11.760000228881836,11.979999542236328,11.670000076293945,11.880000114440918,11.670000076293945,987400,False
EC,2021-05-06,11.850000381469727,12.079999923706055,11.800000190734863,12.069999694824219,11.800000190734863,816300,False
EC,2021-05-07,12.020000457763672,12.279999732971191,12.010000228881836,12.239999771118164,12.010000228881836,865100,False
EC,2021-05-10,12.329999923706055,12.779999732971191,12.25,12.6899995803833,12.25,1276300,False
EC,2021-05-11,12.529999732971191,12.65999984741211,12.40999984741211,12.430000305175781,12.40999984741211,818000,False
EC,2021-05-12,12.420000076293945,12.789999961853027,12.369999885559082,12.670000076293945,12.369999885559082,1511000,False
EC,2021-05-13,12.550000190734863,12.729999542236328,12.279999732971191,12.359999656677246,12.279999732971191,972100,False
EC,2021-05-14,12.539999961853027,13.029999732971191,12.539999961853027,12.989999771118164,12.539999961853027,938600,False
EC,2021-05-17,12.890000343322754,13.0600004196167,12.739999771118164,13.029999732971191,12.739999771118164,1066100,False
EC,2021-05-18,13.029999732971191,13.270000457763672,12.779999732971191,12.789999961853027,12.779999732971191,1038500,False
EC,2021-05-19,12.539999961853027,12.800000190734863,12.420000076293945,12.710000038146973,12.420000076293945,1705200,False
EC,2021-05-20,12.579999923706055,12.600000381469727,12.279999732971191,12.460000038146973,12.279999732971191,1346000,False
EC,2021-05-21,12.569999694824219,12.640000343322754,12.15999984741211,12.15999984741211,12.15999984741211,1261300,False
EC,2021-05-24,12.270000457763672,12.3100004196167,12.15999984741211,12.300000190734863,12.15999984741211,397300,False
EC,2021-05-25,12.279999732971191,12.3100004196167,11.970000267028809,11.970000267028809,11.970000267028809,759100,False
EC,2021-05-26,11.850000381469727,11.930000305175781,11.760000228881836,11.8100004196167,11.760000228881836,742300,False
EC,2021-05-27,11.84000015258789,11.880000114440918,11.520000457763672,11.699999809265137,11.520000457763672,1251000,False
EC,2021-05-28,11.8100004196167,12.020000457763672,11.760000228881836,11.9399995803833,11.760000228881836,760800,False
EC,2021-06-01,12.130000114440918,12.470000267028809,12.130000114440918,12.4399995803833,12.130000114440918,1445600,False
EC,2021-06-02,12.460000038146973,12.899999618530273,12.420000076293945,12.789999961853027,12.420000076293945,1873500,False
EC,2021-06-03,12.670000076293945,12.9399995803833,12.670000076293945,12.859999656677246,12.670000076293945,777700,False
EC,2021-06-04,13.0,13.100000381469727,12.890000343322754,13.039999961853027,12.890000343322754,781100,False
EC,2021-06-07,13.069999694824219,13.359999656677246,12.829999923706055,13.34000015258789,12.829999923706055,1449400,False
EC,2021-06-08,13.289999961853027,13.3100004196167,13.069999694824219,13.289999961853027,13.069999694824219,986400,False
EC,2021-06-09,13.300000190734863,13.460000038146973,13.079999923706055,13.119999885559082,13.079999923706055,879000,False
EC,2021-06-10,13.270000457763672,13.369999885559082,13.149999618530273,13.180000305175781,13.149999618530273,898300,False
EC,2021-06-11,13.239999771118164,13.270000457763672,13.039999961853027,13.109999656677246,13.039999961853027,319300,False
EC,2021-06-14,13.1899995803833,13.449999809265137,13.119999885559082,13.149999618530273,13.119999885559082,382400,False
EC,2021-06-15,13.199999809265137,13.210000038146973,12.949999809265137,13.210000038146973,12.949999809265137,1100400,False
EC,2021-06-16,13.180000305175781,13.279999732971191,13.0,13.069999694824219,13.0,644100,False
EC,2021-06-17,12.970000267028809,13.050000190734863,12.609999656677246,12.770000457763672,12.609999656677246,1082500,False
EC,2021-06-18,12.520000457763672,12.75,12.520000457763672,12.6899995803833,12.520000457763672,1147600,False
EC,2021-06-21,12.84000015258789,13.210000038146973,12.800000190734863,13.130000114440918,12.800000190734863,1511100,False
EC,2021-06-22,13.130000114440918,13.210000038146973,12.859999656677246,13.15999984741211,12.859999656677246,859700,False
EC,2021-06-23,13.3100004196167,13.539999961853027,13.300000190734863,13.34000015258789,13.300000190734863,476000,False
EC,2021-06-24,13.609999656677246,14.800000190734863,13.5600004196167,14.680000305175781,13.5600004196167,2461200,True
EC,2021-06-25,14.670000076293945,14.869999885559082,14.579999923706055,14.84000015258789,14.579999923706055,1139300,False
EC,2021-06-28,14.869999885559082,14.869999885559082,14.4399995803833,14.579999923706055,14.4399995803833,976200,False
EC,2021-06-29,14.640000343322754,14.670000076293945,14.350000381469727,14.40999984741211,14.350000381469727,651200,False
EC,2021-06-30,14.460000038146973,14.65999984741211,14.420000076293945,14.619999885559082,14.420000076293945,443700,False
EC,2021-07-01,14.880000114440918,14.9399995803833,14.6899995803833,14.859999656677246,14.6899995803833,685000,False
EC,2021-07-02,14.789999961853027,15.350000381469727,14.640000343322754,15.220000267028809,14.640000343322754,849300,False
EC,2021-07-06,15.149999618530273,15.149999618530273,14.630000114440918,14.699999809265137,14.630000114440918,1025100,False
EC,2021-07-07,14.609999656677246,14.84000015258789,14.380000114440918,14.5600004196167,14.380000114440918,583900,False
EC,2021-07-08,14.270000457763672,14.479999542236328,14.210000038146973,14.329999923706055,14.210000038146973,1003200,False
EC,2021-07-09,14.470000267028809,14.5600004196167,14.319999694824219,14.479999542236328,14.319999694824219,738700,False
EC,2021-07-12,14.170000076293945,14.40999984741211,14.100000381469727,14.329999923706055,14.100000381469727,427100,False
EC,2021-07-13,14.359999656677246,14.359999656677246,14.170000076293945,14.199999809265137,14.170000076293945,471000,False
EC,2021-07-14,14.260000228881836,14.399999618530273,13.890000343322754,13.920000076293945,13.890000343322754,837100,False
EC,2021-07-15,13.8100004196167,13.979999542236328,13.40999984741211,13.4399995803833,13.40999984741211,1822100,False
EC,2021-07-16,13.550000190734863,13.5600004196167,13.229999542236328,13.289999961853027,13.229999542236328,1256400,False
EC,2021-07-19,12.90999984741211,13.100000381469727,12.65999984741211,12.770000457763672,12.65999984741211,1597800,False
EC,2021-07-20,12.670000076293945,12.8100004196167,12.420000076293945,12.710000038146973,12.420000076293945,866400,False
EC,2021-07-21,12.930000305175781,13.25,12.899999618530273,13.1899995803833,12.899999618530273,1168400,False
EC,2021-07-22,13.170000076293945,13.270000457763672,13.039999961853027,13.15999984741211,13.039999961853027,821200,False
EC,2021-07-23,13.210000038146973,13.210000038146973,12.819999694824219,13.0600004196167,12.819999694824219,1040100,False
EC,2021-07-26,13.039999961853027,13.420000076293945,13.039999961853027,13.350000381469727,13.039999961853027,736500,False
EC,2021-07-27,13.350000381469727,13.350000381469727,13.15999984741211,13.239999771118164,13.15999984741211,517500,False
EC,2021-07-28,13.34000015258789,13.579999923706055,13.180000305175781,13.510000228881836,13.180000305175781,525900,False
EC,2021-07-29,13.6899995803833,13.90999984741211,13.600000381469727,13.75,13.600000381469727,507800,False
EC,2021-07-30,13.829999923706055,13.829999923706055,13.399999618530273,13.510000228881836,13.399999618530273,608500,False
EC,2021-08-02,13.65999984741211,13.819999694824219,13.25,13.270000457763672,13.25,981300,False
EC,2021-08-03,13.199999809265137,13.390000343322754,12.760000228881836,13.390000343322754,12.760000228881836,1219800,False
EC,2021-08-04,13.369999885559082,13.75,12.989999771118164,13.109999656677246,12.989999771118164,882000,False
EC,2021-08-05,13.130000114440918,13.229999542236328,12.850000381469727,12.890000343322754,12.850000381469727,1232400,False
EC,2021-08-06,12.920000076293945,12.989999771118164,12.699999809265137,12.770000457763672,12.699999809265137,961800,False
EC,2021-08-09,12.59000015258789,12.899999618530273,12.5,12.880000114440918,12.5,880600,False
EC,2021-08-10,12.989999771118164,13.180000305175781,12.979999542236328,13.140000343322754,12.979999542236328,569600,False
EC,2021-08-11,13.029999732971191,13.329999923706055,13.029999732971191,13.3100004196167,13.029999732971191,427800,False
EC,2021-08-12,13.449999809265137,13.630000114440918,13.34000015258789,13.529999732971191,13.34000015258789,1309000,False
EC,2021-08-13,13.449999809265137,13.6899995803833,13.359999656677246,13.380000114440918,13.359999656677246,1283100,False
EC,2021-08-16,13.15999984741211,13.15999984741211,12.850000381469727,13.010000228881836,12.850000381469727,928400,False
EC,2021-08-17,12.880000114440918,13.1899995803833,12.819999694824219,13.130000114440918,12.819999694824219,1289200,False
EC,2021-08-18,13.130000114440918,13.539999961853027,13.130000114440918,13.220000267028809,13.130000114440918,1753100,False
EC,2021-08-19,12.960000038146973,13.0600004196167,12.6899995803833,12.960000038146973,12.6899995803833,1963900,False
EC,2021-08-20,12.779999732971191,13.140000343322754,12.75,13.079999923706055,12.75,823400,False
EC,2021-08-23,13.399999618530273,13.619999885559082,13.279999732971191,13.609999656677246,13.279999732971191,698000,False
EC,2021-08-24,13.789999961853027,13.970000267028809,13.699999809265137,13.859999656677246,13.699999809265137,654900,False
EC,2021-08-25,13.829999923706055,13.920000076293945,13.739999771118164,13.899999618530273,13.739999771118164,768800,False
EC,2021-08-26,13.829999923706055,13.84000015258789,13.550000190734863,13.579999923706055,13.550000190734863,443300,False
EC,2021-08-27,13.739999771118164,14.010000228881836,13.739999771118164,13.9399995803833,13.739999771118164,712200,False
EC,2021-08-30,14.039999961853027,14.039999961853027,13.6899995803833,13.850000381469727,13.6899995803833,536500,False
EC,2021-08-31,13.729999542236328,14.020000457763672,13.729999542236328,13.960000038146973,13.729999542236328,650500,False
EC,2021-09-01,13.9399995803833,14.020000457763672,13.779999732971191,13.789999961853027,13.779999732971191,626800,False
EC,2021-09-02,13.899999618530273,14.149999618530273,13.899999618530273,14.069999694824219,13.899999618530273,560900,False
EC,2021-09-03,14.119999885559082,14.130000114440918,13.760000228881836,13.829999923706055,13.760000228881836,594400,False
EC,2021-09-07,13.649999618530273,13.899999618530273,13.649999618530273,13.6899995803833,13.649999618530273,708800,False
EC,2021-09-08,13.720000267028809,13.819999694824219,13.470000267028809,13.479999542236328,13.470000267028809,997900,False
EC,2021-09-09,13.539999961853027,13.539999961853027,13.210000038146973,13.329999923706055,13.210000038146973,868400,False
EC,2021-09-10,13.380000114440918,13.59000015258789,13.210000038146973,13.260000228881836,13.210000038146973,1126800,False
EC,2021-09-13,13.420000076293945,13.59000015258789,13.369999885559082,13.470000267028809,13.369999885559082,1032500,False
EC,2021-09-14,13.65999984741211,13.65999984741211,13.170000076293945,13.279999732971191,13.170000076293945,1047000,False
EC,2021-09-15,13.289999961853027,13.800000190734863,13.289999961853027,13.670000076293945,13.289999961853027,1136300,False
EC,2021-09-16,13.630000114440918,13.680000305175781,13.359999656677246,13.670000076293945,13.359999656677246,917800,False
EC,2021-09-17,13.510000228881836,13.600000381469727,13.319999694824219,13.329999923706055,13.319999694824219,1076200,False
EC,2021-09-20,13.050000190734863,13.180000305175781,12.960000038146973,13.079999923706055,12.960000038146973,1209800,False
EC,2021-09-21,13.210000038146973,13.229999542236328,13.050000190734863,13.140000343322754,13.050000190734863,668500,False
EC,2021-09-22,13.319999694824219,13.460000038146973,13.220000267028809,13.329999923706055,13.220000267028809,743100,False
EC,2021-09-23,13.399999618530273,13.600000381469727,13.390000343322754,13.5,13.390000343322754,523900,False
EC,2021-09-24,13.430000305175781,13.449999809265137,13.229999542236328,13.239999771118164,13.229999542236328,349600,False
EC,2021-09-27,13.449999809265137,14.069999694824219,13.40999984741211,13.960000038146973,13.40999984741211,2133600,False
EC,2021-09-28,14.119999885559082,14.420000076293945,13.930000305175781,14.0600004196167,13.930000305175781,1261100,False
EC,2021-09-29,14.029999732971191,14.210000038146973,13.979999542236328,14.100000381469727,13.979999542236328,484500,False
EC,2021-09-30,14.119999885559082,14.380000114440918,14.010000228881836,14.350000381469727,14.010000228881836,1197900,False
EC,2021-10-01,14.460000038146973,14.75,14.420000076293945,14.630000114440918,14.420000076293945,867200,False
EC,2021-10-04,14.680000305175781,15.0600004196167,14.680000305175781,14.920000076293945,14.680000305175781,1104400,False
EC,2021-10-05,15.100000381469727,15.119999885559082,14.880000114440918,14.880000114440918,14.880000114440918,597100,False
EC,2021-10-06,14.859999656677246,14.859999656677246,14.5,14.819999694824219,14.5,950500,False
EC,2021-10-07,14.84000015258789,15.300000190734863,14.84000015258789,15.170000076293945,14.84000015258789,731400,False
EC,2021-10-08,15.300000190734863,15.550000190734863,15.25,15.489999771118164,15.25,619600,False
EC,2021-10-11,15.770000457763672,15.90999984741211,15.619999885559082,15.640000343322754,15.619999885559082,482200,False
EC,2021-10-12,15.59000015258789,15.8100004196167,15.529999732971191,15.619999885559082,15.529999732971191,468000,False
EC,2021-10-13,15.579999923706055,15.699999809265137,15.420000076293945,15.539999961853027,15.420000076293945,562300,False
EC,2021-10-14,15.699999809265137,15.760000228881836,15.4399995803833,15.479999542236328,15.4399995803833,366200,False
EC,2021-10-15,15.569999694824219,15.75,15.5,15.6899995803833,15.5,623100,False
EC,2021-10-18,15.760000228881836,15.890000343322754,15.420000076293945,15.449999809265137,15.420000076293945,460000,False
EC,2021-10-19,15.470000267028809,15.720000267028809,15.470000267028809,15.640000343322754,15.470000267028809,478500,False
EC,2021-10-20,15.649999618530273,15.699999809265137,15.520000457763672,15.550000190734863,15.520000457763672,644000,False
EC,2021-10-21,15.3100004196167,15.449999809265137,15.15999984741211,15.3100004196167,15.15999984741211,832100,False
EC,2021-10-22,15.319999694824219,15.390000343322754,15.199999809265137,15.319999694824219,15.199999809265137,719900,False
EC,2021-10-25,15.4399995803833,15.5600004196167,15.170000076293945,15.300000190734863,15.170000076293945,1079100,False
EC,2021-10-26,15.260000228881836,15.399999618530273,15.170000076293945,15.380000114440918,15.170000076293945,736000,False
EC,2021-10-27,15.289999961853027,15.539999961853027,15.170000076293945,15.220000267028809,15.170000076293945,673500,False
EC,2021-10-28,15.109999656677246,15.329999923706055,15.100000381469727,15.25,15.100000381469727,468800,False
EC,2021-10-29,15.109999656677246,15.180000305175781,14.890000343322754,15.149999618530273,14.890000343322754,1102300,False
EC,2021-11-01,15.199999809265137,15.6899995803833,15.15999984741211,15.199999809265137,15.15999984741211,408200,False
EC,2021-11-02,15.0600004196167,15.210000038146973,14.949999809265137,14.979999542236328,14.949999809265137,558700,False
EC,2021-11-03,14.890000343322754,15.039999961853027,14.84000015258789,14.970000267028809,14.84000015258789,785500,False
EC,2021-11-04,15.180000305175781,15.430000305175781,14.819999694824219,14.869999885559082,14.819999694824219,698500,False
EC,2021-11-05,15.010000228881836,15.010000228881836,14.800000190734863,14.890000343322754,14.800000190734863,601300,False
EC,2021-11-08,14.979999542236328,15.119999885559082,14.899999618530273,15.119999885559082,14.899999618530273,721900,False
EC,2021-11-09,15.279999732971191,15.279999732971191,14.930000305175781,15.1899995803833,14.930000305175781,831500,False
EC,2021-11-10,15.380000114440918,15.399999618530273,14.710000038146973,14.75,14.710000038146973,655600,False
EC,2021-11-11,14.819999694824219,15.029999732971191,14.65999984741211,14.789999961853027,14.65999984741211,732500,False
EC,2021-11-12,14.649999618530273,14.789999961853027,14.539999961853027,14.609999656677246,14.539999961853027,420300,False
EC,2021-11-15,14.59000015258789,14.630000114440918,14.399999618530273,14.539999961853027,14.399999618530273,666900,False
EC,2021-11-16,14.510000228881836,14.569999694824219,14.239999771118164,14.239999771118164,14.239999771118164,722300,False
EC,2021-11-17,14.199999809265137,14.3100004196167,13.859999656677246,13.899999618530273,13.859999656677246,993000,False
EC,2021-11-18,13.819999694824219,14.0,13.65999984741211,13.930000305175781,13.65999984741211,1124500,False
EC,2021-11-19,13.6899995803833,13.850000381469727,13.479999542236328,13.529999732971191,13.479999542236328,1068200,False
EC,2021-11-22,13.579999923706055,13.670000076293945,13.369999885559082,13.369999885559082,13.369999885559082,693200,False
EC,2021-11-23,13.470000267028809,13.569999694824219,13.40999984741211,13.529999732971191,13.40999984741211,711000,False
EC,2021-11-24,13.489999771118164,13.5600004196167,13.399999618530273,13.479999542236328,13.399999618530273,269200,False
EC,2021-11-26,12.979999542236328,13.010000228881836,12.4399995803833,12.8100004196167,12.4399995803833,888600,False
EC,2021-11-29,13.210000038146973,13.279999732971191,12.720000267028809,12.789999961853027,12.720000267028809,1123400,False
EC,2021-11-30,12.569999694824219,12.949999809265137,12.569999694824219,12.850000381469727,12.569999694824219,1775200,False
EC,2021-12-01,13.170000076293945,13.720000267028809,12.970000267028809,13.050000190734863,12.970000267028809,1108100,False
EC,2021-12-02,13.069999694824219,13.550000190734863,13.069999694824219,13.430000305175781,13.069999694824219,1134000,False
EC,2021-12-03,13.609999656677246,13.729999542236328,13.380000114440918,13.449999809265137,13.380000114440918,718200,False
EC,2021-12-06,13.6899995803833,13.850000381469727,13.539999961853027,13.670000076293945,13.539999961853027,673400,False
EC,2021-12-07,13.789999961853027,14.0600004196167,13.789999961853027,13.930000305175781,13.789999961853027,602400,False
EC,2021-12-08,13.899999618530273,14.170000076293945,13.869999885559082,14.130000114440918,13.869999885559082,395100,False
EC,2021-12-09,13.970000267028809,14.050000190734863,13.829999923706055,13.920000076293945,13.829999923706055,444300,False
EC,2021-12-10,14.09000015258789,14.09000015258789,13.819999694824219,13.960000038146973,13.819999694824219,468000,False
EC,2021-12-13,13.880000114440918,13.920000076293945,13.489999771118164,13.5,13.489999771118164,558600,False
EC,2021-12-14,13.430000305175781,13.479999542236328,13.069999694824219,13.100000381469727,13.069999694824219,497300,False
EC,2021-12-15,13.069999694824219,13.130000114440918,12.84000015258789,12.989999771118164,12.84000015258789,743800,False
EC,2021-12-16,12.699999809265137,13.079999923706055,12.699999809265137,13.020000457763672,12.699999809265137,912200,False
EC,2021-12-17,12.880000114440918,13.40999984741211,12.859999656677246,13.140000343322754,12.859999656677246,1279000,False
EC,2021-12-20,12.899999618530273,12.989999771118164,12.789999961853027,12.84000015258789,12.789999961853027,776400,False
EC,2021-12-21,12.979999542236328,13.15999984741211,12.880000114440918,13.0,12.880000114440918,414300,False
EC,2021-12-22,12.979999542236328,13.270000457763672,12.920000076293945,13.25,12.920000076293945,371500,False
EC,2021-12-23,13.369999885559082,13.449999809265137,13.079999923706055,13.130000114440918,13.079999923706055,545300,False
EC,2021-12-27,13.100000381469727,13.470000267028809,13.09000015258789,13.470000267028809,13.09000015258789,425400,False
EC,2021-12-28,13.520000457763672,13.680000305175781,13.359999656677246,13.420000076293945,13.359999656677246,361500,False
EC,2021-12-29,13.40999984741211,13.449999809265137,13.130000114440918,13.229999542236328,13.130000114440918,350100,False
EC,2021-12-30,13.329999923706055,13.4399995803833,13.010000228881836,13.020000457763672,13.010000228881836,367900,False
EC,2021-12-31,13.039999961853027,13.079999923706055,12.859999656677246,12.890000343322754,12.859999656677246,558700,False
EC,2022-01-03,12.960000038146973,13.40999984741211,12.960000038146973,13.390000343322754,12.960000038146973,454200,False
EC,2022-01-04,13.5,13.59000015258789,13.319999694824219,13.369999885559082,13.319999694824219,410500,False
EC,2022-01-05,13.470000267028809,13.640000343322754,13.069999694824219,13.079999923706055,13.069999694824219,618400,False
EC,2022-01-06,13.270000457763672,13.319999694824219,12.930000305175781,12.989999771118164,12.930000305175781,496000,False
EC,2022-01-07,13.069999694824219,13.369999885559082,12.890000343322754,13.359999656677246,12.890000343322754,615500,False
EC,2022-01-10,13.289999961853027,13.369999885559082,12.90999984741211,13.020000457763672,12.90999984741211,385900,False
EC,2022-01-11,13.050000190734863,13.819999694824219,13.039999961853027,13.770000457763672,13.039999961853027,536700,False
EC,2022-01-12,13.850000381469727,14.180000305175781,13.819999694824219,13.9399995803833,13.819999694824219,668200,False
EC,2022-01-13,13.989999771118164,14.100000381469727,13.84000015258789,14.0600004196167,13.84000015258789,840000,False
EC,2022-01-14,14.079999923706055,14.210000038146973,13.930000305175781,14.140000343322754,13.930000305175781,796500,False
EC,2022-01-18,14.479999542236328,15.0,14.479999542236328,14.829999923706055,14.479999542236328,1941700,False
EC,2022-01-19,14.829999923706055,15.359999656677246,14.829999923706055,14.930000305175781,14.829999923706055,1304200,False
EC,2022-01-20,14.789999961853027,14.9399995803833,14.539999961853027,14.550000190734863,14.539999961853027,975800,False
EC,2022-01-21,14.40999984741211,14.680000305175781,14.279999732971191,14.390000343322754,14.279999732971191,1740400,False
EC,2022-01-24,14.079999923706055,14.279999732971191,13.960000038146973,14.140000343322754,13.960000038146973,1438100,False
EC,2022-01-25,14.079999923706055,14.699999809265137,13.989999771118164,14.670000076293945,13.989999771118164,1384500,False
EC,2022-01-26,14.859999656677246,15.0,14.640000343322754,14.720000267028809,14.640000343322754,1027700,False
EC,2022-01-27,14.859999656677246,14.960000038146973,14.510000228881836,14.609999656677246,14.510000228881836,644200,False
EC,2022-01-28,14.569999694824219,14.770000457763672,14.399999618530273,14.649999618530273,14.399999618530273,929200,False
EC,2022-01-31,14.600000381469727,14.829999923706055,14.479999542236328,14.739999771118164,14.479999542236328,807300,False
EC,2022-02-01,14.710000038146973,14.880000114440918,14.609999656677246,14.720000267028809,14.609999656677246,1072200,False
EC,2022-02-02,14.640000343322754,14.8100004196167,14.579999923706055,14.699999809265137,14.579999923706055,446900,False
EC,2022-02-03,14.710000038146973,14.710000038146973,14.229999542236328,14.399999618530273,14.229999542236328,1171400,False
EC,2022-02-04,14.59000015258789,14.880000114440918,14.399999618530273,14.729999542236328,14.399999618530273,987300,False
EC,2022-02-07,14.720000267028809,14.880000114440918,14.569999694824219,14.829999923706055,14.569999694824219,781500,False
EC,2022-02-08,14.729999542236328,14.850000381469727,14.600000381469727,14.680000305175781,14.600000381469727,893500,False
EC,2022-02-09,14.800000190734863,14.859999656677246,14.649999618530273,14.6899995803833,14.649999618530273,516700,False
EC,2022-02-10,14.59000015258789,15.050000190734863,14.550000190734863,14.579999923706055,14.550000190734863,1501900,False
EC,2022-02-11,14.649999618530273,15.15999984741211,14.619999885559082,15.119999885559082,14.619999885559082,1760100,False
EC,2022-02-14,15.100000381469727,15.109999656677246,14.75,14.899999618530273,14.75,911500,False
EC,2022-02-15,14.65999984741211,14.8100004196167,14.550000190734863,14.789999961853027,14.550000190734863,1801400,False
EC,2022-02-16,14.890000343322754,15.449999809265137,14.819999694824219,15.319999694824219,14.819999694824219,2851100,False
EC,2022-02-17,15.359999656677246,15.40999984741211,15.130000114440918,15.329999923706055,15.130000114440918,769300,False
EC,2022-02-18,15.270000457763672,15.369999885559082,15.15999984741211,15.15999984741211,15.15999984741211,737500,False
EC,2022-02-22,15.520000457763672,15.680000305175781,15.270000457763672,15.40999984741211,15.270000457763672,2027400,False
EC,2022-02-23,15.510000228881836,15.739999771118164,15.359999656677246,15.600000381469727,15.359999656677246,985400,False
EC,2022-02-24,15.699999809265137,15.899999618530273,15.34000015258789,15.569999694824219,15.34000015258789,1441200,False
EC,2022-02-25,15.569999694824219,15.770000457763672,15.420000076293945,15.630000114440918,15.420000076293945,991000,False
EC,2022-02-28,15.479999542236328,16.190000534057617,15.479999542236328,16.170000076293945,15.479999542236328,1560700,False
EC,2022-03-01,16.450000762939453,17.139999389648438,16.350000381469727,16.56999969482422,16.350000381469727,1554000,False
EC,2022-03-02,16.670000076293945,17.209999084472656,16.3700008392334,16.639999389648438,16.3700008392334,1526900,False
EC,2022-03-03,16.549999237060547,17.15999984741211,16.450000762939453,17.110000610351562,16.450000762939453,1012900,False
EC,2022-03-04,17.149999618530273,17.540000915527344,17.040000915527344,17.520000457763672,17.040000915527344,1708500,False
EC,2022-03-07,17.56999969482422,17.899999618530273,17.489999771118164,17.889999389648438,17.489999771118164,2392200,False
EC,2022-03-08,18.239999771118164,18.399999618530273,17.43000030517578,18.020000457763672,17.43000030517578,2456000,False
EC,2022-03-09,17.510000228881836,17.850000381469727,17.280000686645508,17.559999465942383,17.280000686645508,1428400,False
EC,2022-03-10,17.6299991607666,17.90999984741211,17.530000686645508,17.65999984741211,17.530000686645508,2253000,False
EC,2022-03-11,17.479999542236328,17.989999771118164,17.43000030517578,17.81999969482422,17.43000030517578,1687500,False
EC,2022-03-14,17.65999984741211,17.719999313354492,16.790000915527344,16.889999389648438,16.790000915527344,2205000,False
EC,2022-03-15,16.34000015258789,16.719999313354492,15.949999809265137,16.670000076293945,15.949999809265137,1600600,False
EC,2022-03-16,16.75,16.989999771118164,16.3799991607666,16.65999984741211,16.3799991607666,1219000,False
EC,2022-03-17,16.989999771118164,17.520000457763672,16.950000762939453,17.510000228881836,16.950000762939453,1484500,False
EC,2022-03-18,17.440000534057617,17.450000762939453,17.040000915527344,17.170000076293945,17.040000915527344,1319100,False
EC,2022-03-21,17.440000534057617,18.09000015258789,17.440000534057617,17.979999542236328,17.440000534057617,1204100,False
EC,2022-03-22,18.049999237060547,18.049999237060547,17.649999618530273,17.850000381469727,17.649999618530273,791900,False
EC,2022-03-23,18.209999084472656,19.1299991607666,18.1200008392334,18.65999984741211,18.1200008392334,2529800,False
EC,2022-03-24,18.65999984741211,18.760000228881836,18.34000015258789,18.75,18.34000015258789,1136900,False
EC,2022-03-25,18.68000030517578,19.100000381469727,18.6299991607666,19.010000228881836,18.6299991607666,1047500,False
EC,2022-03-28,18.68000030517578,18.81999969482422,18.350000381469727,18.530000686645508,18.350000381469727,1160800,False
EC,2022-03-29,18.190000534057617,18.639999389648438,18.1299991607666,18.610000610351562,18.1299991607666,1419000,False
EC,2022-03-30,18.68000030517578,18.969999313354492,18.6299991607666,18.81999969482422,18.6299991607666,827900,False
EC,2022-03-31,18.530000686645508,18.75,18.420000076293945,18.600000381469727,18.420000076293945,1278100,False
EC,2022-04-01,18.790000915527344,19.079999923706055,18.6200008392334,18.93000030517578,18.6200008392334,1456900,False
EC,2022-04-04,18.959999084472656,19.350000381469727,18.860000610351562,19.010000228881836,18.860000610351562,737600,False
EC,2022-04-05,19.1200008392334,19.489999771118164,19.1200008392334,19.309999465942383,19.1200008392334,1144500,False
EC,2022-04-06,19.469999313354492,19.59000015258789,18.93000030517578,18.950000762939453,18.93000030517578,1044500,False
EC,2022-04-07,18.93000030517578,19.200000762939453,18.729999542236328,19.18000030517578,18.729999542236328,778800,False
EC,2022-04-08,19.270000457763672,19.350000381469727,19.040000915527344,19.1299991607666,19.040000915527344,1027900,False
EC,2022-04-11,19.1299991607666,19.139999389648438,18.780000686645508,18.81999969482422,18.780000686645508,886400,False
EC,2022-04-12,19.190000534057617,19.520000457763672,19.010000228881836,19.09000015258789,19.010000228881836,840300,False
EC,2022-04-13,19.260000228881836,19.459999084472656,18.950000762939453,19.280000686645508,18.950000762939453,1185100,False
EC,2022-04-14,19.309999465942383,19.670000076293945,19.079999923706055,19.649999618530273,19.079999923706055,1006900,False
EC,2022-04-18,19.739999771118164,19.809999465942383,19.149999618530273,19.34000015258789,19.149999618530273,1318700,False
EC,2022-04-19,17.899999618530273,17.979999542236328,17.56999969482422,17.860000610351562,17.56999969482422,1225600,False
EC,2022-04-20,17.920000076293945,18.059999465942383,17.719999313354492,18.040000915527344,17.719999313354492,860400,False
EC,2022-04-21,18.06999969482422,18.209999084472656,17.389999389648438,17.469999313354492,17.389999389648438,1164900,False
EC,2022-04-22,17.350000381469727,17.5,17.229999542236328,17.299999237060547,17.229999542236328,1002900,False
EC,2022-04-25,16.84000015258789,16.84000015258789,16.219999313354492,16.68000030517578,16.219999313354492,1593700,False
EC,2022-04-26,16.829999923706055,16.850000381469727,16.459999084472656,16.479999542236328,16.459999084472656,955500,False
EC,2022-04-27,16.530000686645508,16.760000228881836,16.200000762939453,16.719999313354492,16.200000762939453,1280800,False
EC,2022-04-28,16.760000228881836,16.760000228881836,16.25,16.68000030517578,16.25,803300,False
EC,2022-04-29,16.760000228881836,16.8700008392334,16.1299991607666,16.229999542236328,16.1299991607666,945300,False
EC,2022-05-02,16.049999237060547,16.239999771118164,15.880000114440918,16.15999984741211,15.880000114440918,1208400,False
EC,2022-05-03,16.209999084472656,16.549999237060547,16.06999969482422,16.479999542236328,16.06999969482422,1545600,False
EC,2022-05-04,16.850000381469727,17.100000381469727,16.360000610351562,17.049999237060547,16.360000610351562,2511700,False
EC,2022-05-05,17.200000762939453,17.200000762939453,16.209999084472656,16.34000015258789,16.209999084472656,1145200,False
EC,2022-05-06,16.43000030517578,16.43000030517578,16.040000915527344,16.25,16.040000915527344,771800,False
EC,2022-05-09,16.0,16.040000915527344,15.079999923706055,15.100000381469727,15.079999923706055,1378700,False
EC,2022-05-10,15.319999694824219,15.550000190734863,14.8100004196167,15.15999984741211,14.8100004196167,1015800,False
EC,2022-05-11,15.59000015258789,15.59000015258789,15.010000228881836,15.119999885559082,15.010000228881836,1025700,False
EC,2022-05-12,15.079999923706055,15.180000305175781,14.699999809265137,14.920000076293945,14.699999809265137,959200,False
EC,2022-05-13,15.069999694824219,15.260000228881836,14.989999771118164,15.149999618530273,14.989999771118164,994400,False
EC,2022-05-16,15.100000381469727,15.520000457763672,15.100000381469727,15.350000381469727,15.100000381469727,1311700,False
EC,2022-05-17,15.579999923706055,15.579999923706055,15.329999923706055,15.390000343322754,15.329999923706055,1313800,False
EC,2022-05-18,15.399999618530273,15.449999809265137,14.100000381469727,14.170000076293945,14.100000381469727,2084200,True
EC,2022-05-19,14.0,14.489999771118164,13.890000343322754,13.890000343322754,13.890000343322754,2048400,False
EC,2022-05-20,14.109999656677246,14.369999885559082,13.8100004196167,14.180000305175781,13.8100004196167,1341600,False
EC,2022-05-23,14.329999923706055,14.699999809265137,14.15999984741211,14.630000114440918,14.15999984741211,1157400,False
EC,2022-05-24,14.520000457763672,14.630000114440918,14.279999732971191,14.59000015258789,14.279999732971191,1075600,False
EC,2022-05-25,14.600000381469727,14.9399995803833,14.600000381469727,14.930000305175781,14.600000381469727,1383200,False
EC,2022-05-26,14.949999809265137,15.279999732971191,14.949999809265137,15.09000015258789,14.949999809265137,1464300,False
EC,2022-05-27,15.069999694824219,15.319999694824219,14.899999618530273,15.3100004196167,14.899999618530273,1409500,False
EC,2022-05-31,16.780000686645508,17.559999465942383,16.56999969482422,16.899999618530273,16.56999969482422,3414500,True
EC,2022-06-01,17.1299991607666,17.399999618530273,17.020000457763672,17.31999969482422,17.020000457763672,1483900,False
EC,2022-06-02,17.309999465942383,17.309999465942383,17.020000457763672,17.219999313354492,17.020000457763672,900900,False
EC,2022-06-03,17.149999618530273,17.549999237060547,17.100000381469727,17.469999313354492,17.100000381469727,1096000,False
EC,2022-06-06,17.520000457763672,17.549999237060547,17.190000534057617,17.209999084472656,17.190000534057617,1142900,False
EC,2022-06-07,17.149999618530273,17.440000534057617,17.1299991607666,17.43000030517578,17.1299991607666,862500,False
EC,2022-06-08,17.56999969482422,17.600000381469727,17.049999237060547,17.079999923706055,17.049999237060547,1577600,False
EC,2022-06-09,16.940000534057617,16.979999542236328,16.43000030517578,16.459999084472656,16.43000030517578,980000,False
EC,2022-06-10,16.170000076293945,16.219999313354492,15.779999732971191,15.930000305175781,15.779999732971191,1086500,False
EC,2022-06-13,15.720000267028809,15.930000305175781,14.84000015258789,15.09000015258789,14.84000015258789,1367000,False
EC,2022-06-14,15.279999732971191,15.489999771118164,14.720000267028809,14.920000076293945,14.720000267028809,1366000,False
EC,2022-06-15,14.960000038146973,15.0600004196167,14.59000015258789,14.850000381469727,14.59000015258789,1075700,False
EC,2022-06-16,14.479999542236328,14.579999923706055,14.15999984741211,14.380000114440918,14.15999984741211,1454100,False
EC,2022-06-17,14.119999885559082,14.380000114440918,13.59000015258789,13.680000305175781,13.59000015258789,5979500,False
EC,2022-06-21,12.449999809265137,12.75,11.75,12.180000305175781,11.75,4664500,True
EC,2022-06-22,11.75,11.760000228881836,11.449999809265137,11.539999961853027,11.449999809265137,3120900,False
EC,2022-06-23,11.529999732971191,11.699999809265137,10.800000190734863,10.819999694824219,10.800000190734863,3305900,False
EC,2022-06-24,10.930000305175781,11.239999771118164,10.779999732971191,11.029999732971191,10.779999732971191,1875400,False
EC,2022-06-27,11.300000190734863,11.970000267028809,11.260000228881836,11.770000457763672,11.260000228881836,2901300,False
EC,2022-06-28,11.09000015258789,11.539999961853027,11.010000228881836,11.479999542236328,11.010000228881836,3058800,False
EC,2022-06-29,11.59000015258789,11.6899995803833,11.050000190734863,11.069999694824219,11.050000190734863,2567000,False
EC,2022-06-30,11.0,11.140000343322754,10.670000076293945,10.859999656677246,10.670000076293945,1655500,False
EC,2022-07-01,10.829999923706055,11.079999923706055,10.539999961853027,11.079999923706055,10.539999961853027,1286800,False
EC,2022-07-05,10.859999656677246,10.989999771118164,9.930000305175781,10.1899995803833,9.930000305175781,1721100,True
EC,2022-07-06,10.109999656677246,10.119999885559082,9.59000015258789,9.890000343322754,9.59000015258789,1346600,False
EC,2022-07-07,10.130000114440918,10.420000076293945,10.130000114440918,10.300000190734863,10.130000114440918,1094800,False
EC,2022-07-08,10.369999885559082,10.5,10.130000114440918,10.380000114440918,10.130000114440918,1009100,False
EC,2022-07-11,10.149999618530273,10.180000305175781,9.90999984741211,10.0600004196167,9.90999984741211,1275000,False
EC,2022-07-12,9.84000015258789,10.119999885559082,9.75,9.960000038146973,9.75,1666800,False
EC,2022-07-13,9.8100004196167,10.15999984741211,9.800000190734863,10.050000190734863,9.800000190734863,891600,False
EC,2022-07-14,9.729999542236328,9.75,9.34000015258789,9.520000457763672,9.34000015258789,1891600,False
EC,2022-07-15,9.670000076293945,9.789999961853027,9.489999771118164,9.579999923706055,9.489999771118164,1886000,False
EC,2022-07-18,9.800000190734863,9.989999771118164,9.710000038146973,9.800000190734863,9.710000038146973,1882500,False
EC,2022-07-19,9.850000381469727,10.229999542236328,9.850000381469727,10.199999809265137,9.850000381469727,1836500,False
EC,2022-07-20,10.15999984741211,10.25,9.9399995803833,10.180000305175781,9.9399995803833,1032800,False
EC,2022-07-21,9.930000305175781,9.960000038146973,9.529999732971191,9.699999809265137,9.529999732971191,1376900,False
EC,2022-07-22,9.649999618530273,9.720000267028809,9.3100004196167,9.329999923706055,9.3100004196167,1314800,False
EC,2022-07-25,9.420000076293945,9.770000457763672,9.359999656677246,9.739999771118164,9.359999656677246,2003300,False
EC,2022-07-26,9.970000267028809,10.149999618530273,9.819999694824219,9.920000076293945,9.819999694824219,1670900,False
EC,2022-07-27,9.970000267028809,10.1899995803833,9.710000038146973,10.180000305175781,9.710000038146973,1977100,False
EC,2022-07-28,10.34000015258789,10.430000305175781,10.020000457763672,10.390000343322754,10.020000457763672,1693500,False
EC,2022-07-29,10.579999923706055,10.960000038146973,10.579999923706055,10.739999771118164,10.579999923706055,1695500,False
EC,2022-08-01,10.630000114440918,10.720000267028809,10.390000343322754,10.520000457763672,10.390000343322754,1219000,False
EC,2022-08-02,10.59000015258789,10.770000457763672,10.510000228881836,10.600000381469727,10.510000228881836,1892700,False
EC,2022-08-03,10.600000381469727,10.640000343322754,10.329999923706055,10.579999923706055,10.329999923706055,1635900,False
EC,2022-08-04,10.710000038146973,10.779999732971191,10.09000015258789,10.15999984741211,10.09000015258789,1942100,False
EC,2022-08-05,10.15999984741211,10.319999694824219,10.100000381469727,10.3100004196167,10.100000381469727,1185300,False
EC,2022-08-08,10.380000114440918,10.829999923706055,10.380000114440918,10.699999809265137,10.380000114440918,1535200,False
EC,2022-08-09,10.850000381469727,11.0,10.739999771118164,10.779999732971191,10.739999771118164,1118900,False
EC,2022-08-10,10.90999984741211,10.920000076293945,10.699999809265137,10.800000190734863,10.699999809265137,1136800,False
EC,2022-08-11,11.0,11.140000343322754,10.930000305175781,10.989999771118164,10.930000305175781,999600,False
EC,2022-08-12,10.890000343322754,11.239999771118164,10.880000114440918,11.220000267028809,10.880000114440918,869500,False
EC,2022-08-15,10.789999961853027,10.819999694824219,10.460000038146973,10.779999732971191,10.460000038146973,990900,False
EC,2022-08-16,10.850000381469727,10.949999809265137,10.609999656677246,10.609999656677246,10.609999656677246,1501800,False
EC,2022-08-17,10.550000190734863,10.65999984741211,10.369999885559082,10.4399995803833,10.369999885559082,1105100,False
EC,2022-08-18,10.59000015258789,10.600000381469727,10.399999618530273,10.59000015258789,10.399999618530273,1365800,False
EC,2022-08-19,10.470000267028809,10.569999694824219,10.359999656677246,10.399999618530273,10.359999656677246,999000,False
EC,2022-08-22,10.289999961853027,10.520000457763672,10.170000076293945,10.510000228881836,10.170000076293945,1003700,False
EC,2022-08-23,10.600000381469727,11.140000343322754,10.529999732971191,11.130000114440918,10.529999732971191,1902900,False
EC,2022-08-24,11.149999618530273,11.359999656677246,11.020000457763672,11.210000038146973,11.020000457763672,883000,False
EC,2022-08-25,11.1899995803833,11.239999771118164,10.899999618530273,11.199999809265137,10.899999618530273,892200,False
EC,2022-08-26,11.119999885559082,11.279999732971191,10.869999885559082,10.970000267028809,10.869999885559082,836900,False
EC,2022-08-29,10.960000038146973,11.369999885559082,10.920000076293945,11.3100004196167,10.920000076293945,1056000,False
EC,2022-08-30,11.100000381469727,11.149999618530273,10.630000114440918,10.729999542236328,10.630000114440918,1217000,False
EC,2022-08-31,10.520000457763672,10.680000305175781,10.270000457763672,10.3100004196167,10.270000457763672,1631800,False
EC,2022-09-01,10.25,10.25,9.779999732971191,9.859999656677246,9.779999732971191,1385100,False
EC,2022-09-02,10.09000015258789,10.350000381469727,9.989999771118164,10.350000381469727,9.989999771118164,1125400,False
EC,2022-09-06,10.550000190734863,10.609999656677246,10.359999656677246,10.390000343322754,10.359999656677246,1286000,False
EC,2022-09-07,10.25,10.40999984741211,10.039999961853027,10.380000114440918,10.039999961853027,1031200,False
EC,2022-09-08,10.34000015258789,10.510000228881836,10.130000114440918,10.239999771118164,10.130000114440918,932100,False
EC,2022-09-09,10.4399995803833,10.829999923706055,10.3100004196167,10.770000457763672,10.3100004196167,1031100,False
EC,2022-09-12,10.960000038146973,11.260000228881836,10.9399995803833,11.029999732971191,10.9399995803833,906800,False
EC,2022-09-13,10.770000457763672,10.970000267028809,10.729999542236328,10.8100004196167,10.729999542236328,1258100,False
EC,2022-09-14,10.890000343322754,11.1899995803833,10.859999656677246,11.020000457763672,10.859999656677246,944300,False
EC,2022-09-15,10.800000190734863,10.829999923706055,10.369999885559082,10.420000076293945,10.369999885559082,1267200,False
EC,2022-09-16,10.300000190734863,10.329999923706055,9.989999771118164,10.25,9.989999771118164,1774900,False
EC,2022-09-19,9.989999771118164,10.399999618530273,9.920000076293945,10.399999618530273,9.920000076293945,998900,False
EC,2022-09-20,10.300000190734863,10.319999694824219,10.029999732971191,10.050000190734863,10.029999732971191,949700,False
EC,2022-09-21,10.039999961853027,10.210000038146973,9.829999923706055,9.869999885559082,9.829999923706055,1026200,False
EC,2022-09-22,10.039999961853027,10.270000457763672,9.970000267028809,10.069999694824219,9.970000267028809,1074400,False
EC,2022-09-23,9.789999961853027,9.789999961853027,9.119999885559082,9.1899995803833,9.119999885559082,2243700,True
EC,2022-09-26,9.100000381469727,9.260000228881836,8.59000015258789,8.640000343322754,8.59000015258789,1711800,False
EC,2022-09-27,8.8100004196167,9.199999809265137,8.75,8.850000381469727,8.75,1421400,False
EC,2022-09-28,8.90999984741211,9.180000305175781,8.829999923706055,9.15999984741211,8.829999923706055,1415000,False
EC,2022-09-29,9.050000190734863,9.199999809265137,8.760000228881836,9.180000305175781,8.760000228881836,939000,False
EC,2022-09-30,9.149999618530273,9.180000305175781,8.90999984741211,8.930000305175781,8.90999984741211,1239300,False
EC,2022-10-03,9.380000114440918,9.640000343322754,9.34000015258789,9.630000114440918,9.34000015258789,1696100,False
EC,2022-10-04,9.84000015258789,10.260000228881836,9.789999961853027,10.239999771118164,9.789999961853027,1641100,False
EC,2022-10-05,10.199999809265137,10.260000228881836,9.890000343322754,10.1899995803833,9.890000343322754,1566000,False
EC,2022-10-06,10.109999656677246,10.3100004196167,10.010000228881836,10.279999732971191,10.010000228881836,1082500,False
EC,2022-10-07,10.300000190734863,10.449999809265137,10.119999885559082,10.199999809265137,10.119999885559082,1062700,False
EC,2022-10-10,10.220000267028809,10.260000228881836,9.710000038146973,9.770000457763672,9.710000038146973,1166400,False
EC,2022-10-11,9.609999656677246,9.770000457763672,9.390000343322754,9.5,9.390000343322754,1368500,False
EC,2022-10-12,9.420000076293945,9.510000228881836,9.279999732971191,9.359999656677246,9.279999732971191,1380300,False
EC,2022-10-13,9.260000228881836,9.819999694824219,9.199999809265137,9.710000038146973,9.199999809265137,1640000,False
EC,2022-10-14,9.699999809265137,9.699999809265137,9.149999618530273,9.15999984741211,9.149999618530273,999800,False
EC,2022-10-17,9.289999961853027,9.569999694824219,9.149999618530273,9.399999618530273,9.149999618530273,861900,False
EC,2022-10-18,9.479999542236328,9.5,9.199999809265137,9.399999618530273,9.199999809265137,1487200,False
EC,2022-10-19,9.430000305175781,9.760000228881836,9.399999618530273,9.59000015258789,9.399999618530273,1808000,False
EC,2022-10-20,9.720000267028809,9.829999923706055,9.380000114440918,9.390000343322754,9.380000114440918,1680400,False
EC,2022-10-21,9.380000114440918,9.630000114440918,9.319999694824219,9.569999694824219,9.319999694824219,3345900,False
EC,2022-10-24,9.520000457763672,9.550000190734863,9.229999542236328,9.319999694824219,9.229999542236328,2261300,False
EC,2022-10-25,9.260000228881836,9.420000076293945,9.170000076293945,9.220000267028809,9.170000076293945,1611900,False
EC,2022-10-26,9.229999542236328,9.600000381469727,9.199999809265137,9.369999885559082,9.199999809265137,1899000,False
EC,2022-10-27,9.569999694824219,9.779999732971191,9.550000190734863,9.619999885559082,9.550000190734863,1207300,False
EC,2022-10-28,9.739999771118164,10.020000457763672,9.729999542236328,9.869999885559082,9.729999542236328,2547100,False
EC,2022-10-31,9.699999809265137,10.069999694824219,9.649999618530273,9.859999656677246,9.649999618530273,1419600,False
EC,2022-11-01,10.210000038146973,10.380000114440918,10.119999885559082,10.1899995803833,10.119999885559082,1788300,False
EC,2022-11-02,10.140000343322754,10.270000457763672,9.869999885559082,9.930000305175781,9.869999885559082,1376200,False
EC,2022-11-03,9.890000343322754,9.899999618530273,9.609999656677246,9.720000267028809,9.609999656677246,1037000,False
EC,2022-11-04,9.970000267028809,10.140000343322754,9.779999732971191,9.970000267028809,9.779999732971191,1853900,False
EC,2022-11-07,10.069999694824219,10.220000267028809,9.970000267028809,10.210000038146973,9.970000267028809,1093700,False
EC,2022-11-08,10.130000114440918,10.279999732971191,9.970000267028809,10.210000038146973,9.970000267028809,1483600,False
EC,2022-11-09,10.489999771118164,10.630000114440918,9.779999732971191,9.829999923706055,9.779999732971191,1472700,False
EC,2022-11-10,10.050000190734863,10.380000114440918,9.760000228881836,10.34000015258789,9.760000228881836,2224000,False
EC,2022-11-11,9.729999542236328,10.050000190734863,9.430000305175781,9.949999809265137,9.430000305175781,5996200,False
EC,2022-11-14,10.0,10.630000114440918,10.0,10.380000114440918,10.0,2315600,False
EC,2022-11-15,10.59000015258789,10.59000015258789,10.180000305175781,10.359999656677246,10.180000305175781,2617600,False
EC,2022-11-16,10.25,10.3100004196167,9.90999984741211,9.930000305175781,9.90999984741211,2147500,False
EC,2022-11-17,9.729999542236328,10.109999656677246,9.630000114440918,10.079999923706055,9.630000114440918,2082500,False
EC,2022-11-18,10.0,10.0,9.8100004196167,9.890000343322754,9.8100004196167,1254500,False
EC,2022-11-21,9.829999923706055,9.84000015258789,9.300000190734863,9.649999618530273,9.300000190734863,2906300,False
EC,2022-11-22,9.800000190734863,10.25,9.720000267028809,10.25,9.720000267028809,1632400,False
EC,2022-11-23,10.100000381469727,10.350000381469727,10.050000190734863,10.25,10.050000190734863,1144300,False
EC,2022-11-25,10.300000190734863,10.5,10.229999542236328,10.430000305175781,10.229999542236328,1306200,False
EC,2022-11-28,10.15999984741211,10.15999984741211,9.920000076293945,9.960000038146973,9.920000076293945,1886400,False
EC,2022-11-29,10.119999885559082,10.369999885559082,10.0600004196167,10.359999656677246,10.0600004196167,2273100,False
EC,2022-11-30,10.359999656677246,10.489999771118164,9.65999984741211,9.869999885559082,9.65999984741211,11628800,False
EC,2022-12-01,9.75,9.75,9.399999618530273,9.649999618530273,9.399999618530273,6779300,False
EC,2022-12-02,9.6899995803833,9.850000381469727,9.579999923706055,9.65999984741211,9.579999923706055,2247900,False
EC,2022-12-05,9.789999961853027,9.800000190734863,9.100000381469727,9.180000305175781,9.100000381469727,3143200,False
EC,2022-12-06,9.130000114440918,9.329999923706055,9.100000381469727,9.270000457763672,9.100000381469727,3424500,False
EC,2022-12-07,9.25,9.5,9.229999542236328,9.279999732971191,9.229999542236328,2219900,False
EC,2022-12-08,9.5,9.630000114440918,9.239999771118164,9.279999732971191,9.239999771118164,2247100,False
EC,2022-12-09,9.289999961853027,9.350000381469727,9.069999694824219,9.09000015258789,9.069999694824219,2085000,False
EC,2022-12-12,9.09000015258789,9.180000305175781,8.979999542236328,9.130000114440918,8.979999542236328,1552000,False
EC,2022-12-13,9.319999694824219,9.539999961853027,9.3100004196167,9.399999618530273,9.3100004196167,2617800,False
EC,2022-12-14,9.369999885559082,9.460000038146973,9.149999618530273,9.170000076293945,9.149999618530273,2577100,False
EC,2022-12-15,9.239999771118164,9.300000190734863,8.960000038146973,9.050000190734863,8.960000038146973,1617200,False
EC,2022-12-16,9.0,9.020000457763672,8.8100004196167,8.9399995803833,8.8100004196167,2081800,False
EC,2022-12-19,9.0600004196167,9.279999732971191,8.890000343322754,9.180000305175781,8.890000343322754,3106400,False
EC,2022-12-20,9.329999923706055,9.479999542236328,9.229999542236328,9.420000076293945,9.229999542236328,3317800,False
EC,2022-12-21,9.59000015258789,9.760000228881836,9.489999771118164,9.630000114440918,9.489999771118164,4432100,False
EC,2022-12-22,9.65999984741211,9.65999984741211,9.260000228881836,9.569999694824219,9.260000228881836,2088600,False
EC,2022-12-23,9.760000228881836,10.050000190734863,9.699999809265137,10.029999732971191,9.699999809265137,4794000,False
EC,2022-12-27,10.130000114440918,10.220000267028809,9.989999771118164,10.199999809265137,9.989999771118164,2868900,False
EC,2022-12-28,10.210000038146973,10.25,9.899999618530273,9.949999809265137,9.899999618530273,2259900,False
EC,2022-12-29,9.90999984741211,10.109999656677246,9.890000343322754,10.020000457763672,9.890000343322754,1360000,False
EC,2022-12-30,9.970000267028809,10.640000343322754,9.960000038146973,10.470000267028809,9.960000038146973,2934400,False
EC,2023-01-03,10.470000267028809,10.470000267028809,9.739999771118164,9.899999618530273,9.739999771118164,3148500,False
EC,2023-01-04,9.800000190734863,10.039999961853027,9.5,9.819999694824219,9.5,2790500,False
EC,2023-01-05,9.869999885559082,10.220000267028809,9.710000038146973,10.210000038146973,9.710000038146973,2465900,False
EC,2023-01-06,10.3100004196167,11.0,10.3100004196167,10.960000038146973,10.3100004196167,3369900,False
EC,2023-01-09,11.140000343322754,11.329999923706055,10.880000114440918,11.119999885559082,10.880000114440918,2304300,False
EC,2023-01-10,11.180000305175781,11.220000267028809,10.739999771118164,11.220000267028809,10.739999771118164,2082100,False
EC,2023-01-11,11.359999656677246,11.449999809265137,11.130000114440918,11.369999885559082,11.130000114440918,1729300,False
EC,2023-01-12,11.350000381469727,11.680000305175781,11.319999694824219,11.550000190734863,11.319999694824219,3795200,False
EC,2023-01-13,11.569999694824219,11.729999542236328,11.430000305175781,11.619999885559082,11.430000305175781,1814600,False
EC,2023-01-17,11.710000038146973,11.739999771118164,11.479999542236328,11.5,11.479999542236328,1279600,False
EC,2023-01-18,11.619999885559082,12.220000267028809,11.619999885559082,11.960000038146973,11.619999885559082,3434600,False
EC,2023-01-19,11.869999885559082,12.039999961853027,11.8100004196167,11.920000076293945,11.8100004196167,1204700,False
EC,2023-01-20,11.949999809265137,12.100000381469727,11.829999923706055,12.09000015258789,11.829999923706055,1137500,False
EC,2023-01-23,12.199999809265137,12.350000381469727,12.0,12.050000190734863,12.0,2067900,False
EC,2023-01-24,12.1899995803833,12.1899995803833,11.819999694824219,11.84000015258789,11.819999694824219,1274400,False
EC,2023-01-25,11.770000457763672,11.8100004196167,11.600000381469727,11.779999732971191,11.600000381469727,1419100,False
EC,2023-01-26,11.930000305175781,12.039999961853027,11.75,11.960000038146973,11.75,1177400,False
EC,2023-01-27,11.600000381469727,11.6899995803833,11.1899995803833,11.279999732971191,11.1899995803833,3050400,False
EC,2023-01-30,11.239999771118164,11.270000457763672,11.0,11.119999885559082,11.0,1996300,False
EC,2023-01-31,11.100000381469727,11.420000076293945,11.039999961853027,11.390000343322754,11.039999961853027,1330000,False
EC,2023-02-01,11.390000343322754,11.470000267028809,11.029999732971191,11.199999809265137,11.029999732971191,2159500,False
EC,2023-02-02,11.180000305175781,11.25,10.75,10.819999694824219,10.75,2437700,False
EC,2023-02-03,10.890000343322754,11.0,10.680000305175781,10.720000267028809,10.680000305175781,2053300,False
EC,2023-02-06,10.720000267028809,10.859999656677246,10.359999656677246,10.819999694824219,10.359999656677246,2625600,False
EC,2023-02-07,10.920000076293945,10.970000267028809,10.619999885559082,10.970000267028809,10.619999885559082,2242700,False
EC,2023-02-08,11.0,11.180000305175781,10.75,10.869999885559082,10.75,1919500,False
EC,2023-02-09,10.779999732971191,10.819999694824219,10.449999809265137,10.5,10.449999809265137,2932200,False
EC,2023-02-10,10.550000190734863,10.979999542236328,10.539999961853027,10.949999809265137,10.539999961853027,2189600,False
EC,2023-02-13,10.8100004196167,10.949999809265137,10.75,10.869999885559082,10.75,1487800,False
EC,2023-02-14,10.880000114440918,11.020000457763672,10.729999542236328,10.739999771118164,10.729999542236328,1395300,False
EC,2023-02-15,10.649999618530273,10.649999618530273,10.369999885559082,10.550000190734863,10.369999885559082,1590000,False
EC,2023-02-16,10.550000190734863,10.890000343322754,10.470000267028809,10.670000076293945,10.470000267028809,1777500,False
EC,2023-02-17,10.510000228881836,10.510000228881836,10.270000457763672,10.329999923706055,10.270000457763672,2133400,False
EC,2023-02-21,10.300000190734863,10.510000228881836,10.300000190734863,10.399999618530273,10.300000190734863,1782700,False
EC,2023-02-22,10.380000114440918,10.5,10.279999732971191,10.34000015258789,10.279999732971191,1330100,False
EC,2023-02-23,10.510000228881836,10.899999618530273,10.510000228881836,10.710000038146973,10.510000228881836,2708000,False
EC,2023-02-24,10.630000114440918,10.880000114440918,10.449999809265137,10.779999732971191,10.449999809265137,2282200,False
EC,2023-02-27,10.84000015258789,11.359999656677246,10.770000457763672,11.289999961853027,10.770000457763672,3258400,False
EC,2023-02-28,11.420000076293945,11.460000038146973,11.079999923706055,11.09000015258789,11.079999923706055,3867000,False
EC,2023-03-01,11.520000457763672,11.640000343322754,11.020000457763672,11.390000343322754,11.020000457763672,6727400,False
EC,2023-03-02,11.390000343322754,11.529999732971191,11.130000114440918,11.15999984741211,11.130000114440918,3190600,False
EC,2023-03-03,11.149999618530273,11.470000267028809,11.09000015258789,11.430000305175781,11.09000015258789,2256000,False
EC,2023-03-06,11.579999923706055,11.720000267028809,11.5,11.649999618530273,11.5,2051800,False
EC,2023-03-07,11.59000015258789,11.649999618530273,11.199999809265137,11.260000228881836,11.199999809265137,1945700,False
EC,2023-03-08,11.289999961853027,11.479999542236328,11.1899995803833,11.319999694824219,11.1899995803833,1377300,False
EC,2023-03-09,11.40999984741211,11.550000190734863,11.0,11.010000228881836,11.0,2387700,False
EC,2023-03-10,11.010000228881836,11.1899995803833,10.789999961853027,10.869999885559082,10.789999961853027,2846000,False
EC,2023-03-13,10.5600004196167,10.789999961853027,10.279999732971191,10.380000114440918,10.279999732971191,3134200,False
EC,2023-03-14,10.489999771118164,10.800000190734863,10.399999618530273,10.510000228881836,10.399999618530273,2187600,False
EC,2023-03-15,10.149999618530273,10.15999984741211,9.699999809265137,10.010000228881836,9.699999809265137,5343600,False
EC,2023-03-16,9.84000015258789,10.149999618530273,9.710000038146973,10.079999923706055,9.710000038146973,2710200,False
EC,2023-03-17,10.0,10.0600004196167,9.649999618530273,9.890000343322754,9.649999618530273,2302300,False
EC,2023-03-20,9.9399995803833,9.989999771118164,9.609999656677246,9.84000015258789,9.609999656677246,1947100,False
EC,2023-03-21,10.069999694824219,10.229999542236328,9.979999542236328,10.220000267028809,9.979999542236328,1685800,False
EC,2023-03-22,10.3100004196167,10.319999694824219,10.020000457763672,10.029999732971191,10.020000457763672,1526800,False
EC,2023-03-23,10.149999618530273,10.210000038146973,9.600000381469727,9.670000076293945,9.600000381469727,1971200,False
EC,2023-03-24,9.520000457763672,9.729999542236328,9.399999618530273,9.609999656677246,9.399999618530273,2037500,False
EC,2023-03-27,9.710000038146973,10.039999961853027,9.670000076293945,9.989999771118164,9.670000076293945,2227500,False
EC,2023-03-28,10.050000190734863,10.430000305175781,9.989999771118164,10.270000457763672,9.989999771118164,1401500,False
EC,2023-03-29,10.390000343322754,10.40999984741211,10.279999732971191,10.34000015258789,10.279999732971191,1159800,False
EC,2023-03-30,10.430000305175781,10.479999542236328,10.3100004196167,10.390000343322754,10.3100004196167,1485200,False
EC,2023-03-31,10.5,10.6899995803833,10.5,10.5600004196167,10.5,1740000,False
EC,2023-04-03,11.050000190734863,11.270000457763672,10.899999618530273,11.140000343322754,10.899999618530273,3006500,False
EC,2023-04-04,11.319999694824219,11.369999885559082,10.90999984741211,11.039999961853027,10.90999984741211,2663700,False
EC,2023-04-05,11.069999694824219,11.149999618530273,10.84000015258789,11.140000343322754,10.84000015258789,1216000,False
EC,2023-04-06,11.109999656677246,11.149999618530273,10.850000381469727,10.90999984741211,10.850000381469727,1078800,False
EC,2023-04-10,10.930000305175781,11.130000114440918,10.930000305175781,11.079999923706055,10.930000305175781,1389500,False
EC,2023-04-11,11.109999656677246,11.5,11.109999656677246,11.5,11.109999656677246,1598400,False
EC,2023-04-12,11.600000381469727,11.649999618530273,11.4399995803833,11.5600004196167,11.4399995803833,1901400,False
EC,2023-04-13,11.609999656677246,11.760000228881836,11.600000381469727,11.65999984741211,11.600000381469727,1702900,False
EC,2023-04-14,11.649999618530273,11.710000038146973,11.489999771118164,11.640000343322754,11.489999771118164,1485900,False
EC,2023-04-17,11.729999542236328,11.84000015258789,11.489999771118164,11.5600004196167,11.489999771118164,2063700,False
EC,2023-04-18,11.550000190734863,11.609999656677246,11.369999885559082,11.390000343322754,11.369999885559082,1840000,False
EC,2023-04-19,11.279999732971191,11.329999923706055,11.100000381469727,11.229999542236328,11.100000381469727,2133500,False
EC,2023-04-20,11.100000381469727,11.25,11.029999732971191,11.119999885559082,11.029999732971191,2284700,False
EC,2023-04-21,11.220000267028809,11.260000228881836,11.039999961853027,11.100000381469727,11.039999961853027,1722900,False
EC,2023-04-24,11.199999809265137,11.680000305175781,11.109999656677246,11.609999656677246,11.109999656677246,4887300,False
EC,2023-04-25,10.6899995803833,10.760000228881836,9.6899995803833,9.819999694824219,9.6899995803833,7361200,True
EC,2023-04-26,9.850000381469727,9.869999885559082,9.40999984741211,9.479999542236328,9.40999984741211,5427000,False
EC,2023-04-27,9.420000076293945,9.479999542236328,9.220000267028809,9.319999694824219,9.220000267028809,3624000,False
EC,2023-04-28,9.319999694824219,9.770000457763672,9.279999732971191,9.720000267028809,9.279999732971191,2526600,False
EC,2023-05-01,9.630000114440918,9.729999542236328,9.40999984741211,9.550000190734863,9.40999984741211,1402100,False
EC,2023-05-02,9.289999961853027,9.34000015258789,8.760000228881836,8.800000190734863,8.760000228881836,4600500,True
EC,2023-05-03,8.6899995803833,8.960000038146973,8.640000343322754,8.760000228881836,8.640000343322754,3260700,False
EC,2023-05-04,8.8100004196167,8.899999618530273,8.59000015258789,8.65999984741211,8.59000015258789,2638600,False
EC,2023-05-05,8.979999542236328,9.3100004196167,8.979999542236328,9.199999809265137,8.979999542236328,2467600,False
EC,2023-05-08,9.399999618530273,9.479999542236328,9.069999694824219,9.069999694824219,9.069999694824219,1708200,False
EC,2023-05-09,9.0,9.180000305175781,8.880000114440918,9.109999656677246,8.880000114440918,2432000,False
EC,2023-05-10,9.149999618530273,9.220000267028809,9.050000190734863,9.109999656677246,9.050000190734863,1680700,False
EC,2023-05-11,8.930000305175781,9.149999618530273,8.899999618530273,9.130000114440918,8.899999618530273,1965900,False
EC,2023-05-12,9.180000305175781,9.34000015258789,9.170000076293945,9.3100004196167,9.170000076293945,1883100,False
EC,2023-05-15,9.359999656677246,9.380000114440918,9.229999542236328,9.229999542236328,9.229999542236328,1623300,False
EC,2023-05-16,9.260000228881836,9.369999885559082,9.109999656677246,9.15999984741211,9.109999656677246,2194100,False
EC,2023-05-17,9.3100004196167,9.489999771118164,9.1899995803833,9.449999809265137,9.1899995803833,1550700,False
EC,2023-05-18,9.40999984741211,9.430000305175781,9.15999984741211,9.319999694824219,9.15999984741211,1407200,False
EC,2023-05-19,9.399999618530273,9.489999771118164,9.34000015258789,9.390000343322754,9.34000015258789,1435500,False
EC,2023-05-22,9.390000343322754,9.579999923706055,9.369999885559082,9.420000076293945,9.369999885559082,1161700,False
EC,2023-05-23,9.510000228881836,9.699999809265137,9.399999618530273,9.5,9.399999618530273,1635000,False
EC,2023-05-24,9.600000381469727,9.630000114440918,9.420000076293945,9.529999732971191,9.420000076293945,1038700,False
EC,2023-05-25,9.319999694824219,9.399999618530273,9.15999984741211,9.229999542236328,9.15999984741211,1064300,False
EC,2023-05-26,9.350000381469727,9.399999618530273,9.149999618530273,9.34000015258789,9.149999618530273,1804000,False
EC,2023-05-30,9.1899995803833,9.220000267028809,9.010000228881836,9.199999809265137,9.010000228881836,1708600,False
EC,2023-05-31,9.050000190734863,9.109999656677246,8.930000305175781,9.079999923706055,8.930000305175781,1838500,False
EC,2023-06-01,9.1899995803833,9.569999694824219,9.170000076293945,9.430000305175781,9.170000076293945,1595600,False
EC,2023-06-02,9.6899995803833,9.779999732971191,9.569999694824219,9.760000228881836,9.569999694824219,1933600,False
EC,2023-06-05,9.949999809265137,9.949999809265137,9.579999923706055,9.739999771118164,9.579999923706055,1277900,False
EC,2023-06-06,9.600000381469727,10.15999984741211,9.569999694824219,10.079999923706055,9.569999694824219,2317900,False
EC,2023-06-07,10.180000305175781,10.4399995803833,10.180000305175781,10.3100004196167,10.180000305175781,2303700,False
EC,2023-06-08,10.289999961853027,10.449999809265137,10.180000305175781,10.40999984741211,10.180000305175781,1462600,False
EC,2023-06-09,10.399999618530273,10.520000457763672,10.3100004196167,10.399999618530273,10.3100004196167,1104500,False
EC,2023-06-12,10.199999809265137,10.279999732971191,10.069999694824219,10.170000076293945,10.069999694824219,1733200,False
EC,2023-06-13,10.350000381469727,10.479999542236328,10.199999809265137,10.210000038146973,10.199999809265137,1277900,False
EC,2023-06-14,10.34000015258789,10.430000305175781,10.149999618530273,10.260000228881836,10.149999618530273,1151100,False
EC,2023-06-15,10.279999732971191,10.569999694824219,10.279999732971191,10.430000305175781,10.279999732971191,1312300,False
EC,2023-06-16,10.420000076293945,10.489999771118164,10.34000015258789,10.449999809265137,10.34000015258789,1369800,False
EC,2023-06-20,10.390000343322754,10.430000305175781,10.180000305175781,10.319999694824219,10.180000305175781,1232900,False
EC,2023-06-21,10.279999732971191,10.699999809265137,10.270000457763672,10.579999923706055,10.270000457763672,1587100,False
EC,2023-06-22,10.4399995803833,10.59000015258789,10.420000076293945,10.479999542236328,10.420000076293945,1303800,False
EC,2023-06-23,10.350000381469727,10.420000076293945,10.25,10.260000228881836,10.25,1309400,False
EC,2023-06-26,10.319999694824219,10.510000228881836,10.229999542236328,10.449999809265137,10.229999542236328,1061700,False
EC,2023-06-27,10.489999771118164,10.5,10.25,10.25,10.25,1316600,False
EC,2023-06-28,10.25,10.380000114440918,10.15999984741211,10.329999923706055,10.15999984741211,988700,False
EC,2023-06-29,10.369999885559082,10.369999885559082,10.130000114440918,10.300000190734863,10.130000114440918,1659200,False
EC,2023-06-30,10.3100004196167,10.329999923706055,10.199999809265137,10.25,10.199999809265137,1011800,False
EC,2023-07-03,10.300000190734863,10.59000015258789,10.300000190734863,10.449999809265137,10.300000190734863,788600,False
EC,2023-07-05,10.510000228881836,10.550000190734863,10.359999656677246,10.380000114440918,10.359999656677246,1058000,False
EC,2023-07-06,10.270000457763672,10.300000190734863,9.920000076293945,10.09000015258789,9.920000076293945,1986200,False
EC,2023-07-07,10.050000190734863,10.399999618530273,10.050000190734863,10.350000381469727,10.050000190734863,1602600,False
EC,2023-07-10,10.390000343322754,10.510000228881836,10.3100004196167,10.399999618530273,10.3100004196167,1075100,False
EC,2023-07-11,10.479999542236328,10.600000381469727,10.420000076293945,10.59000015258789,10.420000076293945,1116400,False
EC,2023-07-12,10.779999732971191,10.890000343322754,10.739999771118164,10.770000457763672,10.739999771118164,1495100,False
EC,2023-07-13,10.850000381469727,11.130000114440918,10.819999694824219,10.9399995803833,10.819999694824219,1635200,False
EC,2023-07-14,11.0,11.050000190734863,10.640000343322754,10.649999618530273,10.640000343322754,1378400,False
EC,2023-07-17,10.579999923706055,10.800000190734863,10.5,10.75,10.5,1171300,False
EC,2023-07-18,10.75,11.020000457763672,10.75,10.90999984741211,10.75,974100,False
EC,2023-07-19,10.970000267028809,11.100000381469727,10.920000076293945,10.970000267028809,10.920000076293945,1111300,False
EC,2023-07-20,11.010000228881836,11.09000015258789,10.899999618530273,11.020000457763672,10.899999618530273,819800,False
EC,2023-07-21,11.140000343322754,11.140000343322754,10.960000038146973,11.079999923706055,10.960000038146973,1306800,False
EC,2023-07-24,11.170000076293945,11.380000114440918,11.119999885559082,11.25,11.119999885559082,1455500,False
EC,2023-07-25,11.25,11.319999694824219,11.079999923706055,11.3100004196167,11.079999923706055,1438900,False
EC,2023-07-26,11.270000457763672,11.380000114440918,11.170000076293945,11.300000190734863,11.170000076293945,1103700,False
EC,2023-07-27,11.34000015258789,11.350000381469727,11.079999923706055,11.09000015258789,11.079999923706055,1206500,False
EC,2023-07-28,11.180000305175781,11.319999694824219,11.100000381469727,11.289999961853027,11.100000381469727,849200,False
EC,2023-07-31,11.390000343322754,11.75,11.359999656677246,11.720000267028809,11.359999656677246,1540000,False
EC,2023-08-01,11.569999694824219,11.59000015258789,11.380000114440918,11.449999809265137,11.380000114440918,1204300,False
EC,2023-08-02,11.449999809265137,11.460000038146973,11.029999732971191,11.180000305175781,11.029999732971191,1754500,False
EC,2023-08-03,11.199999809265137,11.300000190734863,11.100000381469727,11.25,11.100000381469727,1574800,False
EC,2023-08-04,11.399999618530273,11.569999694824219,11.239999771118164,11.420000076293945,11.239999771118164,1537700,False
EC,2023-08-07,11.449999809265137,11.520000457763672,11.319999694824219,11.479999542236328,11.319999694824219,1195000,False
EC,2023-08-08,11.270000457763672,11.600000381469727,11.149999618530273,11.579999923706055,11.149999618530273,1621500,False
EC,2023-08-09,11.449999809265137,11.479999542236328,10.989999771118164,11.260000228881836,10.989999771118164,3091600,False
EC,2023-08-10,11.369999885559082,11.619999885559082,11.34000015258789,11.449999809265137,11.34000015258789,1494100,False
EC,2023-08-11,11.430000305175781,11.59000015258789,11.430000305175781,11.5600004196167,11.430000305175781,1218100,False
EC,2023-08-14,11.5,11.510000228881836,11.1899995803833,11.25,11.1899995803833,1561100,False
EC,2023-08-15,11.149999618530273,11.229999542236328,11.069999694824219,11.100000381469727,11.069999694824219,1340900,False
EC,2023-08-16,11.100000381469727,11.170000076293945,10.979999542236328,11.119999885559082,10.979999542236328,1697300,False
EC,2023-08-17,11.149999618530273,11.350000381469727,11.149999618530273,11.180000305175781,11.149999618530273,1129600,False
EC,2023-08-18,11.0600004196167,11.270000457763672,11.0,11.260000228881836,11.0,1047300,False
EC,2023-08-21,11.329999923706055,11.359999656677246,11.15999984741211,11.229999542236328,11.15999984741211,915000,False
EC,2023-08-22,11.3100004196167,11.34000015258789,11.229999542236328,11.25,11.229999542236328,849500,False
EC,2023-08-23,11.149999618530273,11.4399995803833,11.010000228881836,11.34000015258789,11.010000228881836,1495600,False
EC,2023-08-24,11.3100004196167,11.460000038146973,11.239999771118164,11.239999771118164,11.239999771118164,803300,False
EC,2023-08-25,11.350000381469727,11.359999656677246,11.149999618530273,11.210000038146973,11.149999618530273,1348200,False
EC,2023-08-28,11.289999961853027,11.470000267028809,11.25,11.420000076293945,11.25,1411200,False
EC,2023-08-29,11.420000076293945,11.699999809265137,11.300000190734863,11.699999809265137,11.300000190734863,1564500,False
EC,2023-08-30,11.699999809265137,12.0600004196167,11.699999809265137,11.960000038146973,11.699999809265137,2466800,False
EC,2023-08-31,12.010000228881836,12.039999961853027,11.65999984741211,11.680000305175781,11.65999984741211,2102100,False
EC,2023-09-01,11.880000114440918,11.899999618530273,11.739999771118164,11.789999961853027,11.739999771118164,1419300,False
EC,2023-09-05,11.789999961853027,12.0,11.770000457763672,11.850000381469727,11.770000457763672,1663300,False
EC,2023-09-06,11.899999618530273,12.079999923706055,11.850000381469727,11.930000305175781,11.850000381469727,1445700,False
EC,2023-09-07,11.930000305175781,12.020000457763672,11.859999656677246,11.890000343322754,11.859999656677246,1060800,False
EC,2023-09-08,11.989999771118164,12.140000343322754,11.920000076293945,12.029999732971191,11.920000076293945,1418200,False
EC,2023-09-11,12.220000267028809,12.25,11.989999771118164,12.0,11.989999771118164,2096500,False
EC,2023-09-12,12.079999923706055,12.40999984741211,12.029999732971191,12.319999694824219,12.029999732971191,1778900,False
EC,2023-09-13,12.170000076293945,12.319999694824219,12.100000381469727,12.210000038146973,12.100000381469727,1916300,False
EC,2023-09-14,12.34000015258789,12.5600004196167,12.25,12.550000190734863,12.25,1913300,False
EC,2023-09-15,12.600000381469727,12.640000343322754,12.460000038146973,12.539999961853027,12.460000038146973,3512100,False
EC,2023-09-18,12.569999694824219,12.579999923706055,12.420000076293945,12.489999771118164,12.420000076293945,2888800,False
EC,2023-09-19,12.609999656677246,12.729999542236328,12.479999542236328,12.670000076293945,12.479999542236328,3320200,False
EC,2023-09-20,12.65999984741211,13.079999923706055,12.640000343322754,12.899999618530273,12.640000343322754,4069500,False
EC,2023-09-21,12.760000228881836,12.920000076293945,12.5,12.550000190734863,12.5,4339400,False
EC,2023-09-22,12.6899995803833,12.720000267028809,12.539999961853027,12.569999694824219,12.539999961853027,3812100,False
EC,2023-09-25,12.649999618530273,12.739999771118164,12.539999961853027,12.670000076293945,12.539999961853027,4622700,False
EC,2023-09-26,11.619999885559082,11.6899995803833,11.109999656677246,11.369999885559082,11.109999656677246,6267000,True
EC,2023-09-27,11.5600004196167,11.619999885559082,11.329999923706055,11.550000190734863,11.329999923706055,3594900,False
EC,2023-09-28,11.479999542236328,11.65999984741211,11.4399995803833,11.609999656677246,11.4399995803833,2770700,False
EC,2023-09-29,11.6899995803833,11.699999809265137,11.520000457763672,11.579999923706055,11.520000457763672,3885900,False
EC,2023-10-02,11.550000190734863,11.59000015258789,11.109999656677246,11.199999809265137,11.109999656677246,3509300,False
EC,2023-10-03,11.1899995803833,11.4399995803833,11.109999656677246,11.229999542236328,11.109999656677246,2546500,False
EC,2023-10-04,11.079999923706055,11.109999656677246,10.75,10.850000381469727,10.75,4224800,False
EC,2023-10-05,10.65999984741211,10.850000381469727,10.600000381469727,10.710000038146973,10.600000381469727,2014300,False
EC,2023-10-06,10.699999809265137,11.0,10.5,10.90999984741211,10.5,2139700,False
EC,2023-10-09,11.350000381469727,11.550000190734863,11.229999542236328,11.5,11.229999542236328,2466500,False
EC,2023-10-10,11.609999656677246,11.770000457763672,11.510000228881836,11.760000228881836,11.510000228881836,1397200,False
EC,2023-10-11,11.729999542236328,11.899999618530273,11.670000076293945,11.859999656677246,11.670000076293945,2155300,False
EC,2023-10-12,11.9399995803833,11.970000267028809,11.800000190734863,11.899999618530273,11.800000190734863,2554100,False
EC,2023-10-13,12.100000381469727,12.319999694824219,12.100000381469727,12.210000038146973,12.100000381469727,1985300,False
EC,2023-10-16,12.300000190734863,12.390000343322754,12.170000076293945,12.350000381469727,12.170000076293945,2059100,False
EC,2023-10-17,12.260000228881836,12.5600004196167,12.239999771118164,12.470000267028809,12.239999771118164,2023400,False
EC,2023-10-18,12.510000228881836,12.550000190734863,12.319999694824219,12.420000076293945,12.319999694824219,1723200,False
EC,2023-10-19,12.34000015258789,12.539999961853027,12.119999885559082,12.3100004196167,12.119999885559082,1811100,False
EC,2023-10-20,12.3100004196167,12.390000343322754,12.109999656677246,12.25,12.109999656677246,1551900,False
EC,2023-10-23,12.09000015258789,12.199999809265137,11.850000381469727,12.020000457763672,11.850000381469727,2673600,False
EC,2023-10-24,12.130000114440918,12.220000267028809,11.989999771118164,12.050000190734863,11.989999771118164,1447700,False
EC,2023-10-25,12.010000228881836,12.199999809265137,12.0,12.15999984741211,12.0,1498300,False
EC,2023-10-26,12.069999694824219,12.119999885559082,11.920000076293945,12.050000190734863,11.920000076293945,1188900,False
EC,2023-10-27,12.029999732971191,12.140000343322754,11.90999984741211,11.949999809265137,11.90999984741211,1598800,False
EC,2023-10-30,12.029999732971191,12.149999618530273,11.680000305175781,11.850000381469727,11.680000305175781,1307900,False
EC,2023-10-31,11.850000381469727,11.949999809265137,11.649999618530273,11.8100004196167,11.649999618530273,1168400,False
EC,2023-11-01,11.920000076293945,12.149999618530273,11.739999771118164,12.09000015258789,11.739999771118164,2120500,False
EC,2023-11-02,12.199999809265137,12.479999542236328,12.170000076293945,12.460000038146973,12.170000076293945,1424500,False
EC,2023-11-03,12.470000267028809,12.569999694824219,12.239999771118164,12.359999656677246,12.239999771118164,1723100,False
EC,2023-11-06,12.449999809265137,12.489999771118164,12.069999694824219,12.149999618530273,12.069999694824219,1116300,False
EC,2023-11-07,11.960000038146973,11.989999771118164,11.6899995803833,11.699999809265137,11.6899995803833,2461400,False
EC,2023-11-08,11.699999809265137,11.829999923706055,11.380000114440918,11.4399995803833,11.380000114440918,2912000,False
EC,2023-11-09,11.630000114440918,11.970000267028809,11.600000381469727,11.640000343322754,11.600000381469727,2459900,False
EC,2023-11-10,11.800000190734863,11.800000190734863,11.550000190734863,11.720000267028809,11.550000190734863,1025200,False
EC,2023-11-13,11.800000190734863,11.930000305175781,11.720000267028809,11.890000343322754,11.720000267028809,1116800,False
EC,2023-11-14,12.0,12.100000381469727,11.90999984741211,12.039999961853027,11.90999984741211,1611700,False
EC,2023-11-15,12.029999732971191,12.119999885559082,11.859999656677246,11.920000076293945,11.859999656677246,1875600,False
EC,2023-11-16,11.819999694824219,11.869999885559082,11.619999885559082,11.800000190734863,11.619999885559082,2583400,False
EC,2023-11-17,11.989999771118164,12.369999885559082,11.84000015258789,12.270000457763672,11.84000015258789,3682100,False
EC,2023-11-20,12.449999809265137,12.6899995803833,12.34000015258789,12.470000267028809,12.34000015258789,2839600,False
EC,2023-11-21,12.420000076293945,12.5600004196167,12.350000381469727,12.479999542236328,12.350000381469727,1280800,False
EC,2023-11-22,12.25,12.420000076293945,12.109999656677246,12.399999618530273,12.109999656677246,2017000,False
EC,2023-11-24,12.470000267028809,12.8100004196167,12.470000267028809,12.75,12.470000267028809,1962900,False
EC,2023-11-27,12.699999809265137,12.8100004196167,12.640000343322754,12.760000228881836,12.640000343322754,2079900,False
EC,2023-11-28,12.8100004196167,12.930000305175781,12.739999771118164,12.869999885559082,12.739999771118164,1591800,False
EC,2023-11-29,12.90999984741211,12.949999809265137,12.6899995803833,12.710000038146973,12.6899995803833,2352000,False
EC,2023-11-30,12.869999885559082,12.880000114440918,12.420000076293945,12.609999656677246,12.420000076293945,2260400,False
EC,2023-12-01,12.5600004196167,12.880000114440918,12.5600004196167,12.8100004196167,12.5600004196167,2113600,False
EC,2023-12-04,12.699999809265137,12.729999542236328,12.489999771118164,12.640000343322754,12.489999771118164,2036500,False
EC,2023-12-05,12.680000305175781,12.699999809265137,12.550000190734863,12.569999694824219,12.550000190734863,1327400,False
EC,2023-12-06,12.5,12.609999656677246,12.279999732971191,12.279999732971191,12.279999732971191,2771600,False
EC,2023-12-07,12.40999984741211,12.520000457763672,12.3100004196167,12.369999885559082,12.3100004196167,2362900,False
EC,2023-12-08,12.449999809265137,12.729999542236328,12.4399995803833,12.720000267028809,12.4399995803833,2384800,False
EC,2023-12-11,12.710000038146973,12.850000381469727,12.579999923706055,12.65999984741211,12.579999923706055,2373300,False
EC,2023-12-12,12.579999923706055,12.630000114440918,12.289999961853027,12.350000381469727,12.289999961853027,2394300,False
EC,2023-12-13,12.399999618530273,12.6899995803833,12.300000190734863,12.670000076293945,12.300000190734863,1767000,False
EC,2023-12-14,12.800000190734863,13.109999656677246,12.770000457763672,12.949999809265137,12.770000457763672,3757800,False
EC,2023-12-15,13.0,13.050000190734863,12.800000190734863,12.800000190734863,12.800000190734863,2652400,False
EC,2023-12-18,13.0,13.140000343322754,12.890000343322754,12.90999984741211,12.890000343322754,5885900,False
EC,2023-12-19,12.140000343322754,12.149999618530273,11.899999618530273,11.989999771118164,11.899999618530273,4131700,False
EC,2023-12-20,12.0,12.050000190734863,11.720000267028809,11.739999771118164,11.720000267028809,2691300,False
EC,2023-12-21,11.739999771118164,11.949999809265137,11.729999542236328,11.9399995803833,11.729999542236328,2530200,False
EC,2023-12-22,12.050000190734863,12.109999656677246,11.890000343322754,11.9399995803833,11.890000343322754,1580500,False
EC,2023-12-26,12.0600004196167,12.279999732971191,12.0600004196167,12.220000267028809,12.0600004196167,2678700,False
EC,2023-12-27,12.199999809265137,12.279999732971191,12.109999656677246,12.119999885559082,12.109999656677246,1188200,False
EC,2023-12-28,12.079999923706055,12.09000015258789,11.930000305175781,11.970000267028809,11.930000305175781,2098600,False
EC,2023-12-29,11.989999771118164,12.010000228881836,11.890000343322754,11.920000076293945,11.890000343322754,1253200,False
EC,2024-01-02,12.050000190734863,12.170000076293945,11.9399995803833,11.960000038146973,11.9399995803833,2493900,False
EC,2024-01-03,12.0,12.390000343322754,12.0,12.319999694824219,12.0,2588800,False
EC,2024-01-04,12.350000381469727,12.479999542236328,12.220000267028809,12.220000267028809,12.220000267028809,2551700,False
EC,2024-01-05,12.300000190734863,12.619999885559082,12.289999961853027,12.550000190734863,12.289999961853027,2479900,False
EC,2024-01-08,12.40999984741211,12.40999984741211,12.130000114440918,12.25,12.130000114440918,1873000,False
EC,2024-01-09,12.300000190734863,12.319999694824219,12.039999961853027,12.069999694824219,12.039999961853027,2279900,False
EC,2024-01-10,12.079999923706055,12.079999923706055,11.850000381469727,11.899999618530273,11.850000381469727,2227000,False
EC,2024-01-11,12.020000457763672,12.109999656677246,11.880000114440918,12.029999732971191,11.880000114440918,1451300,False
EC,2024-01-12,12.229999542236328,12.279999732971191,12.069999694824219,12.140000343322754,12.069999694824219,1097800,False
EC,2024-01-16,12.149999618530273,12.149999618530273,11.75,11.770000457763672,11.75,1946100,False
EC,2024-01-17,11.670000076293945,11.729999542236328,11.539999961853027,11.680000305175781,11.539999961853027,2053500,False
EC,2024-01-18,11.699999809265137,11.770000457763672,11.649999618530273,11.720000267028809,11.649999618530273,1241000,False
EC,2024-01-19,11.6899995803833,11.789999961853027,11.529999732971191,11.670000076293945,11.529999732971191,1664100,False
EC,2024-01-22,11.640000343322754,11.65999984741211,11.529999732971191,11.600000381469727,11.529999732971191,1372800,False
EC,2024-01-23,11.539999961853027,11.670000076293945,11.489999771118164,11.65999984741211,11.489999771118164,1450700,False
EC,2024-01-24,11.75,11.819999694824219,11.680000305175781,11.729999542236328,11.680000305175781,1411800,False
EC,2024-01-25,11.800000190734863,12.0,11.779999732971191,11.989999771118164,11.779999732971191,1817400,False
EC,2024-01-26,11.979999542236328,12.300000190734863,11.970000267028809,12.289999961853027,11.970000267028809,1629500,False
EC,2024-01-29,12.260000228881836,12.270000457763672,12.079999923706055,12.229999542236328,12.079999923706055,1453600,False
EC,2024-01-30,12.15999984741211,12.260000228881836,12.0600004196167,12.25,12.0600004196167,1246600,False
EC,2024-01-31,12.25,12.25,12.020000457763672,12.029999732971191,12.020000457763672,1385400,False
EC,2024-02-01,12.170000076293945,12.430000305175781,11.9399995803833,12.100000381469727,11.9399995803833,2457900,False
EC,2024-02-02,12.010000228881836,12.010000228881836,11.760000228881836,11.789999961853027,11.760000228881836,1713600,False
EC,2024-02-05,11.760000228881836,11.819999694824219,11.550000190734863,11.720000267028809,11.550000190734863,1513300,False
EC,2024-02-06,11.789999961853027,11.920000076293945,11.729999542236328,11.899999618530273,11.729999542236328,1592700,False
EC,2024-02-07,11.899999618530273,11.989999771118164,11.819999694824219,11.979999542236328,11.819999694824219,1078300,False
EC,2024-02-08,11.989999771118164,12.09000015258789,11.84000015258789,11.90999984741211,11.84000015258789,1438800,False
EC,2024-02-09,11.90999984741211,11.960000038146973,11.779999732971191,11.869999885559082,11.779999732971191,1136200,False
EC,2024-02-12,11.90999984741211,12.0,11.869999885559082,11.899999618530273,11.869999885559082,1342600,False
EC,2024-02-13,11.84000015258789,11.880000114440918,11.579999923706055,11.649999618530273,11.579999923706055,1418300,False
EC,2024-02-14,11.729999542236328,11.8100004196167,11.619999885559082,11.65999984741211,11.619999885559082,912800,False
EC,2024-02-15,11.640000343322754,11.890000343322754,11.579999923706055,11.829999923706055,11.579999923706055,1677300,False
EC,2024-02-16,11.819999694824219,11.890000343322754,11.729999542236328,11.859999656677246,11.729999542236328,1577400,False
EC,2024-02-20,11.850000381469727,11.930000305175781,11.569999694824219,11.619999885559082,11.569999694824219,2216600,False
EC,2024-02-21,11.6899995803833,11.90999984741211,11.649999618530273,11.90999984741211,11.649999618530273,1654100,False
EC,2024-02-22,11.859999656677246,12.0,11.789999961853027,11.9399995803833,11.789999961853027,2150200,False
EC,2024-02-23,11.850000381469727,11.850000381469727,11.710000038146973,11.800000190734863,11.710000038146973,1159000,False
EC,2024-02-26,11.800000190734863,11.890000343322754,11.729999542236328,11.880000114440918,11.729999542236328,1152700,False
EC,2024-02-27,11.949999809265137,12.069999694824219,11.90999984741211,11.979999542236328,11.90999984741211,1294300,False
EC,2024-02-28,11.979999542236328,12.140000343322754,11.720000267028809,11.75,11.720000267028809,1821900,False
EC,2024-02-29,11.8100004196167,11.859999656677246,11.699999809265137,11.699999809265137,11.699999809265137,1523000,False
EC,2024-03-01,11.600000381469727,11.670000076293945,11.170000076293945,11.359999656677246,11.170000076293945,5555000,False
EC,2024-03-04,11.15999984741211,11.15999984741211,10.699999809265137,10.770000457763672,10.699999809265137,5418000,False
EC,2024-03-05,10.680000305175781,10.8100004196167,10.539999961853027,10.600000381469727,10.539999961853027,2411300,False
EC,2024-03-06,10.75,10.84000015258789,10.600000381469727,10.609999656677246,10.600000381469727,1506900,False
EC,2024-03-07,10.640000343322754,10.789999961853027,10.579999923706055,10.630000114440918,10.579999923706055,1461300,False
EC,2024-03-08,10.569999694824219,10.640000343322754,10.449999809265137,10.520000457763672,10.449999809265137,2494000,False
EC,2024-03-11,10.470000267028809,10.5600004196167,10.289999961853027,10.529999732971191,10.289999961853027,1942400,False
EC,2024-03-12,10.520000457763672,10.640000343322754,10.420000076293945,10.59000015258789,10.420000076293945,1241700,False
EC,2024-03-13,10.670000076293945,10.819999694824219,10.640000343322754,10.649999618530273,10.640000343322754,1298600,False
EC,2024-03-14,10.699999809265137,10.789999961853027,10.569999694824219,10.770000457763672,10.569999694824219,1760300,False
EC,2024-03-15,10.770000457763672,11.079999923706055,10.760000228881836,11.029999732971191,10.760000228881836,3808800,False
EC,2024-03-18,11.069999694824219,11.119999885559082,10.760000228881836,10.800000190734863,10.760000228881836,2137200,False
EC,2024-03-19,10.770000457763672,10.970000267028809,10.760000228881836,10.859999656677246,10.760000228881836,1467600,False
EC,2024-03-20,10.789999961853027,11.039999961853027,10.75,11.020000457763672,10.75,1606300,False
EC,2024-03-21,11.020000457763672,11.050000190734863,10.880000114440918,10.899999618530273,10.880000114440918,1020500,False
EC,2024-03-22,10.989999771118164,10.989999771118164,10.670000076293945,10.8100004196167,10.670000076293945,2070400,False
EC,2024-03-25,10.920000076293945,11.119999885559082,10.920000076293945,11.029999732971191,10.920000076293945,1692100,False
EC,2024-03-26,11.050000190734863,11.149999618530273,10.869999885559082,10.979999542236328,10.869999885559082,1856100,False
EC,2024-03-27,11.0,11.369999885559082,10.970000267028809,11.329999923706055,10.970000267028809,1827200,False
EC,2024-03-28,11.449999809265137,11.880000114440918,11.4399995803833,11.84000015258789,11.4399995803833,4012600,False
EC,2024-04-01,12.020000457763672,12.130000114440918,11.800000190734863,12.109999656677246,11.800000190734863,3716300,False
EC,2024-04-02,12.220000267028809,12.699999809265137,12.220000267028809,12.699999809265137,12.220000267028809,4147100,False
EC,2024-04-03,12.800000190734863,12.899999618530273,12.649999618530273,12.890000343322754,12.649999618530273,4105800,False
EC,2024-04-04,12.079999923706055,12.300000190734863,11.800000190734863,12.130000114440918,11.800000190734863,4190000,False
EC,2024-04-05,11.979999542236328,12.270000457763672,11.899999618530273,12.149999618530273,11.899999618530273,2162600,False
EC,2024-04-08,12.199999809265137,12.329999923706055,12.0,12.039999961853027,12.0,1688500,False
EC,2024-04-09,12.100000381469727,12.300000190734863,12.029999732971191,12.100000381469727,12.029999732971191,1579600,False
EC,2024-04-10,12.100000381469727,12.300000190734863,11.8100004196167,11.84000015258789,11.8100004196167,3927400,False
EC,2024-04-11,12.0,12.15999984741211,11.850000381469727,12.069999694824219,11.850000381469727,2989200,False
EC,2024-04-12,12.079999923706055,12.199999809265137,11.699999809265137,11.699999809265137,11.699999809265137,2761000,False
EC,2024-04-15,11.800000190734863,11.8100004196167,11.489999771118164,11.529999732971191,11.489999771118164,2179300,False
EC,2024-04-16,11.460000038146973,11.579999923706055,11.369999885559082,11.5,11.369999885559082,1375800,False
EC,2024-04-17,11.470000267028809,11.710000038146973,11.399999618530273,11.449999809265137,11.399999618530273,1175100,False
EC,2024-04-18,11.5600004196167,11.640000343322754,11.289999961853027,11.34000015258789,11.289999961853027,1316900,False
EC,2024-04-19,11.369999885559082,11.600000381469727,11.300000190734863,11.510000228881836,11.300000190734863,1394900,False
EC,2024-04-22,11.449999809265137,11.609999656677246,11.34000015258789,11.569999694824219,11.34000015258789,1177600,False
EC,2024-04-23,11.550000190734863,11.779999732971191,11.529999732971191,11.729999542236328,11.529999732971191,1004300,False
EC,2024-04-24,11.65999984741211,11.720000267028809,11.59000015258789,11.6899995803833,11.59000015258789,984000,False
EC,2024-04-25,11.699999809265137,11.720000267028809,11.579999923706055,11.640000343322754,11.579999923706055,1126900,False
EC,2024-04-26,11.649999618530273,11.859999656677246,11.649999618530273,11.850000381469727,11.649999618530273,1333900,False
EC,2024-04-29,11.899999618530273,12.069999694824219,11.869999885559082,12.0600004196167,11.869999885559082,1479100,False
EC,2024-04-30,11.989999771118164,11.989999771118164,11.609999656677246,11.609999656677246,11.609999656677246,1644600,False
EC,2024-05-01,11.670000076293945,11.789999961853027,11.420000076293945,11.489999771118164,11.420000076293945,2000900,False
EC,2024-05-02,11.649999618530273,11.710000038146973,11.5,11.539999961853027,11.5,1692100,False
EC,2024-05-03,11.579999923706055,11.619999885559082,11.489999771118164,11.539999961853027,11.489999771118164,1441800,False
EC,2024-05-06,11.609999656677246,11.760000228881836,11.59000015258789,11.609999656677246,11.59000015258789,1113500,False
EC,2024-05-07,11.609999656677246,11.779999732971191,11.579999923706055,11.65999984741211,11.579999923706055,1361700,False
EC,2024-05-08,11.5,11.75,11.380000114440918,11.739999771118164,11.380000114440918,1590700,False
EC,2024-05-09,11.75,11.930000305175781,11.680000305175781,11.75,11.680000305175781,1656300,False
EC,2024-05-10,11.90999984741211,11.90999984741211,11.630000114440918,11.640000343322754,11.630000114440918,1378400,False
EC,2024-05-13,11.75,11.760000228881836,11.609999656677246,11.65999984741211,11.609999656677246,1232400,False
EC,2024-05-14,11.619999885559082,12.100000381469727,11.609999656677246,12.09000015258789,11.609999656677246,2381000,False
EC,2024-05-15,12.069999694824219,12.079999923706055,11.720000267028809,12.020000457763672,11.720000267028809,2205000,False
EC,2024-05-16,12.020000457763672,12.09000015258789,11.9399995803833,12.029999732971191,11.9399995803833,1154800,False
EC,2024-05-17,12.029999732971191,12.199999809265137,12.020000457763672,12.130000114440918,12.020000457763672,1543800,False
EC,2024-05-20,12.279999732971191,12.34000015258789,12.15999984741211,12.300000190734863,12.15999984741211,1730400,False
EC,2024-05-21,12.220000267028809,12.479999542236328,12.210000038146973,12.289999961853027,12.210000038146973,1429000,False
EC,2024-05-22,12.1899995803833,12.199999809265137,11.8100004196167,11.880000114440918,11.8100004196167,2265600,False
EC,2024-05-23,11.970000267028809,12.029999732971191,11.8100004196167,11.869999885559082,11.8100004196167,1873500,False
EC,2024-05-24,11.949999809265137,12.050000190734863,11.899999618530273,11.920000076293945,11.899999618530273,1563800,False
EC,2024-05-28,12.100000381469727,12.4399995803833,12.079999923706055,12.430000305175781,12.079999923706055,2905800,False
EC,2024-05-29,12.350000381469727,12.399999618530273,12.25,12.300000190734863,12.25,2059100,False
EC,2024-05-30,12.170000076293945,12.449999809265137,12.170000076293945,12.279999732971191,12.170000076293945,1915000,False
EC,2024-05-31,12.350000381469727,12.40999984741211,12.270000457763672,12.300000190734863,12.270000457763672,2352200,False
EC,2024-06-03,12.390000343322754,12.390000343322754,12.050000190734863,12.180000305175781,12.050000190734863,2049900,False
EC,2024-06-04,12.100000381469727,12.100000381469727,11.850000381469727,12.079999923706055,11.850000381469727,2223800,False
EC,2024-06-05,12.09000015258789,12.149999618530273,11.979999542236328,12.0,11.979999542236328,1764800,False
EC,2024-06-06,11.989999771118164,12.09000015258789,11.920000076293945,12.029999732971191,11.920000076293945,1268900,False
EC,2024-06-07,11.979999542236328,12.140000343322754,11.949999809265137,11.989999771118164,11.949999809265137,1340200,False
EC,2024-06-10,12.300000190734863,12.300000190734863,12.069999694824219,12.119999885559082,12.069999694824219,1669600,False
EC,2024-06-11,12.119999885559082,12.119999885559082,11.930000305175781,11.930000305175781,11.930000305175781,1917100,False
EC,2024-06-12,12.130000114440918,12.130000114440918,11.779999732971191,11.819999694824219,11.779999732971191,2562900,False
EC,2024-06-13,11.880000114440918,11.9399995803833,11.600000381469727,11.729999542236328,11.600000381469727,2815100,False
EC,2024-06-14,11.649999618530273,11.710000038146973,11.569999694824219,11.640000343322754,11.569999694824219,1673800,False
EC,2024-06-17,11.979999542236328,12.180000305175781,11.760000228881836,11.819999694824219,11.760000228881836,3117800,False
EC,2024-06-18,11.9399995803833,12.140000343322754,11.920000076293945,12.050000190734863,11.920000076293945,2309200,False
EC,2024-06-20,12.210000038146973,12.279999732971191,12.0600004196167,12.109999656677246,12.0600004196167,3134600,False
EC,2024-06-21,12.180000305175781,12.180000305175781,12.0,12.0,12.0,2850100,False
EC,2024-06-24,12.15999984741211,12.670000076293945,12.09000015258789,12.670000076293945,12.09000015258789,6602200,False
EC,2024-06-25,11.600000381469727,11.600000381469727,11.079999923706055,11.170000076293945,11.079999923706055,6780700,True
EC,2024-06-26,11.210000038146973,11.239999771118164,11.029999732971191,11.170000076293945,11.029999732971191,2962100,False
EC,2024-06-27,11.180000305175781,11.199999809265137,11.010000228881836,11.15999984741211,11.010000228881836,2408400,False
EC,2024-06-28,11.25,11.300000190734863,11.119999885559082,11.1899995803833,11.119999885559082,1948100,False
EC,2024-07-01,11.260000228881836,11.319999694824219,11.079999923706055,11.100000381469727,11.079999923706055,2274700,False
EC,2024-07-02,11.119999885559082,11.229999542236328,11.050000190734863,11.140000343322754,11.050000190734863,2041800,False
EC,2024-07-03,11.180000305175781,11.300000190734863,11.15999984741211,11.270000457763672,11.15999984741211,1390500,False
EC,2024-07-05,11.260000228881836,11.319999694824219,11.149999618530273,11.229999542236328,11.149999618530273,1820300,False
EC,2024-07-08,11.220000267028809,11.260000228881836,11.170000076293945,11.229999542236328,11.170000076293945,1046900,False
EC,2024-07-09,11.220000267028809,11.239999771118164,11.109999656677246,11.130000114440918,11.109999656677246,1197200,False
EC,2024-07-10,11.199999809265137,11.279999732971191,11.0600004196167,11.140000343322754,11.0600004196167,1572100,False
EC,2024-07-11,11.140000343322754,11.270000457763672,11.09000015258789,11.199999809265137,11.09000015258789,1688800,False
EC,2024-07-12,11.270000457763672,11.270000457763672,11.109999656677246,11.1899995803833,11.109999656677246,1427300,False
EC,2024-07-15,11.1899995803833,11.289999961853027,11.100000381469727,11.170000076293945,11.100000381469727,1276000,False
EC,2024-07-16,11.170000076293945,11.170000076293945,11.0,11.010000228881836,11.0,2433900,False
EC,2024-07-17,11.010000228881836,11.09000015258789,10.90999984741211,10.960000038146973,10.90999984741211,1648000,False
EC,2024-07-18,10.960000038146973,11.010000228881836,10.850000381469727,10.869999885559082,10.850000381469727,1753100,False
EC,2024-07-19,10.880000114440918,10.949999809265137,10.789999961853027,10.8100004196167,10.789999961853027,1178500,False
EC,2024-07-22,10.8100004196167,10.90999984741211,10.680000305175781,10.8100004196167,10.680000305175781,2150500,False
EC,2024-07-23,10.779999732971191,10.789999961853027,10.569999694824219,10.640000343322754,10.569999694824219,2124000,False
EC,2024-07-24,10.680000305175781,10.770000457763672,10.579999923706055,10.600000381469727,10.579999923706055,1474900,False
EC,2024-07-25,10.59000015258789,10.699999809265137,10.510000228881836,10.680000305175781,10.510000228881836,1541600,False
EC,2024-07-26,10.699999809265137,10.760000228881836,10.619999885559082,10.699999809265137,10.619999885559082,1357300,False
EC,2024-07-29,10.699999809265137,10.720000267028809,10.430000305175781,10.550000190734863,10.430000305175781,2471100,False
EC,2024-07-30,10.510000228881836,10.539999961853027,10.359999656677246,10.460000038146973,10.359999656677246,1818000,False
EC,2024-07-31,10.59000015258789,10.779999732971191,10.579999923706055,10.720000267028809,10.579999923706055,1582200,False
EC,2024-08-01,10.699999809265137,10.779999732971191,10.34000015258789,10.420000076293945,10.34000015258789,1768700,False
EC,2024-08-02,10.300000190734863,10.34000015258789,9.949999809265137,9.989999771118164,9.949999809265137,3777900,False
EC,2024-08-05,9.449999809265137,9.760000228881836,9.350000381469727,9.720000267028809,9.350000381469727,3742800,False
EC,2024-08-06,9.770000457763672,10.130000114440918,9.760000228881836,10.050000190734863,9.760000228881836,2534700,False
EC,2024-08-07,10.25,10.289999961853027,10.039999961853027,10.109999656677246,10.039999961853027,1548400,False
EC,2024-08-08,10.1899995803833,10.350000381469727,10.119999885559082,10.34000015258789,10.119999885559082,1371400,False
EC,2024-08-09,10.399999618530273,10.5,10.3100004196167,10.470000267028809,10.3100004196167,1248200,False
EC,2024-08-12,10.539999961853027,10.670000076293945,10.529999732971191,10.640000343322754,10.529999732971191,1948600,False
EC,2024-08-13,10.630000114440918,10.630000114440918,10.420000076293945,10.510000228881836,10.420000076293945,1821500,False
EC,2024-08-14,10.260000228881836,10.550000190734863,10.140000343322754,10.15999984741211,10.140000343322754,2584800,False
EC,2024-08-15,10.220000267028809,10.390000343322754,10.210000038146973,10.34000015258789,10.210000038146973,1288800,False
EC,2024-08-16,10.350000381469727,10.399999618530273,10.25,10.369999885559082,10.25,1132200,False
EC,2024-08-19,10.369999885559082,10.40999984741211,10.300000190734863,10.40999984741211,10.300000190734863,1539600,False
EC,2024-08-20,10.380000114440918,10.399999618530273,10.130000114440918,10.170000076293945,10.130000114440918,1847500,False
EC,2024-08-21,10.279999732971191,10.300000190734863,10.130000114440918,10.149999618530273,10.130000114440918,1401800,False
EC,2024-08-22,10.1899995803833,10.210000038146973,10.039999961853027,10.039999961853027,10.039999961853027,1413300,False
EC,2024-08-23,10.170000076293945,10.260000228881836,10.109999656677246,10.220000267028809,10.109999656677246,1686600,False
EC,2024-08-26,10.319999694824219,10.460000038146973,10.260000228881836,10.40999984741211,10.260000228881836,1844000,False
EC,2024-08-27,10.380000114440918,10.380000114440918,10.229999542236328,10.239999771118164,10.229999542236328,955000,False
EC,2024-08-28,10.180000305175781,10.199999809265137,10.0600004196167,10.09000015258789,10.0600004196167,1225800,False
EC,2024-08-29,10.050000190734863,10.119999885559082,9.9399995803833,9.970000267028809,9.9399995803833,1918200,False
EC,2024-08-30,9.949999809265137,9.979999542236328,9.699999809265137,9.84000015258789,9.699999809265137,2466500,False
EC,2024-09-03,9.779999732971191,9.779999732971191,9.460000038146973,9.460000038146973,9.460000038146973,2456700,False
EC,2024-09-04,9.460000038146973,9.529999732971191,9.220000267028809,9.25,9.220000267028809,2180700,False
EC,2024-09-05,9.350000381469727,9.369999885559082,9.220000267028809,9.220000267028809,9.220000267028809,1645000,False
EC,2024-09-06,9.329999923706055,9.369999885559082,9.140000343322754,9.1899995803833,9.140000343322754,2641700,False
EC,2024-09-09,9.199999809265137,9.220000267028809,9.029999732971191,9.039999961853027,9.029999732971191,1622000,False
EC,2024-09-10,9.029999732971191,9.029999732971191,8.670000076293945,8.829999923706055,8.670000076293945,4049300,False
EC,2024-09-11,8.899999618530273,9.039999961853027,8.819999694824219,8.960000038146973,8.819999694824219,1964800,False
EC,2024-09-12,9.0,9.1899995803833,8.920000076293945,9.170000076293945,8.920000076293945,1873400,False
EC,2024-09-13,9.319999694824219,9.350000381469727,9.140000343322754,9.15999984741211,9.140000343322754,1902400,False
EC,2024-09-16,9.25,9.329999923706055,9.199999809265137,9.260000228881836,9.199999809265137,1045400,False
EC,2024-09-17,9.289999961853027,9.329999923706055,9.239999771118164,9.289999961853027,9.239999771118164,947500,False
EC,2024-09-18,9.210000038146973,9.300000190734863,9.149999618530273,9.15999984741211,9.149999618530273,1662600,False
EC,2024-09-19,9.329999923706055,9.369999885559082,9.069999694824219,9.140000343322754,9.069999694824219,2180400,False
EC,2024-09-20,9.140000343322754,9.140000343322754,9.010000228881836,9.130000114440918,9.010000228881836,1710400,False
EC,2024-09-23,9.15999984741211,9.359999656677246,9.140000343322754,9.260000228881836,9.140000343322754,1149600,False
EC,2024-09-24,9.399999618530273,9.4399995803833,9.289999961853027,9.319999694824219,9.289999961853027,955800,False
EC,2024-09-25,9.15999984741211,9.170000076293945,8.739999771118164,8.75,8.739999771118164,5026000,False
EC,2024-09-26,8.729999542236328,8.920000076293945,8.649999618530273,8.760000228881836,8.649999618530273,2592500,False
EC,2024-09-27,8.8100004196167,9.0600004196167,8.8100004196167,9.020000457763672,8.8100004196167,1915800,False
EC,2024-09-30,9.0600004196167,9.0600004196167,8.880000114440918,8.930000305175781,8.880000114440918,1544300,False
EC,2024-10-01,8.890000343322754,9.149999618530273,8.859999656677246,9.029999732971191,8.859999656677246,2131900,False
EC,2024-10-02,9.109999656677246,9.279999732971191,8.960000038146973,9.010000228881836,8.960000038146973,2250400,False
EC,2024-10-03,9.010000228881836,9.020000457763672,8.899999618530273,8.989999771118164,8.899999618530273,2244400,False
EC,2024-10-04,9.210000038146973,9.270000457763672,9.010000228881836,9.020000457763672,9.010000228881836,3145600,False
EC,2024-10-07,9.079999923706055,9.220000267028809,9.039999961853027,9.050000190734863,9.039999961853027,2148200,False
EC,2024-10-08,9.0,9.0,8.550000190734863,8.670000076293945,8.550000190734863,4110700,False
EC,2024-10-09,8.670000076293945,8.729999542236328,8.5600004196167,8.640000343322754,8.5600004196167,2206400,False
EC,2024-10-10,8.760000228881836,8.869999885559082,8.6899995803833,8.8100004196167,8.6899995803833,1873000,False
EC,2024-10-11,8.8100004196167,8.850000381469727,8.729999542236328,8.739999771118164,8.729999542236328,1839900,False
EC,2024-10-14,8.6899995803833,8.699999809265137,8.579999923706055,8.6899995803833,8.579999923706055,1828100,False
EC,2024-10-15,8.550000190734863,8.550000190734863,8.329999923706055,8.34000015258789,8.329999923706055,3382000,False
EC,2024-10-16,8.350000381469727,8.420000076293945,8.210000038146973,8.239999771118164,8.210000038146973,2457100,False
EC,2024-10-17,8.239999771118164,8.25,8.130000114440918,8.149999618530273,8.130000114440918,2432600,False
EC,2024-10-18,8.199999809265137,8.25,8.130000114440918,8.229999542236328,8.130000114440918,3150100,False
EC,2024-10-21,8.25,8.329999923706055,8.010000228881836,8.069999694824219,8.010000228881836,2865200,False
EC,2024-10-22,8.100000381469727,8.1899995803833,8.069999694824219,8.140000343322754,8.069999694824219,1809600,False
EC,2024-10-23,8.130000114440918,8.149999618530273,7.920000076293945,8.010000228881836,7.920000076293945,3111000,False
EC,2024-10-24,8.050000190734863,8.079999923706055,7.980000019073486,8.029999732971191,7.980000019073486,2206800,False
EC,2024-10-25,8.069999694824219,8.149999618530273,8.050000190734863,8.100000381469727,8.050000190734863,1794400,False
EC,2024-10-28,7.920000076293945,8.09000015258789,7.829999923706055,8.050000190734863,7.829999923706055,2188300,False
EC,2024-10-29,8.050000190734863,8.0600004196167,7.909999847412109,7.96999979019165,7.909999847412109,2479600,False
EC,2024-10-30,8.0,8.029999732971191,7.800000190734863,7.809999942779541,7.800000190734863,2837900,False
EC,2024-10-31,7.849999904632568,7.849999904632568,7.619999885559082,7.699999809265137,7.619999885559082,3138900,False
EC,2024-11-01,7.800000190734863,7.860000133514404,7.590000152587891,7.599999904632568,7.590000152587891,2475000,False
EC,2024-11-04,7.739999771118164,7.769999980926514,7.599999904632568,7.610000133514404,7.599999904632568,1980600,False
EC,2024-11-05,7.619999885559082,7.630000114440918,7.519999980926514,7.559999942779541,7.519999980926514,2614200,False
EC,2024-11-06,7.550000190734863,7.630000114440918,7.440000057220459,7.570000171661377,7.440000057220459,2899100,False
EC,2024-11-07,7.650000095367432,7.670000076293945,7.599999904632568,7.650000095367432,7.599999904632568,2263500,False
EC,2024-11-08,7.670000076293945,7.670000076293945,7.329999923706055,7.360000133514404,7.329999923706055,3409000,False
EC,2024-11-11,7.349999904632568,7.510000228881836,7.269999980926514,7.5,7.269999980926514,2542400,False
EC,2024-11-12,7.489999771118164,7.570000171661377,7.409999847412109,7.460000038146973,7.409999847412109,2122400,False
EC,2024-11-13,7.440000057220459,7.440000057220459,7.210000038146973,7.360000133514404,7.210000038146973,5868400,False
EC,2024-11-14,7.480000019073486,7.860000133514404,7.46999979019165,7.730000019073486,7.46999979019165,7238500,False
EC,2024-11-15,7.820000171661377,7.96999979019165,7.710000038146973,7.920000076293945,7.710000038146973,4181900,False
EC,2024-11-18,7.960000038146973,8.180000305175781,7.960000038146973,8.15999984741211,7.960000038146973,5212700,False
EC,2024-11-19,8.100000381469727,8.130000114440918,7.989999771118164,8.050000190734863,7.989999771118164,2494700,False
EC,2024-11-20,8.069999694824219,8.149999618530273,8.020000457763672,8.079999923706055,8.020000457763672,1832800,False
EC,2024-11-21,8.100000381469727,8.239999771118164,8.100000381469727,8.1899995803833,8.100000381469727,2454300,False
EC,2024-11-22,8.15999984741211,8.40999984741211,8.149999618530273,8.329999923706055,8.149999618530273,2566100,False
EC,2024-11-25,8.300000190734863,8.329999923706055,8.029999732971191,8.100000381469727,8.029999732971191,2904500,False
EC,2024-11-26,8.079999923706055,8.09000015258789,7.920000076293945,7.980000019073486,7.920000076293945,1844100,False
EC,2024-11-27,7.980000019073486,8.109999656677246,7.960000038146973,8.039999961853027,7.960000038146973,1414500,False
EC,2024-11-29,8.020000457763672,8.09000015258789,7.989999771118164,8.029999732971191,7.989999771118164,1157900,False
EC,2024-12-02,8.010000228881836,8.050000190734863,7.789999961853027,7.929999828338623,7.789999961853027,2630600,False
EC,2024-12-03,7.949999809265137,8.029999732971191,7.909999847412109,7.96999979019165,7.909999847412109,1502100,False
EC,2024-12-04,7.949999809265137,8.0600004196167,7.869999885559082,7.900000095367432,7.869999885559082,1713900,False
EC,2024-12-05,7.940000057220459,8.119999885559082,7.929999828338623,8.029999732971191,7.929999828338623,1803900,False
EC,2024-12-06,8.010000228881836,8.010000228881836,7.75,7.860000133514404,7.75,2430300,False
EC,2024-12-09,7.980000019073486,8.319999694824219,7.980000019073486,8.210000038146973,7.980000019073486,3721300,False
EC,2024-12-10,8.25,8.430000305175781,8.229999542236328,8.359999656677246,8.229999542236328,2245000,False
EC,2024-12-11,8.359999656677246,8.399999618530273,8.239999771118164,8.359999656677246,8.239999771118164,1678400,False
EC,2024-12-12,8.260000228881836,8.329999923706055,8.170000076293945,8.3100004196167,8.170000076293945,1720400,False
EC,2024-12-13,8.279999732971191,8.350000381469727,8.149999618530273,8.220000267028809,8.149999618530273,1429200,False
EC,2024-12-16,8.170000076293945,8.170000076293945,7.909999847412109,7.949999809265137,7.909999847412109,2800100,False
EC,2024-12-17,7.900000095367432,7.920000076293945,7.78000020980835,7.889999866485596,7.78000020980835,2471100,False
EC,2024-12-18,7.880000114440918,7.949999809265137,7.619999885559082,7.639999866485596,7.619999885559082,2049900,False
EC,2024-12-19,7.699999809265137,7.789999961853027,7.610000133514404,7.619999885559082,7.610000133514404,1561700,False
EC,2024-12-20,7.550000190734863,7.730000019073486,7.5,7.639999866485596,7.5,2133100,False
EC,2024-12-23,7.579999923706055,7.599999904632568,7.409999847412109,7.539999961853027,7.409999847412109,2661200,False
EC,2024-12-24,7.550000190734863,7.579999923706055,7.429999828338623,7.550000190734863,7.429999828338623,883800,False
EC,2024-12-26,7.559999942779541,7.639999866485596,7.5,7.550000190734863,7.5,1400500,False
EC,2024-12-27,7.539999961853027,7.650000095367432,7.480000019073486,7.550000190734863,7.480000019073486,2105700,False
EC,2024-12-30,7.559999942779541,7.75,7.550000190734863,7.679999828338623,7.550000190734863,2143500,False
EC,2024-12-31,7.699999809265137,7.960000038146973,7.679999828338623,7.920000076293945,7.679999828338623,2005000,False
EC,2025-01-02,8.0,8.239999771118164,7.980000019073486,8.220000267028809,7.980000019073486,3179400,False
EC,2025-01-03,8.25,8.300000190734863,8.140000343322754,8.260000228881836,8.140000343322754,1941600,False
EC,2025-01-06,8.329999923706055,8.529999732971191,8.279999732971191,8.300000190734863,8.279999732971191,2145500,False
EC,2025-01-07,8.430000305175781,8.59000015258789,8.399999618530273,8.550000190734863,8.399999618530273,2323300,False
EC,2025-01-08,8.479999542236328,8.510000228881836,8.380000114440918,8.479999542236328,8.380000114440918,1937200,False
EC,2025-01-10,8.600000381469727,8.670000076293945,8.470000267028809,8.489999771118164,8.470000267028809,3356900,False
EC,2025-01-13,8.529999732971191,8.739999771118164,8.489999771118164,8.569999694824219,8.489999771118164,2948700,False
EC,2025-01-14,8.5600004196167,8.619999885559082,8.449999809265137,8.569999694824219,8.449999809265137,1526300,False
EC,2025-01-15,8.649999618530273,8.649999618530273,8.449999809265137,8.600000381469727,8.449999809265137,2479000,False
EC,2025-01-16,8.600000381469727,8.710000038146973,8.5600004196167,8.630000114440918,8.5600004196167,2182700,False
EC,2025-01-17,8.630000114440918,8.649999618530273,8.380000114440918,8.449999809265137,8.380000114440918,2444400,False
EC,2025-01-21,8.420000076293945,8.470000267028809,8.239999771118164,8.4399995803833,8.239999771118164,2547800,False
EC,2025-01-22,8.430000305175781,8.460000038146973,8.25,8.270000457763672,8.25,2571200,False
EC,2025-01-23,8.279999732971191,8.449999809265137,8.279999732971191,8.420000076293945,8.279999732971191,1834700,False
EC,2025-01-24,8.449999809265137,8.460000038146973,8.319999694824219,8.430000305175781,8.319999694824219,1586900,False
EC,2025-01-27,8.239999771118164,8.569999694824219,8.149999618530273,8.5600004196167,8.149999618530273,2897200,False
EC,2025-01-28,8.550000190734863,8.649999618530273,8.489999771118164,8.609999656677246,8.489999771118164,2115100,False
EC,2025-01-29,8.619999885559082,9.0600004196167,8.579999923706055,9.039999961853027,8.579999923706055,3954700,False
EC,2025-01-30,9.119999885559082,9.699999809265137,9.119999885559082,9.670000076293945,9.119999885559082,6517500,False
EC,2025-01-31,9.670000076293945,9.670000076293945,9.279999732971191,9.279999732971191,9.279999732971191,4803500,False
EC,2025-02-03,9.210000038146973,9.649999618530273,9.130000114440918,9.619999885559082,9.130000114440918,3437800,False
EC,2025-02-04,9.630000114440918,9.90999984741211,9.510000228881836,9.84000015258789,9.510000228881836,3180400,False
EC,2025-02-05,9.680000305175781,9.6899995803833,9.460000038146973,9.479999542236328,9.460000038146973,3366300,False
EC,2025-02-06,9.5600004196167,9.6899995803833,9.520000457763672,9.670000076293945,9.520000457763672,2535000,False
EC,2025-02-07,9.680000305175781,9.789999961853027,9.640000343322754,9.670000076293945,9.640000343322754,1702700,False
EC,2025-02-10,9.800000190734863,9.949999809265137,9.779999732971191,9.8100004196167,9.779999732971191,2660300,False
EC,2025-02-11,9.789999961853027,9.829999923706055,9.729999542236328,9.800000190734863,9.729999542236328,1564500,False
EC,2025-02-12,9.699999809265137,9.829999923706055,9.539999961853027,9.630000114440918,9.539999961853027,2195300,False
EC,2025-02-13,9.6899995803833,10.270000457763672,9.649999618530273,10.220000267028809,9.649999618530273,4149400,False
EC,2025-02-14,10.300000190734863,10.359999656677246,10.229999542236328,10.25,10.229999542236328,1596700,False
EC,2025-02-18,10.5,10.84000015258789,10.460000038146973,10.829999923706055,10.460000038146973,4398500,False
EC,2025-02-19,10.829999923706055,11.050000190734863,10.819999694824219,10.90999984741211,10.819999694824219,2809100,False
EC,2025-02-20,10.920000076293945,11.010000228881836,10.819999694824219,10.9399995803833,10.819999694824219,2468000,False
EC,2025-02-21,10.800000190734863,10.84000015258789,10.40999984741211,10.430000305175781,10.40999984741211,2780900,False
EC,2025-02-24,10.449999809265137,10.449999809265137,10.180000305175781,10.390000343322754,10.180000305175781,2971100,False
EC,2025-02-25,10.359999656677246,10.430000305175781,10.149999618530273,10.260000228881836,10.149999618530273,2796600,False
EC,2025-02-26,10.229999542236328,10.25,10.050000190734863,10.119999885559082,10.050000190734863,2836300,False
EC,2025-02-27,10.100000381469727,10.239999771118164,9.84000015258789,9.90999984741211,9.84000015258789,3973300,False
EC,2025-02-28,9.739999771118164,9.930000305175781,9.630000114440918,9.880000114440918,9.630000114440918,3430200,False
EC,2025-03-03,9.9399995803833,10.0600004196167,9.399999618530273,9.470000267028809,9.399999618530273,3422900,False
EC,2025-03-04,9.380000114440918,9.390000343322754,9.010000228881836,9.109999656677246,9.010000228881836,4026900,False
EC,2025-03-05,9.289999961853027,9.460000038146973,9.100000381469727,9.369999885559082,9.100000381469727,4121300,False
EC,2025-03-06,9.369999885559082,9.779999732971191,9.319999694824219,9.59000015258789,9.319999694824219,3090400,False
EC,2025-03-07,9.640000343322754,10.039999961853027,9.640000343322754,9.920000076293945,9.640000343322754,2440000,False
EC,2025-03-10,9.920000076293945,9.979999542236328,9.619999885559082,9.739999771118164,9.619999885559082,2062600,False
EC,2025-03-11,9.680000305175781,9.760000228881836,9.420000076293945,9.619999885559082,9.420000076293945,1902200,False
EC,2025-03-12,9.65999984741211,9.819999694824219,9.579999923706055,9.739999771118164,9.579999923706055,1475600,False
EC,2025-03-13,9.770000457763672,9.9399995803833,9.710000038146973,9.779999732971191,9.710000038146973,1272100,False
EC,2025-03-14,9.869999885559082,10.170000076293945,9.84000015258789,10.130000114440918,9.84000015258789,1552800,False
EC,2025-03-17,10.1899995803833,10.470000267028809,10.1899995803833,10.359999656677246,10.1899995803833,1731900,False
EC,2025-03-18,10.420000076293945,10.420000076293945,10.180000305175781,10.319999694824219,10.180000305175781,1845100,False
EC,2025-03-19,10.199999809265137,10.25,10.050000190734863,10.210000038146973,10.050000190734863,1831600,False
EC,2025-03-20,10.100000381469727,10.15999984741211,10.020000457763672,10.109999656677246,10.020000457763672,1827200,False
EC,2025-03-21,10.020000457763672,10.180000305175781,10.020000457763672,10.15999984741211,10.020000457763672,1944700,False
EC,2025-03-24,10.170000076293945,10.279999732971191,9.979999542236328,10.079999923706055,9.979999542236328,2140400,False
EC,2025-03-25,10.15999984741211,10.380000114440918,10.149999618530273,10.3100004196167,10.149999618530273,1903100,False
EC,2025-03-26,10.40999984741211,10.479999542236328,10.369999885559082,10.399999618530273,10.369999885559082,1953700,False
EC,2025-03-27,10.380000114440918,10.520000457763672,10.270000457763672,10.390000343322754,10.270000457763672,1607000,False
EC,2025-03-28,10.4399995803833,10.460000038146973,10.09000015258789,10.220000267028809,10.09000015258789,2757700,False
EC,2025-03-31,10.029999732971191,10.510000228881836,10.0,10.4399995803833,10.0,3473700,False
EC,2025-04-01,10.5,10.649999618530273,10.4399995803833,10.609999656677246,10.4399995803833,2300400,False
EC,2025-04-02,10.579999923706055,10.65999984741211,10.40999984741211,10.630000114440918,10.40999984741211,2453200,False
EC,2025-04-03,9.550000190734863,9.869999885559082,9.479999542236328,9.550000190734863,9.479999542236328,3752300,True
EC,2025-04-04,9.050000190734863,9.140000343322754,8.550000190734863,9.0,8.550000190734863,5812300,False
EC,2025-04-07,8.4399995803833,9.170000076293945,8.420000076293945,8.829999923706055,8.420000076293945,5549900,False
EC,2025-04-08,9.09000015258789,9.109999656677246,8.0,8.140000343322754,8.0,6072500,True
EC,2025-04-09,7.949999809265137,9.020000457763672,7.809999942779541,8.949999809265137,8.062108993530273,5689000,True
EC,2025-04-10,8.75,8.829999923706055,8.140000343322754,8.229999542236328,8.140000343322754,5036900,True
EC,2025-04-11,8.369999885559082,8.850000381469727,8.279999732971191,8.800000190734863,8.279999732971191,3318600,False
EC,2025-04-14,9.109999656677246,9.15999984741211,8.779999732971191,8.890000343322754,8.779999732971191,2560500,False
EC,2025-04-15,8.890000343322754,8.9399995803833,8.770000457763672,8.8100004196167,8.770000457763672,2322800,False
EC,2025-04-16,8.899999618530273,9.029999732971191,8.819999694824219,8.859999656677246,8.819999694824219,1631000,False
EC,2025-04-17,9.0,9.229999542236328,8.960000038146973,9.119999885559082,8.960000038146973,1500000,False
EC,2025-04-21,9.079999923706055,9.079999923706055,8.930000305175781,9.050000190734863,8.930000305175781,1619500,False
EC,2025-04-22,9.199999809265137,9.199999809265137,8.989999771118164,9.039999961853027,8.989999771118164,2120600,False
EC,2025-04-23,9.199999809265137,9.229999542236328,9.010000228881836,9.149999618530273,9.010000228881836,2035800,False
EC,2025-04-24,9.289999961853027,9.3100004196167,9.180000305175781,9.289999961853027,9.180000305175781,1677900,False
EC,2025-04-25,9.270000457763672,9.329999923706055,9.1899995803833,9.289999961853027,9.1899995803833,2037000,False
EC,2025-04-28,8.779999732971191,8.779999732971191,8.40999984741211,8.470000267028809,8.40999984741211,3871100,True
EC,2025-04-29,8.430000305175781,8.4399995803833,8.210000038146973,8.300000190734863,8.210000038146973,3694700,False
EC,2025-04-30,8.25,8.260000228881836,7.960000038146973,8.109999656677246,7.960000038146973,3547800,False
EC,2025-05-01,8.09000015258789,8.300000190734863,8.029999732971191,8.0600004196167,8.029999732971191,1978200,False
EC,2025-05-02,8.1899995803833,8.210000038146973,7.949999809265137,8.149999618530273,7.949999809265137,3711400,False
EC,2025-05-05,8.069999694824219,8.109999656677246,7.849999904632568,7.880000114440918,7.849999904632568,2925500,False
EC,2025-05-06,7.96999979019165,8.029999732971191,7.829999923706055,7.880000114440918,7.829999923706055,3256200,False
EC,2025-05-07,8.010000228881836,8.149999618530273,7.800000190734863,7.909999847412109,7.800000190734863,5522000,False
EC,2025-05-08,7.96999979019165,8.15999984741211,7.940000057220459,8.09000015258789,7.940000057220459,2285400,False
EC,2025-05-09,8.1899995803833,8.3100004196167,8.100000381469727,8.15999984741211,8.100000381469727,1924700,False
EC,2025-05-12,8.449999809265137,8.449999809265137,8.180000305175781,8.289999961853027,8.180000305175781,2612300,False
EC,2025-05-13,8.369999885559082,8.770000457763672,8.319999694824219,8.619999885559082,8.319999694824219,3137300,False
EC,2025-05-14,8.569999694824219,8.649999618530273,8.510000228881836,8.640000343322754,8.510000228881836,2068100,False
EC,2025-05-15,8.510000228881836,8.609999656677246,8.399999618530273,8.510000228881836,8.399999618530273,2015000,False
EC,2025-05-16,8.550000190734863,8.630000114440918,8.489999771118164,8.600000381469727,8.489999771118164,1612900,False
EC,2025-05-19,8.5,8.649999618530273,8.399999618530273,8.619999885559082,8.399999618530273,1920000,False
EC,2025-05-20,8.600000381469727,8.640000343322754,8.529999732971191,8.569999694824219,8.529999732971191,1117400,False
EC,2025-05-21,8.640000343322754,8.65999984741211,8.4399995803833,8.449999809265137,8.4399995803833,2163300,False
EC,2025-05-22,8.4399995803833,8.5,8.300000190734863,8.470000267028809,8.300000190734863,1611500,False
EC,2025-05-23,8.380000114440918,8.609999656677246,8.380000114440918,8.609999656677246,8.380000114440918,1255600,False
EC,2025-05-27,8.619999885559082,8.75,8.609999656677246,8.699999809265137,8.609999656677246,1697700,False
EC,2025-05-28,8.75,8.75,8.569999694824219,8.619999885559082,8.569999694824219,1534100,False
EC,2025-05-29,8.680000305175781,8.729999542236328,8.600000381469727,8.720000267028809,8.600000381469727,1509600,False
EC,2025-05-30,8.649999618530273,8.6899995803833,8.4399995803833,8.470000267028809,8.4399995803833,2152700,False
EC,2025-06-02,8.640000343322754,8.699999809265137,8.40999984741211,8.5,8.40999984741211,1779200,False
EC,2025-06-03,8.510000228881836,8.680000305175781,8.369999885559082,8.65999984741211,8.369999885559082,1544700,False
EC,2025-06-04,8.680000305175781,8.880000114440918,8.619999885559082,8.630000114440918,8.619999885559082,2560600,False
EC,2025-06-05,8.770000457763672,8.800000190734863,8.65999984741211,8.6899995803833,8.65999984741211,1338800,False
EC,2025-06-06,8.699999809265137,9.020000457763672,8.6899995803833,8.970000267028809,8.6899995803833,2506700,False
EC,2025-06-09,9.050000190734863,9.050000190734863,8.84000015258789,8.930000305175781,8.84000015258789,1762600,False
EC,2025-06-10,9.050000190734863,9.15999984741211,8.9399995803833,9.020000457763672,8.9399995803833,2316300,False
EC,2025-06-11,9.100000381469727,9.34000015258789,9.050000190734863,9.3100004196167,9.050000190734863,2282000,False
EC,2025-06-12,9.300000190734863,9.380000114440918,9.229999542236328,9.329999923706055,9.229999542236328,1910500,False
EC,2025-06-13,9.640000343322754,9.710000038146973,9.449999809265137,9.670000076293945,9.449999809265137,4418600,False
EC,2025-06-16,9.630000114440918,9.819999694824219,9.470000267028809,9.5,9.470000267028809,2617300,False
EC,2025-06-17,9.600000381469727,9.680000305175781,9.510000228881836,9.600000381469727,9.510000228881836,1681600,False
EC,2025-06-18,9.649999618530273,9.819999694824219,9.609999656677246,9.729999542236328,9.609999656677246,3400600,False
EC,2025-06-20,9.729999542236328,9.949999809265137,9.710000038146973,9.84000015258789,9.710000038146973,3248200,False
EC,2025-06-23,9.899999618530273,9.930000305175781,9.399999618530273,9.449999809265137,9.399999618530273,3809500,False
EC,2025-06-24,9.319999694824219,9.520000457763672,9.229999542236328,9.399999618530273,9.229999542236328,3190000,False
EC,2025-06-25,9.350000381469727,9.449999809265137,9.260000228881836,9.329999923706055,9.260000228881836,3331800,False
EC,2025-06-26,9.329999923706055,9.380000114440918,9.119999885559082,9.239999771118164,9.119999885559082,3312900,False
EC,2025-06-27,9.239999771118164,9.239999771118164,8.880000114440918,8.930000305175781,8.880000114440918,2794500,False
EC,2025-06-30,8.880000114440918,8.930000305175781,8.800000190734863,8.850000381469727,8.800000190734863,1626300,False
EC,2025-07-01,8.899999618530273,9.0,8.829999923706055,8.899999618530273,8.829999923706055,2160200,False
EC,2025-07-02,9.119999885559082,9.279999732971191,9.039999961853027,9.270000457763672,9.039999961853027,2254400,False
EC,2025-07-03,9.1899995803833,9.3100004196167,9.149999618530273,9.170000076293945,9.149999618530273,998300,False
EC,2025-07-07,9.069999694824219,9.100000381469727,8.829999923706055,8.869999885559082,8.829999923706055,2445000,False
EC,2025-07-08,8.9399995803833,9.15999984741211,8.90999984741211,9.109999656677246,8.90999984741211,2139100,False
EC,2025-07-09,9.109999656677246,9.140000343322754,8.949999809265137,8.949999809265137,8.949999809265137,2049300,False
EC,2025-07-10,8.960000038146973,9.039999961853027,8.850000381469727,9.0,8.850000381469727,2209200,False
EC,2025-07-11,8.979999542236328,9.140000343322754,8.979999542236328,9.069999694824219,8.979999542236328,1782300,False
EC,2025-07-14,9.010000228881836,9.020000457763672,8.859999656677246,8.920000076293945,8.859999656677246,2720000,False
EC,2025-07-15,8.869999885559082,9.010000228881836,8.819999694824219,8.84000015258789,8.819999694824219,2119800,False
EC,2025-07-16,8.880000114440918,8.9399995803833,8.720000267028809,8.869999885559082,8.720000267028809,3111300,False
EC,2025-07-17,8.770000457763672,8.970000267028809,8.770000457763672,8.880000114440918,8.770000457763672,2326400,False
EC,2025-07-18,8.90999984741211,9.0600004196167,8.819999694824219,8.84000015258789,8.819999694824219,2222500,False
EC,2025-07-21,8.899999618530273,8.979999542236328,8.84000015258789,8.84000015258789,8.84000015258789,1568600,False
EC,2025-07-22,8.859999656677246,8.920000076293945,8.720000267028809,8.729999542236328,8.720000267028809,1492500,False
EC,2025-07-23,8.800000190734863,8.949999809265137,8.770000457763672,8.920000076293945,8.770000457763672,2048600,False
EC,2025-07-24,8.880000114440918,8.880000114440918,8.59000015258789,8.600000381469727,8.59000015258789,3500400,False
EC,2025-07-25,8.630000114440918,8.65999984741211,8.550000190734863,8.579999923706055,8.550000190734863,1243900,False
EC,2025-07-28,8.569999694824219,8.670000076293945,8.520000457763672,8.569999694824219,8.520000457763672,1601900,False
EC,2025-07-29,8.550000190734863,8.829999923706055,8.539999961853027,8.779999732971191,8.539999961853027,1919600,False
EC,2025-07-30,8.670000076293945,8.670000076293945,8.4399995803833,8.5,8.4399995803833,3229300,False
EC,2025-07-31,8.40999984741211,8.520000457763672,8.369999885559082,8.399999618530273,8.369999885559082,1667800,False
EC,2025-08-01,8.3100004196167,8.4399995803833,8.270000457763672,8.289999961853027,8.270000457763672,2237000,False
EC,2025-08-04,8.289999961853027,8.399999618530273,8.289999961853027,8.350000381469727,8.289999961853027,1326900,False
EC,2025-08-05,8.399999618530273,8.510000228881836,8.390000343322754,8.489999771118164,8.390000343322754,1509400,False
EC,2025-08-06,8.510000228881836,8.720000267028809,8.510000228881836,8.569999694824219,8.510000228881836,2218800,False
EC,2025-08-07,8.649999618530273,8.720000267028809,8.5600004196167,8.579999923706055,8.5600004196167,2246900,False
EC,2025-08-08,8.600000381469727,8.6899995803833,8.529999732971191,8.550000190734863,8.529999732971191,2924600,False
EC,2025-08-11,8.569999694824219,8.65999984741211,8.449999809265137,8.529999732971191,8.449999809265137,1711000,False
EC,2025-08-12,8.59000015258789,8.65999984741211,8.510000228881836,8.5600004196167,8.510000228881836,2272500,False
EC,2025-08-13,8.5600004196167,8.789999961853027,8.489999771118164,8.699999809265137,8.489999771118164,2439700,False
EC,2025-08-14,8.649999618530273,8.739999771118164,8.5600004196167,8.720000267028809,8.5600004196167,2211100,False
EC,2025-08-15,8.6899995803833,8.960000038146973,8.6899995803833,8.90999984741211,8.6899995803833,2090900,False
EC,2025-08-18,8.880000114440918,8.930000305175781,8.789999961853027,8.850000381469727,8.789999961853027,1800500,False
EC,2025-08-19,8.859999656677246,8.949999809265137,8.84000015258789,8.899999618530273,8.84000015258789,3122200,False
EC,2025-08-20,8.920000076293945,9.100000381469727,8.899999618530273,8.920000076293945,8.899999618530273,2085600,False
EC,2025-08-21,8.890000343322754,8.960000038146973,8.850000381469727,8.899999618530273,8.850000381469727,1800500,False
EC,2025-08-22,8.920000076293945,9.199999809265137,8.90999984741211,9.1899995803833,8.90999984741211,1836600,False
EC,2025-08-25,9.180000305175781,9.229999542236328,9.069999694824219,9.229999542236328,9.069999694824219,1843800,False
EC,2025-08-26,9.140000343322754,9.220000267028809,9.100000381469727,9.149999618530273,9.100000381469727,2057000,False
EC,2025-08-27,9.100000381469727,9.239999771118164,9.079999923706055,9.229999542236328,9.079999923706055,1171700,False
EC,2025-08-28,9.239999771118164,9.329999923706055,9.170000076293945,9.3100004196167,9.170000076293945,960600,False
EC,2025-08-29,9.329999923706055,9.420000076293945,9.300000190734863,9.399999618530273,9.300000190734863,1472500,False
EC,2025-09-02,9.369999885559082,9.40999984741211,9.260000228881836,9.380000114440918,9.260000228881836,1693800,False
EC,2025-09-03,9.300000190734863,9.369999885559082,9.050000190734863,9.050000190734863,9.050000190734863,1941600,False
EC,2025-09-04,9.010000228881836,9.100000381469727,8.949999809265137,9.039999961853027,8.949999809265137,1458800,False
EC,2025-09-05,8.960000038146973,9.119999885559082,8.930000305175781,9.079999923706055,8.930000305175781,1459900,False
EC,2025-09-08,9.029999732971191,9.180000305175781,9.029999732971191,9.130000114440918,9.029999732971191,1554600,False
EC,2025-09-09,9.149999618530273,9.489999771118164,9.140000343322754,9.25,9.140000343322754,2106900,False
EC,2025-09-10,9.260000228881836,9.449999809265137,9.220000267028809,9.4399995803833,9.220000267028809,1635900,False
EC,2025-09-11,9.369999885559082,9.40999984741211,9.220000267028809,9.25,9.220000267028809,1204000,False
EC,2025-09-12,9.25,9.3100004196167,9.130000114440918,9.140000343322754,9.130000114440918,1262700,False
EC,2025-09-15,9.180000305175781,9.260000228881836,9.140000343322754,9.229999542236328,9.140000343322754,1234600,False
EC,2025-09-16,9.25,9.399999618530273,9.239999771118164,9.380000114440918,9.239999771118164,1430400,False
EC,2025-09-17,9.350000381469727,9.4399995803833,9.289999961853027,9.319999694824219,9.289999961853027,1706600,False
EC,2025-09-18,9.300000190734863,9.34000015258789,9.010000228881836,9.010000228881836,9.010000228881836,2376900,False
EC,2025-09-19,9.020000457763672,9.020000457763672,8.84000015258789,8.880000114440918,8.84000015258789,2777200,False
EC,2025-09-22,8.920000076293945,9.0600004196167,8.890000343322754,9.010000228881836,8.890000343322754,1723600,False
EC,2025-09-23,9.100000381469727,9.430000305175781,9.100000381469727,9.390000343322754,9.100000381469727,2371500,False
EC,2025-09-24,9.40999984741211,9.640000343322754,9.40999984741211,9.630000114440918,9.40999984741211,2628700,False
EC,2025-09-25,9.649999618530273,9.670000076293945,9.520000457763672,9.529999732971191,9.520000457763672,2087100,False
EC,2025-09-26,9.510000228881836,9.569999694824219,9.399999618530273,9.40999984741211,9.399999618530273,1845500,False
EC,2025-09-29,9.1899995803833,9.300000190734863,9.149999618530273,9.180000305175781,9.149999618530273,2093000,False
EC,2025-09-30,9.119999885559082,9.25,9.069999694824219,9.210000038146973,9.069999694824219,1907100,False
EC,2025-10-01,9.289999961853027,9.329999923706055,9.199999809265137,9.210000038146973,9.199999809265137,1313700,False
EC,2025-10-02,9.210000038146973,9.239999771118164,8.930000305175781,9.069999694824219,8.930000305175781,2410500,False
EC,2025-10-03,9.140000343322754,9.180000305175781,9.09000015258789,9.119999885559082,9.09000015258789,988700,False
EC,2025-10-06,9.140000343322754,9.180000305175781,9.079999923706055,9.15999984741211,9.079999923706055,1391200,False
EC,2025-10-07,9.109999656677246,9.140000343322754,9.020000457763672,9.039999961853027,9.020000457763672,2333600,False
EC,2025-10-08,9.0600004196167,9.15999984741211,8.960000038146973,9.020000457763672,8.960000038146973,1598700,False
EC,2025-10-09,9.050000190734863,9.119999885559082,8.970000267028809,8.979999542236328,8.970000267028809,1166600,False
EC,2025-10-10,8.899999618530273,8.960000038146973,8.720000267028809,8.779999732971191,8.720000267028809,2681600,False
EC,2025-10-13,8.899999618530273,9.109999656677246,8.850000381469727,9.09000015258789,8.850000381469727,1282500,False
EC,2025-10-14,8.949999809265137,9.010000228881836,8.779999732971191,8.789999961853027,8.779999732971191,2762400,False
EC,2025-10-15,8.880000114440918,8.960000038146973,8.829999923706055,8.930000305175781,8.829999923706055,1506800,False
EC,2025-10-16,9.0,9.010000228881836,8.899999618530273,8.989999771118164,8.899999618530273,1898200,False
EC,2025-10-17,8.989999771118164,9.130000114440918,8.979999542236328,9.039999961853027,8.979999542236328,1750000,False
EC,2025-10-20,8.899999618530273,8.960000038146973,8.729999542236328,8.739999771118164,8.729999542236328,2359800,False
EC,2025-10-21,8.789999961853027,8.819999694824219,8.59000015258789,8.609999656677246,8.59000015258789,2507000,False
EC,2025-10-22,8.630000114440918,8.760000228881836,8.569999694824219,8.75,8.569999694824219,2751900,False
EC,2025-10-23,8.989999771118164,9.15999984741211,8.920000076293945,9.149999618530273,8.920000076293945,2201200,False
EC,2025-10-24,9.1899995803833,9.300000190734863,9.140000343322754,9.140000343322754,9.140000343322754,2150100,False
EC,2025-10-27,9.199999809265137,9.319999694824219,9.119999885559082,9.3100004196167,9.119999885559082,1841300,False
EC,2025-10-28,9.300000190734863,9.3100004196167,9.210000038146973,9.220000267028809,9.210000038146973,1377400,False
EC,2025-10-29,9.289999961853027,9.420000076293945,9.239999771118164,9.300000190734863,9.239999771118164,1928300,False
EC,2025-10-30,9.199999809265137,9.34000015258789,9.149999618530273,9.25,9.149999618530273,1416400,False
EC,2025-10-31,9.300000190734863,9.369999885559082,9.260000228881836,9.319999694824219,9.260000228881836,1477700,False
EC,2025-11-03,9.319999694824219,9.460000038146973,9.260000228881836,9.4399995803833,9.260000228881836,1552400,False
EC,2025-11-04,9.25,9.289999961853027,9.100000381469727,9.260000228881836,9.100000381469727,2185100,False
EC,2025-11-05,9.300000190734863,9.5600004196167,9.300000190734863,9.460000038146973,9.300000190734863,2133400,False
EC,2025-11-06,9.489999771118164,9.710000038146973,9.489999771118164,9.670000076293945,9.489999771118164,2669600,False
EC,2025-11-07,9.670000076293945,9.920000076293945,9.649999618530273,9.920000076293945,9.649999618530273,2612600,False
EC,2025-11-10,9.90999984741211,9.90999984741211,9.579999923706055,9.880000114440918,9.579999923706055,2933800,False
EC,2025-11-11,9.920000076293945,10.1899995803833,9.899999618530273,10.170000076293945,9.899999618530273,3212400,False
EC,2025-11-12,10.0600004196167,10.180000305175781,9.949999809265137,10.170000076293945,9.949999809265137,2493400,False
EC,2025-11-13,10.170000076293945,10.25,9.979999542236328,10.010000228881836,9.979999542236328,2190300,False
EC,2025-11-14,9.920000076293945,10.579999923706055,9.819999694824219,10.390000343322754,9.898390769958496,4525000,False
EC,2025-11-17,10.40999984741211,10.649999618530273,10.300000190734863,10.520000457763672,10.300000190734863,2014800,False
EC,2025-11-18,10.399999618530273,10.649999618530273,10.359999656677246,10.609999656677246,10.359999656677246,2207100,False
EC,2025-11-19,10.449999809265137,10.539999961853027,10.40999984741211,10.4399995803833,10.40999984741211,2092100,False
EC,2025-11-20,10.449999809265137,10.510000228881836,10.109999656677246,10.119999885559082,10.109999656677246,4047800,False
EC,2025-11-21,10.079999923706055,10.079999923706055,9.829999923706055,9.850000381469727,9.829999923706055,2551200,False
EC,2025-11-24,9.800000190734863,9.800000190734863,9.489999771118164,9.600000381469727,9.489999771118164,3282400,False
EC,2025-11-25,9.569999694824219,9.680000305175781,9.390000343322754,9.619999885559082,9.390000343322754,3136500,False
EC,2025-11-26,9.720000267028809,9.90999984741211,9.710000038146973,9.869999885559082,9.710000038146973,2570700,False
EC,2025-11-28,9.829999923706055,9.899999618530273,9.75,9.819999694824219,9.75,1327300,False
EC,2025-12-01,9.880000114440918,10.020000457763672,9.779999732971191,9.949999809265137,9.779999732971191,1872800,False
EC,2025-12-02,9.9399995803833,9.949999809265137,9.789999961853027,9.90999984741211,9.789999961853027,1593100,False
EC,2025-12-03,9.960000038146973,10.149999618530273,9.960000038146973,10.130000114440918,9.960000038146973,1354500,False
EC,2025-12-04,10.140000343322754,10.220000267028809,10.020000457763672,10.0600004196167,10.020000457763672,1104300,False
EC,2025-12-05,10.010000228881836,10.079999923706055,9.890000343322754,9.890000343322754,9.890000343322754,2846900,False
EC,2025-12-08,9.899999618530273,10.039999961853027,9.84000015258789,9.960000038146973,9.84000015258789,2048700,False
EC,2025-12-09,10.0,10.039999961853027,9.90999984741211,10.0,9.90999984741211,1580700,False
EC,2025-12-10,9.90999984741211,9.960000038146973,9.75,9.8100004196167,9.75,2128100,False
EC,2025-12-11,9.739999771118164,9.84000015258789,9.6899995803833,9.8100004196167,9.6899995803833,1786800,False
EC,2025-12-12,9.850000381469727,9.920000076293945,9.729999542236328,9.729999542236328,9.729999542236328,1404900,False
EC,2025-12-15,9.75,9.770000457763672,9.550000190734863,9.630000114440918,9.550000190734863,1896300,False
EC,2025-12-16,9.510000228881836,9.5600004196167,9.3100004196167,9.329999923706055,9.3100004196167,3280700,False
EC,2025-12-17,9.380000114440918,9.449999809265137,9.329999923706055,9.350000381469727,9.329999923706055,1843300,False
EC,2025-12-18,9.390000343322754,9.399999618530273,9.199999809265137,9.220000267028809,9.199999809265137,1788900,False
EC,2025-12-19,9.329999923706055,9.430000305175781,9.210000038146973,9.210000038146973,9.210000038146973,2591900,False
EC,2025-12-22,9.289999961853027,9.420000076293945,9.279999732971191,9.300000190734863,9.279999732971191,1365400,False
EC,2025-12-23,9.359999656677246,9.510000228881836,9.329999923706055,9.479999542236328,9.329999923706055,1308600,False
EC,2025-12-24,9.5,9.65999984741211,9.5,9.600000381469727,9.5,917900,False
EC,2025-12-26,9.600000381469727,9.729999542236328,9.579999923706055,9.6899995803833,9.579999923706055,1319400,False
EC,2025-12-29,9.75,9.890000343322754,9.720000267028809,9.84000015258789,9.720000267028809,1568600,False
EC,2025-12-30,9.899999618530273,9.970000267028809,9.800000190734863,9.869999885559082,9.800000190734863,1906700,False
EC,2025-12-31,9.880000114440918,10.069999694824219,9.869999885559082,10.020000457763672,9.869999885559082,1481400,False
EC,2026-01-02,10.069999694824219,10.239999771118164,9.880000114440918,10.220000267028809,9.880000114440918,2492900,False
EC,2026-01-05,10.390000343322754,10.949999809265137,9.989999771118164,10.819999694824219,10.30804443359375,6669000,False
EC,2026-01-06,10.930000305175781,11.329999923706055,10.880000114440918,10.899999618530273,10.880000114440918,6040600,False
EC,2026-01-07,10.84000015258789,10.84000015258789,10.4399995803833,10.460000038146973,10.4399995803833,3299300,False
EC,2026-01-08,10.40999984741211,10.84000015258789,10.359999656677246,10.75,10.359999656677246,1857300,False
EC,2026-01-09,10.760000228881836,10.90999984741211,10.710000038146973,10.869999885559082,10.710000038146973,1897900,False
EC,2026-01-12,10.9399995803833,11.1899995803833,10.890000343322754,11.15999984741211,10.890000343322754,2547600,False
EC,2026-01-13,11.220000267028809,11.529999732971191,11.140000343322754,11.34000015258789,11.140000343322754,2570400,False
EC,2026-01-14,11.420000076293945,11.770000457763672,11.399999618530273,11.569999694824219,11.399999618530273,3732500,False
EC,2026-01-15,11.329999923706055,11.710000038146973,11.229999542236328,11.680000305175781,11.229999542236328,3000100,False
EC,2026-01-16,11.680000305175781,12.279999732971191,11.680000305175781,12.25,11.680000305175781,4223700,False
EC,2026-01-20,12.130000114440918,12.710000038146973,12.130000114440918,12.550000190734863,12.130000114440918,3924200,False
EC,2026-01-21,12.710000038146973,12.979999542236328,12.649999618530273,12.850000381469727,12.649999618530273,3397100,False
EC,2026-01-22,12.779999732971191,12.779999732971191,12.180000305175781,12.199999809265137,12.180000305175781,4162300,False
EC,2026-01-23,12.5,12.699999809265137,12.260000228881836,12.5,12.260000228881836,2701700,False
EC,2026-01-26,12.65999984741211,12.800000190734863,12.460000038146973,12.680000305175781,12.460000038146973,2205600,False
EC,2026-01-27,12.75,13.270000457763672,12.729999542236328,13.079999923706055,12.729999542236328,4123500,False
EC,2026-01-28,13.100000381469727,13.239999771118164,12.510000228881836,12.760000228881836,12.510000228881836,4821200,False
EC,2026-01-29,13.100000381469727,13.25,12.609999656677246,12.770000457763672,12.609999656677246,4250400,False
EC,2026-01-30,12.720000267028809,12.850000381469727,12.420000076293945,12.569999694824219,12.420000076293945,4019300,False
EC,2026-02-02,12.170000076293945,12.4399995803833,12.109999656677246,12.3100004196167,12.109999656677246,3355100,False
EC,2026-02-03,12.4399995803833,12.649999618530273,12.270000457763672,12.399999618530273,12.270000457763672,4410500,False
EC,2026-02-04,12.479999542236328,12.529999732971191,11.800000190734863,12.289999961853027,11.800000190734863,3942200,False
EC,2026-02-05,11.9399995803833,12.15999984741211,11.720000267028809,11.729999542236328,11.720000267028809,2557000,False
EC,2026-02-06,11.819999694824219,12.25,11.800000190734863,12.229999542236328,11.800000190734863,2002300,False
EC,2026-02-09,12.229999542236328,12.569999694824219,12.100000381469727,12.300000190734863,12.100000381469727,2892300,False
EC,2026-02-10,12.329999923706055,12.329999923706055,11.949999809265137,12.050000190734863,11.949999809265137,2109400,False
EC,2026-02-11,12.300000190734863,12.430000305175781,12.170000076293945,12.220000267028809,12.170000076293945,2554100,False
EC,2026-02-12,12.149999618530273,12.220000267028809,11.739999771118164,11.880000114440918,11.739999771118164,2781400,False
EC,2026-02-13,11.850000381469727,11.989999771118164,11.800000190734863,11.899999618530273,11.800000190734863,1482000,False
EC,2026-02-17,11.90999984741211,11.989999771118164,11.649999618530273,11.949999809265137,11.649999618530273,2459700,False
EC,2026-02-18,12.069999694824219,12.149999618530273,11.880000114440918,12.0600004196167,11.880000114440918,2005200,False
EC,2026-02-19,12.1899995803833,12.619999885559082,12.079999923706055,12.579999923706055,12.079999923706055,3816100,False
EC,2026-02-20,12.670000076293945,12.75,12.220000267028809,12.5,12.220000267028809,3626900,False
EC,2026-02-23,12.479999542236328,12.920000076293945,12.460000038146973,12.670000076293945,12.460000038146973,3293800,False
EC,2026-02-24,12.640000343322754,12.680000305175781,12.34000015258789,12.420000076293945,12.34000015258789,2227500,False
EC,2026-02-25,12.390000343322754,12.65999984741211,12.149999618530273,12.579999923706055,12.149999618530273,2844300,False
EC,2026-02-26,12.449999809265137,12.449999809265137,11.9399995803833,12.0,11.9399995803833,3864900,False
EC,2026-02-27,12.1899995803833,12.289999961853027,11.84000015258789,11.890000343322754,11.84000015258789,3050500,False
EC,2026-03-02,12.300000190734863,12.510000228881836,11.970000267028809,12.199999809265137,11.970000267028809,4411300,False
EC,2026-03-03,12.100000381469727,12.1899995803833,11.630000114440918,11.6899995803833,11.630000114440918,3904200,False
EC,2026-03-04,11.59000015258789,11.84000015258789,11.5600004196167,11.59000015258789,11.5600004196167,2159600,False
EC,2026-03-05,11.729999542236328,12.65999984741211,11.670000076293945,12.609999656677246,12.013349533081055,5378200,True
EC,2026-03-06,12.859999656677246,13.229999542236328,12.75,12.920000076293945,12.75,5552600,False
EC,2026-03-09,13.25,13.40999984741211,12.699999809265137,12.84000015258789,12.699999809265137,6182600,False
EC,2026-03-10,12.75,13.0600004196167,12.479999542236328,12.899999618530273,12.479999542236328,3539500,False
EC,2026-03-11,12.949999809265137,13.579999923706055,12.90999984741211,13.5600004196167,12.918399810791016,3618900,False
EC,2026-03-12,13.890000343322754,14.069999694824219,13.59000015258789,13.949999809265137,13.59000015258789,5024700,False
EC,2026-03-13,13.710000038146973,13.989999771118164,13.579999923706055,13.859999656677246,13.579999923706055,3513000,False
EC,2026-03-16,13.800000190734863,14.289999961853027,13.65999984741211,14.109999656677246,13.65999984741211,2792800,False
EC,2026-03-17,14.199999809265137,14.75,14.15999984741211,14.729999542236328,14.15999984741211,3069700,False
EC,2026-03-18,14.800000190734863,14.920000076293945,14.640000343322754,14.670000076293945,14.640000343322754,2631800,False
EC,2026-03-19,14.739999771118164,15.369999885559082,14.59000015258789,14.640000343322754,14.59000015258789,5907500,False
EC,2026-03-20,14.600000381469727,14.890000343322754,14.210000038146973,14.829999923706055,14.210000038146973,5291500,False
EC,2026-03-23,14.020000457763672,14.520000457763672,13.90999984741211,14.3100004196167,13.90999984741211,3849400,False
EC,2026-03-24,14.4399995803833,14.819999694824219,14.390000343322754,14.569999694824219,14.390000343322754,1818200,False
EC,2026-03-25,14.350000381469727,14.920000076293945,14.260000228881836,14.899999618530273,14.260000228881836,2378700,False
EC,2026-03-26,14.930000305175781,15.119999885559082,14.789999961853027,14.800000190734863,14.789999961853027,3327200,False
EC,2026-03-27,14.760000228881836,15.149999618530273,14.680000305175781,15.010000228881836,14.680000305175781,3089900,False
EC,2026-03-30,15.199999809265137,15.460000038146973,14.829999923706055,14.979999542236328,14.829999923706055,6511600,False
EC,2026-03-31,14.960000038146973,15.619999885559082,14.569999694824219,14.989999771118164,14.569999694824219,5607100,False
EC,2026-04-01,14.699999809265137,15.010000228881836,14.3100004196167,14.489999771118164,14.3100004196167,4883200,False
EC,2026-04-02,15.0,15.479999542236328,14.710000038146973,15.140000343322754,14.710000038146973,3553800,False
EC,2026-04-06,15.079999923706055,15.229999542236328,14.5,14.920000076293945,14.5,1948900,False
EC,2026-04-07,15.0,15.239999771118164,14.529999732971191,14.710000038146973,14.529999732971191,1810700,False
EC,2026-04-08,13.5,14.210000038146973,13.350000381469727,14.109999656677246,13.442376136779785,3424900,False
EC,2026-04-09,14.119999885559082,14.239999771118164,13.84000015258789,13.90999984741211,13.84000015258789,3561300,False
EC,2026-04-10,13.949999809265137,14.220000267028809,13.949999809265137,14.100000381469727,13.949999809265137,2091300,False
EC,2026-04-13,14.289999961853027,14.619999885559082,13.960000038146973,14.119999885559082,13.960000038146973,2857900,False
EC,2026-04-14,14.020000457763672,14.020000457763672,13.359999656677246,13.510000228881836,13.359999656677246,2639500,False
EC,2026-04-15,13.510000228881836,13.699999809265137,13.109999656677246,13.170000076293945,13.109999656677246,1918000,False
EC,2026-04-16,13.180000305175781,13.770000457763672,13.170000076293945,13.760000228881836,13.170000076293945,2866900,False
EC,2026-04-17,13.020000457763672,13.59000015258789,12.880000114440918,13.550000190734863,12.908872604370117,5567400,False
EC,2026-04-20,13.699999809265137,13.859999656677246,13.569999694824219,13.65999984741211,13.569999694824219,1975800,False
EC,2026-04-21,13.739999771118164,14.180000305175781,13.680000305175781,14.149999618530273,13.680000305175781,2924100,False
EC,2026-04-22,14.199999809265137,14.489999771118164,14.199999809265137,14.319999694824219,14.199999809265137,2297400,False
EC,2026-04-23,14.449999809265137,14.640000343322754,14.180000305175781,14.430000305175781,14.180000305175781,2094600,False
EC,2026-04-24,14.279999732971191,14.279999732971191,13.760000228881836,13.800000190734863,13.760000228881836,2442600,False
EC,2026-04-27,13.90999984741211,14.069999694824219,13.640000343322754,13.720000267028809,13.640000343322754,2321700,False
EC,2026-04-28,13.989999771118164,14.069999694824219,13.729999542236328,13.970000267028809,13.729999542236328,2005200,False
EC,2026-04-29,13.520000457763672,13.9399995803833,13.399999618530273,13.779999732971191,13.779999732971191,2688100,False
EC,2026-04-30,13.5,14.1899995803833,13.460000038146973,14.15999984741211,14.15999984741211,3798900,False
EC,2026-05-01,14.0600004196167,14.100000381469727,13.710000038146973,13.920000076293945,13.920000076293945,1677300,False
EC,2026-05-04,14.010000228881836,14.069999694824219,13.800000190734863,14.029999732971191,14.029999732971191,4238700,False
EC,2026-05-05,13.920000076293945,14.380000114440918,13.770000457763672,14.199999809265137,14.199999809265137,2068200,False
EC,2026-05-06,13.619999885559082,13.770000457763672,13.289999961853027,13.359999656677246,13.359999656677246,2584500,False
EC,2026-05-07,13.130000114440918,13.229999542236328,12.789999961853027,13.0,13.0,2969000,False
EC,2026-05-08,13.09000015258789,13.09000015258789,12.609999656677246,12.640000343322754,12.640000343322754,2773500,False
EC,2026-05-11,12.890000343322754,12.960000038146973,12.6899995803833,12.789999961853027,12.789999961853027,2637500,False
EC,2026-05-12,13.08,13.08,13.08,13.08,13.08,2637500,False
