ticker,fecha,open,high,low,close,adj_close,volume,anomalia
EEM,2019-01-02,38.59000015258789,39.189998626708984,38.58000183105469,39.15999984741211,38.58000183105469,57198800,False
EEM,2019-01-03,38.72999954223633,38.7599983215332,38.29999923706055,38.45000076293945,38.29999923706055,62767600,False
EEM,2019-01-04,39.0099983215332,39.86000061035156,38.91999816894531,39.689998626708984,38.91999816894531,103055100,False
EEM,2019-01-07,39.720001220703125,39.95000076293945,39.4900016784668,39.779998779296875,39.4900016784668,76597000,False
EEM,2019-01-08,39.79999923706055,40.0,39.56999969482422,39.93000030517578,39.56999969482422,70518200,False
EEM,2019-01-09,40.34000015258789,40.86000061035156,40.33000183105469,40.63999938964844,40.33000183105469,125118800,False
EEM,2019-01-10,40.41999816894531,40.959999084472656,40.41999816894531,40.93000030517578,40.41999816894531,85207600,False
EEM,2019-01-11,40.599998474121094,40.79999923706055,40.5,40.72999954223633,40.5,63136200,False
EEM,2019-01-14,40.209999084472656,40.58000183105469,40.13999938964844,40.38999938964844,40.13999938964844,76217000,False
EEM,2019-01-15,40.619998931884766,40.88999938964844,40.54999923706055,40.66999816894531,40.54999923706055,78913000,False
EEM,2019-01-16,40.959999084472656,41.310001373291016,40.95000076293945,41.16999816894531,40.95000076293945,82543600,False
EEM,2019-01-17,40.84000015258789,41.54999923706055,40.79999923706055,41.349998474121094,40.79999923706055,85522800,False
EEM,2019-01-18,41.52000045776367,41.720001220703125,41.41999816894531,41.54999923706055,41.41999816894531,98168900,False
EEM,2019-01-22,41.060001373291016,41.150001525878906,40.650001525878906,40.83000183105469,40.650001525878906,101294900,False
EEM,2019-01-23,41.209999084472656,41.279998779296875,40.900001525878906,41.25,40.900001525878906,66625200,False
EEM,2019-01-24,41.279998779296875,41.68000030517578,41.279998779296875,41.650001525878906,41.279998779296875,76076900,False
EEM,2019-01-25,42.099998474121094,42.310001373291016,42.040000915527344,42.20000076293945,42.040000915527344,105779500,False
EEM,2019-01-28,41.56999969482422,41.790000915527344,41.439998626708984,41.7599983215332,41.439998626708984,85543100,False
EEM,2019-01-29,41.970001220703125,41.9900016784668,41.72999954223633,41.83000183105469,41.72999954223633,56518900,False
EEM,2019-01-30,42.08000183105469,42.83000183105469,41.880001068115234,42.7400016784668,41.880001068115234,127796800,False
EEM,2019-01-31,42.790000915527344,43.13999938964844,42.779998779296875,43.099998474121094,42.779998779296875,119929200,False
EEM,2019-02-01,42.779998779296875,42.84000015258789,42.630001068115234,42.7599983215332,42.630001068115234,65766100,False
EEM,2019-02-04,42.630001068115234,42.95000076293945,42.540000915527344,42.83000183105469,42.540000915527344,45770200,False
EEM,2019-02-05,43.029998779296875,43.459999084472656,42.959999084472656,43.41999816894531,42.959999084472656,81720100,False
EEM,2019-02-06,43.220001220703125,43.25,42.7400016784668,42.83000183105469,42.7400016784668,58194900,False
EEM,2019-02-07,42.4900016784668,42.709999084472656,42.029998779296875,42.400001525878906,42.029998779296875,101061400,False
EEM,2019-02-08,42.09000015258789,42.22999954223633,41.849998474121094,42.15999984741211,41.849998474121094,64212200,False
EEM,2019-02-11,42.2400016784668,42.2599983215332,42.0,42.02000045776367,42.0,42213400,False
EEM,2019-02-12,42.369998931884766,42.54999923706055,42.310001373291016,42.369998931884766,42.310001373291016,66073100,False
EEM,2019-02-13,42.38999938964844,42.470001220703125,41.970001220703125,42.06999969482422,41.970001220703125,82318100,False
EEM,2019-02-14,41.81999969482422,42.29999923706055,41.7400016784668,42.150001525878906,41.7400016784668,91302500,False
EEM,2019-02-15,42.130001068115234,42.130001068115234,41.95000076293945,42.09000015258789,41.95000076293945,72362200,False
EEM,2019-02-19,41.93000030517578,42.5099983215332,41.93000030517578,42.41999816894531,41.93000030517578,64391100,False
EEM,2019-02-20,42.650001525878906,42.93000030517578,42.540000915527344,42.65999984741211,42.540000915527344,73694800,False
EEM,2019-02-21,42.630001068115234,42.66999816894531,42.369998931884766,42.56999969482422,42.369998931884766,48092400,False
EEM,2019-02-22,42.93000030517578,43.15999984741211,42.84000015258789,43.040000915527344,42.84000015258789,58022200,False
EEM,2019-02-25,43.52000045776367,43.72999954223633,43.41999816894531,43.52000045776367,43.41999816894531,66533800,False
EEM,2019-02-26,43.220001220703125,43.52000045776367,43.189998626708984,43.369998931884766,43.189998626708984,58330600,False
EEM,2019-02-27,43.09000015258789,43.15999984741211,42.849998474121094,43.0,42.849998474121094,69471200,False
EEM,2019-02-28,42.720001220703125,42.7400016784668,42.439998626708984,42.439998626708984,42.439998626708984,87434700,False
EEM,2019-03-01,42.779998779296875,42.810001373291016,42.40999984741211,42.4900016784668,42.40999984741211,94263900,False
EEM,2019-03-04,42.720001220703125,42.779998779296875,42.18000030517578,42.54999923706055,42.18000030517578,94168300,False
EEM,2019-03-05,42.75,43.040000915527344,42.65999984741211,42.970001220703125,42.65999984741211,54576700,False
EEM,2019-03-06,42.9900016784668,43.04999923706055,42.65999984741211,42.72999954223633,42.65999984741211,61237800,False
EEM,2019-03-07,42.47999954223633,42.4900016784668,41.869998931884766,41.939998626708984,41.869998931884766,83415300,False
EEM,2019-03-08,41.439998626708984,41.68000030517578,41.38999938964844,41.63999938964844,41.38999938964844,97742100,False
EEM,2019-03-11,42.0099983215332,42.470001220703125,42.0099983215332,42.41999816894531,42.0099983215332,63002300,False
EEM,2019-03-12,42.63999938964844,42.75,42.560001373291016,42.63999938964844,42.560001373291016,42726900,False
EEM,2019-03-13,42.65999984741211,42.75,42.54999923706055,42.689998626708984,42.54999923706055,61450000,False
EEM,2019-03-14,42.52000045776367,42.540000915527344,42.290000915527344,42.459999084472656,42.290000915527344,58460400,False
EEM,2019-03-15,42.849998474121094,43.13999938964844,42.81999969482422,43.08000183105469,42.81999969482422,139870800,False
EEM,2019-03-18,43.38999938964844,43.58000183105469,43.33000183105469,43.560001373291016,43.33000183105469,42149100,False
EEM,2019-03-19,43.61000061035156,43.7400016784668,43.47999954223633,43.58000183105469,43.47999954223633,53192700,False
EEM,2019-03-20,43.439998626708984,44.0099983215332,43.13999938964844,43.650001525878906,43.13999938964844,90678800,False
EEM,2019-03-21,43.41999816894531,43.720001220703125,43.31999969482422,43.709999084472656,43.31999969482422,71400600,False
EEM,2019-03-22,43.04999923706055,43.150001525878906,42.38999938964844,42.43000030517578,42.38999938964844,118616600,False
EEM,2019-03-25,42.34000015258789,42.65999984741211,42.29999923706055,42.529998779296875,42.29999923706055,53285300,False
EEM,2019-03-26,42.66999816894531,42.779998779296875,42.43000030517578,42.65999984741211,42.43000030517578,57145800,False
EEM,2019-03-27,42.439998626708984,42.529998779296875,42.060001373291016,42.20000076293945,42.060001373291016,72804300,False
EEM,2019-03-28,42.34000015258789,42.529998779296875,42.189998626708984,42.47999954223633,42.189998626708984,41052500,False
EEM,2019-03-29,42.95000076293945,43.0,42.720001220703125,42.91999816894531,42.720001220703125,70439100,False
EEM,2019-04-01,43.5,43.66999816894531,43.400001525878906,43.630001068115234,43.400001525878906,70455500,False
EEM,2019-04-02,43.66999816894531,43.689998626708984,43.349998474121094,43.4900016784668,43.349998474121094,48692200,False
EEM,2019-04-03,43.90999984741211,44.13999938964844,43.72999954223633,43.790000915527344,43.72999954223633,73639400,False
EEM,2019-04-04,43.779998779296875,44.13999938964844,43.7599983215332,44.060001373291016,43.7599983215332,47028400,False
EEM,2019-04-05,44.18000030517578,44.41999816894531,44.13999938964844,44.400001525878906,44.13999938964844,50360800,False
EEM,2019-04-08,44.18000030517578,44.439998626708984,44.11000061035156,44.400001525878906,44.11000061035156,30209000,False
EEM,2019-04-09,44.43000030517578,44.459999084472656,44.27000045776367,44.310001373291016,44.27000045776367,49530300,False
EEM,2019-04-10,44.5,44.63999938964844,44.40999984741211,44.52000045776367,44.40999984741211,51143400,False
EEM,2019-04-11,44.20000076293945,44.22999954223633,43.91999816894531,44.040000915527344,43.91999816894531,55153600,False
EEM,2019-04-12,44.47999954223633,44.52000045776367,44.2599983215332,44.36000061035156,44.2599983215332,54695700,False
EEM,2019-04-15,44.31999969482422,44.34000015258789,43.959999084472656,44.130001068115234,43.959999084472656,37957800,False
EEM,2019-04-16,44.31999969482422,44.52000045776367,44.31999969482422,44.459999084472656,44.31999969482422,43860100,False
EEM,2019-04-17,44.77000045776367,44.84000015258789,44.47999954223633,44.59000015258789,44.47999954223633,56935400,False
EEM,2019-04-18,44.43000030517578,44.650001525878906,44.29999923706055,44.560001373291016,44.29999923706055,56639800,False
EEM,2019-04-22,44.13999938964844,44.31999969482422,44.060001373291016,44.27000045776367,44.060001373291016,35929100,False
EEM,2019-04-23,44.20000076293945,44.45000076293945,44.150001525878906,44.369998931884766,44.150001525878906,32829900,False
EEM,2019-04-24,44.06999969482422,44.08000183105469,43.630001068115234,43.77000045776367,43.630001068115234,68961600,False
EEM,2019-04-25,43.5,43.720001220703125,43.369998931884766,43.709999084472656,43.369998931884766,61168500,False
EEM,2019-04-26,43.779998779296875,43.959999084472656,43.63999938964844,43.880001068115234,43.63999938964844,55441700,False
EEM,2019-04-29,44.0,44.04999923706055,43.880001068115234,43.970001220703125,43.880001068115234,34398300,False
EEM,2019-04-30,43.849998474121094,44.029998779296875,43.630001068115234,43.93000030517578,43.630001068115234,69577000,False
EEM,2019-05-01,44.0099983215332,44.349998474121094,43.540000915527344,43.599998474121094,43.540000915527344,98629100,False
EEM,2019-05-02,43.70000076293945,43.849998474121094,43.45000076293945,43.70000076293945,43.45000076293945,53101500,False
EEM,2019-05-03,44.02000045776367,44.279998779296875,43.959999084472656,44.220001220703125,43.959999084472656,56642000,False
EEM,2019-05-06,42.84000015258789,43.38999938964844,42.790000915527344,43.310001373291016,42.790000915527344,80977000,False
EEM,2019-05-07,42.86000061035156,42.86000061035156,42.209999084472656,42.459999084472656,42.209999084472656,94189000,False
EEM,2019-05-08,42.58000183105469,42.7599983215332,42.380001068115234,42.400001525878906,42.380001068115234,73548600,False
EEM,2019-05-09,41.45000076293945,41.93000030517578,41.150001525878906,41.72999954223633,41.150001525878906,130849000,False
EEM,2019-05-10,41.849998474121094,42.11000061035156,41.34000015258789,41.97999954223633,41.34000015258789,90343300,False
EEM,2019-05-13,40.68000030517578,40.869998931884766,40.380001068115234,40.58000183105469,40.380001068115234,154670900,False
EEM,2019-05-14,41.130001068115234,41.29999923706055,40.97999954223633,41.150001525878906,40.97999954223633,89406800,False
EEM,2019-05-15,40.900001525878906,41.310001373291016,40.84000015258789,41.22999954223633,40.84000015258789,79039500,False
EEM,2019-05-16,41.16999816894531,41.41999816894531,41.0099983215332,41.029998779296875,41.0099983215332,60101000,False
EEM,2019-05-17,40.349998474121094,40.630001068115234,40.25,40.290000915527344,40.25,83972200,False
EEM,2019-05-20,40.16999816894531,40.29999923706055,39.970001220703125,40.119998931884766,39.970001220703125,53810000,False
EEM,2019-05-21,40.38999938964844,40.63999938964844,40.290000915527344,40.630001068115234,40.290000915527344,59832600,False
EEM,2019-05-22,40.58000183105469,40.619998931884766,40.38999938964844,40.43000030517578,40.38999938964844,44117200,False
EEM,2019-05-23,39.880001068115234,40.08000183105469,39.75,39.90999984741211,39.75,86731100,False
EEM,2019-05-24,40.220001220703125,40.27000045776367,39.90999984741211,39.95000076293945,39.90999984741211,66379700,False
EEM,2019-05-28,40.369998931884766,40.41999816894531,40.0099983215332,40.09000015258789,40.0099983215332,98395200,False
EEM,2019-05-29,39.93000030517578,40.369998931884766,39.880001068115234,40.349998474121094,39.880001068115234,82060400,False
EEM,2019-05-30,40.47999954223633,40.72999954223633,40.45000076293945,40.56999969482422,40.45000076293945,69626300,False
EEM,2019-05-31,40.380001068115234,40.810001373291016,40.349998474121094,40.709999084472656,40.349998474121094,85220400,False
EEM,2019-06-03,41.04999923706055,41.29999923706055,40.970001220703125,41.08000183105469,40.970001220703125,75619900,False
EEM,2019-06-04,40.90999984741211,41.20000076293945,40.81999969482422,41.16999816894531,40.81999969482422,64141900,False
EEM,2019-06-05,41.220001220703125,41.2400016784668,40.72999954223633,40.84000015258789,40.72999954223633,64072200,False
EEM,2019-06-06,40.84000015258789,40.95000076293945,40.689998626708984,40.86000061035156,40.689998626708984,47722500,False
EEM,2019-06-07,41.08000183105469,41.52000045776367,41.060001373291016,41.18000030517578,41.060001373291016,63584200,False
EEM,2019-06-10,41.560001373291016,41.810001373291016,41.470001220703125,41.61000061035156,41.470001220703125,57245800,False
EEM,2019-06-11,42.150001525878906,42.220001220703125,41.959999084472656,42.08000183105469,41.959999084472656,69040600,False
EEM,2019-06-12,41.779998779296875,41.810001373291016,41.54999923706055,41.630001068115234,41.54999923706055,55120600,False
EEM,2019-06-13,41.689998626708984,41.7599983215332,41.43000030517578,41.560001373291016,41.43000030517578,59717500,False
EEM,2019-06-14,41.290000915527344,41.310001373291016,41.08000183105469,41.099998474121094,41.08000183105469,71468300,False
EEM,2019-06-17,40.81999969482422,41.029998779296875,40.81999969482422,40.95000076293945,40.81999969482422,48715600,False
EEM,2019-06-18,41.400001525878906,42.029998779296875,41.38999938964844,41.939998626708984,41.38999938964844,112482400,False
EEM,2019-06-19,42.02000045776367,42.5,41.91999816894531,42.290000915527344,41.91999816894531,105746200,False
EEM,2019-06-20,43.18000030517578,43.209999084472656,42.7400016784668,42.90999984741211,42.7400016784668,89200400,False
EEM,2019-06-21,42.7400016784668,42.869998931884766,42.66999816894531,42.77000045776367,42.66999816894531,55544000,False
EEM,2019-06-24,42.75,42.81999969482422,42.66999816894531,42.709999084472656,42.66999816894531,37025600,False
EEM,2019-06-25,42.540000915527344,42.59000015258789,42.209999084472656,42.27000045776367,42.209999084472656,62167500,False
EEM,2019-06-26,42.599998474121094,42.81999969482422,42.56999969482422,42.66999816894531,42.56999969482422,45126700,False
EEM,2019-06-27,42.849998474121094,42.9900016784668,42.779998779296875,42.970001220703125,42.779998779296875,42358200,False
EEM,2019-06-28,42.970001220703125,43.0,42.779998779296875,42.90999984741211,42.779998779296875,66235700,False
EEM,2019-07-01,43.70000076293945,43.7400016784668,43.2599983215332,43.41999816894531,43.2599983215332,73169000,False
EEM,2019-07-02,43.380001068115234,43.40999984741211,43.189998626708984,43.310001373291016,43.189998626708984,67518700,False
EEM,2019-07-03,43.11000061035156,43.22999954223633,43.04999923706055,43.22999954223633,43.04999923706055,31218500,False
EEM,2019-07-05,42.93000030517578,43.029998779296875,42.709999084472656,42.93000030517578,42.709999084472656,51678000,False
EEM,2019-07-08,42.630001068115234,42.72999954223633,42.560001373291016,42.66999816894531,42.560001373291016,37679000,False
EEM,2019-07-09,42.33000183105469,42.59000015258789,42.31999969482422,42.540000915527344,42.31999969482422,28227600,False
EEM,2019-07-10,42.970001220703125,43.130001068115234,42.86000061035156,42.900001525878906,42.86000061035156,53673100,False
EEM,2019-07-11,43.04999923706055,43.04999923706055,42.70000076293945,42.81999969482422,42.70000076293945,44486100,False
EEM,2019-07-12,42.86000061035156,42.88999938964844,42.68000030517578,42.849998474121094,42.68000030517578,30512200,False
EEM,2019-07-15,43.029998779296875,43.099998474121094,42.970001220703125,43.0099983215332,42.970001220703125,28026300,False
EEM,2019-07-16,43.060001373291016,43.18000030517578,42.90999984741211,42.95000076293945,42.90999984741211,37093700,False
EEM,2019-07-17,42.93000030517578,43.0099983215332,42.77000045776367,42.81999969482422,42.77000045776367,32865600,False
EEM,2019-07-18,42.79999923706055,43.130001068115234,42.779998779296875,43.08000183105469,42.779998779296875,63374400,False
EEM,2019-07-19,43.20000076293945,43.220001220703125,42.81999969482422,42.86000061035156,42.81999969482422,81774700,False
EEM,2019-07-22,42.970001220703125,43.029998779296875,42.84000015258789,42.869998931884766,42.84000015258789,29826200,False
EEM,2019-07-23,42.91999816894531,43.02000045776367,42.75,42.91999816894531,42.75,37246400,False
EEM,2019-07-24,42.869998931884766,43.02000045776367,42.869998931884766,42.9900016784668,42.869998931884766,40358800,False
EEM,2019-07-25,42.900001525878906,43.11000061035156,42.529998779296875,42.61000061035156,42.529998779296875,55327700,False
EEM,2019-07-26,42.779998779296875,42.81999969482422,42.58000183105469,42.70000076293945,42.58000183105469,33068600,False
EEM,2019-07-29,42.560001373291016,42.650001525878906,42.40999984741211,42.619998931884766,42.40999984741211,31912400,False
EEM,2019-07-30,42.290000915527344,42.349998474121094,42.15999984741211,42.290000915527344,42.15999984741211,57335800,False
EEM,2019-07-31,42.27000045776367,42.29999923706055,41.279998779296875,41.77000045776367,41.279998779296875,98764700,False
EEM,2019-08-01,41.779998779296875,42.099998474121094,40.84000015258789,40.95000076293945,40.84000015258789,139325900,False
EEM,2019-08-02,40.790000915527344,40.880001068115234,40.43000030517578,40.54999923706055,40.43000030517578,92796300,False
EEM,2019-08-05,39.43000030517578,39.5099983215332,38.849998474121094,39.04999923706055,38.849998474121094,131194100,False
EEM,2019-08-06,39.720001220703125,39.810001373291016,39.349998474121094,39.61000061035156,39.349998474121094,88071500,False
EEM,2019-08-07,39.209999084472656,39.810001373291016,39.04999923706055,39.790000915527344,39.04999923706055,106772500,False
EEM,2019-08-08,40.040000915527344,40.29999923706055,39.939998626708984,40.279998779296875,39.939998626708984,81187700,False
EEM,2019-08-09,40.029998779296875,40.09000015258789,39.70000076293945,39.869998931884766,39.70000076293945,64704000,False
EEM,2019-08-12,39.369998931884766,39.52000045776367,39.279998779296875,39.38999938964844,39.279998779296875,78559800,False
EEM,2019-08-13,39.09000015258789,40.11000061035156,39.02000045776367,39.88999938964844,39.02000045776367,110271800,False
EEM,2019-08-14,39.09000015258789,39.189998626708984,38.720001220703125,38.7400016784668,38.720001220703125,102911500,False
EEM,2019-08-15,39.099998474121094,39.15999984741211,38.810001373291016,39.0,38.810001373291016,78018300,False
EEM,2019-08-16,39.36000061035156,39.70000076293945,39.36000061035156,39.540000915527344,39.36000061035156,52047900,False
EEM,2019-08-19,40.040000915527344,40.04999923706055,39.66999816894531,39.70000076293945,39.66999816894531,43330900,False
EEM,2019-08-20,39.83000183105469,39.970001220703125,39.72999954223633,39.779998779296875,39.72999954223633,44920900,False
EEM,2019-08-21,40.20000076293945,40.20000076293945,39.970001220703125,40.15999984741211,39.970001220703125,39677100,False
EEM,2019-08-22,39.86000061035156,39.91999816894531,39.529998779296875,39.63999938964844,39.529998779296875,41603000,False
EEM,2019-08-23,39.54999923706055,39.91999816894531,38.9900016784668,39.04999923706055,38.9900016784668,80560300,False
EEM,2019-08-26,39.33000183105469,39.380001068115234,39.15999984741211,39.2599983215332,39.15999984741211,58145000,False
EEM,2019-08-27,39.529998779296875,39.66999816894531,39.29999923706055,39.33000183105469,39.29999923706055,62899100,False
EEM,2019-08-28,39.2599983215332,39.5099983215332,39.15999984741211,39.439998626708984,39.15999984741211,49483900,False
EEM,2019-08-29,39.689998626708984,39.90999984741211,39.54999923706055,39.880001068115234,39.54999923706055,43359900,False
EEM,2019-08-30,40.209999084472656,40.220001220703125,39.959999084472656,40.189998626708984,39.959999084472656,57071300,False
EEM,2019-09-03,39.72999954223633,39.95000076293945,39.72999954223633,39.939998626708984,39.72999954223633,50339600,False
EEM,2019-09-04,40.4900016784668,40.65999984741211,40.400001525878906,40.61000061035156,40.400001525878906,65958900,False
EEM,2019-09-05,41.09000015258789,41.220001220703125,41.04999923706055,41.06999969482422,41.04999923706055,72704000,False
EEM,2019-09-06,41.29999923706055,41.38999938964844,41.20000076293945,41.25,41.20000076293945,48716200,False
EEM,2019-09-09,41.36000061035156,41.5,41.25,41.380001068115234,41.25,38554200,False
EEM,2019-09-10,41.34000015258789,41.4900016784668,41.16999816894531,41.40999984741211,41.16999816894531,48449600,False
EEM,2019-09-11,41.560001373291016,41.72999954223633,41.4900016784668,41.70000076293945,41.4900016784668,62563900,False
EEM,2019-09-12,41.970001220703125,42.25,41.81999969482422,42.0,41.81999969482422,74590100,False
EEM,2019-09-13,42.25,42.349998474121094,42.15999984741211,42.2400016784668,42.15999984741211,58403500,False
EEM,2019-09-16,41.90999984741211,42.11000061035156,41.810001373291016,41.90999984741211,41.810001373291016,62905800,False
EEM,2019-09-17,41.529998779296875,41.939998626708984,41.5,41.90999984741211,41.5,98835700,False
EEM,2019-09-18,41.84000015258789,41.900001525878906,41.40999984741211,41.7400016784668,41.40999984741211,70984700,False
EEM,2019-09-19,41.7400016784668,41.880001068115234,41.5,41.56999969482422,41.5,52527900,False
EEM,2019-09-20,41.880001068115234,41.93000030517578,41.439998626708984,41.61000061035156,41.439998626708984,84880500,False
EEM,2019-09-23,41.40999984741211,41.66999816894531,41.40999984741211,41.650001525878906,41.40999984741211,41828800,False
EEM,2019-09-24,41.630001068115234,41.63999938964844,41.16999816894531,41.209999084472656,41.16999816894531,57006500,False
EEM,2019-09-25,40.939998626708984,41.27000045776367,40.790000915527344,41.18000030517578,40.790000915527344,43393200,False
EEM,2019-09-26,41.25,41.29999923706055,41.04999923706055,41.16999816894531,41.04999923706055,37645800,False
EEM,2019-09-27,41.16999816894531,41.27000045776367,40.4900016784668,40.63999938964844,40.4900016784668,79236200,False
EEM,2019-09-30,40.97999954223633,41.099998474121094,40.81999969482422,40.869998931884766,40.81999969482422,43961000,False
EEM,2019-10-01,40.900001525878906,40.90999984741211,40.54999923706055,40.58000183105469,40.54999923706055,48520000,False
EEM,2019-10-02,40.279998779296875,40.34000015258789,40.06999969482422,40.27000045776367,40.06999969482422,41806300,False
EEM,2019-10-03,40.40999984741211,40.790000915527344,40.29999923706055,40.790000915527344,40.29999923706055,62287700,False
EEM,2019-10-04,40.66999816894531,41.04999923706055,40.630001068115234,40.970001220703125,40.630001068115234,54314800,False
EEM,2019-10-07,40.720001220703125,40.93000030517578,40.599998474121094,40.630001068115234,40.599998474121094,57065700,False
EEM,2019-10-08,40.54999923706055,40.599998474121094,40.310001373291016,40.34000015258789,40.310001373291016,57784200,False
EEM,2019-10-09,40.66999816894531,40.810001373291016,40.599998474121094,40.650001525878906,40.599998474121094,41122500,False
EEM,2019-10-10,40.79999923706055,41.2400016784668,40.790000915527344,41.06999969482422,40.790000915527344,49289100,False
EEM,2019-10-11,41.70000076293945,42.04999923706055,41.630001068115234,41.72999954223633,41.630001068115234,95248800,False
EEM,2019-10-14,41.68000030517578,41.7400016784668,41.540000915527344,41.54999923706055,41.540000915527344,29228200,False
EEM,2019-10-15,41.66999816894531,42.0099983215332,41.650001525878906,41.91999816894531,41.650001525878906,50663000,False
EEM,2019-10-16,41.880001068115234,42.08000183105469,41.790000915527344,42.040000915527344,41.790000915527344,40768400,False
EEM,2019-10-17,42.369998931884766,42.38999938964844,42.13999938964844,42.20000076293945,42.13999938964844,56380200,False
EEM,2019-10-18,42.11000061035156,42.220001220703125,41.869998931884766,41.97999954223633,41.869998931884766,78858900,False
EEM,2019-10-21,42.15999984741211,42.369998931884766,42.099998474121094,42.36000061035156,42.099998474121094,38432200,False
EEM,2019-10-22,42.38999938964844,42.540000915527344,42.33000183105469,42.38999938964844,42.33000183105469,53409500,False
EEM,2019-10-23,42.220001220703125,42.45000076293945,42.189998626708984,42.400001525878906,42.189998626708984,43342700,False
EEM,2019-10-24,42.58000183105469,42.59000015258789,42.369998931884766,42.400001525878906,42.369998931884766,61391900,False
EEM,2019-10-25,42.400001525878906,42.72999954223633,42.380001068115234,42.70000076293945,42.380001068115234,49443700,False
EEM,2019-10-28,42.900001525878906,43.060001373291016,42.880001068115234,42.95000076293945,42.880001068115234,56279100,False
EEM,2019-10-29,42.72999954223633,42.86000061035156,42.689998626708984,42.72999954223633,42.689998626708984,33949800,False
EEM,2019-10-30,42.630001068115234,42.91999816894531,42.45000076293945,42.91999816894531,42.45000076293945,60881000,False
EEM,2019-10-31,42.7599983215332,42.77000045776367,42.36000061035156,42.58000183105469,42.36000061035156,56057700,False
EEM,2019-11-01,43.029998779296875,43.25,43.0099983215332,43.220001220703125,43.0099983215332,72772400,False
EEM,2019-11-04,43.77000045776367,43.81999969482422,43.58000183105469,43.650001525878906,43.58000183105469,62191600,False
EEM,2019-11-05,43.90999984741211,43.939998626708984,43.70000076293945,43.900001525878906,43.70000076293945,62354500,False
EEM,2019-11-06,43.869998931884766,43.90999984741211,43.619998931884766,43.7599983215332,43.619998931884766,61670500,False
EEM,2019-11-07,44.09000015258789,44.25,44.029998779296875,44.08000183105469,44.029998779296875,97598200,False
EEM,2019-11-08,43.72999954223633,43.83000183105469,43.59000015258789,43.68000030517578,43.59000015258789,68666900,False
EEM,2019-11-11,43.13999938964844,43.41999816894531,43.099998474121094,43.369998931884766,43.099998474121094,47092800,False
EEM,2019-11-12,43.2599983215332,43.279998779296875,43.0099983215332,43.09000015258789,43.0099983215332,57453500,False
EEM,2019-11-13,42.65999984741211,42.84000015258789,42.599998474121094,42.7599983215332,42.599998474121094,63134600,False
EEM,2019-11-14,42.720001220703125,42.849998474121094,42.56999969482422,42.790000915527344,42.56999969482422,48737400,False
EEM,2019-11-15,43.06999969482422,43.220001220703125,43.029998779296875,43.130001068115234,43.029998779296875,67670700,False
EEM,2019-11-18,43.13999938964844,43.220001220703125,43.02000045776367,43.060001373291016,43.02000045776367,52545500,False
EEM,2019-11-19,43.380001068115234,43.380001068115234,43.09000015258789,43.150001525878906,43.09000015258789,40853600,False
EEM,2019-11-20,43.0,43.15999984741211,42.779998779296875,42.959999084472656,42.779998779296875,51991800,False
EEM,2019-11-21,42.790000915527344,42.88999938964844,42.68000030517578,42.869998931884766,42.68000030517578,43842600,False
EEM,2019-11-22,42.95000076293945,42.9900016784668,42.77000045776367,42.869998931884766,42.77000045776367,23519900,False
EEM,2019-11-25,43.13999938964844,43.34000015258789,43.099998474121094,43.29999923706055,43.099998474121094,57048200,False
EEM,2019-11-26,43.060001373291016,43.189998626708984,42.88999938964844,43.16999816894531,42.88999938964844,49571200,False
EEM,2019-11-27,43.09000015258789,43.2400016784668,43.0099983215332,43.220001220703125,43.0099983215332,30402300,False
EEM,2019-11-29,42.63999938964844,42.720001220703125,42.540000915527344,42.540000915527344,42.540000915527344,35476600,False
EEM,2019-12-02,42.66999816894531,42.68000030517578,42.369998931884766,42.529998779296875,42.369998931884766,59762300,False
EEM,2019-12-03,42.15999984741211,42.31999969482422,41.970001220703125,42.310001373291016,41.970001220703125,50471700,False
EEM,2019-12-04,42.630001068115234,42.70000076293945,42.56999969482422,42.630001068115234,42.56999969482422,47026100,False
EEM,2019-12-05,42.720001220703125,42.880001068115234,42.650001525878906,42.81999969482422,42.650001525878906,43346400,False
EEM,2019-12-06,43.06999969482422,43.130001068115234,42.97999954223633,43.06999969482422,42.97999954223633,56766600,False
EEM,2019-12-09,43.029998779296875,43.16999816894531,42.880001068115234,42.900001525878906,42.880001068115234,37622000,False
EEM,2019-12-10,42.9900016784668,43.13999938964844,42.90999984741211,43.04999923706055,42.90999984741211,34791300,False
EEM,2019-12-11,43.290000915527344,43.720001220703125,43.27000045776367,43.68000030517578,43.27000045776367,60083200,False
EEM,2019-12-12,43.810001373291016,44.5,43.77000045776367,44.439998626708984,43.77000045776367,132196700,False
EEM,2019-12-13,44.54999923706055,44.869998931884766,44.29999923706055,44.41999816894531,44.29999923706055,160526800,False
EEM,2019-12-16,43.88999938964844,44.0099983215332,43.81999969482422,43.86000061035156,43.81999969482422,81828000,False
EEM,2019-12-17,44.20000076293945,44.310001373291016,44.119998931884766,44.2599983215332,44.119998931884766,79046200,False
EEM,2019-12-18,44.459999084472656,44.5099983215332,44.36000061035156,44.5,44.36000061035156,67065000,False
EEM,2019-12-19,44.36000061035156,44.529998779296875,44.33000183105469,44.52000045776367,44.33000183105469,59364600,False
EEM,2019-12-20,44.56999969482422,44.66999816894531,44.5,44.61000061035156,44.5,69295600,False
EEM,2019-12-23,44.59000015258789,44.66999816894531,44.540000915527344,44.66999816894531,44.540000915527344,29479500,False
EEM,2019-12-24,44.58000183105469,44.619998931884766,44.47999954223633,44.56999969482422,44.47999954223633,18951500,False
EEM,2019-12-26,44.7400016784668,44.90999984741211,44.720001220703125,44.88999938964844,44.720001220703125,24947900,False
EEM,2019-12-27,45.18000030517578,45.20000076293945,44.95000076293945,45.06999969482422,44.95000076293945,48407900,False
EEM,2019-12-30,45.18000030517578,45.18000030517578,44.709999084472656,44.77000045776367,44.709999084472656,44522800,False
EEM,2019-12-31,44.79999923706055,44.91999816894531,44.68000030517578,44.869998931884766,44.68000030517578,47292800,False
EEM,2020-01-02,45.36000061035156,45.779998779296875,45.349998474121094,45.779998779296875,45.349998474121094,78570100,False
EEM,2020-01-03,45.029998779296875,45.2599983215332,44.90999984741211,44.93000030517578,44.90999984741211,78998200,False
EEM,2020-01-06,44.599998474121094,44.869998931884766,44.59000015258789,44.81999969482422,44.59000015258789,40085300,False
EEM,2020-01-07,44.790000915527344,44.900001525878906,44.689998626708984,44.790000915527344,44.689998626708984,65705300,False
EEM,2020-01-08,44.72999954223633,45.29999923706055,44.689998626708984,45.04999923706055,44.689998626708984,86913300,False
EEM,2020-01-09,45.47999954223633,45.47999954223633,45.2599983215332,45.349998474121094,45.2599983215332,53199900,False
EEM,2020-01-10,45.63999938964844,45.77000045776367,45.529998779296875,45.59000015258789,45.529998779296875,67573300,False
EEM,2020-01-13,45.90999984741211,46.31999969482422,45.810001373291016,46.29999923706055,45.810001373291016,79593800,False
EEM,2020-01-14,46.029998779296875,46.06999969482422,45.81999969482422,46.040000915527344,45.81999969482422,75746900,False
EEM,2020-01-15,45.869998931884766,45.91999816894531,45.61000061035156,45.68000030517578,45.61000061035156,60620600,False
EEM,2020-01-16,45.97999954223633,46.040000915527344,45.83000183105469,45.970001220703125,45.83000183105469,50712700,False
EEM,2020-01-17,46.119998931884766,46.2599983215332,46.0099983215332,46.22999954223633,46.0099983215332,72382100,False
EEM,2020-01-21,45.27000045776367,45.349998474121094,45.029998779296875,45.060001373291016,45.029998779296875,106662600,False
EEM,2020-01-22,45.560001373291016,45.58000183105469,45.29999923706055,45.43000030517578,45.29999923706055,57584900,False
EEM,2020-01-23,44.720001220703125,45.099998474121094,44.47999954223633,44.959999084472656,44.47999954223633,88714300,False
EEM,2020-01-24,45.02000045776367,45.029998779296875,44.38999938964844,44.599998474121094,44.38999938964844,88654500,False
EEM,2020-01-27,42.7400016784668,44.970001220703125,42.65999984741211,43.060001373291016,42.65999984741211,129321800,False
EEM,2020-01-28,43.220001220703125,43.5,43.029998779296875,43.41999816894531,43.029998779296875,82396700,False
EEM,2020-01-29,43.7599983215332,43.790000915527344,43.5,43.630001068115234,43.5,51814700,False
EEM,2020-01-30,42.65999984741211,43.029998779296875,42.43000030517578,42.97999954223633,42.43000030517578,105864200,False
EEM,2020-01-31,42.29999923706055,42.33000183105469,41.880001068115234,42.11000061035156,41.880001068115234,99532200,False
EEM,2020-02-03,42.27000045776367,42.68000030517578,42.2599983215332,42.58000183105469,42.2599983215332,71309200,False
EEM,2020-02-04,43.68000030517578,43.93000030517578,43.650001525878906,43.68000030517578,43.650001525878906,73939300,False
EEM,2020-02-05,44.459999084472656,44.470001220703125,43.900001525878906,43.93000030517578,43.900001525878906,74350800,False
EEM,2020-02-06,44.33000183105469,44.349998474121094,43.959999084472656,43.970001220703125,43.959999084472656,80118800,False
EEM,2020-02-07,43.529998779296875,43.54999923706055,43.25,43.36000061035156,43.25,58449900,False
EEM,2020-02-10,43.380001068115234,43.630001068115234,43.380001068115234,43.599998474121094,43.380001068115234,45350800,False
EEM,2020-02-11,44.13999938964844,44.40999984741211,44.08000183105469,44.16999816894531,44.08000183105469,58708400,False
EEM,2020-02-12,44.59000015258789,44.84000015258789,44.5,44.77000045776367,44.5,41641100,False
EEM,2020-02-13,44.290000915527344,44.45000076293945,44.15999984741211,44.18000030517578,44.15999984741211,64757500,False
EEM,2020-02-14,44.459999084472656,44.470001220703125,44.040000915527344,44.20000076293945,44.040000915527344,45095300,False
EEM,2020-02-18,43.88999938964844,44.04999923706055,43.810001373291016,43.90999984741211,43.810001373291016,40176200,False
EEM,2020-02-19,44.25,44.33000183105469,44.189998626708984,44.22999954223633,44.189998626708984,45651500,False
EEM,2020-02-20,43.880001068115234,44.34000015258789,43.400001525878906,43.540000915527344,43.400001525878906,109316300,False
EEM,2020-02-21,43.439998626708984,43.529998779296875,43.22999954223633,43.290000915527344,43.22999954223633,70553100,False
EEM,2020-02-24,41.459999084472656,41.90999984741211,41.43000030517578,41.66999816894531,41.43000030517578,101505600,False
EEM,2020-02-25,42.279998779296875,42.349998474121094,41.34000015258789,41.34000015258789,41.34000015258789,118601100,False
EEM,2020-02-26,41.83000183105469,42.2400016784668,41.63999938964844,41.66999816894531,41.63999938964844,109411100,False
EEM,2020-02-27,41.209999084472656,41.52000045776367,40.65999984741211,40.66999816894531,40.65999984741211,151063200,False
EEM,2020-02-28,39.54999923706055,40.619998931884766,39.279998779296875,40.52000045776367,39.279998779296875,201191200,False
EEM,2020-03-02,40.63999938964844,41.40999984741211,40.400001525878906,41.400001525878906,40.400001525878906,135152300,False
EEM,2020-03-03,41.40999984741211,42.08000183105469,40.83000183105469,41.119998931884766,40.83000183105469,141798700,False
EEM,2020-03-04,41.7400016784668,41.93000030517578,41.5099983215332,41.849998474121094,41.5099983215332,80064800,False
EEM,2020-03-05,41.52000045776367,41.68000030517578,40.79999923706055,40.970001220703125,40.79999923706055,107474200,False
EEM,2020-03-06,40.27000045776367,40.38999938964844,39.810001373291016,40.130001068115234,39.810001373291016,104006900,False
EEM,2020-03-09,37.22999954223633,38.099998474121094,36.599998474121094,37.38999938964844,36.599998474121094,143376900,True
EEM,2020-03-10,38.95000076293945,39.33000183105469,38.16999816894531,39.290000915527344,38.16999816894531,142773700,True
EEM,2020-03-11,38.20000076293945,38.33000183105469,37.220001220703125,37.459999084472656,37.220001220703125,137795400,True
EEM,2020-03-12,34.130001068115234,34.66999816894531,32.88999938964844,33.709999084472656,32.88999938964844,171341200,True
EEM,2020-03-13,36.61000061035156,36.70000076293945,34.380001068115234,36.13999938964844,34.380001068115234,128272900,True
EEM,2020-03-16,32.0,33.47999954223633,31.59000015258789,31.6299991607666,31.59000015258789,101553900,True
EEM,2020-03-17,32.560001373291016,33.810001373291016,32.029998779296875,33.810001373291016,32.029998779296875,92310900,True
EEM,2020-03-18,30.90999984741211,32.02000045776367,30.149999618530273,30.889999389648438,30.149999618530273,101136100,True
EEM,2020-03-19,30.809999465942383,31.549999237060547,30.25,31.1299991607666,30.25,68919700,False
EEM,2020-03-20,32.59000015258789,32.720001220703125,31.25,31.360000610351562,31.25,100290200,False
EEM,2020-03-23,31.059999465942383,31.15999984741211,30.100000381469727,30.610000610351562,30.100000381469727,97832900,False
EEM,2020-03-24,32.61000061035156,32.970001220703125,32.349998474121094,32.90999984741211,32.349998474121094,84450500,True
EEM,2020-03-25,33.5099983215332,34.529998779296875,33.189998626708984,34.06999969482422,33.189998626708984,79588900,False
EEM,2020-03-26,34.36000061035156,35.45000076293945,34.279998779296875,35.36000061035156,34.279998779296875,89991500,False
EEM,2020-03-27,33.45000076293945,33.959999084472656,33.189998626708984,33.349998474121094,33.189998626708984,74103800,True
EEM,2020-03-30,33.470001220703125,33.93000030517578,33.220001220703125,33.900001525878906,33.220001220703125,47544900,False
EEM,2020-03-31,33.97999954223633,34.54999923706055,33.91999816894531,34.130001068115234,33.91999816894531,64131300,False
EEM,2020-04-01,33.099998474121094,33.33000183105469,32.619998931884766,32.66999816894531,32.619998931884766,65580600,True
EEM,2020-04-02,33.290000915527344,33.939998626708984,33.20000076293945,33.77000045776367,33.20000076293945,55784000,False
EEM,2020-04-03,33.689998626708984,33.86000061035156,32.95000076293945,33.130001068115234,32.95000076293945,68672500,False
EEM,2020-04-06,34.439998626708984,34.95000076293945,34.29999923706055,34.939998626708984,34.29999923706055,82394800,True
EEM,2020-04-07,36.09000015258789,36.119998931884766,35.04999923706055,35.119998931884766,35.04999923706055,74322600,False
EEM,2020-04-08,35.209999084472656,35.56999969482422,34.939998626708984,35.47999954223633,34.939998626708984,47112900,False
EEM,2020-04-09,35.86000061035156,36.09000015258789,35.2599983215332,35.349998474121094,35.2599983215332,67239300,False
EEM,2020-04-13,35.34000015258789,35.45000076293945,35.0,35.400001525878906,35.0,38193400,False
EEM,2020-04-14,36.209999084472656,36.47999954223633,36.0099983215332,36.209999084472656,36.0099983215332,52817400,False
EEM,2020-04-15,35.349998474121094,35.459999084472656,35.119998931884766,35.279998779296875,35.119998931884766,60775200,False
EEM,2020-04-16,35.779998779296875,35.81999969482422,35.349998474121094,35.470001220703125,35.349998474121094,37215100,False
EEM,2020-04-17,36.43000030517578,36.47999954223633,36.0,36.2599983215332,36.0,40870300,False
EEM,2020-04-20,35.880001068115234,36.2400016784668,35.72999954223633,35.79999923706055,35.72999954223633,44402700,False
EEM,2020-04-21,34.97999954223633,35.18000030517578,34.7400016784668,34.810001373291016,34.7400016784668,46166600,False
EEM,2020-04-22,35.779998779296875,35.869998931884766,35.689998626708984,35.7599983215332,35.689998626708984,37455800,False
EEM,2020-04-23,36.040000915527344,36.290000915527344,35.61000061035156,35.630001068115234,35.61000061035156,40733100,False
EEM,2020-04-24,35.689998626708984,35.7400016784668,35.25,35.58000183105469,35.25,30553700,False
EEM,2020-04-27,36.04999923706055,36.369998931884766,35.9900016784668,36.29999923706055,35.9900016784668,30617400,False
EEM,2020-04-28,36.81999969482422,36.849998474121094,36.349998474121094,36.369998931884766,36.349998474121094,34463600,False
EEM,2020-04-29,36.9900016784668,37.5,36.91999816894531,37.43000030517578,36.91999816894531,45483100,False
EEM,2020-04-30,37.2400016784668,37.36000061035156,36.400001525878906,36.63999938964844,36.400001525878906,59181700,False
EEM,2020-05-01,35.75,35.880001068115234,35.20000076293945,35.31999969482422,35.20000076293945,56829000,False
EEM,2020-05-04,35.459999084472656,35.7400016784668,35.31999969482422,35.70000076293945,35.31999969482422,37036200,False
EEM,2020-05-05,36.060001373291016,36.2400016784668,35.86000061035156,35.900001525878906,35.86000061035156,41772700,False
EEM,2020-05-06,36.119998931884766,36.15999984741211,35.77000045776367,35.790000915527344,35.77000045776367,36584500,False
EEM,2020-05-07,36.130001068115234,36.2400016784668,35.90999984741211,36.08000183105469,35.90999984741211,36883300,False
EEM,2020-05-08,36.540000915527344,36.95000076293945,36.5099983215332,36.84000015258789,36.5099983215332,60613000,False
EEM,2020-05-11,36.619998931884766,36.84000015258789,36.560001373291016,36.599998474121094,36.560001373291016,31053700,False
EEM,2020-05-12,36.900001525878906,37.15999984741211,36.45000076293945,36.459999084472656,36.45000076293945,49641400,False
EEM,2020-05-13,36.869998931884766,36.95000076293945,36.150001525878906,36.38999938964844,36.150001525878906,55002900,False
EEM,2020-05-14,35.689998626708984,36.59000015258789,35.560001373291016,36.529998779296875,35.560001373291016,58633700,False
EEM,2020-05-15,35.959999084472656,36.20000076293945,35.84000015258789,36.029998779296875,35.84000015258789,40402000,False
EEM,2020-05-18,36.91999816894531,37.52000045776367,36.90999984741211,37.439998626708984,36.90999984741211,47487700,False
EEM,2020-05-19,37.380001068115234,37.560001373291016,37.119998931884766,37.13999938964844,37.119998931884766,36152600,False
EEM,2020-05-20,37.72999954223633,37.90999984741211,37.41999816894531,37.630001068115234,37.41999816894531,43140300,False
EEM,2020-05-21,37.400001525878906,37.529998779296875,37.02000045776367,37.20000076293945,37.02000045776367,42845500,False
EEM,2020-05-22,36.619998931884766,36.619998931884766,36.310001373291016,36.43000030517578,36.310001373291016,47355000,False
EEM,2020-05-26,37.58000183105469,37.72999954223633,37.189998626708984,37.22999954223633,37.189998626708984,54511200,False
EEM,2020-05-27,37.400001525878906,37.43000030517578,36.90999984741211,37.349998474121094,36.90999984741211,47182400,False
EEM,2020-05-28,37.470001220703125,37.650001525878906,37.06999969482422,37.09000015258789,37.06999969482422,53388700,False
EEM,2020-05-29,37.349998474121094,37.79999923706055,37.09000015258789,37.72999954223633,37.09000015258789,63616700,False
EEM,2020-06-01,38.08000183105469,38.630001068115234,38.0099983215332,38.599998474121094,38.0099983215332,49360200,False
EEM,2020-06-02,39.06999969482422,39.56999969482422,38.97999954223633,39.52000045776367,38.97999954223633,54010500,False
EEM,2020-06-03,40.04999923706055,40.52000045776367,39.9900016784668,40.439998626708984,39.9900016784668,60769300,False
EEM,2020-06-04,39.90999984741211,40.18000030517578,39.66999816894531,39.869998931884766,39.66999816894531,50969300,False
EEM,2020-06-05,40.900001525878906,41.15999984741211,40.81999969482422,40.91999816894531,40.81999969482422,52467500,False
EEM,2020-06-08,40.79999923706055,41.189998626708984,40.560001373291016,41.16999816894531,40.560001373291016,39777100,False
EEM,2020-06-09,40.58000183105469,40.97999954223633,40.43000030517578,40.88999938964844,40.43000030517578,44389800,False
EEM,2020-06-10,41.0099983215332,41.310001373291016,40.66999816894531,41.189998626708984,40.66999816894531,81172700,False
EEM,2020-06-11,39.86000061035156,40.08000183105469,38.9900016784668,39.040000915527344,38.9900016784668,91271100,True
EEM,2020-06-12,40.02000045776367,40.099998474121094,39.279998779296875,39.869998931884766,39.279998779296875,73779500,False
EEM,2020-06-15,38.619998931884766,39.5099983215332,38.5,39.279998779296875,38.5,76868600,False
EEM,2020-06-16,40.27000045776367,40.27000045776367,39.25,39.529998779296875,39.25,79638000,False
EEM,2020-06-17,39.869998931884766,40.11000061035156,39.790000915527344,39.90999984741211,39.790000915527344,61471100,False
EEM,2020-06-18,39.810001373291016,40.08000183105469,39.79999923706055,39.93000030517578,39.79999923706055,48131400,False
EEM,2020-06-19,40.470001220703125,40.47999954223633,39.779998779296875,39.91999816894531,39.779998779296875,72411300,False
EEM,2020-06-22,40.189998626708984,40.5,40.099998474121094,40.40999984741211,40.099998474121094,39024200,False
EEM,2020-06-23,40.88999938964844,41.06999969482422,40.7599983215332,40.79999923706055,40.7599983215332,32995800,False
EEM,2020-06-24,40.63999938964844,40.7599983215332,39.97999954223633,40.2599983215332,39.97999954223633,51150200,False
EEM,2020-06-25,40.119998931884766,40.439998626708984,39.97999954223633,40.43000030517578,39.97999954223633,48199000,False
EEM,2020-06-26,40.310001373291016,40.33000183105469,39.77000045776367,39.939998626708984,39.77000045776367,53901200,False
EEM,2020-06-29,39.95000076293945,40.13999938964844,39.720001220703125,40.119998931884766,39.720001220703125,34712700,False
EEM,2020-06-30,40.04999923706055,40.09000015258789,39.7400016784668,39.9900016784668,39.7400016784668,67644600,False
EEM,2020-07-01,40.209999084472656,40.59000015258789,40.18000030517578,40.439998626708984,40.18000030517578,51766200,False
EEM,2020-07-02,41.310001373291016,41.599998474121094,41.18000030517578,41.36000061035156,41.18000030517578,42240200,False
EEM,2020-07-06,42.779998779296875,43.150001525878906,42.779998779296875,43.13999938964844,42.779998779296875,69159900,True
EEM,2020-07-07,42.59000015258789,42.880001068115234,42.400001525878906,42.41999816894531,42.400001525878906,34004100,False
EEM,2020-07-08,43.0,43.52000045776367,42.95000076293945,43.52000045776367,42.95000076293945,42278100,False
EEM,2020-07-09,43.900001525878906,43.959999084472656,43.130001068115234,43.52000045776367,43.130001068115234,64950400,False
EEM,2020-07-10,43.22999954223633,43.29999923706055,42.95000076293945,43.2400016784668,42.95000076293945,45293500,False
EEM,2020-07-13,43.540000915527344,43.86000061035156,42.869998931884766,42.95000076293945,42.869998931884766,47039600,False
EEM,2020-07-14,42.45000076293945,43.130001068115234,42.349998474121094,43.0099983215332,42.349998474121094,56528000,False
EEM,2020-07-15,43.27000045776367,43.349998474121094,42.970001220703125,43.13999938964844,42.970001220703125,48309100,False
EEM,2020-07-16,42.310001373291016,42.56999969482422,42.25,42.529998779296875,42.25,36512000,False
EEM,2020-07-17,42.84000015258789,42.86000061035156,42.54999923706055,42.77000045776367,42.54999923706055,40913000,False
EEM,2020-07-20,43.0099983215332,43.369998931884766,42.88999938964844,43.31999969482422,42.88999938964844,23319300,False
EEM,2020-07-21,44.0,44.02000045776367,43.70000076293945,43.720001220703125,43.70000076293945,44420500,False
EEM,2020-07-22,43.709999084472656,43.709999084472656,43.290000915527344,43.529998779296875,43.290000915527344,31232200,False
EEM,2020-07-23,43.5,43.66999816894531,42.970001220703125,43.18000030517578,42.970001220703125,39243400,False
EEM,2020-07-24,42.720001220703125,43.13999938964844,42.630001068115234,43.13999938964844,42.630001068115234,30184800,False
EEM,2020-07-27,43.439998626708984,43.84000015258789,43.310001373291016,43.810001373291016,43.310001373291016,39112200,False
EEM,2020-07-28,43.72999954223633,43.779998779296875,43.400001525878906,43.45000076293945,43.400001525878906,31219100,False
EEM,2020-07-29,43.849998474121094,44.27000045776367,43.849998474121094,44.150001525878906,43.849998474121094,37830900,False
EEM,2020-07-30,43.630001068115234,43.7599983215332,43.189998626708984,43.59000015258789,43.189998626708984,47900300,False
EEM,2020-07-31,43.630001068115234,43.63999938964844,42.959999084472656,43.290000915527344,42.959999084472656,62457700,False
EEM,2020-08-03,43.45000076293945,43.689998626708984,43.40999984741211,43.59000015258789,43.40999984741211,30603000,False
EEM,2020-08-04,43.779998779296875,44.16999816894531,43.77000045776367,44.16999816894531,43.77000045776367,40597400,False
EEM,2020-08-05,44.560001373291016,44.849998474121094,44.529998779296875,44.650001525878906,44.529998779296875,36768200,False
EEM,2020-08-06,44.52000045776367,44.810001373291016,44.36000061035156,44.790000915527344,44.36000061035156,33523700,False
EEM,2020-08-07,43.9900016784668,44.150001525878906,43.63999938964844,43.869998931884766,43.63999938964844,35759300,False
EEM,2020-08-10,43.939998626708984,44.06999969482422,43.63999938964844,43.97999954223633,43.63999938964844,26964700,False
EEM,2020-08-11,44.27000045776367,44.36000061035156,43.810001373291016,43.86000061035156,43.810001373291016,34166400,False
EEM,2020-08-12,44.310001373291016,44.58000183105469,44.209999084472656,44.45000076293945,44.209999084472656,30740100,False
EEM,2020-08-13,44.400001525878906,44.470001220703125,44.130001068115234,44.31999969482422,44.130001068115234,26509200,False
EEM,2020-08-14,44.209999084472656,44.310001373291016,44.150001525878906,44.2400016784668,44.150001525878906,24593800,False
EEM,2020-08-17,44.56999969482422,44.81999969482422,44.5,44.79999923706055,44.5,26422200,False
EEM,2020-08-18,44.79999923706055,44.869998931884766,44.459999084472656,44.75,44.459999084472656,34464800,False
EEM,2020-08-19,44.61000061035156,44.619998931884766,44.189998626708984,44.20000076293945,44.189998626708984,28391100,False
EEM,2020-08-20,43.459999084472656,44.06999969482422,43.369998931884766,44.060001373291016,43.369998931884766,38399500,False
EEM,2020-08-21,43.97999954223633,44.29999923706055,43.790000915527344,44.279998779296875,43.790000915527344,34657800,False
EEM,2020-08-24,44.939998626708984,44.970001220703125,44.599998474121094,44.77000045776367,44.599998474121094,26576500,False
EEM,2020-08-25,44.91999816894531,45.2599983215332,44.81999969482422,45.220001220703125,44.81999969482422,27608400,False
EEM,2020-08-26,45.22999954223633,45.38999938964844,45.16999816894531,45.34000015258789,45.16999816894531,31465300,False
EEM,2020-08-27,45.459999084472656,45.459999084472656,44.77000045776367,44.959999084472656,44.77000045776367,31947400,False
EEM,2020-08-28,45.2400016784668,45.560001373291016,45.119998931884766,45.54999923706055,45.119998931884766,24151700,False
EEM,2020-08-31,44.709999084472656,44.720001220703125,44.25,44.540000915527344,44.25,52790000,False
EEM,2020-09-01,44.959999084472656,45.33000183105469,44.91999816894531,45.29999923706055,44.91999816894531,34212200,False
EEM,2020-09-02,45.36000061035156,45.369998931884766,44.779998779296875,45.18000030517578,44.779998779296875,50638400,False
EEM,2020-09-03,44.939998626708984,44.95000076293945,44.040000915527344,44.31999969482422,44.040000915527344,82433300,False
EEM,2020-09-04,44.41999816894531,44.65999984741211,43.58000183105469,44.34000015258789,43.58000183105469,62284500,False
EEM,2020-09-08,43.560001373291016,43.959999084472656,43.43000030517578,43.56999969482422,43.43000030517578,50051100,False
EEM,2020-09-09,44.0099983215332,44.310001373291016,43.900001525878906,44.220001220703125,43.900001525878906,49010500,False
EEM,2020-09-10,44.27000045776367,44.34000015258789,43.5099983215332,43.5099983215332,43.5099983215332,54276200,False
EEM,2020-09-11,44.11000061035156,44.25,43.709999084472656,43.93000030517578,43.709999084472656,49400700,False
EEM,2020-09-14,44.5099983215332,44.709999084472656,44.45000076293945,44.63999938964844,44.45000076293945,38892300,False
EEM,2020-09-15,45.189998626708984,45.22999954223633,45.02000045776367,45.11000061035156,45.02000045776367,30541000,False
EEM,2020-09-16,45.25,45.40999984741211,45.029998779296875,45.04999923706055,45.029998779296875,38179100,False
EEM,2020-09-17,44.5099983215332,44.939998626708984,44.47999954223633,44.869998931884766,44.47999954223633,38231100,False
EEM,2020-09-18,44.90999984741211,44.95000076293945,44.45000076293945,44.52000045776367,44.45000076293945,34270500,False
EEM,2020-09-21,43.77000045776367,44.13999938964844,43.38999938964844,44.11000061035156,43.38999938964844,42901100,False
EEM,2020-09-22,43.95000076293945,43.970001220703125,43.41999816894531,43.779998779296875,43.41999816894531,44884000,False
EEM,2020-09-23,43.650001525878906,43.72999954223633,43.060001373291016,43.099998474121094,43.060001373291016,40837000,False
EEM,2020-09-24,42.5,43.20000076293945,42.43000030517578,42.900001525878906,42.43000030517578,46493800,False
EEM,2020-09-25,42.540000915527344,42.959999084472656,42.290000915527344,42.939998626708984,42.290000915527344,44165700,False
EEM,2020-09-28,43.5099983215332,43.599998474121094,43.209999084472656,43.41999816894531,43.209999084472656,45528300,False
EEM,2020-09-29,43.290000915527344,43.529998779296875,43.25,43.38999938964844,43.25,25333200,False
EEM,2020-09-30,43.72999954223633,44.209999084472656,43.70000076293945,44.09000015258789,43.70000076293945,48674300,False
EEM,2020-10-01,44.41999816894531,44.529998779296875,44.15999984741211,44.5,44.15999984741211,51521100,False
EEM,2020-10-02,43.83000183105469,44.380001068115234,43.779998779296875,43.9900016784668,43.779998779296875,32647100,False
EEM,2020-10-05,44.22999954223633,44.58000183105469,44.22999954223633,44.58000183105469,44.22999954223633,36059100,False
EEM,2020-10-06,44.720001220703125,45.0,44.5099983215332,44.65999984741211,44.5099983215332,43464800,False
EEM,2020-10-07,45.06999969482422,45.290000915527344,44.939998626708984,45.150001525878906,44.939998626708984,45691100,False
EEM,2020-10-08,45.310001373291016,45.56999969482422,44.95000076293945,45.52000045776367,44.95000076293945,29669900,False
EEM,2020-10-09,45.630001068115234,45.959999084472656,45.5,45.83000183105469,45.5,31901900,False
EEM,2020-10-12,46.08000183105469,46.34000015258789,45.97999954223633,46.22999954223633,45.97999954223633,40037700,False
EEM,2020-10-13,46.06999969482422,46.099998474121094,45.79999923706055,46.040000915527344,45.79999923706055,35585000,False
EEM,2020-10-14,46.02000045776367,46.13999938964844,45.709999084472656,45.72999954223633,45.709999084472656,42300500,False
EEM,2020-10-15,45.06999969482422,45.439998626708984,45.02000045776367,45.400001525878906,45.02000045776367,41119300,False
EEM,2020-10-16,45.560001373291016,45.689998626708984,45.40999984741211,45.560001373291016,45.40999984741211,31611400,False
EEM,2020-10-19,45.70000076293945,45.88999938964844,45.34000015258789,45.43000030517578,45.34000015258789,30869500,False
EEM,2020-10-20,45.709999084472656,46.16999816894531,45.689998626708984,45.93000030517578,45.689998626708984,51631300,False
EEM,2020-10-21,46.0,46.31999969482422,45.939998626708984,46.060001373291016,45.939998626708984,42909300,False
EEM,2020-10-22,46.13999938964844,46.18000030517578,45.81999969482422,46.04999923706055,45.81999969482422,41884100,False
EEM,2020-10-23,46.09000015258789,46.31999969482422,45.869998931884766,46.31999969482422,45.869998931884766,36931400,False
EEM,2020-10-26,45.77000045776367,46.040000915527344,45.349998474121094,45.720001220703125,45.349998474121094,53574300,False
EEM,2020-10-27,45.849998474121094,46.04999923706055,45.70000076293945,45.91999816894531,45.70000076293945,41828600,False
EEM,2020-10-28,45.189998626708984,45.25,44.72999954223633,44.77000045776367,44.72999954223633,67047200,False
EEM,2020-10-29,44.939998626708984,45.369998931884766,44.779998779296875,45.220001220703125,44.779998779296875,44763400,False
EEM,2020-10-30,44.849998474121094,44.91999816894531,44.40999984741211,44.709999084472656,44.40999984741211,66155200,False
EEM,2020-11-02,45.18000030517578,45.29999923706055,44.91999816894531,45.279998779296875,44.91999816894531,51001600,False
EEM,2020-11-03,45.36000061035156,45.599998474121094,45.18000030517578,45.47999954223633,45.18000030517578,49744300,False
EEM,2020-11-04,46.09000015258789,47.09000015258789,46.0,46.90999984741211,46.0,81110200,False
EEM,2020-11-05,47.709999084472656,47.90999984741211,47.310001373291016,47.709999084472656,47.310001373291016,78029300,False
EEM,2020-11-06,47.66999816894531,48.11000061035156,47.540000915527344,47.93000030517578,47.540000915527344,57353300,False
EEM,2020-11-09,49.47999954223633,49.529998779296875,48.2400016784668,48.2599983215332,48.2400016784668,74889400,False
EEM,2020-11-10,48.06999969482422,48.189998626708984,47.5,47.709999084472656,47.5,68735600,False
EEM,2020-11-11,47.63999938964844,48.099998474121094,47.560001373291016,48.02000045776367,47.560001373291016,46272000,False
EEM,2020-11-12,48.13999938964844,48.310001373291016,47.540000915527344,47.65999984741211,47.540000915527344,41292600,False
EEM,2020-11-13,48.2400016784668,48.36000061035156,47.9900016784668,48.33000183105469,47.9900016784668,48143400,False
EEM,2020-11-16,48.849998474121094,49.09000015258789,48.7599983215332,48.93000030517578,48.7599983215332,63565900,False
EEM,2020-11-17,48.630001068115234,49.0099983215332,48.560001373291016,48.880001068115234,48.560001373291016,34661600,False
EEM,2020-11-18,49.09000015258789,49.099998474121094,48.70000076293945,48.709999084472656,48.70000076293945,32343400,False
EEM,2020-11-19,48.47999954223633,48.86000061035156,48.380001068115234,48.790000915527344,48.380001068115234,27524000,False
EEM,2020-11-20,48.900001525878906,49.20000076293945,48.86000061035156,49.060001373291016,48.86000061035156,35259100,False
EEM,2020-11-23,49.59000015258789,49.599998474121094,49.08000183105469,49.189998626708984,49.08000183105469,38979600,False
EEM,2020-11-24,49.599998474121094,49.880001068115234,49.34000015258789,49.849998474121094,49.34000015258789,39275200,False
EEM,2020-11-25,49.400001525878906,49.599998474121094,49.2599983215332,49.56999969482422,49.2599983215332,47358000,False
EEM,2020-11-27,49.95000076293945,50.16999816894531,49.90999984741211,50.040000915527344,49.90999984741211,27040300,False
EEM,2020-11-30,49.310001373291016,49.310001373291016,48.709999084472656,48.72999954223633,48.709999084472656,60622800,False
EEM,2020-12-01,49.59000015258789,49.880001068115234,49.349998474121094,49.689998626708984,49.349998474121094,50376400,False
EEM,2020-12-02,49.61000061035156,49.86000061035156,49.41999816894531,49.7599983215332,49.41999816894531,42826100,False
EEM,2020-12-03,50.22999954223633,50.58000183105469,50.189998626708984,50.33000183105469,50.189998626708984,61408300,False
EEM,2020-12-04,50.720001220703125,50.880001068115234,50.630001068115234,50.849998474121094,50.630001068115234,42230900,False
EEM,2020-12-07,50.779998779296875,50.9900016784668,50.650001525878906,50.849998474121094,50.650001525878906,43115100,False
EEM,2020-12-08,50.790000915527344,50.869998931884766,50.630001068115234,50.869998931884766,50.630001068115234,28632600,False
EEM,2020-12-09,51.029998779296875,51.029998779296875,50.189998626708984,50.43000030517578,50.189998626708984,40762600,False
EEM,2020-12-10,50.369998931884766,51.13999938964844,50.34000015258789,51.08000183105469,50.34000015258789,36032000,False
EEM,2020-12-11,50.7599983215332,50.90999984741211,50.630001068115234,50.720001220703125,50.630001068115234,38034400,False
EEM,2020-12-14,50.31999969482422,50.349998474121094,49.90999984741211,49.939998626708984,49.90999984741211,34407200,False
EEM,2020-12-15,50.15999984741211,50.5099983215332,50.02000045776367,50.47999954223633,50.02000045776367,39345000,False
EEM,2020-12-16,50.58000183105469,50.79999923706055,50.470001220703125,50.720001220703125,50.470001220703125,38243300,False
EEM,2020-12-17,51.04999923706055,51.11000061035156,50.88999938964844,51.04999923706055,50.88999938964844,36323800,False
EEM,2020-12-18,50.95000076293945,51.02000045776367,50.779998779296875,50.9900016784668,50.779998779296875,47662800,False
EEM,2020-12-21,49.86000061035156,50.45000076293945,49.84000015258789,50.2400016784668,49.84000015258789,48558100,False
EEM,2020-12-22,50.11000061035156,50.15999984741211,49.77000045776367,49.84000015258789,49.77000045776367,35229900,False
EEM,2020-12-23,50.31999969482422,50.459999084472656,50.25,50.349998474121094,50.25,36469400,False
EEM,2020-12-24,50.209999084472656,50.33000183105469,49.86000061035156,50.130001068115234,49.86000061035156,20689000,False
EEM,2020-12-28,50.369998931884766,50.439998626708984,50.15999984741211,50.27000045776367,50.15999984741211,26906100,False
EEM,2020-12-29,50.720001220703125,51.060001373291016,50.68000030517578,51.02000045776367,50.68000030517578,41965900,False
EEM,2020-12-30,51.63999938964844,51.880001068115234,51.59000015258789,51.70000076293945,51.59000015258789,35759500,False
EEM,2020-12-31,51.9900016784668,52.0,51.36000061035156,51.66999816894531,51.36000061035156,35680200,False
EEM,2021-01-04,52.619998931884766,52.810001373291016,51.83000183105469,52.0,51.83000183105469,48201300,False
EEM,2021-01-05,52.4900016784668,53.27000045776367,52.4900016784668,53.25,52.4900016784668,53358000,False
EEM,2021-01-06,52.849998474121094,53.439998626708984,52.65999984741211,52.79999923706055,52.65999984741211,56418700,False
EEM,2021-01-07,53.08000183105469,53.29999923706055,52.81999969482422,53.29999923706055,52.81999969482422,41031300,False
EEM,2021-01-08,54.25,54.7400016784668,53.939998626708984,54.709999084472656,53.939998626708984,76024300,False
EEM,2021-01-11,53.9900016784668,54.29999923706055,53.90999984741211,53.970001220703125,53.90999984741211,40816400,False
EEM,2021-01-12,54.310001373291016,54.61000061035156,54.15999984741211,54.5,54.15999984741211,47570500,False
EEM,2021-01-13,54.599998474121094,54.88999938964844,54.279998779296875,54.619998931884766,54.279998779296875,33561200,False
EEM,2021-01-14,55.220001220703125,55.47999954223633,55.060001373291016,55.130001068115234,55.060001373291016,38837200,False
EEM,2021-01-15,54.560001373291016,54.66999816894531,54.209999084472656,54.349998474121094,54.209999084472656,58519000,False
EEM,2021-01-19,55.5,55.540000915527344,55.119998931884766,55.25,55.119998931884766,50429300,False
EEM,2021-01-20,56.20000076293945,56.2599983215332,55.95000076293945,56.220001220703125,55.95000076293945,38832500,False
EEM,2021-01-21,56.40999984741211,56.45000076293945,56.11000061035156,56.31999969482422,56.11000061035156,31457000,False
EEM,2021-01-22,55.540000915527344,55.95000076293945,55.470001220703125,55.83000183105469,55.470001220703125,48223800,False
EEM,2021-01-25,56.45000076293945,56.540000915527344,55.709999084472656,56.25,55.709999084472656,50793700,False
EEM,2021-01-26,55.790000915527344,55.93000030517578,55.529998779296875,55.84000015258789,55.529998779296875,32283000,False
EEM,2021-01-27,54.65999984741211,54.880001068115234,54.25,54.290000915527344,54.25,45279700,False
EEM,2021-01-28,54.189998626708984,54.869998931884766,54.04999923706055,54.66999816894531,54.04999923706055,38055000,False
EEM,2021-01-29,53.720001220703125,53.849998474121094,53.04999923706055,53.310001373291016,53.04999923706055,57657800,False
EEM,2021-02-01,54.41999816894531,54.849998474121094,54.15999984741211,54.75,54.15999984741211,51427000,False
EEM,2021-02-02,55.54999923706055,55.59000015258789,55.290000915527344,55.459999084472656,55.290000915527344,33172200,False
EEM,2021-02-03,55.83000183105469,55.95000076293945,55.56999969482422,55.7400016784668,55.56999969482422,32363100,False
EEM,2021-02-04,55.68000030517578,55.79999923706055,55.34000015258789,55.7599983215332,55.34000015258789,40161800,False
EEM,2021-02-05,56.0099983215332,56.2599983215332,55.79999923706055,56.2400016784668,55.79999923706055,24242300,False
EEM,2021-02-08,56.040000915527344,56.439998626708984,56.029998779296875,56.34000015258789,56.029998779296875,21606000,False
EEM,2021-02-09,56.349998474121094,56.9900016784668,56.34000015258789,56.939998626708984,56.34000015258789,27200000,False
EEM,2021-02-10,57.45000076293945,57.529998779296875,56.79999923706055,57.13999938964844,56.79999923706055,30531200,False
EEM,2021-02-11,57.650001525878906,58.0,57.540000915527344,57.75,57.540000915527344,48875000,False
EEM,2021-02-12,57.5,57.970001220703125,57.40999984741211,57.79999923706055,57.40999984741211,28400400,False
EEM,2021-02-16,58.130001068115234,58.290000915527344,57.790000915527344,57.939998626708984,57.790000915527344,34954000,False
EEM,2021-02-17,57.84000015258789,58.0,57.54999923706055,57.959999084472656,57.54999923706055,37789100,False
EEM,2021-02-18,57.02000045776367,57.15999984741211,56.540000915527344,57.15999984741211,56.540000915527344,46118400,False
EEM,2021-02-19,57.5,57.810001373291016,57.34000015258789,57.529998779296875,57.34000015258789,39809800,False
EEM,2021-02-22,56.0,56.369998931884766,55.779998779296875,55.84000015258789,55.779998779296875,46924200,False
EEM,2021-02-23,55.47999954223633,56.279998779296875,54.790000915527344,56.09000015258789,54.790000915527344,40316200,False
EEM,2021-02-24,55.15999984741211,55.75,54.81999969482422,55.72999954223633,54.81999969482422,36631300,False
EEM,2021-02-25,55.7599983215332,55.900001525878906,54.380001068115234,54.459999084472656,54.380001068115234,50895200,False
EEM,2021-02-26,54.11000061035156,54.150001525878906,53.38999938964844,53.72999954223633,53.38999938964844,68933600,False
EEM,2021-03-01,54.81999969482422,55.33000183105469,54.70000076293945,55.16999816894531,54.70000076293945,53421400,False
EEM,2021-03-02,54.869998931884766,54.90999984741211,54.459999084472656,54.630001068115234,54.459999084472656,38533600,False
EEM,2021-03-03,55.040000915527344,55.18000030517578,54.31999969482422,54.52000045776367,54.31999969482422,43013300,False
EEM,2021-03-04,54.29999923706055,54.54999923706055,52.970001220703125,53.25,52.970001220703125,70653800,False
EEM,2021-03-05,54.0099983215332,54.029998779296875,52.79999923706055,53.83000183105469,52.79999923706055,64018500,False
EEM,2021-03-08,52.880001068115234,53.029998779296875,52.25,52.380001068115234,52.25,54120600,False
EEM,2021-03-09,53.150001525878906,53.83000183105469,53.08000183105469,53.529998779296875,53.08000183105469,42450100,False
EEM,2021-03-10,53.77000045776367,53.790000915527344,53.040000915527344,53.290000915527344,53.040000915527344,42853900,False
EEM,2021-03-11,54.5099983215332,55.040000915527344,54.27000045776367,54.970001220703125,54.27000045776367,57247200,False
EEM,2021-03-12,53.84000015258789,53.9900016784668,53.58000183105469,53.9900016784668,53.58000183105469,41559600,False
EEM,2021-03-15,53.72999954223633,54.130001068115234,53.59000015258789,54.119998931884766,53.59000015258789,32447400,False
EEM,2021-03-16,54.290000915527344,54.54999923706055,54.11000061035156,54.349998474121094,54.11000061035156,41261600,False
EEM,2021-03-17,53.650001525878906,54.65999984741211,53.52000045776367,54.41999816894531,53.52000045776367,57032400,False
EEM,2021-03-18,53.93000030517578,54.09000015258789,53.38999938964844,53.41999816894531,53.38999938964844,49205900,False
EEM,2021-03-19,53.5,54.08000183105469,53.33000183105469,54.08000183105469,53.33000183105469,60265700,False
EEM,2021-03-22,53.7400016784668,54.08000183105469,53.54999923706055,53.91999816894531,53.54999923706055,24860300,False
EEM,2021-03-23,53.220001220703125,53.400001525878906,52.86000061035156,52.88999938964844,52.86000061035156,40356400,False
EEM,2021-03-24,52.54999923706055,52.630001068115234,51.68000030517578,51.68000030517578,51.68000030517578,45315400,False
EEM,2021-03-25,51.560001373291016,52.06999969482422,51.52000045776367,51.91999816894531,51.52000045776367,73684400,False
EEM,2021-03-26,52.400001525878906,53.31999969482422,52.15999984741211,53.27000045776367,52.15999984741211,142402800,False
EEM,2021-03-29,52.84000015258789,53.119998931884766,52.63999938964844,52.900001525878906,52.63999938964844,51309500,False
EEM,2021-03-30,52.880001068115234,53.18000030517578,52.72999954223633,53.06999969482422,52.72999954223633,44414300,False
EEM,2021-03-31,53.0099983215332,53.52000045776367,53.0099983215332,53.34000015258789,53.0099983215332,38807500,False
EEM,2021-04-01,54.119998931884766,54.220001220703125,53.810001373291016,53.86000061035156,53.810001373291016,44592700,False
EEM,2021-04-05,54.189998626708984,54.25,53.95000076293945,54.06999969482422,53.95000076293945,30891600,False
EEM,2021-04-06,54.08000183105469,54.599998474121094,53.959999084472656,54.369998931884766,53.959999084472656,31509200,False
EEM,2021-04-07,53.61000061035156,53.75,53.380001068115234,53.56999969482422,53.380001068115234,47888100,False
EEM,2021-04-08,54.119998931884766,54.279998779296875,53.9900016784668,54.0099983215332,53.9900016784668,50373000,False
EEM,2021-04-09,53.4900016784668,53.56999969482422,53.369998931884766,53.54999923706055,53.369998931884766,35808300,False
EEM,2021-04-12,53.18000030517578,53.290000915527344,53.060001373291016,53.22999954223633,53.060001373291016,30045900,False
EEM,2021-04-13,53.2400016784668,53.63999938964844,53.15999984741211,53.45000076293945,53.15999984741211,33697900,False
EEM,2021-04-14,53.93000030517578,54.040000915527344,53.66999816894531,53.720001220703125,53.66999816894531,27449500,False
EEM,2021-04-15,54.15999984741211,54.2599983215332,53.9900016784668,54.209999084472656,53.9900016784668,42622000,False
EEM,2021-04-16,54.349998474121094,54.43000030517578,54.099998474121094,54.349998474121094,54.099998474121094,32031300,False
EEM,2021-04-19,54.2400016784668,54.34000015258789,53.959999084472656,54.150001525878906,53.959999084472656,34318500,False
EEM,2021-04-20,54.09000015258789,54.20000076293945,53.560001373291016,53.709999084472656,53.560001373291016,27732600,False
EEM,2021-04-21,53.459999084472656,54.06999969482422,53.34000015258789,54.040000915527344,53.34000015258789,33407600,False
EEM,2021-04-22,54.08000183105469,54.189998626708984,53.68000030517578,53.849998474121094,53.68000030517578,39452000,False
EEM,2021-04-23,54.380001068115234,54.689998626708984,54.34000015258789,54.630001068115234,54.34000015258789,27062900,False
EEM,2021-04-26,54.540000915527344,54.75,54.43000030517578,54.70000076293945,54.43000030517578,26805200,False
EEM,2021-04-27,54.689998626708984,54.84000015258789,54.58000183105469,54.66999816894531,54.58000183105469,25563100,False
EEM,2021-04-28,54.93000030517578,55.34000015258789,54.7599983215332,55.08000183105469,54.7599983215332,37381000,False
EEM,2021-04-29,55.2599983215332,55.27000045776367,54.5,54.95000076293945,54.5,36617000,False
EEM,2021-04-30,54.27000045776367,54.369998931884766,53.849998474121094,53.97999954223633,53.849998474121094,46299900,False
EEM,2021-05-03,53.939998626708984,54.22999954223633,53.7599983215332,53.97999954223633,53.7599983215332,20628000,False
EEM,2021-05-04,53.58000183105469,53.65999984741211,52.97999954223633,53.369998931884766,52.97999954223633,38634800,False
EEM,2021-05-05,53.630001068115234,53.79999923706055,53.459999084472656,53.619998931884766,53.459999084472656,26062900,False
EEM,2021-05-06,53.900001525878906,54.15999984741211,53.72999954223633,54.130001068115234,53.72999954223633,29454200,False
EEM,2021-05-07,54.459999084472656,54.93000030517578,54.38999938964844,54.689998626708984,54.38999938964844,41590600,False
EEM,2021-05-10,54.470001220703125,54.4900016784668,53.65999984741211,53.709999084472656,53.65999984741211,40686800,False
EEM,2021-05-11,52.70000076293945,53.58000183105469,52.65999984741211,53.560001373291016,52.65999984741211,37374100,False
EEM,2021-05-12,52.68000030517578,52.90999984741211,52.0099983215332,52.08000183105469,52.0099983215332,53632900,False
EEM,2021-05-13,52.2400016784668,52.5099983215332,51.7400016784668,52.0099983215332,51.7400016784668,42935200,False
EEM,2021-05-14,52.61000061035156,53.040000915527344,52.47999954223633,52.95000076293945,52.47999954223633,40363000,False
EEM,2021-05-17,52.61000061035156,52.939998626708984,52.529998779296875,52.900001525878906,52.529998779296875,23169500,False
EEM,2021-05-18,53.59000015258789,53.880001068115234,53.52000045776367,53.61000061035156,53.52000045776367,32405300,False
EEM,2021-05-19,52.95000076293945,53.650001525878906,52.90999984741211,53.45000076293945,52.90999984741211,46284100,False
EEM,2021-05-20,53.529998779296875,53.869998931884766,53.52000045776367,53.7599983215332,53.52000045776367,33273000,False
EEM,2021-05-21,53.7400016784668,53.7400016784668,53.060001373291016,53.13999938964844,53.060001373291016,39110900,False
EEM,2021-05-24,53.38999938964844,53.709999084472656,53.279998779296875,53.58000183105469,53.279998779296875,22436200,False
EEM,2021-05-25,54.27000045776367,54.36000061035156,54.029998779296875,54.11000061035156,54.029998779296875,40993700,False
EEM,2021-05-26,54.31999969482422,54.56999969482422,54.29999923706055,54.5099983215332,54.29999923706055,26984700,False
EEM,2021-05-27,54.560001373291016,54.66999816894531,54.400001525878906,54.52000045776367,54.400001525878906,35598900,False
EEM,2021-05-28,54.65999984741211,55.0,54.63999938964844,54.869998931884766,54.63999938964844,43730300,False
EEM,2021-06-01,56.13999938964844,56.18000030517578,55.81999969482422,56.0,55.81999969482422,41656100,False
EEM,2021-06-02,55.91999816894531,56.130001068115234,55.77000045776367,56.09000015258789,55.77000045776367,24532400,False
EEM,2021-06-03,55.5099983215332,55.65999984741211,55.34000015258789,55.4900016784668,55.34000015258789,40790400,False
EEM,2021-06-04,55.880001068115234,56.029998779296875,55.79999923706055,55.9900016784668,55.79999923706055,29038100,False
EEM,2021-06-07,55.709999084472656,55.7400016784668,55.459999084472656,55.709999084472656,55.459999084472656,24830500,False
EEM,2021-06-08,55.52000045776367,55.54999923706055,55.2599983215332,55.439998626708984,55.2599983215332,38113700,False
EEM,2021-06-09,55.380001068115234,55.529998779296875,55.22999954223633,55.279998779296875,55.22999954223633,30916900,False
EEM,2021-06-10,55.2400016784668,55.560001373291016,55.189998626708984,55.47999954223633,55.189998626708984,28571100,False
EEM,2021-06-11,55.34000015258789,55.38999938964844,55.11000061035156,55.290000915527344,55.11000061035156,28375700,False
EEM,2021-06-14,55.33000183105469,55.560001373291016,55.27000045776367,55.439998626708984,55.27000045776367,26421400,False
EEM,2021-06-15,55.29999923706055,55.310001373291016,54.939998626708984,55.060001373291016,54.939998626708984,34121300,False
EEM,2021-06-16,54.95000076293945,55.099998474121094,54.09000015258789,54.310001373291016,54.09000015258789,44138300,False
EEM,2021-06-17,54.540000915527344,54.81999969482422,54.45000076293945,54.61000061035156,54.45000076293945,27846900,False
EEM,2021-06-18,54.380001068115234,54.47999954223633,54.130001068115234,54.22999954223633,54.130001068115234,42443600,False
EEM,2021-06-21,54.16999816894531,54.459999084472656,53.91999816894531,54.459999084472656,53.91999816894531,26977400,False
EEM,2021-06-22,54.0,54.2599983215332,53.849998474121094,54.209999084472656,53.849998474121094,35862600,False
EEM,2021-06-23,54.599998474121094,54.900001525878906,54.5099983215332,54.540000915527344,54.5099983215332,26049200,False
EEM,2021-06-24,54.86000061035156,55.09000015258789,54.810001373291016,55.040000915527344,54.810001373291016,20096200,False
EEM,2021-06-25,55.52000045776367,55.59000015258789,55.290000915527344,55.5,55.290000915527344,24992400,False
EEM,2021-06-28,55.47999954223633,55.619998931884766,55.400001525878906,55.54999923706055,55.400001525878906,22644900,False
EEM,2021-06-29,55.15999984741211,55.529998779296875,55.040000915527344,55.5099983215332,55.040000915527344,18308800,False
EEM,2021-06-30,55.119998931884766,55.310001373291016,55.04999923706055,55.150001525878906,55.04999923706055,33223400,False
EEM,2021-07-01,55.18000030517578,55.25,54.56999969482422,54.84000015258789,54.56999969482422,27478400,False
EEM,2021-07-02,54.619998931884766,54.790000915527344,54.45000076293945,54.779998779296875,54.45000076293945,24289100,False
EEM,2021-07-06,54.119998931884766,54.209999084472656,53.619998931884766,53.81999969482422,53.619998931884766,38126800,False
EEM,2021-07-07,54.130001068115234,54.13999938964844,53.560001373291016,53.7599983215332,53.560001373291016,25651700,False
EEM,2021-07-08,52.59000015258789,52.84000015258789,52.459999084472656,52.63999938964844,52.459999084472656,45146300,False
EEM,2021-07-09,53.22999954223633,53.56999969482422,53.09000015258789,53.54999923706055,53.09000015258789,28860500,False
EEM,2021-07-12,53.380001068115234,53.630001068115234,53.279998779296875,53.599998474121094,53.279998779296875,22116100,False
EEM,2021-07-13,53.689998626708984,53.9900016784668,53.63999938964844,53.650001525878906,53.63999938964844,29025300,False
EEM,2021-07-14,54.130001068115234,54.189998626708984,53.779998779296875,53.880001068115234,53.779998779296875,19739600,False
EEM,2021-07-15,54.099998474121094,54.290000915527344,53.88999938964844,54.0099983215332,53.88999938964844,33310600,False
EEM,2021-07-16,54.08000183105469,54.119998931884766,53.47999954223633,53.59000015258789,53.47999954223633,23386300,False
EEM,2021-07-19,52.75,52.790000915527344,52.40999984741211,52.689998626708984,52.40999984741211,33737900,False
EEM,2021-07-20,52.45000076293945,52.9900016784668,52.33000183105469,52.86000061035156,52.33000183105469,37946000,False
EEM,2021-07-21,52.58000183105469,53.209999084472656,52.529998779296875,53.20000076293945,52.529998779296875,24101400,False
EEM,2021-07-22,53.349998474121094,53.369998931884766,53.06999969482422,53.29999923706055,53.06999969482422,27160800,False
EEM,2021-07-23,52.689998626708984,52.70000076293945,52.22999954223633,52.5099983215332,52.22999954223633,31210100,False
EEM,2021-07-26,51.40999984741211,51.75,51.29999923706055,51.5099983215332,51.29999923706055,43701400,False
EEM,2021-07-27,50.40999984741211,50.56999969482422,49.83000183105469,50.470001220703125,49.83000183105469,73640700,False
EEM,2021-07-28,51.08000183105469,51.939998626708984,50.959999084472656,51.84000015258789,50.959999084472656,56446200,False
EEM,2021-07-29,52.25,52.279998779296875,51.88999938964844,52.099998474121094,51.88999938964844,43339400,False
EEM,2021-07-30,51.45000076293945,51.86000061035156,51.43000030517578,51.599998474121094,51.43000030517578,59797000,False
EEM,2021-08-02,52.04999923706055,52.25,51.90999984741211,51.970001220703125,51.90999984741211,40234700,False
EEM,2021-08-03,51.900001525878906,52.220001220703125,51.689998626708984,52.189998626708984,51.689998626708984,30589900,False
EEM,2021-08-04,52.58000183105469,52.790000915527344,52.349998474121094,52.459999084472656,52.349998474121094,32586600,False
EEM,2021-08-05,52.380001068115234,52.560001373291016,52.34000015258789,52.380001068115234,52.34000015258789,15941700,False
EEM,2021-08-06,52.16999816894531,52.189998626708984,51.790000915527344,51.939998626708984,51.790000915527344,36049500,False
EEM,2021-08-09,52.16999816894531,52.29999923706055,52.04999923706055,52.11000061035156,52.04999923706055,24062300,False
EEM,2021-08-10,52.33000183105469,52.36000061035156,52.11000061035156,52.18000030517578,52.11000061035156,15222600,False
EEM,2021-08-11,52.4900016784668,52.5,52.09000015258789,52.31999969482422,52.09000015258789,22374700,False
EEM,2021-08-12,51.880001068115234,51.900001525878906,51.650001525878906,51.86000061035156,51.650001525878906,25726000,False
EEM,2021-08-13,51.63999938964844,51.72999954223633,51.38999938964844,51.72999954223633,51.38999938964844,28396200,False
EEM,2021-08-16,51.290000915527344,51.310001373291016,51.040000915527344,51.2599983215332,51.040000915527344,46222700,False
EEM,2021-08-17,50.33000183105469,50.619998931884766,50.119998931884766,50.31999969482422,50.119998931884766,78463000,False
EEM,2021-08-18,50.689998626708984,50.88999938964844,50.380001068115234,50.400001525878906,50.380001068115234,42994800,False
EEM,2021-08-19,49.40999984741211,49.7400016784668,49.369998931884766,49.540000915527344,49.369998931884766,63275200,False
EEM,2021-08-20,49.130001068115234,49.59000015258789,49.11000061035156,49.5,49.11000061035156,44682100,False
EEM,2021-08-23,49.970001220703125,50.31999969482422,49.86000061035156,50.25,49.86000061035156,45453900,False
EEM,2021-08-24,51.0,51.470001220703125,51.0,51.38999938964844,51.0,51292000,False
EEM,2021-08-25,51.33000183105469,51.5,51.209999084472656,51.45000076293945,51.209999084472656,25272500,False
EEM,2021-08-26,51.130001068115234,51.189998626708984,50.90999984741211,50.959999084472656,50.90999984741211,29030600,False
EEM,2021-08-27,51.2599983215332,51.59000015258789,51.099998474121094,51.59000015258789,51.099998474121094,32971400,False
EEM,2021-08-30,51.65999984741211,51.77000045776367,51.43000030517578,51.70000076293945,51.43000030517578,18518900,False
EEM,2021-08-31,52.470001220703125,52.52000045776367,52.33000183105469,52.40999984741211,52.33000183105469,43226700,False
EEM,2021-09-01,52.72999954223633,53.279998779296875,52.72999954223633,53.08000183105469,52.72999954223633,35980500,False
EEM,2021-09-02,53.02000045776367,53.130001068115234,52.7599983215332,52.84000015258789,52.7599983215332,24988400,False
EEM,2021-09-03,52.95000076293945,53.189998626708984,52.93000030517578,53.119998931884766,52.93000030517578,21311000,False
EEM,2021-09-07,53.290000915527344,53.58000183105469,53.25,53.43000030517578,53.25,33509700,False
EEM,2021-09-08,53.11000061035156,53.119998931884766,52.529998779296875,52.650001525878906,52.529998779296875,53397900,False
EEM,2021-09-09,52.38999938964844,52.650001525878906,52.29999923706055,52.54999923706055,52.29999923706055,34707100,False
EEM,2021-09-10,52.95000076293945,53.0099983215332,52.47999954223633,52.4900016784668,52.47999954223633,40329300,False
EEM,2021-09-13,52.560001373291016,52.77000045776367,52.36000061035156,52.630001068115234,52.36000061035156,35318400,False
EEM,2021-09-14,52.4900016784668,52.52000045776367,52.09000015258789,52.189998626708984,52.09000015258789,35994400,False
EEM,2021-09-15,52.0099983215332,52.18000030517578,51.79999923706055,52.18000030517578,51.79999923706055,38735100,False
EEM,2021-09-16,51.43000030517578,51.630001068115234,51.25,51.59000015258789,51.25,43721300,False
EEM,2021-09-17,51.61000061035156,51.66999816894531,51.27000045776367,51.369998931884766,51.27000045776367,45481400,False
EEM,2021-09-20,50.150001525878906,50.41999816894531,49.56999969482422,49.9900016784668,49.56999969482422,52798200,False
EEM,2021-09-21,50.36000061035156,50.5,50.13999938964844,50.36000061035156,50.13999938964844,39347200,False
EEM,2021-09-22,50.83000183105469,51.34000015258789,50.81999969482422,50.9900016784668,50.81999969482422,46189200,False
EEM,2021-09-23,51.22999954223633,51.439998626708984,51.119998931884766,51.38999938964844,51.119998931884766,27138400,False
EEM,2021-09-24,50.849998474121094,50.95000076293945,50.72999954223633,50.779998779296875,50.72999954223633,29743500,False
EEM,2021-09-27,50.83000183105469,51.22999954223633,50.66999816894531,51.11000061035156,50.66999816894531,31181700,False
EEM,2021-09-28,50.86000061035156,50.91999816894531,50.290000915527344,50.45000076293945,50.290000915527344,44156300,False
EEM,2021-09-29,50.31999969482422,50.459999084472656,49.959999084472656,49.97999954223633,49.959999084472656,43140500,False
EEM,2021-09-30,50.560001373291016,50.7400016784668,50.279998779296875,50.380001068115234,50.279998779296875,66460100,False
EEM,2021-10-01,50.369998931884766,50.5099983215332,49.880001068115234,50.33000183105469,49.880001068115234,45259100,False
EEM,2021-10-04,49.90999984741211,49.95000076293945,49.279998779296875,49.59000015258789,49.279998779296875,43597100,False
EEM,2021-10-05,49.72999954223633,50.130001068115234,49.68000030517578,49.939998626708984,49.68000030517578,28761900,False
EEM,2021-10-06,49.20000076293945,49.709999084472656,49.11000061035156,49.65999984741211,49.11000061035156,57466000,False
EEM,2021-10-07,50.369998931884766,50.869998931884766,50.33000183105469,50.630001068115234,50.33000183105469,60345100,False
EEM,2021-10-08,50.7599983215332,50.90999984741211,50.63999938964844,50.81999969482422,50.63999938964844,24990600,False
EEM,2021-10-11,51.06999969482422,51.22999954223633,50.70000076293945,50.720001220703125,50.70000076293945,26808200,False
EEM,2021-10-12,50.75,50.81999969482422,50.41999816894531,50.459999084472656,50.41999816894531,29309400,False
EEM,2021-10-13,50.93000030517578,51.2599983215332,50.790000915527344,51.15999984741211,50.790000915527344,35305500,False
EEM,2021-10-14,51.43000030517578,51.47999954223633,51.13999938964844,51.31999969482422,51.13999938964844,23980900,False
EEM,2021-10-15,51.630001068115234,52.029998779296875,51.52000045776367,51.939998626708984,51.52000045776367,41223700,False
EEM,2021-10-18,51.61000061035156,51.959999084472656,51.56999969482422,51.810001373291016,51.56999969482422,26239000,False
EEM,2021-10-19,52.209999084472656,52.560001373291016,52.130001068115234,52.5,52.130001068115234,40639700,False
EEM,2021-10-20,52.619998931884766,52.619998931884766,52.369998931884766,52.4900016784668,52.369998931884766,27540300,False
EEM,2021-10-21,52.09000015258789,52.220001220703125,51.9900016784668,52.150001525878906,51.9900016784668,35404000,False
EEM,2021-10-22,52.209999084472656,52.41999816894531,51.849998474121094,52.040000915527344,51.849998474121094,51231000,False
EEM,2021-10-25,52.279998779296875,52.38999938964844,52.02000045776367,52.310001373291016,52.02000045776367,32479900,False
EEM,2021-10-26,52.439998626708984,52.5,51.95000076293945,52.040000915527344,51.95000076293945,32195200,False
EEM,2021-10-27,51.720001220703125,51.970001220703125,51.56999969482422,51.619998931884766,51.56999969482422,32422100,False
EEM,2021-10-28,51.38999938964844,51.66999816894531,51.25,51.66999816894531,51.25,27363500,False
EEM,2021-10-29,50.9900016784668,51.06999969482422,50.650001525878906,50.91999816894531,50.650001525878906,51488900,False
EEM,2021-11-01,50.88999938964844,51.34000015258789,50.849998474121094,51.31999969482422,50.849998474121094,31197400,False
EEM,2021-11-02,50.95000076293945,50.97999954223633,50.779998779296875,50.86000061035156,50.779998779296875,34098000,False
EEM,2021-11-03,50.79999923706055,51.18000030517578,50.619998931884766,51.099998474121094,50.619998931884766,49350800,False
EEM,2021-11-04,51.209999084472656,51.2400016784668,50.79999923706055,50.97999954223633,50.79999923706055,23722200,False
EEM,2021-11-05,51.15999984741211,51.18000030517578,50.75,50.91999816894531,50.75,23969900,False
EEM,2021-11-08,51.279998779296875,51.45000076293945,51.220001220703125,51.38999938964844,51.220001220703125,23735200,False
EEM,2021-11-09,51.41999816894531,51.58000183105469,51.099998474121094,51.189998626708984,51.099998474121094,28482200,False
EEM,2021-11-10,51.310001373291016,51.529998779296875,50.86000061035156,50.97999954223633,50.86000061035156,36032600,False
EEM,2021-11-11,51.650001525878906,52.0,51.63999938964844,51.86000061035156,51.63999938964844,55636800,False
EEM,2021-11-12,51.849998474121094,52.060001373291016,51.779998779296875,52.0,51.779998779296875,31956200,False
EEM,2021-11-15,52.119998931884766,52.13999938964844,51.779998779296875,51.83000183105469,51.779998779296875,31610700,False
EEM,2021-11-16,51.90999984741211,52.0099983215332,51.709999084472656,51.900001525878906,51.709999084472656,32898900,False
EEM,2021-11-17,51.959999084472656,51.97999954223633,51.47999954223633,51.630001068115234,51.47999954223633,22601900,False
EEM,2021-11-18,51.119998931884766,51.13999938964844,50.75,51.0,50.75,36719300,False
EEM,2021-11-19,51.060001373291016,51.22999954223633,50.88999938964844,50.91999816894531,50.88999938964844,36975700,False
EEM,2021-11-22,50.849998474121094,50.9900016784668,50.4900016784668,50.5099983215332,50.4900016784668,37116100,False
EEM,2021-11-23,50.52000045776367,50.709999084472656,50.2400016784668,50.459999084472656,50.2400016784668,38638200,False
EEM,2021-11-24,50.13999938964844,50.400001525878906,50.02000045776367,50.38999938964844,50.02000045776367,32810400,False
EEM,2021-11-26,49.06999969482422,49.11000061035156,48.5099983215332,48.70000076293945,48.5099983215332,58023300,False
EEM,2021-11-29,49.209999084472656,49.220001220703125,48.72999954223633,48.88999938964844,48.72999954223633,44405000,False
EEM,2021-11-30,48.88999938964844,49.16999816894531,48.349998474121094,48.84000015258789,48.349998474121094,81647500,False
EEM,2021-12-01,49.61000061035156,49.97999954223633,48.9900016784668,49.02000045776367,48.9900016784668,52613200,False
EEM,2021-12-02,49.61000061035156,49.970001220703125,49.349998474121094,49.619998931884766,49.349998474121094,73971400,False
EEM,2021-12-03,49.560001373291016,49.650001525878906,48.709999084472656,48.91999816894531,48.709999084472656,79115000,False
EEM,2021-12-06,48.880001068115234,49.33000183105469,48.66999816894531,49.29999923706055,48.66999816894531,54871300,False
EEM,2021-12-07,49.90999984741211,50.11000061035156,49.869998931884766,50.08000183105469,49.869998931884766,51825000,False
EEM,2021-12-08,50.099998474121094,50.41999816894531,49.970001220703125,50.279998779296875,49.970001220703125,38176500,False
EEM,2021-12-09,50.119998931884766,50.310001373291016,49.97999954223633,50.040000915527344,49.97999954223633,36476000,False
EEM,2021-12-10,50.029998779296875,50.150001525878906,49.900001525878906,50.08000183105469,49.900001525878906,42011300,False
EEM,2021-12-13,48.97999954223633,49.029998779296875,48.470001220703125,48.59000015258789,48.470001220703125,50773400,False
EEM,2021-12-14,48.310001373291016,48.61000061035156,48.27000045776367,48.47999954223633,48.27000045776367,42023900,False
EEM,2021-12-15,48.15999984741211,48.380001068115234,47.650001525878906,48.34000015258789,47.650001525878906,57129100,False
EEM,2021-12-16,48.720001220703125,48.90999984741211,48.310001373291016,48.400001525878906,48.310001373291016,60401000,False
EEM,2021-12-17,48.040000915527344,48.349998474121094,47.939998626708984,48.15999984741211,47.939998626708984,55420900,False
EEM,2021-12-20,47.4900016784668,47.4900016784668,47.150001525878906,47.439998626708984,47.150001525878906,40091700,False
EEM,2021-12-21,47.83000183105469,48.25,47.79999923706055,48.2400016784668,47.79999923706055,31786900,False
EEM,2021-12-22,48.099998474121094,48.4900016784668,48.0,48.470001220703125,48.0,27630800,False
EEM,2021-12-23,48.540000915527344,48.810001373291016,48.400001525878906,48.720001220703125,48.400001525878906,22174400,False
EEM,2021-12-27,48.72999954223633,49.0099983215332,48.72999954223633,48.939998626708984,48.72999954223633,27011600,False
EEM,2021-12-28,48.959999084472656,49.0,48.7599983215332,48.779998779296875,48.7599983215332,24529800,False
EEM,2021-12-29,48.689998626708984,48.709999084472656,48.34000015258789,48.560001373291016,48.34000015258789,27939200,False
EEM,2021-12-30,48.5,49.220001220703125,48.5,49.09000015258789,48.5,34900300,False
EEM,2021-12-31,48.97999954223633,49.349998474121094,48.84000015258789,48.849998474121094,48.84000015258789,30439000,False
EEM,2022-01-03,49.08000183105469,49.2599983215332,48.779998779296875,49.20000076293945,48.779998779296875,27572700,False
EEM,2022-01-04,49.2599983215332,49.2599983215332,48.93000030517578,49.029998779296875,48.93000030517578,24579500,False
EEM,2022-01-05,48.79999923706055,49.150001525878906,48.220001220703125,48.22999954223633,48.220001220703125,46425100,False
EEM,2022-01-06,48.36000061035156,48.68000030517578,48.15999984741211,48.45000076293945,48.15999984741211,34288700,False
EEM,2022-01-07,48.689998626708984,48.97999954223633,48.5,48.88999938964844,48.5,32640900,False
EEM,2022-01-10,48.939998626708984,49.08000183105469,48.560001373291016,48.88999938964844,48.560001373291016,43581800,False
EEM,2022-01-11,49.310001373291016,50.040000915527344,49.15999984741211,50.02000045776367,49.15999984741211,57536400,False
EEM,2022-01-12,50.63999938964844,50.88999938964844,50.459999084472656,50.849998474121094,50.459999084472656,56499100,False
EEM,2022-01-13,50.63999938964844,50.68000030517578,50.09000015258789,50.130001068115234,50.09000015258789,33229000,False
EEM,2022-01-14,49.9900016784668,50.20000076293945,49.81999969482422,50.11000061035156,49.81999969482422,40642300,False
EEM,2022-01-18,49.209999084472656,49.5,49.150001525878906,49.220001220703125,49.150001525878906,45012000,False
EEM,2022-01-19,49.59000015258789,49.70000076293945,49.38999938964844,49.43000030517578,49.38999938964844,43998100,False
EEM,2022-01-20,50.2599983215332,50.540000915527344,49.66999816894531,49.720001220703125,49.66999816894531,58279500,False
EEM,2022-01-21,49.619998931884766,49.689998626708984,48.95000076293945,49.0,48.95000076293945,59673800,False
EEM,2022-01-24,48.22999954223633,48.31999969482422,47.189998626708984,48.310001373291016,47.189998626708984,87752800,False
EEM,2022-01-25,48.029998779296875,48.47999954223633,47.720001220703125,48.220001220703125,47.720001220703125,54804100,False
EEM,2022-01-26,48.4900016784668,48.58000183105469,47.5099983215332,47.61000061035156,47.5099983215332,55516700,False
EEM,2022-01-27,47.599998474121094,47.68000030517578,47.040000915527344,47.060001373291016,47.040000915527344,61062300,False
EEM,2022-01-28,47.15999984741211,47.31999969482422,46.65999984741211,47.290000915527344,46.65999984741211,48799200,False
EEM,2022-01-31,47.88999938964844,48.900001525878906,47.84000015258789,48.84000015258789,47.84000015258789,65614900,False
EEM,2022-02-01,49.02000045776367,49.13999938964844,48.599998474121094,49.13999938964844,48.599998474121094,50158000,False
EEM,2022-02-02,49.33000183105469,49.36000061035156,48.72999954223633,49.060001373291016,48.72999954223633,35128100,False
EEM,2022-02-03,48.45000076293945,48.779998779296875,48.369998931884766,48.540000915527344,48.369998931884766,38246800,False
EEM,2022-02-04,48.31999969482422,48.88999938964844,48.220001220703125,48.65999984741211,48.220001220703125,36644200,False
EEM,2022-02-07,48.45000076293945,48.84000015258789,48.40999984741211,48.560001373291016,48.40999984741211,31917100,False
EEM,2022-02-08,48.47999954223633,49.040000915527344,48.459999084472656,49.029998779296875,48.459999084472656,25562200,False
EEM,2022-02-09,49.439998626708984,49.83000183105469,49.380001068115234,49.79999923706055,49.380001068115234,40082900,False
EEM,2022-02-10,49.38999938964844,50.11000061035156,49.380001068115234,49.470001220703125,49.380001068115234,55440700,False
EEM,2022-02-11,49.4900016784668,49.70000076293945,48.63999938964844,48.720001220703125,48.63999938964844,53838300,False
EEM,2022-02-14,48.5099983215332,48.619998931884766,48.119998931884766,48.380001068115234,48.119998931884766,59439800,False
EEM,2022-02-15,49.029998779296875,49.470001220703125,48.9900016784668,49.43000030517578,48.9900016784668,32938500,False
EEM,2022-02-16,49.369998931884766,49.9900016784668,49.33000183105469,49.790000915527344,49.33000183105469,47236800,False
EEM,2022-02-17,49.560001373291016,49.65999984741211,49.11000061035156,49.209999084472656,49.11000061035156,41245300,False
EEM,2022-02-18,49.029998779296875,49.060001373291016,48.619998931884766,48.720001220703125,48.619998931884766,41312300,False
EEM,2022-02-22,48.02000045776367,48.369998931884766,47.720001220703125,48.029998779296875,47.720001220703125,60704500,False
EEM,2022-02-23,48.2400016784668,48.27000045776367,47.380001068115234,47.470001220703125,47.380001068115234,38873700,False
EEM,2022-02-24,45.040000915527344,46.52000045776367,45.0099983215332,46.4900016784668,45.0099983215332,95679500,False
EEM,2022-02-25,46.689998626708984,47.400001525878906,46.459999084472656,47.349998474121094,46.459999084472656,58887800,False
EEM,2022-02-28,46.25,46.849998474121094,46.18000030517578,46.72999954223633,46.18000030517578,79366600,False
EEM,2022-03-01,46.5,46.86000061035156,45.84000015258789,46.11000061035156,45.84000015258789,72297300,False
EEM,2022-03-02,46.150001525878906,46.38999938964844,45.709999084472656,46.189998626708984,45.709999084472656,61858700,False
EEM,2022-03-03,46.0099983215332,46.099998474121094,45.45000076293945,45.540000915527344,45.45000076293945,57514100,False
EEM,2022-03-04,44.63999938964844,44.90999984741211,44.369998931884766,44.619998931884766,44.369998931884766,68351300,False
EEM,2022-03-07,43.86000061035156,44.02000045776367,42.90999984741211,42.95000076293945,42.90999984741211,77557700,False
EEM,2022-03-08,43.16999816894531,43.630001068115234,42.72999954223633,43.09000015258789,42.72999954223633,90831500,False
EEM,2022-03-09,43.77000045776367,44.41999816894531,43.61000061035156,44.310001373291016,43.61000061035156,59840900,False
EEM,2022-03-10,43.619998931884766,43.689998626708984,43.209999084472656,43.47999954223633,43.209999084472656,59158300,False
EEM,2022-03-11,43.72999954223633,43.779998779296875,42.560001373291016,42.56999969482422,42.560001373291016,72846700,False
EEM,2022-03-14,42.06999969482422,42.369998931884766,41.41999816894531,41.540000915527344,41.41999816894531,85651000,False
EEM,2022-03-15,40.959999084472656,41.66999816894531,40.79999923706055,41.599998474121094,40.79999923706055,85987500,False
EEM,2022-03-16,43.529998779296875,45.040000915527344,43.31999969482422,44.95000076293945,43.31999969482422,134225700,True
EEM,2022-03-17,44.560001373291016,44.79999923706055,44.150001525878906,44.720001220703125,44.150001525878906,80743600,False
EEM,2022-03-18,44.349998474121094,45.45000076293945,44.2400016784668,45.36000061035156,44.2400016784668,77755100,False
EEM,2022-03-21,44.70000076293945,44.849998474121094,44.31999969482422,44.65999984741211,44.31999969482422,58558700,False
EEM,2022-03-22,45.279998779296875,45.619998931884766,45.25,45.470001220703125,45.25,61380900,False
EEM,2022-03-23,45.029998779296875,45.66999816894531,44.91999816894531,45.16999816894531,44.91999816894531,76986600,False
EEM,2022-03-24,45.20000076293945,45.45000076293945,45.04999923706055,45.40999984741211,45.04999923706055,52016600,False
EEM,2022-03-25,45.0,45.06999969482422,44.75,45.04999923706055,44.75,39294500,False
EEM,2022-03-28,45.09000015258789,45.220001220703125,44.810001373291016,45.20000076293945,44.810001373291016,49757000,False
EEM,2022-03-29,45.97999954223633,46.099998474121094,45.72999954223633,45.970001220703125,45.72999954223633,54088200,False
EEM,2022-03-30,45.88999938964844,46.22999954223633,45.7400016784668,45.84000015258789,45.7400016784668,57717400,False
EEM,2022-03-31,45.630001068115234,45.65999984741211,45.119998931884766,45.150001525878906,45.119998931884766,74448400,False
EEM,2022-04-01,46.0099983215332,46.150001525878906,45.619998931884766,45.900001525878906,45.619998931884766,54193400,False
EEM,2022-04-04,46.5,46.779998779296875,46.34000015258789,46.709999084472656,46.34000015258789,48057700,False
EEM,2022-04-05,46.52000045776367,46.52000045776367,45.77000045776367,45.849998474121094,45.77000045776367,45058100,False
EEM,2022-04-06,45.54999923706055,45.61000061035156,45.029998779296875,45.25,45.029998779296875,56877100,False
EEM,2022-04-07,44.9900016784668,45.099998474121094,44.66999816894531,44.88999938964844,44.66999816894531,38954900,False
EEM,2022-04-08,45.02000045776367,45.16999816894531,44.880001068115234,44.93000030517578,44.880001068115234,41263400,False
EEM,2022-04-11,44.540000915527344,44.72999954223633,44.349998474121094,44.369998931884766,44.349998474121094,47878200,False
EEM,2022-04-12,44.72999954223633,44.77000045776367,44.189998626708984,44.22999954223633,44.189998626708984,41815200,False
EEM,2022-04-13,44.470001220703125,44.880001068115234,44.439998626708984,44.810001373291016,44.439998626708984,33529400,False
EEM,2022-04-14,44.56999969482422,44.59000015258789,44.20000076293945,44.22999954223633,44.20000076293945,38915000,False
EEM,2022-04-18,44.0,44.290000915527344,43.86000061035156,44.08000183105469,43.86000061035156,29106500,False
EEM,2022-04-19,43.619998931884766,43.88999938964844,43.43000030517578,43.86000061035156,43.43000030517578,40066400,False
EEM,2022-04-20,43.90999984741211,43.91999816894531,43.52000045776367,43.599998474121094,43.52000045776367,36373300,False
EEM,2022-04-21,43.61000061035156,43.689998626708984,42.66999816894531,42.7599983215332,42.66999816894531,44857400,False
EEM,2022-04-22,42.84000015258789,43.119998931884766,42.369998931884766,42.380001068115234,42.369998931884766,68371900,False
EEM,2022-04-25,41.68000030517578,42.130001068115234,41.59000015258789,42.06999969482422,41.59000015258789,67643800,False
EEM,2022-04-26,41.79999923706055,41.849998474121094,41.150001525878906,41.150001525878906,41.150001525878906,70774400,False
EEM,2022-04-27,41.459999084472656,41.88999938964844,41.400001525878906,41.630001068115234,41.400001525878906,61594000,False
EEM,2022-04-28,41.970001220703125,42.290000915527344,41.540000915527344,42.22999954223633,41.540000915527344,43763100,False
EEM,2022-04-29,43.029998779296875,43.220001220703125,42.349998474121094,42.380001068115234,42.349998474121094,61703900,False
EEM,2022-05-02,42.2599983215332,42.47999954223633,41.810001373291016,42.31999969482422,41.810001373291016,55015700,False
EEM,2022-05-03,42.59000015258789,42.689998626708984,42.43000030517578,42.630001068115234,42.43000030517578,45593000,False
EEM,2022-05-04,42.20000076293945,43.16999816894531,41.939998626708984,43.09000015258789,41.939998626708984,57175300,False
EEM,2022-05-05,42.20000076293945,42.27000045776367,41.119998931884766,41.5,41.119998931884766,63268900,False
EEM,2022-05-06,41.11000061035156,41.2400016784668,40.689998626708984,40.93000030517578,40.689998626708984,67425600,False
EEM,2022-05-09,40.189998626708984,40.40999984741211,39.720001220703125,39.75,39.720001220703125,83251500,False
EEM,2022-05-10,40.349998474121094,40.400001525878906,39.59000015258789,39.939998626708984,39.59000015258789,69865000,False
EEM,2022-05-11,40.209999084472656,40.52000045776367,39.630001068115234,39.65999984741211,39.630001068115234,75198500,False
EEM,2022-05-12,39.25,39.75,38.95000076293945,39.400001525878906,38.95000076293945,73481300,False
EEM,2022-05-13,39.84000015258789,40.5,39.810001373291016,40.4900016784668,39.810001373291016,49196100,False
EEM,2022-05-16,40.189998626708984,40.5,40.099998474121094,40.33000183105469,40.099998474121094,32425000,False
EEM,2022-05-17,41.400001525878906,41.45000076293945,40.9900016784668,41.31999969482422,40.9900016784668,49516400,False
EEM,2022-05-18,41.029998779296875,41.20000076293945,40.27000045776367,40.33000183105469,40.27000045776367,53296300,False
EEM,2022-05-19,40.4900016784668,41.150001525878906,40.4900016784668,40.970001220703125,40.4900016784668,55163500,False
EEM,2022-05-20,41.40999984741211,41.560001373291016,40.59000015258789,41.13999938964844,40.59000015258789,59025400,False
EEM,2022-05-23,41.38999938964844,41.56999969482422,41.18000030517578,41.45000076293945,41.18000030517578,36619400,False
EEM,2022-05-24,40.810001373291016,40.84000015258789,40.349998474121094,40.72999954223633,40.349998474121094,46400400,False
EEM,2022-05-25,40.619998931884766,41.029998779296875,40.54999923706055,40.93000030517578,40.54999923706055,37863200,False
EEM,2022-05-26,40.86000061035156,41.66999816894531,40.86000061035156,41.56999969482422,40.86000061035156,51355800,False
EEM,2022-05-27,41.86000061035156,42.06999969482422,41.72999954223633,42.04999923706055,41.72999954223633,31262900,False
EEM,2022-05-31,43.130001068115234,43.13999938964844,42.63999938964844,42.63999938964844,42.63999938964844,72069000,False
EEM,2022-06-01,42.90999984741211,42.959999084472656,42.15999984741211,42.34000015258789,42.15999984741211,40495600,False
EEM,2022-06-02,42.5099983215332,43.09000015258789,42.400001525878906,43.06999969482422,42.400001525878906,44322300,False
EEM,2022-06-03,42.65999984741211,42.66999816894531,42.27000045776367,42.369998931884766,42.27000045776367,39337000,False
EEM,2022-06-06,43.130001068115234,43.22999954223633,42.4900016784668,42.599998474121094,42.4900016784668,43126000,False
EEM,2022-06-07,42.34000015258789,42.77000045776367,42.27000045776367,42.72999954223633,42.27000045776367,57455300,False
EEM,2022-06-08,42.939998626708984,43.130001068115234,42.779998779296875,42.959999084472656,42.779998779296875,43591800,False
EEM,2022-06-09,42.220001220703125,42.310001373291016,41.560001373291016,41.59000015258789,41.560001373291016,53116000,False
EEM,2022-06-10,41.5,41.58000183105469,41.029998779296875,41.130001068115234,41.029998779296875,44176700,False
EEM,2022-06-13,40.060001373291016,40.310001373291016,39.529998779296875,39.689998626708984,39.529998779296875,67647000,False
EEM,2022-06-14,40.099998474121094,40.40999984741211,39.9900016784668,40.2400016784668,39.9900016784668,58868400,False
EEM,2022-06-15,40.380001068115234,41.04999923706055,40.15999984741211,40.77000045776367,40.15999984741211,67577900,False
EEM,2022-06-16,39.54999923706055,39.720001220703125,39.2599983215332,39.52000045776367,39.2599983215332,68035800,False
EEM,2022-06-17,39.95000076293945,40.04999923706055,39.41999816894531,39.66999816894531,39.41999816894531,63646300,False
EEM,2022-06-21,40.2400016784668,40.47999954223633,40.18000030517578,40.310001373291016,40.18000030517578,35943900,False
EEM,2022-06-22,39.47999954223633,39.849998474121094,39.40999984741211,39.59000015258789,39.40999984741211,41337900,False
EEM,2022-06-23,39.709999084472656,39.91999816894531,39.36000061035156,39.709999084472656,39.36000061035156,44261600,False
EEM,2022-06-24,40.16999816894531,40.68000030517578,40.099998474121094,40.650001525878906,40.099998474121094,41176300,False
EEM,2022-06-27,40.91999816894531,40.939998626708984,40.630001068115234,40.70000076293945,40.630001068115234,27076400,False
EEM,2022-06-28,41.029998779296875,41.189998626708984,40.41999816894531,40.45000076293945,40.41999816894531,31095700,False
EEM,2022-06-29,40.36000061035156,40.45000076293945,40.15999984741211,40.290000915527344,40.15999984741211,33969200,False
EEM,2022-06-30,39.75,40.189998626708984,39.5099983215332,40.099998474121094,39.5099983215332,52233200,False
EEM,2022-07-01,39.619998931884766,39.86000061035156,39.369998931884766,39.849998474121094,39.369998931884766,44010400,False
EEM,2022-07-05,39.029998779296875,39.540000915527344,38.869998931884766,39.540000915527344,38.869998931884766,49452600,False
EEM,2022-07-06,39.25,39.40999984741211,38.959999084472656,39.29999923706055,38.959999084472656,36060300,False
EEM,2022-07-07,39.84000015258789,40.27000045776367,39.83000183105469,40.09000015258789,39.83000183105469,56831500,False
EEM,2022-07-08,39.959999084472656,40.2599983215332,39.810001373291016,40.09000015258789,39.810001373291016,20993400,False
EEM,2022-07-11,39.18000030517578,39.22999954223633,38.86000061035156,39.02000045776367,38.86000061035156,52682500,False
EEM,2022-07-12,38.86000061035156,39.06999969482422,38.68000030517578,38.869998931884766,38.68000030517578,24669600,False
EEM,2022-07-13,38.29999923706055,38.9900016784668,38.29999923706055,38.779998779296875,38.29999923706055,39435300,False
EEM,2022-07-14,38.369998931884766,38.5,38.04999923706055,38.43000030517578,38.04999923706055,43245400,False
EEM,2022-07-15,38.45000076293945,38.66999816894531,38.119998931884766,38.630001068115234,38.119998931884766,44468400,False
EEM,2022-07-18,39.2400016784668,39.439998626708984,38.84000015258789,38.900001525878906,38.84000015258789,38982900,False
EEM,2022-07-19,39.349998474121094,39.58000183105469,39.27000045776367,39.540000915527344,39.27000045776367,33006200,False
EEM,2022-07-20,39.38999938964844,39.5,39.189998626708984,39.369998931884766,39.189998626708984,38969800,False
EEM,2022-07-21,39.5,39.84000015258789,39.43000030517578,39.81999969482422,39.43000030517578,36814900,False
EEM,2022-07-22,39.72999954223633,39.810001373291016,39.2400016784668,39.41999816894531,39.2400016784668,25611800,False
EEM,2022-07-25,39.4900016784668,39.599998474121094,39.38999938964844,39.560001373291016,39.38999938964844,21653200,False
EEM,2022-07-26,39.56999969482422,39.66999816894531,39.18000030517578,39.25,39.18000030517578,22891400,False
EEM,2022-07-27,39.56999969482422,40.08000183105469,39.40999984741211,39.97999954223633,39.40999984741211,37678900,False
EEM,2022-07-28,40.040000915527344,40.209999084472656,39.59000015258789,40.150001525878906,39.59000015258789,37796700,False
EEM,2022-07-29,39.630001068115234,39.9900016784668,39.45000076293945,39.959999084472656,39.45000076293945,54050700,False
EEM,2022-08-01,39.54999923706055,39.90999984741211,39.310001373291016,39.619998931884766,39.310001373291016,34808000,False
EEM,2022-08-02,39.27000045776367,39.849998474121094,39.18000030517578,39.43000030517578,39.18000030517578,41014300,False
EEM,2022-08-03,39.4900016784668,39.81999969482422,39.33000183105469,39.7400016784668,39.33000183105469,34939500,False
EEM,2022-08-04,40.0,40.13999938964844,39.86000061035156,40.02000045776367,39.86000061035156,31865200,False
EEM,2022-08-05,39.77000045776367,40.119998931884766,39.7400016784668,40.060001373291016,39.7400016784668,28488300,False
EEM,2022-08-08,40.130001068115234,40.349998474121094,40.02000045776367,40.11000061035156,40.02000045776367,39087300,False
EEM,2022-08-09,40.150001525878906,40.209999084472656,39.880001068115234,39.959999084472656,39.880001068115234,22828600,False
EEM,2022-08-10,40.22999954223633,40.5,40.08000183105469,40.459999084472656,40.08000183105469,27028200,False
EEM,2022-08-11,40.790000915527344,41.20000076293945,40.540000915527344,40.619998931884766,40.540000915527344,39235300,False
EEM,2022-08-12,40.619998931884766,41.06999969482422,40.599998474121094,41.04999923706055,40.599998474121094,24877900,False
EEM,2022-08-15,40.689998626708984,40.939998626708984,40.65999984741211,40.86000061035156,40.65999984741211,29734500,False
EEM,2022-08-16,40.7599983215332,40.959999084472656,40.720001220703125,40.849998474121094,40.720001220703125,20907000,False
EEM,2022-08-17,40.650001525878906,40.880001068115234,40.560001373291016,40.68000030517578,40.560001373291016,34206700,False
EEM,2022-08-18,40.529998779296875,40.560001373291016,40.2599983215332,40.45000076293945,40.2599983215332,30611900,False
EEM,2022-08-19,40.08000183105469,40.119998931884766,39.779998779296875,39.900001525878906,39.779998779296875,36042800,False
EEM,2022-08-22,39.58000183105469,39.70000076293945,39.5099983215332,39.54999923706055,39.5099983215332,26934100,False
EEM,2022-08-23,39.59000015258789,39.91999816894531,39.5099983215332,39.7599983215332,39.5099983215332,33028200,False
EEM,2022-08-24,39.439998626708984,39.9900016784668,39.40999984741211,39.75,39.40999984741211,23561600,False
EEM,2022-08-25,40.18000030517578,40.619998931884766,40.099998474121094,40.61000061035156,40.099998474121094,44653100,False
EEM,2022-08-26,40.91999816894531,40.959999084472656,39.970001220703125,40.0099983215332,39.970001220703125,41080900,False
EEM,2022-08-29,39.83000183105469,40.06999969482422,39.75,39.7599983215332,39.75,22689800,False
EEM,2022-08-30,39.88999938964844,39.900001525878906,39.13999938964844,39.290000915527344,39.13999938964844,34508600,False
EEM,2022-08-31,39.66999816894531,39.84000015258789,39.400001525878906,39.43000030517578,39.400001525878906,37142200,False
EEM,2022-09-01,39.04999923706055,39.130001068115234,38.720001220703125,39.119998931884766,38.720001220703125,38353400,False
EEM,2022-09-02,39.04999923706055,39.220001220703125,38.66999816894531,38.7599983215332,38.66999816894531,35916900,False
EEM,2022-09-06,38.619998931884766,38.68000030517578,38.27000045776367,38.29999923706055,38.27000045776367,50091500,False
EEM,2022-09-07,38.119998931884766,38.650001525878906,38.08000183105469,38.63999938964844,38.08000183105469,39074600,False
EEM,2022-09-08,38.2400016784668,38.470001220703125,38.119998931884766,38.43000030517578,38.119998931884766,55415100,False
EEM,2022-09-09,38.779998779296875,39.09000015258789,38.77000045776367,39.0,38.77000045776367,26119600,False
EEM,2022-09-12,39.369998931884766,39.63999938964844,39.27000045776367,39.58000183105469,39.27000045776367,41791000,False
EEM,2022-09-13,38.810001373291016,38.970001220703125,38.290000915527344,38.36000061035156,38.290000915527344,44191300,False
EEM,2022-09-14,38.599998474121094,38.66999816894531,38.38999938964844,38.54999923706055,38.38999938964844,37146200,False
EEM,2022-09-15,38.27000045776367,38.52000045776367,38.06999969482422,38.13999938964844,38.06999969482422,47618900,False
EEM,2022-09-16,37.779998779296875,37.90999984741211,37.61000061035156,37.790000915527344,37.61000061035156,67125000,False
EEM,2022-09-19,37.47999954223633,37.939998626708984,37.459999084472656,37.90999984741211,37.459999084472656,33531700,False
EEM,2022-09-20,37.72999954223633,37.869998931884766,37.560001373291016,37.70000076293945,37.560001373291016,36967300,False
EEM,2022-09-21,37.47999954223633,37.720001220703125,37.02000045776367,37.06999969482422,37.02000045776367,62370500,False
EEM,2022-09-22,37.04999923706055,37.150001525878906,36.810001373291016,36.88999938964844,36.810001373291016,41989200,False
EEM,2022-09-23,36.209999084472656,36.2599983215332,35.79999923706055,35.97999954223633,35.79999923706055,49807100,False
EEM,2022-09-26,35.7599983215332,35.959999084472656,35.470001220703125,35.540000915527344,35.470001220703125,53011900,False
EEM,2022-09-27,35.779998779296875,36.029998779296875,35.34000015258789,35.5,35.34000015258789,47114100,False
EEM,2022-09-28,35.27000045776367,35.900001525878906,35.189998626708984,35.810001373291016,35.189998626708984,49946800,False
EEM,2022-09-29,35.18000030517578,35.20000076293945,34.720001220703125,35.0099983215332,34.720001220703125,43114100,False
EEM,2022-09-30,34.91999816894531,35.25,34.849998474121094,34.880001068115234,34.849998474121094,50082400,False
EEM,2022-10-03,35.119998931884766,35.540000915527344,34.959999084472656,35.45000076293945,34.959999084472656,41489700,False
EEM,2022-10-04,36.20000076293945,36.720001220703125,36.16999816894531,36.61000061035156,36.16999816894531,51598600,False
EEM,2022-10-05,36.5099983215332,36.7599983215332,36.25,36.630001068115234,36.25,30037200,False
EEM,2022-10-06,36.5099983215332,36.720001220703125,36.380001068115234,36.40999984741211,36.380001068115234,29747200,False
EEM,2022-10-07,36.06999969482422,36.130001068115234,35.59000015258789,35.650001525878906,35.59000015258789,35957400,False
EEM,2022-10-10,35.41999816894531,35.439998626708984,35.02000045776367,35.150001525878906,35.02000045776367,31109900,False
EEM,2022-10-11,34.7599983215332,35.0099983215332,34.47999954223633,34.59000015258789,34.47999954223633,46679000,False
EEM,2022-10-12,34.619998931884766,34.810001373291016,34.5099983215332,34.630001068115234,34.5099983215332,42471500,False
EEM,2022-10-13,33.75,34.91999816894531,33.66999816894531,34.72999954223633,33.66999816894531,51431200,False
EEM,2022-10-14,34.95000076293945,34.959999084472656,34.18000030517578,34.209999084472656,34.18000030517578,33384600,False
EEM,2022-10-17,34.90999984741211,35.27000045776367,34.90999984741211,35.150001525878906,34.90999984741211,51122100,False
EEM,2022-10-18,35.4900016784668,35.56999969482422,34.900001525878906,35.15999984741211,34.900001525878906,33911100,False
EEM,2022-10-19,34.61000061035156,34.810001373291016,34.38999938964844,34.52000045776367,34.38999938964844,31393700,False
EEM,2022-10-20,34.77000045776367,35.279998779296875,34.70000076293945,34.7400016784668,34.70000076293945,44240000,False
EEM,2022-10-21,34.65999984741211,35.310001373291016,34.529998779296875,35.27000045776367,34.529998779296875,43879500,False
EEM,2022-10-24,33.970001220703125,34.0099983215332,33.4900016784668,33.93000030517578,33.4900016784668,55046000,False
EEM,2022-10-25,33.97999954223633,34.279998779296875,33.95000076293945,34.209999084472656,33.95000076293945,31871500,False
EEM,2022-10-26,34.310001373291016,35.08000183105469,34.310001373291016,34.77000045776367,34.310001373291016,37973800,False
EEM,2022-10-27,34.529998779296875,34.849998474121094,34.459999084472656,34.5,34.459999084472656,34227600,False
EEM,2022-10-28,34.029998779296875,34.33000183105469,33.95000076293945,34.290000915527344,33.95000076293945,46296700,False
EEM,2022-10-31,33.91999816894531,34.27000045776367,33.91999816894531,34.189998626708984,33.91999816894531,44107400,False
EEM,2022-11-01,35.099998474121094,35.150001525878906,34.70000076293945,34.81999969482422,34.70000076293945,50932800,False
EEM,2022-11-02,34.900001525878906,35.31999969482422,34.5,34.529998779296875,34.5,47639100,False
EEM,2022-11-03,34.29999923706055,34.84000015258789,34.279998779296875,34.72999954223633,34.279998779296875,38319300,False
EEM,2022-11-04,36.029998779296875,36.20000076293945,35.66999816894531,36.20000076293945,35.66999816894531,70533600,True
EEM,2022-11-07,36.43000030517578,36.5099983215332,36.09000015258789,36.220001220703125,36.09000015258789,38404800,False
EEM,2022-11-08,36.290000915527344,36.66999816894531,36.15999984741211,36.47999954223633,36.15999984741211,36282400,False
EEM,2022-11-09,36.209999084472656,36.380001068115234,35.79999923706055,35.849998474121094,35.79999923706055,34148700,False
EEM,2022-11-10,36.81999969482422,37.18000030517578,36.66999816894531,37.150001525878906,36.66999816894531,53986900,False
EEM,2022-11-11,37.869998931884766,38.209999084472656,37.779998779296875,38.15999984741211,37.779998779296875,52270400,False
EEM,2022-11-14,37.95000076293945,38.20000076293945,37.779998779296875,37.93000030517578,37.779998779296875,42158100,False
EEM,2022-11-15,39.119998931884766,39.15999984741211,38.540000915527344,38.79999923706055,38.540000915527344,77069300,False
EEM,2022-11-16,38.470001220703125,38.52000045776367,38.119998931884766,38.18000030517578,38.119998931884766,49376500,False
EEM,2022-11-17,37.4900016784668,38.29999923706055,37.47999954223633,38.25,37.47999954223633,56473600,False
EEM,2022-11-18,38.13999938964844,38.150001525878906,37.849998474121094,38.029998779296875,37.849998474121094,45040200,False
EEM,2022-11-21,37.540000915527344,37.630001068115234,37.349998474121094,37.54999923706055,37.349998474121094,29250900,False
EEM,2022-11-22,37.459999084472656,37.650001525878906,37.38999938964844,37.63999938964844,37.38999938964844,33677500,False
EEM,2022-11-23,37.689998626708984,37.97999954223633,37.68000030517578,37.95000076293945,37.68000030517578,43490300,False
EEM,2022-11-25,37.84000015258789,37.880001068115234,37.7400016784668,37.77000045776367,37.7400016784668,19986900,False
EEM,2022-11-28,37.59000015258789,38.0,37.59000015258789,37.599998474121094,37.59000015258789,45015900,False
EEM,2022-11-29,38.400001525878906,38.58000183105469,38.310001373291016,38.40999984741211,38.310001373291016,50909500,False
EEM,2022-11-30,39.2400016784668,39.68000030517578,38.97999954223633,39.52000045776367,38.97999954223633,103403400,False
EEM,2022-12-01,39.630001068115234,39.709999084472656,39.25,39.38999938964844,39.25,50195900,False
EEM,2022-12-02,39.0099983215332,39.65999984741211,39.0099983215332,39.540000915527344,39.0099983215332,47593700,False
EEM,2022-12-05,39.529998779296875,39.54999923706055,38.9900016784668,39.09000015258789,38.9900016784668,62268800,False
EEM,2022-12-06,39.2400016784668,39.290000915527344,38.939998626708984,39.040000915527344,38.939998626708984,31558200,False
EEM,2022-12-07,38.75,38.959999084472656,38.68000030517578,38.810001373291016,38.68000030517578,46263200,False
EEM,2022-12-08,39.189998626708984,39.400001525878906,39.060001373291016,39.279998779296875,39.060001373291016,41138200,False
EEM,2022-12-09,39.349998474121094,39.40999984741211,39.02000045776367,39.02000045776367,39.02000045776367,48742700,False
EEM,2022-12-12,38.880001068115234,38.900001525878906,38.56999969482422,38.900001525878906,38.56999969482422,41524600,False
EEM,2022-12-13,39.11000061035156,39.209999084472656,38.5099983215332,38.59000015258789,38.5099983215332,60886900,False
EEM,2022-12-14,38.599998474121094,38.79999923706055,38.310001373291016,38.61000061035156,38.310001373291016,62300900,False
EEM,2022-12-15,38.31999969482422,38.45000076293945,37.689998626708984,37.720001220703125,37.689998626708984,48081300,False
EEM,2022-12-16,37.900001525878906,38.06999969482422,37.77000045776367,37.83000183105469,37.77000045776367,48065200,False
EEM,2022-12-19,38.11000061035156,38.11000061035156,37.790000915527344,37.86000061035156,37.790000915527344,22995200,False
EEM,2022-12-20,37.72999954223633,38.0,37.689998626708984,37.849998474121094,37.689998626708984,25688000,False
EEM,2022-12-21,37.790000915527344,38.189998626708984,37.709999084472656,38.189998626708984,37.709999084472656,23607700,False
EEM,2022-12-22,38.08000183105469,38.11000061035156,37.56999969482422,37.849998474121094,37.56999969482422,27011800,False
EEM,2022-12-23,37.790000915527344,37.90999984741211,37.61000061035156,37.79999923706055,37.61000061035156,19543300,False
EEM,2022-12-27,38.130001068115234,38.560001373291016,38.08000183105469,38.36000061035156,38.08000183105469,42338900,False
EEM,2022-12-28,38.2599983215332,38.29999923706055,37.779998779296875,37.79999923706055,37.779998779296875,31813900,False
EEM,2022-12-29,38.22999954223633,38.4900016784668,38.18000030517578,38.43000030517578,38.18000030517578,27088700,False
EEM,2022-12-30,38.13999938964844,38.310001373291016,37.7599983215332,37.900001525878906,37.7599983215332,38297800,False
EEM,2023-01-03,38.34000015258789,38.63999938964844,38.11000061035156,38.220001220703125,38.11000061035156,35557900,False
EEM,2023-01-04,38.900001525878906,39.40999984741211,38.68000030517578,39.369998931884766,38.68000030517578,57044200,False
EEM,2023-01-05,38.9900016784668,39.33000183105469,38.97999954223633,39.25,38.97999954223633,25175600,False
EEM,2023-01-06,39.5,40.09000015258789,39.2599983215332,40.06999969482422,39.2599983215332,49058000,False
EEM,2023-01-09,40.54999923706055,40.68000030517578,40.349998474121094,40.369998931884766,40.349998474121094,59967500,False
EEM,2023-01-10,40.47999954223633,40.66999816894531,40.279998779296875,40.65999984741211,40.279998779296875,34936500,False
EEM,2023-01-11,40.59000015258789,40.84000015258789,40.52000045776367,40.83000183105469,40.52000045776367,41854800,False
EEM,2023-01-12,40.88999938964844,41.119998931884766,40.5,41.029998779296875,40.5,42088800,False
EEM,2023-01-13,40.97999954223633,41.33000183105469,40.970001220703125,41.29999923706055,40.970001220703125,32838900,False
EEM,2023-01-17,41.02000045776367,41.119998931884766,40.900001525878906,41.06999969482422,40.900001525878906,41016000,False
EEM,2023-01-18,41.43000030517578,41.47999954223633,40.77000045776367,40.790000915527344,40.77000045776367,54860300,False
EEM,2023-01-19,40.959999084472656,41.25,40.939998626708984,41.099998474121094,40.939998626708984,33834900,False
EEM,2023-01-20,41.38999938964844,41.72999954223633,41.2599983215332,41.72999954223633,41.2599983215332,42854900,False
EEM,2023-01-23,41.790000915527344,42.22999954223633,41.7599983215332,42.029998779296875,41.7599983215332,38252700,False
EEM,2023-01-24,41.869998931884766,42.09000015258789,41.810001373291016,42.060001373291016,41.810001373291016,34713300,False
EEM,2023-01-25,41.84000015258789,42.099998474121094,41.61000061035156,42.099998474121094,41.61000061035156,30325100,False
EEM,2023-01-26,42.439998626708984,42.529998779296875,42.209999084472656,42.5,42.209999084472656,28722100,False
EEM,2023-01-27,42.36000061035156,42.380001068115234,42.099998474121094,42.29999923706055,42.099998474121094,36989100,False
EEM,2023-01-30,41.630001068115234,41.81999969482422,41.43000030517578,41.45000076293945,41.43000030517578,38598300,False
EEM,2023-01-31,41.09000015258789,41.36000061035156,41.0099983215332,41.36000061035156,41.0099983215332,43197800,False
EEM,2023-02-01,41.54999923706055,42.029998779296875,41.27000045776367,41.869998931884766,41.27000045776367,51809100,False
EEM,2023-02-02,41.869998931884766,41.900001525878906,41.41999816894531,41.619998931884766,41.41999816894531,45943800,False
EEM,2023-02-03,41.11000061035156,41.400001525878906,40.779998779296875,40.880001068115234,40.779998779296875,42341000,False
EEM,2023-02-06,40.150001525878906,40.36000061035156,40.0,40.279998779296875,40.0,41471500,False
EEM,2023-02-07,40.34000015258789,40.599998474121094,40.04999923706055,40.439998626708984,40.04999923706055,31941600,False
EEM,2023-02-08,40.540000915527344,40.599998474121094,40.220001220703125,40.38999938964844,40.220001220703125,38255400,False
EEM,2023-02-09,40.959999084472656,41.0,40.439998626708984,40.58000183105469,40.439998626708984,27083800,False
EEM,2023-02-10,40.349998474121094,40.369998931884766,40.060001373291016,40.189998626708984,40.060001373291016,34463800,False
EEM,2023-02-13,40.33000183105469,40.599998474121094,40.2400016784668,40.52000045776367,40.2400016784668,20906700,False
EEM,2023-02-14,40.22999954223633,40.63999938964844,40.099998474121094,40.45000076293945,40.099998474121094,21664300,False
EEM,2023-02-15,39.84000015258789,40.11000061035156,39.77000045776367,40.11000061035156,39.77000045776367,31114000,False
EEM,2023-02-16,39.91999816894531,40.310001373291016,39.810001373291016,40.119998931884766,39.810001373291016,30045300,False
EEM,2023-02-17,39.66999816894531,39.779998779296875,39.52000045776367,39.68000030517578,39.52000045776367,35131700,False
EEM,2023-02-21,39.400001525878906,39.619998931884766,39.16999816894531,39.18000030517578,39.16999816894531,33984300,False
EEM,2023-02-22,39.06999969482422,39.20000076293945,38.869998931884766,38.9900016784668,38.869998931884766,37035500,False
EEM,2023-02-23,39.4900016784668,39.560001373291016,38.93000030517578,39.18000030517578,38.93000030517578,28551700,False
EEM,2023-02-24,38.310001373291016,38.4900016784668,38.150001525878906,38.29999923706055,38.150001525878906,48596300,False
EEM,2023-02-27,38.529998779296875,38.599998474121094,38.41999816894531,38.5,38.41999816894531,24344400,False
EEM,2023-02-28,38.36000061035156,38.52000045776367,38.189998626708984,38.22999954223633,38.189998626708984,39670600,False
EEM,2023-03-01,39.16999816894531,39.209999084472656,38.970001220703125,39.04999923706055,38.970001220703125,39597500,False
EEM,2023-03-02,38.869998931884766,39.290000915527344,38.79999923706055,39.189998626708984,38.79999923706055,28952900,False
EEM,2023-03-03,39.31999969482422,39.58000183105469,39.27000045776367,39.540000915527344,39.27000045776367,20682400,False
EEM,2023-03-06,39.5099983215332,39.68000030517578,39.38999938964844,39.400001525878906,39.38999938964844,26014300,False
EEM,2023-03-07,39.2400016784668,39.25,38.709999084472656,38.7400016784668,38.709999084472656,36382400,False
EEM,2023-03-08,38.75,38.97999954223633,38.7400016784668,38.900001525878906,38.7400016784668,18795900,False
EEM,2023-03-09,38.5099983215332,38.58000183105469,37.959999084472656,38.040000915527344,37.959999084472656,40118900,False
EEM,2023-03-10,38.02000045776367,38.25,37.79999923706055,37.84000015258789,37.79999923706055,49329400,False
EEM,2023-03-13,37.72999954223633,38.16999816894531,37.650001525878906,37.900001525878906,37.650001525878906,43071400,False
EEM,2023-03-14,37.84000015258789,38.02000045776367,37.720001220703125,37.91999816894531,37.720001220703125,36333400,False
EEM,2023-03-15,37.09000015258789,37.279998779296875,36.900001525878906,37.27000045776367,36.900001525878906,53217000,False
EEM,2023-03-16,37.209999084472656,37.86000061035156,37.150001525878906,37.84000015258789,37.150001525878906,39880200,False
EEM,2023-03-17,37.810001373291016,37.869998931884766,37.47999954223633,37.61000061035156,37.47999954223633,40165600,False
EEM,2023-03-20,37.529998779296875,37.83000183105469,37.439998626708984,37.75,37.439998626708984,28310700,False
EEM,2023-03-21,38.040000915527344,38.189998626708984,37.88999938964844,38.09000015258789,37.88999938964844,27670600,False
EEM,2023-03-22,38.369998931884766,38.81999969482422,38.220001220703125,38.2400016784668,38.220001220703125,40375300,False
EEM,2023-03-23,38.970001220703125,39.209999084472656,38.58000183105469,38.77000045776367,38.58000183105469,39622100,False
EEM,2023-03-24,38.459999084472656,38.68000030517578,38.38999938964844,38.66999816894531,38.38999938964844,28044500,False
EEM,2023-03-27,38.400001525878906,38.4900016784668,38.2599983215332,38.459999084472656,38.2599983215332,36646700,False
EEM,2023-03-28,38.79999923706055,39.0099983215332,38.7599983215332,39.0099983215332,38.7599983215332,43707600,False
EEM,2023-03-29,39.0,39.18000030517578,38.900001525878906,39.119998931884766,38.900001525878906,32173100,False
EEM,2023-03-30,39.459999084472656,39.61000061035156,39.349998474121094,39.5099983215332,39.349998474121094,32982200,False
EEM,2023-03-31,39.5099983215332,39.619998931884766,39.31999969482422,39.459999084472656,39.31999969482422,36174700,False
EEM,2023-04-03,39.439998626708984,39.56999969482422,39.31999969482422,39.540000915527344,39.31999969482422,19637700,False
EEM,2023-04-04,39.470001220703125,39.56999969482422,39.349998474121094,39.540000915527344,39.349998474121094,31518500,False
EEM,2023-04-05,39.459999084472656,39.4900016784668,39.09000015258789,39.22999954223633,39.09000015258789,35785500,False
EEM,2023-04-06,39.13999938964844,39.470001220703125,39.029998779296875,39.38999938964844,39.029998779296875,22277700,False
EEM,2023-04-10,39.27000045776367,39.439998626708984,39.20000076293945,39.43000030517578,39.20000076293945,20271700,False
EEM,2023-04-11,39.77000045776367,39.84000015258789,39.650001525878906,39.66999816894531,39.650001525878906,23177000,False
EEM,2023-04-12,39.79999923706055,39.83000183105469,39.310001373291016,39.38999938964844,39.310001373291016,30341900,False
EEM,2023-04-13,39.849998474121094,40.0,39.810001373291016,39.93000030517578,39.810001373291016,28752600,False
EEM,2023-04-14,39.75,39.91999816894531,39.529998779296875,39.720001220703125,39.529998779296875,26673200,False
EEM,2023-04-17,39.880001068115234,39.95000076293945,39.72999954223633,39.88999938964844,39.72999954223633,26173500,False
EEM,2023-04-18,39.959999084472656,40.0099983215332,39.7400016784668,39.84000015258789,39.7400016784668,23990600,False
EEM,2023-04-19,39.380001068115234,39.4900016784668,39.29999923706055,39.439998626708984,39.29999923706055,25851700,False
EEM,2023-04-20,39.38999938964844,39.619998931884766,39.2599983215332,39.380001068115234,39.2599983215332,29763400,False
EEM,2023-04-21,39.040000915527344,39.060001373291016,38.790000915527344,39.0099983215332,38.790000915527344,26632600,False
EEM,2023-04-24,38.91999816894531,38.97999954223633,38.790000915527344,38.91999816894531,38.790000915527344,19963200,False
EEM,2023-04-25,38.400001525878906,38.43000030517578,38.130001068115234,38.189998626708984,38.130001068115234,31095100,False
EEM,2023-04-26,38.65999984741211,38.689998626708984,38.380001068115234,38.40999984741211,38.380001068115234,45521300,False
EEM,2023-04-27,38.630001068115234,38.97999954223633,38.59000015258789,38.93000030517578,38.59000015258789,23496200,False
EEM,2023-04-28,38.939998626708984,39.15999984741211,38.91999816894531,39.130001068115234,38.91999816894531,22481000,False
EEM,2023-05-01,38.970001220703125,39.27000045776367,38.95000076293945,39.0,38.95000076293945,16797000,False
EEM,2023-05-02,38.849998474121094,38.849998474121094,38.47999954223633,38.619998931884766,38.47999954223633,24041500,False
EEM,2023-05-03,38.65999984741211,38.81999969482422,38.529998779296875,38.560001373291016,38.529998779296875,18827800,False
EEM,2023-05-04,38.880001068115234,39.0,38.779998779296875,38.869998931884766,38.779998779296875,29417100,False
EEM,2023-05-05,39.04999923706055,39.41999816894531,38.9900016784668,39.38999938964844,38.9900016784668,18248200,False
EEM,2023-05-08,39.529998779296875,39.54999923706055,39.34000015258789,39.40999984741211,39.34000015258789,19721300,False
EEM,2023-05-09,39.0099983215332,39.20000076293945,38.970001220703125,39.16999816894531,38.970001220703125,17294900,False
EEM,2023-05-10,39.130001068115234,39.2599983215332,38.939998626708984,39.150001525878906,38.939998626708984,22410300,False
EEM,2023-05-11,38.810001373291016,39.02000045776367,38.70000076293945,39.0099983215332,38.70000076293945,34620300,False
EEM,2023-05-12,38.7400016784668,38.75,38.470001220703125,38.54999923706055,38.470001220703125,32789300,False
EEM,2023-05-15,38.959999084472656,39.310001373291016,38.84000015258789,39.2599983215332,38.84000015258789,28911000,False
EEM,2023-05-16,38.9900016784668,39.150001525878906,38.959999084472656,38.97999954223633,38.959999084472656,24887200,False
EEM,2023-05-17,38.97999954223633,39.209999084472656,38.90999984741211,39.15999984741211,38.90999984741211,24358200,False
EEM,2023-05-18,39.0099983215332,39.029998779296875,38.779998779296875,38.95000076293945,38.779998779296875,30378900,False
EEM,2023-05-19,39.04999923706055,39.09000015258789,38.900001525878906,38.97999954223633,38.900001525878906,26847500,False
EEM,2023-05-22,39.2599983215332,39.470001220703125,39.2599983215332,39.29999923706055,39.2599983215332,30254000,False
EEM,2023-05-23,38.95000076293945,39.04999923706055,38.66999816894531,38.689998626708984,38.66999816894531,43844500,False
EEM,2023-05-24,38.650001525878906,38.66999816894531,38.380001068115234,38.400001525878906,38.380001068115234,31559600,False
EEM,2023-05-25,38.5099983215332,38.5099983215332,38.25,38.31999969482422,38.25,28492700,False
EEM,2023-05-26,38.65999984741211,39.06999969482422,38.65999984741211,39.0,38.65999984741211,24941700,False
EEM,2023-05-30,38.900001525878906,38.90999984741211,38.439998626708984,38.54999923706055,38.439998626708984,25536900,False
EEM,2023-05-31,38.2400016784668,38.25,37.90999984741211,38.189998626708984,37.90999984741211,35917900,False
EEM,2023-06-01,38.25,38.88999938964844,38.22999954223633,38.869998931884766,38.22999954223633,32875300,False
EEM,2023-06-02,39.5,39.63999938964844,39.4900016784668,39.540000915527344,39.4900016784668,53717000,False
EEM,2023-06-05,39.43000030517578,39.54999923706055,39.349998474121094,39.529998779296875,39.349998474121094,16947400,False
EEM,2023-06-06,39.45000076293945,39.93000030517578,39.40999984741211,39.880001068115234,39.40999984741211,35447700,False
EEM,2023-06-07,39.560001373291016,39.77000045776367,39.34000015258789,39.400001525878906,39.34000015258789,44313300,False
EEM,2023-06-08,39.43000030517578,39.720001220703125,39.41999816894531,39.68000030517578,39.41999816894531,26886800,False
EEM,2023-06-09,39.83000183105469,40.04999923706055,39.81999969482422,39.86000061035156,39.81999969482422,22199200,False
EEM,2023-06-12,39.880001068115234,39.9900016784668,39.81999969482422,39.939998626708984,39.81999969482422,25267100,False
EEM,2023-06-13,40.369998931884766,40.470001220703125,40.22999954223633,40.34000015258789,40.22999954223633,35053100,False
EEM,2023-06-14,40.349998474121094,40.72999954223633,40.33000183105469,40.63999938964844,40.33000183105469,37898300,False
EEM,2023-06-15,40.84000015258789,41.040000915527344,40.7599983215332,41.02000045776367,40.7599983215332,36328400,False
EEM,2023-06-16,41.09000015258789,41.09000015258789,40.77000045776367,40.880001068115234,40.77000045776367,40001900,False
EEM,2023-06-20,40.290000915527344,40.349998474121094,39.959999084472656,40.08000183105469,39.959999084472656,50477100,False
EEM,2023-06-21,39.86000061035156,39.959999084472656,39.7400016784668,39.88999938964844,39.7400016784668,20771300,False
EEM,2023-06-22,39.63999938964844,39.79999923706055,39.58000183105469,39.75,39.58000183105469,22804200,False
EEM,2023-06-23,39.22999954223633,39.22999954223633,39.060001373291016,39.16999816894531,39.060001373291016,26321700,False
EEM,2023-06-26,39.33000183105469,39.47999954223633,39.2599983215332,39.29999923706055,39.2599983215332,18302400,False
EEM,2023-06-27,39.619998931884766,39.720001220703125,39.52000045776367,39.70000076293945,39.52000045776367,21799500,False
EEM,2023-06-28,39.38999938964844,39.5099983215332,39.29999923706055,39.459999084472656,39.29999923706055,21628400,False
EEM,2023-06-29,39.15999984741211,39.279998779296875,39.150001525878906,39.25,39.150001525878906,23278300,False
EEM,2023-06-30,39.560001373291016,39.720001220703125,39.470001220703125,39.560001373291016,39.470001220703125,23366700,False
EEM,2023-07-03,40.0099983215332,40.209999084472656,39.95000076293945,40.0,39.95000076293945,15417000,False
EEM,2023-07-05,39.83000183105469,39.849998474121094,39.689998626708984,39.7599983215332,39.689998626708984,15853800,False
EEM,2023-07-06,39.16999816894531,39.22999954223633,38.810001373291016,38.95000076293945,38.810001373291016,36352500,False
EEM,2023-07-07,39.08000183105469,39.599998474121094,39.06999969482422,39.38999938964844,39.06999969482422,21518600,False
EEM,2023-07-10,39.150001525878906,39.439998626708984,39.13999938964844,39.41999816894531,39.13999938964844,22273400,False
EEM,2023-07-11,39.65999984741211,39.84000015258789,39.4900016784668,39.81999969482422,39.4900016784668,19616000,False
EEM,2023-07-12,40.43000030517578,40.7400016784668,40.40999984741211,40.709999084472656,40.40999984741211,61015900,False
EEM,2023-07-13,40.93000030517578,41.31999969482422,40.90999984741211,41.2400016784668,40.90999984741211,44062400,False
EEM,2023-07-14,41.13999938964844,41.15999984741211,40.97999954223633,41.0099983215332,40.97999954223633,26724500,False
EEM,2023-07-17,40.84000015258789,41.06999969482422,40.66999816894531,41.060001373291016,40.66999816894531,25782900,False
EEM,2023-07-18,40.83000183105469,40.91999816894531,40.63999938964844,40.7599983215332,40.63999938964844,29377700,False
EEM,2023-07-19,40.81999969482422,40.9900016784668,40.630001068115234,40.68000030517578,40.630001068115234,26941200,False
EEM,2023-07-20,40.5,40.599998474121094,40.31999969482422,40.380001068115234,40.31999969482422,31226700,False
EEM,2023-07-21,40.4900016784668,40.529998779296875,40.290000915527344,40.31999969482422,40.290000915527344,21620500,False
EEM,2023-07-24,40.459999084472656,41.02000045776367,40.41999816894531,40.869998931884766,40.41999816894531,47123600,False
EEM,2023-07-25,41.369998931884766,41.400001525878906,41.189998626708984,41.209999084472656,41.189998626708984,32437300,False
EEM,2023-07-26,41.029998779296875,41.56999969482422,41.0099983215332,41.45000076293945,41.0099983215332,34963100,False
EEM,2023-07-27,41.47999954223633,41.5099983215332,40.900001525878906,40.939998626708984,40.900001525878906,37548500,False
EEM,2023-07-28,41.7400016784668,41.959999084472656,41.66999816894531,41.93000030517578,41.66999816894531,34529000,False
EEM,2023-07-31,41.790000915527344,42.0,41.720001220703125,41.95000076293945,41.720001220703125,28029100,False
EEM,2023-08-01,41.61000061035156,41.650001525878906,41.369998931884766,41.41999816894531,41.369998931884766,34635600,False
EEM,2023-08-02,40.75,40.75,40.34000015258789,40.43000030517578,40.34000015258789,35588700,False
EEM,2023-08-03,40.47999954223633,40.7400016784668,40.439998626708984,40.59000015258789,40.439998626708984,20893600,False
EEM,2023-08-04,40.70000076293945,40.91999816894531,40.4900016784668,40.540000915527344,40.4900016784668,29249200,False
EEM,2023-08-07,40.650001525878906,40.650001525878906,40.310001373291016,40.47999954223633,40.310001373291016,19419100,False
EEM,2023-08-08,39.869998931884766,40.0,39.66999816894531,39.9900016784668,39.66999816894531,22600700,False
EEM,2023-08-09,40.25,40.279998779296875,39.93000030517578,40.09000015258789,39.93000030517578,27936800,False
EEM,2023-08-10,40.380001068115234,40.70000076293945,40.08000183105469,40.150001525878906,40.08000183105469,26321200,False
EEM,2023-08-11,39.70000076293945,39.72999954223633,39.459999084472656,39.560001373291016,39.459999084472656,32303600,False
EEM,2023-08-14,39.18000030517578,39.45000076293945,39.040000915527344,39.369998931884766,39.040000915527344,25510000,False
EEM,2023-08-15,39.18000030517578,39.18000030517578,38.869998931884766,38.91999816894531,38.869998931884766,31837500,False
EEM,2023-08-16,38.70000076293945,38.88999938964844,38.560001373291016,38.56999969482422,38.560001373291016,37596400,False
EEM,2023-08-17,39.04999923706055,39.06999969482422,38.630001068115234,38.65999984741211,38.630001068115234,35544200,False
EEM,2023-08-18,38.2599983215332,38.47999954223633,38.209999084472656,38.400001525878906,38.209999084472656,33913100,False
EEM,2023-08-21,38.34000015258789,38.52000045776367,38.27000045776367,38.4900016784668,38.27000045776367,24331900,False
EEM,2023-08-22,38.63999938964844,38.68000030517578,38.349998474121094,38.40999984741211,38.349998474121094,26689500,False
EEM,2023-08-23,38.70000076293945,39.06999969482422,38.68000030517578,39.02000045776367,38.68000030517578,27643300,False
EEM,2023-08-24,39.15999984741211,39.2400016784668,38.86000061035156,38.869998931884766,38.86000061035156,25776700,False
EEM,2023-08-25,38.880001068115234,38.9900016784668,38.58000183105469,38.90999984741211,38.58000183105469,20154800,False
EEM,2023-08-28,39.189998626708984,39.33000183105469,39.119998931884766,39.290000915527344,39.119998931884766,21426800,False
EEM,2023-08-29,39.400001525878906,39.81999969482422,39.290000915527344,39.790000915527344,39.290000915527344,30243400,False
EEM,2023-08-30,39.56999969482422,39.77000045776367,39.54999923706055,39.65999984741211,39.54999923706055,16164200,False
EEM,2023-08-31,39.369998931884766,39.38999938964844,39.11000061035156,39.16999816894531,39.11000061035156,35424700,False
EEM,2023-09-01,39.709999084472656,39.83000183105469,39.540000915527344,39.630001068115234,39.540000915527344,26152300,False
EEM,2023-09-05,39.41999816894531,39.459999084472656,39.27000045776367,39.310001373291016,39.27000045776367,23571600,False
EEM,2023-09-06,39.220001220703125,39.41999816894531,39.029998779296875,39.09000015258789,39.029998779296875,29118500,False
EEM,2023-09-07,38.70000076293945,38.72999954223633,38.54999923706055,38.630001068115234,38.54999923706055,23907500,False
EEM,2023-09-08,38.7400016784668,38.83000183105469,38.650001525878906,38.709999084472656,38.650001525878906,15126500,False
EEM,2023-09-11,39.13999938964844,39.209999084472656,38.9900016784668,39.189998626708984,38.9900016784668,20748000,False
EEM,2023-09-12,38.900001525878906,39.189998626708984,38.88999938964844,39.06999969482422,38.88999938964844,26259600,False
EEM,2023-09-13,39.029998779296875,39.15999984741211,38.95000076293945,39.02000045776367,38.95000076293945,20707900,False
EEM,2023-09-14,39.25,39.380001068115234,39.130001068115234,39.279998779296875,39.130001068115234,22611200,False
EEM,2023-09-15,39.290000915527344,39.349998474121094,39.09000015258789,39.130001068115234,39.09000015258789,32981700,False
EEM,2023-09-18,39.0099983215332,39.099998474121094,38.900001525878906,39.08000183105469,38.900001525878906,22967000,False
EEM,2023-09-19,38.90999984741211,38.97999954223633,38.77000045776367,38.849998474121094,38.77000045776367,17394800,False
EEM,2023-09-20,38.959999084472656,39.11000061035156,38.689998626708984,38.689998626708984,38.689998626708984,24521800,False
EEM,2023-09-21,38.099998474121094,38.20000076293945,38.0099983215332,38.02000045776367,38.0099983215332,33915600,False
EEM,2023-09-22,38.63999938964844,38.709999084472656,38.439998626708984,38.470001220703125,38.439998626708984,40006500,False
EEM,2023-09-25,38.150001525878906,38.34000015258789,38.150001525878906,38.29999923706055,38.150001525878906,29050100,False
EEM,2023-09-26,37.91999816894531,38.029998779296875,37.72999954223633,37.7599983215332,37.72999954223633,39426100,False
EEM,2023-09-27,37.95000076293945,37.97999954223633,37.630001068115234,37.81999969482422,37.630001068115234,27723500,False
EEM,2023-09-28,37.650001525878906,37.959999084472656,37.58000183105469,37.91999816894531,37.58000183105469,31425500,False
EEM,2023-09-29,38.33000183105469,38.33000183105469,37.880001068115234,37.95000076293945,37.880001068115234,41783600,False
EEM,2023-10-02,37.880001068115234,37.93000030517578,37.65999984741211,37.7599983215332,37.65999984741211,30529200,False
EEM,2023-10-03,37.400001525878906,37.54999923706055,37.20000076293945,37.2599983215332,37.20000076293945,52953900,False
EEM,2023-10-04,37.189998626708984,37.2599983215332,37.02000045776367,37.150001525878906,37.02000045776367,36174300,False
EEM,2023-10-05,37.15999984741211,37.31999969482422,37.029998779296875,37.290000915527344,37.029998779296875,27725900,False
EEM,2023-10-06,37.279998779296875,37.91999816894531,37.220001220703125,37.83000183105469,37.220001220703125,33737600,False
EEM,2023-10-09,37.31999969482422,37.65999984741211,37.2599983215332,37.650001525878906,37.2599983215332,21799900,False
EEM,2023-10-10,37.900001525878906,38.25,37.869998931884766,38.189998626708984,37.869998931884766,35189100,False
EEM,2023-10-11,38.470001220703125,38.56999969482422,38.27000045776367,38.43000030517578,38.27000045776367,24577700,False
EEM,2023-10-12,38.5099983215332,38.529998779296875,37.900001525878906,38.0,37.900001525878906,36022000,False
EEM,2023-10-13,38.029998779296875,38.15999984741211,37.77000045776367,37.86000061035156,37.77000045776367,26187900,False
EEM,2023-10-16,37.86000061035156,38.22999954223633,37.810001373291016,38.13999938964844,37.810001373291016,21117700,False
EEM,2023-10-17,37.83000183105469,38.22999954223633,37.81999969482422,38.040000915527344,37.81999969482422,24251700,False
EEM,2023-10-18,37.68000030517578,37.72999954223633,37.400001525878906,37.459999084472656,37.400001525878906,29849100,False
EEM,2023-10-19,37.349998474121094,37.54999923706055,37.220001220703125,37.2400016784668,37.220001220703125,28401800,False
EEM,2023-10-20,36.91999816894531,37.04999923706055,36.7599983215332,36.790000915527344,36.7599983215332,39070000,False
EEM,2023-10-23,36.52000045776367,36.90999984741211,36.380001068115234,36.7599983215332,36.380001068115234,34568600,False
EEM,2023-10-24,36.88999938964844,37.29999923706055,36.88999938964844,37.22999954223633,36.88999938964844,33962200,False
EEM,2023-10-25,36.849998474121094,37.0,36.70000076293945,36.7400016784668,36.70000076293945,25267400,False
EEM,2023-10-26,36.470001220703125,36.650001525878906,36.400001525878906,36.560001373291016,36.400001525878906,28415700,False
EEM,2023-10-27,36.88999938964844,36.95000076293945,36.470001220703125,36.529998779296875,36.470001220703125,34216900,False
EEM,2023-10-30,37.099998474121094,37.150001525878906,36.779998779296875,36.90999984741211,36.779998779296875,30506700,False
EEM,2023-10-31,36.61000061035156,36.720001220703125,36.40999984741211,36.70000076293945,36.40999984741211,37734300,False
EEM,2023-11-01,36.689998626708984,37.060001373291016,36.650001525878906,37.040000915527344,36.650001525878906,27879300,False
EEM,2023-11-02,37.59000015258789,37.720001220703125,37.470001220703125,37.689998626708984,37.470001220703125,33661400,False
EEM,2023-11-03,38.189998626708984,38.540000915527344,38.16999816894531,38.459999084472656,38.16999816894531,41736500,False
EEM,2023-11-06,38.959999084472656,38.9900016784668,38.720001220703125,38.77000045776367,38.720001220703125,32347100,False
EEM,2023-11-07,38.529998779296875,38.72999954223633,38.349998474121094,38.70000076293945,38.349998474121094,18218400,False
EEM,2023-11-08,38.470001220703125,38.619998931884766,38.36000061035156,38.439998626708984,38.36000061035156,18963500,False
EEM,2023-11-09,38.41999816894531,38.529998779296875,38.029998779296875,38.08000183105469,38.029998779296875,25631100,False
EEM,2023-11-10,38.08000183105469,38.349998474121094,38.02000045776367,38.349998474121094,38.02000045776367,18540300,False
EEM,2023-11-13,38.220001220703125,38.4900016784668,38.13999938964844,38.34000015258789,38.13999938964844,23437400,False
EEM,2023-11-14,38.91999816894531,39.41999816894531,38.90999984741211,39.36000061035156,38.90999984741211,66042500,False
EEM,2023-11-15,39.689998626708984,39.90999984741211,39.599998474121094,39.689998626708984,39.599998474121094,43281700,False
EEM,2023-11-16,39.2400016784668,39.4900016784668,39.13999938964844,39.310001373291016,39.13999938964844,22868300,False
EEM,2023-11-17,39.31999969482422,39.43000030517578,39.2400016784668,39.36000061035156,39.2400016784668,28460900,False
EEM,2023-11-20,39.540000915527344,39.91999816894531,39.52000045776367,39.849998474121094,39.52000045776367,35801100,False
EEM,2023-11-21,39.75,39.83000183105469,39.52000045776367,39.599998474121094,39.52000045776367,20929700,False
EEM,2023-11-22,39.54999923706055,39.63999938964844,39.380001068115234,39.52000045776367,39.380001068115234,20006500,False
EEM,2023-11-24,39.36000061035156,39.56999969482422,39.33000183105469,39.540000915527344,39.33000183105469,11365000,False
EEM,2023-11-27,39.369998931884766,39.41999816894531,39.27000045776367,39.380001068115234,39.27000045776367,22925200,False
EEM,2023-11-28,39.560001373291016,39.779998779296875,39.4900016784668,39.709999084472656,39.4900016784668,35006700,False
EEM,2023-11-29,39.5099983215332,39.720001220703125,39.439998626708984,39.47999954223633,39.439998626708984,26049200,False
EEM,2023-11-30,39.56999969482422,39.61000061035156,39.290000915527344,39.560001373291016,39.290000915527344,30482700,False
EEM,2023-12-01,39.290000915527344,39.72999954223633,39.209999084472656,39.72999954223633,39.209999084472656,27140200,False
EEM,2023-12-04,39.41999816894531,39.5,39.189998626708984,39.279998779296875,39.189998626708984,28074900,False
EEM,2023-12-05,38.93000030517578,39.09000015258789,38.84000015258789,39.040000915527344,38.84000015258789,25462300,False
EEM,2023-12-06,39.279998779296875,39.29999923706055,38.97999954223633,38.9900016784668,38.97999954223633,23069000,False
EEM,2023-12-07,39.119998931884766,39.20000076293945,39.0,39.18000030517578,39.0,19735000,False
EEM,2023-12-08,38.93000030517578,39.13999938964844,38.849998474121094,39.0099983215332,38.849998474121094,25195400,False
EEM,2023-12-11,39.0099983215332,39.25,38.959999084472656,39.2400016784668,38.959999084472656,20426400,False
EEM,2023-12-12,39.119998931884766,39.27000045776367,38.939998626708984,39.25,38.939998626708984,20278300,False
EEM,2023-12-13,39.02000045776367,39.65999984741211,38.83000183105469,39.63999938964844,38.83000183105469,42607800,False
EEM,2023-12-14,39.900001525878906,40.279998779296875,39.900001525878906,40.220001220703125,39.900001525878906,51998900,False
EEM,2023-12-15,40.18000030517578,40.279998779296875,39.97999954223633,39.97999954223633,39.97999954223633,37110300,False
EEM,2023-12-18,39.95000076293945,39.9900016784668,39.779998779296875,39.959999084472656,39.779998779296875,37419400,False
EEM,2023-12-19,40.130001068115234,40.36000061035156,40.099998474121094,40.29999923706055,40.099998474121094,33688600,False
EEM,2023-12-20,39.290000915527344,39.349998474121094,38.790000915527344,38.84000015258789,38.790000915527344,44766600,False
EEM,2023-12-21,39.380001068115234,39.599998474121094,39.310001373291016,39.56999969482422,39.310001373291016,33402800,False
EEM,2023-12-22,39.2599983215332,39.459999084472656,39.220001220703125,39.380001068115234,39.220001220703125,17082900,False
EEM,2023-12-26,39.70000076293945,39.77000045776367,39.58000183105469,39.689998626708984,39.58000183105469,16173200,False
EEM,2023-12-27,39.88999938964844,39.97999954223633,39.81999969482422,39.91999816894531,39.81999969482422,30120600,False
EEM,2023-12-28,40.279998779296875,40.439998626708984,40.220001220703125,40.22999954223633,40.220001220703125,36660400,False
EEM,2023-12-29,40.20000076293945,40.41999816894531,40.16999816894531,40.209999084472656,40.16999816894531,48758200,False
EEM,2024-01-02,39.83000183105469,39.95000076293945,39.650001525878906,39.7400016784668,39.650001525878906,20839200,False
EEM,2024-01-03,39.33000183105469,39.650001525878906,39.31999969482422,39.52000045776367,39.31999969482422,32220700,False
EEM,2024-01-04,39.38999938964844,39.599998474121094,39.380001068115234,39.38999938964844,39.380001068115234,20922700,False
EEM,2024-01-05,39.45000076293945,39.709999084472656,39.380001068115234,39.439998626708984,39.380001068115234,21875600,False
EEM,2024-01-08,39.16999816894531,39.56999969482422,39.130001068115234,39.54999923706055,39.130001068115234,16208600,False
EEM,2024-01-09,38.97999954223633,39.08000183105469,38.90999984741211,38.9900016784668,38.90999984741211,31344300,False
EEM,2024-01-10,38.939998626708984,38.970001220703125,38.810001373291016,38.900001525878906,38.810001373291016,20149400,False
EEM,2024-01-11,39.11000061035156,39.16999816894531,38.779998779296875,39.060001373291016,38.779998779296875,24682100,False
EEM,2024-01-12,39.34000015258789,39.5,39.16999816894531,39.20000076293945,39.16999816894531,21605800,False
EEM,2024-01-16,38.5099983215332,38.529998779296875,38.189998626708984,38.25,38.189998626708984,44484400,False
EEM,2024-01-17,37.5,37.70000076293945,37.47999954223633,37.68000030517578,37.47999954223633,50591600,False
EEM,2024-01-18,37.970001220703125,38.029998779296875,37.83000183105469,37.9900016784668,37.83000183105469,31884600,False
EEM,2024-01-19,38.08000183105469,38.41999816894531,37.939998626708984,38.38999938964844,37.939998626708984,31372000,False
EEM,2024-01-22,37.95000076293945,38.150001525878906,37.90999984741211,38.04999923706055,37.90999984741211,25753700,False
EEM,2024-01-23,38.209999084472656,38.43000030517578,38.189998626708984,38.380001068115234,38.189998626708984,34710400,False
EEM,2024-01-24,39.06999969482422,39.09000015258789,38.77000045776367,38.810001373291016,38.77000045776367,38215800,False
EEM,2024-01-25,38.970001220703125,39.02000045776367,38.7400016784668,38.86000061035156,38.7400016784668,23157000,False
EEM,2024-01-26,38.81999969482422,39.0,38.790000915527344,38.88999938964844,38.790000915527344,21031500,False
EEM,2024-01-29,39.0,39.0099983215332,38.70000076293945,38.90999984741211,38.70000076293945,24133600,False
EEM,2024-01-30,38.4900016784668,38.61000061035156,38.40999984741211,38.599998474121094,38.40999984741211,22928200,False
EEM,2024-01-31,38.459999084472656,38.72999954223633,38.27000045776367,38.38999938964844,38.27000045776367,37689700,False
EEM,2024-02-01,38.619998931884766,38.779998779296875,38.529998779296875,38.7599983215332,38.529998779296875,22048300,False
EEM,2024-02-02,38.59000015258789,38.689998626708984,38.45000076293945,38.650001525878906,38.45000076293945,29803500,False
EEM,2024-02-05,38.54999923706055,38.79999923706055,38.4900016784668,38.70000076293945,38.4900016784668,26934900,False
EEM,2024-02-06,39.310001373291016,39.599998474121094,39.22999954223633,39.58000183105469,39.22999954223633,41288400,False
EEM,2024-02-07,39.5,39.68000030517578,39.470001220703125,39.630001068115234,39.470001220703125,22270000,False
EEM,2024-02-08,39.459999084472656,39.5,39.29999923706055,39.40999984741211,39.29999923706055,23485800,False
EEM,2024-02-09,39.459999084472656,39.63999938964844,39.25,39.58000183105469,39.25,22416400,False
EEM,2024-02-12,39.63999938964844,40.099998474121094,39.630001068115234,39.88999938964844,39.630001068115234,33026500,False
EEM,2024-02-13,39.380001068115234,39.529998779296875,38.95000076293945,39.13999938964844,38.95000076293945,42252400,False
EEM,2024-02-14,39.61000061035156,39.7400016784668,39.529998779296875,39.70000076293945,39.529998779296875,28923100,False
EEM,2024-02-15,39.72999954223633,39.90999984741211,39.709999084472656,39.88999938964844,39.709999084472656,27273300,False
EEM,2024-02-16,40.04999923706055,40.209999084472656,39.9900016784668,40.08000183105469,39.9900016784668,36729000,False
EEM,2024-02-20,40.2400016784668,40.31999969482422,40.040000915527344,40.13999938964844,40.040000915527344,32493800,False
EEM,2024-02-21,40.220001220703125,40.33000183105469,40.08000183105469,40.209999084472656,40.08000183105469,29069400,False
EEM,2024-02-22,40.56999969482422,40.65999984741211,40.43000030517578,40.619998931884766,40.43000030517578,32548100,False
EEM,2024-02-23,40.59000015258789,40.65999984741211,40.459999084472656,40.599998474121094,40.459999084472656,37973600,False
EEM,2024-02-26,40.380001068115234,40.4900016784668,40.349998474121094,40.41999816894531,40.349998474121094,23804700,False
EEM,2024-02-27,40.529998779296875,40.560001373291016,40.45000076293945,40.5,40.45000076293945,21206300,False
EEM,2024-02-28,40.119998931884766,40.13999938964844,39.900001525878906,39.970001220703125,39.900001525878906,31288900,False
EEM,2024-02-29,40.18000030517578,40.189998626708984,39.93000030517578,39.9900016784668,39.93000030517578,43973800,False
EEM,2024-03-01,40.279998779296875,40.560001373291016,40.20000076293945,40.47999954223633,40.20000076293945,35477300,False
EEM,2024-03-04,40.540000915527344,40.540000915527344,40.34000015258789,40.38999938964844,40.34000015258789,38144500,False
EEM,2024-03-05,40.189998626708984,40.290000915527344,39.959999084472656,40.029998779296875,39.959999084472656,32915100,False
EEM,2024-03-06,40.63999938964844,40.77000045776367,40.54999923706055,40.61000061035156,40.54999923706055,45875000,False
EEM,2024-03-07,40.66999816894531,40.88999938964844,40.59000015258789,40.86000061035156,40.59000015258789,26916100,False
EEM,2024-03-08,40.9900016784668,41.119998931884766,40.77000045776367,40.81999969482422,40.77000045776367,30341400,False
EEM,2024-03-11,40.900001525878906,41.04999923706055,40.869998931884766,40.90999984741211,40.869998931884766,22761600,False
EEM,2024-03-12,41.25,41.380001068115234,41.06999969482422,41.36000061035156,41.06999969482422,37392400,False
EEM,2024-03-13,41.189998626708984,41.310001373291016,41.15999984741211,41.22999954223633,41.15999984741211,25742900,False
EEM,2024-03-14,41.2599983215332,41.310001373291016,40.90999984741211,41.02000045776367,40.90999984741211,31566200,False
EEM,2024-03-15,40.84000015258789,40.91999816894531,40.709999084472656,40.77000045776367,40.709999084472656,32816600,False
EEM,2024-03-18,41.0099983215332,41.04999923706055,40.790000915527344,40.84000015258789,40.790000915527344,23107900,False
EEM,2024-03-19,40.58000183105469,40.720001220703125,40.41999816894531,40.63999938964844,40.41999816894531,23851800,False
EEM,2024-03-20,40.720001220703125,41.119998931884766,40.65999984741211,41.099998474121094,40.65999984741211,32308000,False
EEM,2024-03-21,41.380001068115234,41.38999938964844,41.130001068115234,41.150001525878906,41.130001068115234,27655700,False
EEM,2024-03-22,40.900001525878906,40.959999084472656,40.790000915527344,40.86000061035156,40.790000915527344,30355600,False
EEM,2024-03-25,40.79999923706055,40.95000076293945,40.79999923706055,40.88999938964844,40.79999923706055,12894800,False
EEM,2024-03-26,40.9900016784668,41.0099983215332,40.84000015258789,40.86000061035156,40.84000015258789,15363300,False
EEM,2024-03-27,40.84000015258789,40.93000030517578,40.7400016784668,40.93000030517578,40.7400016784668,21819500,False
EEM,2024-03-28,41.02000045776367,41.20000076293945,41.02000045776367,41.08000183105469,41.02000045776367,28296300,False
EEM,2024-04-01,41.2599983215332,41.459999084472656,41.060001373291016,41.150001525878906,41.060001373291016,20857100,False
EEM,2024-04-02,41.290000915527344,41.43000030517578,41.2400016784668,41.279998779296875,41.2400016784668,22346100,False
EEM,2024-04-03,41.09000015258789,41.40999984741211,41.04999923706055,41.310001373291016,41.04999923706055,33272500,False
EEM,2024-04-04,41.720001220703125,41.790000915527344,41.13999938964844,41.15999984741211,41.13999938964844,33317700,False
EEM,2024-04-05,41.11000061035156,41.34000015258789,41.029998779296875,41.25,41.029998779296875,31564000,False
EEM,2024-04-08,41.470001220703125,41.599998474121094,41.45000076293945,41.52000045776367,41.45000076293945,18452500,False
EEM,2024-04-09,41.790000915527344,41.869998931884766,41.599998474121094,41.79999923706055,41.599998474121094,23963700,False
EEM,2024-04-10,41.290000915527344,41.34000015258789,41.060001373291016,41.22999954223633,41.060001373291016,37281800,False
EEM,2024-04-11,41.529998779296875,41.54999923706055,41.220001220703125,41.47999954223633,41.220001220703125,23648600,False
EEM,2024-04-12,40.88999938964844,40.900001525878906,40.439998626708984,40.529998779296875,40.439998626708984,50234600,False
EEM,2024-04-15,40.77000045776367,40.77000045776367,40.20000076293945,40.27000045776367,40.20000076293945,31290100,False
EEM,2024-04-16,39.72999954223633,39.91999816894531,39.619998931884766,39.7400016784668,39.619998931884766,43707900,False
EEM,2024-04-17,39.95000076293945,39.970001220703125,39.59000015258789,39.709999084472656,39.59000015258789,26019400,False
EEM,2024-04-18,39.900001525878906,40.099998474121094,39.779998779296875,39.869998931884766,39.779998779296875,20581900,False
EEM,2024-04-19,39.709999084472656,39.810001373291016,39.58000183105469,39.709999084472656,39.58000183105469,29537400,False
EEM,2024-04-22,39.790000915527344,40.209999084472656,39.7599983215332,40.13999938964844,39.7599983215332,25738800,False
EEM,2024-04-23,40.18000030517578,40.5099983215332,40.15999984741211,40.470001220703125,40.15999984741211,21907100,False
EEM,2024-04-24,40.720001220703125,40.75,40.47999954223633,40.61000061035156,40.47999954223633,18118100,False
EEM,2024-04-25,40.27000045776367,40.75,40.220001220703125,40.70000076293945,40.220001220703125,21962500,False
EEM,2024-04-26,41.08000183105469,41.18000030517578,41.02000045776367,41.16999816894531,41.02000045776367,24407700,False
EEM,2024-04-29,41.369998931884766,41.58000183105469,41.31999969482422,41.56999969482422,41.31999969482422,31041200,False
EEM,2024-04-30,41.18000030517578,41.31999969482422,40.9900016784668,40.9900016784668,40.9900016784668,32748700,False
EEM,2024-05-01,41.060001373291016,41.47999954223633,40.97999954223633,41.029998779296875,40.97999954223633,34489500,False
EEM,2024-05-02,41.58000183105469,42.189998626708984,41.45000076293945,42.09000015258789,41.45000076293945,48855700,False
EEM,2024-05-03,42.34000015258789,42.4900016784668,42.16999816894531,42.470001220703125,42.16999816894531,31815100,False
EEM,2024-05-06,42.470001220703125,42.540000915527344,42.400001525878906,42.5099983215332,42.400001525878906,19706300,False
EEM,2024-05-07,42.310001373291016,42.380001068115234,42.220001220703125,42.27000045776367,42.220001220703125,21316800,False
EEM,2024-05-08,42.0,42.29999923706055,42.0,42.279998779296875,42.0,18933700,False
EEM,2024-05-09,42.25,42.41999816894531,42.15999984741211,42.40999984741211,42.15999984741211,22204400,False
EEM,2024-05-10,42.689998626708984,42.7400016784668,42.45000076293945,42.5,42.45000076293945,28056400,False
EEM,2024-05-13,42.790000915527344,42.959999084472656,42.77000045776367,42.81999969482422,42.77000045776367,22233800,False
EEM,2024-05-14,42.86000061035156,43.06999969482422,42.84000015258789,43.04999923706055,42.84000015258789,24295800,False
EEM,2024-05-15,43.36000061035156,43.5099983215332,43.150001525878906,43.5099983215332,43.150001525878906,30011900,False
EEM,2024-05-16,43.54999923706055,43.70000076293945,43.45000076293945,43.599998474121094,43.45000076293945,27395100,False
EEM,2024-05-17,43.630001068115234,43.869998931884766,43.54999923706055,43.790000915527344,43.54999923706055,30865100,False
EEM,2024-05-20,43.529998779296875,43.709999084472656,43.5,43.630001068115234,43.5,24234000,False
EEM,2024-05-21,43.36000061035156,43.43000030517578,43.2400016784668,43.36000061035156,43.2400016784668,18470000,False
EEM,2024-05-22,43.400001525878906,43.43000030517578,43.130001068115234,43.220001220703125,43.130001068115234,23030800,False
EEM,2024-05-23,43.439998626708984,43.470001220703125,42.81999969482422,42.900001525878906,42.81999969482422,28607000,False
EEM,2024-05-24,42.970001220703125,43.130001068115234,42.939998626708984,43.02000045776367,42.939998626708984,20986300,False
EEM,2024-05-28,43.15999984741211,43.25,42.880001068115234,42.959999084472656,42.880001068115234,21179400,False
EEM,2024-05-29,42.36000061035156,42.400001525878906,42.2400016784668,42.31999969482422,42.2400016784668,30803500,False
EEM,2024-05-30,42.040000915527344,42.310001373291016,42.02000045776367,42.20000076293945,42.02000045776367,20741500,False
EEM,2024-05-31,41.79999923706055,41.81999969482422,41.459999084472656,41.790000915527344,41.459999084472656,49609100,False
EEM,2024-06-03,42.380001068115234,42.43000030517578,42.04999923706055,42.22999954223633,42.04999923706055,33839300,False
EEM,2024-06-04,41.560001373291016,41.720001220703125,41.40999984741211,41.63999938964844,41.40999984741211,38401100,False
EEM,2024-06-05,42.060001373291016,42.34000015258789,41.97999954223633,42.310001373291016,41.97999954223633,28092300,False
EEM,2024-06-06,42.5099983215332,42.560001373291016,42.369998931884766,42.52000045776367,42.369998931884766,26450400,False
EEM,2024-06-07,42.36000061035156,42.41999816894531,42.0099983215332,42.040000915527344,42.0099983215332,37626400,False
EEM,2024-06-10,42.11000061035156,42.369998931884766,42.0099983215332,42.290000915527344,42.0099983215332,30846300,False
EEM,2024-06-11,41.79999923706055,41.86000061035156,41.61000061035156,41.86000061035156,41.61000061035156,35763000,False
EEM,2024-06-12,42.40999984741211,42.529998779296875,42.20000076293945,42.279998779296875,42.20000076293945,34679600,False
EEM,2024-06-13,42.33000183105469,42.40999984741211,42.029998779296875,42.18000030517578,42.029998779296875,21553600,False
EEM,2024-06-14,42.09000015258789,42.2599983215332,42.02000045776367,42.22999954223633,42.02000045776367,18813600,False
EEM,2024-06-17,42.34000015258789,42.56999969482422,42.22999954223633,42.5,42.22999954223633,21037700,False
EEM,2024-06-18,42.599998474121094,42.970001220703125,42.599998474121094,42.88999938964844,42.599998474121094,35675300,False
EEM,2024-06-20,43.08000183105469,43.08000183105469,42.65999984741211,42.81999969482422,42.65999984741211,43438100,False
EEM,2024-06-21,42.72999954223633,42.81999969482422,42.650001525878906,42.66999816894531,42.650001525878906,20232900,False
EEM,2024-06-24,42.75,42.9900016784668,42.65999984741211,42.66999816894531,42.65999984741211,19840000,False
EEM,2024-06-25,42.599998474121094,42.599998474121094,42.459999084472656,42.56999969482422,42.459999084472656,25337500,False
EEM,2024-06-26,42.459999084472656,42.540000915527344,42.380001068115234,42.47999954223633,42.380001068115234,18961900,False
EEM,2024-06-27,42.70000076293945,42.709999084472656,42.470001220703125,42.5099983215332,42.470001220703125,24041500,False
EEM,2024-06-28,42.779998779296875,42.810001373291016,42.5099983215332,42.59000015258789,42.5099983215332,22614500,False
EEM,2024-07-01,42.86000061035156,42.91999816894531,42.619998931884766,42.689998626708984,42.619998931884766,18805300,False
EEM,2024-07-02,42.540000915527344,42.84000015258789,42.52000045776367,42.81999969482422,42.52000045776367,21593200,False
EEM,2024-07-03,43.099998474121094,43.470001220703125,43.099998474121094,43.45000076293945,43.099998474121094,27233300,False
EEM,2024-07-05,43.619998931884766,43.650001525878906,43.310001373291016,43.630001068115234,43.310001373291016,21337800,False
EEM,2024-07-08,43.7400016784668,43.810001373291016,43.61000061035156,43.63999938964844,43.61000061035156,18685200,False
EEM,2024-07-09,43.72999954223633,43.880001068115234,43.66999816894531,43.81999969482422,43.66999816894531,19364300,False
EEM,2024-07-10,43.97999954223633,44.08000183105469,43.88999938964844,44.06999969482422,43.88999938964844,15332700,False
EEM,2024-07-11,44.540000915527344,44.58000183105469,44.209999084472656,44.33000183105469,44.209999084472656,35650400,False
EEM,2024-07-12,44.470001220703125,44.63999938964844,44.459999084472656,44.5099983215332,44.459999084472656,24799300,False
EEM,2024-07-15,44.27000045776367,44.290000915527344,43.9900016784668,44.040000915527344,43.9900016784668,24174900,False
EEM,2024-07-16,44.060001373291016,44.29999923706055,44.02000045776367,44.290000915527344,44.02000045776367,19234300,False
EEM,2024-07-17,43.75,43.81999969482422,43.540000915527344,43.56999969482422,43.540000915527344,42630900,False
EEM,2024-07-18,43.650001525878906,43.68000030517578,43.09000015258789,43.15999984741211,43.09000015258789,42400100,False
EEM,2024-07-19,43.0099983215332,43.06999969482422,42.7400016784668,42.7400016784668,42.7400016784668,34590700,False
EEM,2024-07-22,43.02000045776367,43.13999938964844,42.90999984741211,43.099998474121094,42.90999984741211,17057500,False
EEM,2024-07-23,42.779998779296875,42.849998474121094,42.65999984741211,42.720001220703125,42.65999984741211,22891900,False
EEM,2024-07-24,42.529998779296875,42.58000183105469,42.09000015258789,42.099998474121094,42.09000015258789,28113700,False
EEM,2024-07-25,41.91999816894531,42.25,41.779998779296875,41.93000030517578,41.779998779296875,27940500,False
EEM,2024-07-26,42.279998779296875,42.459999084472656,42.189998626708984,42.36000061035156,42.189998626708984,21393700,False
EEM,2024-07-29,42.31999969482422,42.33000183105469,42.06999969482422,42.220001220703125,42.06999969482422,14299200,False
EEM,2024-07-30,42.25,42.2599983215332,41.88999938964844,42.029998779296875,41.88999938964844,19193600,False
EEM,2024-07-31,42.95000076293945,43.11000061035156,42.81999969482422,42.95000076293945,42.81999969482422,38600400,False
EEM,2024-08-01,42.790000915527344,42.880001068115234,42.09000015258789,42.20000076293945,42.09000015258789,35497100,False
EEM,2024-08-02,41.529998779296875,41.66999816894531,41.369998931884766,41.599998474121094,41.369998931884766,36857000,False
EEM,2024-08-05,39.40999984741211,40.689998626708984,39.38999938964844,40.41999816894531,39.38999938964844,60439500,False
EEM,2024-08-06,40.279998779296875,40.95000076293945,40.20000076293945,40.650001525878906,40.20000076293945,32540200,False
EEM,2024-08-07,41.560001373291016,41.59000015258789,40.880001068115234,40.900001525878906,40.880001068115234,36654400,False
EEM,2024-08-08,41.45000076293945,41.86000061035156,41.310001373291016,41.83000183105469,41.310001373291016,30021900,False
EEM,2024-08-09,41.93000030517578,42.13999938964844,41.77000045776367,42.060001373291016,41.77000045776367,21142800,False
EEM,2024-08-12,42.15999984741211,42.369998931884766,42.09000015258789,42.20000076293945,42.09000015258789,15042300,False
EEM,2024-08-13,42.310001373291016,42.68000030517578,42.290000915527344,42.66999816894531,42.290000915527344,21073600,False
EEM,2024-08-14,42.61000061035156,42.630001068115234,42.279998779296875,42.439998626708984,42.279998779296875,17537100,False
EEM,2024-08-15,42.650001525878906,43.0,42.56999969482422,42.90999984741211,42.56999969482422,26914000,False
EEM,2024-08-16,43.15999984741211,43.43000030517578,43.13999938964844,43.40999984741211,43.13999938964844,31457900,False
EEM,2024-08-19,43.630001068115234,43.90999984741211,43.56999969482422,43.83000183105469,43.56999969482422,26716600,False
EEM,2024-08-20,43.70000076293945,43.709999084472656,43.380001068115234,43.4900016784668,43.380001068115234,19230800,False
EEM,2024-08-21,43.5099983215332,43.75,43.5,43.65999984741211,43.5,14644400,False
EEM,2024-08-22,43.540000915527344,43.54999923706055,43.060001373291016,43.119998931884766,43.060001373291016,22515000,False
EEM,2024-08-23,43.54999923706055,43.93000030517578,43.439998626708984,43.84000015258789,43.439998626708984,27848700,False
EEM,2024-08-26,43.61000061035156,43.65999984741211,43.40999984741211,43.470001220703125,43.40999984741211,18429300,False
EEM,2024-08-27,43.470001220703125,43.59000015258789,43.349998474121094,43.529998779296875,43.349998474121094,14424700,False
EEM,2024-08-28,43.41999816894531,43.45000076293945,43.099998474121094,43.2599983215332,43.099998474121094,15443000,False
EEM,2024-08-29,43.34000015258789,43.5099983215332,43.2599983215332,43.279998779296875,43.2599983215332,15497600,False
EEM,2024-08-30,43.5,43.52000045776367,43.18000030517578,43.369998931884766,43.18000030517578,29450400,False
EEM,2024-09-03,42.959999084472656,43.0099983215332,42.459999084472656,42.5099983215332,42.459999084472656,35293700,False
EEM,2024-09-04,42.400001525878906,42.75,42.400001525878906,42.5,42.400001525878906,24895900,False
EEM,2024-09-05,42.52000045776367,42.72999954223633,42.43000030517578,42.560001373291016,42.43000030517578,22513900,False
EEM,2024-09-06,42.540000915527344,42.59000015258789,41.75,41.779998779296875,41.75,32436800,False
EEM,2024-09-09,42.029998779296875,42.22999954223633,41.970001220703125,42.130001068115234,41.970001220703125,19917400,False
EEM,2024-09-10,42.04999923706055,42.04999923706055,41.689998626708984,41.970001220703125,41.689998626708984,19700400,False
EEM,2024-09-11,41.900001525878906,42.29999923706055,41.560001373291016,42.279998779296875,41.560001373291016,26253300,False
EEM,2024-09-12,42.369998931884766,42.63999938964844,42.2599983215332,42.630001068115234,42.2599983215332,19993200,False
EEM,2024-09-13,42.77000045776367,42.900001525878906,42.75,42.83000183105469,42.75,16882300,False
EEM,2024-09-16,42.9900016784668,43.0099983215332,42.779998779296875,42.970001220703125,42.779998779296875,14733000,False
EEM,2024-09-17,43.189998626708984,43.220001220703125,42.90999984741211,43.02000045776367,42.90999984741211,20623700,False
EEM,2024-09-18,43.099998474121094,43.439998626708984,42.810001373291016,42.869998931884766,42.810001373291016,26010500,False
EEM,2024-09-19,43.619998931884766,43.880001068115234,43.369998931884766,43.779998779296875,43.369998931884766,41025500,False
EEM,2024-09-20,43.810001373291016,43.849998474121094,43.540000915527344,43.689998626708984,43.540000915527344,33038100,False
EEM,2024-09-23,43.91999816894531,44.16999816894531,43.88999938964844,44.029998779296875,43.88999938964844,24891700,False
EEM,2024-09-24,45.15999984741211,45.63999938964844,44.9900016784668,45.529998779296875,44.9900016784668,64472700,False
EEM,2024-09-25,45.25,45.369998931884766,45.02000045776367,45.04999923706055,45.02000045776367,41967800,False
EEM,2024-09-26,46.720001220703125,46.880001068115234,46.29999923706055,46.70000076293945,46.29999923706055,80876300,False
EEM,2024-09-27,46.66999816894531,46.95000076293945,46.529998779296875,46.61000061035156,46.529998779296875,51540100,False
EEM,2024-09-30,46.349998474121094,46.380001068115234,45.75,45.86000061035156,45.75,61400400,False
EEM,2024-10-01,46.099998474121094,46.209999084472656,45.59000015258789,46.189998626708984,45.59000015258789,38648900,False
EEM,2024-10-02,47.099998474121094,47.150001525878906,46.72999954223633,47.099998474121094,46.72999954223633,55790400,False
EEM,2024-10-03,46.25,46.720001220703125,46.20000076293945,46.540000915527344,46.20000076293945,31198300,False
EEM,2024-10-04,46.880001068115234,46.9900016784668,46.68000030517578,46.970001220703125,46.68000030517578,29476800,False
EEM,2024-10-07,47.29999923706055,47.439998626708984,47.02000045776367,47.36000061035156,47.02000045776367,42198000,False
EEM,2024-10-08,46.13999938964844,46.290000915527344,45.790000915527344,46.189998626708984,45.790000915527344,47817300,False
EEM,2024-10-09,45.58000183105469,46.060001373291016,45.529998779296875,45.939998626708984,45.529998779296875,35395800,False
EEM,2024-10-10,46.02000045776367,46.130001068115234,45.63999938964844,46.029998779296875,45.63999938964844,18052400,False
EEM,2024-10-11,45.75,46.380001068115234,45.70000076293945,46.36000061035156,45.70000076293945,28389200,False
EEM,2024-10-14,46.0099983215332,46.43000030517578,45.88999938964844,46.16999816894531,45.88999938964844,20415200,False
EEM,2024-10-15,45.75,45.779998779296875,45.08000183105469,45.189998626708984,45.08000183105469,31270700,False
EEM,2024-10-16,45.5099983215332,45.70000076293945,45.45000076293945,45.540000915527344,45.45000076293945,25111200,False
EEM,2024-10-17,45.400001525878906,45.560001373291016,45.2400016784668,45.470001220703125,45.2400016784668,36885700,False
EEM,2024-10-18,46.16999816894531,46.18000030517578,45.869998931884766,45.91999816894531,45.869998931884766,30391600,False
EEM,2024-10-21,45.540000915527344,45.709999084472656,45.34000015258789,45.599998474121094,45.34000015258789,19614900,False
EEM,2024-10-22,45.380001068115234,45.599998474121094,45.36000061035156,45.5,45.36000061035156,19243400,False
EEM,2024-10-23,45.34000015258789,45.470001220703125,45.060001373291016,45.22999954223633,45.060001373291016,19822000,False
EEM,2024-10-24,45.18000030517578,45.2400016784668,44.95000076293945,45.15999984741211,44.95000076293945,16257100,False
EEM,2024-10-25,45.310001373291016,45.459999084472656,45.04999923706055,45.119998931884766,45.04999923706055,21428500,False
EEM,2024-10-28,45.220001220703125,45.41999816894531,45.15999984741211,45.31999969482422,45.15999984741211,15169300,False
EEM,2024-10-29,45.29999923706055,45.34000015258789,45.13999938964844,45.18000030517578,45.13999938964844,15439300,False
EEM,2024-10-30,44.720001220703125,44.93000030517578,44.650001525878906,44.7400016784668,44.650001525878906,24149900,False
EEM,2024-10-31,44.599998474121094,44.599998474121094,44.189998626708984,44.45000076293945,44.189998626708984,43988700,False
EEM,2024-11-01,44.779998779296875,44.90999984741211,44.47999954223633,44.4900016784668,44.47999954223633,17525900,False
EEM,2024-11-04,44.939998626708984,45.08000183105469,44.720001220703125,44.7400016784668,44.720001220703125,24674200,False
EEM,2024-11-05,45.22999954223633,45.40999984741211,45.189998626708984,45.349998474121094,45.189998626708984,21398300,False
EEM,2024-11-06,44.529998779296875,44.939998626708984,44.349998474121094,44.790000915527344,44.349998474121094,37143300,False
EEM,2024-11-07,45.54999923706055,45.90999984741211,45.529998779296875,45.779998779296875,45.529998779296875,39247600,False
EEM,2024-11-08,45.0099983215332,45.09000015258789,44.459999084472656,44.650001525878906,44.459999084472656,44833800,False
EEM,2024-11-11,44.47999954223633,44.5,44.16999816894531,44.310001373291016,44.16999816894531,21342300,False
EEM,2024-11-12,43.689998626708984,43.72999954223633,43.33000183105469,43.470001220703125,43.33000183105469,33946300,False
EEM,2024-11-13,43.52000045776367,43.529998779296875,43.119998931884766,43.189998626708984,43.119998931884766,26586800,False
EEM,2024-11-14,43.130001068115234,43.22999954223633,42.939998626708984,42.95000076293945,42.939998626708984,34443200,False
EEM,2024-11-15,43.09000015258789,43.119998931884766,42.849998474121094,42.95000076293945,42.849998474121094,29127800,False
EEM,2024-11-18,43.15999984741211,43.459999084472656,43.15999984741211,43.439998626708984,43.15999984741211,27765000,False
EEM,2024-11-19,43.29999923706055,43.52000045776367,43.27000045776367,43.40999984741211,43.27000045776367,16624500,False
EEM,2024-11-20,43.349998474121094,43.38999938964844,43.130001068115234,43.36000061035156,43.130001068115234,18358000,False
EEM,2024-11-21,43.220001220703125,43.310001373291016,43.06999969482422,43.27000045776367,43.06999969482422,16086900,False
EEM,2024-11-22,43.11000061035156,43.290000915527344,43.099998474121094,43.279998779296875,43.099998474121094,14104100,False
EEM,2024-11-25,43.459999084472656,43.47999954223633,43.189998626708984,43.310001373291016,43.189998626708984,18855100,False
EEM,2024-11-26,43.310001373291016,43.31999969482422,43.08000183105469,43.130001068115234,43.08000183105469,19119700,False
EEM,2024-11-27,43.38999938964844,43.439998626708984,43.029998779296875,43.189998626708984,43.029998779296875,17922000,False
EEM,2024-11-29,42.810001373291016,43.29999923706055,42.79999923706055,43.2599983215332,42.79999923706055,17372200,False
EEM,2024-12-02,43.36000061035156,43.4900016784668,43.209999084472656,43.43000030517578,43.209999084472656,16508700,False
EEM,2024-12-03,43.2599983215332,43.54999923706055,43.099998474121094,43.52000045776367,43.099998474121094,49462500,False
EEM,2024-12-04,43.65999984741211,43.70000076293945,43.4900016784668,43.630001068115234,43.4900016784668,21339100,False
EEM,2024-12-05,43.849998474121094,43.970001220703125,43.83000183105469,43.91999816894531,43.83000183105469,23736100,False
EEM,2024-12-06,44.029998779296875,44.060001373291016,43.790000915527344,43.849998474121094,43.790000915527344,13142400,False
EEM,2024-12-09,44.790000915527344,45.099998474121094,44.72999954223633,44.75,44.72999954223633,34841300,False
EEM,2024-12-10,44.279998779296875,44.31999969482422,44.0,44.029998779296875,44.0,26979800,False
EEM,2024-12-11,44.130001068115234,44.2400016784668,43.9900016784668,44.209999084472656,43.9900016784668,20405600,False
EEM,2024-12-12,44.060001373291016,44.220001220703125,43.93000030517578,43.9900016784668,43.93000030517578,17662900,False
EEM,2024-12-13,44.099998474121094,44.11000061035156,43.880001068115234,44.029998779296875,43.880001068115234,19381200,False
EEM,2024-12-16,43.83000183105469,43.959999084472656,43.779998779296875,43.790000915527344,43.779998779296875,32259800,False
EEM,2024-12-17,42.720001220703125,43.0099983215332,42.689998626708984,42.959999084472656,42.689998626708984,30224000,False
EEM,2024-12-18,42.900001525878906,43.0099983215332,41.880001068115234,41.959999084472656,41.880001068115234,33249500,False
EEM,2024-12-19,42.369998931884766,42.40999984741211,42.099998474121094,42.099998474121094,42.099998474121094,31146900,False
EEM,2024-12-20,41.959999084472656,42.4900016784668,41.93000030517578,42.27000045776367,41.93000030517578,25512200,False
EEM,2024-12-23,42.279998779296875,42.54999923706055,42.209999084472656,42.5099983215332,42.209999084472656,17955400,False
EEM,2024-12-24,42.5099983215332,42.66999816894531,42.459999084472656,42.63999938964844,42.459999084472656,7066800,False
EEM,2024-12-26,42.36000061035156,42.58000183105469,42.34000015258789,42.4900016784668,42.34000015258789,16152200,False
EEM,2024-12-27,42.22999954223633,42.33000183105469,42.11000061035156,42.29999923706055,42.11000061035156,22672400,False
EEM,2024-12-30,42.040000915527344,42.09000015258789,41.84000015258789,41.959999084472656,41.84000015258789,25055000,False
EEM,2024-12-31,41.939998626708984,42.040000915527344,41.790000915527344,41.81999969482422,41.790000915527344,40524000,False
EEM,2025-01-02,41.869998931884766,41.9900016784668,41.68000030517578,41.7599983215332,41.68000030517578,25287200,False
EEM,2025-01-03,42.09000015258789,42.189998626708984,41.959999084472656,42.150001525878906,41.959999084472656,17706000,False
EEM,2025-01-06,42.599998474121094,42.72999954223633,42.279998779296875,42.29999923706055,42.279998779296875,26200900,False
EEM,2025-01-07,42.459999084472656,42.470001220703125,41.959999084472656,42.0,41.959999084472656,30912500,False
EEM,2025-01-08,41.7400016784668,41.849998474121094,41.61000061035156,41.79999923706055,41.61000061035156,20257500,False
EEM,2025-01-10,41.27000045776367,41.27000045776367,41.02000045776367,41.09000015258789,41.02000045776367,42204300,False
EEM,2025-01-13,40.630001068115234,40.83000183105469,40.61000061035156,40.810001373291016,40.61000061035156,28154900,False
EEM,2025-01-14,41.34000015258789,41.38999938964844,41.13999938964844,41.27000045776367,41.13999938964844,23438600,False
EEM,2025-01-15,41.709999084472656,41.83000183105469,41.619998931884766,41.810001373291016,41.619998931884766,22557000,False
EEM,2025-01-16,41.939998626708984,41.95000076293945,41.75,41.7599983215332,41.75,17711400,False
EEM,2025-01-17,41.959999084472656,42.380001068115234,41.900001525878906,42.09000015258789,41.900001525878906,30692300,False
EEM,2025-01-21,42.459999084472656,42.599998474121094,42.290000915527344,42.540000915527344,42.290000915527344,16728200,False
EEM,2025-01-22,42.599998474121094,42.68000030517578,42.45000076293945,42.56999969482422,42.45000076293945,16894600,False
EEM,2025-01-23,42.47999954223633,42.709999084472656,42.400001525878906,42.66999816894531,42.400001525878906,15212800,False
EEM,2025-01-24,42.90999984741211,43.04999923706055,42.75,42.95000076293945,42.75,20962800,False
EEM,2025-01-27,42.20000076293945,42.31999969482422,42.08000183105469,42.16999816894531,42.08000183105469,25964200,False
EEM,2025-01-28,42.2400016784668,42.5,41.9900016784668,42.47999954223633,41.9900016784668,22438200,False
EEM,2025-01-29,42.72999954223633,42.81999969482422,42.439998626708984,42.4900016784668,42.439998626708984,24922400,False
EEM,2025-01-30,42.81999969482422,43.34000015258789,42.79999923706055,43.209999084472656,42.79999923706055,30450300,False
EEM,2025-01-31,43.220001220703125,43.31999969482422,42.650001525878906,42.720001220703125,42.650001525878906,29974700,False
EEM,2025-02-03,42.02000045776367,42.66999816894531,41.970001220703125,42.40999984741211,41.970001220703125,37505700,False
EEM,2025-02-04,42.939998626708984,43.310001373291016,42.880001068115234,43.16999816894531,42.880001068115234,26992900,False
EEM,2025-02-05,43.0099983215332,43.16999816894531,42.95000076293945,43.060001373291016,42.95000076293945,21829200,False
EEM,2025-02-06,43.20000076293945,43.2599983215332,43.11000061035156,43.2400016784668,43.11000061035156,19365700,False
EEM,2025-02-07,43.619998931884766,43.720001220703125,43.15999984741211,43.20000076293945,43.15999984741211,32804300,False
EEM,2025-02-10,43.619998931884766,43.720001220703125,43.5099983215332,43.720001220703125,43.5099983215332,19596700,False
EEM,2025-02-11,43.41999816894531,43.650001525878906,43.349998474121094,43.54999923706055,43.349998474121094,19596800,False
EEM,2025-02-12,43.4900016784668,43.95000076293945,43.380001068115234,43.790000915527344,43.380001068115234,19986000,False
EEM,2025-02-13,43.4900016784668,44.06999969482422,43.47999954223633,44.06999969482422,43.47999954223633,22841000,False
EEM,2025-02-14,44.36000061035156,44.40999984741211,44.189998626708984,44.40999984741211,44.189998626708984,24329400,False
EEM,2025-02-18,44.7599983215332,44.790000915527344,44.59000015258789,44.689998626708984,44.59000015258789,23037100,False
EEM,2025-02-19,44.650001525878906,44.689998626708984,44.52000045776367,44.619998931884766,44.52000045776367,20275200,False
EEM,2025-02-20,44.95000076293945,45.22999954223633,44.79999923706055,45.029998779296875,44.79999923706055,29210500,False
EEM,2025-02-21,45.2599983215332,45.41999816894531,44.7400016784668,44.900001525878906,44.7400016784668,33974700,False
EEM,2025-02-24,44.650001525878906,44.65999984741211,44.189998626708984,44.209999084472656,44.189998626708984,38307000,False
EEM,2025-02-25,44.349998474121094,44.369998931884766,44.060001373291016,44.2400016784668,44.060001373291016,19955500,False
EEM,2025-02-26,44.75,44.9900016784668,44.56999969482422,44.68000030517578,44.56999969482422,25171000,False
EEM,2025-02-27,44.29999923706055,44.400001525878906,43.779998779296875,43.810001373291016,43.779998779296875,30518900,False
EEM,2025-02-28,43.04999923706055,43.2599983215332,42.86000061035156,43.209999084472656,42.86000061035156,52402300,False
EEM,2025-03-03,43.459999084472656,43.599998474121094,42.68000030517578,42.83000183105469,42.68000030517578,45587700,False
EEM,2025-03-04,42.97999954223633,43.560001373291016,42.709999084472656,43.189998626708984,42.709999084472656,30082400,False
EEM,2025-03-05,43.959999084472656,44.54999923706055,43.83000183105469,44.47999954223633,43.83000183105469,47763400,False
EEM,2025-03-06,44.45000076293945,44.63999938964844,44.15999984741211,44.20000076293945,44.15999984741211,33544500,False
EEM,2025-03-07,44.34000015258789,44.540000915527344,44.0099983215332,44.41999816894531,44.0099983215332,23474500,False
EEM,2025-03-10,43.75,43.880001068115234,43.09000015258789,43.36000061035156,43.09000015258789,29502500,False
EEM,2025-03-11,43.72999954223633,43.95000076293945,43.41999816894531,43.720001220703125,43.41999816894531,21184100,False
EEM,2025-03-12,43.90999984741211,44.02000045776367,43.630001068115234,43.959999084472656,43.630001068115234,17731600,False
EEM,2025-03-13,43.52000045776367,43.90999984741211,43.4900016784668,43.779998779296875,43.4900016784668,17870100,False
EEM,2025-03-14,44.310001373291016,44.59000015258789,44.2599983215332,44.58000183105469,44.2599983215332,21858400,False
EEM,2025-03-17,44.7400016784668,45.400001525878906,44.7400016784668,45.34000015258789,44.7400016784668,37712400,False
EEM,2025-03-18,45.25,45.279998779296875,44.939998626708984,45.11000061035156,44.939998626708984,19974200,False
EEM,2025-03-19,45.290000915527344,45.380001068115234,45.0,45.220001220703125,45.0,31657500,False
EEM,2025-03-20,44.599998474121094,44.869998931884766,44.540000915527344,44.79999923706055,44.540000915527344,25180900,False
EEM,2025-03-21,44.439998626708984,44.650001525878906,44.400001525878906,44.58000183105469,44.400001525878906,19403800,False
EEM,2025-03-24,44.75,44.900001525878906,44.65999984741211,44.779998779296875,44.65999984741211,20479000,False
EEM,2025-03-25,44.7400016784668,44.86000061035156,44.61000061035156,44.650001525878906,44.61000061035156,29535900,False
EEM,2025-03-26,44.619998931884766,44.68000030517578,44.31999969482422,44.380001068115234,44.31999969482422,22002200,False
EEM,2025-03-27,44.41999816894531,44.7599983215332,44.41999816894531,44.599998474121094,44.41999816894531,15749100,False
EEM,2025-03-28,44.16999816894531,44.220001220703125,43.70000076293945,43.77000045776367,43.70000076293945,27866500,False
EEM,2025-03-31,43.310001373291016,43.7400016784668,43.15999984741211,43.70000076293945,43.15999984741211,25638300,False
EEM,2025-04-01,43.650001525878906,43.959999084472656,43.5099983215332,43.84000015258789,43.5099983215332,21530300,False
EEM,2025-04-02,43.720001220703125,44.040000915527344,43.709999084472656,43.900001525878906,43.709999084472656,18068100,False
EEM,2025-04-03,42.97999954223633,43.290000915527344,42.959999084472656,42.970001220703125,42.959999084472656,26997500,False
EEM,2025-04-04,41.349998474121094,41.47999954223633,40.13999938964844,40.58000183105469,40.13999938964844,75853000,True
EEM,2025-04-07,38.84000015258789,40.540000915527344,38.56999969482422,39.06999969482422,38.56999969482422,87724900,False
EEM,2025-04-08,40.220001220703125,40.25,38.189998626708984,38.52000045776367,38.189998626708984,57879100,False
EEM,2025-04-09,38.7400016784668,41.33000183105469,38.459999084472656,41.189998626708984,40.21923828125,71100600,True
EEM,2025-04-10,40.83000183105469,40.88999938964844,39.83000183105469,40.47999954223633,39.83000183105469,44475900,False
EEM,2025-04-11,41.119998931884766,41.810001373291016,40.970001220703125,41.75,40.970001220703125,43956500,False
EEM,2025-04-14,42.029998779296875,42.380001068115234,41.86000061035156,42.130001068115234,41.86000061035156,22549600,False
EEM,2025-04-15,42.20000076293945,42.349998474121094,42.08000183105469,42.09000015258789,42.08000183105469,18077500,False
EEM,2025-04-16,41.790000915527344,42.029998779296875,41.43000030517578,41.599998474121094,41.43000030517578,19984700,False
EEM,2025-04-17,42.060001373291016,42.22999954223633,41.880001068115234,41.91999816894531,41.880001068115234,23264400,False
EEM,2025-04-21,42.16999816894531,42.220001220703125,41.61000061035156,41.90999984741211,41.61000061035156,16440700,False
EEM,2025-04-22,42.380001068115234,42.83000183105469,42.34000015258789,42.540000915527344,42.34000015258789,25716100,False
EEM,2025-04-23,43.290000915527344,43.52000045776367,42.97999954223633,43.029998779296875,42.97999954223633,24787400,False
EEM,2025-04-24,43.150001525878906,43.58000183105469,43.099998474121094,43.529998779296875,43.099998474121094,28843500,False
EEM,2025-04-25,43.220001220703125,43.45000076293945,43.13999938964844,43.45000076293945,43.13999938964844,18363700,False
EEM,2025-04-28,43.5099983215332,43.59000015258789,43.31999969482422,43.529998779296875,43.31999969482422,11002200,False
EEM,2025-04-29,43.59000015258789,43.7599983215332,43.560001373291016,43.650001525878906,43.560001373291016,12809100,False
EEM,2025-04-30,43.59000015258789,43.83000183105469,43.40999984741211,43.7599983215332,43.40999984741211,20928800,False
EEM,2025-05-01,43.93000030517578,43.959999084472656,43.709999084472656,43.75,43.709999084472656,14740500,False
EEM,2025-05-02,45.150001525878906,45.16999816894531,44.84000015258789,45.0,44.84000015258789,33945900,False
EEM,2025-05-05,45.459999084472656,45.529998779296875,45.34000015258789,45.34000015258789,45.34000015258789,22661100,False
EEM,2025-05-06,45.0,45.34000015258789,44.97999954223633,45.15999984741211,44.97999954223633,17418700,False
EEM,2025-05-07,44.81999969482422,44.83000183105469,44.52000045776367,44.63999938964844,44.52000045776367,23390500,False
EEM,2025-05-08,44.790000915527344,44.869998931884766,44.560001373291016,44.61000061035156,44.560001373291016,17573700,False
EEM,2025-05-09,45.099998474121094,45.15999984741211,44.83000183105469,44.90999984741211,44.83000183105469,16091100,False
EEM,2025-05-12,46.02000045776367,46.02000045776367,45.709999084472656,45.880001068115234,45.709999084472656,26843500,False
EEM,2025-05-13,45.56999969482422,46.130001068115234,45.540000915527344,45.959999084472656,45.540000915527344,23970300,False
EEM,2025-05-14,46.40999984741211,46.459999084472656,46.25,46.310001373291016,46.25,22561700,False
EEM,2025-05-15,46.22999954223633,46.290000915527344,46.040000915527344,46.290000915527344,46.040000915527344,21682500,False
EEM,2025-05-16,46.209999084472656,46.29999923706055,46.060001373291016,46.2599983215332,46.060001373291016,23296900,False
EEM,2025-05-19,45.939998626708984,46.369998931884766,45.939998626708984,46.36000061035156,45.939998626708984,16823000,False
EEM,2025-05-20,46.16999816894531,46.31999969482422,46.130001068115234,46.310001373291016,46.130001068115234,20233700,False
EEM,2025-05-21,46.4900016784668,46.599998474121094,46.119998931884766,46.189998626708984,46.119998931884766,25570400,False
EEM,2025-05-22,45.970001220703125,46.150001525878906,45.900001525878906,46.040000915527344,45.900001525878906,16773000,False
EEM,2025-05-23,45.90999984741211,46.310001373291016,45.869998931884766,46.22999954223633,45.869998931884766,22018900,False
EEM,2025-05-27,46.06999969482422,46.18000030517578,45.970001220703125,46.119998931884766,45.970001220703125,26278900,False
EEM,2025-05-28,46.0,46.02000045776367,45.869998931884766,45.90999984741211,45.869998931884766,26970500,False
EEM,2025-05-29,46.31999969482422,46.34000015258789,45.93000030517578,46.08000183105469,45.93000030517578,24291700,False
EEM,2025-05-30,45.65999984741211,45.65999984741211,45.22999954223633,45.52000045776367,45.22999954223633,42291600,False
EEM,2025-06-02,45.689998626708984,45.869998931884766,45.52000045776367,45.849998474121094,45.52000045776367,20576500,False
EEM,2025-06-03,45.84000015258789,46.0099983215332,45.7400016784668,45.959999084472656,45.7400016784668,20943400,False
EEM,2025-06-04,46.400001525878906,46.59000015258789,46.349998474121094,46.529998779296875,46.349998474121094,26497800,False
EEM,2025-06-05,46.93000030517578,46.97999954223633,46.650001525878906,46.77000045776367,46.650001525878906,26292800,False
EEM,2025-06-06,46.810001373291016,46.95000076293945,46.720001220703125,46.91999816894531,46.720001220703125,16629900,False
EEM,2025-06-09,47.16999816894531,47.38999938964844,47.11000061035156,47.31999969482422,47.11000061035156,22715200,False
EEM,2025-06-10,47.54999923706055,47.630001068115234,47.34000015258789,47.59000015258789,47.34000015258789,26583600,False
EEM,2025-06-11,47.84000015258789,47.970001220703125,47.72999954223633,47.790000915527344,47.72999954223633,28230800,False
EEM,2025-06-12,47.72999954223633,47.900001525878906,47.689998626708984,47.869998931884766,47.689998626708984,19734400,False
EEM,2025-06-13,47.0,47.29999923706055,46.97999954223633,47.11000061035156,46.97999954223633,35198100,False
EEM,2025-06-16,47.18000030517578,47.5,47.18000030517578,47.22999954223633,47.18000030517578,26995900,False
EEM,2025-06-17,46.90999984741211,47.0099983215332,46.540000915527344,46.61000061035156,46.540000915527344,35176900,False
EEM,2025-06-18,46.619998931884766,46.790000915527344,46.47999954223633,46.599998474121094,46.47999954223633,26286900,False
EEM,2025-06-20,46.779998779296875,46.779998779296875,46.290000915527344,46.33000183105469,46.290000915527344,32783300,False
EEM,2025-06-23,46.25,46.720001220703125,46.150001525878906,46.709999084472656,46.150001525878906,22233200,False
EEM,2025-06-24,47.439998626708984,47.939998626708984,47.40999984741211,47.91999816894531,47.40999984741211,36113900,False
EEM,2025-06-25,47.900001525878906,47.9900016784668,47.81999969482422,47.959999084472656,47.81999969482422,23739200,False
EEM,2025-06-26,48.18000030517578,48.36000061035156,48.04999923706055,48.279998779296875,48.04999923706055,21962200,False
EEM,2025-06-27,48.040000915527344,48.25,47.959999084472656,48.09000015258789,47.959999084472656,37593400,False
EEM,2025-06-30,48.0,48.27000045776367,47.900001525878906,48.2400016784668,47.900001525878906,32966300,False
EEM,2025-07-01,48.349998474121094,48.41999816894531,48.189998626708984,48.33000183105469,48.189998626708984,25393000,False
EEM,2025-07-02,48.16999816894531,48.540000915527344,48.130001068115234,48.540000915527344,48.130001068115234,23950600,False
EEM,2025-07-03,48.58000183105469,48.79999923706055,48.58000183105469,48.7599983215332,48.58000183105469,20080100,False
EEM,2025-07-07,48.279998779296875,48.38999938964844,47.959999084472656,48.06999969482422,47.959999084472656,24462300,False
EEM,2025-07-08,48.369998931884766,48.41999816894531,48.2400016784668,48.369998931884766,48.2400016784668,16316900,False
EEM,2025-07-09,48.380001068115234,48.380001068115234,48.150001525878906,48.290000915527344,48.150001525878906,14846200,False
EEM,2025-07-10,48.380001068115234,48.43000030517578,48.20000076293945,48.41999816894531,48.20000076293945,21892100,False
EEM,2025-07-11,48.34000015258789,48.38999938964844,48.220001220703125,48.2599983215332,48.220001220703125,27338400,False
EEM,2025-07-14,48.27000045776367,48.369998931884766,48.20000076293945,48.33000183105469,48.20000076293945,16882100,False
EEM,2025-07-15,48.84000015258789,48.880001068115234,48.61000061035156,48.68000030517578,48.61000061035156,24890500,False
EEM,2025-07-16,48.65999984741211,48.91999816894531,48.47999954223633,48.90999984741211,48.47999954223633,32620000,False
EEM,2025-07-17,48.849998474121094,49.220001220703125,48.79999923706055,49.189998626708984,48.79999923706055,22323900,False
EEM,2025-07-18,49.33000183105469,49.41999816894531,49.04999923706055,49.08000183105469,49.04999923706055,23408000,False
EEM,2025-07-21,49.33000183105469,49.599998474121094,49.25,49.400001525878906,49.25,16861700,False
EEM,2025-07-22,49.2599983215332,49.439998626708984,49.04999923706055,49.43000030517578,49.04999923706055,22316500,False
EEM,2025-07-23,49.7400016784668,49.959999084472656,49.689998626708984,49.93000030517578,49.689998626708984,23744600,False
EEM,2025-07-24,49.779998779296875,49.849998474121094,49.630001068115234,49.65999984741211,49.630001068115234,18948000,False
EEM,2025-07-25,49.380001068115234,49.540000915527344,49.310001373291016,49.5099983215332,49.310001373291016,15605000,False
EEM,2025-07-28,49.290000915527344,49.34000015258789,49.09000015258789,49.18000030517578,49.09000015258789,27703400,False
EEM,2025-07-29,49.290000915527344,49.349998474121094,49.130001068115234,49.20000076293945,49.130001068115234,24742400,False
EEM,2025-07-30,49.040000915527344,49.130001068115234,48.7400016784668,48.84000015258789,48.7400016784668,37855400,False
EEM,2025-07-31,48.72999954223633,48.810001373291016,48.47999954223633,48.560001373291016,48.47999954223633,30587100,False
EEM,2025-08-01,48.380001068115234,48.380001068115234,47.97999954223633,48.20000076293945,47.97999954223633,27234300,False
EEM,2025-08-04,48.7400016784668,48.790000915527344,48.560001373291016,48.70000076293945,48.560001373291016,32920400,False
EEM,2025-08-05,48.959999084472656,49.02000045776367,48.72999954223633,48.84000015258789,48.72999954223633,18709100,False
EEM,2025-08-06,48.900001525878906,49.099998474121094,48.79999923706055,49.06999969482422,48.79999923706055,17094000,False
EEM,2025-08-07,49.599998474121094,49.68000030517578,49.349998474121094,49.47999954223633,49.349998474121094,23378900,False
EEM,2025-08-08,49.33000183105469,49.459999084472656,49.290000915527344,49.439998626708984,49.290000915527344,16926700,False
EEM,2025-08-11,49.400001525878906,49.459999084472656,49.22999954223633,49.29999923706055,49.22999954223633,15176100,False
EEM,2025-08-12,49.5099983215332,49.93000030517578,49.470001220703125,49.900001525878906,49.470001220703125,22908400,False
EEM,2025-08-13,50.45000076293945,50.59000015258789,50.40999984741211,50.5,50.40999984741211,28585500,False
EEM,2025-08-14,49.869998931884766,50.0099983215332,49.7400016784668,49.880001068115234,49.7400016784668,28016600,False
EEM,2025-08-15,50.029998779296875,50.08000183105469,49.880001068115234,49.939998626708984,49.880001068115234,24042600,False
EEM,2025-08-18,50.15999984741211,50.2400016784668,50.099998474121094,50.22999954223633,50.099998474121094,19212500,False
EEM,2025-08-19,50.099998474121094,50.099998474121094,49.7599983215332,49.81999969482422,49.7599983215332,17226800,False
EEM,2025-08-20,49.72999954223633,49.79999923706055,49.45000076293945,49.75,49.45000076293945,20299200,False
EEM,2025-08-21,49.58000183105469,49.7400016784668,49.540000915527344,49.63999938964844,49.540000915527344,14428500,False
EEM,2025-08-22,49.93000030517578,50.630001068115234,49.88999938964844,50.630001068115234,49.91567611694336,31264200,False
EEM,2025-08-25,50.540000915527344,50.66999816894531,50.33000183105469,50.34000015258789,50.33000183105469,23701400,False
EEM,2025-08-26,50.290000915527344,50.36000061035156,50.15999984741211,50.209999084472656,50.15999984741211,25684000,False
EEM,2025-08-27,49.630001068115234,49.93000030517578,49.59000015258789,49.90999984741211,49.59000015258789,31452900,False
EEM,2025-08-28,49.86000061035156,50.119998931884766,49.84000015258789,50.099998474121094,49.84000015258789,21353800,False
EEM,2025-08-29,49.810001373291016,49.900001525878906,49.650001525878906,49.86000061035156,49.650001525878906,24867400,False
EEM,2025-09-02,49.40999984741211,49.83000183105469,49.349998474121094,49.81999969482422,49.349998474121094,24343900,False
EEM,2025-09-03,49.970001220703125,50.06999969482422,49.880001068115234,50.0099983215332,49.880001068115234,29035600,False
EEM,2025-09-04,49.689998626708984,49.849998474121094,49.529998779296875,49.849998474121094,49.529998779296875,14791900,False
EEM,2025-09-05,50.529998779296875,50.619998931884766,50.18000030517578,50.45000076293945,50.18000030517578,24805800,False
EEM,2025-09-08,50.709999084472656,50.91999816894531,50.630001068115234,50.90999984741211,50.630001068115234,23345100,False
EEM,2025-09-09,51.11000061035156,51.290000915527344,51.099998474121094,51.189998626708984,51.099998474121094,23818600,False
EEM,2025-09-10,51.599998474121094,51.75,51.5,51.540000915527344,51.5,27152000,False
EEM,2025-09-11,51.88999938964844,52.31999969482422,51.869998931884766,52.290000915527344,51.869998931884766,38948300,False
EEM,2025-09-12,52.33000183105469,52.349998474121094,52.189998626708984,52.2599983215332,52.189998626708984,17773100,False
EEM,2025-09-15,52.58000183105469,52.66999816894531,52.4900016784668,52.63999938964844,52.4900016784668,22076400,False
EEM,2025-09-16,52.880001068115234,53.06999969482422,52.77000045776367,53.029998779296875,52.77000045776367,28614400,False
EEM,2025-09-17,53.25,53.66999816894531,52.9900016784668,53.2599983215332,52.9900016784668,53353400,False
EEM,2025-09-18,52.90999984741211,53.15999984741211,52.790000915527344,53.130001068115234,52.790000915527344,30544400,False
EEM,2025-09-19,53.06999969482422,53.119998931884766,52.90999984741211,53.0099983215332,52.90999984741211,37385100,False
EEM,2025-09-22,53.04999923706055,53.279998779296875,52.97999954223633,53.27000045776367,52.97999954223633,18357700,False
EEM,2025-09-23,53.31999969482422,53.529998779296875,53.25,53.29999923706055,53.25,21298600,False
EEM,2025-09-24,53.2599983215332,53.349998474121094,53.04999923706055,53.119998931884766,53.04999923706055,24947100,False
EEM,2025-09-25,52.779998779296875,52.97999954223633,52.63999938964844,52.810001373291016,52.63999938964844,27611900,False
EEM,2025-09-26,52.439998626708984,52.709999084472656,52.349998474121094,52.709999084472656,52.349998474121094,22608400,False
EEM,2025-09-29,53.2400016784668,53.38999938964844,53.119998931884766,53.189998626708984,53.119998931884766,26754400,False
EEM,2025-09-30,53.34000015258789,53.439998626708984,53.20000076293945,53.400001525878906,53.20000076293945,25165300,False
EEM,2025-10-01,53.59000015258789,53.849998474121094,53.59000015258789,53.81999969482422,53.59000015258789,29971300,False
EEM,2025-10-02,54.349998474121094,54.349998474121094,53.900001525878906,54.06999969482422,53.900001525878906,27872000,False
EEM,2025-10-03,54.33000183105469,54.38999938964844,54.060001373291016,54.22999954223633,54.060001373291016,21836000,False
EEM,2025-10-06,54.349998474121094,54.54999923706055,54.29999923706055,54.47999954223633,54.29999923706055,17890500,False
EEM,2025-10-07,54.68000030517578,54.689998626708984,54.02000045776367,54.060001373291016,54.02000045776367,18605600,False
EEM,2025-10-08,54.130001068115234,54.4900016784668,54.119998931884766,54.4900016784668,54.119998931884766,15391200,False
EEM,2025-10-09,54.52000045776367,54.529998779296875,53.79999923706055,53.93000030517578,53.79999923706055,24685200,False
EEM,2025-10-10,53.959999084472656,54.040000915527344,51.81999969482422,51.939998626708984,51.81999969482422,67908200,False
EEM,2025-10-13,53.439998626708984,53.650001525878906,53.20000076293945,53.45000076293945,53.20000076293945,34717200,False
EEM,2025-10-14,52.61000061035156,53.369998931884766,52.529998779296875,52.970001220703125,52.529998779296875,36062800,False
EEM,2025-10-15,53.849998474121094,54.040000915527344,53.5099983215332,53.84000015258789,53.5099983215332,31145700,False
EEM,2025-10-16,54.34000015258789,54.58000183105469,54.04999923706055,54.189998626708984,54.04999923706055,29782000,False
EEM,2025-10-17,53.83000183105469,54.279998779296875,53.79999923706055,54.18000030517578,53.79999923706055,24373600,False
EEM,2025-10-20,54.560001373291016,55.029998779296875,54.560001373291016,54.91999816894531,54.560001373291016,29450600,False
EEM,2025-10-21,54.59000015258789,54.59000015258789,54.310001373291016,54.310001373291016,54.310001373291016,27091800,False
EEM,2025-10-22,54.43000030517578,54.689998626708984,54.0099983215332,54.2599983215332,54.0099983215332,23595100,False
EEM,2025-10-23,54.47999954223633,54.86000061035156,54.459999084472656,54.7400016784668,54.459999084472656,19655800,False
EEM,2025-10-24,55.18000030517578,55.209999084472656,55.0099983215332,55.099998474121094,55.0099983215332,19506300,False
EEM,2025-10-27,55.720001220703125,55.7400016784668,55.5,55.709999084472656,55.5,24016300,False
EEM,2025-10-28,55.380001068115234,55.77000045776367,55.33000183105469,55.689998626708984,55.33000183105469,25911500,False
EEM,2025-10-29,56.220001220703125,56.310001373291016,55.75,56.0099983215332,55.75,32924600,False
EEM,2025-10-30,55.45000076293945,55.65999984741211,55.31999969482422,55.43000030517578,55.31999969482422,22532800,False
EEM,2025-10-31,55.34000015258789,55.38999938964844,55.029998779296875,55.29999923706055,55.029998779296875,29316400,False
EEM,2025-11-03,55.689998626708984,55.72999954223633,55.369998931884766,55.650001525878906,55.369998931884766,18735900,False
EEM,2025-11-04,54.72999954223633,55.06999969482422,54.61000061035156,54.630001068115234,54.61000061035156,25655800,False
EEM,2025-11-05,54.63999938964844,55.25,54.61000061035156,55.119998931884766,54.61000061035156,22362000,False
EEM,2025-11-06,55.06999969482422,55.220001220703125,54.52000045776367,54.709999084472656,54.52000045776367,24880700,False
EEM,2025-11-07,54.209999084472656,54.54999923706055,53.79999923706055,54.54999923706055,53.79999923706055,32432300,False
EEM,2025-11-10,55.279998779296875,55.54999923706055,55.099998474121094,55.5099983215332,55.099998474121094,27712200,False
EEM,2025-11-11,55.5099983215332,55.70000076293945,55.369998931884766,55.56999969482422,55.369998931884766,22791800,False
EEM,2025-11-12,55.65999984741211,55.65999984741211,55.41999816894531,55.58000183105469,55.41999816894531,24137600,False
EEM,2025-11-13,55.70000076293945,55.72999954223633,54.81999969482422,54.93000030517578,54.81999969482422,29877500,False
EEM,2025-11-14,54.529998779296875,55.29999923706055,54.40999984741211,54.959999084472656,54.40999984741211,27660000,False
EEM,2025-11-17,54.52000045776367,54.88999938964844,54.13999938964844,54.310001373291016,54.13999938964844,24765100,False
EEM,2025-11-18,53.880001068115234,54.25,53.68000030517578,54.040000915527344,53.68000030517578,29360300,False
EEM,2025-11-19,53.84000015258789,54.16999816894531,53.61000061035156,53.849998474121094,53.61000061035156,20897700,False
EEM,2025-11-20,54.43000030517578,54.4900016784668,53.08000183105469,53.11000061035156,53.08000183105469,32026400,False
EEM,2025-11-21,52.709999084472656,53.33000183105469,52.380001068115234,53.099998474121094,52.380001068115234,40328800,False
EEM,2025-11-24,53.119998931884766,53.70000076293945,53.119998931884766,53.65999984741211,53.119998931884766,33650600,False
EEM,2025-11-25,53.630001068115234,53.869998931884766,53.209999084472656,53.849998474121094,53.209999084472656,25248200,False
EEM,2025-11-26,54.099998474121094,54.33000183105469,53.959999084472656,54.2400016784668,53.959999084472656,22161600,False
EEM,2025-11-28,54.15999984741211,54.369998931884766,54.119998931884766,54.31999969482422,54.119998931884766,15057500,False
EEM,2025-12-01,54.150001525878906,54.45000076293945,54.150001525878906,54.279998779296875,54.150001525878906,17854000,False
EEM,2025-12-02,54.36000061035156,54.380001068115234,54.06999969482422,54.29999923706055,54.06999969482422,22523100,False
EEM,2025-12-03,54.13999938964844,54.349998474121094,54.04999923706055,54.34000015258789,54.04999923706055,16750200,False
EEM,2025-12-04,54.40999984741211,54.40999984741211,54.18000030517578,54.33000183105469,54.18000030517578,14443500,False
EEM,2025-12-05,54.93000030517578,55.119998931884766,54.66999816894531,54.7400016784668,54.66999816894531,20114400,False
EEM,2025-12-08,54.869998931884766,54.869998931884766,54.47999954223633,54.619998931884766,54.47999954223633,29055600,False
EEM,2025-12-09,54.29999923706055,54.58000183105469,54.25,54.529998779296875,54.25,17789200,False
EEM,2025-12-10,54.650001525878906,55.2400016784668,54.58000183105469,55.13999938964844,54.58000183105469,35022900,False
EEM,2025-12-11,54.70000076293945,54.95000076293945,54.47999954223633,54.880001068115234,54.47999954223633,22013500,False
EEM,2025-12-12,54.90999984741211,54.95000076293945,54.099998474121094,54.2400016784668,54.099998474121094,30590000,False
EEM,2025-12-15,54.54999923706055,54.58000183105469,54.06999969482422,54.08000183105469,54.06999969482422,29137000,False
EEM,2025-12-16,52.959999084472656,53.130001068115234,52.77000045776367,52.97999954223633,52.97999954223633,38180700,False
EEM,2025-12-17,53.2599983215332,53.310001373291016,52.58000183105469,52.599998474121094,52.599998474121094,35740800,False
EEM,2025-12-18,53.27000045776367,53.5,53.13999938964844,53.20000076293945,53.20000076293945,29985700,False
EEM,2025-12-19,53.540000915527344,53.88999938964844,53.5,53.720001220703125,53.720001220703125,28831700,False
EEM,2025-12-22,53.970001220703125,54.04999923706055,53.88999938964844,54.0099983215332,54.0099983215332,21645200,False
EEM,2025-12-23,53.9900016784668,54.33000183105469,53.900001525878906,54.310001373291016,54.310001373291016,25319700,False
EEM,2025-12-24,54.40999984741211,54.459999084472656,54.34000015258789,54.41999816894531,54.41999816894531,9565300,False
EEM,2025-12-26,54.56999969482422,54.81999969482422,54.529998779296875,54.79999923706055,54.79999923706055,11352000,False
EEM,2025-12-29,54.52000045776367,54.68000030517578,54.43000030517578,54.65999984741211,54.65999984741211,18816700,False
EEM,2025-12-30,54.869998931884766,54.9900016784668,54.810001373291016,54.880001068115234,54.880001068115234,24643000,False
EEM,2025-12-31,54.900001525878906,54.91999816894531,54.68000030517578,54.709999084472656,54.709999084472656,20000900,False
EEM,2026-01-02,55.88999938964844,56.25,55.810001373291016,56.2400016784668,56.2400016784668,38255900,False
EEM,2026-01-05,56.59000015258789,56.86000061035156,56.36000061035156,56.86000061035156,56.86000061035156,37082500,False
EEM,2026-01-06,57.16999816894531,57.43000030517578,57.15999984741211,57.279998779296875,57.279998779296875,29801700,False
EEM,2026-01-07,57.029998779296875,57.04999923706055,56.79999923706055,56.849998474121094,56.849998474121094,26931300,False
EEM,2026-01-08,56.75,56.88999938964844,56.619998931884766,56.869998931884766,56.869998931884766,27719800,False
EEM,2026-01-09,56.880001068115234,57.15999984741211,56.709999084472656,57.13999938964844,57.13999938964844,31540700,False
EEM,2026-01-12,57.2400016784668,57.970001220703125,57.209999084472656,57.939998626708984,57.939998626708984,47304300,False
EEM,2026-01-13,57.77000045776367,57.810001373291016,57.380001068115234,57.5099983215332,57.5099983215332,34414900,False
EEM,2026-01-14,57.58000183105469,57.77000045776367,57.439998626708984,57.75,57.75,45156200,False
EEM,2026-01-15,58.150001525878906,58.380001068115234,57.93000030517578,58.09000015258789,58.09000015258789,60438100,False
EEM,2026-01-16,57.970001220703125,58.0099983215332,57.56999969482422,57.869998931884766,57.869998931884766,30624000,False
EEM,2026-01-20,57.349998474121094,57.75,57.2400016784668,57.310001373291016,57.310001373291016,37026900,False
EEM,2026-01-21,57.9900016784668,58.47999954223633,57.91999816894531,58.2599983215332,58.2599983215332,44193800,False
EEM,2026-01-22,58.70000076293945,58.93000030517578,58.5,58.70000076293945,58.70000076293945,33731400,False
EEM,2026-01-23,58.560001373291016,59.150001525878906,58.43000030517578,59.06999969482422,59.06999969482422,31584700,False
EEM,2026-01-26,59.040000915527344,59.38999938964844,58.9900016784668,59.16999816894531,59.16999816894531,37945000,False
EEM,2026-01-27,59.970001220703125,60.369998931884766,59.880001068115234,60.34000015258789,60.34000015258789,62222300,False
EEM,2026-01-28,60.869998931884766,60.869998931884766,60.369998931884766,60.75,60.75,52067700,False
EEM,2026-01-29,60.86000061035156,60.95000076293945,59.54999923706055,60.439998626708984,60.439998626708984,70851900,False
EEM,2026-01-30,59.810001373291016,60.06999969482422,58.83000183105469,59.099998474121094,59.099998474121094,73861200,False
EEM,2026-02-02,58.58000183105469,59.470001220703125,58.560001373291016,59.279998779296875,59.279998779296875,44512300,False
EEM,2026-02-03,59.93000030517578,59.9900016784668,59.029998779296875,59.599998474121094,59.599998474121094,41132300,False
EEM,2026-02-04,59.88999938964844,59.90999984741211,58.54999923706055,58.79999923706055,58.79999923706055,50852400,False
EEM,2026-02-05,58.54999923706055,59.029998779296875,58.220001220703125,58.529998779296875,58.529998779296875,50880900,False
EEM,2026-02-06,59.2400016784668,60.09000015258789,59.220001220703125,60.06999969482422,60.06999969482422,37534800,False
EEM,2026-02-09,59.970001220703125,60.650001525878906,59.900001525878906,60.5099983215332,60.5099983215332,35324300,False
EEM,2026-02-10,60.720001220703125,60.81999969482422,60.41999816894531,60.599998474121094,60.599998474121094,32247100,False
EEM,2026-02-11,61.18000030517578,61.630001068115234,60.779998779296875,61.560001373291016,61.560001373291016,38158900,False
EEM,2026-02-12,61.84000015258789,61.90999984741211,60.68000030517578,60.86000061035156,60.86000061035156,48070600,False
EEM,2026-02-13,60.720001220703125,61.209999084472656,60.130001068115234,61.119998931884766,61.119998931884766,40091300,False
EEM,2026-02-17,60.720001220703125,61.08000183105469,60.189998626708984,60.869998931884766,60.869998931884766,38127200,False
EEM,2026-02-18,61.029998779296875,61.54999923706055,60.90999984741211,61.189998626708984,61.189998626708984,29966900,False
EEM,2026-02-19,60.83000183105469,61.06999969482422,60.58000183105469,61.040000915527344,61.040000915527344,38043800,False
EEM,2026-02-20,61.0099983215332,62.36000061035156,60.970001220703125,62.34000015258789,62.34000015258789,56421600,False
EEM,2026-02-23,62.02000045776367,62.25,61.5099983215332,61.650001525878906,61.650001525878906,36573400,False
EEM,2026-02-24,62.2400016784668,62.84000015258789,62.11000061035156,62.619998931884766,62.619998931884766,44407300,False
EEM,2026-02-25,63.41999816894531,63.43000030517578,63.040000915527344,63.310001373291016,63.310001373291016,42201200,False
EEM,2026-02-26,63.279998779296875,63.310001373291016,62.08000183105469,62.709999084472656,62.709999084472656,52083200,False
EEM,2026-02-27,62.20000076293945,65.95999908447266,62.119998931884766,62.58000183105469,62.58000183105469,34830100,False
EEM,2026-03-02,60.790000915527344,61.849998474121094,60.790000915527344,61.5,61.5,46879900,False
EEM,2026-03-03,57.970001220703125,58.90999984741211,56.7400016784668,58.41999816894531,58.41999816894531,99942900,True
EEM,2026-03-04,58.54999923706055,59.58000183105469,58.2400016784668,59.04999923706055,59.04999923706055,74073300,False
EEM,2026-03-05,58.02000045776367,58.58000183105469,56.88999938964844,57.630001068115234,57.630001068115234,81396900,False
EEM,2026-03-06,56.83000183105469,57.70000076293945,56.560001373291016,57.31999969482422,57.31999969482422,55731800,False
EEM,2026-03-09,56.65999984741211,58.650001525878906,56.2400016784668,58.45000076293945,58.45000076293945,65072500,False
EEM,2026-03-10,58.65999984741211,59.880001068115234,58.34000015258789,58.68000030517578,58.68000030517578,56415100,False
EEM,2026-03-11,58.70000076293945,59.15999984741211,58.38999938964844,58.83000183105469,58.83000183105469,35658200,False
EEM,2026-03-12,57.9900016784668,58.029998779296875,56.86000061035156,56.95000076293945,56.95000076293945,53035000,False
EEM,2026-03-13,57.619998931884766,58.0099983215332,56.65999984741211,56.79999923706055,56.79999923706055,47897100,False
EEM,2026-03-16,58.04999923706055,58.63999938964844,57.9900016784668,58.380001068115234,58.380001068115234,36204900,False
EEM,2026-03-17,58.880001068115234,59.060001373291016,58.529998779296875,58.75,58.75,24929100,False
EEM,2026-03-18,58.380001068115234,58.630001068115234,57.540000915527344,57.560001373291016,57.560001373291016,37207400,False
EEM,2026-03-19,56.439998626708984,57.869998931884766,56.2599983215332,57.619998931884766,57.619998931884766,50957600,False
EEM,2026-03-20,56.95000076293945,57.0099983215332,55.439998626708984,55.63999938964844,55.63999938964844,78534200,False
EEM,2026-03-23,56.88999938964844,57.84000015258789,56.560001373291016,57.310001373291016,57.310001373291016,61193400,False
EEM,2026-03-24,56.130001068115234,56.91999816894531,56.029998779296875,56.52000045776367,56.52000045776367,37191900,False
EEM,2026-03-25,57.41999816894531,57.77000045776367,57.029998779296875,57.41999816894531,57.41999816894531,36444000,False
EEM,2026-03-26,56.2599983215332,56.63999938964844,55.439998626708984,55.470001220703125,55.470001220703125,42794900,False
EEM,2026-03-27,55.349998474121094,55.7400016784668,55.0,55.20000076293945,55.20000076293945,38596100,False
EEM,2026-03-30,55.5,55.540000915527344,54.439998626708984,54.75,54.75,32281500,False
EEM,2026-03-31,54.939998626708984,56.86000061035156,54.880001068115234,56.790000915527344,56.790000915527344,64809400,False
EEM,2026-04-01,57.209999084472656,57.83000183105469,57.02000045776367,57.22999954223633,57.22999954223633,51176300,False
EEM,2026-04-02,55.56999969482422,57.029998779296875,55.43000030517578,56.59000015258789,56.59000015258789,33449800,False
EEM,2026-04-06,56.95000076293945,57.41999816894531,56.7400016784668,57.11000061035156,57.11000061035156,19981700,False
EEM,2026-04-07,57.16999816894531,57.33000183105469,56.33000183105469,57.310001373291016,57.310001373291016,28112800,False
EEM,2026-04-08,60.86000061035156,60.9900016784668,59.900001525878906,60.439998626708984,60.439998626708984,50444800,True
EEM,2026-04-09,59.7599983215332,60.52000045776367,59.4900016784668,60.279998779296875,60.279998779296875,35719500,False
EEM,2026-04-10,60.709999084472656,60.88999938964844,60.369998931884766,60.560001373291016,60.560001373291016,20508400,False
EEM,2026-04-13,60.08000183105469,61.130001068115234,60.0,61.06999969482422,61.06999969482422,24457400,False
EEM,2026-04-14,61.599998474121094,62.2599983215332,61.56999969482422,62.2400016784668,62.2400016784668,23734200,False
EEM,2026-04-15,62.040000915527344,62.31999969482422,61.86000061035156,62.20000076293945,62.20000076293945,26278700,False
EEM,2026-04-16,62.43000030517578,62.72999954223633,62.060001373291016,62.45000076293945,62.45000076293945,32327600,False
EEM,2026-04-17,63.529998779296875,64.22000122070312,63.369998931884766,63.63999938964844,63.63999938964844,46228600,False
EEM,2026-04-20,63.11000061035156,63.2599983215332,62.779998779296875,63.18000030517578,63.18000030517578,20045600,False
EEM,2026-04-21,63.279998779296875,63.369998931884766,62.150001525878906,62.25,62.25,25552600,False
EEM,2026-04-22,62.9900016784668,63.41999816894531,62.88999938964844,63.380001068115234,63.380001068115234,19635300,False
EEM,2026-04-23,62.75,63.06999969482422,61.70000076293945,62.349998474121094,62.349998474121094,33271500,False
EEM,2026-04-24,63.279998779296875,63.81999969482422,63.099998474121094,63.7400016784668,63.7400016784668,26360600,False
EEM,2026-04-27,63.900001525878906,63.97999954223633,63.5,63.63999938964844,63.63999938964844,14689400,False
EEM,2026-04-28,62.790000915527344,63.119998931884766,62.529998779296875,62.9900016784668,62.9900016784668,20628900,False
EEM,2026-04-29,63.06999969482422,63.119998931884766,62.439998626708984,62.689998626708984,62.689998626708984,21066100,False
EEM,2026-04-30,63.2400016784668,64.13999938964844,62.880001068115234,63.9900016784668,63.9900016784668,32197000,False
EEM,2026-05-01,63.84000015258789,64.66999816894531,63.79999923706055,64.12999725341797,64.12999725341797,22489200,False
EEM,2026-05-04,64.47000122070312,64.87000274658203,63.810001373291016,64.0999984741211,64.0999984741211,19751800,False
EEM,2026-05-05,64.9800033569336,65.62999725341797,64.88999938964844,65.4000015258789,65.4000015258789,18701000,False
EEM,2026-05-06,66.8499984741211,67.58999633789062,66.63999938964844,67.48999786376953,67.48999786376953,35376400,False
EEM,2026-05-07,67.66999816894531,67.66999816894531,66.4800033569336,66.58999633789062,66.58999633789062,34734700,False
EEM,2026-05-08,67.33000183105469,67.95999908447266,67.27999877929688,67.94000244140625,67.94000244140625,27606300,False
EEM,2026-05-11,67.83000183105469,68.1500015258789,67.58999633789062,67.88999938964844,67.88999938964844,14658000,False
