ticker,fecha,open,high,low,close,adj_close,volume,anomalia
EWW,2019-01-02,41.18000030517578,42.33000183105469,41.09000015258789,42.31999969482422,34.626468658447266,3084300,False
EWW,2019-01-03,41.779998779296875,42.20000076293945,41.5,41.790000915527344,34.19281768798828,2337100,False
EWW,2019-01-04,41.95000076293945,42.88999938964844,41.88999938964844,42.650001525878906,34.89646911621094,3504400,False
EWW,2019-01-07,43.0099983215332,43.290000915527344,42.709999084472656,43.150001525878906,35.30557632446289,3077500,False
EWW,2019-01-08,43.38999938964844,44.099998474121094,43.38999938964844,43.86000061035156,35.88650131225586,4019500,False
EWW,2019-01-09,44.2599983215332,44.83000183105469,44.060001373291016,44.349998474121094,36.28742218017578,5579400,False
EWW,2019-01-10,44.310001373291016,44.709999084472656,44.20000076293945,44.45000076293945,36.36924362182617,2922900,False
EWW,2019-01-11,44.349998474121094,44.59000015258789,44.15999984741211,44.2599983215332,36.21378707885742,3783100,False
EWW,2019-01-14,44.150001525878906,44.880001068115234,44.04999923706055,44.470001220703125,36.38560485839844,4122200,False
EWW,2019-01-15,44.61000061035156,44.88999938964844,44.41999816894531,44.720001220703125,36.59016036987305,5059400,False
EWW,2019-01-16,44.83000183105469,45.2400016784668,44.810001373291016,45.209999084472656,36.9910774230957,3976900,False
EWW,2019-01-17,44.72999954223633,45.4900016784668,44.58000183105469,45.09000015258789,36.892887115478516,3346100,False
EWW,2019-01-18,45.189998626708984,45.560001373291016,45.060001373291016,45.06999969482422,36.87652587890625,2980300,False
EWW,2019-01-22,44.58000183105469,44.869998931884766,44.150001525878906,44.34000015258789,36.279232025146484,3637400,False
EWW,2019-01-23,44.61000061035156,44.810001373291016,44.220001220703125,44.68000030517578,36.55743408203125,2661200,False
EWW,2019-01-24,44.7400016784668,45.0099983215332,44.400001525878906,44.61000061035156,36.50015640258789,2852800,False
EWW,2019-01-25,45.130001068115234,45.459999084472656,44.560001373291016,44.810001373291016,36.66379165649414,6095000,False
EWW,2019-01-28,44.060001373291016,44.9900016784668,44.02000045776367,44.61000061035156,36.50015640258789,5898700,False
EWW,2019-01-29,44.79999923706055,45.11000061035156,44.560001373291016,44.810001373291016,36.66379165649414,3086500,False
EWW,2019-01-30,44.43000030517578,44.709999084472656,43.83000183105469,44.61000061035156,36.50015640258789,5077900,False
EWW,2019-01-31,44.939998626708984,45.40999984741211,44.79999923706055,45.0,36.81925964355469,2859400,False
EWW,2019-02-01,44.900001525878906,45.380001068115234,44.720001220703125,44.849998474121094,36.6965217590332,4764800,False
EWW,2019-02-04,44.81999969482422,45.5,44.790000915527344,45.09000015258789,36.892887115478516,2323600,False
EWW,2019-02-05,45.09000015258789,45.7599983215332,45.029998779296875,45.58000183105469,37.2938117980957,3030200,False
EWW,2019-02-06,45.279998779296875,45.560001373291016,45.06999969482422,45.22999954223633,37.007442474365234,3467100,False
EWW,2019-02-07,44.7599983215332,45.43000030517578,44.720001220703125,45.0,36.81925964355469,3038600,False
EWW,2019-02-08,44.81999969482422,44.95000076293945,44.349998474121094,44.43000030517578,36.35287857055664,3608100,False
EWW,2019-02-11,44.33000183105469,44.47999954223633,43.90999984741211,43.93000030517578,35.94377899169922,2591500,False
EWW,2019-02-12,44.290000915527344,44.54999923706055,43.790000915527344,43.97999954223633,35.984683990478516,2463700,False
EWW,2019-02-13,43.59000015258789,43.849998474121094,42.470001220703125,42.630001068115234,34.88010787963867,8319700,False
EWW,2019-02-14,42.56999969482422,43.41999816894531,42.41999816894531,43.36000061035156,35.477394104003906,6294300,False
EWW,2019-02-15,43.2599983215332,43.81999969482422,42.9900016784668,43.790000915527344,35.8292350769043,3717400,False
EWW,2019-02-19,43.68000030517578,44.27000045776367,43.65999984741211,43.959999084472656,35.96831130981445,3181000,False
EWW,2019-02-20,43.959999084472656,44.25,43.869998931884766,43.90999984741211,35.92741012573242,2873600,False
EWW,2019-02-21,43.97999954223633,44.220001220703125,43.68000030517578,44.16999816894531,36.14013671875,2700200,False
EWW,2019-02-22,44.54999923706055,45.09000015258789,44.38999938964844,44.650001525878906,36.53288269042969,3648000,False
EWW,2019-02-25,45.06999969482422,45.27000045776367,44.630001068115234,44.77000045776367,36.63106918334961,5526700,False
EWW,2019-02-26,44.810001373291016,44.810001373291016,44.36000061035156,44.5099983215332,36.4183349609375,4362100,False
EWW,2019-02-27,44.41999816894531,44.5,43.83000183105469,44.09000015258789,36.07468795776367,2392700,False
EWW,2019-02-28,44.0,44.09000015258789,43.27000045776367,43.560001373291016,35.64104080200195,3426600,False
EWW,2019-03-01,43.7400016784668,43.790000915527344,42.91999816894531,43.290000915527344,35.42011642456055,3929200,False
EWW,2019-03-04,43.31999969482422,43.400001525878906,42.7599983215332,43.060001373291016,35.23193359375,2736800,False
EWW,2019-03-05,43.16999816894531,43.220001220703125,42.810001373291016,42.86000061035156,35.06829071044922,3621500,False
EWW,2019-03-06,42.61000061035156,43.0,42.209999084472656,42.349998474121094,34.651004791259766,3892600,False
EWW,2019-03-07,42.38999938964844,42.41999816894531,41.65999984741211,41.77000045776367,34.17645263671875,4319400,False
EWW,2019-03-08,41.70000076293945,42.09000015258789,41.369998931884766,41.970001220703125,34.340087890625,4536100,False
EWW,2019-03-11,42.22999954223633,42.630001068115234,42.22999954223633,42.45000076293945,34.732826232910156,2588700,False
EWW,2019-03-12,42.75,43.15999984741211,42.459999084472656,42.560001373291016,34.822837829589844,3439700,False
EWW,2019-03-13,42.83000183105469,42.869998931884766,42.349998474121094,42.66999816894531,34.91283416748047,3042200,False
EWW,2019-03-14,42.43000030517578,42.689998626708984,42.099998474121094,42.540000915527344,34.80646514892578,3595800,False
EWW,2019-03-15,42.779998779296875,43.279998779296875,42.779998779296875,43.15999984741211,35.31375503540039,4289200,False
EWW,2019-03-18,43.41999816894531,44.09000015258789,43.41999816894531,43.88999938964844,35.91104507446289,4170000,False
EWW,2019-03-19,44.04999923706055,44.18000030517578,43.650001525878906,43.81999969482422,35.85376739501953,3399100,False
EWW,2019-03-20,44.08000183105469,45.18000030517578,43.880001068115234,44.939998626708984,36.77016067504883,7376400,False
EWW,2019-03-21,44.939998626708984,45.33000183105469,44.79999923706055,45.06999969482422,36.87652587890625,5576000,False
EWW,2019-03-22,44.38999938964844,44.75,43.279998779296875,43.29999923706055,35.42830276489258,5378500,False
EWW,2019-03-25,43.36000061035156,44.099998474121094,43.36000061035156,43.91999816894531,35.93559265136719,3253700,False
EWW,2019-03-26,44.0,44.209999084472656,43.779998779296875,43.97999954223633,35.984683990478516,2613600,False
EWW,2019-03-27,43.5099983215332,43.84000015258789,43.27000045776367,43.4900016784668,35.58375930786133,3727300,False
EWW,2019-03-28,43.470001220703125,43.54999923706055,42.91999816894531,43.400001525878906,35.51012420654297,3893500,False
EWW,2019-03-29,43.650001525878906,43.84000015258789,43.220001220703125,43.59000015258789,35.66558074951172,4726900,False
EWW,2019-04-01,44.0099983215332,44.790000915527344,43.93000030517578,44.58000183105469,36.47561264038086,5325100,False
EWW,2019-04-02,44.869998931884766,44.93000030517578,43.91999816894531,44.15999984741211,36.1319694519043,2769300,False
EWW,2019-04-03,44.349998474121094,44.63999938964844,44.02000045776367,44.22999954223633,36.189231872558594,4998700,False
EWW,2019-04-04,44.060001373291016,44.939998626708984,44.060001373291016,44.91999816894531,36.7537956237793,4931500,False
EWW,2019-04-05,45.13999938964844,46.150001525878906,45.13999938964844,46.040000915527344,37.670188903808594,6259800,False
EWW,2019-04-08,46.09000015258789,46.970001220703125,46.060001373291016,46.75,38.251121520996094,3429200,False
EWW,2019-04-09,46.81999969482422,46.90999984741211,46.41999816894531,46.56999969482422,38.10383987426758,3725000,False
EWW,2019-04-10,46.849998474121094,46.970001220703125,46.54999923706055,46.61000061035156,38.136566162109375,2507300,False
EWW,2019-04-11,46.439998626708984,46.54999923706055,46.029998779296875,46.34000015258789,37.915645599365234,3046500,False
EWW,2019-04-12,46.54999923706055,46.869998931884766,46.34000015258789,46.5099983215332,38.05474090576172,3350800,False
EWW,2019-04-15,46.34000015258789,46.47999954223633,45.959999084472656,46.27000045776367,37.85838317871094,3566600,False
EWW,2019-04-16,46.13999938964844,46.720001220703125,46.06999969482422,46.63999938964844,38.161109924316406,3261300,False
EWW,2019-04-17,46.93000030517578,47.31999969482422,46.529998779296875,47.18000030517578,38.60293960571289,3635100,False
EWW,2019-04-18,47.16999816894531,47.41999816894531,46.849998474121094,47.130001068115234,38.562034606933594,1691100,False
EWW,2019-04-22,47.0099983215332,47.20000076293945,46.91999816894531,47.06999969482422,38.51293182373047,1308000,False
EWW,2019-04-23,46.7599983215332,46.90999984741211,46.27000045776367,46.63999938964844,38.161109924316406,3109600,False
EWW,2019-04-24,46.31999969482422,46.540000915527344,45.810001373291016,46.15999984741211,37.768375396728516,3362400,False
EWW,2019-04-25,45.849998474121094,46.439998626708984,45.61000061035156,46.40999984741211,37.97291946411133,2600600,False
EWW,2019-04-26,46.4900016784668,46.900001525878906,46.31999969482422,46.52000045776367,38.06293487548828,1978200,False
EWW,2019-04-29,46.58000183105469,46.58000183105469,46.04999923706055,46.220001220703125,37.817466735839844,2345400,False
EWW,2019-04-30,46.0,46.33000183105469,45.58000183105469,46.150001525878906,37.760189056396484,3169100,False
EWW,2019-05-01,46.29999923706055,46.66999816894531,45.560001373291016,45.689998626708984,37.383819580078125,3426100,False
EWW,2019-05-02,45.68000030517578,45.84000015258789,45.29999923706055,45.45000076293945,37.18744659423828,3197000,False
EWW,2019-05-03,45.790000915527344,46.13999938964844,45.65999984741211,46.0,37.63745880126953,3002200,False
EWW,2019-05-06,44.88999938964844,45.7599983215332,44.88999938964844,45.70000076293945,37.39199447631836,3017800,False
EWW,2019-05-07,45.099998474121094,45.43000030517578,44.619998931884766,44.959999084472656,36.78652572631836,3422000,False
EWW,2019-05-08,44.650001525878906,44.900001525878906,44.40999984741211,44.43000030517578,36.35287857055664,3739300,False
EWW,2019-05-09,43.900001525878906,44.380001068115234,43.279998779296875,44.13999938964844,36.1156005859375,5522800,False
EWW,2019-05-10,44.029998779296875,44.75,43.439998626708984,44.59000015258789,36.48378372192383,4061700,False
EWW,2019-05-13,43.779998779296875,44.04999923706055,43.38999938964844,43.93000030517578,35.94377899169922,4582300,False
EWW,2019-05-14,44.15999984741211,44.59000015258789,43.91999816894531,44.45000076293945,36.36924362182617,3564200,False
EWW,2019-05-15,44.08000183105469,44.720001220703125,43.90999984741211,44.529998779296875,36.434696197509766,3075600,False
EWW,2019-05-16,44.52000045776367,44.790000915527344,44.2599983215332,44.470001220703125,36.38560485839844,2703800,False
EWW,2019-05-17,43.90999984741211,44.709999084472656,43.81999969482422,44.22999954223633,36.189231872558594,3115500,False
EWW,2019-05-20,44.29999923706055,44.880001068115234,44.22999954223633,44.630001068115234,36.516517639160156,2145900,False
EWW,2019-05-21,44.66999816894531,44.810001373291016,44.040000915527344,44.58000183105469,36.47561264038086,5303700,False
EWW,2019-05-22,44.540000915527344,44.689998626708984,44.099998474121094,44.290000915527344,36.23832702636719,1996900,False
EWW,2019-05-23,43.86000061035156,44.209999084472656,43.650001525878906,43.97999954223633,35.984683990478516,2797800,False
EWW,2019-05-24,44.2599983215332,44.2599983215332,43.33000183105469,43.79999923706055,35.83740997314453,4092200,False
EWW,2019-05-28,43.630001068115234,43.83000183105469,43.099998474121094,43.29999923706055,35.42830276489258,3758500,False
EWW,2019-05-29,43.02000045776367,43.970001220703125,42.880001068115234,43.90999984741211,35.92741012573242,3597700,False
EWW,2019-05-30,44.0,44.84000015258789,44.0,44.540000915527344,36.4428825378418,3901400,False
EWW,2019-05-31,42.36000061035156,43.04999923706055,42.13999938964844,42.91999816894531,35.11738204956055,7783000,False
EWW,2019-06-03,42.560001373291016,42.9900016784668,42.52000045776367,42.66999816894531,34.91283416748047,4612800,False
EWW,2019-06-04,43.220001220703125,43.7599983215332,42.959999084472656,43.459999084472656,35.5592155456543,5233300,False
EWW,2019-06-05,43.72999954223633,43.939998626708984,43.2400016784668,43.7400016784668,35.78831481933594,4577900,False
EWW,2019-06-06,43.45000076293945,45.619998931884766,42.79999923706055,43.40999984741211,35.518306732177734,7818400,False
EWW,2019-06-07,43.209999084472656,43.709999084472656,43.20000076293945,43.56999969482422,35.64921569824219,4462300,False
EWW,2019-06-10,44.93000030517578,45.25,44.470001220703125,44.86000061035156,36.7047119140625,7111900,False
EWW,2019-06-11,45.209999084472656,45.38999938964844,45.0099983215332,45.099998474121094,36.90107727050781,3431000,False
EWW,2019-06-12,45.060001373291016,45.290000915527344,44.83000183105469,44.91999816894531,36.7537956237793,4418200,False
EWW,2019-06-13,44.93000030517578,45.11000061035156,44.52000045776367,44.66999816894531,36.54924392700195,5763400,False
EWW,2019-06-14,44.779998779296875,44.779998779296875,44.25,44.34000015258789,36.279232025146484,3012100,False
EWW,2019-06-17,43.5099983215332,43.72999954223633,43.11000061035156,43.279998779296875,36.13064193725586,3694600,False
EWW,2019-06-18,43.709999084472656,44.130001068115234,43.400001525878906,43.65999984741211,36.4478645324707,3822800,False
EWW,2019-06-19,43.66999816894531,44.130001068115234,43.5099983215332,44.029998779296875,36.75675582885742,3137400,False
EWW,2019-06-20,45.0099983215332,45.08000183105469,44.400001525878906,44.56999969482422,37.20754623413086,3610300,False
EWW,2019-06-21,44.369998931884766,44.689998626708984,43.959999084472656,44.06999969482422,36.79014587402344,3623400,False
EWW,2019-06-24,44.029998779296875,44.22999954223633,43.939998626708984,44.08000183105469,36.79848861694336,2536700,False
EWW,2019-06-25,43.900001525878906,44.209999084472656,43.849998474121094,43.959999084472656,36.698307037353516,3639700,False
EWW,2019-06-26,44.16999816894531,44.349998474121094,44.04999923706055,44.220001220703125,36.91535949707031,3895900,False
EWW,2019-06-27,44.2599983215332,44.349998474121094,43.52000045776367,43.54999923706055,36.35604476928711,3750900,False
EWW,2019-06-28,43.810001373291016,43.810001373291016,43.189998626708984,43.380001068115234,36.2141227722168,3436500,False
EWW,2019-07-01,44.0099983215332,44.36000061035156,43.5099983215332,43.86000061035156,36.61483383178711,4002400,False
EWW,2019-07-02,43.900001525878906,44.27000045776367,43.86000061035156,43.88999938964844,36.63987731933594,2115600,False
EWW,2019-07-03,44.099998474121094,44.13999938964844,43.849998474121094,43.97999954223633,36.71500778198242,1202600,False
EWW,2019-07-05,43.900001525878906,44.29999923706055,43.650001525878906,44.099998474121094,36.815181732177734,2901800,False
EWW,2019-07-08,44.099998474121094,44.790000915527344,43.959999084472656,44.540000915527344,37.1825065612793,2943100,False
EWW,2019-07-09,44.29999923706055,44.630001068115234,42.880001068115234,43.15999984741211,36.03046417236328,12860000,False
EWW,2019-07-10,43.15999984741211,43.369998931884766,42.790000915527344,43.15999984741211,36.03046417236328,4025300,False
EWW,2019-07-11,43.380001068115234,43.720001220703125,43.099998474121094,43.560001373291016,36.3643913269043,3550800,False
EWW,2019-07-12,43.869998931884766,43.869998931884766,43.209999084472656,43.5099983215332,36.32264709472656,2344800,False
EWW,2019-07-15,43.54999923706055,44.16999816894531,43.5099983215332,44.06999969482422,36.79014587402344,2731800,False
EWW,2019-07-16,43.810001373291016,44.029998779296875,43.349998474121094,43.650001525878906,36.439517974853516,2906200,False
EWW,2019-07-17,43.720001220703125,43.93000030517578,43.2599983215332,43.2599983215332,36.11394119262695,2658100,False
EWW,2019-07-18,43.349998474121094,43.459999084472656,42.540000915527344,42.83000183105469,35.75497817993164,5878400,False
EWW,2019-07-19,42.869998931884766,42.93000030517578,42.38999938964844,42.459999084472656,35.446102142333984,3372500,False
EWW,2019-07-22,42.33000183105469,42.619998931884766,41.880001068115234,42.02000045776367,35.078773498535156,4236000,False
EWW,2019-07-23,41.97999954223633,42.02000045776367,41.209999084472656,41.38999938964844,34.55284881591797,4022800,False
EWW,2019-07-24,41.529998779296875,42.060001373291016,41.529998779296875,41.91999816894531,34.99529266357422,2431800,False
EWW,2019-07-25,41.86000061035156,41.970001220703125,41.459999084472656,41.720001220703125,34.82834243774414,2711500,False
EWW,2019-07-26,41.90999984741211,42.0099983215332,41.33000183105469,41.4900016784668,34.63633346557617,2687600,False
EWW,2019-07-29,41.470001220703125,42.619998931884766,41.310001373291016,42.16999816894531,35.20399475097656,3799900,False
EWW,2019-07-30,42.06999969482422,42.06999969482422,41.56999969482422,41.849998474121094,34.93686294555664,1884700,False
EWW,2019-07-31,41.939998626708984,41.95000076293945,41.0099983215332,41.27000045776367,34.452674865722656,3531000,False
EWW,2019-08-01,41.20000076293945,41.5099983215332,40.61000061035156,40.75,34.0185661315918,5003700,False
EWW,2019-08-02,40.540000915527344,40.61000061035156,39.810001373291016,40.22999954223633,33.58445739746094,4968400,False
EWW,2019-08-05,39.29999923706055,39.40999984741211,38.84000015258789,39.15999984741211,32.69121170043945,4680600,False
EWW,2019-08-06,39.380001068115234,39.709999084472656,39.099998474121094,39.58000183105469,33.04184341430664,3150400,False
EWW,2019-08-07,39.06999969482422,40.16999816894531,38.880001068115234,40.130001068115234,33.5009880065918,4862500,False
EWW,2019-08-08,40.2599983215332,40.72999954223633,40.119998931884766,40.560001373291016,33.859954833984375,2908800,False
EWW,2019-08-09,40.47999954223633,40.66999816894531,40.040000915527344,40.5099983215332,33.81821060180664,2580300,False
EWW,2019-08-12,39.810001373291016,39.810001373291016,39.29999923706055,39.4900016784668,32.966705322265625,3139100,False
EWW,2019-08-13,39.2599983215332,39.939998626708984,39.06999969482422,39.61000061035156,33.06687927246094,3681000,False
EWW,2019-08-14,38.83000183105469,39.25,38.11000061035156,38.22999954223633,31.91484260559082,5047100,False
EWW,2019-08-15,38.27000045776367,38.689998626708984,37.86000061035156,38.43000030517578,32.0817985534668,4506000,False
EWW,2019-08-16,38.66999816894531,39.20000076293945,38.52000045776367,39.119998931884766,32.65782928466797,3057400,False
EWW,2019-08-19,39.209999084472656,39.54999923706055,38.7400016784668,38.81999969482422,32.40738296508789,2625100,False
EWW,2019-08-20,38.7400016784668,39.310001373291016,38.720001220703125,39.06999969482422,32.6160888671875,2471200,False
EWW,2019-08-21,39.439998626708984,39.72999954223633,39.13999938964844,39.72999954223633,33.16706466674805,2254300,False
EWW,2019-08-22,39.41999816894531,39.810001373291016,39.31999969482422,39.33000183105469,32.83313751220703,2669200,False
EWW,2019-08-23,39.22999954223633,39.52000045776367,38.869998931884766,38.970001220703125,32.5326042175293,5016500,False
EWW,2019-08-26,39.290000915527344,39.369998931884766,39.0099983215332,39.29999923706055,32.80808639526367,1871700,False
EWW,2019-08-27,39.40999984741211,39.720001220703125,39.400001525878906,39.529998779296875,33.000099182128906,3010600,False
EWW,2019-08-28,39.869998931884766,39.9900016784668,39.529998779296875,39.79999923706055,33.22549819946289,3262600,False
EWW,2019-08-29,40.0,40.72999954223633,39.810001373291016,40.619998931884766,33.91004180908203,2770800,False
EWW,2019-08-30,40.79999923706055,41.54999923706055,40.619998931884766,41.5099983215332,34.65302658081055,2908700,False
EWW,2019-09-03,41.13999938964844,41.13999938964844,40.720001220703125,40.959999084472656,34.193878173828125,2305900,False
EWW,2019-09-04,41.650001525878906,41.95000076293945,41.290000915527344,41.86000061035156,34.945213317871094,3496400,False
EWW,2019-09-05,42.18000030517578,42.61000061035156,42.150001525878906,42.29999923706055,35.31252670288086,2660100,False
EWW,2019-09-06,42.72999954223633,43.02000045776367,42.5,42.70000076293945,35.64645004272461,4021900,False
EWW,2019-09-09,43.060001373291016,43.34000015258789,42.5,42.58000183105469,35.5462760925293,3688600,False
EWW,2019-09-10,42.56999969482422,42.959999084472656,42.38999938964844,42.4900016784668,35.47114181518555,3734400,False
EWW,2019-09-11,42.400001525878906,42.77000045776367,42.400001525878906,42.689998626708984,35.638099670410156,2365800,False
EWW,2019-09-12,42.97999954223633,43.25,42.619998931884766,42.79999923706055,35.72992706298828,2638800,False
EWW,2019-09-13,42.9900016784668,43.380001068115234,42.97999954223633,43.150001525878906,36.02212142944336,2765600,False
EWW,2019-09-16,43.09000015258789,43.56999969482422,42.709999084472656,43.04999923706055,35.93863296508789,2622600,False
EWW,2019-09-17,42.86000061035156,43.86000061035156,42.72999954223633,43.810001373291016,36.57309341430664,4281200,False
EWW,2019-09-18,43.84000015258789,43.880001068115234,43.099998474121094,43.369998931884766,36.205780029296875,3398800,False
EWW,2019-09-19,43.630001068115234,43.72999954223633,43.150001525878906,43.290000915527344,36.13898849487305,2047100,False
EWW,2019-09-20,43.54999923706055,43.790000915527344,43.22999954223633,43.72999954223633,36.50631332397461,3181300,False
EWW,2019-09-23,43.459999084472656,43.88999938964844,43.29999923706055,43.599998474121094,36.39777755737305,2641400,False
EWW,2019-09-24,43.810001373291016,43.869998931884766,43.15999984741211,43.15999984741211,36.03046417236328,2645100,False
EWW,2019-09-25,42.810001373291016,43.08000183105469,42.45000076293945,43.0099983215332,35.90523910522461,2679100,False
EWW,2019-09-26,42.97999954223633,43.130001068115234,42.650001525878906,42.849998474121094,35.77167510986328,2763600,False
EWW,2019-09-27,42.790000915527344,42.869998931884766,42.380001068115234,42.529998779296875,35.5045280456543,1850800,False
EWW,2019-09-30,42.529998779296875,42.90999984741211,42.33000183105469,42.720001220703125,35.663150787353516,1737100,False
EWW,2019-10-01,42.52000045776367,42.72999954223633,42.33000183105469,42.36000061035156,35.36262130737305,2443800,False
EWW,2019-10-02,42.27000045776367,42.36000061035156,41.70000076293945,41.7599983215332,34.861724853515625,3542800,False
EWW,2019-10-03,41.65999984741211,42.36000061035156,41.61000061035156,42.34000015258789,35.345924377441406,2089700,False
EWW,2019-10-04,42.47999954223633,43.68000030517578,42.47999954223633,43.63999938964844,36.43117141723633,4779100,False
EWW,2019-10-07,43.54999923706055,43.619998931884766,42.9900016784668,43.0,35.89689254760742,2519800,False
EWW,2019-10-08,42.93000030517578,43.11000061035156,42.47999954223633,42.4900016784668,35.47114181518555,2930000,False
EWW,2019-10-09,42.95000076293945,43.130001068115234,42.59000015258789,42.619998931884766,35.57965850830078,1641500,False
EWW,2019-10-10,42.75,43.52000045776367,42.689998626708984,43.4900016784668,36.305946350097656,4546700,False
EWW,2019-10-11,44.0,44.41999816894531,43.900001525878906,44.119998931884766,36.83188247680664,4286300,False
EWW,2019-10-14,44.220001220703125,44.400001525878906,44.13999938964844,44.16999816894531,36.87361526489258,1767000,False
EWW,2019-10-15,44.38999938964844,44.4900016784668,44.20000076293945,44.2400016784668,36.932064056396484,1856700,False
EWW,2019-10-16,44.15999984741211,44.63999938964844,44.15999984741211,44.56999969482422,37.20754623413086,2610900,False
EWW,2019-10-17,44.81999969482422,45.0,44.439998626708984,44.439998626708984,37.09901809692383,1617500,False
EWW,2019-10-18,44.630001068115234,44.779998779296875,44.310001373291016,44.33000183105469,37.00718688964844,2449300,False
EWW,2019-10-21,44.54999923706055,44.79999923706055,44.369998931884766,44.79999923706055,37.39955139160156,2244400,False
EWW,2019-10-22,44.939998626708984,45.04999923706055,44.540000915527344,44.66999816894531,37.2910270690918,2351700,False
EWW,2019-10-23,44.5,44.81999969482422,44.5,44.779998779296875,37.38285827636719,1553800,False
EWW,2019-10-24,44.900001525878906,45.0,44.68000030517578,44.79999923706055,37.39955139160156,1962500,False
EWW,2019-10-25,44.970001220703125,45.0099983215332,44.709999084472656,44.7599983215332,37.36616134643555,1700500,False
EWW,2019-10-28,44.95000076293945,45.25,44.709999084472656,45.130001068115234,37.67504119873047,2853100,False
EWW,2019-10-29,45.36000061035156,45.38999938964844,44.95000076293945,44.970001220703125,37.54147720336914,1797200,False
EWW,2019-10-30,44.900001525878906,45.0099983215332,44.599998474121094,44.880001068115234,37.466339111328125,2180900,False
EWW,2019-10-31,45.0,45.0099983215332,44.220001220703125,44.310001373291016,36.99049377441406,2215700,False
EWW,2019-11-01,44.83000183105469,45.220001220703125,44.470001220703125,45.13999938964844,37.68339538574219,4123300,False
EWW,2019-11-04,45.5099983215332,45.56999969482422,44.90999984741211,45.029998779296875,37.59156036376953,1849400,False
EWW,2019-11-05,45.0,45.060001373291016,44.45000076293945,44.59000015258789,37.224239349365234,1931000,False
EWW,2019-11-06,44.54999923706055,45.099998474121094,44.369998931884766,45.09000015258789,37.64164733886719,2110800,False
EWW,2019-11-07,45.2400016784668,45.65999984741211,45.189998626708984,45.45000076293945,37.94218444824219,2596200,False
EWW,2019-11-08,45.27000045776367,45.599998474121094,44.939998626708984,45.02000045776367,37.58320999145508,1814600,False
EWW,2019-11-11,44.880001068115234,45.15999984741211,44.65999984741211,44.97999954223633,37.54981994628906,1597200,False
EWW,2019-11-12,44.88999938964844,44.900001525878906,43.95000076293945,43.9900016784668,36.723358154296875,2362600,False
EWW,2019-11-13,43.75,43.95000076293945,43.5,43.779998779296875,36.54804992675781,2066400,False
EWW,2019-11-14,43.470001220703125,44.09000015258789,43.290000915527344,44.08000183105469,36.79848861694336,1637800,False
EWW,2019-11-15,44.5099983215332,44.70000076293945,44.40999984741211,44.70000076293945,37.316070556640625,1501800,False
EWW,2019-11-18,44.599998474121094,44.709999084472656,44.279998779296875,44.349998474121094,37.02389144897461,1085400,False
EWW,2019-11-19,44.470001220703125,44.689998626708984,44.189998626708984,44.36000061035156,37.0322380065918,1177800,False
EWW,2019-11-20,44.25,44.52000045776367,43.959999084472656,44.189998626708984,36.890316009521484,2768100,False
EWW,2019-11-21,43.95000076293945,44.29999923706055,43.880001068115234,44.13999938964844,36.84858322143555,2192200,False
EWW,2019-11-22,44.31999969482422,44.540000915527344,44.060001373291016,44.470001220703125,37.12406921386719,1811000,False
EWW,2019-11-25,44.43000030517578,44.790000915527344,44.2599983215332,44.40999984741211,37.073974609375,1234400,False
EWW,2019-11-26,44.29999923706055,44.29999923706055,43.470001220703125,43.72999954223633,36.50631332397461,3649900,False
EWW,2019-11-27,43.61000061035156,43.779998779296875,43.47999954223633,43.77000045776367,36.539703369140625,1578100,False
EWW,2019-11-29,43.45000076293945,43.880001068115234,43.38999938964844,43.52000045776367,36.330989837646484,1304400,False
EWW,2019-12-02,43.34000015258789,43.5,43.040000915527344,43.099998474121094,35.98037338256836,2095100,False
EWW,2019-12-03,42.7599983215332,43.060001373291016,42.61000061035156,42.81999969482422,35.74663162231445,2092400,False
EWW,2019-12-04,43.11000061035156,43.220001220703125,42.95000076293945,43.06999969482422,35.9553337097168,2085600,False
EWW,2019-12-05,43.220001220703125,43.5099983215332,43.08000183105469,43.209999084472656,36.07220458984375,2484900,False
EWW,2019-12-06,43.38999938964844,43.43000030517578,42.88999938964844,43.0,35.89689254760742,2657900,False
EWW,2019-12-09,43.27000045776367,43.630001068115234,43.040000915527344,43.119998931884766,35.997066497802734,2972300,False
EWW,2019-12-10,43.04999923706055,43.869998931884766,43.04999923706055,43.849998474121094,36.60647964477539,2975600,False
EWW,2019-12-11,43.900001525878906,44.65999984741211,43.86000061035156,44.619998931884766,37.249290466308594,2639900,False
EWW,2019-12-12,44.779998779296875,45.27000045776367,44.66999816894531,45.150001525878906,37.691741943359375,3461300,False
EWW,2019-12-13,45.31999969482422,45.93000030517578,45.2400016784668,45.75,38.19263458251953,3739100,False
EWW,2019-12-16,46.02000045776367,46.06999969482422,45.099998474121094,45.68000030517578,38.49940490722656,2663600,False
EWW,2019-12-17,45.88999938964844,45.9900016784668,45.52000045776367,45.709999084472656,38.52469253540039,3327900,False
EWW,2019-12-18,45.79999923706055,46.400001525878906,45.75,46.310001373291016,39.0303840637207,2510300,False
EWW,2019-12-19,46.400001525878906,46.45000076293945,45.88999938964844,46.060001373291016,38.81967544555664,2921000,False
EWW,2019-12-20,46.29999923706055,46.34000015258789,45.84000015258789,45.84000015258789,38.634254455566406,2298600,False
EWW,2019-12-23,45.810001373291016,45.939998626708984,45.540000915527344,45.66999816894531,38.49097442626953,2113500,False
EWW,2019-12-24,45.7400016784668,45.7400016784668,45.43000030517578,45.5099983215332,38.35612487792969,445500,False
EWW,2019-12-26,45.619998931884766,45.810001373291016,45.41999816894531,45.79999923706055,38.60054016113281,1047500,False
EWW,2019-12-27,45.81999969482422,46.20000076293945,45.75,45.900001525878906,38.6848258972168,1427300,False
EWW,2019-12-30,46.0,46.0,44.84000015258789,44.97999954223633,37.90944290161133,2625400,False
EWW,2019-12-31,45.040000915527344,45.400001525878906,44.97999954223633,45.029998779296875,37.951576232910156,1720000,False
EWW,2020-01-02,45.41999816894531,46.2599983215332,45.099998474121094,46.2599983215332,38.98823165893555,2929900,False
EWW,2020-01-03,45.63999938964844,46.279998779296875,45.599998474121094,45.91999816894531,38.70167541503906,2355500,False
EWW,2020-01-06,45.900001525878906,46.400001525878906,45.900001525878906,46.130001068115234,38.87866973876953,4428100,False
EWW,2020-01-07,46.06999969482422,46.209999084472656,45.619998931884766,45.70000076293945,38.51626205444336,5687600,False
EWW,2020-01-08,46.0,46.380001068115234,45.619998931884766,46.11000061035156,38.861820220947266,2457400,False
EWW,2020-01-09,46.400001525878906,46.40999984741211,45.91999816894531,46.13999938964844,38.88710021972656,3019800,False
EWW,2020-01-10,46.4900016784668,46.84000015258789,46.290000915527344,46.38999938964844,39.09779357910156,3744800,False
EWW,2020-01-13,46.4900016784668,46.77000045776367,46.310001373291016,46.709999084472656,39.367496490478516,2413800,False
EWW,2020-01-14,46.77000045776367,46.77000045776367,46.09000015258789,46.41999816894531,39.12308120727539,4313400,False
EWW,2020-01-15,46.220001220703125,46.650001525878906,46.16999816894531,46.279998779296875,39.005088806152344,2630500,False
EWW,2020-01-16,46.529998779296875,47.209999084472656,46.349998474121094,47.20000076293945,39.78047180175781,3597000,False
EWW,2020-01-17,47.29999923706055,48.119998931884766,47.20000076293945,48.0099983215332,40.46314239501953,5405100,False
EWW,2020-01-21,47.83000183105469,47.90999984741211,47.470001220703125,47.61000061035156,40.12602233886719,3565700,False
EWW,2020-01-22,47.88999938964844,48.189998626708984,47.709999084472656,47.77000045776367,40.26087188720703,3409200,False
EWW,2020-01-23,47.400001525878906,47.52000045776367,46.869998931884766,47.400001525878906,39.94903564453125,3234900,False
EWW,2020-01-24,47.4900016784668,47.540000915527344,46.7599983215332,46.880001068115234,39.510780334472656,4711500,False
EWW,2020-01-27,45.880001068115234,46.060001373291016,45.369998931884766,45.560001373291016,38.39826965332031,4915200,False
EWW,2020-01-28,45.9900016784668,46.869998931884766,45.84000015258789,46.7400016784668,39.39278030395508,2654800,False
EWW,2020-01-29,46.88999938964844,47.43000030517578,46.63999938964844,47.22999954223633,39.805755615234375,3814300,False
EWW,2020-01-30,46.810001373291016,47.04999923706055,46.33000183105469,46.77000045776367,39.418060302734375,2384400,False
EWW,2020-01-31,46.2599983215332,46.54999923706055,45.75,45.86000061035156,38.65110397338867,3785100,False
EWW,2020-02-03,46.189998626708984,47.13999938964844,46.11000061035156,46.75,39.401214599609375,3666000,False
EWW,2020-02-04,47.529998779296875,47.529998779296875,46.970001220703125,47.2400016784668,39.814186096191406,4188000,False
EWW,2020-02-05,47.93000030517578,48.06999969482422,47.02000045776367,47.150001525878906,39.73833084106445,4228000,False
EWW,2020-02-06,47.290000915527344,47.38999938964844,46.5099983215332,46.52000045776367,39.20737075805664,4842600,False
EWW,2020-02-07,46.33000183105469,46.380001068115234,45.790000915527344,46.22999954223633,38.96295166015625,3240600,False
EWW,2020-02-10,46.099998474121094,46.290000915527344,45.84000015258789,46.189998626708984,38.929237365722656,3540800,False
EWW,2020-02-11,46.61000061035156,47.45000076293945,46.5,47.189998626708984,39.77204132080078,4575800,False
EWW,2020-02-12,47.369998931884766,48.060001373291016,47.369998931884766,47.86000061035156,40.33671951293945,3118800,False
EWW,2020-02-13,47.40999984741211,47.68000030517578,47.150001525878906,47.54999923706055,40.07544708251953,2060600,False
EWW,2020-02-14,47.56999969482422,47.79999923706055,47.4900016784668,47.709999084472656,40.210304260253906,1771400,False
EWW,2020-02-18,47.529998779296875,47.779998779296875,47.369998931884766,47.47999954223633,40.01646041870117,1513600,False
EWW,2020-02-19,47.7599983215332,47.7599983215332,47.27000045776367,47.560001373291016,40.083885192871094,1722800,False
EWW,2020-02-20,47.06999969482422,47.209999084472656,46.5,46.79999923706055,39.44335174560547,2004700,False
EWW,2020-02-21,46.08000183105469,46.959999084472656,45.97999954223633,46.61000061035156,39.28321075439453,2393400,False
EWW,2020-02-24,44.66999816894531,45.279998779296875,43.90999984741211,45.029998779296875,37.951576232910156,5173200,False
EWW,2020-02-25,45.38999938964844,45.459999084472656,44.09000015258789,44.29999923706055,37.33633041381836,3950200,False
EWW,2020-02-26,44.20000076293945,44.63999938964844,43.790000915527344,43.86000061035156,36.96549606323242,2516600,False
EWW,2020-02-27,42.689998626708984,42.959999084472656,41.9900016784668,42.130001068115234,35.507442474365234,4669600,False
EWW,2020-02-28,40.369998931884766,41.75,39.119998931884766,41.619998931884766,35.077613830566406,5934000,False
EWW,2020-03-02,41.5,43.02000045776367,41.29999923706055,43.0,36.240692138671875,3790100,False
EWW,2020-03-03,42.84000015258789,44.22999954223633,42.56999969482422,43.029998779296875,36.265968322753906,5444900,False
EWW,2020-03-04,43.720001220703125,43.939998626708984,43.25,43.88999938964844,36.99078369140625,2700300,False
EWW,2020-03-05,42.83000183105469,43.25,41.77000045776367,42.130001068115234,35.507442474365234,4670300,False
EWW,2020-03-06,40.540000915527344,40.97999954223633,40.13999938964844,40.58000183105469,34.20109176635742,4376200,False
EWW,2020-03-09,35.369998931884766,37.2400016784668,34.939998626708984,36.150001525878906,30.467458724975586,4328700,True
EWW,2020-03-10,37.29999923706055,38.0,36.459999084472656,37.720001220703125,31.790668487548828,3823200,False
EWW,2020-03-11,36.79999923706055,36.83000183105469,35.29999923706055,35.81999969482422,30.189332962036133,5588900,False
EWW,2020-03-12,32.20000076293945,34.02000045776367,31.06999969482422,33.130001068115234,27.92218017578125,4670400,True
EWW,2020-03-13,35.45000076293945,35.45000076293945,33.59000015258789,34.36000061035156,28.958837509155273,2853700,False
EWW,2020-03-16,30.100000381469727,32.0,28.510000228881836,29.1200008392334,24.54253387451172,3423900,True
EWW,2020-03-17,29.84000015258789,31.489999771118164,29.450000762939453,31.389999389648438,26.455699920654297,3994700,True
EWW,2020-03-18,28.59000015258789,30.450000762939453,28.100000381469727,28.75,24.230690002441406,3844500,True
EWW,2020-03-19,28.260000228881836,28.770000457763672,27.149999618530273,28.600000381469727,24.10426902770996,4147700,False
EWW,2020-03-20,29.1200008392334,29.209999084472656,27.0,27.040000915527344,22.789491653442383,3758100,False
EWW,2020-03-23,26.479999542236328,26.829999923706055,25.030000686645508,25.1200008392334,21.171302795410156,4433700,True
EWW,2020-03-24,26.530000686645508,27.100000381469727,26.329999923706055,26.709999084472656,22.511362075805664,4198300,False
EWW,2020-03-25,27.489999771118164,29.600000381469727,26.989999771118164,28.90999984741211,24.365541458129883,4781800,True
EWW,2020-03-26,29.0,30.809999465942383,29.0,30.350000381469727,25.579179763793945,3803800,False
EWW,2020-03-27,28.6200008392334,28.989999771118164,27.8799991607666,27.920000076293945,23.53116226196289,3301800,True
EWW,2020-03-30,27.579999923706055,27.84000015258789,27.030000686645508,27.68000030517578,23.328886032104492,3216200,False
EWW,2020-03-31,28.0,29.1299991607666,27.829999923706055,28.350000381469727,23.893564224243164,3730600,False
EWW,2020-04-01,27.049999237060547,27.139999389648438,26.229999542236328,26.68000030517578,22.486082077026367,3670900,False
EWW,2020-04-02,26.600000381469727,27.899999618530273,26.43000030517578,26.610000610351562,22.427085876464844,5665400,False
EWW,2020-04-03,26.600000381469727,26.6299991607666,25.229999542236328,25.600000381469727,21.575851440429688,4909500,False
EWW,2020-04-06,26.6299991607666,27.18000030517578,26.440000534057617,27.06999969482422,22.814775466918945,3397700,False
EWW,2020-04-07,28.399999618530273,28.43000030517578,27.389999389648438,27.450000762939453,23.135040283203125,4412800,False
EWW,2020-04-08,27.850000381469727,28.15999984741211,27.270000457763672,27.90999984741211,23.52273178100586,3181700,False
EWW,2020-04-09,28.829999923706055,28.889999389648438,27.940000534057617,28.260000228881836,23.817716598510742,2606200,False
EWW,2020-04-13,28.399999618530273,28.540000915527344,27.8799991607666,28.25,23.80928611755371,2456800,False
EWW,2020-04-14,28.829999923706055,29.100000381469727,28.25,28.739999771118164,24.22226333618164,2837700,False
EWW,2020-04-15,27.59000015258789,27.729999542236328,27.15999984741211,27.219999313354492,22.941194534301758,3025900,False
EWW,2020-04-16,27.079999923706055,27.239999771118164,26.309999465942383,27.030000686645508,22.781063079833984,2803300,False
EWW,2020-04-17,28.299999237060547,28.350000381469727,27.809999465942383,28.209999084472656,23.775571823120117,3850700,False
EWW,2020-04-20,27.440000534057617,27.790000915527344,27.280000686645508,27.600000381469727,23.261463165283203,1885400,False
EWW,2020-04-21,27.0,27.06999969482422,26.610000610351562,26.760000228881836,22.553504943847656,2737400,False
EWW,2020-04-22,27.200000762939453,27.34000015258789,26.829999923706055,27.0,22.75577735900879,3375600,False
EWW,2020-04-23,27.200000762939453,27.239999771118164,26.579999923706055,26.639999389648438,22.45236587524414,2570800,False
EWW,2020-04-24,26.850000381469727,26.950000762939453,26.489999771118164,26.709999084472656,22.511362075805664,3264200,False
EWW,2020-04-27,26.950000762939453,27.459999084472656,26.84000015258789,27.420000076293945,23.109756469726562,1897400,False
EWW,2020-04-28,28.010000228881836,28.6299991607666,27.81999969482422,28.610000610351562,24.11269760131836,4746800,False
EWW,2020-04-29,29.25,30.3700008392334,29.079999923706055,30.329999923706055,25.56232452392578,5140800,False
EWW,2020-04-30,30.06999969482422,30.06999969482422,29.15999984741211,29.270000457763672,24.668947219848633,3486700,False
EWW,2020-05-01,28.690000534057617,28.75,27.68000030517578,28.100000381469727,23.68286895751953,3325700,False
EWW,2020-05-04,27.850000381469727,29.31999969482422,27.850000381469727,29.299999237060547,24.694232940673828,2512000,False
EWW,2020-05-05,29.799999237060547,30.1299991607666,29.6200008392334,29.700000762939453,25.031356811523438,3831000,False
EWW,2020-05-06,29.670000076293945,29.760000228881836,29.139999389648438,29.360000610351562,24.744800567626953,2461800,False
EWW,2020-05-07,29.8700008392334,30.06999969482422,29.479999542236328,29.65999984741211,24.99764633178711,4877100,False
EWW,2020-05-08,30.329999923706055,31.110000610351562,30.260000228881836,30.860000610351562,26.009014129638672,3204700,False
EWW,2020-05-11,30.549999237060547,30.780000686645508,30.25,30.489999771118164,25.697174072265625,2442400,False
EWW,2020-05-12,30.670000076293945,30.799999237060547,29.8700008392334,29.8799991607666,25.183059692382812,1976200,False
EWW,2020-05-13,30.219999313354492,30.219999313354492,29.100000381469727,29.190000534057617,24.60152816772461,4535500,False
EWW,2020-05-14,28.719999313354492,29.59000015258789,28.420000076293945,29.559999465942383,24.913362503051758,2957400,False
EWW,2020-05-15,29.15999984741211,29.610000610351562,28.81999969482422,28.899999618530273,24.35711097717285,2086200,False
EWW,2020-05-18,29.84000015258789,30.56999969482422,29.84000015258789,30.43000030517578,25.646602630615234,4035500,False
EWW,2020-05-19,30.600000381469727,30.639999389648438,29.270000457763672,29.270000457763672,24.668947219848633,4296500,False
EWW,2020-05-20,29.979999542236328,30.520000457763672,29.6200008392334,30.3700008392334,25.596038818359375,4229900,False
EWW,2020-05-21,30.489999771118164,30.81999969482422,29.989999771118164,30.3799991607666,25.604463577270508,3517800,False
EWW,2020-05-22,30.059999465942383,30.68000030517578,29.809999465942383,30.59000015258789,25.781452178955078,2023700,False
EWW,2020-05-26,31.860000610351562,32.4900016784668,31.559999465942383,31.809999465942383,26.809677124023438,3764200,False
EWW,2020-05-27,31.959999084472656,32.40999984741211,31.579999923706055,32.25,27.180511474609375,4182600,False
EWW,2020-05-28,32.47999954223633,32.5,31.799999237060547,31.93000030517578,26.910816192626953,2695800,False
EWW,2020-05-29,32.16999816894531,32.16999816894531,31.079999923706055,31.889999389648438,26.877105712890625,4109600,False
EWW,2020-06-01,31.93000030517578,32.97999954223633,31.670000076293945,32.81999969482422,27.660911560058594,3267100,False
EWW,2020-06-02,33.290000915527344,34.279998779296875,33.04999923706055,33.72999954223633,28.427865982055664,5510900,False
EWW,2020-06-03,34.29999923706055,34.77000045776367,34.130001068115234,34.439998626708984,29.026256561279297,5013000,False
EWW,2020-06-04,34.25,34.40999984741211,33.52000045776367,33.70000076293945,28.4025821685791,3348100,False
EWW,2020-06-05,35.0,35.630001068115234,34.83000183105469,35.2400016784668,29.700510025024414,5121200,False
EWW,2020-06-08,35.470001220703125,36.279998779296875,35.04999923706055,36.27000045776367,30.568593978881836,3870300,False
EWW,2020-06-09,35.08000183105469,35.369998931884766,34.63999938964844,34.849998474121094,29.371809005737305,3566600,False
EWW,2020-06-10,34.9900016784668,34.9900016784668,33.93000030517578,34.279998779296875,28.89141082763672,3342400,False
EWW,2020-06-11,32.61000061035156,33.029998779296875,31.389999389648438,31.440000534057617,26.49784278869629,5965900,True
EWW,2020-06-12,32.75,33.13999938964844,32.150001525878906,33.04999923706055,27.854761123657227,4446700,False
EWW,2020-06-15,32.0,33.13999938964844,31.610000610351562,32.75,27.705869674682617,3246500,False
EWW,2020-06-16,33.810001373291016,34.0,32.59000015258789,32.970001220703125,27.891979217529297,4218700,False
EWW,2020-06-17,33.220001220703125,33.439998626708984,32.779998779296875,32.939998626708984,27.866600036621094,2086200,False
EWW,2020-06-18,32.66999816894531,32.70000076293945,31.989999771118164,32.099998474121094,27.15597915649414,2102200,False
EWW,2020-06-19,32.77000045776367,33.2599983215332,32.41999816894531,33.06999969482422,27.976579666137695,5312000,False
EWW,2020-06-22,33.310001373291016,33.369998931884766,32.880001068115234,32.939998626708984,27.866600036621094,2829500,False
EWW,2020-06-23,33.529998779296875,33.7599983215332,33.119998931884766,33.2400016784668,28.12039566040039,4594900,False
EWW,2020-06-24,32.79999923706055,32.90999984741211,32.29999923706055,32.380001068115234,27.392854690551758,2262200,False
EWW,2020-06-25,32.0099983215332,32.529998779296875,31.959999084472656,32.4900016784668,27.485916137695312,1991700,False
EWW,2020-06-26,32.150001525878906,32.400001525878906,31.520000457763672,31.559999465942383,26.699146270751953,2344300,False
EWW,2020-06-29,31.549999237060547,31.940000534057617,31.350000381469727,31.940000534057617,27.02062225341797,4752100,False
EWW,2020-06-30,31.65999984741211,32.0,31.360000610351562,31.8799991607666,26.96986198425293,2713300,False
EWW,2020-07-01,32.06999969482422,32.470001220703125,31.899999618530273,32.189998626708984,27.23211669921875,2393700,False
EWW,2020-07-02,32.90999984741211,33.38999938964844,32.58000183105469,32.70000076293945,27.66356658935547,2527300,False
EWW,2020-07-06,33.349998474121094,33.7599983215332,32.900001525878906,33.029998779296875,27.9427433013916,2606700,False
EWW,2020-07-07,32.56999969482422,32.849998474121094,32.16999816894531,32.22999954223633,27.265954971313477,2959600,False
EWW,2020-07-08,32.36000061035156,32.470001220703125,31.700000762939453,32.029998779296875,27.096759796142578,4172800,False
EWW,2020-07-09,32.31999969482422,32.34000015258789,31.459999084472656,31.530000686645508,26.67377281188965,2143300,False
EWW,2020-07-10,31.520000457763672,31.700000762939453,31.34000015258789,31.559999465942383,26.699146270751953,2069400,False
EWW,2020-07-13,31.84000015258789,32.099998474121094,30.979999542236328,31.020000457763672,26.24231719970703,2698400,False
EWW,2020-07-14,30.889999389648438,31.420000076293945,30.719999313354492,31.350000381469727,26.521495819091797,3438200,False
EWW,2020-07-15,31.959999084472656,32.189998626708984,31.770000457763672,32.08000183105469,27.139060974121094,2448300,False
EWW,2020-07-16,31.690000534057617,32.099998474121094,31.639999389648438,31.81999969482422,26.919103622436523,2266600,False
EWW,2020-07-17,31.90999984741211,31.90999984741211,31.399999618530273,31.459999084472656,26.614547729492188,2295500,False
EWW,2020-07-20,31.600000381469727,31.65999984741211,31.229999542236328,31.610000610351562,26.741451263427734,1553600,False
EWW,2020-07-21,32.0,32.650001525878906,31.920000076293945,32.43000030517578,27.435152053833008,2483800,False
EWW,2020-07-22,32.369998931884766,32.91999816894531,32.369998931884766,32.91999816894531,27.84968376159668,1709900,False
EWW,2020-07-23,32.650001525878906,32.79999923706055,32.41999816894531,32.560001373291016,27.545127868652344,2252800,False
EWW,2020-07-24,32.52000045776367,32.86000061035156,32.349998474121094,32.7599983215332,27.714323043823242,2693300,False
EWW,2020-07-27,33.119998931884766,33.599998474121094,32.88999938964844,33.58000183105469,28.40803337097168,2189800,False
EWW,2020-07-28,33.45000076293945,33.63999938964844,33.29999923706055,33.529998779296875,28.365726470947266,1935700,False
EWW,2020-07-29,33.619998931884766,33.84000015258789,33.189998626708984,33.54999923706055,28.382648468017578,2419900,False
EWW,2020-07-30,32.939998626708984,33.18000030517578,32.7400016784668,32.91999816894531,27.84968376159668,2630200,False
EWW,2020-07-31,33.0,33.0,32.15999984741211,32.529998779296875,27.51974868774414,2739800,False
EWW,2020-08-03,32.619998931884766,32.650001525878906,32.09000015258789,32.4900016784668,27.485916137695312,1806000,False
EWW,2020-08-04,32.2400016784668,32.459999084472656,32.029998779296875,32.29999923706055,27.325170516967773,1724300,False
EWW,2020-08-05,32.68000030517578,33.619998931884766,32.65999984741211,33.27000045776367,28.145774841308594,3199900,False
EWW,2020-08-06,33.11000061035156,33.380001068115234,32.959999084472656,33.2599983215332,28.137311935424805,1803700,False
EWW,2020-08-07,32.970001220703125,33.349998474121094,32.880001068115234,33.279998779296875,28.154233932495117,1886200,False
EWW,2020-08-10,33.459999084472656,33.560001373291016,33.290000915527344,33.52000045776367,28.357271194458008,1616800,False
EWW,2020-08-11,33.7599983215332,34.290000915527344,33.7599983215332,33.81999969482422,28.611066818237305,2337400,False
EWW,2020-08-12,34.130001068115234,34.20000076293945,33.84000015258789,33.90999984741211,28.68720054626465,1759500,False
EWW,2020-08-13,33.9900016784668,34.33000183105469,33.72999954223633,34.13999938964844,28.881776809692383,1728700,False
EWW,2020-08-14,34.5099983215332,34.900001525878906,34.349998474121094,34.68000030517578,29.338607788085938,4430600,False
EWW,2020-08-17,34.83000183105469,34.970001220703125,34.560001373291016,34.66999816894531,29.330148696899414,2073600,False
EWW,2020-08-18,35.029998779296875,35.060001373291016,34.34000015258789,34.54999923706055,29.22863006591797,1498900,False
EWW,2020-08-19,34.5,34.91999816894531,34.349998474121094,34.38999938964844,29.09327507019043,1821400,False
EWW,2020-08-20,34.13999938964844,34.279998779296875,33.779998779296875,34.279998779296875,29.000213623046875,2411800,False
EWW,2020-08-21,34.290000915527344,34.31999969482422,33.900001525878906,33.970001220703125,28.737964630126953,1784500,False
EWW,2020-08-24,34.27000045776367,34.290000915527344,33.849998474121094,33.90999984741211,28.68720054626465,1819100,False
EWW,2020-08-25,34.06999969482422,34.279998779296875,33.880001068115234,34.2599983215332,28.983295440673828,2279900,False
EWW,2020-08-26,34.29999923706055,34.31999969482422,33.599998474121094,33.75,28.551847457885742,2081100,False
EWW,2020-08-27,33.91999816894531,33.959999084472656,33.060001373291016,33.290000915527344,28.162694931030273,3010000,False
EWW,2020-08-28,33.650001525878906,34.20000076293945,33.459999084472656,34.189998626708984,28.92407989501953,3044300,False
EWW,2020-08-31,33.93000030517578,33.970001220703125,32.88999938964844,32.90999984741211,27.841222763061523,4643700,False
EWW,2020-09-01,33.279998779296875,33.79999923706055,33.119998931884766,33.70000076293945,28.50954818725586,3727400,False
EWW,2020-09-02,33.630001068115234,33.779998779296875,33.15999984741211,33.43000030517578,28.281131744384766,3072400,False
EWW,2020-09-03,33.45000076293945,33.56999969482422,32.83000183105469,32.88999938964844,27.824302673339844,3495000,False
EWW,2020-09-04,33.119998931884766,33.29999923706055,32.40999984741211,33.18000030517578,28.06963539123535,4172700,False
EWW,2020-09-08,32.5,32.790000915527344,32.27000045776367,32.470001220703125,27.468994140625,3179600,False
EWW,2020-09-09,33.02000045776367,33.34000015258789,32.709999084472656,33.220001220703125,28.103479385375977,3181900,False
EWW,2020-09-10,33.599998474121094,33.65999984741211,32.849998474121094,32.939998626708984,27.866600036621094,3167100,False
EWW,2020-09-11,33.40999984741211,33.59000015258789,33.130001068115234,33.560001373291016,28.39111328125,3331300,False
EWW,2020-09-14,34.099998474121094,34.47999954223633,33.91999816894531,34.41999816894531,29.118650436401367,5550700,False
EWW,2020-09-15,34.59000015258789,34.65999984741211,34.08000183105469,34.119998931884766,28.864858627319336,2277700,False
EWW,2020-09-16,34.43000030517578,34.720001220703125,34.15999984741211,34.33000183105469,29.042518615722656,3184200,False
EWW,2020-09-17,34.13999938964844,34.27000045776367,33.7400016784668,33.93000030517578,28.70412254333496,4631100,False
EWW,2020-09-18,33.880001068115234,34.09000015258789,33.31999969482422,33.349998474121094,28.213455200195312,3159500,False
EWW,2020-09-21,32.52000045776367,32.709999084472656,32.11000061035156,32.689998626708984,27.655105590820312,4000500,False
EWW,2020-09-22,32.63999938964844,32.75,32.130001068115234,32.310001373291016,27.333637237548828,3030800,False
EWW,2020-09-23,32.04999923706055,32.2400016784668,31.25,31.260000228881836,26.445354461669922,2797200,False
EWW,2020-09-24,30.93000030517578,32.5,30.81999969482422,32.16999816894531,27.21519660949707,3742000,False
EWW,2020-09-25,31.43000030517578,32.279998779296875,31.209999084472656,32.220001220703125,27.257495880126953,2702700,False
EWW,2020-09-28,32.599998474121094,32.86000061035156,32.16999816894531,32.650001525878906,27.62126922607422,2105600,False
EWW,2020-09-29,32.810001373291016,32.91999816894531,32.41999816894531,32.59000015258789,27.57050895690918,1904800,False
EWW,2020-09-30,32.880001068115234,33.709999084472656,32.790000915527344,33.36000061035156,28.221914291381836,2983200,False
EWW,2020-10-01,33.810001373291016,33.90999984741211,32.959999084472656,33.099998474121094,28.0019588470459,3101200,False
EWW,2020-10-02,32.54999923706055,33.52000045776367,32.5,33.2599983215332,28.137311935424805,2395600,False
EWW,2020-10-05,33.68000030517578,34.27000045776367,33.68000030517578,33.97999954223633,28.746423721313477,2388600,False
EWW,2020-10-06,34.15999984741211,34.27000045776367,33.400001525878906,33.58000183105469,28.40803337097168,3108600,False
EWW,2020-10-07,34.22999954223633,34.38999938964844,34.130001068115234,34.29999923706055,29.017135620117188,2315400,False
EWW,2020-10-08,34.52000045776367,35.380001068115234,34.310001373291016,35.349998474121094,29.90540885925293,4811000,False
EWW,2020-10-09,35.619998931884766,36.029998779296875,35.369998931884766,35.81999969482422,30.30302619934082,4227100,False
EWW,2020-10-12,35.91999816894531,35.95000076293945,35.54999923706055,35.560001373291016,30.08307456970215,2664000,False
EWW,2020-10-13,35.4900016784668,35.4900016784668,34.959999084472656,35.09000015258789,29.68545913696289,2374500,False
EWW,2020-10-14,35.20000076293945,35.47999954223633,35.0,35.09000015258789,29.68545913696289,2063600,False
EWW,2020-10-15,34.65999984741211,35.25,34.58000183105469,35.16999816894531,29.753137588500977,1823200,False
EWW,2020-10-16,35.43000030517578,35.56999969482422,35.0099983215332,35.2599983215332,29.82927703857422,1983200,False
EWW,2020-10-19,35.36000061035156,35.470001220703125,34.7599983215332,34.810001373291016,29.448591232299805,2144500,False
EWW,2020-10-20,34.93000030517578,35.79999923706055,34.86000061035156,35.650001525878906,30.159210205078125,3035700,False
EWW,2020-10-21,35.70000076293945,36.25,35.70000076293945,35.9900016784668,30.44684410095215,2201500,False
EWW,2020-10-22,36.119998931884766,36.279998779296875,35.810001373291016,36.209999084472656,30.632959365844727,2111200,False
EWW,2020-10-23,36.61000061035156,36.720001220703125,36.33000183105469,36.47999954223633,30.861371994018555,2311000,False
EWW,2020-10-26,36.189998626708984,36.25,35.66999816894531,35.790000915527344,30.27764320373535,2317300,False
EWW,2020-10-27,35.91999816894531,35.91999816894531,35.38999938964844,35.439998626708984,29.981555938720703,1585300,False
EWW,2020-10-28,34.5099983215332,34.619998931884766,33.95000076293945,34.29999923706055,29.017135620117188,3323900,False
EWW,2020-10-29,34.2400016784668,34.2400016784668,33.41999816894531,33.720001220703125,28.526473999023438,3419200,False
EWW,2020-10-30,33.7599983215332,34.220001220703125,33.720001220703125,34.15999984741211,28.898700714111328,2468400,False
EWW,2020-11-02,34.310001373291016,34.310001373291016,33.439998626708984,34.09000015258789,28.839481353759766,3012800,False
EWW,2020-11-03,34.650001525878906,35.38999938964844,34.43000030517578,34.599998474121094,29.27092742919922,2916500,False
EWW,2020-11-04,34.939998626708984,35.45000076293945,34.4900016784668,34.939998626708984,29.55855941772461,3873400,False
EWW,2020-11-05,36.13999938964844,36.5099983215332,35.560001373291016,36.459999084472656,30.844451904296875,3583300,False
EWW,2020-11-06,36.43000030517578,36.9900016784668,36.380001068115234,36.7599983215332,31.098241806030273,3337600,False
EWW,2020-11-09,38.91999816894531,39.31999969482422,38.04999923706055,38.189998626708984,32.3079948425293,5450000,False
EWW,2020-11-10,38.040000915527344,38.970001220703125,38.040000915527344,38.88999938964844,32.900184631347656,3229100,False
EWW,2020-11-11,38.900001525878906,39.130001068115234,38.58000183105469,39.08000183105469,33.06092834472656,2588800,False
EWW,2020-11-12,38.959999084472656,39.099998474121094,38.099998474121094,38.189998626708984,32.3079948425293,2438800,False
EWW,2020-11-13,38.70000076293945,39.209999084472656,38.470001220703125,39.16999816894531,33.13705825805664,3644000,False
EWW,2020-11-16,39.779998779296875,40.72999954223633,39.70000076293945,40.5099983215332,34.27067184448242,4781600,False
EWW,2020-11-17,39.95000076293945,40.75,39.880001068115234,40.72999954223633,34.456787109375,3713800,False
EWW,2020-11-18,40.91999816894531,41.43000030517578,40.540000915527344,40.84000015258789,34.54984664916992,6026700,False
EWW,2020-11-19,40.68000030517578,41.04999923706055,40.349998474121094,40.720001220703125,34.448333740234375,2566300,False
EWW,2020-11-20,40.79999923706055,41.15999984741211,40.619998931884766,40.939998626708984,34.63444519042969,2417600,False
EWW,2020-11-23,41.34000015258789,41.349998474121094,40.790000915527344,41.060001373291016,34.735965728759766,1930200,False
EWW,2020-11-24,41.52000045776367,42.0099983215332,41.380001068115234,41.849998474121094,35.40428924560547,2928200,False
EWW,2020-11-25,41.970001220703125,42.0099983215332,41.2599983215332,41.560001373291016,35.15895462036133,2107600,False
EWW,2020-11-27,41.810001373291016,41.869998931884766,41.099998474121094,41.400001525878906,35.023597717285156,1721800,False
EWW,2020-11-30,41.029998779296875,41.06999969482422,40.33000183105469,40.56999969482422,34.32143783569336,3559500,False
EWW,2020-12-01,41.31999969482422,42.310001373291016,41.119998931884766,42.04999923706055,35.573490142822266,4061700,False
EWW,2020-12-02,41.95000076293945,42.709999084472656,41.869998931884766,42.619998931884766,36.055694580078125,2611400,False
EWW,2020-12-03,42.90999984741211,43.20000076293945,42.86000061035156,43.0,36.37717056274414,4008400,False
EWW,2020-12-04,43.290000915527344,43.970001220703125,43.02000045776367,43.099998474121094,36.46176528930664,2664300,False
EWW,2020-12-07,43.099998474121094,43.189998626708984,42.34000015258789,42.529998779296875,35.979557037353516,2241000,False
EWW,2020-12-08,42.77000045776367,43.189998626708984,42.459999084472656,42.7400016784668,36.15720748901367,3582100,False
EWW,2020-12-09,42.84000015258789,42.84000015258789,41.720001220703125,42.060001373291016,35.581947326660156,2439200,False
EWW,2020-12-10,41.65999984741211,42.939998626708984,41.61000061035156,42.63999938964844,36.07261276245117,2703000,False
EWW,2020-12-11,42.29999923706055,42.720001220703125,42.0,42.29999923706055,35.784976959228516,2978800,False
EWW,2020-12-14,42.400001525878906,42.61000061035156,41.720001220703125,41.84000015258789,35.6885986328125,2412200,False
EWW,2020-12-15,42.06999969482422,42.849998474121094,41.83000183105469,42.41999816894531,36.18332290649414,2381700,False
EWW,2020-12-16,42.459999084472656,42.849998474121094,42.33000183105469,42.75,36.46480178833008,2507000,False
EWW,2020-12-17,43.0,43.720001220703125,42.72999954223633,43.4900016784668,37.096012115478516,2642700,False
EWW,2020-12-18,43.5,43.779998779296875,42.18000030517578,42.59000015258789,36.328330993652344,3419300,False
EWW,2020-12-21,41.45000076293945,42.220001220703125,41.29999923706055,41.880001068115234,35.72271728515625,2276100,False
EWW,2020-12-22,41.81999969482422,41.81999969482422,40.88999938964844,40.97999954223633,34.95502853393555,2205200,False
EWW,2020-12-23,41.11000061035156,42.279998779296875,41.11000061035156,42.209999084472656,36.00419616699219,2167500,False
EWW,2020-12-24,42.41999816894531,42.720001220703125,42.16999816894531,42.380001068115234,36.149200439453125,946300,False
EWW,2020-12-28,42.40999984741211,42.54999923706055,42.04999923706055,42.52000045776367,36.26862335205078,1534500,False
EWW,2020-12-29,43.02000045776367,43.619998931884766,42.849998474121094,43.59000015258789,37.18130874633789,2342100,False
EWW,2020-12-30,43.810001373291016,43.970001220703125,43.2599983215332,43.5099983215332,37.236080169677734,2637700,False
EWW,2020-12-31,43.779998779296875,43.779998779296875,42.900001525878906,42.9900016784668,36.79106521606445,1463800,False
EWW,2021-01-04,43.5,44.4900016784668,43.2599983215332,43.33000183105469,37.08203125,3205800,False
EWW,2021-01-05,43.29999923706055,43.720001220703125,43.15999984741211,43.56999969482422,37.28742599487305,1877200,False
EWW,2021-01-06,43.5,45.470001220703125,43.5,44.91999816894531,38.4427604675293,6545600,False
EWW,2021-01-07,44.900001525878906,44.93000030517578,44.279998779296875,44.560001373291016,38.134674072265625,3032000,False
EWW,2021-01-08,45.22999954223633,45.41999816894531,44.650001525878906,45.09000015258789,38.588253021240234,3251700,False
EWW,2021-01-11,44.130001068115234,44.779998779296875,43.939998626708984,44.529998779296875,38.1089973449707,1882400,False
EWW,2021-01-12,44.75,45.0,44.40999984741211,44.599998474121094,38.16889953613281,2017100,False
EWW,2021-01-13,44.63999938964844,44.63999938964844,44.099998474121094,44.119998931884766,37.758113861083984,2076200,False
EWW,2021-01-14,44.15999984741211,44.9900016784668,44.08000183105469,44.83000183105469,38.365745544433594,2391600,False
EWW,2021-01-15,44.060001373291016,44.599998474121094,44.060001373291016,44.47999954223633,38.06621170043945,1961200,False
EWW,2021-01-19,45.33000183105469,45.349998474121094,44.08000183105469,44.15999984741211,37.792354583740234,2153700,False
EWW,2021-01-20,44.459999084472656,44.54999923706055,43.84000015258789,44.15999984741211,37.792354583740234,1974200,False
EWW,2021-01-21,44.029998779296875,44.16999816894531,43.310001373291016,43.599998474121094,37.31310272216797,1646700,False
EWW,2021-01-22,42.93000030517578,43.130001068115234,42.380001068115234,42.959999084472656,36.765384674072266,2671900,False
EWW,2021-01-25,42.880001068115234,43.16999816894531,41.810001373291016,43.130001068115234,36.91086959838867,3125800,False
EWW,2021-01-26,43.16999816894531,43.27000045776367,42.439998626708984,43.189998626708984,36.962215423583984,2894200,False
EWW,2021-01-27,42.09000015258789,42.34000015258789,41.36000061035156,41.72999954223633,35.712745666503906,5426600,False
EWW,2021-01-28,41.7400016784668,42.11000061035156,41.400001525878906,41.970001220703125,35.91814041137695,4044500,False
EWW,2021-01-29,41.7400016784668,41.84000015258789,40.09000015258789,40.189998626708984,34.39480209350586,6361600,False
EWW,2021-02-01,41.0,41.95000076293945,40.41999816894531,41.77000045776367,35.746978759765625,3632200,False
EWW,2021-02-02,42.08000183105469,42.18000030517578,41.189998626708984,41.61000061035156,35.610050201416016,5118500,False
EWW,2021-02-03,41.95000076293945,41.97999954223633,41.09000015258789,41.45000076293945,35.473121643066406,4506400,False
EWW,2021-02-04,41.400001525878906,41.650001525878906,41.0099983215332,41.5099983215332,35.52446746826172,2498600,False
EWW,2021-02-05,41.900001525878906,42.59000015258789,41.81999969482422,42.099998474121094,36.02938461303711,2216300,False
EWW,2021-02-08,41.970001220703125,42.369998931884766,41.75,42.150001525878906,36.07218933105469,1398800,False
EWW,2021-02-09,42.150001525878906,43.02000045776367,42.150001525878906,42.91999816894531,36.73115158081055,2284200,False
EWW,2021-02-10,43.209999084472656,43.349998474121094,42.630001068115234,42.70000076293945,36.54288101196289,1486500,False
EWW,2021-02-11,42.97999954223633,43.369998931884766,42.150001525878906,42.22999954223633,36.14065170288086,2885300,False
EWW,2021-02-12,41.90999984741211,42.599998474121094,41.810001373291016,42.5099983215332,36.38027572631836,1148700,False
EWW,2021-02-16,42.13999938964844,42.599998474121094,42.13999938964844,42.41999816894531,36.303253173828125,1354900,False
EWW,2021-02-17,42.06999969482422,42.79999923706055,41.720001220703125,42.790000915527344,36.619895935058594,3195500,False
EWW,2021-02-18,42.20000076293945,42.45000076293945,41.779998779296875,41.90999984741211,35.86679458618164,1959700,False
EWW,2021-02-19,41.77000045776367,42.290000915527344,41.70000076293945,41.709999084472656,35.69562530517578,1679200,False
EWW,2021-02-22,41.0,41.619998931884766,40.90999984741211,40.9900016784668,35.07944869995117,3108600,False
EWW,2021-02-23,40.900001525878906,42.16999816894531,40.68000030517578,41.90999984741211,35.86679458618164,3030800,False
EWW,2021-02-24,41.7400016784668,42.38999938964844,41.61000061035156,42.2400016784668,36.14920425415039,3127800,False
EWW,2021-02-25,41.81999969482422,42.13999938964844,40.349998474121094,40.41999816894531,34.59164047241211,3652400,False
EWW,2021-02-26,40.59000015258789,40.970001220703125,40.20000076293945,40.65999984741211,34.797035217285156,3587500,False
EWW,2021-03-01,41.52000045776367,41.9900016784668,41.2599983215332,41.470001220703125,35.490238189697266,2907500,False
EWW,2021-03-02,41.369998931884766,42.38999938964844,41.369998931884766,42.20000076293945,36.11497497558594,2156500,False
EWW,2021-03-03,42.209999084472656,42.27000045776367,41.86000061035156,42.09000015258789,36.020835876464844,1730000,False
EWW,2021-03-04,42.380001068115234,42.939998626708984,41.54999923706055,41.70000076293945,35.68707275390625,3071400,False
EWW,2021-03-05,41.959999084472656,42.18000030517578,41.36000061035156,41.599998474121094,35.60148620605469,3091000,False
EWW,2021-03-08,41.16999816894531,42.119998931884766,41.02000045776367,41.86000061035156,35.82400131225586,3256400,False
EWW,2021-03-09,42.599998474121094,42.72999954223633,42.029998779296875,42.34000015258789,36.23479080200195,2121100,False
EWW,2021-03-10,42.869998931884766,43.470001220703125,42.54999923706055,43.459999084472656,37.19329071044922,2418800,False
EWW,2021-03-11,43.900001525878906,44.16999816894531,43.560001373291016,44.029998779296875,37.681095123291016,2434300,False
EWW,2021-03-12,43.400001525878906,43.90999984741211,43.2599983215332,43.83000183105469,37.50994110107422,2415000,False
EWW,2021-03-15,43.81999969482422,44.540000915527344,43.66999816894531,44.31999969482422,37.929283142089844,1702800,False
EWW,2021-03-16,44.380001068115234,44.72999954223633,43.83000183105469,44.709999084472656,38.26304626464844,1766600,False
EWW,2021-03-17,44.5,44.90999984741211,44.099998474121094,44.63999938964844,38.20314025878906,2601900,False
EWW,2021-03-18,44.099998474121094,44.869998931884766,44.0,44.34000015258789,37.94639587402344,1871000,False
EWW,2021-03-19,44.63999938964844,44.63999938964844,43.779998779296875,43.81999969482422,37.50137710571289,2535900,False
EWW,2021-03-22,43.52000045776367,44.25,43.33000183105469,43.81999969482422,37.50137710571289,1961700,False
EWW,2021-03-23,43.209999084472656,43.77000045776367,42.869998931884766,42.88999938964844,36.705482482910156,2486800,False
EWW,2021-03-24,43.04999923706055,43.2400016784668,42.599998474121094,42.619998931884766,36.47440719604492,1972800,False
EWW,2021-03-25,42.63999938964844,43.459999084472656,42.52000045776367,43.380001068115234,37.12482833862305,2174500,False
EWW,2021-03-26,43.88999938964844,44.060001373291016,43.16999816894531,44.029998779296875,37.681095123291016,1747700,False
EWW,2021-03-29,43.619998931884766,44.220001220703125,43.40999984741211,44.189998626708984,37.81802749633789,1979100,False
EWW,2021-03-30,44.15999984741211,44.36000061035156,43.619998931884766,44.2599983215332,37.877925872802734,1385800,False
EWW,2021-03-31,44.459999084472656,44.61000061035156,43.7599983215332,43.83000183105469,37.50994110107422,2705300,False
EWW,2021-04-01,44.560001373291016,44.900001525878906,44.25,44.56999969482422,38.14323043823242,2071300,False
EWW,2021-04-05,44.83000183105469,45.369998931884766,44.459999084472656,45.22999954223633,38.708065032958984,1439000,False
EWW,2021-04-06,45.279998779296875,45.41999816894531,45.04999923706055,45.36000061035156,38.81932067871094,3023300,False
EWW,2021-04-07,45.380001068115234,45.40999984741211,44.849998474121094,45.220001220703125,38.69951248168945,2221800,False
EWW,2021-04-08,45.630001068115234,46.099998474121094,45.41999816894531,45.81999969482422,39.21298599243164,2069700,False
EWW,2021-04-09,45.380001068115234,45.70000076293945,45.08000183105469,45.130001068115234,38.62248229980469,1351800,False
EWW,2021-04-12,45.119998931884766,45.52000045776367,44.81999969482422,44.959999084472656,38.476993560791016,1661900,False
EWW,2021-04-13,44.900001525878906,45.380001068115234,44.560001373291016,45.27000045776367,38.74229049682617,1444200,False
EWW,2021-04-14,45.459999084472656,46.119998931884766,45.33000183105469,45.9900016784668,39.35847473144531,3260200,False
EWW,2021-04-15,46.380001068115234,46.59000015258789,46.04999923706055,46.40999984741211,39.717918395996094,2072100,False
EWW,2021-04-16,46.5099983215332,46.939998626708984,46.18000030517578,46.59000015258789,39.87195587158203,1326100,False
EWW,2021-04-19,46.7599983215332,46.97999954223633,46.220001220703125,46.279998779296875,39.606651306152344,1568400,False
EWW,2021-04-20,46.06999969482422,46.369998931884766,45.81999969482422,46.2400016784668,39.57242965698242,2268400,False
EWW,2021-04-21,46.2599983215332,46.959999084472656,46.2599983215332,46.869998931884766,40.1115837097168,1348500,False
EWW,2021-04-22,46.83000183105469,47.08000183105469,46.58000183105469,46.95000076293945,40.18004608154297,1911700,False
EWW,2021-04-23,47.290000915527344,47.38999938964844,46.790000915527344,47.279998779296875,40.462467193603516,1537000,False
EWW,2021-04-26,47.279998779296875,47.310001373291016,46.81999969482422,46.97999954223633,40.20572280883789,1595000,False
EWW,2021-04-27,46.70000076293945,47.13999938964844,46.29999923706055,46.369998931884766,39.68368148803711,3287500,False
EWW,2021-04-28,46.5,46.720001220703125,46.209999084472656,46.470001220703125,39.76926040649414,2391700,False
EWW,2021-04-29,46.349998474121094,46.7599983215332,46.189998626708984,46.689998626708984,39.957542419433594,1752700,False
EWW,2021-04-30,46.2400016784668,46.81999969482422,45.290000915527344,45.459999084472656,38.90489959716797,2845700,False
EWW,2021-05-03,45.61000061035156,46.20000076293945,45.470001220703125,46.150001525878906,39.49540328979492,1771100,False
EWW,2021-05-04,45.689998626708984,45.9900016784668,45.439998626708984,45.83000183105469,39.2215461730957,2049300,False
EWW,2021-05-05,46.08000183105469,46.310001373291016,45.599998474121094,45.72999954223633,39.13596725463867,1527800,False
EWW,2021-05-06,45.81999969482422,46.540000915527344,45.75,46.5,39.79493713378906,2689000,False
EWW,2021-05-07,46.84000015258789,47.38999938964844,46.709999084472656,47.04999923706055,40.265628814697266,2429100,False
EWW,2021-05-10,47.119998931884766,47.79999923706055,47.119998931884766,47.5,40.65074157714844,1655600,False
EWW,2021-05-11,46.939998626708984,47.349998474121094,46.880001068115234,47.04999923706055,40.265628814697266,2381700,False
EWW,2021-05-12,46.4900016784668,47.0,45.970001220703125,46.0099983215332,39.375587463378906,2616700,False
EWW,2021-05-13,46.20000076293945,46.93000030517578,46.11000061035156,46.63999938964844,39.91474914550781,2361300,False
EWW,2021-05-14,47.22999954223633,47.400001525878906,47.04999923706055,47.11000061035156,40.316978454589844,1766900,False
EWW,2021-05-17,46.959999084472656,47.66999816894531,46.91999816894531,47.560001373291016,40.702091217041016,1372500,False
EWW,2021-05-18,47.88999938964844,48.11000061035156,47.61000061035156,47.880001068115234,40.975948333740234,1813900,False
EWW,2021-05-19,47.470001220703125,47.7400016784668,47.0,47.349998474121094,40.522369384765625,2493400,False
EWW,2021-05-20,47.380001068115234,48.2599983215332,47.2400016784668,48.06999969482422,41.138545989990234,2702900,False
EWW,2021-05-21,48.02000045776367,48.08000183105469,47.25,47.779998779296875,40.89036178588867,2255200,False
EWW,2021-05-24,47.93000030517578,48.0099983215332,47.5,47.65999984741211,40.78767013549805,1989200,False
EWW,2021-05-25,47.880001068115234,47.9900016784668,47.029998779296875,47.15999984741211,40.35976791381836,1910900,False
EWW,2021-05-26,47.2400016784668,47.529998779296875,47.099998474121094,47.380001068115234,40.548038482666016,1477100,False
EWW,2021-05-27,47.529998779296875,47.75,47.31999969482422,47.66999816894531,40.79621887207031,2196700,False
EWW,2021-05-28,47.900001525878906,48.22999954223633,47.439998626708984,48.11000061035156,41.172786712646484,1689600,False
EWW,2021-06-01,49.150001525878906,49.25,48.560001373291016,48.66999816894531,41.652034759521484,2709400,False
EWW,2021-06-02,48.66999816894531,49.06999969482422,48.63999938964844,48.7599983215332,41.72905731201172,2686300,False
EWW,2021-06-03,48.27000045776367,48.56999969482422,47.779998779296875,48.08000183105469,41.14710998535156,1467500,False
EWW,2021-06-04,48.599998474121094,48.619998931884766,48.220001220703125,48.459999084472656,41.472312927246094,1654400,False
EWW,2021-06-07,48.86000061035156,50.209999084472656,48.86000061035156,49.939998626708984,42.7389030456543,3635100,False
EWW,2021-06-08,50.099998474121094,50.099998474121094,49.380001068115234,49.709999084472656,42.54206466674805,2707800,False
EWW,2021-06-09,50.119998931884766,50.119998931884766,49.45000076293945,49.540000915527344,42.39657974243164,2368500,False
EWW,2021-06-10,49.13999938964844,49.7599983215332,49.13999938964844,49.38999938964844,42.60100555419922,1617100,False
EWW,2021-06-11,49.33000183105469,49.689998626708984,48.970001220703125,49.34000015258789,42.55788040161133,1969700,False
EWW,2021-06-14,49.29999923706055,49.349998474121094,48.86000061035156,48.970001220703125,42.238739013671875,1274100,False
EWW,2021-06-15,48.77000045776367,49.029998779296875,48.15999984741211,48.68000030517578,41.98859786987305,1924400,False
EWW,2021-06-16,48.63999938964844,48.70000076293945,47.470001220703125,47.689998626708984,41.134681701660156,3245400,False
EWW,2021-06-17,47.43000030517578,47.869998931884766,47.06999969482422,47.2599983215332,40.763790130615234,2870500,False
EWW,2021-06-18,46.72999954223633,47.06999969482422,46.189998626708984,46.81999969482422,40.3842658996582,3541600,False
EWW,2021-06-21,47.0099983215332,47.349998474121094,46.689998626708984,47.15999984741211,40.67753219604492,2116500,False
EWW,2021-06-22,46.77000045776367,47.25,46.380001068115234,47.130001068115234,40.65165328979492,1466600,False
EWW,2021-06-23,47.709999084472656,47.84000015258789,47.22999954223633,47.45000076293945,40.927669525146484,1669800,False
EWW,2021-06-24,47.79999923706055,48.880001068115234,47.619998931884766,48.31999969482422,41.67808151245117,2816800,False
EWW,2021-06-25,48.81999969482422,48.83000183105469,48.25,48.560001373291016,41.885093688964844,1792800,False
EWW,2021-06-28,48.5,48.540000915527344,48.02000045776367,48.27000045776367,41.63496017456055,1483500,False
EWW,2021-06-29,48.150001525878906,48.41999816894531,48.02000045776367,48.279998779296875,41.643577575683594,1194300,False
EWW,2021-06-30,47.95000076293945,48.279998779296875,47.689998626708984,47.9900016784668,41.39344024658203,1499200,False
EWW,2021-07-01,48.130001068115234,48.220001220703125,47.47999954223633,47.970001220703125,41.376190185546875,1967600,False
EWW,2021-07-02,48.20000076293945,48.47999954223633,47.970001220703125,48.400001525878906,41.74708557128906,1227800,False
EWW,2021-07-06,48.38999938964844,48.38999938964844,47.209999084472656,47.650001525878906,41.10017776489258,1906000,False
EWW,2021-07-07,47.83000183105469,48.040000915527344,47.099998474121094,47.86000061035156,41.281307220458984,2104500,False
EWW,2021-07-08,47.0,47.56999969482422,46.970001220703125,47.220001220703125,40.729286193847656,1869100,False
EWW,2021-07-09,47.7400016784668,48.029998779296875,47.529998779296875,47.849998474121094,41.27268600463867,914200,False
EWW,2021-07-12,47.650001525878906,47.97999954223633,47.40999984741211,47.849998474121094,41.27268600463867,879100,False
EWW,2021-07-13,47.52000045776367,47.709999084472656,46.939998626708984,46.959999084472656,40.50503158569336,1401100,False
EWW,2021-07-14,47.52000045776367,47.97999954223633,47.31999969482422,47.880001068115234,41.29856491088867,1724100,False
EWW,2021-07-15,47.689998626708984,48.459999084472656,47.68000030517578,48.400001525878906,41.74708557128906,1189900,False
EWW,2021-07-16,48.720001220703125,48.77000045776367,48.16999816894531,48.45000076293945,41.79021453857422,1820900,False
EWW,2021-07-19,47.75,47.849998474121094,46.54999923706055,46.93000030517578,40.47915267944336,2782200,False
EWW,2021-07-20,46.709999084472656,47.27000045776367,46.650001525878906,46.869998931884766,40.42739486694336,1662400,False
EWW,2021-07-21,46.689998626708984,47.58000183105469,46.689998626708984,47.41999816894531,40.90179443359375,1887600,False
EWW,2021-07-22,47.540000915527344,47.959999084472656,47.2599983215332,47.810001373291016,41.238189697265625,1035800,False
EWW,2021-07-23,48.119998931884766,48.13999938964844,47.7599983215332,47.9900016784668,41.39344024658203,1265500,False
EWW,2021-07-26,47.470001220703125,48.91999816894531,47.119998931884766,48.7400016784668,42.04035186767578,2009200,False
EWW,2021-07-27,48.5099983215332,48.939998626708984,48.43000030517578,48.91999816894531,42.19561004638672,2621500,False
EWW,2021-07-28,48.88999938964844,49.369998931884766,48.54999923706055,49.310001373291016,42.53200149536133,1486100,False
EWW,2021-07-29,49.599998474121094,49.90999984741211,49.38999938964844,49.7400016784668,42.902896881103516,1808700,False
EWW,2021-07-30,49.5,49.81999969482422,48.97999954223633,49.02000045776367,42.281864166259766,1986900,False
EWW,2021-08-02,49.43000030517578,49.59000015258789,48.84000015258789,48.880001068115234,42.16110610961914,2303000,False
EWW,2021-08-03,49.099998474121094,49.86000061035156,48.86000061035156,49.84000015258789,42.9891471862793,2630800,False
EWW,2021-08-04,49.869998931884766,49.869998931884766,48.83000183105469,49.04999923706055,42.307743072509766,1511000,False
EWW,2021-08-05,49.18000030517578,49.470001220703125,49.099998474121094,49.189998626708984,42.428489685058594,1082400,False
EWW,2021-08-06,49.2400016784668,49.2599983215332,48.7400016784668,48.84000015258789,42.12660598754883,1184200,False
EWW,2021-08-09,48.939998626708984,48.939998626708984,48.36000061035156,48.43000030517578,41.77296829223633,1383400,False
EWW,2021-08-10,48.369998931884766,48.849998474121094,48.150001525878906,48.7599983215332,42.05759811401367,915300,False
EWW,2021-08-11,49.220001220703125,49.349998474121094,48.790000915527344,49.310001373291016,42.53200149536133,889600,False
EWW,2021-08-12,49.150001525878906,49.369998931884766,48.97999954223633,49.08000183105469,42.3336181640625,1168900,False
EWW,2021-08-13,49.369998931884766,49.619998931884766,49.189998626708984,49.619998931884766,42.79938507080078,1437500,False
EWW,2021-08-16,49.25,49.790000915527344,49.150001525878906,49.540000915527344,42.730384826660156,1313600,False
EWW,2021-08-17,48.7599983215332,49.529998779296875,48.720001220703125,49.5,42.695884704589844,1814100,False
EWW,2021-08-18,49.4900016784668,50.18000030517578,49.34000015258789,49.90999984741211,43.049522399902344,3126900,False
EWW,2021-08-19,49.150001525878906,49.470001220703125,48.439998626708984,48.81999969482422,42.10934829711914,2450400,False
EWW,2021-08-20,48.189998626708984,48.810001373291016,48.189998626708984,48.54999923706055,41.876468658447266,1448300,False
EWW,2021-08-23,48.81999969482422,49.36000061035156,48.5099983215332,49.25,42.48024368286133,1035400,False
EWW,2021-08-24,49.400001525878906,49.7599983215332,49.09000015258789,49.38999938964844,42.60100555419922,2473700,False
EWW,2021-08-25,49.34000015258789,49.61000061035156,48.970001220703125,49.56999969482422,42.756263732910156,1130600,False
EWW,2021-08-26,49.400001525878906,49.439998626708984,48.970001220703125,49.310001373291016,42.53200149536133,2404800,False
EWW,2021-08-27,49.56999969482422,49.9900016784668,49.2599983215332,49.970001220703125,43.101280212402344,1805500,False
EWW,2021-08-30,50.0,50.41999816894531,49.63999938964844,50.29999923706055,43.385921478271484,1459500,False
EWW,2021-08-31,50.540000915527344,51.290000915527344,50.38999938964844,51.11000061035156,44.0845832824707,2803200,False
EWW,2021-09-01,51.45000076293945,51.4900016784668,50.31999969482422,50.34000015258789,43.4204216003418,1995500,False
EWW,2021-09-02,50.380001068115234,50.63999938964844,50.25,50.4900016784668,43.549808502197266,1463500,False
EWW,2021-09-03,50.720001220703125,50.81999969482422,50.25,50.31999969482422,43.40316390991211,1534700,False
EWW,2021-09-07,50.34000015258789,50.84000015258789,50.34000015258789,50.43000030517578,43.498050689697266,1528500,False
EWW,2021-09-08,50.43000030517578,50.529998779296875,49.849998474121094,49.86000061035156,43.00640106201172,1928300,False
EWW,2021-09-09,49.7599983215332,50.02000045776367,49.66999816894531,49.869998931884766,43.0150260925293,1447600,False
EWW,2021-09-10,50.189998626708984,50.470001220703125,49.9900016784668,50.0099983215332,43.13578414916992,3150600,False
EWW,2021-09-13,50.33000183105469,51.040000915527344,50.08000183105469,50.16999816894531,43.27378463745117,2088700,False
EWW,2021-09-14,50.25,50.650001525878906,49.790000915527344,50.41999816894531,43.489418029785156,1944100,False
EWW,2021-09-15,50.36000061035156,51.0,50.310001373291016,51.0,43.98970031738281,1775100,False
EWW,2021-09-16,50.52000045776367,50.90999984741211,50.310001373291016,50.81999969482422,43.834434509277344,2866200,False
EWW,2021-09-17,50.75,50.86000061035156,49.65999984741211,49.70000076293945,42.86839294433594,2713900,False
EWW,2021-09-20,48.869998931884766,49.04999923706055,48.439998626708984,48.790000915527344,42.08347702026367,2267000,False
EWW,2021-09-21,48.939998626708984,49.18000030517578,48.58000183105469,48.880001068115234,42.16110610961914,1926100,False
EWW,2021-09-22,49.15999984741211,50.150001525878906,49.15999984741211,49.56999969482422,42.756263732910156,2448900,False
EWW,2021-09-23,49.880001068115234,50.040000915527344,49.66999816894531,49.779998779296875,42.93739700317383,1458400,False
EWW,2021-09-24,49.400001525878906,49.65999984741211,49.25,49.27000045776367,42.497493743896484,1908500,False
EWW,2021-09-27,49.11000061035156,49.790000915527344,49.11000061035156,49.72999954223633,42.894264221191406,1239100,False
EWW,2021-09-28,49.27000045776367,49.34000015258789,48.459999084472656,48.560001373291016,41.885093688964844,2127700,False
EWW,2021-09-29,48.380001068115234,48.66999816894531,47.91999816894531,48.16999816894531,41.5487060546875,2123600,False
EWW,2021-09-30,48.459999084472656,48.619998931884766,47.939998626708984,48.2599983215332,41.62632751464844,2068000,False
EWW,2021-10-01,48.7599983215332,48.7599983215332,48.119998931884766,48.529998779296875,41.859214782714844,1926200,False
EWW,2021-10-04,48.209999084472656,48.45000076293945,47.86000061035156,48.099998474121094,41.48832321166992,1606200,False
EWW,2021-10-05,48.130001068115234,48.34000015258789,47.939998626708984,48.130001068115234,41.51420211791992,1365400,False
EWW,2021-10-06,47.25,48.119998931884766,47.150001525878906,48.029998779296875,41.427947998046875,2049700,False
EWW,2021-10-07,48.209999084472656,48.45000076293945,47.790000915527344,47.849998474121094,41.27268600463867,1758100,False
EWW,2021-10-08,48.099998474121094,48.18000030517578,47.720001220703125,48.04999923706055,41.44519805908203,1020800,False
EWW,2021-10-11,47.959999084472656,48.33000183105469,47.90999984741211,47.90999984741211,41.32443618774414,890200,False
EWW,2021-10-12,48.18000030517578,48.689998626708984,48.02000045776367,48.31999969482422,41.67808151245117,1279200,False
EWW,2021-10-13,48.5099983215332,48.849998474121094,48.20000076293945,48.79999923706055,42.092098236083984,2136000,False
EWW,2021-10-14,49.029998779296875,49.18000030517578,48.689998626708984,48.959999084472656,42.230106353759766,1229000,False
EWW,2021-10-15,49.18000030517578,50.20000076293945,49.08000183105469,50.08000183105469,43.1961555480957,2305500,False
EWW,2021-10-18,49.7400016784668,50.0,49.65999984741211,49.81999969482422,42.97190475463867,1080500,False
EWW,2021-10-19,50.189998626708984,50.279998779296875,49.66999816894531,49.88999938964844,43.03227615356445,1425100,False
EWW,2021-10-20,49.90999984741211,50.369998931884766,49.7400016784668,50.08000183105469,43.1961555480957,961700,False
EWW,2021-10-21,49.81999969482422,49.849998474121094,49.15999984741211,49.41999816894531,42.62688446044922,1308300,False
EWW,2021-10-22,49.66999816894531,50.130001068115234,49.38999938964844,49.529998779296875,42.721763610839844,2598400,False
EWW,2021-10-25,49.72999954223633,49.84000015258789,49.33000183105469,49.56999969482422,42.756263732910156,1209700,False
EWW,2021-10-26,49.66999816894531,49.86000061035156,49.439998626708984,49.75,42.91151809692383,1248100,False
EWW,2021-10-27,49.75,49.77000045776367,49.060001373291016,49.13999938964844,42.38536834716797,1357100,False
EWW,2021-10-28,49.040000915527344,49.29999923706055,48.709999084472656,48.790000915527344,42.08347702026367,1212200,False
EWW,2021-10-29,48.34000015258789,48.599998474121094,48.040000915527344,48.349998474121094,41.70396423339844,1977300,False
EWW,2021-11-01,48.15999984741211,48.52000045776367,47.970001220703125,48.189998626708984,41.565956115722656,1249800,False
EWW,2021-11-02,48.150001525878906,48.529998779296875,47.86000061035156,48.029998779296875,41.427947998046875,1698900,False
EWW,2021-11-03,48.04999923706055,48.86000061035156,47.779998779296875,48.83000183105469,42.11798858642578,3036500,False
EWW,2021-11-04,48.869998931884766,49.04999923706055,48.29999923706055,49.0099983215332,42.27323532104492,1342500,False
EWW,2021-11-05,49.439998626708984,49.88999938964844,49.150001525878906,49.66999816894531,42.84251022338867,1891500,False
EWW,2021-11-08,49.91999816894531,50.2400016784668,49.7400016784668,49.90999984741211,43.049522399902344,1152600,False
EWW,2021-11-09,49.90999984741211,50.130001068115234,49.56999969482422,49.84000015258789,42.9891471862793,1224800,False
EWW,2021-11-10,49.619998931884766,49.93000030517578,48.72999954223633,48.75,42.048980712890625,1819300,False
EWW,2021-11-11,49.220001220703125,49.2599983215332,48.369998931884766,48.66999816894531,41.979976654052734,3849200,False
EWW,2021-11-12,48.91999816894531,49.20000076293945,48.72999954223633,48.779998779296875,42.074851989746094,1505400,False
EWW,2021-11-15,48.790000915527344,48.86000061035156,48.43000030517578,48.5099983215332,41.84196853637695,1481900,False
EWW,2021-11-16,48.380001068115234,48.5099983215332,47.810001373291016,48.0099983215332,41.41069793701172,2287800,False
EWW,2021-11-17,48.08000183105469,48.11000061035156,47.59000015258789,48.0099983215332,41.41069793701172,1820100,False
EWW,2021-11-18,47.59000015258789,47.77000045776367,47.22999954223633,47.540000915527344,41.00530242919922,2079100,False
EWW,2021-11-19,47.58000183105469,47.61000061035156,47.16999816894531,47.27000045776367,40.77241134643555,1328100,False
EWW,2021-11-22,47.20000076293945,47.27000045776367,46.61000061035156,46.65999984741211,40.24625778198242,1813600,False
EWW,2021-11-23,46.58000183105469,46.81999969482422,46.2400016784668,46.650001525878906,40.23763656616211,3104100,False
EWW,2021-11-24,45.779998779296875,46.18000030517578,45.5099983215332,46.029998779296875,39.70286178588867,2605700,False
EWW,2021-11-26,44.869998931884766,44.869998931884766,43.66999816894531,44.22999954223633,38.15028381347656,3006300,False
EWW,2021-11-29,44.810001373291016,45.16999816894531,44.2599983215332,44.66999816894531,38.5297966003418,2300400,False
EWW,2021-11-30,45.209999084472656,45.470001220703125,44.75,45.310001373291016,39.08182907104492,3449400,False
EWW,2021-12-01,46.2599983215332,46.720001220703125,45.52000045776367,45.560001373291016,39.297462463378906,3252300,False
EWW,2021-12-02,45.900001525878906,46.900001525878906,45.79999923706055,46.86000061035156,40.41876983642578,2009100,False
EWW,2021-12-03,47.0099983215332,47.27000045776367,46.380001068115234,46.70000076293945,40.28076171875,2404100,False
EWW,2021-12-06,46.900001525878906,47.029998779296875,46.54999923706055,46.599998474121094,40.19450378417969,1381200,False
EWW,2021-12-07,47.029998779296875,47.560001373291016,46.709999084472656,47.52000045776367,40.98805618286133,2322600,False
EWW,2021-12-08,47.790000915527344,47.91999816894531,47.4900016784668,47.869998931884766,41.289939880371094,982500,False
EWW,2021-12-09,47.63999938964844,47.9900016784668,47.41999816894531,47.939998626708984,41.35031509399414,952500,False
EWW,2021-12-10,48.18000030517578,48.18000030517578,47.7599983215332,48.08000183105469,41.47107696533203,1027400,False
EWW,2021-12-13,47.33000183105469,47.470001220703125,46.43000030517578,46.43000030517578,40.60356140136719,1733500,False
EWW,2021-12-14,46.04999923706055,46.97999954223633,46.04999923706055,46.849998474121094,40.97085189819336,3070800,False
EWW,2021-12-15,46.599998474121094,47.38999938964844,46.36000061035156,47.34000015258789,41.39936447143555,2875300,False
EWW,2021-12-16,47.709999084472656,48.290000915527344,47.54999923706055,47.93000030517578,41.91532516479492,2188200,False
EWW,2021-12-17,47.95000076293945,49.0099983215332,47.88999938964844,48.83000183105469,42.702392578125,2222000,False
EWW,2021-12-20,48.56999969482422,48.65999984741211,48.099998474121094,48.380001068115234,42.30885696411133,1622300,False
EWW,2021-12-21,48.59000015258789,48.88999938964844,48.470001220703125,48.68000030517578,42.57120895385742,1484300,False
EWW,2021-12-22,48.72999954223633,49.349998474121094,48.599998474121094,49.34000015258789,43.14838790893555,2440900,False
EWW,2021-12-23,49.349998474121094,49.81999969482422,49.279998779296875,49.720001220703125,43.48070526123047,1853200,False
EWW,2021-12-27,50.20000076293945,50.279998779296875,49.709999084472656,50.279998779296875,43.970428466796875,1132400,False
EWW,2021-12-28,50.54999923706055,50.849998474121094,50.16999816894531,50.34000015258789,44.02289962768555,1142400,False
EWW,2021-12-29,50.470001220703125,50.83000183105469,50.040000915527344,50.189998626708984,43.89171600341797,1725500,False
EWW,2021-12-30,50.119998931884766,50.720001220703125,50.119998931884766,50.68000030517578,44.32023239135742,1169100,False
EWW,2021-12-31,50.900001525878906,51.060001373291016,50.54999923706055,50.599998474121094,44.250267028808594,628500,False
EWW,2022-01-03,50.599998474121094,51.0099983215332,50.31999969482422,50.41999816894531,44.09285354614258,2372500,False
EWW,2022-01-04,50.369998931884766,51.029998779296875,50.290000915527344,50.540000915527344,44.19779586791992,1547400,False
EWW,2022-01-05,50.68000030517578,51.040000915527344,50.16999816894531,50.2400016784668,43.935447692871094,1337900,False
EWW,2022-01-06,50.34000015258789,50.7599983215332,50.20000076293945,50.45000076293945,44.11909484863281,2050400,False
EWW,2022-01-07,50.689998626708984,50.81999969482422,50.2599983215332,50.7599983215332,44.390193939208984,1019300,False
EWW,2022-01-10,50.56999969482422,50.66999816894531,50.20000076293945,50.439998626708984,44.110347747802734,1830600,False
EWW,2022-01-11,50.439998626708984,50.66999816894531,50.18000030517578,50.52000045776367,44.18031311035156,2670500,False
EWW,2022-01-12,50.84000015258789,51.43000030517578,50.720001220703125,51.38999938964844,44.941131591796875,1756500,False
EWW,2022-01-13,51.41999816894531,51.58000183105469,51.20000076293945,51.290000915527344,44.85368728637695,2757000,False
EWW,2022-01-14,51.209999084472656,51.5,50.97999954223633,51.27000045776367,44.83619689941406,1657900,False
EWW,2022-01-18,51.02000045776367,51.2400016784668,50.45000076293945,50.529998779296875,44.18905258178711,2242300,False
EWW,2022-01-19,50.72999954223633,50.88999938964844,49.83000183105469,49.91999816894531,43.65559768676758,1443100,False
EWW,2022-01-20,50.060001373291016,50.459999084472656,49.61000061035156,49.630001068115234,43.40199279785156,1777100,False
EWW,2022-01-21,49.81999969482422,49.900001525878906,48.86000061035156,49.09000015258789,42.929752349853516,2363900,False
EWW,2022-01-24,48.41999816894531,48.58000183105469,46.72999954223633,48.290000915527344,42.23015213012695,3770100,False
EWW,2022-01-25,47.7400016784668,48.34000015258789,47.08000183105469,48.04999923706055,42.020267486572266,2597500,False
EWW,2022-01-26,48.459999084472656,48.65999984741211,47.709999084472656,47.83000183105469,41.82787322998047,2205100,False
EWW,2022-01-27,48.060001373291016,48.310001373291016,47.130001068115234,47.25,41.320655822753906,2861000,False
EWW,2022-01-28,47.33000183105469,47.459999084472656,46.560001373291016,47.36000061035156,41.4168586730957,2428900,False
EWW,2022-01-31,47.790000915527344,48.84000015258789,47.599998474121094,48.54999923706055,42.457523345947266,3637600,False
EWW,2022-02-01,48.790000915527344,49.2400016784668,48.63999938964844,49.18000030517578,43.00846862792969,2523600,False
EWW,2022-02-02,49.279998779296875,49.40999984741211,48.970001220703125,49.380001068115234,43.18336486816406,1633600,False
EWW,2022-02-03,48.849998474121094,49.2400016784668,48.470001220703125,48.4900016784668,42.40505599975586,2189100,False
EWW,2022-02-04,48.09000015258789,48.709999084472656,47.869998931884766,48.27000045776367,42.21266174316406,2246200,False
EWW,2022-02-07,48.25,48.68000030517578,48.08000183105469,48.290000915527344,42.23015213012695,1175900,False
EWW,2022-02-08,48.310001373291016,49.45000076293945,48.2599983215332,49.400001525878906,43.200862884521484,1684100,False
EWW,2022-02-09,49.7400016784668,50.2599983215332,49.58000183105469,50.2400016784668,43.935447692871094,1658900,False
EWW,2022-02-10,49.83000183105469,50.439998626708984,49.709999084472656,49.7400016784668,43.498191833496094,2093100,False
EWW,2022-02-11,49.939998626708984,51.13999938964844,49.939998626708984,50.31999969482422,44.005401611328125,2943000,False
EWW,2022-02-14,50.34000015258789,50.400001525878906,49.5099983215332,49.7599983215332,43.51567840576172,2650000,False
EWW,2022-02-15,50.16999816894531,50.95000076293945,49.939998626708984,50.720001220703125,44.3552131652832,2004000,False
EWW,2022-02-16,50.560001373291016,51.650001525878906,50.47999954223633,51.33000183105469,44.88866424560547,2350700,False
EWW,2022-02-17,51.33000183105469,51.380001068115234,50.36000061035156,50.47999954223633,44.14532470703125,2139900,False
EWW,2022-02-18,50.529998779296875,50.72999954223633,50.11000061035156,50.209999084472656,43.90920639038086,1822900,False
EWW,2022-02-22,49.7599983215332,50.58000183105469,49.709999084472656,50.459999084472656,44.12784194946289,2271800,False
EWW,2022-02-23,50.7400016784668,50.77000045776367,49.150001525878906,49.2599983215332,43.078426361083984,4184300,False
EWW,2022-02-24,47.779998779296875,48.4900016784668,47.150001525878906,48.40999984741211,42.3350944519043,7765500,False
EWW,2022-02-25,48.689998626708984,50.099998474121094,48.54999923706055,50.06999969482422,43.78677749633789,1813600,False
EWW,2022-02-28,49.459999084472656,50.47999954223633,49.16999816894531,50.34000015258789,44.02289962768555,3157600,False
EWW,2022-03-01,50.099998474121094,50.75,49.400001525878906,49.72999954223633,43.48944091796875,2212900,False
EWW,2022-03-02,49.689998626708984,50.16999816894531,49.400001525878906,49.959999084472656,43.690582275390625,2550700,False
EWW,2022-03-03,49.939998626708984,50.54999923706055,49.58000183105469,49.93000030517578,43.66435241699219,2923800,False
EWW,2022-03-04,48.9900016784668,49.349998474121094,48.540000915527344,49.06999969482422,42.912269592285156,2253700,False
EWW,2022-03-07,48.540000915527344,48.689998626708984,46.95000076293945,46.9900016784668,41.09328842163086,2605600,False
EWW,2022-03-08,47.0,48.41999816894531,46.58000183105469,47.880001068115234,41.87160110473633,3332700,False
EWW,2022-03-09,48.79999923706055,49.83000183105469,48.59000015258789,49.68000030517578,43.445716857910156,2020000,False
EWW,2022-03-10,49.4900016784668,49.7400016784668,48.7599983215332,49.220001220703125,43.0434455871582,1931200,False
EWW,2022-03-11,49.560001373291016,49.7599983215332,48.880001068115234,49.150001525878906,42.98223114013672,1699500,False
EWW,2022-03-14,49.40999984741211,49.54999923706055,48.540000915527344,48.77000045776367,42.6499137878418,2298700,False
EWW,2022-03-15,48.869998931884766,49.459999084472656,48.619998931884766,49.43000030517578,43.227088928222656,4284400,False
EWW,2022-03-16,49.970001220703125,50.619998931884766,49.630001068115234,50.349998474121094,44.031639099121094,3100800,False
EWW,2022-03-17,50.369998931884766,51.4900016784668,50.189998626708984,51.459999084472656,45.002349853515625,2279900,False
EWW,2022-03-18,51.43000030517578,52.650001525878906,50.83000183105469,52.59000015258789,45.99055099487305,4103300,False
EWW,2022-03-21,52.560001373291016,52.88999938964844,51.91999816894531,52.20000076293945,45.64948654174805,2286100,False
EWW,2022-03-22,52.72999954223633,53.2400016784668,52.56999969482422,53.09000015258789,46.42780303955078,2567300,False
EWW,2022-03-23,53.20000076293945,53.33000183105469,52.66999816894531,52.7599983215332,46.13921356201172,1978000,False
EWW,2022-03-24,52.7599983215332,53.650001525878906,52.529998779296875,53.61000061035156,46.882545471191406,1748700,False
EWW,2022-03-25,53.900001525878906,53.93000030517578,53.2599983215332,53.58000183105469,46.85631561279297,2375600,False
EWW,2022-03-28,53.400001525878906,53.689998626708984,53.2400016784668,53.650001525878906,46.91753005981445,1119500,False
EWW,2022-03-29,54.290000915527344,54.619998931884766,53.810001373291016,54.540000915527344,47.69584274291992,2311200,False
EWW,2022-03-30,54.540000915527344,54.869998931884766,54.18000030517578,54.54999923706055,47.70458221435547,2982700,False
EWW,2022-03-31,54.380001068115234,55.18000030517578,54.31999969482422,54.970001220703125,48.07188415527344,2232000,False
EWW,2022-04-01,55.47999954223633,55.790000915527344,54.91999816894531,55.36000061035156,48.412940979003906,1788100,False
EWW,2022-04-04,55.630001068115234,55.83000183105469,55.02000045776367,55.06999969482422,48.15933609008789,3203600,False
EWW,2022-04-05,55.20000076293945,55.22999954223633,54.029998779296875,54.13999938964844,47.34603500366211,2254300,False
EWW,2022-04-06,53.810001373291016,54.34000015258789,53.40999984741211,53.61000061035156,46.882545471191406,3024700,False
EWW,2022-04-07,53.5,53.90999984741211,53.369998931884766,53.43000030517578,46.725135803222656,1786400,False
EWW,2022-04-08,53.5,53.54999923706055,52.900001525878906,53.15999984741211,46.489017486572266,1698900,False
EWW,2022-04-11,52.79999923706055,53.470001220703125,52.779998779296875,53.2400016784668,46.55897521972656,1656200,False
EWW,2022-04-12,53.630001068115234,53.869998931884766,52.959999084472656,53.119998931884766,46.454036712646484,1786600,False
EWW,2022-04-13,53.290000915527344,53.65999984741211,53.040000915527344,53.5,46.78635025024414,1414300,False
EWW,2022-04-14,53.369998931884766,53.380001068115234,52.599998474121094,52.65999984741211,46.051761627197266,1689700,False
EWW,2022-04-18,52.630001068115234,53.540000915527344,52.61000061035156,53.41999816894531,46.71638870239258,1287200,False
EWW,2022-04-19,52.95000076293945,53.34000015258789,52.83000183105469,53.18000030517578,46.506507873535156,1451800,False
EWW,2022-04-20,53.45000076293945,53.45000076293945,52.61000061035156,52.77000045776367,46.1479606628418,2264800,False
EWW,2022-04-21,52.650001525878906,52.91999816894531,51.4900016784668,51.7400016784668,45.247215270996094,2008100,False
EWW,2022-04-22,51.41999816894531,51.88999938964844,51.13999938964844,51.47999954223633,45.01984405517578,2062100,False
EWW,2022-04-25,50.91999816894531,51.43000030517578,50.560001373291016,51.279998779296875,44.84493637084961,2474700,False
EWW,2022-04-26,51.209999084472656,51.209999084472656,50.369998931884766,50.40999984741211,44.0841178894043,2205000,False
EWW,2022-04-27,50.279998779296875,50.59000015258789,49.91999816894531,50.150001525878906,43.85673904418945,2257900,False
EWW,2022-04-28,50.22999954223633,50.5099983215332,49.040000915527344,50.5099983215332,44.171566009521484,2986500,False
EWW,2022-04-29,50.66999816894531,51.0099983215332,49.310001373291016,49.43000030517578,43.227088928222656,2411900,False
EWW,2022-05-02,49.43000030517578,49.83000183105469,49.060001373291016,49.70000076293945,43.46321105957031,3552700,False
EWW,2022-05-03,49.95000076293945,49.95000076293945,49.20000076293945,49.400001525878906,43.200862884521484,2046600,False
EWW,2022-05-04,49.45000076293945,50.560001373291016,48.959999084472656,50.4900016784668,44.15407943725586,2502300,False
EWW,2022-05-05,49.91999816894531,50.040000915527344,48.83000183105469,49.099998474121094,42.93850326538086,3084600,False
EWW,2022-05-06,48.79999923706055,49.36000061035156,48.27000045776367,48.43000030517578,42.35258483886719,3355600,False
EWW,2022-05-09,47.79999923706055,48.11000061035156,47.20000076293945,47.540000915527344,41.57426834106445,2783200,False
EWW,2022-05-10,47.95000076293945,48.119998931884766,47.369998931884766,47.630001068115234,41.65297317504883,2373200,False
EWW,2022-05-11,47.630001068115234,48.349998474121094,47.54999923706055,47.95000076293945,41.93281555175781,3156300,False
EWW,2022-05-12,47.45000076293945,48.61000061035156,47.18000030517578,48.150001525878906,42.10771560668945,3253100,False
EWW,2022-05-13,48.33000183105469,48.970001220703125,48.119998931884766,48.900001525878906,42.76359558105469,2410800,False
EWW,2022-05-16,48.75,49.91999816894531,48.650001525878906,49.779998779296875,43.533172607421875,2013500,False
EWW,2022-05-17,50.369998931884766,51.119998931884766,50.029998779296875,50.900001525878906,44.51262283325195,3655900,False
EWW,2022-05-18,50.790000915527344,50.93000030517578,49.40999984741211,49.65999984741211,43.4282341003418,2218700,False
EWW,2022-05-19,49.86000061035156,51.09000015258789,49.709999084472656,50.75,44.381446838378906,1988300,False
EWW,2022-05-20,51.38999938964844,51.540000915527344,50.790000915527344,51.11000061035156,44.69627380371094,2586500,False
EWW,2022-05-23,51.40999984741211,51.77000045776367,50.959999084472656,51.02000045776367,44.61756134033203,3387300,False
EWW,2022-05-24,50.869998931884766,51.2599983215332,50.470001220703125,51.20000076293945,44.77497863769531,2091000,False
EWW,2022-05-25,50.88999938964844,51.9900016784668,50.7400016784668,51.599998474121094,45.124778747558594,2247400,False
EWW,2022-05-26,51.720001220703125,52.20000076293945,51.66999816894531,51.970001220703125,45.44834899902344,2427900,False
EWW,2022-05-27,52.400001525878906,53.33000183105469,52.400001525878906,53.15999984741211,46.489017486572266,4116600,False
EWW,2022-05-31,53.0,53.099998474121094,51.720001220703125,52.06999969482422,45.535804748535156,4658100,False
EWW,2022-06-01,52.310001373291016,52.38999938964844,51.41999816894531,51.650001525878906,45.16850662231445,2133700,False
EWW,2022-06-02,51.86000061035156,51.9900016784668,51.279998779296875,51.5,45.037330627441406,2356600,False
EWW,2022-06-03,51.22999954223633,51.5,51.0099983215332,51.22999954223633,44.801212310791016,1353700,False
EWW,2022-06-06,51.709999084472656,51.72999954223633,50.47999954223633,50.4900016784668,44.15407943725586,2834900,False
EWW,2022-06-07,50.369998931884766,50.70000076293945,49.880001068115234,50.66999816894531,44.311485290527344,2806600,False
EWW,2022-06-08,50.470001220703125,50.720001220703125,50.11000061035156,50.47999954223633,44.14532470703125,4067600,False
EWW,2022-06-09,49.779998779296875,49.939998626708984,49.029998779296875,49.119998931884766,43.60646057128906,2996300,False
EWW,2022-06-10,48.45000076293945,48.5,47.34000015258789,47.40999984741211,42.088401794433594,3729000,False
EWW,2022-06-13,45.529998779296875,46.369998931884766,45.529998779296875,46.040000915527344,40.8721809387207,4835600,False
EWW,2022-06-14,45.97999954223633,46.130001068115234,45.43000030517578,45.5,40.39279556274414,2898900,False
EWW,2022-06-15,45.7599983215332,46.779998779296875,45.310001373291016,46.31999969482422,41.120750427246094,2042000,False
EWW,2022-06-16,45.41999816894531,45.540000915527344,44.66999816894531,45.27000045776367,40.1886100769043,2848900,False
EWW,2022-06-17,45.099998474121094,45.939998626708984,44.970001220703125,45.810001373291016,40.667999267578125,3798900,False
EWW,2022-06-21,46.33000183105469,46.68000030517578,45.84000015258789,46.380001068115234,41.17401885986328,2514000,False
EWW,2022-06-22,45.97999954223633,46.43000030517578,45.86000061035156,45.95000076293945,40.79228591918945,2507000,False
EWW,2022-06-23,46.04999923706055,46.119998931884766,45.65999984741211,45.689998626708984,40.56146240234375,2336300,False
EWW,2022-06-24,46.16999816894531,47.41999816894531,45.869998931884766,47.33000183105469,42.01738739013672,2664800,False
EWW,2022-06-27,47.22999954223633,47.70000076293945,47.04999923706055,47.560001373291016,42.22156524658203,1433000,False
EWW,2022-06-28,47.529998779296875,47.970001220703125,47.060001373291016,47.11000061035156,41.82207489013672,1833900,False
EWW,2022-06-29,47.290000915527344,47.290000915527344,46.5099983215332,46.7599983215332,41.51136016845703,2231500,False
EWW,2022-06-30,46.5,46.84000015258789,45.970001220703125,46.59000015258789,41.360443115234375,1904100,False
EWW,2022-07-01,46.13999938964844,46.560001373291016,45.63999938964844,46.459999084472656,41.24504089355469,2364200,False
EWW,2022-07-05,45.7599983215332,45.93000030517578,45.02000045776367,45.68000030517578,40.552589416503906,1702900,False
EWW,2022-07-06,45.36000061035156,45.75,45.11000061035156,45.65999984741211,40.53483963012695,1225500,False
EWW,2022-07-07,46.130001068115234,46.220001220703125,45.529998779296875,45.54999923706055,40.43717956542969,1673500,False
EWW,2022-07-08,45.790000915527344,46.029998779296875,45.31999969482422,45.959999084472656,40.80116271972656,2035700,False
EWW,2022-07-11,45.279998779296875,45.45000076293945,44.93000030517578,45.189998626708984,40.11758804321289,1697700,False
EWW,2022-07-12,44.77000045776367,45.619998931884766,44.77000045776367,45.13999938964844,40.07320022583008,2134300,False
EWW,2022-07-13,44.7400016784668,45.58000183105469,44.38999938964844,45.119998931884766,40.055450439453125,2633000,False
EWW,2022-07-14,44.63999938964844,44.63999938964844,43.81999969482422,44.400001525878906,39.41626739501953,3167600,False
EWW,2022-07-15,44.7400016784668,45.47999954223633,44.599998474121094,45.45000076293945,40.34840393066406,2095700,False
EWW,2022-07-18,45.970001220703125,46.27000045776367,45.439998626708984,45.560001373291016,40.44606018066406,1586000,False
EWW,2022-07-19,45.970001220703125,46.29999923706055,45.43000030517578,45.65999984741211,40.53483963012695,1600300,False
EWW,2022-07-20,45.7400016784668,45.900001525878906,45.279998779296875,45.47999954223633,40.375038146972656,1350600,False
EWW,2022-07-21,45.369998931884766,45.560001373291016,44.72999954223633,45.349998474121094,40.25962448120117,1729900,False
EWW,2022-07-22,45.599998474121094,45.81999969482422,45.369998931884766,45.54999923706055,40.43717956542969,1087700,False
EWW,2022-07-25,45.75,46.099998474121094,45.61000061035156,45.70000076293945,40.57034683227539,1362200,False
EWW,2022-07-26,45.689998626708984,45.88999938964844,45.060001373291016,45.209999084472656,40.13534164428711,1506000,False
EWW,2022-07-27,45.36000061035156,45.77000045776367,44.630001068115234,45.709999084472656,40.5792236328125,1583800,False
EWW,2022-07-28,45.900001525878906,47.029998779296875,45.59000015258789,46.90999984741211,41.644527435302734,1776500,False
EWW,2022-07-29,46.790000915527344,47.099998474121094,46.70000076293945,46.79999923706055,41.54686737060547,1555100,False
EWW,2022-08-01,46.70000076293945,47.369998931884766,46.0099983215332,46.04999923706055,40.88105773925781,2854100,False
EWW,2022-08-02,45.77000045776367,45.939998626708984,44.560001373291016,44.599998474121094,39.59381103515625,2755700,False
EWW,2022-08-03,44.93000030517578,45.54999923706055,44.650001525878906,45.5,40.39279556274414,2266600,False
EWW,2022-08-04,45.70000076293945,46.810001373291016,45.5,45.83000183105469,40.685752868652344,2470700,False
EWW,2022-08-05,45.52000045776367,45.810001373291016,45.0099983215332,45.34000015258789,40.25075912475586,1489400,False
EWW,2022-08-08,45.65999984741211,46.43000030517578,45.650001525878906,46.38999938964844,41.18289566040039,1944700,False
EWW,2022-08-09,46.45000076293945,46.4900016784668,46.06999969482422,46.290000915527344,41.094120025634766,941500,False
EWW,2022-08-10,47.11000061035156,48.029998779296875,47.060001373291016,47.15999984741211,41.86646270751953,1685100,False
EWW,2022-08-11,47.70000076293945,47.93000030517578,47.25,47.79999923706055,42.43462371826172,3081800,False
EWW,2022-08-12,48.13999938964844,48.689998626708984,48.040000915527344,48.65999984741211,43.19809341430664,2283400,False
EWW,2022-08-15,48.34000015258789,48.7400016784668,48.060001373291016,48.40999984741211,42.97616195678711,1430600,False
EWW,2022-08-16,48.150001525878906,48.65999984741211,48.150001525878906,48.45000076293945,43.01166915893555,1618300,False
EWW,2022-08-17,47.779998779296875,48.2400016784668,47.709999084472656,48.13999938964844,42.73646545410156,1337700,False
EWW,2022-08-18,48.150001525878906,48.279998779296875,47.369998931884766,47.849998474121094,42.47901153564453,1896600,False
EWW,2022-08-19,47.040000915527344,47.56999969482422,47.040000915527344,47.5,42.16830062866211,912100,False
EWW,2022-08-22,47.20000076293945,47.400001525878906,46.79999923706055,47.06999969482422,41.786563873291016,1448700,False
EWW,2022-08-23,47.22999954223633,47.61000061035156,46.959999084472656,47.369998931884766,42.05289077758789,1364900,False
EWW,2022-08-24,47.369998931884766,47.66999816894531,47.060001373291016,47.119998931884766,41.830955505371094,1531700,False
EWW,2022-08-25,47.2400016784668,47.630001068115234,47.099998474121094,47.630001068115234,42.28370666503906,1010800,False
EWW,2022-08-26,47.61000061035156,47.7599983215332,46.400001525878906,46.540000915527344,41.31605911254883,3032400,False
EWW,2022-08-29,46.41999816894531,46.58000183105469,45.88999938964844,45.91999816894531,40.76565170288086,2129400,False
EWW,2022-08-30,46.099998474121094,46.099998474121094,44.869998931884766,45.16999816894531,40.09983444213867,2013500,False
EWW,2022-08-31,45.15999984741211,45.470001220703125,44.209999084472656,44.25,39.28310012817383,4167200,False
EWW,2022-09-01,43.939998626708984,44.84000015258789,43.650001525878906,44.68000030517578,39.66483688354492,2591800,False
EWW,2022-09-02,45.08000183105469,45.95000076293945,45.060001373291016,45.58000183105469,40.46381759643555,2058800,False
EWW,2022-09-06,45.41999816894531,45.689998626708984,44.810001373291016,45.0,39.94891357421875,2101300,False
EWW,2022-09-07,44.95000076293945,45.65999984741211,44.2599983215332,45.4900016784668,40.383914947509766,3735100,False
EWW,2022-09-08,45.31999969482422,45.95000076293945,45.130001068115234,45.880001068115234,40.73014450073242,1122500,False
EWW,2022-09-09,46.029998779296875,46.68000030517578,45.959999084472656,46.65999984741211,41.42258071899414,868000,False
EWW,2022-09-12,47.040000915527344,47.84000015258789,46.93000030517578,47.75,42.390235900878906,1543200,False
EWW,2022-09-13,46.93000030517578,47.220001220703125,46.25,46.310001373291016,41.111873626708984,2533400,False
EWW,2022-09-14,46.4900016784668,46.93000030517578,46.220001220703125,46.459999084472656,41.24504089355469,1912100,False
EWW,2022-09-15,46.119998931884766,46.56999969482422,45.939998626708984,46.20000076293945,41.01422119140625,2998900,False
EWW,2022-09-16,45.93000030517578,46.16999816894531,45.52000045776367,45.959999084472656,40.80116271972656,1684700,False
EWW,2022-09-19,45.59000015258789,46.63999938964844,45.58000183105469,46.599998474121094,41.369319915771484,2013600,False
EWW,2022-09-20,46.20000076293945,46.9900016784668,45.86000061035156,46.869998931884766,41.60901641845703,2872800,False
EWW,2022-09-21,46.77000045776367,47.529998779296875,46.61000061035156,46.81999969482422,41.56462860107422,2468500,False
EWW,2022-09-22,46.959999084472656,46.970001220703125,46.099998474121094,46.29999923706055,41.10299301147461,1636900,False
EWW,2022-09-23,45.689998626708984,45.779998779296875,44.65999984741211,44.91999816894531,39.877891540527344,3380400,False
EWW,2022-09-26,44.529998779296875,44.9900016784668,43.779998779296875,43.810001373291016,38.89249038696289,1627900,False
EWW,2022-09-27,44.279998779296875,44.56999969482422,43.939998626708984,44.220001220703125,39.25646209716797,2427400,False
EWW,2022-09-28,44.279998779296875,45.43000030517578,44.16999816894531,45.27000045776367,40.1886100769043,2611600,False
EWW,2022-09-29,44.9900016784668,45.290000915527344,44.43000030517578,44.84000015258789,39.80687713623047,2375300,False
EWW,2022-09-30,44.880001068115234,45.11000061035156,44.15999984741211,44.22999954223633,39.26534652709961,2636000,False
EWW,2022-10-03,44.720001220703125,45.34000015258789,44.470001220703125,45.2599983215332,40.17973709106445,2860000,False
EWW,2022-10-04,45.810001373291016,46.04999923706055,45.40999984741211,46.0,40.836669921875,2466100,False
EWW,2022-10-05,45.61000061035156,45.72999954223633,44.93000030517578,45.369998931884766,40.277381896972656,1474100,False
EWW,2022-10-06,45.189998626708984,46.189998626708984,45.16999816894531,45.7599983215332,40.62360382080078,1761400,False
EWW,2022-10-07,45.54999923706055,45.84000015258789,45.31999969482422,45.43000030517578,40.33064651489258,1511900,False
EWW,2022-10-10,45.599998474121094,46.060001373291016,45.369998931884766,45.40999984741211,40.31289291381836,1253700,False
EWW,2022-10-11,45.38999938964844,46.04999923706055,44.970001220703125,45.52000045776367,40.410552978515625,1574400,False
EWW,2022-10-12,45.529998779296875,45.97999954223633,45.20000076293945,45.63999938964844,40.51707458496094,4388300,False
EWW,2022-10-13,44.72999954223633,46.18000030517578,44.63999938964844,45.77000045776367,40.63248825073242,2318400,False
EWW,2022-10-14,45.91999816894531,45.9900016784668,45.130001068115234,45.209999084472656,40.13534164428711,1466300,False
EWW,2022-10-17,45.7400016784668,46.54999923706055,45.720001220703125,46.25,41.05860900878906,1669600,False
EWW,2022-10-18,46.66999816894531,46.86000061035156,45.90999984741211,46.27000045776367,41.07636260986328,1631100,False
EWW,2022-10-19,45.880001068115234,46.25,45.70000076293945,46.02000045776367,40.854427337646484,1334300,False
EWW,2022-10-20,46.119998931884766,46.650001525878906,45.880001068115234,46.279998779296875,41.08523941040039,1962100,False
EWW,2022-10-21,46.310001373291016,47.52000045776367,46.150001525878906,47.43000030517578,42.10615921020508,2310700,False
EWW,2022-10-24,47.209999084472656,48.25,47.0,48.060001373291016,42.66544723510742,3107700,False
EWW,2022-10-25,48.18000030517578,49.04999923706055,48.02000045776367,49.040000915527344,43.535438537597656,3423200,False
EWW,2022-10-26,49.209999084472656,49.599998474121094,48.970001220703125,49.43000030517578,43.88166427612305,3277300,False
EWW,2022-10-27,49.52000045776367,49.849998474121094,49.209999084472656,49.2599983215332,43.730751037597656,1747800,False
EWW,2022-10-28,49.34000015258789,49.779998779296875,49.0099983215332,49.779998779296875,44.19237518310547,3201200,False
EWW,2022-10-31,49.25,50.619998931884766,49.25,50.56999969482422,44.893707275390625,2452200,False
EWW,2022-11-01,51.36000061035156,51.72999954223633,50.86000061035156,51.59000015258789,45.799217224121094,3649700,False
EWW,2022-11-02,51.790000915527344,52.27000045776367,50.65999984741211,50.720001220703125,45.0268669128418,1865900,False
EWW,2022-11-03,50.68000030517578,51.599998474121094,50.349998474121094,51.33000183105469,45.568397521972656,2210900,False
EWW,2022-11-04,52.560001373291016,52.86000061035156,51.939998626708984,52.81999969482422,46.89115524291992,3011000,False
EWW,2022-11-07,52.97999954223633,53.209999084472656,52.41999816894531,52.45000076293945,46.56267547607422,2437100,False
EWW,2022-11-08,52.75,52.93000030517578,51.970001220703125,52.310001373291016,46.438392639160156,2479200,False
EWW,2022-11-09,52.20000076293945,52.72999954223633,51.7599983215332,51.880001068115234,46.05666732788086,1962300,False
EWW,2022-11-10,53.4900016784668,53.59000015258789,52.81999969482422,53.130001068115234,47.166358947753906,2144000,False
EWW,2022-11-11,52.81999969482422,53.81999969482422,52.63999938964844,53.61000061035156,47.59247589111328,4262600,False
EWW,2022-11-14,53.630001068115234,54.11000061035156,53.27000045776367,53.58000183105469,47.56584548950195,1591300,False
EWW,2022-11-15,54.45000076293945,54.54999923706055,53.310001373291016,53.599998474121094,47.58359146118164,2020300,False
EWW,2022-11-16,53.849998474121094,54.0,53.540000915527344,53.65999984741211,47.636863708496094,1662700,False
EWW,2022-11-17,52.959999084472656,53.54999923706055,52.869998931884766,53.31999969482422,47.335025787353516,1569800,False
EWW,2022-11-18,53.5,53.75,53.13999938964844,53.349998474121094,47.36166000366211,2407300,False
EWW,2022-11-21,52.91999816894531,53.43000030517578,52.77000045776367,53.029998779296875,47.07757568359375,986300,False
EWW,2022-11-22,53.22999954223633,54.189998626708984,53.09000015258789,53.70000076293945,47.67237091064453,3571400,False
EWW,2022-11-23,53.72999954223633,54.529998779296875,53.72999954223633,54.27000045776367,48.17839050292969,2261100,False
EWW,2022-11-25,54.369998931884766,54.400001525878906,53.720001220703125,54.0,47.938697814941406,636700,False
EWW,2022-11-28,54.029998779296875,54.560001373291016,53.400001525878906,53.40999984741211,47.41492462158203,2040500,False
EWW,2022-11-29,54.2599983215332,54.2599983215332,52.66999816894531,52.79999923706055,46.87339401245117,4259300,False
EWW,2022-11-30,52.7599983215332,54.040000915527344,52.09000015258789,53.900001525878906,47.84992599487305,5072300,False
EWW,2022-12-01,54.209999084472656,54.59000015258789,53.61000061035156,54.220001220703125,48.13400650024414,3188000,False
EWW,2022-12-02,53.84000015258789,53.86000061035156,53.119998931884766,53.189998626708984,47.21961975097656,1761800,False
EWW,2022-12-05,52.349998474121094,52.439998626708984,51.5099983215332,51.779998779296875,45.96788787841797,2265800,False
EWW,2022-12-06,51.779998779296875,52.52000045776367,51.599998474121094,52.060001373291016,46.216461181640625,1668200,False
EWW,2022-12-07,52.25,52.84000015258789,52.130001068115234,52.16999816894531,46.314109802246094,1082000,False
EWW,2022-12-08,52.209999084472656,52.84000015258789,52.18000030517578,52.56999969482422,46.66921615600586,1109500,False
EWW,2022-12-09,52.27000045776367,52.290000915527344,51.459999084472656,51.52000045776367,45.73706817626953,2730100,False
EWW,2022-12-12,51.63999938964844,52.09000015258789,51.220001220703125,52.04999923706055,46.207576751708984,1238200,False
EWW,2022-12-13,52.459999084472656,52.459999084472656,50.86000061035156,51.0,46.20304870605469,3330100,False
EWW,2022-12-14,50.7400016784668,50.95000076293945,50.11000061035156,50.630001068115234,45.86785888671875,2582800,False
EWW,2022-12-15,50.08000183105469,50.91999816894531,49.54999923706055,49.599998474121094,44.93473434448242,1675600,False
EWW,2022-12-16,49.599998474121094,49.75,49.189998626708984,49.65999984741211,44.98908996582031,1682100,False
EWW,2022-12-19,49.900001525878906,50.16999816894531,49.66999816894531,50.11000061035156,45.39676284790039,1595800,False
EWW,2022-12-20,50.220001220703125,50.619998931884766,50.0,50.33000183105469,45.5960693359375,1262700,False
EWW,2022-12-21,50.400001525878906,51.119998931884766,50.25,50.91999816894531,46.13056945800781,1278800,False
EWW,2022-12-22,50.849998474121094,51.119998931884766,50.11000061035156,50.790000915527344,46.01280212402344,927700,False
EWW,2022-12-23,51.11000061035156,52.02000045776367,50.79999923706055,51.93000030517578,47.045570373535156,1760400,False
EWW,2022-12-27,51.380001068115234,52.0,51.310001373291016,51.41999816894531,46.58354568481445,998400,False
EWW,2022-12-28,51.58000183105469,51.689998626708984,50.63999938964844,50.709999084472656,45.940330505371094,951300,False
EWW,2022-12-29,51.119998931884766,51.630001068115234,50.45000076293945,50.470001220703125,45.72290802001953,1009000,False
EWW,2022-12-30,50.380001068115234,50.70000076293945,49.369998931884766,49.45000076293945,44.7988395690918,1383200,False
EWW,2023-01-03,50.5,50.5,49.959999084472656,50.34000015258789,45.60512924194336,1714400,False
EWW,2023-01-04,50.75,51.77000045776367,50.560001373291016,51.560001373291016,46.71038055419922,1841200,False
EWW,2023-01-05,51.47999954223633,52.43000030517578,51.34000015258789,52.22999954223633,47.317359924316406,1610800,False
EWW,2023-01-06,52.7400016784668,54.04999923706055,52.41999816894531,53.70000076293945,48.64909744262695,2470300,False
EWW,2023-01-09,53.93000030517578,54.54999923706055,53.709999084472656,54.150001525878906,49.05677032470703,1931000,False
EWW,2023-01-10,54.209999084472656,54.689998626708984,53.81999969482422,54.4900016784668,49.36478805541992,1300200,False
EWW,2023-01-11,54.529998779296875,56.02000045776367,54.52000045776367,55.689998626708984,50.4519157409668,2737000,False
EWW,2023-01-12,55.93000030517578,56.790000915527344,55.75,56.4900016784668,51.176673889160156,3310200,False
EWW,2023-01-13,56.36000061035156,57.09000015258789,56.25,56.68000030517578,51.34880447387695,2807700,False
EWW,2023-01-17,56.08000183105469,56.86000061035156,56.06999969482422,56.54999923706055,51.23102569580078,1756100,False
EWW,2023-01-18,57.0,57.27000045776367,56.04999923706055,56.04999923706055,50.77805709838867,1896000,False
EWW,2023-01-19,55.970001220703125,56.439998626708984,55.650001525878906,56.0099983215332,50.741817474365234,1688500,False
EWW,2023-01-20,56.439998626708984,57.08000183105469,55.9900016784668,56.869998931884766,51.520931243896484,2023800,False
EWW,2023-01-23,57.09000015258789,58.06999969482422,56.91999816894531,57.63999938964844,52.218509674072266,2786800,False
EWW,2023-01-24,57.41999816894531,58.2400016784668,57.400001525878906,58.029998779296875,52.57182312011719,1513600,False
EWW,2023-01-25,57.79999923706055,58.130001068115234,57.560001373291016,58.130001068115234,52.66241455078125,1610200,False
EWW,2023-01-26,58.279998779296875,58.5,57.86000061035156,58.459999084472656,52.96138000488281,1504900,False
EWW,2023-01-27,58.59000015258789,58.68000030517578,58.0099983215332,58.04999923706055,52.589942932128906,1795900,False
EWW,2023-01-30,57.939998626708984,58.099998474121094,57.619998931884766,57.619998931884766,52.20038604736328,1265200,False
EWW,2023-01-31,57.68000030517578,57.900001525878906,57.4900016784668,57.650001525878906,52.22756576538086,1911800,False
EWW,2023-02-01,57.70000076293945,59.0,57.630001068115234,58.939998626708984,53.3962287902832,3348200,False
EWW,2023-02-02,59.130001068115234,59.45000076293945,57.459999084472656,57.61000061035156,52.19132995605469,2292000,False
EWW,2023-02-03,57.0099983215332,57.36000061035156,56.650001525878906,56.959999084472656,51.60246276855469,2032400,False
EWW,2023-02-06,56.33000183105469,56.810001373291016,56.06999969482422,56.45000076293945,51.14043426513672,1927200,False
EWW,2023-02-07,56.560001373291016,56.68000030517578,55.619998931884766,56.290000915527344,50.995487213134766,2366400,False
EWW,2023-02-08,56.20000076293945,56.38999938964844,55.29999923706055,55.849998474121094,50.59687042236328,1520800,False
EWW,2023-02-09,56.31999969482422,56.459999084472656,55.689998626708984,56.09000015258789,50.81429672241211,1570100,False
EWW,2023-02-10,56.150001525878906,56.43000030517578,55.75,56.310001373291016,51.013607025146484,993600,False
EWW,2023-02-13,56.33000183105469,57.25,56.290000915527344,57.08000183105469,51.711185455322266,1748600,False
EWW,2023-02-14,56.81999969482422,57.72999954223633,56.77000045776367,57.099998474121094,51.72930145263672,2035000,False
EWW,2023-02-15,56.58000183105469,57.439998626708984,56.33000183105469,57.439998626708984,52.037315368652344,1655600,False
EWW,2023-02-16,57.099998474121094,58.61000061035156,57.060001373291016,58.29999923706055,52.81643295288086,2261100,False
EWW,2023-02-17,58.09000015258789,58.59000015258789,57.72999954223633,58.540000915527344,53.03385925292969,1114100,False
EWW,2023-02-21,58.56999969482422,58.939998626708984,57.279998779296875,57.43000030517578,52.028263092041016,1393800,False
EWW,2023-02-22,57.59000015258789,58.209999084472656,57.41999816894531,57.86000061035156,52.417816162109375,882700,False
EWW,2023-02-23,58.130001068115234,58.220001220703125,57.2400016784668,57.7400016784668,52.309104919433594,1148900,False
EWW,2023-02-24,56.93000030517578,57.45000076293945,56.880001068115234,57.209999084472656,51.828948974609375,934700,False
EWW,2023-02-27,57.380001068115234,57.880001068115234,57.099998474121094,57.54999923706055,52.13697052001953,1311100,False
EWW,2023-02-28,57.810001373291016,57.88999938964844,57.22999954223633,57.63999938964844,52.218509674072266,1503100,False
EWW,2023-03-01,57.79999923706055,59.290000915527344,57.7599983215332,59.099998474121094,53.54117965698242,2462900,False
EWW,2023-03-02,58.880001068115234,59.18000030517578,58.310001373291016,58.7599983215332,53.233158111572266,1292900,False
EWW,2023-03-03,59.099998474121094,60.380001068115234,59.060001373291016,60.310001373291016,54.63737487792969,1958300,False
EWW,2023-03-06,60.2400016784668,60.400001525878906,59.79999923706055,59.79999923706055,54.17534255981445,3301900,False
EWW,2023-03-07,59.81999969482422,59.869998931884766,58.4900016784668,58.5,52.99761962890625,1672200,False
EWW,2023-03-08,58.91999816894531,59.529998779296875,58.81999969482422,59.40999984741211,53.822025299072266,1197600,False
EWW,2023-03-09,59.560001373291016,59.689998626708984,58.310001373291016,58.38999938964844,52.89796447753906,3176700,False
EWW,2023-03-10,57.88999938964844,57.91999816894531,56.86000061035156,56.97999954223633,51.620582580566406,3845500,False
EWW,2023-03-13,55.5099983215332,56.65999984741211,55.27000045776367,55.540000915527344,50.3160285949707,5350700,False
EWW,2023-03-14,56.33000183105469,57.13999938964844,56.290000915527344,56.599998474121094,51.27632522583008,2788000,False
EWW,2023-03-15,55.099998474121094,55.369998931884766,54.59000015258789,54.779998779296875,49.62751007080078,3436900,False
EWW,2023-03-16,54.380001068115234,56.15999984741211,54.2400016784668,55.90999984741211,50.65122985839844,2676300,False
EWW,2023-03-17,55.75,55.90999984741211,54.5,54.59000015258789,49.455379486083984,2324200,False
EWW,2023-03-20,54.66999816894531,55.66999816894531,54.459999084472656,55.18000030517578,49.98988723754883,1643400,False
EWW,2023-03-21,55.86000061035156,56.380001068115234,55.400001525878906,56.22999954223633,50.941131591796875,2058500,False
EWW,2023-03-22,56.619998931884766,57.310001373291016,56.2599983215332,56.31999969482422,51.02266311645508,1769100,False
EWW,2023-03-23,56.70000076293945,57.2599983215332,56.209999084472656,56.54999923706055,51.23102569580078,2082400,False
EWW,2023-03-24,56.27000045776367,57.209999084472656,55.939998626708984,57.040000915527344,51.67494201660156,1333100,False
EWW,2023-03-27,57.41999816894531,57.72999954223633,57.310001373291016,57.529998779296875,52.118858337402344,1481900,False
EWW,2023-03-28,57.70000076293945,58.75,57.689998626708984,58.34000015258789,52.85266876220703,1691700,False
EWW,2023-03-29,58.790000915527344,59.43000030517578,58.40999984741211,59.290000915527344,53.71331024169922,1884600,False
EWW,2023-03-30,59.5099983215332,59.900001525878906,59.119998931884766,59.54999923706055,53.94886016845703,1977600,False
EWW,2023-03-31,59.90999984741211,60.27000045776367,59.380001068115234,59.529998779296875,53.93073654174805,1163200,False
EWW,2023-04-03,59.5,59.77000045776367,58.779998779296875,59.27000045776367,53.6951904296875,1606800,False
EWW,2023-04-04,59.29999923706055,59.810001373291016,58.869998931884766,59.4900016784668,53.894500732421875,1667100,False
EWW,2023-04-05,59.29999923706055,59.400001525878906,57.81999969482422,58.06999969482422,52.608062744140625,2082500,False
EWW,2023-04-06,58.15999984741211,59.09000015258789,57.810001373291016,58.630001068115234,53.115394592285156,1571700,False
EWW,2023-04-10,58.5,59.470001220703125,58.34000015258789,59.09000015258789,53.53211975097656,1469500,False
EWW,2023-04-11,59.58000183105469,59.880001068115234,59.220001220703125,59.470001220703125,53.87638473510742,1673400,False
EWW,2023-04-12,59.939998626708984,60.2599983215332,59.31999969482422,59.61000061035156,54.00321578979492,2153600,False
EWW,2023-04-13,59.790000915527344,60.52000045776367,59.7400016784668,60.43000030517578,54.7460823059082,1764000,False
EWW,2023-04-14,60.119998931884766,60.310001373291016,59.400001525878906,59.849998474121094,54.22063446044922,1863300,False
EWW,2023-04-17,59.90999984741211,60.33000183105469,59.66999816894531,60.31999969482422,54.64643478393555,1149200,False
EWW,2023-04-18,60.43000030517578,60.5,59.599998474121094,59.709999084472656,54.093807220458984,1483800,False
EWW,2023-04-19,59.349998474121094,60.040000915527344,59.290000915527344,59.63999938964844,54.030391693115234,1187800,False
EWW,2023-04-20,59.33000183105469,60.220001220703125,59.220001220703125,59.97999954223633,54.338409423828125,1473400,False
EWW,2023-04-21,59.7599983215332,59.9900016784668,59.209999084472656,59.95000076293945,54.31123733520508,1932200,False
EWW,2023-04-24,59.84000015258789,60.459999084472656,59.779998779296875,60.369998931884766,54.69172668457031,1117500,False
EWW,2023-04-25,60.20000076293945,60.459999084472656,59.459999084472656,59.58000183105469,53.97603225708008,1775000,False
EWW,2023-04-26,59.5,59.880001068115234,58.900001525878906,58.91999816894531,53.37811279296875,1578500,False
EWW,2023-04-27,59.15999984741211,59.88999938964844,59.15999984741211,59.810001373291016,54.18440246582031,1264600,False
EWW,2023-04-28,59.95000076293945,60.90999984741211,59.939998626708984,60.880001068115234,55.15376281738281,2104000,False
EWW,2023-05-01,60.939998626708984,61.619998931884766,60.779998779296875,61.08000183105469,55.33495330810547,2060700,False
EWW,2023-05-02,60.91999816894531,61.040000915527344,60.189998626708984,60.72999954223633,55.01786804199219,2898700,False
EWW,2023-05-03,60.939998626708984,61.400001525878906,60.630001068115234,60.7599983215332,55.04505157470703,2303500,False
EWW,2023-05-04,60.95000076293945,61.459999084472656,60.400001525878906,60.56999969482422,54.87291717529297,1640500,False
EWW,2023-05-05,60.849998474121094,61.45000076293945,60.779998779296875,61.25,55.488956451416016,1482500,False
EWW,2023-05-08,61.16999816894531,61.470001220703125,61.0099983215332,61.290000915527344,55.52519607543945,1075100,False
EWW,2023-05-09,61.150001525878906,61.91999816894531,61.06999969482422,61.86000061035156,56.04158401489258,1384100,False
EWW,2023-05-10,62.45000076293945,62.95000076293945,62.06999969482422,62.88999938964844,56.97470474243164,3280500,False
EWW,2023-05-11,62.650001525878906,62.65999984741211,61.709999084472656,62.209999084472656,56.358665466308594,3548400,False
EWW,2023-05-12,62.209999084472656,62.459999084472656,61.72999954223633,62.119998931884766,56.27712631225586,1605000,False
EWW,2023-05-15,62.27000045776367,63.189998626708984,61.91999816894531,63.130001068115234,57.19213104248047,2036900,False
EWW,2023-05-16,62.810001373291016,63.33000183105469,62.72999954223633,62.75,56.847869873046875,1183100,False
EWW,2023-05-17,62.279998779296875,62.70000076293945,61.97999954223633,62.349998474121094,56.48549270629883,1987900,False
EWW,2023-05-18,62.040000915527344,62.209999084472656,61.66999816894531,62.15999984741211,56.31336212158203,2068700,False
EWW,2023-05-19,62.2599983215332,62.52000045776367,60.790000915527344,60.939998626708984,55.2081184387207,1815200,False
EWW,2023-05-22,60.5099983215332,61.02000045776367,59.56999969482422,59.599998474121094,53.99414825439453,3495100,False
EWW,2023-05-23,59.34000015258789,59.7400016784668,58.77000045776367,58.88999938964844,53.35093688964844,3062200,False
EWW,2023-05-24,59.61000061035156,59.86000061035156,59.310001373291016,59.720001220703125,54.10287094116211,3461300,False
EWW,2023-05-25,59.880001068115234,60.13999938964844,59.25,60.0,54.356529235839844,2314000,False
EWW,2023-05-26,60.52000045776367,61.279998779296875,60.310001373291016,61.220001220703125,55.46178436279297,2099700,False
EWW,2023-05-30,61.689998626708984,61.79999923706055,59.91999816894531,60.2400016784668,54.57395935058594,3680700,False
EWW,2023-05-31,59.91999816894531,60.369998931884766,59.29999923706055,59.849998474121094,54.22063446044922,3365700,False
EWW,2023-06-01,59.88999938964844,60.43000030517578,59.790000915527344,60.15999984741211,54.5014762878418,1801700,False
EWW,2023-06-02,60.599998474121094,61.119998931884766,60.459999084472656,60.65999984741211,54.9544563293457,2644000,False
EWW,2023-06-05,60.81999969482422,61.380001068115234,60.65999984741211,61.25,55.488956451416016,1841500,False
EWW,2023-06-06,61.150001525878906,62.439998626708984,61.130001068115234,62.38999938964844,56.521728515625,2251400,False
EWW,2023-06-07,62.20000076293945,62.63999938964844,61.86000061035156,61.93000030517578,56.51990509033203,2294500,False
EWW,2023-06-08,61.93000030517578,62.29999923706055,61.5099983215332,62.20000076293945,56.766319274902344,1502000,False
EWW,2023-06-09,62.5099983215332,63.20000076293945,62.47999954223633,62.91999816894531,57.423423767089844,2124500,False
EWW,2023-06-12,62.900001525878906,62.939998626708984,62.38999938964844,62.619998931884766,57.149627685546875,1185300,False
EWW,2023-06-13,62.709999084472656,63.189998626708984,62.459999084472656,63.09000015258789,57.57856750488281,1788200,False
EWW,2023-06-14,63.31999969482422,64.22000122070312,63.2599983215332,64.08000183105469,58.48208999633789,2193600,False
EWW,2023-06-15,64.11000061035156,64.4000015258789,63.709999084472656,64.33999633789062,58.719364166259766,2482100,False
EWW,2023-06-16,64.26000213623047,64.31999969482422,63.869998931884766,64.0999984741211,58.500335693359375,1845400,False
EWW,2023-06-20,63.70000076293945,64.0,62.79999923706055,62.869998931884766,57.37778854370117,2214300,False
EWW,2023-06-21,62.90999984741211,62.970001220703125,62.33000183105469,62.77000045776367,57.286529541015625,1988500,False
EWW,2023-06-22,62.66999816894531,62.66999816894531,61.900001525878906,62.0099983215332,56.592918395996094,2744300,False
EWW,2023-06-23,61.70000076293945,61.84000015258789,61.380001068115234,61.65999984741211,56.27349090576172,1613300,False
EWW,2023-06-26,61.79999923706055,62.0099983215332,61.58000183105469,61.75,56.35563659667969,1613600,False
EWW,2023-06-27,62.20000076293945,62.93000030517578,61.91999816894531,62.810001373291016,57.32303237915039,3258500,False
EWW,2023-06-28,62.75,62.90999984741211,61.970001220703125,62.36000061035156,56.9123420715332,2615600,False
EWW,2023-06-29,62.25,62.63999938964844,62.0099983215332,62.529998779296875,57.06748962402344,1784800,False
EWW,2023-06-30,61.97999954223633,62.869998931884766,61.88999938964844,62.18000030517578,56.74806213378906,3645400,False
EWW,2023-07-03,62.41999816894531,63.2599983215332,62.40999984741211,63.09000015258789,57.57856750488281,1583000,False
EWW,2023-07-05,62.84000015258789,63.40999984741211,62.81999969482422,63.209999084472656,57.688087463378906,1512500,False
EWW,2023-07-06,62.4900016784668,62.95000076293945,61.060001373291016,61.66999816894531,56.282615661621094,2812900,False
EWW,2023-07-07,61.90999984741211,63.130001068115234,61.75,62.61000061035156,57.1405029296875,2247300,False
EWW,2023-07-10,62.599998474121094,62.939998626708984,62.40999984741211,62.619998931884766,57.149627685546875,1494600,False
EWW,2023-07-11,62.72999954223633,63.29999923706055,62.15999984741211,63.20000076293945,57.67896270751953,1936400,False
EWW,2023-07-12,64.11000061035156,64.29000091552734,63.52000045776367,63.54999923706055,57.998382568359375,2743000,False
EWW,2023-07-13,63.630001068115234,64.56999969482422,63.630001068115234,64.2300033569336,58.618988037109375,3270800,False
EWW,2023-07-14,64.13999938964844,64.2699966430664,63.58000183105469,63.90999984741211,58.326934814453125,1416600,False
EWW,2023-07-17,63.54999923706055,63.90999984741211,62.9900016784668,63.880001068115234,58.299556732177734,1628400,False
EWW,2023-07-18,63.880001068115234,64.44000244140625,63.59000015258789,64.22000122070312,58.60985565185547,1137300,False
EWW,2023-07-19,64.33000183105469,64.63999938964844,63.83000183105469,63.959999084472656,58.3725700378418,1380200,False
EWW,2023-07-20,63.79999923706055,63.880001068115234,63.0,63.130001068115234,57.61507797241211,1542100,False
EWW,2023-07-21,63.130001068115234,63.40999984741211,62.65999984741211,62.900001525878906,57.405174255371094,1326700,False
EWW,2023-07-24,63.16999816894531,63.560001373291016,62.70000076293945,63.369998931884766,57.8341064453125,1556700,False
EWW,2023-07-25,63.40999984741211,63.63999938964844,63.16999816894531,63.400001525878906,57.86149215698242,1342000,False
EWW,2023-07-26,63.5,64.36000061035156,63.2599983215332,64.33000183105469,58.71025085449219,1374600,False
EWW,2023-07-27,64.83999633789062,65.08000183105469,64.2699966430664,64.33000183105469,58.71025085449219,2969100,False
EWW,2023-07-28,65.43000030517578,65.7300033569336,64.91000366210938,65.36000061035156,59.650264739990234,1570800,False
EWW,2023-07-31,65.36000061035156,65.58999633789062,64.80000305175781,65.02999877929688,59.34909439086914,1989000,False
EWW,2023-08-01,64.75,64.98999786376953,63.59000015258789,63.63999938964844,58.08052444458008,2562000,False
EWW,2023-08-02,63.15999984741211,63.209999084472656,61.86000061035156,61.959999084472656,56.54728698730469,3120900,False
EWW,2023-08-03,61.11000061035156,61.290000915527344,60.47999954223633,61.20000076293945,55.853675842285156,3823900,False
EWW,2023-08-04,61.86000061035156,62.91999816894531,61.790000915527344,62.7599983215332,57.27739334106445,2775200,False
EWW,2023-08-07,62.849998474121094,63.130001068115234,62.36000061035156,63.0,57.496437072753906,1904000,False
EWW,2023-08-08,62.4900016784668,62.5099983215332,61.52000045776367,62.369998931884766,56.92146682739258,2111600,False
EWW,2023-08-09,62.31999969482422,63.119998931884766,62.119998931884766,63.029998779296875,57.52381134033203,1244100,False
EWW,2023-08-10,63.41999816894531,63.84000015258789,62.689998626708984,62.790000915527344,57.304779052734375,1518400,False
EWW,2023-08-11,62.310001373291016,63.0,61.93000030517578,62.04999923706055,56.629425048828125,2941000,False
EWW,2023-08-14,61.81999969482422,62.22999954223633,61.2599983215332,61.9900016784668,56.574668884277344,1761800,False
EWW,2023-08-15,61.84000015258789,62.400001525878906,61.41999816894531,62.11000061035156,56.68418502807617,2309700,False
EWW,2023-08-16,62.029998779296875,62.7400016784668,61.900001525878906,62.22999954223633,56.793701171875,2221200,False
EWW,2023-08-17,62.68000030517578,62.68000030517578,61.470001220703125,61.54999923706055,56.173099517822266,2344500,False
EWW,2023-08-18,61.5,62.06999969482422,61.119998931884766,61.849998474121094,56.446895599365234,1879700,False
EWW,2023-08-21,61.83000183105469,61.970001220703125,61.349998474121094,61.7400016784668,56.346500396728516,1237000,False
EWW,2023-08-22,62.20000076293945,62.29999923706055,61.88999938964844,62.040000915527344,56.62030029296875,1623900,False
EWW,2023-08-23,62.470001220703125,63.439998626708984,62.439998626708984,63.36000061035156,57.82498550415039,2325700,False
EWW,2023-08-24,63.2599983215332,63.38999938964844,62.33000183105469,62.459999084472656,57.003604888916016,2108100,False
EWW,2023-08-25,62.70000076293945,63.189998626708984,62.189998626708984,62.849998474121094,57.359535217285156,2262000,False
EWW,2023-08-28,63.2400016784668,63.689998626708984,62.939998626708984,63.20000076293945,57.67896270751953,1504300,False
EWW,2023-08-29,63.29999923706055,64.04000091552734,62.70000076293945,63.939998626708984,58.35431671142578,1432800,False
EWW,2023-08-30,64.08000183105469,64.48999786376953,63.869998931884766,64.26000213623047,58.646366119384766,1679000,False
EWW,2023-08-31,64.31999969482422,64.31999969482422,61.540000915527344,61.65999984741211,56.27349090576172,5731900,False
EWW,2023-09-01,62.130001068115234,62.56999969482422,61.22999954223633,61.459999084472656,56.090965270996094,3066500,False
EWW,2023-09-05,60.9900016784668,61.29999923706055,59.959999084472656,60.060001373291016,54.813262939453125,2455000,False
EWW,2023-09-06,59.65999984741211,60.06999969482422,59.400001525878906,59.689998626708984,54.475589752197266,2264200,False
EWW,2023-09-07,59.68000030517578,59.86000061035156,59.040000915527344,59.060001373291016,53.90062713623047,1248000,False
EWW,2023-09-08,59.150001525878906,59.79999923706055,59.11000061035156,59.380001068115234,54.19267272949219,1812200,False
EWW,2023-09-11,59.72999954223633,60.380001068115234,59.720001220703125,60.220001220703125,54.959293365478516,1866200,False
EWW,2023-09-12,60.0,60.290000915527344,59.720001220703125,59.95000076293945,54.71287536621094,2564500,False
EWW,2023-09-13,60.31999969482422,60.369998931884766,59.72999954223633,59.91999816894531,54.68549346923828,2670500,False
EWW,2023-09-14,60.27000045776367,60.63999938964844,59.869998931884766,60.27000045776367,55.004920959472656,2003100,False
EWW,2023-09-15,60.36000061035156,60.36000061035156,59.599998474121094,59.90999984741211,54.676368713378906,2662200,False
EWW,2023-09-18,59.709999084472656,60.150001525878906,59.18000030517578,60.130001068115234,54.87715148925781,2486200,False
EWW,2023-09-19,60.15999984741211,60.88999938964844,59.93000030517578,60.81999969482422,55.506874084472656,1865700,False
EWW,2023-09-20,60.970001220703125,61.7599983215332,60.869998931884766,61.11000061035156,55.771541595458984,2030500,False
EWW,2023-09-21,60.72999954223633,60.810001373291016,59.939998626708984,59.970001220703125,54.73113250732422,2406700,False
EWW,2023-09-22,60.34000015258789,60.56999969482422,59.970001220703125,59.97999954223633,54.74025344848633,2074000,False
EWW,2023-09-25,59.5,59.66999816894531,58.7599983215332,58.83000183105469,53.69071578979492,2105000,False
EWW,2023-09-26,58.38999938964844,58.90999984741211,58.11000061035156,58.16999816894531,53.08837127685547,2054000,False
EWW,2023-09-27,58.08000183105469,58.38999938964844,57.4900016784668,57.959999084472656,52.8967170715332,2409200,False
EWW,2023-09-28,57.72999954223633,58.66999816894531,57.72999954223633,58.470001220703125,53.36216735839844,2261900,False
EWW,2023-09-29,59.150001525878906,59.470001220703125,58.09000015258789,58.22999954223633,53.143131256103516,1998500,False
EWW,2023-10-02,57.939998626708984,58.13999938964844,57.0099983215332,57.68000030517578,52.64118194580078,3234100,False
EWW,2023-10-03,57.369998931884766,57.7400016784668,55.720001220703125,55.7599983215332,50.8889045715332,4422700,False
EWW,2023-10-04,56.25,56.25,55.13999938964844,56.18000030517578,51.272216796875,2560700,False
EWW,2023-10-05,55.0,55.0,53.18000030517578,54.20000076293945,49.465187072753906,6086000,False
EWW,2023-10-06,53.72999954223633,55.04999923706055,52.970001220703125,54.709999084472656,49.930633544921875,3241900,False
EWW,2023-10-09,54.209999084472656,54.58000183105469,53.5099983215332,54.25,49.51081466674805,2652200,False
EWW,2023-10-10,54.72999954223633,56.290000915527344,54.560001373291016,56.22999954223633,51.317848205566406,2855400,False
EWW,2023-10-11,56.58000183105469,56.70000076293945,56.119998931884766,56.459999084472656,51.52775192260742,2450200,False
EWW,2023-10-12,56.68000030517578,56.68000030517578,55.0099983215332,55.400001525878906,50.56035232543945,3526600,False
EWW,2023-10-13,55.810001373291016,55.880001068115234,54.689998626708984,54.84000015258789,50.049278259277344,2546500,False
EWW,2023-10-16,55.150001525878906,55.939998626708984,55.0099983215332,55.869998931884766,50.989295959472656,2185100,False
EWW,2023-10-17,55.31999969482422,55.88999938964844,55.04999923706055,55.31999969482422,50.487342834472656,2331700,False
EWW,2023-10-18,54.93000030517578,55.040000915527344,53.83000183105469,54.220001220703125,49.48344039916992,3174000,False
EWW,2023-10-19,54.0099983215332,54.369998931884766,53.5,53.720001220703125,49.02711486816406,3786400,False
EWW,2023-10-20,53.33000183105469,53.77000045776367,53.11000061035156,53.27000045776367,48.61642837524414,1814400,False
EWW,2023-10-23,52.880001068115234,53.7400016784668,52.43000030517578,53.34000015258789,48.68031311035156,2049500,False
EWW,2023-10-24,53.34000015258789,53.77000045776367,53.0099983215332,53.209999084472656,48.56167221069336,1959700,False
EWW,2023-10-25,52.84000015258789,53.66999816894531,52.79999923706055,53.439998626708984,48.77157974243164,2747800,False
EWW,2023-10-26,53.29999923706055,54.779998779296875,53.27000045776367,54.58000183105469,49.811988830566406,2260600,False
EWW,2023-10-27,54.9900016784668,55.40999984741211,54.400001525878906,54.529998779296875,49.766353607177734,3796300,False
EWW,2023-10-30,54.79999923706055,55.43000030517578,54.619998931884766,54.95000076293945,50.1496696472168,1449000,False
EWW,2023-10-31,54.869998931884766,55.040000915527344,54.34000015258789,54.79999923706055,50.01276779174805,2496300,False
EWW,2023-11-01,55.08000183105469,56.61000061035156,54.9900016784668,56.5,51.56426239013672,2398400,False
EWW,2023-11-02,57.52000045776367,59.11000061035156,57.38999938964844,58.959999084472656,53.809356689453125,5321100,False
EWW,2023-11-03,59.150001525878906,60.65999984741211,59.150001525878906,59.529998779296875,54.329566955566406,4579300,False
EWW,2023-11-06,59.599998474121094,60.349998474121094,59.38999938964844,59.689998626708984,54.475589752197266,3476900,False
EWW,2023-11-07,59.90999984741211,59.90999984741211,58.939998626708984,59.189998626708984,54.019264221191406,1887300,False
EWW,2023-11-08,59.2599983215332,59.68000030517578,58.7400016784668,58.84000015258789,53.69984436035156,1450400,False
EWW,2023-11-09,59.08000183105469,59.279998779296875,57.86000061035156,57.88999938964844,52.83283233642578,2234100,False
EWW,2023-11-10,58.2599983215332,59.060001373291016,57.84000015258789,59.0099983215332,53.8549919128418,1841800,False
EWW,2023-11-13,58.7400016784668,59.27000045776367,58.4900016784668,58.93000030517578,53.781982421875,1146000,False
EWW,2023-11-14,60.060001373291016,61.470001220703125,60.0,61.43000030517578,56.06358337402344,2767300,False
EWW,2023-11-15,61.58000183105469,62.0,61.380001068115234,61.880001068115234,56.47427749633789,2163600,False
EWW,2023-11-16,62.029998779296875,62.16999816894531,61.36000061035156,61.619998931884766,56.23698806762695,1415200,False
EWW,2023-11-17,61.709999084472656,62.349998474121094,61.650001525878906,62.09000015258789,56.66593551635742,1691300,False
EWW,2023-11-20,62.34000015258789,62.959999084472656,62.11000061035156,62.84000015258789,57.35041046142578,1178300,False
EWW,2023-11-21,62.720001220703125,62.720001220703125,61.689998626708984,62.04999923706055,56.629425048828125,2044700,False
EWW,2023-11-22,62.08000183105469,62.59000015258789,62.029998779296875,62.27000045776367,56.83020782470703,910000,False
EWW,2023-11-24,62.959999084472656,63.0,62.41999816894531,62.4900016784668,57.03098678588867,873400,False
EWW,2023-11-27,63.0099983215332,63.119998931884766,61.90999984741211,61.9900016784668,56.574668884277344,1589200,False
EWW,2023-11-28,61.9900016784668,62.65999984741211,61.93000030517578,62.45000076293945,56.99448013305664,1264900,False
EWW,2023-11-29,62.220001220703125,62.56999969482422,61.970001220703125,62.06999969482422,56.64767837524414,972300,False
EWW,2023-11-30,61.810001373291016,63.33000183105469,61.369998931884766,63.2400016784668,57.71546936035156,3256900,False
EWW,2023-12-01,63.68000030517578,63.95000076293945,63.130001068115234,63.79999923706055,58.22654724121094,2887900,False
EWW,2023-12-04,63.470001220703125,63.900001525878906,62.619998931884766,62.91999816894531,57.423423767089844,2341700,False
EWW,2023-12-05,62.959999084472656,63.529998779296875,62.220001220703125,63.41999816894531,57.87974166870117,1149500,False
EWW,2023-12-06,63.959999084472656,64.31999969482422,63.720001220703125,63.790000915527344,58.21742248535156,2053500,False
EWW,2023-12-07,63.970001220703125,63.97999954223633,63.13999938964844,63.540000915527344,57.98926544189453,1179800,False
EWW,2023-12-08,63.900001525878906,64.06999969482422,63.439998626708984,63.93000030517578,58.34518814086914,1341700,False
EWW,2023-12-11,63.66999816894531,64.01000213623047,63.529998779296875,63.939998626708984,58.35431671142578,1235800,False
EWW,2023-12-12,64.04000091552734,64.52999877929688,63.209999084472656,64.51000213623047,58.87452697753906,2060400,False
EWW,2023-12-13,64.44999694824219,65.58999633789062,63.810001373291016,65.37999725341797,59.66851806640625,3001400,False
EWW,2023-12-14,65.30000305175781,67.83000183105469,65.01000213623047,67.81999969482422,61.895362854003906,4629400,False
EWW,2023-12-15,67.77999877929688,68.26000213623047,67.29000091552734,67.70999908447266,61.79497146606445,4182100,False
EWW,2023-12-18,68.11000061035156,68.8499984741211,67.02999877929688,68.62000274658203,62.625484466552734,3491700,False
EWW,2023-12-19,68.94999694824219,69.72000122070312,68.56999969482422,68.81999969482422,62.808006286621094,3059000,False
EWW,2023-12-20,67.7699966430664,68.04000091552734,66.5,66.55999755859375,61.66567611694336,2585500,False
EWW,2023-12-21,66.93000030517578,67.94999694824219,66.93000030517578,67.8499984741211,62.86082077026367,2418400,False
EWW,2023-12-22,68.33999633789062,68.41999816894531,67.5999984741211,67.80999755859375,62.82375717163086,1402500,False
EWW,2023-12-26,68.30000305175781,68.69999694824219,68.0199966430664,68.30999755859375,63.28699493408203,1151900,False
EWW,2023-12-27,68.68000030517578,68.79000091552734,68.13999938964844,68.45999908447266,63.425960540771484,2047200,False
EWW,2023-12-28,68.61000061035156,68.69999694824219,67.9000015258789,67.95999908447266,62.96272277832031,1481400,False
EWW,2023-12-29,68.33000183105469,68.38999938964844,67.81999969482422,67.8499984741211,62.86082077026367,1462500,False
EWW,2024-01-02,67.38999938964844,67.88999938964844,66.75,67.19999694824219,62.25861358642578,2233500,False
EWW,2024-01-03,67.05999755859375,67.1500015258789,65.62999725341797,65.66999816894531,60.84111785888672,5388400,False
EWW,2024-01-04,65.70999908447266,65.95999908447266,65.0199966430664,65.33999633789062,60.535377502441406,3610800,False
EWW,2024-01-05,65.7300033569336,67.01000213623047,65.6500015258789,66.87999725341797,61.96214294433594,2779800,False
EWW,2024-01-08,66.87000274658203,67.27999877929688,66.69999694824219,66.98999786376953,62.06405258178711,2632700,False
EWW,2024-01-09,66.44999694824219,66.52999877929688,65.20999908447266,65.23999786376953,60.44272994995117,2704300,False
EWW,2024-01-10,65.29000091552734,65.68000030517578,65.08000183105469,65.52999877929688,60.71141052246094,1667600,False
EWW,2024-01-11,65.56999969482422,66.1500015258789,65.1500015258789,66.02999877929688,61.17464828491211,2420800,False
EWW,2024-01-12,66.6500015258789,66.73999786376953,66.20999908447266,66.3499984741211,61.47111511230469,2943100,False
EWW,2024-01-16,65.0,65.44999694824219,64.27999877929688,64.41999816894531,59.68303298950195,3082900,False
EWW,2024-01-17,64.04000091552734,64.04000091552734,63.040000915527344,63.630001068115234,58.95112228393555,3240500,False
EWW,2024-01-18,63.79999923706055,63.959999084472656,63.20000076293945,63.939998626708984,59.23832702636719,2316200,False
EWW,2024-01-19,64.16000366210938,65.19000244140625,63.810001373291016,65.12000274658203,60.33156204223633,2089000,False
EWW,2024-01-22,65.19000244140625,65.29000091552734,63.83000183105469,64.04000091552734,59.33097457885742,1615000,False
EWW,2024-01-23,64.33000183105469,64.5199966430664,63.689998626708984,64.44000244140625,59.701568603515625,1503100,False
EWW,2024-01-24,65.25,65.44999694824219,64.37999725341797,64.43000030517578,59.692298889160156,3041500,False
EWW,2024-01-25,64.8499984741211,65.6500015258789,63.849998474121094,65.48999786376953,60.67435073852539,2326300,False
EWW,2024-01-26,65.5999984741211,66.76000213623047,65.44999694824219,66.38999938964844,61.508174896240234,2754800,False
EWW,2024-01-29,66.61000061035156,66.61000061035156,65.91000366210938,66.37999725341797,61.498905181884766,1908500,False
EWW,2024-01-30,66.08000183105469,67.16999816894531,66.06999969482422,67.02999877929688,62.10110855102539,1776800,False
EWW,2024-01-31,66.88999938964844,67.5199966430664,66.52999877929688,66.66000366210938,61.75831985473633,2088500,False
EWW,2024-02-01,66.76000213623047,68.12999725341797,66.69999694824219,67.63999938964844,62.666259765625,2775300,False
EWW,2024-02-02,67.18000030517578,68.01000213623047,67.11000061035156,67.94000244140625,62.94419860839844,2337100,False
EWW,2024-02-05,67.58000183105469,68.08999633789062,66.9800033569336,67.5999984741211,62.62920379638672,1322100,False
EWW,2024-02-06,67.98999786376953,69.2699966430664,67.73999786376953,68.91999816894531,63.85213088989258,3568500,False
EWW,2024-02-07,69.12000274658203,69.38999938964844,68.52999877929688,68.80999755859375,63.75022888183594,1783000,False
EWW,2024-02-08,68.76000213623047,68.76000213623047,67.41000366210938,67.52999877929688,62.5643424987793,1819700,False
EWW,2024-02-09,67.77999877929688,67.94000244140625,67.37999725341797,67.41999816894531,62.462432861328125,1747300,False
EWW,2024-02-12,67.5199966430664,68.16999816894531,67.37000274658203,67.54000091552734,62.5736083984375,1577600,False
EWW,2024-02-13,66.66000366210938,67.20999908447266,66.29000091552734,66.55000305175781,61.656410217285156,2423900,False
EWW,2024-02-14,67.37999725341797,67.44000244140625,66.91999816894531,67.31999969482422,62.369789123535156,1904600,False
EWW,2024-02-15,67.37000274658203,67.97000122070312,67.30000305175781,67.58000183105469,62.61066436767578,1814700,False
EWW,2024-02-16,67.47000122070312,67.58999633789062,67.06999969482422,67.30000305175781,62.35126495361328,2354300,False
EWW,2024-02-20,67.80999755859375,68.08999633789062,67.11000061035156,67.30999755859375,62.36052322387695,1715600,False
EWW,2024-02-21,67.54000091552734,67.54000091552734,66.79000091552734,67.12000274658203,62.18450164794922,2412500,False
EWW,2024-02-22,67.69999694824219,67.69999694824219,66.5,67.19999694824219,62.25861358642578,2355100,False
EWW,2024-02-23,67.30000305175781,67.30000305175781,66.22000122070312,66.52999877929688,61.63787078857422,2570200,False
EWW,2024-02-26,66.52999877929688,66.52999877929688,65.91999816894531,66.16999816894531,61.30434799194336,1934800,False
EWW,2024-02-27,66.16000366210938,66.43000030517578,65.91999816894531,66.12000274658203,61.25802993774414,2635700,False
EWW,2024-02-28,65.62000274658203,65.94999694824219,64.48999786376953,64.88999938964844,60.118473052978516,2309000,False
EWW,2024-02-29,65.08000183105469,65.5,64.70999908447266,65.23999786376953,60.44272994995117,3238200,False
EWW,2024-03-01,65.23999786376953,66.16999816894531,64.93000030517578,65.63999938964844,60.813323974609375,3833600,False
EWW,2024-03-04,65.27999877929688,66.08999633789062,65.27999877929688,65.62999725341797,60.80405807495117,1271200,False
EWW,2024-03-05,65.41999816894531,66.08000183105469,65.31999969482422,65.87999725341797,61.03567123413086,2075200,False
EWW,2024-03-06,66.36000061035156,66.58000183105469,65.69000244140625,65.69000244140625,60.859649658203125,2066300,False
EWW,2024-03-07,66.0,66.0999984741211,65.45999908447266,65.58999633789062,60.766998291015625,1436900,False
EWW,2024-03-08,65.69000244140625,66.27999877929688,65.41999816894531,65.58999633789062,60.766998291015625,2125000,False
EWW,2024-03-11,65.58000183105469,66.25,65.37000274658203,65.83999633789062,60.99861145019531,1911800,False
EWW,2024-03-12,65.87000274658203,65.9800033569336,65.16000366210938,65.52999877929688,60.71141052246094,1869500,False
EWW,2024-03-13,65.62000274658203,67.2300033569336,65.52999877929688,67.16999816894531,62.23081588745117,3551000,False
EWW,2024-03-14,67.20999908447266,67.72000122070312,66.91999816894531,67.2699966430664,62.32346725463867,2730800,False
EWW,2024-03-15,67.02999877929688,67.91000366210938,66.69000244140625,66.94999694824219,62.02699279785156,3804000,False
EWW,2024-03-18,67.16999816894531,67.45999908447266,66.5199966430664,66.94999694824219,62.02699279785156,1539100,False
EWW,2024-03-19,66.66999816894531,66.68000030517578,65.94000244140625,66.05999755859375,61.20243835449219,2836100,False
EWW,2024-03-20,66.06999969482422,68.18000030517578,65.83000183105469,67.91000366210938,62.91640090942383,2691700,False
EWW,2024-03-21,67.75,68.0199966430664,67.2699966430664,67.62999725341797,62.656986236572266,1484600,False
EWW,2024-03-22,67.62000274658203,67.88999938964844,67.30999755859375,67.4800033569336,62.518028259277344,2649600,False
EWW,2024-03-25,67.55000305175781,67.94000244140625,67.26000213623047,67.58999633789062,62.619930267333984,1008600,False
EWW,2024-03-26,67.7699966430664,68.66000366210938,67.41000366210938,68.45999908447266,63.425960540771484,1346000,False
EWW,2024-03-27,68.80000305175781,69.41000366210938,68.37999725341797,69.08000183105469,64.00037384033203,1636400,False
EWW,2024-03-28,69.37999725341797,69.69999694824219,69.05999755859375,69.30999755859375,64.21345520019531,1013800,False
EWW,2024-04-01,69.4800033569336,69.62000274658203,68.45999908447266,68.91999816894531,63.85213088989258,1253500,False
EWW,2024-04-02,69.2300033569336,69.38999938964844,68.7699966430664,69.18000030517578,64.09302520751953,2187500,False
EWW,2024-04-03,69.06999969482422,69.86000061035156,68.83000183105469,69.0199966430664,63.94478225708008,1236600,False
EWW,2024-04-04,69.76000213623047,70.20999908447266,69.19000244140625,69.30000305175781,64.2042007446289,2241300,False
EWW,2024-04-05,70.12000274658203,70.37000274658203,69.66999816894531,70.31999969482422,65.14918518066406,2234300,False
EWW,2024-04-08,70.75,70.9000015258789,70.22000122070312,70.56999969482422,65.38080596923828,1466700,False
EWW,2024-04-09,70.5999984741211,71.12000274658203,69.5999984741211,69.80999755859375,64.67668914794922,2771700,False
EWW,2024-04-10,69.05000305175781,69.12000274658203,67.97000122070312,68.44000244140625,63.40743637084961,3205000,False
EWW,2024-04-11,68.69000244140625,68.69000244140625,68.01000213623047,68.66999816894531,63.620513916015625,1966200,False
EWW,2024-04-12,67.80000305175781,68.05999755859375,67.30000305175781,67.41999816894531,62.462432861328125,2859000,False
EWW,2024-04-15,67.72000122070312,67.79000091552734,66.41999816894531,66.54000091552734,61.64714050292969,1801100,False
EWW,2024-04-16,65.81999969482422,65.81999969482422,64.73999786376953,64.87000274658203,60.099945068359375,2859200,False
EWW,2024-04-17,65.66999816894531,65.87000274658203,64.72000122070312,64.91999816894531,60.146263122558594,2511000,False
EWW,2024-04-18,64.95999908447266,65.2699966430664,64.52999877929688,64.91999816894531,60.146263122558594,1441700,False
EWW,2024-04-19,64.4800033569336,64.97000122070312,64.0999984741211,64.88999938964844,60.118473052978516,1572000,False
EWW,2024-04-22,64.5999984741211,65.66999816894531,64.44999694824219,65.5999984741211,60.77626419067383,1493200,False
EWW,2024-04-23,65.88999938964844,66.63999938964844,65.62999725341797,66.48999786376953,61.60081100463867,1525000,False
EWW,2024-04-24,66.2699966430664,66.51000213623047,65.36000061035156,65.7699966430664,60.93376159667969,2627800,False
EWW,2024-04-25,64.7699966430664,66.02999877929688,64.44999694824219,65.80000305175781,60.9615592956543,2279300,False
EWW,2024-04-26,66.44000244140625,67.05000305175781,65.80000305175781,66.8499984741211,61.934349060058594,1504600,False
EWW,2024-04-29,67.23999786376953,67.44999694824219,66.87999725341797,67.25,62.304935455322266,1458000,False
EWW,2024-04-30,66.8499984741211,67.13999938964844,65.44000244140625,65.4800033569336,60.66508865356445,1721200,False
EWW,2024-05-01,65.7300033569336,66.76000213623047,65.61000061035156,65.93000030517578,61.082000732421875,1216300,False
EWW,2024-05-02,66.51000213623047,66.81999969482422,66.02999877929688,66.13999938964844,61.27655792236328,1709300,False
EWW,2024-05-03,67.16999816894531,67.37000274658203,66.08999633789062,66.80000305175781,61.888031005859375,1454100,False
EWW,2024-05-06,67.30000305175781,67.66000366210938,67.05999755859375,67.4000015258789,62.44391632080078,1166400,False
EWW,2024-05-07,67.29000091552734,67.66999816894531,66.72000122070312,66.9800033569336,62.05479431152344,1305200,False
EWW,2024-05-08,66.44000244140625,67.37999725341797,66.41000366210938,67.05999755859375,62.12890625,1587200,False
EWW,2024-05-09,66.75,68.75,66.75,68.58999633789062,63.54639434814453,2260000,False
EWW,2024-05-10,68.68000030517578,69.06999969482422,68.3499984741211,68.47000122070312,63.43522644042969,1195200,False
EWW,2024-05-13,68.81999969482422,69.27999877929688,68.2699966430664,68.31999969482422,63.2962532043457,995200,False
EWW,2024-05-14,68.16000366210938,68.58000183105469,67.52999877929688,67.6500015258789,62.675533294677734,1436500,False
EWW,2024-05-15,68.12999725341797,69.55999755859375,68.04000091552734,68.62000274658203,63.57419967651367,3240800,False
EWW,2024-05-16,68.66000366210938,69.0,68.16000366210938,68.69000244140625,63.639060974121094,1194300,False
EWW,2024-05-17,68.9000015258789,69.2300033569336,68.55999755859375,68.95999908447266,63.88919448852539,1028500,False
EWW,2024-05-20,68.77999877929688,69.06999969482422,68.55999755859375,68.86000061035156,63.79655075073242,705200,False
EWW,2024-05-21,68.69000244140625,68.76000213623047,67.52999877929688,67.6500015258789,62.675533294677734,2594800,False
EWW,2024-05-22,67.61000061035156,67.69999694824219,67.04000091552734,67.41000366210938,62.45316696166992,2651400,False
EWW,2024-05-23,67.69000244140625,67.75,66.36000061035156,66.4800033569336,61.5915641784668,1065900,False
EWW,2024-05-24,66.81999969482422,66.81999969482422,65.87000274658203,65.91999816894531,61.07272720336914,1619600,False
EWW,2024-05-28,66.06999969482422,66.52999877929688,65.22000122070312,65.30999755859375,60.507591247558594,1392100,False
EWW,2024-05-29,64.76000213623047,65.12000274658203,63.720001220703125,64.63999938964844,59.88685607910156,3784100,False
EWW,2024-05-30,64.75,65.26000213623047,64.1500015258789,64.7699966430664,60.007293701171875,1747300,False
EWW,2024-05-31,64.87000274658203,65.19999694824219,64.0199966430664,64.9000015258789,60.12773513793945,2862900,False
EWW,2024-06-03,62.11000061035156,62.58000183105469,57.5099983215332,57.93000030517578,53.67026138305664,10860300,True
EWW,2024-06-04,58.04999923706055,60.09000015258789,58.04999923706055,59.470001220703125,55.097023010253906,7578700,False
EWW,2024-06-05,60.72999954223633,61.9900016784668,60.130001068115234,61.959999084472656,57.40392303466797,5125100,False
EWW,2024-06-06,61.959999084472656,63.310001373291016,59.79999923706055,60.619998931884766,56.16245651245117,6576700,False
EWW,2024-06-07,60.58000183105469,60.97999954223633,57.189998626708984,57.25,53.040260314941406,8330200,False
EWW,2024-06-10,56.91999816894531,57.84000015258789,56.63999938964844,57.84000015258789,53.586875915527344,3625500,False
EWW,2024-06-11,56.66999816894531,57.31999969482422,56.380001068115234,56.630001068115234,52.901206970214844,5959200,False
EWW,2024-06-12,56.20000076293945,56.470001220703125,55.2400016784668,55.5099983215332,51.85495376586914,6123100,False
EWW,2024-06-13,56.0,56.34000015258789,55.2599983215332,55.63999938964844,51.97639465332031,2865500,False
EWW,2024-06-14,55.18000030517578,55.84000015258789,54.880001068115234,55.61000061035156,51.948368072509766,2454800,False
EWW,2024-06-17,55.2400016784668,55.540000915527344,54.880001068115234,55.45000076293945,51.79890823364258,1204600,False
EWW,2024-06-18,56.040000915527344,57.279998779296875,56.02000045776367,56.790000915527344,53.05067443847656,3018900,False
EWW,2024-06-20,57.18000030517578,57.349998474121094,56.47999954223633,57.16999816894531,53.4056510925293,3015100,False
EWW,2024-06-21,57.470001220703125,57.720001220703125,56.95000076293945,57.27000045776367,53.49906921386719,2328300,False
EWW,2024-06-24,57.439998626708984,58.20000076293945,57.34000015258789,57.599998474121094,53.80733871459961,2770200,False
EWW,2024-06-25,57.529998779296875,57.79999923706055,56.15999984741211,57.099998474121094,53.34025955200195,2257400,False
EWW,2024-06-26,56.650001525878906,57.08000183105469,55.939998626708984,56.279998779296875,52.57425308227539,1658000,False
EWW,2024-06-27,56.439998626708984,56.619998931884766,55.81999969482422,56.209999084472656,52.50886535644531,1975400,False
EWW,2024-06-28,56.61000061035156,57.08000183105469,56.220001220703125,56.61000061035156,52.88252258300781,2507500,False
EWW,2024-07-01,56.650001525878906,57.290000915527344,56.439998626708984,57.0,53.24684524536133,1516800,False
EWW,2024-07-02,57.09000015258789,57.56999969482422,56.06999969482422,56.36000061035156,52.64898681640625,2743600,False
EWW,2024-07-03,56.720001220703125,57.970001220703125,56.720001220703125,57.7400016784668,53.9381217956543,1390900,False
EWW,2024-07-05,57.650001525878906,57.83000183105469,56.95000076293945,57.279998779296875,53.50840759277344,1748100,False
EWW,2024-07-08,57.34000015258789,58.380001068115234,57.310001373291016,58.34000015258789,54.49861526489258,1990600,False
EWW,2024-07-09,58.33000183105469,59.02000045776367,58.2599983215332,58.97999954223633,55.096473693847656,2268000,False
EWW,2024-07-10,59.439998626708984,60.41999816894531,59.2599983215332,60.290000915527344,56.32021713256836,2474000,False
EWW,2024-07-11,60.630001068115234,60.72999954223633,60.150001525878906,60.52000045776367,56.53506851196289,1931500,False
EWW,2024-07-12,60.779998779296875,61.959999084472656,60.56999969482422,61.75,57.684085845947266,2815800,False
EWW,2024-07-15,61.33000183105469,61.400001525878906,60.34000015258789,60.5099983215332,56.52573013305664,2909200,False
EWW,2024-07-16,60.77000045776367,61.150001525878906,60.45000076293945,60.970001220703125,56.955440521240234,2173700,False
EWW,2024-07-17,60.34000015258789,60.619998931884766,59.720001220703125,59.970001220703125,56.02128982543945,2801000,False
EWW,2024-07-18,59.88999938964844,60.18000030517578,58.08000183105469,58.34000015258789,54.49861526489258,3605800,False
EWW,2024-07-19,58.90999984741211,59.11000061035156,58.20000076293945,58.59000015258789,54.73215103149414,1977900,False
EWW,2024-07-22,59.16999816894531,60.04999923706055,58.880001068115234,59.650001525878906,55.72235870361328,1946100,False
EWW,2024-07-23,59.47999954223633,59.4900016784668,58.400001525878906,58.459999084472656,54.61071014404297,2100900,False
EWW,2024-07-24,58.08000183105469,58.11000061035156,57.040000915527344,57.189998626708984,53.42433547973633,2036600,False
EWW,2024-07-25,57.099998474121094,57.380001068115234,56.459999084472656,56.5,52.77976989746094,1783900,False
EWW,2024-07-26,56.810001373291016,56.95000076293945,56.040000915527344,56.619998931884766,52.891868591308594,1938800,False
EWW,2024-07-29,56.27000045776367,56.650001525878906,55.34000015258789,55.849998474121094,52.17256546020508,1916500,False
EWW,2024-07-30,55.68000030517578,55.88999938964844,55.11000061035156,55.279998779296875,51.64009475708008,1768000,False
EWW,2024-07-31,55.68000030517578,57.02000045776367,55.63999938964844,56.52000045776367,52.79845428466797,2122900,False
EWW,2024-08-01,56.77000045776367,57.119998931884766,55.0099983215332,55.16999816894531,51.5373420715332,2451000,False
EWW,2024-08-02,53.900001525878906,54.33000183105469,53.45000076293945,53.970001220703125,50.41635513305664,3641300,False
EWW,2024-08-05,51.56999969482422,53.380001068115234,50.84000015258789,52.56999969482422,49.10853958129883,4117100,False
EWW,2024-08-06,52.43000030517578,53.2599983215332,52.13999938964844,52.72999954223633,49.25800323486328,3467200,False
EWW,2024-08-07,53.90999984741211,54.540000915527344,53.540000915527344,53.88999938964844,50.34162139892578,2912900,False
EWW,2024-08-08,54.630001068115234,55.34000015258789,54.189998626708984,55.029998779296875,51.406558990478516,2149700,False
EWW,2024-08-09,55.310001373291016,55.83000183105469,55.02000045776367,55.650001525878906,51.98573684692383,1445500,False
EWW,2024-08-12,55.77000045776367,56.04999923706055,54.7599983215332,54.83000183105469,51.219730377197266,1761700,False
EWW,2024-08-13,55.150001525878906,55.86000061035156,55.0,55.81999969482422,52.14453887939453,1768400,False
EWW,2024-08-14,56.13999938964844,56.41999816894531,55.91999816894531,56.369998931884766,52.6583251953125,1395400,False
EWW,2024-08-15,56.83000183105469,57.540000915527344,56.83000183105469,57.45000076293945,53.66721725463867,1555200,False
EWW,2024-08-16,57.5099983215332,57.77000045776367,57.060001373291016,57.290000915527344,53.51775360107422,1326600,False
EWW,2024-08-19,56.79999923706055,57.36000061035156,56.63999938964844,57.04999923706055,53.29355239868164,1590200,False
EWW,2024-08-20,56.70000076293945,57.18000030517578,55.880001068115234,56.0099983215332,52.32202911376953,1971200,False
EWW,2024-08-21,55.54999923706055,55.849998474121094,54.72999954223633,54.9900016784668,51.369197845458984,3077600,False
EWW,2024-08-22,54.7400016784668,54.90999984741211,54.029998779296875,54.099998474121094,50.53779602050781,2328200,False
EWW,2024-08-23,54.63999938964844,55.81999969482422,54.56999969482422,55.43000030517578,51.78022384643555,2669300,False
EWW,2024-08-26,55.27000045776367,55.290000915527344,54.029998779296875,54.13999938964844,50.57516098022461,1964900,False
EWW,2024-08-27,53.540000915527344,53.790000915527344,52.54999923706055,52.61000061035156,49.14590835571289,2791600,False
EWW,2024-08-28,53.209999084472656,53.81999969482422,52.560001373291016,52.75,49.27668762207031,1719500,False
EWW,2024-08-29,52.75,53.099998474121094,52.18000030517578,52.84000015258789,49.36075973510742,2449500,False
EWW,2024-08-30,53.36000061035156,53.40999984741211,52.790000915527344,53.040000915527344,49.54759216308594,2002400,False
EWW,2024-09-03,52.939998626708984,53.0,51.56999969482422,52.04999923706055,48.62277603149414,5130100,False
EWW,2024-09-04,51.880001068115234,53.13999938964844,51.880001068115234,52.150001525878906,48.71619415283203,1705100,False
EWW,2024-09-05,51.88999938964844,52.599998474121094,51.70000076293945,52.0099983215332,48.585411071777344,2107600,False
EWW,2024-09-06,52.20000076293945,52.619998931884766,51.099998474121094,51.41999816894531,48.03425979614258,1874100,False
EWW,2024-09-09,52.0,52.41999816894531,51.619998931884766,51.7400016784668,48.333194732666016,1935400,False
EWW,2024-09-10,51.45000076293945,51.45000076293945,50.779998779296875,51.0099983215332,47.6512565612793,2772200,False
EWW,2024-09-11,51.369998931884766,52.29999923706055,51.25,52.130001068115234,48.697509765625,3338100,False
EWW,2024-09-12,52.130001068115234,53.81999969482422,52.099998474121094,53.77000045776367,50.22952651977539,3897700,False
EWW,2024-09-13,53.959999084472656,54.77000045776367,53.900001525878906,54.380001068115234,50.79936218261719,2554700,False
EWW,2024-09-16,54.2400016784668,54.630001068115234,54.15999984741211,54.560001373291016,50.96751022338867,948200,False
EWW,2024-09-17,54.2599983215332,55.119998931884766,54.099998474121094,55.029998779296875,51.406558990478516,1536500,False
EWW,2024-09-18,54.880001068115234,55.349998474121094,54.52000045776367,54.66999816894531,51.07026290893555,2341900,False
EWW,2024-09-19,55.27000045776367,55.400001525878906,54.52000045776367,55.11000061035156,51.481292724609375,1517300,False
EWW,2024-09-20,54.88999938964844,55.09000015258789,53.869998931884766,53.97999954223633,50.425697326660156,1868400,False
EWW,2024-09-23,54.040000915527344,54.38999938964844,53.95000076293945,54.25,50.67791748046875,2661600,False
EWW,2024-09-24,54.77000045776367,55.81999969482422,54.77000045776367,55.68000030517578,52.01375961303711,2002800,False
EWW,2024-09-25,55.689998626708984,55.70000076293945,54.2599983215332,54.290000915527344,50.71528625488281,1872700,False
EWW,2024-09-26,55.2400016784668,55.88999938964844,54.77000045776367,54.88999938964844,51.275779724121094,1753200,False
EWW,2024-09-27,55.25,55.2599983215332,53.91999816894531,53.959999084472656,50.40701675415039,2069600,False
EWW,2024-09-30,54.290000915527344,54.290000915527344,53.38999938964844,53.709999084472656,50.1734733581543,1556100,False
EWW,2024-10-01,53.689998626708984,53.97999954223633,53.029998779296875,53.75,50.21084213256836,1669100,False
EWW,2024-10-02,54.25,55.02000045776367,53.58000183105469,54.40999984741211,50.8273811340332,2242000,False
EWW,2024-10-03,53.97999954223633,54.189998626708984,53.43000030517578,53.95000076293945,50.39767074584961,1583400,False
EWW,2024-10-04,54.59000015258789,56.06999969482422,54.41999816894531,55.470001220703125,51.817588806152344,2138600,False
EWW,2024-10-07,55.189998626708984,55.75,54.459999084472656,54.56999969482422,50.976844787597656,2602800,False
EWW,2024-10-08,54.70000076293945,54.880001068115234,53.7599983215332,54.20000076293945,50.63121032714844,1323800,False
EWW,2024-10-09,53.939998626708984,54.81999969482422,53.88999938964844,53.9900016784668,50.43503952026367,934600,False
EWW,2024-10-10,53.7599983215332,54.52000045776367,53.52000045776367,54.4900016784668,50.90211486816406,1998200,False
EWW,2024-10-11,54.5,55.11000061035156,54.310001373291016,55.06999969482422,51.44392776489258,1787900,False
EWW,2024-10-14,55.16999816894531,55.29999923706055,54.189998626708984,54.290000915527344,50.71528625488281,1364500,False
EWW,2024-10-15,54.060001373291016,54.34000015258789,53.45000076293945,53.790000915527344,50.248207092285156,2856500,False
EWW,2024-10-16,53.470001220703125,53.65999984741211,53.0,53.34000015258789,49.82783889770508,1476300,False
EWW,2024-10-17,53.470001220703125,53.689998626708984,52.93000030517578,53.58000183105469,50.05203628540039,1481200,False
EWW,2024-10-18,54.0,54.470001220703125,53.88999938964844,54.0,50.44438171386719,1820600,False
EWW,2024-10-21,53.599998474121094,53.630001068115234,53.119998931884766,53.5099983215332,49.98664093017578,1173200,False
EWW,2024-10-22,53.849998474121094,53.939998626708984,52.72999954223633,53.22999954223633,49.72508239746094,1860300,False
EWW,2024-10-23,53.060001373291016,53.41999816894531,52.619998931884766,53.31999969482422,49.80915451049805,1507700,False
EWW,2024-10-24,53.22999954223633,53.439998626708984,52.63999938964844,52.9900016784668,49.500885009765625,1400000,False
EWW,2024-10-25,52.970001220703125,53.29999923706055,52.45000076293945,52.58000183105469,49.117881774902344,1518100,False
EWW,2024-10-28,52.38999938964844,52.849998474121094,52.15999984741211,52.58000183105469,49.117881774902344,856700,False
EWW,2024-10-29,52.369998931884766,52.720001220703125,51.84000015258789,51.88999938964844,48.47330856323242,1722200,False
EWW,2024-10-30,51.599998474121094,51.91999816894531,51.369998931884766,51.529998779296875,48.13701629638672,1545200,False
EWW,2024-10-31,51.650001525878906,51.93000030517578,51.439998626708984,51.91999816894531,48.50133514404297,1643900,False
EWW,2024-11-01,52.0,52.310001373291016,51.060001373291016,51.11000061035156,47.74467468261719,2743600,False
EWW,2024-11-04,51.880001068115234,52.58000183105469,51.560001373291016,51.790000915527344,48.37989807128906,2553500,False
EWW,2024-11-05,51.720001220703125,51.9900016784668,50.540000915527344,51.72999954223633,48.32384490966797,2384400,False
EWW,2024-11-06,49.52000045776367,52.54999923706055,48.650001525878906,52.33000183105469,48.884342193603516,7647600,False
EWW,2024-11-07,53.20000076293945,54.0,52.97999954223633,53.70000076293945,50.16413116455078,4278600,False
EWW,2024-11-08,53.16999816894531,53.2400016784668,51.630001068115234,52.189998626708984,48.75355529785156,2778300,False
EWW,2024-11-11,51.75,51.77000045776367,51.02000045776367,51.5099983215332,48.11833190917969,1577300,False
EWW,2024-11-12,51.060001373291016,51.34000015258789,50.279998779296875,50.58000183105469,47.249568939208984,2416100,False
EWW,2024-11-13,50.5,50.70000076293945,50.11000061035156,50.41999816894531,47.100101470947266,2094400,False
EWW,2024-11-14,50.52000045776367,50.709999084472656,50.11000061035156,50.45000076293945,47.12813186645508,2358500,False
EWW,2024-11-15,50.290000915527344,50.880001068115234,50.220001220703125,50.47999954223633,47.156150817871094,1674300,False
EWW,2024-11-18,50.47999954223633,51.27000045776367,50.47999954223633,50.970001220703125,47.6138916015625,1217400,False
EWW,2024-11-19,50.619998931884766,51.540000915527344,50.369998931884766,50.93000030517578,47.5765266418457,2827000,False
EWW,2024-11-20,50.5,50.709999084472656,50.119998931884766,50.290000915527344,46.978660583496094,1747200,False
EWW,2024-11-21,50.29999923706055,50.540000915527344,50.0,50.099998474121094,46.801170349121094,1111100,False
EWW,2024-11-22,49.970001220703125,50.189998626708984,49.56999969482422,50.130001068115234,46.82919692993164,2103800,False
EWW,2024-11-25,50.70000076293945,51.0,50.2400016784668,50.290000915527344,46.978660583496094,1765800,False
EWW,2024-11-26,49.099998474121094,49.790000915527344,48.72999954223633,48.95000076293945,45.726898193359375,3600900,False
EWW,2024-11-27,48.93000030517578,49.380001068115234,48.650001525878906,49.13999938964844,45.904388427734375,2820100,False
EWW,2024-11-29,49.709999084472656,50.4900016784668,49.599998474121094,50.27000045776367,46.95998001098633,2503900,False
EWW,2024-12-02,49.619998931884766,50.4900016784668,49.470001220703125,50.349998474121094,47.03471374511719,1590100,False
EWW,2024-12-03,50.4900016784668,51.060001373291016,50.34000015258789,50.880001068115234,47.529815673828125,1820000,False
EWW,2024-12-04,50.900001525878906,51.5,50.720001220703125,51.349998474121094,47.96886444091797,1833000,False
EWW,2024-12-05,51.45000076293945,52.2599983215332,51.41999816894531,52.08000183105469,48.65080261230469,2253500,False
EWW,2024-12-06,52.2599983215332,52.2599983215332,51.5,51.70000076293945,48.29582214355469,2524600,False
EWW,2024-12-09,52.099998474121094,52.970001220703125,51.83000183105469,52.5,49.043148040771484,2494000,False
EWW,2024-12-10,52.720001220703125,52.84000015258789,51.65999984741211,51.959999084472656,48.53870391845703,1969900,False
EWW,2024-12-11,51.9900016784668,52.189998626708984,51.439998626708984,52.040000915527344,48.61343765258789,1408300,False
EWW,2024-12-12,51.88999938964844,52.099998474121094,51.27000045776367,51.470001220703125,48.080970764160156,1613500,False
EWW,2024-12-13,51.5,52.45000076293945,51.470001220703125,52.43000030517578,48.977752685546875,1829200,False
EWW,2024-12-16,52.459999084472656,52.459999084472656,51.40999984741211,51.41999816894531,48.03425979614258,1506600,False
EWW,2024-12-17,49.63999938964844,49.86000061035156,49.34000015258789,49.619998931884766,47.82223129272461,1974700,False
EWW,2024-12-18,49.619998931884766,49.790000915527344,48.279998779296875,48.45000076293945,46.69462203979492,2526400,False
EWW,2024-12-19,48.66999816894531,48.97999954223633,47.869998931884766,47.959999084472656,46.22237014770508,3000800,False
EWW,2024-12-20,48.11000061035156,49.08000183105469,48.11000061035156,48.869998931884766,47.099403381347656,2679800,False
EWW,2024-12-23,48.68000030517578,48.83000183105469,47.849998474121094,48.2599983215332,46.51150131225586,1708100,False
EWW,2024-12-24,48.43000030517578,48.68000030517578,48.13999938964844,48.40999984741211,46.656070709228516,623400,False
EWW,2024-12-26,48.0099983215332,48.630001068115234,48.0099983215332,48.41999816894531,46.66570281982422,727800,False
EWW,2024-12-27,48.06999969482422,48.93000030517578,47.81999969482422,47.9900016784668,46.251285552978516,1413200,False
EWW,2024-12-30,47.58000183105469,47.77000045776367,46.599998474121094,46.689998626708984,44.99838638305664,1493700,False
EWW,2024-12-31,46.47999954223633,47.06999969482422,46.40999984741211,46.81999969482422,45.12367248535156,1659000,False
EWW,2025-01-02,47.279998779296875,47.88999938964844,47.0099983215332,47.720001220703125,45.99106979370117,1344100,False
EWW,2025-01-03,48.0099983215332,48.04999923706055,46.68000030517578,46.84000015258789,45.142948150634766,1640200,False
EWW,2025-01-06,47.790000915527344,48.630001068115234,47.54999923706055,48.0099983215332,46.27056121826172,2554800,False
EWW,2025-01-07,48.060001373291016,48.81999969482422,48.0099983215332,48.560001373291016,46.800636291503906,1636700,False
EWW,2025-01-08,48.11000061035156,48.220001220703125,47.54999923706055,47.93000030517578,46.193458557128906,1369300,False
EWW,2025-01-10,47.34000015258789,47.72999954223633,47.04999923706055,47.13999938964844,45.43208312988281,1813500,False
EWW,2025-01-13,46.939998626708984,47.58000183105469,46.70000076293945,47.459999084472656,45.7404899597168,3531300,False
EWW,2025-01-14,47.63999938964844,48.439998626708984,47.619998931884766,47.939998626708984,46.203094482421875,1805500,False
EWW,2025-01-15,48.650001525878906,48.75,48.13999938964844,48.540000915527344,46.7813606262207,1969200,False
EWW,2025-01-16,48.290000915527344,48.36000061035156,47.36000061035156,47.400001525878906,45.68266296386719,2703100,False
EWW,2025-01-17,47.58000183105469,48.209999084472656,47.41999816894531,47.470001220703125,45.750125885009766,2337100,False
EWW,2025-01-21,47.650001525878906,48.630001068115234,47.650001525878906,48.369998931884766,46.61751937866211,2557300,False
EWW,2025-01-22,48.540000915527344,49.66999816894531,48.220001220703125,49.25,47.465633392333984,4270600,False
EWW,2025-01-23,49.400001525878906,50.02000045776367,48.77000045776367,49.599998474121094,47.802955627441406,2230600,False
EWW,2025-01-24,50.06999969482422,50.38999938964844,49.86000061035156,50.060001373291016,48.24628829956055,2332900,False
EWW,2025-01-27,49.16999816894531,49.709999084472656,48.88999938964844,49.290000915527344,47.50418472290039,2298700,False
EWW,2025-01-28,49.31999969482422,49.9900016784668,49.290000915527344,49.650001525878906,47.85114288330078,1922300,False
EWW,2025-01-29,49.43000030517578,49.83000183105469,49.08000183105469,49.7599983215332,47.957157135009766,2355100,False
EWW,2025-01-30,50.0,50.869998931884766,49.41999816894531,50.02000045776367,48.20773696899414,5618400,False
EWW,2025-01-31,49.91999816894531,50.54999923706055,48.72999954223633,48.97999954223633,47.205413818359375,7197400,False
EWW,2025-02-03,47.459999084472656,50.91999816894531,47.290000915527344,50.20000076293945,48.38121795654297,7511500,False
EWW,2025-02-04,50.08000183105469,50.68000030517578,49.47999954223633,50.13999938964844,48.32339096069336,3783100,False
EWW,2025-02-05,49.61000061035156,50.4900016784668,49.18000030517578,49.56999969482422,47.77404022216797,2090700,False
EWW,2025-02-06,49.81999969482422,50.7400016784668,49.599998474121094,50.709999084472656,48.872737884521484,3068900,False
EWW,2025-02-07,50.36000061035156,50.779998779296875,50.2599983215332,50.68000030517578,48.84382629394531,2125800,False
EWW,2025-02-10,50.689998626708984,51.02000045776367,50.4900016784668,50.7599983215332,48.92092514038086,1237300,False
EWW,2025-02-11,50.880001068115234,51.369998931884766,50.33000183105469,51.279998779296875,49.42208480834961,1630000,False
EWW,2025-02-12,51.08000183105469,52.060001373291016,50.95000076293945,51.90999984741211,50.029258728027344,2405900,False
EWW,2025-02-13,52.0,52.43000030517578,51.689998626708984,52.380001068115234,50.482234954833984,2022000,False
EWW,2025-02-14,52.560001373291016,52.90999984741211,52.439998626708984,52.66999816894531,50.76172637939453,2361800,False
EWW,2025-02-18,52.900001525878906,53.439998626708984,52.65999984741211,53.220001220703125,51.29179763793945,2796000,False
EWW,2025-02-19,53.040000915527344,53.04999923706055,52.20000076293945,52.25,50.35694122314453,3771400,False
EWW,2025-02-20,52.400001525878906,52.88999938964844,52.2599983215332,52.86000061035156,50.94484329223633,2596700,False
EWW,2025-02-21,52.849998474121094,52.849998474121094,51.59000015258789,51.9900016784668,50.10636520385742,2539200,False
EWW,2025-02-24,51.83000183105469,52.189998626708984,51.15999984741211,51.66999816894531,49.79795455932617,3333000,False
EWW,2025-02-25,51.86000061035156,51.86000061035156,50.75,51.04999923706055,49.20042037963867,4793600,False
EWW,2025-02-26,51.119998931884766,51.65999984741211,50.650001525878906,51.4900016784668,49.624481201171875,2665000,False
EWW,2025-02-27,51.290000915527344,51.52000045776367,50.36000061035156,50.59000015258789,48.75708770751953,2441200,False
EWW,2025-02-28,50.59000015258789,50.880001068115234,50.06999969482422,50.52000045776367,48.68962097167969,3164600,False
EWW,2025-03-03,50.93000030517578,51.86000061035156,49.689998626708984,49.849998474121094,48.04389572143555,6058500,False
EWW,2025-03-04,49.400001525878906,50.38999938964844,48.04999923706055,50.02000045776367,48.20773696899414,4785400,False
EWW,2025-03-05,50.79999923706055,51.15999984741211,50.58000183105469,51.029998779296875,49.18114471435547,2942900,False
EWW,2025-03-06,51.11000061035156,52.11000061035156,50.849998474121094,51.45000076293945,49.58592987060547,5671200,False
EWW,2025-03-07,51.40999984741211,51.63999938964844,50.380001068115234,51.529998779296875,49.663028717041016,3098300,False
EWW,2025-03-10,51.29999923706055,51.52000045776367,49.77000045776367,50.15999984741211,48.34266662597656,3071400,False
EWW,2025-03-11,50.209999084472656,50.54999923706055,49.560001373291016,50.25,48.42940139770508,2491900,False
EWW,2025-03-12,50.54999923706055,51.04999923706055,50.189998626708984,50.97999954223633,49.13295364379883,2353300,False
EWW,2025-03-13,51.130001068115234,51.59000015258789,50.7599983215332,51.189998626708984,49.33534622192383,1726000,False
EWW,2025-03-14,51.66999816894531,52.630001068115234,51.52000045776367,52.36000061035156,50.46295928955078,3025800,False
EWW,2025-03-17,52.54999923706055,53.43000030517578,52.380001068115234,53.279998779296875,51.3496208190918,2739300,False
EWW,2025-03-18,52.900001525878906,52.900001525878906,52.150001525878906,52.40999984741211,50.51114273071289,2051600,False
EWW,2025-03-19,52.459999084472656,52.869998931884766,52.18000030517578,52.41999816894531,50.520782470703125,2230000,False
EWW,2025-03-20,51.84000015258789,52.380001068115234,51.52000045776367,52.2599983215332,50.366580963134766,1776100,False
EWW,2025-03-21,51.75,51.9900016784668,51.470001220703125,51.70000076293945,49.82686996459961,2007400,False
EWW,2025-03-24,52.189998626708984,52.380001068115234,51.7599983215332,52.040000915527344,50.1545524597168,1126800,False
EWW,2025-03-25,52.25,52.720001220703125,51.970001220703125,52.59000015258789,50.684627532958984,1085000,False
EWW,2025-03-26,52.5,52.65999984741211,51.939998626708984,52.0099983215332,50.12563705444336,1408900,False
EWW,2025-03-27,51.47999954223633,52.20000076293945,51.33000183105469,52.150001525878906,50.26056671142578,1149600,False
EWW,2025-03-28,51.900001525878906,52.08000183105469,50.95000076293945,51.619998931884766,49.7497673034668,2257400,False
EWW,2025-03-31,51.599998474121094,51.75,50.63999938964844,50.959999084472656,49.113677978515625,1654400,False
EWW,2025-04-01,50.849998474121094,52.06999969482422,50.630001068115234,52.04999923706055,50.164188385009766,2084400,False
EWW,2025-04-02,51.93000030517578,52.25,51.439998626708984,52.15999984741211,50.27020263671875,1576700,False
EWW,2025-04-03,53.400001525878906,55.220001220703125,53.130001068115234,54.2599983215332,52.29411697387695,11249700,False
EWW,2025-04-04,52.5,52.61000061035156,49.779998779296875,49.91999816894531,48.111358642578125,6335900,True
EWW,2025-04-07,48.900001525878906,50.56999969482422,48.06999969482422,48.52000045776367,46.7620849609375,5656500,False
EWW,2025-04-08,49.869998931884766,49.959999084472656,47.86000061035156,48.060001373291016,46.31875228881836,4250600,False
EWW,2025-04-09,47.63999938964844,52.040000915527344,47.189998626708984,51.86000061035156,49.981075286865234,4701300,True
EWW,2025-04-10,51.130001068115234,51.41999816894531,49.849998474121094,50.29999923706055,48.47759246826172,2398900,False
EWW,2025-04-11,50.68000030517578,51.119998931884766,50.27000045776367,50.68000030517578,48.84382629394531,2223700,False
EWW,2025-04-14,51.689998626708984,52.560001373291016,51.439998626708984,51.90999984741211,50.029258728027344,1924900,False
EWW,2025-04-15,52.43000030517578,52.810001373291016,52.11000061035156,52.189998626708984,50.29911422729492,1273700,False
EWW,2025-04-16,52.290000915527344,53.5099983215332,52.2599983215332,53.02000045776367,51.09904479980469,2610200,False
EWW,2025-04-17,53.5099983215332,55.2400016784668,53.04999923706055,54.93000030517578,52.93984603881836,3700400,False
EWW,2025-04-21,54.880001068115234,54.91999816894531,53.970001220703125,54.34000015258789,52.371219635009766,2335300,False
EWW,2025-04-22,55.0,55.70000076293945,54.81999969482422,55.5099983215332,53.49882888793945,2546400,False
EWW,2025-04-23,56.88999938964844,57.2599983215332,56.279998779296875,56.5099983215332,54.46259689331055,3115400,False
EWW,2025-04-24,57.04999923706055,57.880001068115234,56.709999084472656,57.34000015258789,55.26252746582031,3240700,False
EWW,2025-04-25,57.5,58.0,57.15999984741211,57.939998626708984,55.84078598022461,2053700,False
EWW,2025-04-28,58.279998779296875,58.560001373291016,57.959999084472656,58.119998931884766,56.01426696777344,3028800,False
EWW,2025-04-29,58.220001220703125,58.349998474121094,56.36000061035156,56.41999816894531,54.375858306884766,6977000,False
EWW,2025-04-30,55.779998779296875,57.09000015258789,55.68000030517578,56.970001220703125,54.90593338012695,3273400,False
EWW,2025-05-01,57.119998931884766,57.130001068115234,56.2599983215332,56.66999816894531,54.616798400878906,1382800,False
EWW,2025-05-02,57.31999969482422,57.40999984741211,56.349998474121094,56.939998626708984,54.877017974853516,1834800,False
EWW,2025-05-05,57.130001068115234,57.18000030517578,56.560001373291016,56.68000030517578,54.626441955566406,1064100,False
EWW,2025-05-06,56.040000915527344,58.439998626708984,56.0,58.38999938964844,56.27448654174805,2679700,False
EWW,2025-05-07,58.59000015258789,59.31999969482422,58.220001220703125,59.09000015258789,56.94912338256836,2411900,False
EWW,2025-05-08,59.65999984741211,59.869998931884766,58.11000061035156,58.11000061035156,56.00463104248047,2499400,False
EWW,2025-05-09,58.720001220703125,58.900001525878906,58.06999969482422,58.119998931884766,56.01426696777344,1256200,False
EWW,2025-05-12,58.380001068115234,58.52000045776367,56.93000030517578,57.84000015258789,55.74441146850586,2594300,False
EWW,2025-05-13,58.119998931884766,59.5,57.810001373291016,59.08000183105469,56.93948745727539,4752300,False
EWW,2025-05-14,59.5099983215332,59.5099983215332,58.93000030517578,59.36000061035156,57.20934295654297,1800000,False
EWW,2025-05-15,59.27000045776367,59.45000076293945,58.790000915527344,59.2599983215332,57.11296463012695,1558000,False
EWW,2025-05-16,59.5099983215332,59.7400016784668,58.810001373291016,59.5099983215332,57.35390853881836,1323600,False
EWW,2025-05-19,59.65999984741211,60.88999938964844,59.43000030517578,60.56999969482422,58.37550354003906,2730100,False
EWW,2025-05-20,60.83000183105469,61.06999969482422,60.43000030517578,60.529998779296875,58.336952209472656,1851300,False
EWW,2025-05-21,60.279998779296875,60.619998931884766,59.79999923706055,60.31999969482422,58.134559631347656,1814000,False
EWW,2025-05-22,59.91999816894531,60.459999084472656,59.63999938964844,59.83000183105469,57.662315368652344,1547000,False
EWW,2025-05-23,59.29999923706055,60.720001220703125,59.09000015258789,60.66999816894531,58.47187805175781,1384000,False
EWW,2025-05-27,60.97999954223633,62.33000183105469,60.90999984741211,61.130001068115234,58.91521453857422,1974100,False
EWW,2025-05-28,61.029998779296875,61.630001068115234,60.47999954223633,60.900001525878906,58.69355010986328,1079300,False
EWW,2025-05-29,61.400001525878906,61.619998931884766,60.90999984741211,61.22999954223633,59.01158905029297,1300900,False
EWW,2025-05-30,61.34000015258789,61.34000015258789,60.13999938964844,60.16999816894531,57.989994049072266,2372100,False
EWW,2025-06-02,60.70000076293945,61.54999923706055,60.33000183105469,60.63999938964844,58.44296646118164,1900900,False
EWW,2025-06-03,60.560001373291016,60.63999938964844,60.04999923706055,60.38999938964844,58.202022552490234,1550300,False
EWW,2025-06-04,60.56999969482422,60.91999816894531,60.25,60.25,58.06709671020508,1826600,False
EWW,2025-06-05,60.630001068115234,61.0099983215332,60.45000076293945,60.720001220703125,58.52006912231445,1451100,False
EWW,2025-06-06,60.90999984741211,61.40999984741211,59.959999084472656,61.2400016784668,59.0212287902832,1935900,False
EWW,2025-06-09,61.59000015258789,61.630001068115234,61.04999923706055,61.09000015258789,58.87666320800781,1150700,False
EWW,2025-06-10,61.2400016784668,61.43000030517578,60.900001525878906,61.36000061035156,59.13688278198242,927300,False
EWW,2025-06-11,61.88999938964844,62.41999816894531,61.459999084472656,61.560001373291016,59.32963562011719,1620800,False
EWW,2025-06-12,61.40999984741211,61.97999954223633,61.31999969482422,61.56999969482422,59.339271545410156,1041500,False
EWW,2025-06-13,60.43000030517578,61.529998779296875,60.349998474121094,61.060001373291016,58.84775161743164,2182500,False
EWW,2025-06-16,60.22999954223633,60.83000183105469,59.650001525878906,59.81999969482422,58.69370651245117,2663800,False
EWW,2025-06-17,59.29999923706055,59.56999969482422,58.790000915527344,58.90999984741211,57.800838470458984,1739800,False
EWW,2025-06-18,59.040000915527344,59.439998626708984,58.66999816894531,58.970001220703125,57.859710693359375,2526100,False
EWW,2025-06-20,58.61000061035156,58.650001525878906,57.91999816894531,58.11000061035156,57.01590347290039,3020500,False
EWW,2025-06-23,57.77000045776367,58.119998931884766,57.279998779296875,57.939998626708984,56.84910202026367,2390800,False
EWW,2025-06-24,58.5099983215332,59.22999954223633,58.43000030517578,59.209999084472656,58.095191955566406,1650300,False
EWW,2025-06-25,59.380001068115234,59.790000915527344,59.18000030517578,59.68000030517578,58.55634307861328,1167700,False
EWW,2025-06-26,59.9900016784668,60.5099983215332,59.43000030517578,60.310001373291016,59.17448425292969,1554200,False
EWW,2025-06-27,60.29999923706055,60.7599983215332,60.15999984741211,60.31999969482422,59.18429183959961,1213300,False
EWW,2025-06-30,60.220001220703125,60.869998931884766,60.0,60.560001373291016,59.419776916503906,1259900,False
EWW,2025-07-01,61.0,61.150001525878906,60.58000183105469,61.119998931884766,59.96923065185547,846400,False
EWW,2025-07-02,60.81999969482422,61.779998779296875,60.81999969482422,61.59000015258789,60.430381774902344,978100,False
EWW,2025-07-03,61.779998779296875,62.34000015258789,61.31999969482422,61.70000076293945,60.53831100463867,721200,False
EWW,2025-07-07,61.45000076293945,61.66999816894531,60.959999084472656,61.11000061035156,59.95941925048828,1512800,False
EWW,2025-07-08,61.02000045776367,61.02000045776367,60.060001373291016,60.88999938964844,59.743560791015625,1148900,False
EWW,2025-07-09,60.970001220703125,61.08000183105469,60.22999954223633,60.279998779296875,59.14504623413086,1047000,False
EWW,2025-07-10,60.29999923706055,60.43000030517578,59.75,60.290000915527344,59.15485763549805,1677600,False
EWW,2025-07-11,59.93000030517578,60.33000183105469,59.310001373291016,60.130001068115234,58.99787139892578,2137500,False
EWW,2025-07-14,59.79999923706055,60.02000045776367,59.279998779296875,59.61000061035156,58.48766326904297,1152500,False
EWW,2025-07-15,59.720001220703125,60.04999923706055,59.11000061035156,59.380001068115234,58.261993408203125,1058000,False
EWW,2025-07-16,59.439998626708984,60.09000015258789,59.25,59.77000045776367,58.644649505615234,1290400,False
EWW,2025-07-17,59.279998779296875,60.029998779296875,59.27000045776367,59.790000915527344,58.66427230834961,1728700,False
EWW,2025-07-18,59.970001220703125,60.06999969482422,59.36000061035156,59.459999084472656,58.340484619140625,838000,False
EWW,2025-07-21,59.70000076293945,59.91999816894531,59.119998931884766,59.2400016784668,58.124629974365234,1073100,False
EWW,2025-07-22,59.18000030517578,59.470001220703125,58.869998931884766,59.029998779296875,57.9185791015625,1434000,False
EWW,2025-07-23,59.0099983215332,60.58000183105469,59.0099983215332,60.470001220703125,59.33147048950195,1381500,False
EWW,2025-07-24,60.56999969482422,60.91999816894531,60.29999923706055,60.849998474121094,59.70431137084961,1141000,False
EWW,2025-07-25,61.0,61.20000076293945,60.34000015258789,61.04999923706055,59.90054702758789,676000,False
EWW,2025-07-28,60.689998626708984,60.7400016784668,59.7400016784668,60.060001373291016,58.9291877746582,1079600,False
EWW,2025-07-29,59.939998626708984,61.04999923706055,59.33000183105469,60.93000030517578,59.782806396484375,1848200,False
EWW,2025-07-30,60.68000030517578,60.880001068115234,59.88999938964844,60.16999816894531,59.03711700439453,1338000,False
EWW,2025-07-31,60.29999923706055,60.65999984741211,59.63999938964844,60.13999938964844,59.00768280029297,2113100,False
EWW,2025-08-01,59.900001525878906,60.380001068115234,59.33000183105469,59.599998474121094,58.477848052978516,1007800,False
EWW,2025-08-04,60.15999984741211,60.15999984741211,58.90999984741211,59.22999954223633,58.11481475830078,945300,False
EWW,2025-08-05,59.22999954223633,60.220001220703125,59.22999954223633,60.189998626708984,59.056739807128906,1201400,False
EWW,2025-08-06,60.52000045776367,61.33000183105469,60.52000045776367,60.7599983215332,59.61600875854492,1629600,False
EWW,2025-08-07,60.779998779296875,61.7400016784668,60.72999954223633,61.650001525878906,60.489253997802734,1217200,False
EWW,2025-08-08,62.0,62.20000076293945,61.56999969482422,61.63999938964844,60.47943878173828,1059800,False
EWW,2025-08-11,61.5099983215332,61.790000915527344,61.290000915527344,61.540000915527344,60.381324768066406,858900,False
EWW,2025-08-12,61.689998626708984,62.4900016784668,61.66999816894531,62.33000183105469,61.15645217895508,1474400,False
EWW,2025-08-13,62.43000030517578,62.5099983215332,61.869998931884766,61.9900016784668,60.822853088378906,1052300,False
EWW,2025-08-14,61.290000915527344,61.400001525878906,60.7400016784668,60.9900016784668,59.841678619384766,1457600,False
EWW,2025-08-15,61.369998931884766,61.790000915527344,61.2599983215332,61.34000015258789,60.185089111328125,852600,False
EWW,2025-08-18,60.9900016784668,61.27000045776367,60.70000076293945,61.189998626708984,60.03791046142578,797800,False
EWW,2025-08-19,60.91999816894531,61.36000061035156,60.689998626708984,61.25,60.09678268432617,1204400,False
EWW,2025-08-20,61.25,61.529998779296875,61.04999923706055,61.16999816894531,60.018287658691406,904500,False
EWW,2025-08-21,61.099998474121094,61.810001373291016,60.9900016784668,61.54999923706055,60.39113235473633,842100,False
EWW,2025-08-22,61.86000061035156,63.02000045776367,61.47999954223633,62.79999923706055,61.61759948730469,1378400,False
EWW,2025-08-25,62.70000076293945,62.900001525878906,61.68000030517578,61.709999084472656,60.54812240600586,975600,False
EWW,2025-08-26,61.959999084472656,62.0,61.220001220703125,61.439998626708984,60.283203125,1541200,False
EWW,2025-08-27,61.09000015258789,61.97999954223633,60.439998626708984,61.939998626708984,60.77378845214844,1539600,False
EWW,2025-08-28,61.88999938964844,62.84000015258789,61.779998779296875,62.52000045776367,61.342872619628906,1436500,False
EWW,2025-08-29,62.5099983215332,62.5099983215332,61.880001068115234,61.939998626708984,60.77378845214844,1115000,False
EWW,2025-09-02,61.20000076293945,62.9900016784668,61.20000076293945,62.90999984741211,61.725528717041016,1565400,False
EWW,2025-09-03,63.0,63.45000076293945,62.54999923706055,62.79999923706055,61.61759948730469,1419900,False
EWW,2025-09-04,62.529998779296875,63.130001068115234,62.31999969482422,63.06999969482422,61.88251495361328,1160300,False
EWW,2025-09-05,63.5099983215332,64.30000305175781,63.40999984741211,63.83000183105469,62.62820816040039,1424300,False
EWW,2025-09-08,64.11000061035156,64.23999786376953,63.58000183105469,64.1500015258789,62.94218444824219,1249100,False
EWW,2025-09-09,64.2300033569336,64.41000366210938,63.880001068115234,64.26000213623047,63.050113677978516,1528200,False
EWW,2025-09-10,64.4000015258789,64.69999694824219,64.16000366210938,64.27999877929688,63.069732666015625,1346800,False
EWW,2025-09-11,64.22000122070312,66.0199966430664,64.22000122070312,65.70999908447266,64.47280883789062,2125700,False
EWW,2025-09-12,65.83000183105469,66.30000305175781,65.51000213623047,66.12000274658203,64.87509155273438,1703800,False
EWW,2025-09-15,66.30999755859375,67.05000305175781,66.26000213623047,66.7699966430664,65.51284790039062,1304700,False
EWW,2025-09-16,66.91000366210938,67.0,66.4000015258789,66.80000305175781,65.54228973388672,1049700,False
EWW,2025-09-17,66.83000183105469,67.30000305175781,66.4000015258789,66.52999877929688,65.2773666381836,2227900,False
EWW,2025-09-18,66.91999816894531,66.91999816894531,65.51000213623047,65.94999694824219,64.70829010009766,1840900,False
EWW,2025-09-19,65.98999786376953,66.44000244140625,65.7300033569336,66.0999984741211,64.85546875,3285100,False
EWW,2025-09-22,65.86000061035156,66.93000030517578,65.58000183105469,66.9000015258789,65.6404037475586,1407500,False
EWW,2025-09-23,66.8499984741211,67.5,66.73999786376953,67.43000030517578,66.1604232788086,1355600,False
EWW,2025-09-24,67.12000274658203,67.5,66.29000091552734,66.47000122070312,65.21849822998047,2040100,False
EWW,2025-09-25,66.12000274658203,66.83999633789062,66.01000213623047,66.18000030517578,64.9339599609375,1404600,False
EWW,2025-09-26,66.55000305175781,67.4000015258789,66.5199966430664,67.13999938964844,65.87588500976562,989400,False
EWW,2025-09-29,67.2699966430664,67.91000366210938,67.26000213623047,67.45999908447266,66.18985748291016,1046800,False
EWW,2025-09-30,67.44000244140625,68.3499984741211,67.36000061035156,68.20999908447266,66.92573547363281,2166400,False
EWW,2025-10-01,68.25,68.70999908447266,66.56999969482422,66.77999877929688,65.52265930175781,2356300,False
EWW,2025-10-02,66.77999877929688,67.0,65.5199966430664,66.9000015258789,65.6404037475586,2059100,False
EWW,2025-10-03,66.98999786376953,67.23999786376953,66.5999984741211,66.80999755859375,65.55209350585938,897200,False
EWW,2025-10-06,66.77999877929688,66.79000091552734,64.93000030517578,65.44000244140625,64.20789337158203,2364200,False
EWW,2025-10-07,65.5,65.87999725341797,64.95999908447266,65.04000091552734,63.815425872802734,1182700,False
EWW,2025-10-08,65.08999633789062,65.76000213623047,65.08999633789062,65.7300033569336,64.49243927001953,1356000,False
EWW,2025-10-09,65.68000030517578,66.51000213623047,65.0199966430664,65.41999816894531,64.18827056884766,1876400,False
EWW,2025-10-10,65.51000213623047,65.79000091552734,64.18000030517578,64.38999938964844,63.17766189575195,2110300,False
EWW,2025-10-13,64.9000015258789,66.02999877929688,64.77999877929688,65.47000122070312,64.2373275756836,1956400,False
EWW,2025-10-14,64.83000183105469,65.13999938964844,64.69999694824219,64.83999633789062,63.61918640136719,2104000,False
EWW,2025-10-15,65.19999694824219,65.93000030517578,65.19999694824219,65.87000274658203,64.62979888916016,1930200,False
EWW,2025-10-16,66.13999938964844,67.48999786376953,66.0999984741211,67.05000305175781,65.78758239746094,2040400,False
EWW,2025-10-17,67.05000305175781,67.05000305175781,65.80999755859375,66.12999725341797,64.88490295410156,1988500,False
EWW,2025-10-20,66.54000091552734,66.66000366210938,65.58000183105469,65.94000244140625,64.69847869873047,1627800,False
EWW,2025-10-21,65.83999633789062,65.93000030517578,64.80999755859375,65.06999969482422,63.8448600769043,2604000,False
EWW,2025-10-22,65.16999816894531,65.79000091552734,64.9800033569336,65.51000213623047,64.27658081054688,1705300,False
EWW,2025-10-23,65.6500015258789,66.1500015258789,65.33000183105469,66.0199966430664,64.77696990966797,827200,False
EWW,2025-10-24,66.43000030517578,66.43000030517578,65.1500015258789,65.37000274658203,64.13921356201172,1177700,False
EWW,2025-10-27,65.63999938964844,66.62000274658203,65.5999984741211,66.33000183105469,65.08113861083984,2091800,False
EWW,2025-10-28,66.33000183105469,67.38999938964844,66.27999877929688,67.0999984741211,65.83663940429688,1559100,False
EWW,2025-10-29,67.29000091552734,67.91999816894531,66.88999938964844,67.43000030517578,66.1604232788086,965900,False
EWW,2025-10-30,66.9800033569336,67.06999969482422,66.63999938964844,66.7300033569336,65.4736099243164,2147100,False
EWW,2025-10-31,66.7699966430664,66.94000244140625,66.19999694824219,66.52999877929688,65.2773666381836,1383600,False
EWW,2025-11-03,67.02999877929688,67.05999755859375,66.11000061035156,66.2300033569336,64.98302459716797,1552700,False
EWW,2025-11-04,65.30000305175781,66.4800033569336,64.7699966430664,65.6500015258789,64.4139404296875,2030200,False
EWW,2025-11-05,65.83999633789062,67.52999877929688,65.80999755859375,67.18000030517578,65.91513061523438,1416400,False
EWW,2025-11-06,67.13999938964844,67.41000366210938,66.83000183105469,66.97000122070312,65.70909118652344,1899600,False
EWW,2025-11-07,67.27999877929688,67.91000366210938,66.80000305175781,67.81999969482422,66.54308319091797,2213100,False
EWW,2025-11-10,68.30000305175781,68.4000015258789,67.81999969482422,67.91000366210938,66.63139343261719,1021200,False
EWW,2025-11-11,67.91000366210938,69.43000030517578,67.91000366210938,69.33999633789062,68.03446197509766,1517400,False
EWW,2025-11-12,69.56999969482422,69.68000030517578,68.08999633789062,68.16000366210938,66.8766860961914,1880300,False
EWW,2025-11-13,68.41000366210938,68.93000030517578,67.27999877929688,67.37999725341797,66.11136627197266,1919600,False
EWW,2025-11-14,67.01000213623047,67.69999694824219,66.5199966430664,67.22000122070312,65.95438385009766,1246900,False
EWW,2025-11-17,67.05999755859375,67.33000183105469,65.7300033569336,65.87000274658203,64.62979888916016,1826900,False
EWW,2025-11-18,65.83000183105469,67.23999786376953,65.83000183105469,66.66999816894531,65.41473388671875,2200400,False
EWW,2025-11-19,66.80999755859375,67.30000305175781,66.41999816894531,66.7699966430664,65.51284790039062,1954400,False
EWW,2025-11-20,67.27999877929688,67.58999633789062,65.97000122070312,66.0199966430664,64.77696990966797,1722700,False
EWW,2025-11-21,65.77999877929688,66.56999969482422,65.58999633789062,66.04000091552734,64.79660034179688,1437400,False
EWW,2025-11-24,66.2300033569336,66.73999786376953,66.0,66.55000305175781,65.2969970703125,1366300,False
EWW,2025-11-25,66.81999969482422,67.83000183105469,66.4800033569336,67.75,66.47440338134766,1489600,False
EWW,2025-11-26,67.83999633789062,68.18000030517578,67.4000015258789,67.87999725341797,66.6019515991211,1320900,False
EWW,2025-11-28,67.5999984741211,68.54000091552734,67.29000091552734,68.41999816894531,67.13178253173828,543500,False
EWW,2025-12-01,68.27999877929688,68.9000015258789,68.0199966430664,68.45999908447266,67.17102813720703,1142300,False
EWW,2025-12-02,68.5,69.05999755859375,68.5,68.70999908447266,67.41632843017578,813400,False
EWW,2025-12-03,68.98999786376953,68.98999786376953,68.19000244140625,68.43000030517578,67.1416015625,785000,False
EWW,2025-12-04,68.37999725341797,68.83000183105469,68.29000091552734,68.81999969482422,67.52425384521484,834300,False
EWW,2025-12-05,68.80000305175781,69.41999816894531,68.58999633789062,68.68000030517578,67.38689422607422,993000,False
EWW,2025-12-08,68.56999969482422,69.1500015258789,68.33000183105469,68.63999938964844,67.34764099121094,816100,False
EWW,2025-12-09,68.5999984741211,69.58999633789062,68.43000030517578,69.2699966430664,67.96578216552734,1144000,False
EWW,2025-12-10,69.37999725341797,69.48999786376953,68.58000183105469,69.04000091552734,67.7401123046875,1913900,False
EWW,2025-12-11,69.08000183105469,71.43000030517578,69.08000183105469,71.05999755859375,69.72207641601562,2343600,False
EWW,2025-12-12,71.11000061035156,71.38999938964844,69.51000213623047,70.69000244140625,69.35904693603516,1592200,False
EWW,2025-12-15,71.33999633789062,71.5999984741211,70.33999633789062,70.4800033569336,69.15299987792969,1982300,False
EWW,2025-12-16,69.13999938964844,69.33999633789062,68.18000030517578,68.27999877929688,68.27999877929688,3065700,False
EWW,2025-12-17,68.36000061035156,68.47000122070312,67.25,67.44999694824219,67.44999694824219,1383300,False
EWW,2025-12-18,67.81999969482422,68.91000366210938,67.4000015258789,68.75,68.75,932800,False
EWW,2025-12-19,68.93000030517578,69.5199966430664,68.70999908447266,68.8499984741211,68.8499984741211,1243000,False
EWW,2025-12-22,69.27999877929688,70.02999877929688,68.69000244140625,69.94999694824219,69.94999694824219,1851800,False
EWW,2025-12-23,69.98999786376953,71.12000274658203,69.88999938964844,71.04000091552734,71.04000091552734,1465600,False
EWW,2025-12-24,71.0,71.30999755859375,70.44000244140625,70.94999694824219,70.94999694824219,560100,False
EWW,2025-12-26,71.33000183105469,71.37999725341797,70.83000183105469,71.1500015258789,71.1500015258789,722700,False
EWW,2025-12-29,70.94000244140625,71.02999877929688,70.44000244140625,70.51000213623047,70.51000213623047,701600,False
EWW,2025-12-30,70.62000274658203,70.88999938964844,69.44999694824219,69.48999786376953,69.48999786376953,796600,False
EWW,2025-12-31,69.91999816894531,69.91999816894531,68.97000122070312,69.33000183105469,69.33000183105469,789500,False
EWW,2026-01-02,69.91000366210938,70.81999969482422,69.23999786376953,69.66000366210938,69.66000366210938,1716300,False
EWW,2026-01-05,69.80000305175781,71.0,68.94000244140625,70.58000183105469,70.58000183105469,1823900,False
EWW,2026-01-06,70.7699966430664,71.0,69.9000015258789,70.04000091552734,70.04000091552734,1622100,False
EWW,2026-01-07,69.94000244140625,70.2699966430664,69.0199966430664,69.91999816894531,69.91999816894531,1069400,False
EWW,2026-01-08,69.7699966430664,70.6500015258789,69.26000213623047,70.4800033569336,70.4800033569336,915600,False
EWW,2026-01-09,70.7699966430664,71.19999694824219,70.31999969482422,71.05999755859375,71.05999755859375,909600,False
EWW,2026-01-12,71.29000091552734,72.30000305175781,71.29000091552734,72.05999755859375,72.05999755859375,1697600,False
EWW,2026-01-13,72.45999908447266,72.45999908447266,71.76000213623047,71.97000122070312,71.97000122070312,1226100,False
EWW,2026-01-14,72.0999984741211,73.43000030517578,71.9000015258789,73.37999725341797,73.37999725341797,1614400,False
EWW,2026-01-15,73.66999816894531,74.37000274658203,72.86000061035156,73.25,73.25,1274400,False
EWW,2026-01-16,73.08999633789062,74.06999969482422,72.80000305175781,74.0,74.0,1667400,False
EWW,2026-01-20,73.94999694824219,74.94999694824219,73.62999725341797,74.61000061035156,74.61000061035156,1413900,False
EWW,2026-01-21,75.38999938964844,76.4000015258789,75.1500015258789,75.36000061035156,75.36000061035156,1989900,False
EWW,2026-01-22,75.83000183105469,76.37000274658203,75.41999816894531,75.75,75.75,1802800,False
EWW,2026-01-23,75.73999786376953,76.18000030517578,75.22000122070312,76.08000183105469,76.08000183105469,1356200,False
EWW,2026-01-26,76.31999969482422,77.97000122070312,76.27999877929688,76.69999694824219,76.69999694824219,2293800,False
EWW,2026-01-27,77.44000244140625,77.93000030517578,76.9000015258789,77.86000061035156,77.86000061035156,1499100,False
EWW,2026-01-28,78.08999633789062,78.97000122070312,77.91000366210938,78.7300033569336,78.7300033569336,1372400,False
EWW,2026-01-29,79.44000244140625,79.91000366210938,77.30999755859375,78.44999694824219,78.44999694824219,2266200,False
EWW,2026-01-30,77.83000183105469,77.91000366210938,74.93000030517578,75.12000274658203,75.12000274658203,3387400,False
EWW,2026-02-02,75.04000091552734,76.19999694824219,74.81999969482422,75.43000030517578,75.43000030517578,1935700,False
EWW,2026-02-03,76.36000061035156,79.18000030517578,76.36000061035156,78.76000213623047,78.76000213623047,2887100,False
EWW,2026-02-04,78.9000015258789,78.91999816894531,76.4800033569336,77.22000122070312,77.22000122070312,1879500,False
EWW,2026-02-05,76.58999633789062,77.75,75.69000244140625,76.83000183105469,76.83000183105469,1446100,False
EWW,2026-02-06,78.05000305175781,79.94999694824219,77.2699966430664,79.87000274658203,79.87000274658203,2297400,False
EWW,2026-02-09,80.0199966430664,80.80000305175781,79.91000366210938,80.66999816894531,80.66999816894531,1930100,False
EWW,2026-02-10,80.91000366210938,81.0199966430664,80.01000213623047,80.4800033569336,80.4800033569336,1124200,False
EWW,2026-02-11,80.83000183105469,81.0,79.51000213623047,80.69999694824219,80.69999694824219,1051300,False
EWW,2026-02-12,81.41000366210938,81.6500015258789,79.33999633789062,79.91999816894531,79.91999816894531,4496200,False
EWW,2026-02-13,80.2300033569336,81.08999633789062,79.48999786376953,81.02999877929688,81.02999877929688,1103200,False
EWW,2026-02-17,80.94000244140625,81.0,79.70999908447266,80.76000213623047,80.76000213623047,1364600,False
EWW,2026-02-18,81.25,81.41999816894531,79.91999816894531,80.1500015258789,80.1500015258789,2142200,False
EWW,2026-02-19,80.0,80.4000015258789,79.5,79.94000244140625,79.94000244140625,1903400,False
EWW,2026-02-20,80.16000366210938,81.25,79.91000366210938,81.2300033569336,81.2300033569336,1211500,False
EWW,2026-02-23,80.19999694824219,81.23999786376953,78.86000061035156,79.54000091552734,79.54000091552734,3484900,False
EWW,2026-02-24,79.5999984741211,80.66999816894531,78.80000305175781,80.37000274658203,80.37000274658203,2823600,False
EWW,2026-02-25,80.61000061035156,80.83999633789062,79.70999908447266,80.44999694824219,80.44999694824219,1298600,False
EWW,2026-02-26,80.5,80.83000183105469,79.72000122070312,80.66000366210938,80.66000366210938,1381700,False
EWW,2026-02-27,80.30000305175781,81.55000305175781,79.8499984741211,80.94000244140625,80.94000244140625,4039400,False
EWW,2026-03-02,79.0199966430664,80.08999633789062,78.5199966430664,79.45999908447266,79.45999908447266,2307100,False
EWW,2026-03-03,76.04000091552734,76.2300033569336,73.25,75.37000274658203,75.37000274658203,4971400,False
EWW,2026-03-04,76.31999969482422,78.11000061035156,75.58999633789062,77.91000366210938,77.91000366210938,2413400,False
EWW,2026-03-05,77.3499984741211,77.36000061035156,74.98999786376953,75.25,75.25,2434400,False
EWW,2026-03-06,73.70999908447266,75.05000305175781,73.5,73.72000122070312,73.72000122070312,4583900,False
EWW,2026-03-09,72.77999877929688,74.08999633789062,71.55999755859375,73.88999938964844,73.88999938964844,2716400,False
EWW,2026-03-10,74.3499984741211,75.7300033569336,74.23999786376953,74.76000213623047,74.76000213623047,1732200,False
EWW,2026-03-11,74.58000183105469,75.0,73.94999694824219,74.69000244140625,74.69000244140625,1046200,False
EWW,2026-03-12,73.73999786376953,73.94999694824219,71.97000122070312,72.16999816894531,72.16999816894531,2661200,False
EWW,2026-03-13,72.33999633789062,73.16999816894531,71.37999725341797,71.52999877929688,71.52999877929688,2415000,False
EWW,2026-03-16,72.41999816894531,74.04000091552734,72.08999633789062,73.16000366210938,73.16000366210938,1642300,False
EWW,2026-03-17,73.55999755859375,73.95999908447266,72.7300033569336,73.37999725341797,73.37999725341797,1369900,False
EWW,2026-03-18,72.94000244140625,73.48999786376953,72.31999969482422,72.37999725341797,72.37999725341797,1062500,False
EWW,2026-03-19,71.75,72.43000030517578,70.48999786376953,72.18000030517578,72.18000030517578,2293900,False
EWW,2026-03-20,71.55999755859375,71.66999816894531,69.58999633789062,69.87000274658203,69.87000274658203,2868400,False
EWW,2026-03-23,70.68000030517578,71.77999877929688,70.44999694824219,71.0999984741211,71.0999984741211,2619300,False
EWW,2026-03-24,70.5999984741211,72.79000091552734,70.25,72.45999908447266,72.45999908447266,1574100,False
EWW,2026-03-25,73.0,75.2300033569336,72.91999816894531,75.16000366210938,75.16000366210938,2352400,False
EWW,2026-03-26,74.62000274658203,74.79000091552734,73.18000030517578,73.29000091552734,73.29000091552734,1752000,False
EWW,2026-03-27,72.44999694824219,73.20999908447266,71.83000183105469,72.11000061035156,72.11000061035156,3656200,False
