ticker,fecha,open,high,low,close,adj_close,volume,anomalia
GGAL,2019-01-02,27.350000381469727,28.489999771118164,26.739999771118164,28.479999542236328,26.739999771118164,656400,False
GGAL,2019-01-03,28.450000762939453,28.889999389648438,27.600000381469727,28.68000030517578,27.600000381469727,759200,False
GGAL,2019-01-04,28.899999618530273,30.790000915527344,28.860000610351562,30.700000762939453,28.860000610351562,1516200,False
GGAL,2019-01-07,30.549999237060547,32.38999938964844,30.09000015258789,31.239999771118164,30.09000015258789,1157100,False
GGAL,2019-01-08,31.389999389648438,31.8700008392334,30.06999969482422,31.459999084472656,30.06999969482422,1130300,False
GGAL,2019-01-09,31.600000381469727,34.0,31.540000915527344,32.369998931884766,31.540000915527344,1488100,False
GGAL,2019-01-10,32.279998779296875,33.5099983215332,31.729999542236328,33.439998626708984,31.729999542236328,695100,False
GGAL,2019-01-11,33.02000045776367,33.880001068115234,32.040000915527344,32.4900016784668,32.040000915527344,663300,False
GGAL,2019-01-14,32.150001525878906,32.880001068115234,31.75,32.09000015258789,31.75,352600,False
GGAL,2019-01-15,32.119998931884766,32.38999938964844,31.40999984741211,31.799999237060547,31.40999984741211,485300,False
GGAL,2019-01-16,32.029998779296875,32.880001068115234,31.469999313354492,31.540000915527344,31.469999313354492,813500,False
GGAL,2019-01-17,31.31999969482422,31.860000610351562,30.950000762939453,31.760000228881836,30.950000762939453,582600,False
GGAL,2019-01-18,31.950000762939453,33.72999954223633,31.950000762939453,33.209999084472656,31.950000762939453,1065000,False
GGAL,2019-01-22,32.93000030517578,33.31999969482422,32.029998779296875,32.47999954223633,32.029998779296875,460800,False
GGAL,2019-01-23,33.27000045776367,34.31999969482422,32.970001220703125,33.779998779296875,32.970001220703125,851200,False
GGAL,2019-01-24,33.720001220703125,34.720001220703125,32.86000061035156,33.5099983215332,32.86000061035156,996000,False
GGAL,2019-01-25,34.25,34.810001373291016,33.849998474121094,34.34000015258789,33.849998474121094,736100,False
GGAL,2019-01-28,33.77000045776367,35.38999938964844,33.77000045776367,34.790000915527344,33.77000045776367,812000,False
GGAL,2019-01-29,35.0,35.2599983215332,34.20000076293945,34.75,34.20000076293945,368700,False
GGAL,2019-01-30,34.79999923706055,35.59000015258789,34.380001068115234,35.560001373291016,34.380001068115234,397400,False
GGAL,2019-01-31,35.83000183105469,36.709999084472656,35.779998779296875,36.5099983215332,35.779998779296875,874000,False
GGAL,2019-02-01,36.380001068115234,36.70000076293945,35.70000076293945,36.18000030517578,35.70000076293945,657000,False
GGAL,2019-02-04,35.97999954223633,37.279998779296875,35.650001525878906,37.060001373291016,35.650001525878906,1111600,False
GGAL,2019-02-05,36.97999954223633,37.779998779296875,36.83000183105469,37.29999923706055,36.83000183105469,1553500,False
GGAL,2019-02-06,36.959999084472656,37.459999084472656,35.40999984741211,35.4900016784668,35.40999984741211,787500,False
GGAL,2019-02-07,35.619998931884766,35.77000045776367,34.2400016784668,35.20000076293945,34.2400016784668,820600,False
GGAL,2019-02-08,35.18000030517578,36.13999938964844,34.68000030517578,35.9900016784668,34.68000030517578,813500,False
GGAL,2019-02-11,35.7599983215332,36.58000183105469,35.220001220703125,36.31999969482422,35.220001220703125,995300,False
GGAL,2019-02-12,36.790000915527344,37.630001068115234,36.52000045776367,36.7599983215332,36.52000045776367,915200,False
GGAL,2019-02-13,36.2599983215332,37.029998779296875,35.130001068115234,35.20000076293945,35.130001068115234,552300,False
GGAL,2019-02-14,35.0,35.709999084472656,34.650001525878906,35.41999816894531,34.650001525878906,593000,False
GGAL,2019-02-15,35.369998931884766,35.70000076293945,34.59000015258789,34.779998779296875,34.59000015258789,558900,False
GGAL,2019-02-19,34.439998626708984,34.439998626708984,32.5,32.61000061035156,32.5,1796100,False
GGAL,2019-02-20,32.81999969482422,34.41999816894531,31.860000610351562,33.0,31.860000610351562,1481900,False
GGAL,2019-02-21,32.70000076293945,32.9900016784668,32.11000061035156,32.41999816894531,32.11000061035156,557100,False
GGAL,2019-02-22,32.560001373291016,33.7400016784668,32.560001373291016,33.66999816894531,32.560001373291016,764900,False
GGAL,2019-02-25,34.279998779296875,34.560001373291016,33.349998474121094,33.459999084472656,33.349998474121094,413200,False
GGAL,2019-02-26,33.2400016784668,33.70000076293945,32.599998474121094,33.029998779296875,32.599998474121094,365700,False
GGAL,2019-02-27,32.95000076293945,33.43000030517578,31.600000381469727,31.639999389648438,31.600000381469727,743500,False
GGAL,2019-02-28,31.639999389648438,31.920000076293945,29.940000534057617,30.56999969482422,29.940000534057617,1401000,False
GGAL,2019-03-01,30.709999084472656,31.299999237060547,28.959999084472656,29.059999465942383,28.959999084472656,905800,False
GGAL,2019-03-04,29.010000228881836,29.3799991607666,27.809999465942383,28.389999389648438,27.809999465942383,824800,False
GGAL,2019-03-05,28.40999984741211,28.969999313354492,27.780000686645508,28.280000686645508,27.780000686645508,509400,False
GGAL,2019-03-06,28.290000915527344,28.290000915527344,26.190000534057617,26.270000457763672,26.190000534057617,1741600,False
GGAL,2019-03-07,26.600000381469727,27.31999969482422,25.100000381469727,25.600000381469727,25.100000381469727,1808000,False
GGAL,2019-03-08,26.1299991607666,28.06999969482422,26.06999969482422,26.479999542236328,26.06999969482422,1479200,False
GGAL,2019-03-11,26.860000610351562,27.950000762939453,26.860000610351562,27.469999313354492,26.860000610351562,802300,False
GGAL,2019-03-12,27.489999771118164,28.549999237060547,26.780000686645508,27.15999984741211,26.780000686645508,1037500,False
GGAL,2019-03-13,27.18000030517578,27.920000076293945,27.079999923706055,27.6299991607666,27.079999923706055,580400,False
GGAL,2019-03-14,27.360000610351562,27.690000534057617,26.860000610351562,27.270000457763672,26.860000610351562,601900,False
GGAL,2019-03-15,27.579999923706055,28.959999084472656,27.40999984741211,28.31999969482422,27.40999984741211,1031500,False
GGAL,2019-03-18,28.549999237060547,29.59000015258789,28.399999618530273,29.389999389648438,28.399999618530273,694700,False
GGAL,2019-03-19,29.200000762939453,30.459999084472656,28.690000534057617,28.889999389648438,28.690000534057617,1227500,False
GGAL,2019-03-20,28.899999618530273,29.31999969482422,28.059999465942383,28.93000030517578,28.059999465942383,807600,False
GGAL,2019-03-21,28.690000534057617,29.549999237060547,27.799999237060547,28.139999389648438,27.799999237060547,666500,False
GGAL,2019-03-22,27.639999389648438,27.639999389648438,25.670000076293945,25.84000015258789,25.670000076293945,1270700,False
GGAL,2019-03-25,25.8799991607666,27.469999313354492,25.829999923706055,26.8700008392334,25.829999923706055,1268800,False
GGAL,2019-03-26,26.260000228881836,27.709999084472656,24.790000915527344,25.479999542236328,24.790000915527344,1850900,False
GGAL,2019-03-27,25.5,25.719999313354492,23.219999313354492,24.25,23.219999313354492,2594600,False
GGAL,2019-03-28,24.219999313354492,24.950000762939453,23.969999313354492,24.860000610351562,23.969999313354492,1579000,False
GGAL,2019-03-29,25.1299991607666,26.0,24.56999969482422,25.520000457763672,24.56999969482422,1058400,False
GGAL,2019-04-01,25.979999542236328,26.219999313354492,25.219999313354492,25.520000457763672,25.219999313354492,704100,False
GGAL,2019-04-02,25.459999084472656,25.6200008392334,24.270000457763672,24.6299991607666,24.270000457763672,591500,False
GGAL,2019-04-03,24.889999389648438,25.25,24.149999618530273,24.389999389648438,24.149999618530273,649300,False
GGAL,2019-04-04,24.399999618530273,24.850000381469727,23.899999618530273,24.610000610351562,23.899999618530273,737800,False
GGAL,2019-04-05,24.59000015258789,25.540000915527344,24.25,24.969999313354492,24.25,802000,False
GGAL,2019-04-08,24.8799991607666,25.610000610351562,24.860000610351562,25.469999313354492,24.860000610351562,879300,False
GGAL,2019-04-09,25.399999618530273,25.600000381469727,23.43000030517578,24.329999923706055,23.43000030517578,1141600,False
GGAL,2019-04-10,24.459999084472656,25.600000381469727,24.459999084472656,25.18000030517578,24.459999084472656,1023600,False
GGAL,2019-04-11,24.969999313354492,25.290000915527344,24.049999237060547,24.56999969482422,24.049999237060547,579700,False
GGAL,2019-04-12,24.6299991607666,25.84000015258789,24.3799991607666,25.610000610351562,24.3799991607666,1266900,False
GGAL,2019-04-15,25.709999084472656,26.68000030517578,25.540000915527344,26.520000457763672,25.540000915527344,1213900,False
GGAL,2019-04-16,26.520000457763672,27.420000076293945,25.600000381469727,25.780000686645508,25.600000381469727,1265000,False
GGAL,2019-04-17,26.06999969482422,26.899999618530273,25.200000762939453,26.1299991607666,25.200000762939453,1082400,False
GGAL,2019-04-18,26.079999923706055,26.34000015258789,23.5,24.040000915527344,23.5,2032700,False
GGAL,2019-04-22,24.040000915527344,25.059999465942383,24.020000457763672,24.329999923706055,24.020000457763672,1186700,False
GGAL,2019-04-23,24.34000015258789,25.09000015258789,24.270000457763672,24.530000686645508,24.270000457763672,949700,False
GGAL,2019-04-24,24.399999618530273,24.440000534057617,21.540000915527344,21.719999313354492,21.540000915527344,4208600,False
GGAL,2019-04-25,21.6299991607666,22.040000915527344,18.6200008392334,21.1299991607666,18.6200008392334,5036500,False
GGAL,2019-04-26,21.329999923706055,22.459999084472656,20.639999389648438,21.010000228881836,20.639999389648438,2080400,False
GGAL,2019-04-29,20.989999771118164,21.84000015258789,20.770000457763672,21.290000915527344,20.770000457763672,1098300,False
GGAL,2019-04-30,21.290000915527344,22.200000762939453,21.09000015258789,21.780000686645508,21.09000015258789,896800,False
GGAL,2019-05-01,21.739999771118164,22.3700008392334,21.31999969482422,22.170000076293945,21.31999969482422,734900,False
GGAL,2019-05-02,22.209999084472656,23.25,22.040000915527344,23.110000610351562,22.040000915527344,1221500,False
GGAL,2019-05-03,23.43000030517578,24.760000228881836,23.170000076293945,24.489999771118164,23.170000076293945,2030300,False
GGAL,2019-05-06,23.540000915527344,24.729999542236328,23.200000762939453,24.270000457763672,23.200000762939453,971600,False
GGAL,2019-05-07,23.719999313354492,24.200000762939453,23.09000015258789,23.440000534057617,23.09000015258789,839500,False
GGAL,2019-05-08,23.709999084472656,25.139999389648438,23.31999969482422,24.540000915527344,23.31999969482422,1236300,False
GGAL,2019-05-09,23.950000762939453,25.610000610351562,23.700000762939453,25.549999237060547,23.700000762939453,1068300,False
GGAL,2019-05-10,25.219999313354492,26.350000381469727,24.079999923706055,24.719999313354492,24.079999923706055,1361600,False
GGAL,2019-05-13,23.799999237060547,24.09000015258789,22.799999237060547,23.809999465942383,22.799999237060547,1205200,False
GGAL,2019-05-14,24.1200008392334,25.1299991607666,23.559999465942383,24.34000015258789,23.559999465942383,932000,False
GGAL,2019-05-15,23.899999618530273,24.979999542236328,23.739999771118164,24.760000228881836,23.739999771118164,1500200,False
GGAL,2019-05-16,24.65999984741211,26.020000457763672,24.209999084472656,25.329999923706055,24.209999084472656,1406900,False
GGAL,2019-05-17,24.950000762939453,25.68000030517578,24.280000686645508,24.43000030517578,24.280000686645508,1090400,False
GGAL,2019-05-20,24.25,25.040000915527344,23.190000534057617,24.690000534057617,23.190000534057617,1619700,False
GGAL,2019-05-21,25.010000228881836,26.43000030517578,25.010000228881836,26.079999923706055,25.010000228881836,2107700,False
GGAL,2019-05-22,26.18000030517578,26.719999313354492,25.940000534057617,26.209999084472656,25.940000534057617,1196200,False
GGAL,2019-05-23,25.950000762939453,26.360000610351562,25.440000534057617,25.969999313354492,25.440000534057617,1125100,False
GGAL,2019-05-24,26.459999084472656,26.6299991607666,25.639999389648438,26.600000381469727,25.639999389648438,1292600,False
GGAL,2019-05-28,26.600000381469727,27.010000228881836,25.15999984741211,25.760000228881836,25.15999984741211,15804000,False
GGAL,2019-05-29,25.739999771118164,25.809999465942383,24.049999237060547,25.59000015258789,24.049999237060547,1475800,False
GGAL,2019-05-30,25.6200008392334,26.729999542236328,25.530000686645508,25.90999984741211,25.530000686645508,1264000,False
GGAL,2019-05-31,25.799999237060547,26.420000076293945,25.309999465942383,25.610000610351562,25.309999465942383,1049600,False
GGAL,2019-06-03,25.979999542236328,26.25,24.309999465942383,25.0,24.309999465942383,1184700,False
GGAL,2019-06-04,25.329999923706055,26.549999237060547,25.31999969482422,26.520000457763672,25.31999969482422,1476300,False
GGAL,2019-06-05,26.6200008392334,27.5,26.40999984741211,26.969999313354492,26.40999984741211,1591800,False
GGAL,2019-06-06,27.239999771118164,27.639999389648438,26.6200008392334,27.6200008392334,26.6200008392334,1094600,False
GGAL,2019-06-07,27.920000076293945,28.25,27.040000915527344,27.40999984741211,27.040000915527344,721900,False
GGAL,2019-06-10,27.59000015258789,28.56999969482422,27.540000915527344,28.549999237060547,27.540000915527344,1301800,False
GGAL,2019-06-11,28.959999084472656,30.93000030517578,28.75,30.780000686645508,28.75,2999200,False
GGAL,2019-06-12,31.489999771118164,34.68000030517578,31.0,34.619998931884766,31.0,4838200,False
GGAL,2019-06-13,34.22999954223633,34.31999969482422,32.63999938964844,34.04999923706055,32.63999938964844,2499900,False
GGAL,2019-06-14,34.04999923706055,34.52000045776367,32.880001068115234,32.900001525878906,32.880001068115234,1491200,False
GGAL,2019-06-17,33.34000015258789,33.52000045776367,32.209999084472656,33.029998779296875,32.209999084472656,736300,False
GGAL,2019-06-18,33.5,34.06999969482422,33.18000030517578,33.59000015258789,33.18000030517578,1019200,False
GGAL,2019-06-19,33.97999954223633,33.97999954223633,32.63999938964844,32.70000076293945,32.63999938964844,954500,False
GGAL,2019-06-20,33.47999954223633,33.9900016784668,32.650001525878906,33.90999984741211,32.650001525878906,1265000,False
GGAL,2019-06-21,33.79999923706055,34.439998626708984,33.380001068115234,34.130001068115234,33.380001068115234,1236200,False
GGAL,2019-06-24,34.189998626708984,34.70000076293945,33.529998779296875,34.279998779296875,33.529998779296875,765900,False
GGAL,2019-06-25,34.400001525878906,35.0,34.11000061035156,34.7599983215332,34.11000061035156,966200,False
GGAL,2019-06-26,35.0,35.58000183105469,32.90999984741211,33.709999084472656,32.90999984741211,1022900,False
GGAL,2019-06-27,33.81999969482422,34.47999954223633,33.279998779296875,33.90999984741211,33.279998779296875,958800,False
GGAL,2019-06-28,34.45000076293945,35.5099983215332,34.2400016784668,35.5,34.2400016784668,1245200,False
GGAL,2019-07-01,36.029998779296875,37.0,35.310001373291016,35.5099983215332,35.310001373291016,1114700,False
GGAL,2019-07-02,36.0,36.86000061035156,35.380001068115234,36.72999954223633,35.380001068115234,1215400,False
GGAL,2019-07-03,36.70000076293945,37.72999954223633,36.25,36.45000076293945,36.25,779600,False
GGAL,2019-07-05,36.06999969482422,36.619998931884766,35.7599983215332,36.400001525878906,35.7599983215332,517700,False
GGAL,2019-07-08,36.4900016784668,37.540000915527344,35.81999969482422,37.4900016784668,35.81999969482422,870100,False
GGAL,2019-07-09,37.04999923706055,38.47999954223633,36.91999816894531,38.150001525878906,36.91999816894531,801200,False
GGAL,2019-07-10,38.099998474121094,39.220001220703125,37.310001373291016,38.0,37.310001373291016,1033100,False
GGAL,2019-07-11,38.2400016784668,38.790000915527344,37.59000015258789,37.93000030517578,37.59000015258789,844300,False
GGAL,2019-07-12,37.849998474121094,38.599998474121094,37.81999969482422,37.86000061035156,37.81999969482422,587200,False
GGAL,2019-07-15,37.9900016784668,37.9900016784668,35.66999816894531,35.869998931884766,35.66999816894531,1024200,False
GGAL,2019-07-16,35.689998626708984,36.880001068115234,35.029998779296875,36.16999816894531,35.029998779296875,1087500,False
GGAL,2019-07-17,36.31999969482422,36.81999969482422,35.880001068115234,35.90999984741211,35.880001068115234,759200,False
GGAL,2019-07-18,35.7599983215332,36.400001525878906,34.29999923706055,35.34000015258789,34.29999923706055,1152200,False
GGAL,2019-07-19,35.220001220703125,35.43000030517578,34.75,34.900001525878906,34.75,719800,False
GGAL,2019-07-22,34.79999923706055,34.95000076293945,33.38999938964844,33.5,33.38999938964844,1244600,False
GGAL,2019-07-23,33.66999816894531,33.880001068115234,32.7400016784668,33.790000915527344,32.7400016784668,839100,False
GGAL,2019-07-24,33.65999984741211,34.369998931884766,33.41999816894531,33.939998626708984,33.41999816894531,567700,False
GGAL,2019-07-25,34.11000061035156,34.470001220703125,33.560001373291016,33.970001220703125,33.560001373291016,791100,False
GGAL,2019-07-26,34.150001525878906,37.849998474121094,34.0,37.41999816894531,34.0,1584900,False
GGAL,2019-07-29,37.40999984741211,38.75,36.650001525878906,38.189998626708984,36.650001525878906,1311700,False
GGAL,2019-07-30,37.90999984741211,38.810001373291016,37.380001068115234,37.599998474121094,37.380001068115234,828700,False
GGAL,2019-07-31,37.9900016784668,38.119998931884766,36.54999923706055,36.7400016784668,36.54999923706055,1027700,False
GGAL,2019-08-01,36.779998779296875,37.08000183105469,35.02000045776367,35.40999984741211,35.02000045776367,727200,False
GGAL,2019-08-02,35.060001373291016,35.54999923706055,33.86000061035156,35.02000045776367,33.86000061035156,901400,False
GGAL,2019-08-05,33.130001068115234,34.93000030517578,33.0099983215332,34.08000183105469,33.0099983215332,1022600,False
GGAL,2019-08-06,34.72999954223633,36.630001068115234,34.2400016784668,35.31999969482422,34.2400016784668,724500,False
GGAL,2019-08-07,34.2599983215332,34.95000076293945,33.4900016784668,34.540000915527344,33.4900016784668,748100,False
GGAL,2019-08-08,34.099998474121094,35.68000030517578,34.040000915527344,34.95000076293945,34.040000915527344,1130600,False
GGAL,2019-08-09,34.900001525878906,38.689998626708984,34.5099983215332,38.16999816894531,34.5099983215332,1954900,False
GGAL,2019-08-12,19.309999465942383,19.360000610351562,15.170000076293945,16.75,15.170000076293945,30223700,True
GGAL,2019-08-13,17.360000610351562,18.020000457763672,16.799999237060547,17.229999542236328,16.799999237060547,6724700,False
GGAL,2019-08-14,16.700000762939453,17.690000534057617,15.869999885559082,16.579999923706055,15.869999885559082,5068500,False
GGAL,2019-08-15,17.979999542236328,18.34000015258789,17.079999923706055,17.469999313354492,17.079999923706055,5420100,False
GGAL,2019-08-16,18.0,18.56999969482422,17.700000762939453,17.739999771118164,17.700000762939453,3822800,False
GGAL,2019-08-19,17.18000030517578,17.329999923706055,14.899999618530273,14.949999809265137,14.899999618530273,5164000,True
GGAL,2019-08-20,15.300000190734863,15.739999771118164,14.800000190734863,15.140000343322754,14.800000190734863,3133000,False
GGAL,2019-08-21,15.34000015258789,15.720000267028809,15.100000381469727,15.59000015258789,15.100000381469727,1878400,False
GGAL,2019-08-22,15.5600004196167,15.899999618530273,15.430000305175781,15.550000190734863,15.430000305175781,1636400,False
GGAL,2019-08-23,15.539999961853027,15.739999771118164,14.579999923706055,14.6899995803833,14.579999923706055,1644700,False
GGAL,2019-08-26,14.890000343322754,15.100000381469727,13.90999984741211,13.949999809265137,13.90999984741211,1817500,False
GGAL,2019-08-27,13.699999809265137,13.850000381469727,12.819999694824219,12.869999885559082,12.819999694824219,4186700,False
GGAL,2019-08-28,12.539999961853027,13.109999656677246,12.359999656677246,12.739999771118164,12.359999656677246,2206700,False
GGAL,2019-08-29,12.300000190734863,12.899999618530273,11.4399995803833,11.899999618530273,11.4399995803833,4702700,False
GGAL,2019-08-30,11.970000267028809,11.970000267028809,10.819999694824219,10.84000015258789,10.819999694824219,3838200,False
GGAL,2019-09-03,11.760000228881836,11.850000381469727,9.529999732971191,9.569999694824219,9.529999732971191,6994500,False
GGAL,2019-09-04,9.970000267028809,11.380000114440918,9.579999923706055,11.050000190734863,9.579999923706055,4844300,True
GGAL,2019-09-05,11.170000076293945,11.670000076293945,10.930000305175781,11.449999809265137,10.930000305175781,5382000,False
GGAL,2019-09-06,11.5600004196167,12.270000457763672,11.5,11.729999542236328,11.5,3170600,False
GGAL,2019-09-09,11.930000305175781,12.470000267028809,11.5600004196167,11.800000190734863,11.5600004196167,1644100,False
GGAL,2019-09-10,11.520000457763672,12.300000190734863,11.5,11.899999618530273,11.5,1871200,False
GGAL,2019-09-11,11.979999542236328,12.140000343322754,11.399999618530273,12.020000457763672,11.399999618530273,1851600,False
GGAL,2019-09-12,12.0,12.289999961853027,11.65999984741211,11.779999732971191,11.65999984741211,1142000,False
GGAL,2019-09-13,11.979999542236328,12.239999771118164,11.010000228881836,11.130000114440918,11.010000228881836,1937400,False
GGAL,2019-09-16,10.989999771118164,11.9399995803833,10.600000381469727,11.829999923706055,10.600000381469727,1659500,False
GGAL,2019-09-17,11.710000038146973,12.130000114440918,11.510000228881836,12.029999732971191,11.510000228881836,1170000,False
GGAL,2019-09-18,12.010000228881836,12.1899995803833,11.579999923706055,11.84000015258789,11.579999923706055,1069900,False
GGAL,2019-09-19,11.550000190734863,12.460000038146973,11.329999923706055,12.229999542236328,11.329999923706055,2398200,False
GGAL,2019-09-20,12.430000305175781,12.729999542236328,11.760000228881836,11.899999618530273,11.760000228881836,2552100,False
GGAL,2019-09-23,11.779999732971191,12.119999885559082,11.430000305175781,11.869999885559082,11.430000305175781,912900,False
GGAL,2019-09-24,11.8100004196167,11.989999771118164,11.279999732971191,11.779999732971191,11.279999732971191,1486000,False
GGAL,2019-09-25,11.65999984741211,12.449999809265137,11.5600004196167,12.359999656677246,11.5600004196167,1273300,False
GGAL,2019-09-26,12.569999694824219,12.819999694824219,12.149999618530273,12.399999618530273,12.149999618530273,1340900,False
GGAL,2019-09-27,12.420000076293945,13.199999809265137,12.420000076293945,13.069999694824219,12.420000076293945,1784400,False
GGAL,2019-09-30,13.180000305175781,13.350000381469727,12.539999961853027,13.0,12.539999961853027,1535500,False
GGAL,2019-10-01,12.90999984741211,13.180000305175781,12.369999885559082,12.760000228881836,12.369999885559082,1268000,False
GGAL,2019-10-02,12.579999923706055,13.15999984741211,12.140000343322754,13.130000114440918,12.140000343322754,1251100,False
GGAL,2019-10-03,13.15999984741211,13.170000076293945,12.59000015258789,13.109999656677246,12.59000015258789,887500,False
GGAL,2019-10-04,13.050000190734863,13.520000457763672,12.890000343322754,13.510000228881836,12.890000343322754,1332300,False
GGAL,2019-10-07,13.449999809265137,13.989999771118164,13.300000190734863,13.359999656677246,13.300000190734863,1547900,False
GGAL,2019-10-08,13.380000114440918,13.380000114440918,12.609999656677246,12.710000038146973,12.609999656677246,1207000,False
GGAL,2019-10-09,12.779999732971191,12.949999809265137,12.430000305175781,12.75,12.430000305175781,938200,False
GGAL,2019-10-10,12.890000343322754,13.550000190734863,12.720000267028809,13.390000343322754,12.720000267028809,1207300,False
GGAL,2019-10-11,13.680000305175781,13.789999961853027,13.050000190734863,13.0600004196167,13.050000190734863,1013500,False
GGAL,2019-10-14,12.9399995803833,13.380000114440918,12.670000076293945,12.850000381469727,12.670000076293945,544500,False
GGAL,2019-10-15,12.899999618530273,13.289999961853027,12.770000457763672,13.239999771118164,12.770000457763672,1058400,False
GGAL,2019-10-16,13.239999771118164,13.380000114440918,12.6899995803833,12.850000381469727,12.6899995803833,806300,False
GGAL,2019-10-17,12.989999771118164,13.079999923706055,12.449999809265137,12.510000228881836,12.449999809265137,891000,False
GGAL,2019-10-18,12.460000038146973,12.619999885559082,12.279999732971191,12.510000228881836,12.279999732971191,789500,False
GGAL,2019-10-21,12.609999656677246,12.880000114440918,12.350000381469727,12.84000015258789,12.350000381469727,1198500,False
GGAL,2019-10-22,12.920000076293945,13.0,12.25,12.380000114440918,12.25,1056500,False
GGAL,2019-10-23,12.279999732971191,12.8100004196167,12.260000228881836,12.6899995803833,12.260000228881836,1272200,False
GGAL,2019-10-24,12.6899995803833,12.880000114440918,12.350000381469727,12.420000076293945,12.350000381469727,1071000,False
GGAL,2019-10-25,12.5,13.260000228881836,12.350000381469727,12.729999542236328,12.350000381469727,2160000,False
GGAL,2019-10-28,12.470000267028809,13.210000038146973,10.829999923706055,11.279999732971191,10.829999923706055,3640000,False
GGAL,2019-10-29,11.020000457763672,11.869999885559082,10.760000228881836,11.390000343322754,10.760000228881836,2554500,False
GGAL,2019-10-30,11.369999885559082,11.4399995803833,11.0,11.399999618530273,11.0,1021500,False
GGAL,2019-10-31,11.399999618530273,11.569999694824219,10.970000267028809,11.5600004196167,10.970000267028809,1044700,False
GGAL,2019-11-01,11.75,11.880000114440918,11.350000381469727,11.789999961853027,11.350000381469727,760000,False
GGAL,2019-11-04,12.0,12.789999961853027,11.869999885559082,12.539999961853027,11.869999885559082,1289000,False
GGAL,2019-11-05,12.6899995803833,13.0600004196167,12.539999961853027,12.680000305175781,12.539999961853027,775700,False
GGAL,2019-11-06,12.699999809265137,12.829999923706055,11.960000038146973,12.199999809265137,11.960000038146973,1103800,False
GGAL,2019-11-07,12.25,12.90999984741211,12.25,12.59000015258789,12.25,947400,False
GGAL,2019-11-08,12.65999984741211,12.710000038146973,12.279999732971191,12.40999984741211,12.279999732971191,785700,False
GGAL,2019-11-11,12.300000190734863,12.930000305175781,12.300000190734863,12.720000267028809,12.300000190734863,1100000,False
GGAL,2019-11-12,12.720000267028809,13.029999732971191,11.899999618530273,12.069999694824219,11.899999618530273,1269600,False
GGAL,2019-11-13,11.899999618530273,12.069999694824219,11.359999656677246,11.600000381469727,11.359999656677246,1325000,False
GGAL,2019-11-14,11.75,11.930000305175781,11.010000228881836,11.069999694824219,11.010000228881836,1053000,False
GGAL,2019-11-15,11.270000457763672,11.720000267028809,10.960000038146973,11.579999923706055,10.960000038146973,644600,False
GGAL,2019-11-18,11.5,11.729999542236328,11.15999984741211,11.380000114440918,11.15999984741211,665800,False
GGAL,2019-11-19,11.420000076293945,11.859999656677246,11.170000076293945,11.84000015258789,11.170000076293945,652400,False
GGAL,2019-11-20,12.079999923706055,12.739999771118164,11.960000038146973,12.539999961853027,11.960000038146973,1552200,False
GGAL,2019-11-21,12.619999885559082,12.739999771118164,12.210000038146973,12.6899995803833,12.210000038146973,854500,False
GGAL,2019-11-22,12.670000076293945,13.15999984741211,12.479999542236328,12.739999771118164,12.479999542236328,1189700,False
GGAL,2019-11-25,12.800000190734863,13.109999656677246,12.649999618530273,12.8100004196167,12.649999618530273,794000,False
GGAL,2019-11-26,12.739999771118164,12.949999809265137,12.399999618530273,12.899999618530273,12.399999618530273,2209400,False
GGAL,2019-11-27,12.880000114440918,13.880000114440918,12.75,13.779999732971191,12.75,1874900,False
GGAL,2019-11-29,13.9399995803833,13.9399995803833,13.260000228881836,13.359999656677246,13.260000228881836,647700,False
GGAL,2019-12-02,13.34000015258789,13.75,12.720000267028809,12.850000381469727,12.720000267028809,1075800,False
GGAL,2019-12-03,12.739999771118164,12.880000114440918,12.460000038146973,12.869999885559082,12.460000038146973,689700,False
GGAL,2019-12-04,12.920000076293945,13.649999618530273,12.84000015258789,13.420000076293945,12.84000015258789,1173200,False
GGAL,2019-12-05,13.520000457763672,13.579999923706055,13.020000457763672,13.229999542236328,13.020000457763672,1100600,False
GGAL,2019-12-06,13.390000343322754,13.970000267028809,13.350000381469727,13.800000190734863,13.350000381469727,1902200,False
GGAL,2019-12-09,14.039999961853027,14.279999732971191,13.640000343322754,14.050000190734863,13.640000343322754,1571400,False
GGAL,2019-12-10,13.970000267028809,14.0600004196167,13.170000076293945,13.25,13.170000076293945,1386200,False
GGAL,2019-12-11,13.40999984741211,13.59000015258789,13.069999694824219,13.199999809265137,13.069999694824219,734000,False
GGAL,2019-12-12,13.180000305175781,14.239999771118164,13.180000305175781,13.960000038146973,13.180000305175781,1594700,False
GGAL,2019-12-13,14.149999618530273,15.050000190734863,14.0,14.75,14.0,1666700,False
GGAL,2019-12-16,14.899999618530273,15.0,14.300000190734863,14.470000267028809,14.300000190734863,1856400,False
GGAL,2019-12-17,14.300000190734863,14.649999618530273,13.859999656677246,14.539999961853027,13.859999656677246,2092500,False
GGAL,2019-12-18,14.479999542236328,15.65999984741211,14.479999542236328,14.789999961853027,14.479999542236328,2599400,False
GGAL,2019-12-19,15.039999961853027,15.489999771118164,14.529999732971191,14.800000190734863,14.529999732971191,1841700,False
GGAL,2019-12-20,14.920000076293945,15.149999618530273,14.670000076293945,15.0,14.670000076293945,2112800,False
GGAL,2019-12-23,15.079999923706055,16.459999084472656,15.050000190734863,16.34000015258789,15.050000190734863,2435000,False
GGAL,2019-12-24,16.43000030517578,17.479999542236328,16.270000457763672,16.479999542236328,16.270000457763672,1699200,False
GGAL,2019-12-26,16.889999389648438,17.700000762939453,16.450000762939453,17.049999237060547,16.450000762939453,2750100,False
GGAL,2019-12-27,17.280000686645508,17.40999984741211,16.239999771118164,16.420000076293945,16.239999771118164,2101900,False
GGAL,2019-12-30,16.420000076293945,16.600000381469727,15.8100004196167,16.290000915527344,15.8100004196167,1379400,False
GGAL,2019-12-31,16.209999084472656,16.510000228881836,16.040000915527344,16.229999542236328,16.040000915527344,823800,False
GGAL,2020-01-02,16.350000381469727,16.760000228881836,16.1299991607666,16.40999984741211,16.1299991607666,2010900,False
GGAL,2020-01-03,16.020000457763672,16.270000457763672,15.380000114440918,15.800000190734863,15.380000114440918,1401500,False
GGAL,2020-01-06,15.510000228881836,16.260000228881836,15.399999618530273,15.970000267028809,15.399999618530273,958400,False
GGAL,2020-01-07,15.890000343322754,16.020000457763672,15.670000076293945,15.869999885559082,15.670000076293945,744100,False
GGAL,2020-01-08,15.729999542236328,16.40999984741211,15.729999542236328,16.040000915527344,15.729999542236328,1310400,False
GGAL,2020-01-09,16.149999618530273,16.729999542236328,16.100000381469727,16.649999618530273,16.100000381469727,1210200,False
GGAL,2020-01-10,16.81999969482422,16.889999389648438,16.350000381469727,16.3700008392334,16.350000381469727,879400,False
GGAL,2020-01-13,16.3700008392334,16.479999542236328,15.479999542236328,15.619999885559082,15.479999542236328,1529100,False
GGAL,2020-01-14,15.279999732971191,15.600000381469727,14.609999656677246,15.470000267028809,14.609999656677246,1982700,False
GGAL,2020-01-15,15.449999809265137,15.569999694824219,14.710000038146973,14.829999923706055,14.710000038146973,1322200,False
GGAL,2020-01-16,14.970000267028809,15.529999732971191,14.970000267028809,15.260000228881836,14.970000267028809,1241100,False
GGAL,2020-01-17,15.260000228881836,15.75,15.260000228881836,15.600000381469727,15.260000228881836,1358800,False
GGAL,2020-01-21,15.680000305175781,15.899999618530273,15.020000457763672,15.079999923706055,15.020000457763672,1260000,False
GGAL,2020-01-22,15.079999923706055,15.34000015258789,14.670000076293945,14.970000267028809,14.670000076293945,1321900,False
GGAL,2020-01-23,15.029999732971191,15.199999809265137,14.470000267028809,14.550000190734863,14.470000267028809,986200,False
GGAL,2020-01-24,14.5,14.600000381469727,13.9399995803833,13.989999771118164,13.9399995803833,714400,False
GGAL,2020-01-27,13.5,13.850000381469727,13.239999771118164,13.75,13.239999771118164,1048600,False
GGAL,2020-01-28,13.979999542236328,14.520000457763672,13.789999961853027,14.449999809265137,13.789999961853027,825400,False
GGAL,2020-01-29,14.5600004196167,14.960000038146973,14.399999618530273,14.40999984741211,14.399999618530273,781900,False
GGAL,2020-01-30,14.260000228881836,14.850000381469727,14.109999656677246,14.84000015258789,14.109999656677246,508600,False
GGAL,2020-01-31,14.609999656677246,14.65999984741211,14.0,14.350000381469727,14.0,675200,False
GGAL,2020-02-03,14.5,15.380000114440918,14.470000267028809,15.1899995803833,14.470000267028809,963700,False
GGAL,2020-02-04,15.5,15.800000190734863,14.510000228881836,14.800000190734863,14.510000228881836,2161700,False
GGAL,2020-02-05,14.899999618530273,15.109999656677246,14.609999656677246,14.729999542236328,14.609999656677246,934000,False
GGAL,2020-02-06,14.869999885559082,15.199999809265137,14.529999732971191,14.800000190734863,14.529999732971191,601600,False
GGAL,2020-02-07,15.149999618530273,15.350000381469727,14.720000267028809,14.979999542236328,14.720000267028809,933500,False
GGAL,2020-02-10,14.979999542236328,15.210000038146973,14.789999961853027,14.989999771118164,14.789999961853027,332300,False
GGAL,2020-02-11,14.800000190734863,15.010000228881836,14.329999923706055,14.65999984741211,14.329999923706055,875400,False
GGAL,2020-02-12,14.699999809265137,14.880000114440918,14.5,14.8100004196167,14.5,600400,False
GGAL,2020-02-13,14.510000228881836,14.510000228881836,13.430000305175781,13.579999923706055,13.430000305175781,2236000,False
GGAL,2020-02-14,13.710000038146973,13.960000038146973,13.5600004196167,13.789999961853027,13.5600004196167,964300,False
GGAL,2020-02-18,13.670000076293945,14.0,13.510000228881836,13.699999809265137,13.510000228881836,592200,False
GGAL,2020-02-19,13.819999694824219,14.380000114440918,13.760000228881836,14.09000015258789,13.760000228881836,749000,False
GGAL,2020-02-20,14.0,14.449999809265137,13.760000228881836,14.3100004196167,13.760000228881836,1577900,False
GGAL,2020-02-21,14.1899995803833,14.539999961853027,14.020000457763672,14.489999771118164,14.020000457763672,768200,False
GGAL,2020-02-24,14.029999732971191,14.239999771118164,13.699999809265137,13.949999809265137,13.699999809265137,754700,False
GGAL,2020-02-25,14.149999618530273,14.149999618530273,13.210000038146973,13.25,13.210000038146973,1016600,False
GGAL,2020-02-26,13.399999618530273,13.800000190734863,13.170000076293945,13.300000190734863,13.170000076293945,739800,False
GGAL,2020-02-27,12.970000267028809,13.460000038146973,12.630000114440918,13.029999732971191,12.630000114440918,892700,False
GGAL,2020-02-28,12.399999618530273,12.859999656677246,12.079999923706055,12.640000343322754,12.079999923706055,1681300,False
GGAL,2020-03-02,12.65999984741211,13.140000343322754,12.390000343322754,13.079999923706055,12.390000343322754,761800,False
GGAL,2020-03-03,13.079999923706055,13.5600004196167,12.6899995803833,12.960000038146973,12.6899995803833,1067600,False
GGAL,2020-03-04,13.149999618530273,13.600000381469727,13.039999961853027,13.569999694824219,13.039999961853027,484000,False
GGAL,2020-03-05,13.1899995803833,13.390000343322754,13.020000457763672,13.1899995803833,13.020000457763672,579300,False
GGAL,2020-03-06,12.670000076293945,13.029999732971191,12.180000305175781,12.220000267028809,12.180000305175781,880700,False
GGAL,2020-03-09,11.100000381469727,11.479999542236328,9.960000038146973,9.960000038146973,9.960000038146973,1922400,True
GGAL,2020-03-10,10.449999809265137,11.170000076293945,10.229999542236328,11.0600004196167,10.229999542236328,1225200,False
GGAL,2020-03-11,10.630000114440918,10.819999694824219,9.9399995803833,10.15999984741211,9.9399995803833,781800,False
GGAL,2020-03-12,9.0,9.350000381469727,8.449999809265137,8.729999542236328,8.449999809265137,1314600,True
GGAL,2020-03-13,9.569999694824219,9.899999618530273,8.819999694824219,9.210000038146973,8.819999694824219,1199400,False
GGAL,2020-03-16,7.71999979019165,8.59000015258789,7.099999904632568,7.139999866485596,7.099999904632568,2177100,True
GGAL,2020-03-17,7.320000171661377,7.789999961853027,6.800000190734863,7.639999866485596,6.800000190734863,1609600,False
GGAL,2020-03-18,6.909999847412109,7.099999904632568,5.889999866485596,6.079999923706055,5.889999866485596,2319500,True
GGAL,2020-03-19,5.900000095367432,6.900000095367432,5.849999904632568,6.099999904632568,5.849999904632568,1430500,False
GGAL,2020-03-20,6.329999923706055,7.440000057220459,6.099999904632568,6.809999942779541,6.099999904632568,1928400,False
GGAL,2020-03-23,6.769999980926514,6.789999961853027,6.269999980926514,6.449999809265137,6.269999980926514,874700,False
GGAL,2020-03-24,6.739999771118164,7.550000190734863,6.710000038146973,7.269999980926514,6.710000038146973,1009500,False
GGAL,2020-03-25,7.5,8.029999732971191,7.25,7.619999885559082,7.25,1058500,False
GGAL,2020-03-26,7.829999923706055,8.1899995803833,7.679999828338623,7.849999904632568,7.679999828338623,930800,False
GGAL,2020-03-27,7.420000076293945,7.53000020980835,6.739999771118164,6.739999771118164,6.739999771118164,901900,True
GGAL,2020-03-30,7.039999961853027,7.070000171661377,6.449999809265137,6.730000019073486,6.449999809265137,830300,False
GGAL,2020-03-31,6.710000038146973,7.420000076293945,6.710000038146973,7.050000190734863,6.710000038146973,992400,False
GGAL,2020-04-01,6.730000019073486,6.929999828338623,6.510000228881836,6.789999961853027,6.510000228881836,722300,False
GGAL,2020-04-02,6.769999980926514,7.230000019073486,6.550000190734863,7.199999809265137,6.550000190734863,676400,False
GGAL,2020-04-03,7.199999809265137,7.360000133514404,6.980000019073486,7.340000152587891,6.980000019073486,806000,False
GGAL,2020-04-06,7.559999942779541,7.820000171661377,6.860000133514404,7.010000228881836,6.860000133514404,1123300,False
GGAL,2020-04-07,7.380000114440918,7.590000152587891,6.78000020980835,6.929999828338623,6.78000020980835,1346900,False
GGAL,2020-04-08,7.090000152587891,7.239999771118164,7.0,7.199999809265137,7.0,993900,False
GGAL,2020-04-09,7.420000076293945,7.539999961853027,6.869999885559082,7.090000152587891,6.869999885559082,824800,False
GGAL,2020-04-13,7.099999904632568,7.179999828338623,6.599999904632568,6.829999923706055,6.599999904632568,891400,False
GGAL,2020-04-14,6.960000038146973,7.230000019073486,6.800000190734863,7.119999885559082,6.800000190734863,896100,False
GGAL,2020-04-15,6.860000133514404,7.75,6.590000152587891,7.579999923706055,6.590000152587891,1518700,False
GGAL,2020-04-16,7.480000019073486,7.599999904632568,7.070000171661377,7.480000019073486,7.070000171661377,1241700,False
GGAL,2020-04-17,7.699999809265137,7.78000020980835,7.159999847412109,7.329999923706055,7.159999847412109,1751400,False
GGAL,2020-04-20,7.119999885559082,7.619999885559082,6.849999904632568,7.320000171661377,6.849999904632568,1542900,False
GGAL,2020-04-21,7.199999809265137,7.230000019073486,6.849999904632568,6.849999904632568,6.849999904632568,1157400,False
GGAL,2020-04-22,7.019999980926514,7.150000095367432,6.619999885559082,6.670000076293945,6.619999885559082,1070900,False
GGAL,2020-04-23,6.699999809265137,6.71999979019165,6.199999809265137,6.300000190734863,6.199999809265137,2151000,False
GGAL,2020-04-24,6.300000190734863,6.46999979019165,6.0,6.099999904632568,6.0,1468400,False
GGAL,2020-04-27,6.210000038146973,6.389999866485596,5.659999847412109,5.929999828338623,5.659999847412109,2267500,False
GGAL,2020-04-28,6.0,7.090000152587891,6.0,6.980000019073486,6.0,2273100,True
GGAL,2020-04-29,7.519999980926514,7.800000190734863,7.230000019073486,7.480000019073486,7.230000019073486,1765900,False
GGAL,2020-04-30,7.400000095367432,7.769999980926514,6.960000038146973,7.119999885559082,6.960000038146973,1247200,False
GGAL,2020-05-01,6.920000076293945,7.03000020980835,6.360000133514404,6.630000114440918,6.360000133514404,926700,False
GGAL,2020-05-04,6.670000076293945,7.099999904632568,6.5,7.059999942779541,6.5,1179300,False
GGAL,2020-05-05,7.179999828338623,7.46999979019165,6.789999961853027,6.900000095367432,6.789999961853027,1185100,False
GGAL,2020-05-06,6.900000095367432,7.400000095367432,6.570000171661377,7.25,6.570000171661377,1112200,False
GGAL,2020-05-07,7.329999923706055,8.220000267028809,7.070000171661377,7.840000152587891,7.070000171661377,2172200,False
GGAL,2020-05-08,8.0,8.430000305175781,7.880000114440918,8.100000381469727,7.880000114440918,1707900,False
GGAL,2020-05-11,7.980000019073486,8.880000114440918,7.690000057220459,8.8100004196167,7.690000057220459,1600500,False
GGAL,2020-05-12,9.0,9.430000305175781,8.65999984741211,8.729999542236328,8.65999984741211,2137500,False
GGAL,2020-05-13,8.720000267028809,8.75,7.659999847412109,7.929999828338623,7.659999847412109,3288000,False
GGAL,2020-05-14,7.769999980926514,8.670000076293945,7.559999942779541,8.460000038146973,7.559999942779541,1957100,False
GGAL,2020-05-15,8.460000038146973,8.789999961853027,8.15999984741211,8.399999618530273,8.15999984741211,1555900,False
GGAL,2020-05-18,9.109999656677246,9.140000343322754,8.640000343322754,8.890000343322754,8.640000343322754,1479400,False
GGAL,2020-05-19,8.800000190734863,8.880000114440918,8.149999618530273,8.489999771118164,8.149999618530273,1643100,False
GGAL,2020-05-20,8.619999885559082,9.029999732971191,8.479999542236328,8.760000228881836,8.479999542236328,1494500,False
GGAL,2020-05-21,8.760000228881836,9.609999656677246,8.489999771118164,9.380000114440918,8.489999771118164,1978000,False
GGAL,2020-05-22,9.270000457763672,9.739999771118164,8.850000381469727,9.510000228881836,8.850000381469727,1756000,False
GGAL,2020-05-26,9.699999809265137,9.989999771118164,9.319999694824219,9.529999732971191,9.319999694824219,1996100,False
GGAL,2020-05-27,9.800000190734863,9.880000114440918,9.069999694824219,9.65999984741211,9.069999694824219,1734400,False
GGAL,2020-05-28,9.65999984741211,9.65999984741211,8.729999542236328,8.829999923706055,8.729999542236328,3547900,False
GGAL,2020-05-29,8.9399995803833,8.9399995803833,7.889999866485596,8.010000228881836,7.889999866485596,14391500,False
GGAL,2020-06-01,8.399999618530273,8.960000038146973,8.239999771118164,8.529999732971191,8.239999771118164,2156700,False
GGAL,2020-06-02,8.649999618530273,9.569999694824219,8.59000015258789,9.390000343322754,8.59000015258789,2081000,False
GGAL,2020-06-03,9.5,10.279999732971191,9.300000190734863,10.15999984741211,9.300000190734863,2705000,False
GGAL,2020-06-04,10.210000038146973,10.319999694824219,9.6899995803833,10.180000305175781,9.6899995803833,2174600,False
GGAL,2020-06-05,10.640000343322754,10.9399995803833,10.270000457763672,10.369999885559082,10.270000457763672,1903000,False
GGAL,2020-06-08,10.8100004196167,11.619999885559082,10.609999656677246,11.5,10.609999656677246,2425000,False
GGAL,2020-06-09,10.949999809265137,11.029999732971191,10.34000015258789,10.770000457763672,10.34000015258789,2111900,False
GGAL,2020-06-10,10.630000114440918,11.210000038146973,10.220000267028809,10.859999656677246,10.220000267028809,1717000,False
GGAL,2020-06-11,10.5,10.739999771118164,9.970000267028809,9.979999542236328,9.970000267028809,1718600,False
GGAL,2020-06-12,10.510000228881836,10.84000015258789,10.119999885559082,10.75,10.119999885559082,1345000,False
GGAL,2020-06-15,10.220000267028809,10.5,10.15999984741211,10.430000305175781,10.15999984741211,965600,False
GGAL,2020-06-16,10.920000076293945,10.989999771118164,10.3100004196167,10.390000343322754,10.3100004196167,1404300,False
GGAL,2020-06-17,10.369999885559082,10.539999961853027,10.050000190734863,10.0600004196167,10.050000190734863,1433700,False
GGAL,2020-06-18,9.460000038146973,9.84000015258789,9.3100004196167,9.329999923706055,9.3100004196167,2356900,False
GGAL,2020-06-19,9.59000015258789,10.289999961853027,9.460000038146973,10.220000267028809,9.460000038146973,3029400,False
GGAL,2020-06-22,10.279999732971191,10.399999618530273,9.5600004196167,9.850000381469727,9.5600004196167,1566200,False
GGAL,2020-06-23,10.0,10.640000343322754,9.90999984741211,10.239999771118164,9.90999984741211,1507000,False
GGAL,2020-06-24,10.350000381469727,10.5600004196167,9.979999542236328,10.039999961853027,9.979999542236328,1756800,False
GGAL,2020-06-25,10.09000015258789,10.890000343322754,9.930000305175781,10.670000076293945,9.930000305175781,1647700,False
GGAL,2020-06-26,10.75,10.770000457763672,10.170000076293945,10.210000038146973,10.170000076293945,917400,False
GGAL,2020-06-29,10.350000381469727,10.5600004196167,10.170000076293945,10.329999923706055,10.170000076293945,889800,False
GGAL,2020-06-30,10.300000190734863,10.539999961853027,9.529999732971191,9.699999809265137,9.529999732971191,1672800,False
GGAL,2020-07-01,9.630000114440918,9.960000038146973,9.529999732971191,9.770000457763672,9.529999732971191,970000,False
GGAL,2020-07-02,9.970000267028809,10.0600004196167,9.220000267028809,9.220000267028809,9.220000267028809,1909700,False
GGAL,2020-07-06,10.350000381469727,11.40999984741211,9.760000228881836,11.319999694824219,9.760000228881836,3866800,True
GGAL,2020-07-07,11.170000076293945,11.170000076293945,10.670000076293945,10.890000343322754,10.670000076293945,2270600,False
GGAL,2020-07-08,10.960000038146973,11.140000343322754,10.770000457763672,11.029999732971191,10.770000457763672,989700,False
GGAL,2020-07-09,11.0,11.0,10.479999542236328,10.520000457763672,10.479999542236328,843900,False
GGAL,2020-07-10,10.670000076293945,11.489999771118164,10.5,11.369999885559082,10.5,1285600,False
GGAL,2020-07-13,11.609999656677246,12.119999885559082,11.329999923706055,11.34000015258789,11.329999923706055,2709700,False
GGAL,2020-07-14,11.289999961853027,11.289999961853027,10.920000076293945,11.270000457763672,10.920000076293945,1504300,False
GGAL,2020-07-15,11.5,11.739999771118164,11.420000076293945,11.680000305175781,11.420000076293945,1274500,False
GGAL,2020-07-16,11.470000267028809,11.65999984741211,11.260000228881836,11.510000228881836,11.260000228881836,634400,False
GGAL,2020-07-17,11.479999542236328,11.609999656677246,11.0,11.229999542236328,11.0,1337900,False
GGAL,2020-07-20,11.079999923706055,11.380000114440918,10.8100004196167,10.890000343322754,10.8100004196167,1123700,False
GGAL,2020-07-21,10.829999923706055,11.6899995803833,10.770000457763672,11.359999656677246,10.770000457763672,2429000,False
GGAL,2020-07-22,11.380000114440918,12.380000114440918,11.130000114440918,12.300000190734863,11.130000114440918,1762700,False
GGAL,2020-07-23,12.3100004196167,13.010000228881836,12.050000190734863,12.470000267028809,12.050000190734863,2047300,False
GGAL,2020-07-24,12.5,13.0,12.270000457763672,12.470000267028809,12.270000457763672,1359300,False
GGAL,2020-07-27,12.449999809265137,13.1899995803833,12.25,12.770000457763672,12.25,1180400,False
GGAL,2020-07-28,12.65999984741211,12.829999923706055,12.170000076293945,12.220000267028809,12.170000076293945,985100,False
GGAL,2020-07-29,12.34000015258789,12.579999923706055,12.0600004196167,12.319999694824219,12.0600004196167,669200,False
GGAL,2020-07-30,12.0,12.1899995803833,11.579999923706055,12.119999885559082,11.579999923706055,1206200,False
GGAL,2020-07-31,12.140000343322754,12.260000228881836,11.850000381469727,12.0,11.850000381469727,745500,False
GGAL,2020-08-03,11.550000190734863,13.760000228881836,11.399999618530273,13.270000457763672,11.399999618530273,3159700,False
GGAL,2020-08-04,14.75,14.9399995803833,12.829999923706055,13.050000190734863,12.829999923706055,5395200,False
GGAL,2020-08-05,13.279999732971191,13.760000228881836,12.569999694824219,12.649999618530273,12.569999694824219,1835300,False
GGAL,2020-08-06,12.569999694824219,12.75,12.279999732971191,12.6899995803833,12.279999732971191,1113300,False
GGAL,2020-08-07,12.75,12.859999656677246,12.369999885559082,12.850000381469727,12.369999885559082,968300,False
GGAL,2020-08-10,12.609999656677246,13.220000267028809,12.369999885559082,12.4399995803833,12.369999885559082,814800,False
GGAL,2020-08-11,12.600000381469727,12.680000305175781,11.819999694824219,11.859999656677246,11.819999694824219,1350100,False
GGAL,2020-08-12,12.149999618530273,12.239999771118164,11.220000267028809,11.460000038146973,11.220000267028809,1762700,False
GGAL,2020-08-13,11.329999923706055,11.970000267028809,11.289999961853027,11.529999732971191,11.289999961853027,918300,False
GGAL,2020-08-14,11.630000114440918,11.630000114440918,11.25,11.369999885559082,11.25,622100,False
GGAL,2020-08-17,11.270000457763672,11.40999984741211,10.720000267028809,10.789999961853027,10.720000267028809,1030600,False
GGAL,2020-08-18,10.829999923706055,11.039999961853027,10.5600004196167,10.65999984741211,10.5600004196167,1013600,False
GGAL,2020-08-19,10.65999984741211,10.930000305175781,10.140000343322754,10.369999885559082,10.140000343322754,1258500,False
GGAL,2020-08-20,10.229999542236328,10.4399995803833,10.100000381469727,10.25,10.100000381469727,1465000,False
GGAL,2020-08-21,10.25,10.520000457763672,9.859999656677246,10.109999656677246,9.859999656677246,1508100,False
GGAL,2020-08-24,10.15999984741211,10.25,9.600000381469727,10.0600004196167,9.600000381469727,1306800,False
GGAL,2020-08-25,10.1899995803833,10.25,9.75,10.170000076293945,9.75,1204600,False
GGAL,2020-08-26,10.149999618530273,10.359999656677246,9.850000381469727,10.039999961853027,9.850000381469727,923200,False
GGAL,2020-08-27,10.100000381469727,10.15999984741211,9.829999923706055,9.899999618530273,9.829999923706055,585200,False
GGAL,2020-08-28,10.0,10.609999656677246,9.960000038146973,10.600000381469727,9.960000038146973,949300,False
GGAL,2020-08-31,10.770000457763672,10.789999961853027,10.1899995803833,10.329999923706055,10.1899995803833,1591100,False
GGAL,2020-09-01,10.59000015258789,10.600000381469727,10.25,10.399999618530273,10.25,579500,False
GGAL,2020-09-02,10.399999618530273,10.420000076293945,9.859999656677246,10.109999656677246,9.859999656677246,1222100,False
GGAL,2020-09-03,10.1899995803833,10.529999732971191,10.069999694824219,10.279999732971191,10.069999694824219,920300,False
GGAL,2020-09-04,10.460000038146973,10.5,10.010000228881836,10.180000305175781,10.010000228881836,757800,False
GGAL,2020-09-08,9.930000305175781,10.430000305175781,9.770000457763672,10.260000228881836,9.770000457763672,753300,False
GGAL,2020-09-09,10.319999694824219,10.520000457763672,10.15999984741211,10.279999732971191,10.15999984741211,816700,False
GGAL,2020-09-10,10.369999885559082,10.609999656677246,10.210000038146973,10.25,10.210000038146973,900300,False
GGAL,2020-09-11,10.359999656677246,10.359999656677246,9.720000267028809,9.739999771118164,9.720000267028809,1001800,False
GGAL,2020-09-14,9.710000038146973,9.739999771118164,9.199999809265137,9.210000038146973,9.199999809265137,1711200,False
GGAL,2020-09-15,9.220000267028809,9.380000114440918,8.819999694824219,9.170000076293945,8.819999694824219,1635100,False
GGAL,2020-09-16,8.569999694824219,8.829999923706055,8.270000457763672,8.359999656677246,8.270000457763672,2937000,False
GGAL,2020-09-17,8.180000305175781,8.220000267028809,7.829999923706055,7.880000114440918,7.829999923706055,1690700,False
GGAL,2020-09-18,7.989999771118164,8.09000015258789,7.690000057220459,7.860000133514404,7.690000057220459,3220500,False
GGAL,2020-09-21,7.659999847412109,7.699999809265137,7.400000095367432,7.599999904632568,7.400000095367432,1522300,False
GGAL,2020-09-22,7.639999866485596,7.78000020980835,7.21999979019165,7.25,7.21999979019165,1276600,False
GGAL,2020-09-23,7.329999923706055,7.630000114440918,6.840000152587891,6.860000133514404,6.840000152587891,1511700,False
GGAL,2020-09-24,6.909999847412109,7.800000190734863,6.71999979019165,7.630000114440918,6.71999979019165,2650300,False
GGAL,2020-09-25,7.690000057220459,7.769999980926514,7.210000038146973,7.400000095367432,7.210000038146973,1740200,False
GGAL,2020-09-28,7.440000057220459,7.730000019073486,7.21999979019165,7.230000019073486,7.21999979019165,1272200,False
GGAL,2020-09-29,7.110000133514404,7.349999904632568,6.96999979019165,7.159999847412109,6.96999979019165,1088700,False
GGAL,2020-09-30,7.389999866485596,7.480000019073486,7.130000114440918,7.239999771118164,7.130000114440918,779000,False
GGAL,2020-10-01,7.239999771118164,7.510000228881836,7.170000076293945,7.420000076293945,7.170000076293945,919200,False
GGAL,2020-10-02,7.289999961853027,7.460000038146973,7.159999847412109,7.289999961853027,7.159999847412109,551700,False
GGAL,2020-10-05,7.340000152587891,7.489999771118164,7.03000020980835,7.119999885559082,7.03000020980835,1320000,False
GGAL,2020-10-06,7.170000076293945,7.389999866485596,6.880000114440918,6.909999847412109,6.880000114440918,1104800,False
GGAL,2020-10-07,6.96999979019165,7.199999809265137,6.829999923706055,7.059999942779541,6.829999923706055,636500,False
GGAL,2020-10-08,7.130000114440918,7.340000152587891,7.010000228881836,7.25,7.010000228881836,572500,False
GGAL,2020-10-09,7.28000020980835,7.300000190734863,6.980000019073486,7.059999942779541,6.980000019073486,692500,False
GGAL,2020-10-12,7.010000228881836,7.070000171661377,6.820000171661377,7.0,6.820000171661377,616500,False
GGAL,2020-10-13,6.949999809265137,6.949999809265137,6.679999828338623,6.789999961853027,6.679999828338623,906300,False
GGAL,2020-10-14,6.880000114440918,6.989999771118164,6.539999961853027,6.610000133514404,6.539999961853027,1491000,False
GGAL,2020-10-15,6.559999942779541,6.820000171661377,6.449999809265137,6.559999942779541,6.449999809265137,934600,False
GGAL,2020-10-16,6.550000190734863,6.909999847412109,6.380000114440918,6.760000228881836,6.380000114440918,1075100,False
GGAL,2020-10-19,6.760000228881836,7.170000076293945,6.710000038146973,6.889999866485596,6.710000038146973,1290600,False
GGAL,2020-10-20,7.039999961853027,7.25,6.579999923706055,6.610000133514404,6.579999923706055,1260000,False
GGAL,2020-10-21,6.570000171661377,6.639999866485596,6.409999847412109,6.489999771118164,6.409999847412109,1120400,False
GGAL,2020-10-22,6.510000228881836,6.739999771118164,6.349999904632568,6.599999904632568,6.349999904632568,978100,False
GGAL,2020-10-23,6.630000114440918,6.78000020980835,6.489999771118164,6.650000095367432,6.489999771118164,554600,False
GGAL,2020-10-26,6.599999904632568,6.789999961853027,6.519999980926514,6.71999979019165,6.519999980926514,718500,False
GGAL,2020-10-27,6.670000076293945,6.880000114440918,6.360000133514404,6.360000133514404,6.360000133514404,696100,False
GGAL,2020-10-28,6.190000057220459,6.5,5.860000133514404,6.119999885559082,5.860000133514404,1204000,False
GGAL,2020-10-29,6.110000133514404,6.409999847412109,6.010000228881836,6.309999942779541,6.010000228881836,1028500,False
GGAL,2020-10-30,6.28000020980835,6.320000171661377,6.150000095367432,6.260000228881836,6.150000095367432,677700,False
GGAL,2020-11-02,6.5,7.079999923706055,6.440000057220459,6.940000057220459,6.440000057220459,1639200,False
GGAL,2020-11-03,7.190000057220459,7.389999866485596,6.929999828338623,7.050000190734863,6.929999828338623,1370400,False
GGAL,2020-11-04,7.090000152587891,7.179999828338623,6.909999847412109,7.019999980926514,6.909999847412109,737400,False
GGAL,2020-11-05,7.150000095367432,7.639999866485596,7.110000133514404,7.519999980926514,7.110000133514404,1701000,False
GGAL,2020-11-06,7.599999904632568,7.670000076293945,7.28000020980835,7.610000133514404,7.28000020980835,1046000,False
GGAL,2020-11-09,8.149999618530273,8.6899995803833,8.09000015258789,8.09000015258789,8.09000015258789,1511300,False
GGAL,2020-11-10,8.260000228881836,8.920000076293945,8.020000457763672,8.800000190734863,8.020000457763672,2131700,False
GGAL,2020-11-11,8.75,8.779999732971191,8.279999732971191,8.300000190734863,8.279999732971191,1158500,False
GGAL,2020-11-12,8.270000457763672,8.399999618530273,7.849999904632568,7.909999847412109,7.849999904632568,1186900,False
GGAL,2020-11-13,7.869999885559082,8.279999732971191,7.869999885559082,8.260000228881836,7.869999885559082,687700,False
GGAL,2020-11-16,8.59000015258789,8.59000015258789,8.220000267028809,8.369999885559082,8.220000267028809,724000,False
GGAL,2020-11-17,8.239999771118164,8.649999618530273,8.069999694824219,8.609999656677246,8.069999694824219,819300,False
GGAL,2020-11-18,8.5,8.579999923706055,8.140000343322754,8.1899995803833,8.140000343322754,712000,False
GGAL,2020-11-19,8.1899995803833,8.510000228881836,8.109999656677246,8.329999923706055,8.109999656677246,594700,False
GGAL,2020-11-20,8.300000190734863,8.380000114440918,8.0,8.119999885559082,8.0,609500,False
GGAL,2020-11-23,8.470000267028809,8.529999732971191,8.260000228881836,8.3100004196167,8.260000228881836,706000,False
GGAL,2020-11-24,8.5,8.989999771118164,8.479999542236328,8.819999694824219,8.479999542236328,1220200,False
GGAL,2020-11-25,8.859999656677246,8.859999656677246,8.449999809265137,8.760000228881836,8.449999809265137,472000,False
GGAL,2020-11-27,8.770000457763672,9.149999618530273,8.729999542236328,9.069999694824219,8.729999542236328,490600,False
GGAL,2020-11-30,9.079999923706055,9.100000381469727,8.579999923706055,8.609999656677246,8.579999923706055,620700,False
GGAL,2020-12-01,8.869999885559082,9.100000381469727,8.8100004196167,8.859999656677246,8.8100004196167,593300,False
GGAL,2020-12-02,8.770000457763672,9.270000457763672,8.6899995803833,9.119999885559082,8.6899995803833,570200,False
GGAL,2020-12-03,9.100000381469727,9.279999732971191,8.9399995803833,8.970000267028809,8.9399995803833,479000,False
GGAL,2020-12-04,9.020000457763672,9.180000305175781,8.949999809265137,9.079999923706055,8.949999809265137,567600,False
GGAL,2020-12-07,9.069999694824219,9.109999656677246,8.869999885559082,8.949999809265137,8.869999885559082,477900,False
GGAL,2020-12-08,9.0,9.0600004196167,8.609999656677246,8.720000267028809,8.609999656677246,381800,False
GGAL,2020-12-09,8.90999984741211,8.949999809265137,8.579999923706055,8.789999961853027,8.579999923706055,628700,False
GGAL,2020-12-10,8.789999961853027,9.399999618530273,8.710000038146973,9.380000114440918,8.710000038146973,859100,False
GGAL,2020-12-11,9.220000267028809,9.369999885559082,8.949999809265137,8.989999771118164,8.949999809265137,520800,False
GGAL,2020-12-14,9.0600004196167,9.270000457763672,8.760000228881836,8.8100004196167,8.760000228881836,539700,False
GGAL,2020-12-15,8.949999809265137,9.0600004196167,8.75,9.0600004196167,8.75,381700,False
GGAL,2020-12-16,9.050000190734863,9.069999694824219,8.859999656677246,9.039999961853027,8.859999656677246,461700,False
GGAL,2020-12-17,9.010000228881836,9.079999923706055,8.850000381469727,8.899999618530273,8.850000381469727,530300,False
GGAL,2020-12-18,8.890000343322754,8.949999809265137,8.600000381469727,8.729999542236328,8.600000381469727,868600,False
GGAL,2020-12-21,8.489999771118164,8.600000381469727,8.15999984741211,8.470000267028809,8.15999984741211,570500,False
GGAL,2020-12-22,8.529999732971191,8.850000381469727,8.380000114440918,8.449999809265137,8.380000114440918,633600,False
GGAL,2020-12-23,8.479999542236328,8.789999961853027,8.479999542236328,8.6899995803833,8.479999542236328,356600,False
GGAL,2020-12-24,8.729999542236328,8.819999694824219,8.569999694824219,8.680000305175781,8.569999694824219,181500,False
GGAL,2020-12-28,8.649999618530273,8.880000114440918,8.640000343322754,8.670000076293945,8.640000343322754,499100,False
GGAL,2020-12-29,8.670000076293945,9.199999809265137,8.670000076293945,9.130000114440918,8.670000076293945,1027900,False
GGAL,2020-12-30,9.180000305175781,9.34000015258789,8.829999923706055,8.880000114440918,8.829999923706055,767100,False
GGAL,2020-12-31,8.880000114440918,8.949999809265137,8.510000228881836,8.739999771118164,8.510000228881836,696800,False
GGAL,2021-01-04,8.75,8.75,8.199999809265137,8.279999732971191,8.199999809265137,1137500,False
GGAL,2021-01-05,8.170000076293945,8.399999618530273,8.100000381469727,8.1899995803833,8.100000381469727,469000,False
GGAL,2021-01-06,8.300000190734863,8.539999961853027,8.170000076293945,8.3100004196167,8.170000076293945,593800,False
GGAL,2021-01-07,8.449999809265137,8.539999961853027,8.109999656677246,8.319999694824219,8.109999656677246,828000,False
GGAL,2021-01-08,8.350000381469727,8.4399995803833,8.130000114440918,8.220000267028809,8.130000114440918,429100,False
GGAL,2021-01-11,8.100000381469727,8.130000114440918,7.860000133514404,7.940000057220459,7.860000133514404,836800,False
GGAL,2021-01-12,7.980000019073486,8.210000038146973,7.960000038146973,8.109999656677246,7.960000038146973,731500,False
GGAL,2021-01-13,8.09000015258789,8.34000015258789,8.039999961853027,8.100000381469727,8.039999961853027,450700,False
GGAL,2021-01-14,8.130000114440918,8.270000457763672,8.0,8.270000457763672,8.0,464000,False
GGAL,2021-01-15,8.15999984741211,8.239999771118164,7.989999771118164,8.0,7.989999771118164,397500,False
GGAL,2021-01-19,8.0600004196167,8.0600004196167,7.75,7.78000020980835,7.75,539400,False
GGAL,2021-01-20,7.78000020980835,7.949999809265137,7.619999885559082,7.880000114440918,7.619999885559082,552800,False
GGAL,2021-01-21,7.940000057220459,7.940000057220459,7.53000020980835,7.610000133514404,7.53000020980835,663900,False
GGAL,2021-01-22,7.460000038146973,7.699999809265137,7.400000095367432,7.480000019073486,7.400000095367432,560300,False
GGAL,2021-01-25,7.460000038146973,7.519999980926514,7.269999980926514,7.380000114440918,7.269999980926514,367800,False
GGAL,2021-01-26,7.460000038146973,7.880000114440918,7.460000038146973,7.78000020980835,7.460000038146973,805700,False
GGAL,2021-01-27,7.650000095367432,7.920000076293945,7.5,7.710000038146973,7.5,648000,False
GGAL,2021-01-28,7.769999980926514,7.949999809265137,7.730000019073486,7.75,7.730000019073486,267300,False
GGAL,2021-01-29,7.730000019073486,7.800000190734863,7.440000057220459,7.460000038146973,7.440000057220459,411800,False
GGAL,2021-02-01,7.599999904632568,7.880000114440918,7.550000190734863,7.860000133514404,7.550000190734863,394200,False
GGAL,2021-02-02,7.920000076293945,7.980000019073486,7.71999979019165,7.78000020980835,7.71999979019165,473000,False
GGAL,2021-02-03,7.78000020980835,7.880000114440918,7.659999847412109,7.78000020980835,7.659999847412109,293800,False
GGAL,2021-02-04,7.800000190734863,8.039999961853027,7.690000057220459,8.020000457763672,7.690000057220459,634700,False
GGAL,2021-02-05,8.0600004196167,8.279999732971191,7.96999979019165,8.270000457763672,7.96999979019165,679800,False
GGAL,2021-02-08,8.319999694824219,8.550000190734863,8.1899995803833,8.3100004196167,8.1899995803833,960900,False
GGAL,2021-02-09,8.3100004196167,8.319999694824219,8.140000343322754,8.270000457763672,8.140000343322754,342600,False
GGAL,2021-02-10,8.260000228881836,8.319999694824219,8.079999923706055,8.130000114440918,8.079999923706055,383900,False
GGAL,2021-02-11,8.15999984741211,8.319999694824219,8.069999694824219,8.300000190734863,8.069999694824219,575000,False
GGAL,2021-02-12,8.319999694824219,8.489999771118164,8.050000190734863,8.279999732971191,8.050000190734863,641400,False
GGAL,2021-02-16,8.300000190734863,8.6899995803833,8.300000190734863,8.59000015258789,8.300000190734863,957900,False
GGAL,2021-02-17,8.520000457763672,8.729999542236328,8.359999656677246,8.630000114440918,8.359999656677246,417500,False
GGAL,2021-02-18,8.510000228881836,9.15999984741211,8.449999809265137,8.720000267028809,8.449999809265137,1719900,False
GGAL,2021-02-19,8.8100004196167,9.050000190734863,8.579999923706055,8.630000114440918,8.579999923706055,1012100,False
GGAL,2021-02-22,8.649999618530273,8.649999618530273,8.020000457763672,8.029999732971191,8.020000457763672,1075800,False
GGAL,2021-02-23,8.039999961853027,8.430000305175781,7.800000190734863,7.949999809265137,7.800000190734863,1460700,False
GGAL,2021-02-24,8.0,8.4399995803833,7.889999866485596,8.15999984741211,7.889999866485596,875700,False
GGAL,2021-02-25,8.239999771118164,8.260000228881836,7.610000133514404,7.650000095367432,7.610000133514404,1024400,False
GGAL,2021-02-26,7.75,7.75,7.369999885559082,7.449999809265137,7.369999885559082,1228500,False
GGAL,2021-03-01,7.630000114440918,7.840000152587891,7.570000171661377,7.590000152587891,7.570000171661377,509900,False
GGAL,2021-03-02,7.519999980926514,7.71999979019165,7.420000076293945,7.670000076293945,7.420000076293945,563100,False
GGAL,2021-03-03,7.630000114440918,7.730000019073486,7.239999771118164,7.28000020980835,7.239999771118164,584100,False
GGAL,2021-03-04,7.369999885559082,7.679999828338623,7.190000057220459,7.389999866485596,7.190000057220459,1318300,False
GGAL,2021-03-05,7.539999961853027,7.559999942779541,7.0,7.119999885559082,7.0,985900,False
GGAL,2021-03-08,7.119999885559082,7.300000190734863,7.019999980926514,7.130000114440918,7.019999980926514,1170600,False
GGAL,2021-03-09,7.119999885559082,7.309999942779541,7.039999961853027,7.190000057220459,7.039999961853027,1039800,False
GGAL,2021-03-10,7.28000020980835,7.789999961853027,7.269999980926514,7.75,7.269999980926514,1230000,False
GGAL,2021-03-11,7.75,7.869999885559082,7.590000152587891,7.860000133514404,7.590000152587891,780600,False
GGAL,2021-03-12,7.739999771118164,8.050000190734863,7.739999771118164,7.940000057220459,7.739999771118164,757800,False
GGAL,2021-03-15,8.020000457763672,8.390000343322754,7.960000038146973,8.220000267028809,7.960000038146973,919500,False
GGAL,2021-03-16,8.300000190734863,8.430000305175781,7.920000076293945,8.0,7.920000076293945,540800,False
GGAL,2021-03-17,7.929999828338623,8.09000015258789,7.840000152587891,8.069999694824219,7.840000152587891,529700,False
GGAL,2021-03-18,8.100000381469727,8.15999984741211,7.760000228881836,7.800000190734863,7.760000228881836,434400,False
GGAL,2021-03-19,7.760000228881836,8.069999694824219,7.690000057220459,7.920000076293945,7.690000057220459,286100,False
GGAL,2021-03-22,7.880000114440918,7.909999847412109,7.659999847412109,7.900000095367432,7.659999847412109,322000,False
GGAL,2021-03-23,7.78000020980835,8.010000228881836,7.78000020980835,7.880000114440918,7.78000020980835,366600,False
GGAL,2021-03-24,7.869999885559082,7.949999809265137,7.519999980926514,7.650000095367432,7.519999980926514,567000,False
GGAL,2021-03-25,7.559999942779541,7.75,7.409999847412109,7.599999904632568,7.409999847412109,494900,False
GGAL,2021-03-26,7.690000057220459,7.769999980926514,7.53000020980835,7.650000095367432,7.53000020980835,442700,False
GGAL,2021-03-29,7.579999923706055,7.659999847412109,7.429999828338623,7.590000152587891,7.429999828338623,222200,False
GGAL,2021-03-30,7.590000152587891,7.71999979019165,7.550000190734863,7.699999809265137,7.550000190734863,362500,False
GGAL,2021-03-31,7.659999847412109,7.849999904632568,7.570000171661377,7.610000133514404,7.570000171661377,313200,False
GGAL,2021-04-01,7.650000095367432,7.710000038146973,7.519999980926514,7.590000152587891,7.519999980926514,214800,False
GGAL,2021-04-05,7.71999979019165,7.71999979019165,7.519999980926514,7.670000076293945,7.519999980926514,256400,False
GGAL,2021-04-06,7.639999866485596,8.0,7.639999866485596,7.800000190734863,7.639999866485596,474300,False
GGAL,2021-04-07,7.840000152587891,7.940000057220459,7.75,7.769999980926514,7.75,682800,False
GGAL,2021-04-08,7.78000020980835,7.800000190734863,7.659999847412109,7.699999809265137,7.659999847412109,264200,False
GGAL,2021-04-09,7.690000057220459,7.710000038146973,7.46999979019165,7.510000228881836,7.46999979019165,433400,False
GGAL,2021-04-12,7.730000019073486,7.730000019073486,7.25,7.320000171661377,7.25,547600,False
GGAL,2021-04-13,7.269999980926514,7.360000133514404,7.159999847412109,7.289999961853027,7.159999847412109,451700,False
GGAL,2021-04-14,7.449999809265137,7.519999980926514,7.260000228881836,7.340000152587891,7.260000228881836,574200,False
GGAL,2021-04-15,7.340000152587891,7.389999866485596,7.150000095367432,7.199999809265137,7.150000095367432,352900,False
GGAL,2021-04-16,7.199999809265137,7.400000095367432,7.099999904632568,7.369999885559082,7.099999904632568,777100,False
GGAL,2021-04-19,7.389999866485596,7.690000057220459,7.380000114440918,7.420000076293945,7.380000114440918,463800,False
GGAL,2021-04-20,7.369999885559082,7.489999771118164,7.150000095367432,7.190000057220459,7.150000095367432,512500,False
GGAL,2021-04-21,7.179999828338623,7.25,7.059999942779541,7.230000019073486,7.059999942779541,434800,False
GGAL,2021-04-22,7.21999979019165,7.340000152587891,7.170000076293945,7.190000057220459,7.170000076293945,247300,False
GGAL,2021-04-23,7.190000057220459,7.28000020980835,7.099999904632568,7.199999809265137,7.099999904632568,460400,False
GGAL,2021-04-26,7.199999809265137,7.440000057220459,7.199999809265137,7.409999847412109,7.199999809265137,680500,False
GGAL,2021-04-27,7.400000095367432,7.809999942779541,7.400000095367432,7.71999979019165,7.400000095367432,910300,False
GGAL,2021-04-28,7.71999979019165,8.130000114440918,7.679999828338623,7.789999961853027,7.679999828338623,887800,False
GGAL,2021-04-29,7.820000171661377,7.860000133514404,7.599999904632568,7.630000114440918,7.599999904632568,371800,False
GGAL,2021-04-30,7.539999961853027,7.559999942779541,7.420000076293945,7.489999771118164,7.420000076293945,322700,False
GGAL,2021-05-03,7.539999961853027,7.599999904632568,7.28000020980835,7.320000171661377,7.28000020980835,485100,False
GGAL,2021-05-04,7.260000228881836,7.329999923706055,7.110000133514404,7.239999771118164,7.110000133514404,540200,False
GGAL,2021-05-05,7.289999961853027,7.400000095367432,7.110000133514404,7.28000020980835,7.110000133514404,345200,False
GGAL,2021-05-06,7.329999923706055,7.46999979019165,7.170000076293945,7.460000038146973,7.170000076293945,315800,False
GGAL,2021-05-07,7.409999847412109,7.889999866485596,7.409999847412109,7.889999866485596,7.409999847412109,912100,False
GGAL,2021-05-10,7.989999771118164,8.25,7.860000133514404,7.940000057220459,7.860000133514404,1174100,False
GGAL,2021-05-11,7.829999923706055,7.900000095367432,7.659999847412109,7.849999904632568,7.659999847412109,837000,False
GGAL,2021-05-12,7.760000228881836,7.800000190734863,7.590000152587891,7.690000057220459,7.590000152587891,466400,False
GGAL,2021-05-13,7.710000038146973,7.980000019073486,7.690000057220459,7.960000038146973,7.690000057220459,726700,False
GGAL,2021-05-14,8.069999694824219,8.529999732971191,8.069999694824219,8.329999923706055,8.069999694824219,1340500,False
GGAL,2021-05-17,8.359999656677246,8.579999923706055,8.039999961853027,8.5600004196167,8.039999961853027,1081100,False
GGAL,2021-05-18,8.680000305175781,8.699999809265137,8.350000381469727,8.420000076293945,8.350000381469727,873200,False
GGAL,2021-05-19,8.300000190734863,8.420000076293945,8.220000267028809,8.34000015258789,8.220000267028809,449500,False
GGAL,2021-05-20,8.399999618530273,8.609999656677246,8.289999961853027,8.550000190734863,8.289999961853027,774000,False
GGAL,2021-05-21,8.59000015258789,8.640000343322754,8.130000114440918,8.229999542236328,8.130000114440918,710500,False
GGAL,2021-05-24,8.260000228881836,8.350000381469727,7.980000019073486,8.130000114440918,7.980000019073486,382400,False
GGAL,2021-05-25,8.199999809265137,8.210000038146973,8.029999732971191,8.100000381469727,8.029999732971191,364900,False
GGAL,2021-05-26,8.229999542236328,8.390000343322754,8.069999694824219,8.3100004196167,8.069999694824219,509600,False
GGAL,2021-05-27,8.399999618530273,8.579999923706055,8.220000267028809,8.569999694824219,8.220000267028809,1351100,False
GGAL,2021-05-28,8.569999694824219,8.960000038146973,8.5600004196167,8.880000114440918,8.5600004196167,1087900,False
GGAL,2021-06-01,9.0,9.329999923706055,8.930000305175781,9.109999656677246,8.930000305175781,1624900,False
GGAL,2021-06-02,9.09000015258789,9.329999923706055,8.9399995803833,9.069999694824219,8.9399995803833,1295500,False
GGAL,2021-06-03,8.970000267028809,9.479999542236328,8.90999984741211,9.369999885559082,8.90999984741211,2067200,False
GGAL,2021-06-04,9.40999984741211,9.989999771118164,9.270000457763672,9.930000305175781,9.270000457763672,1254200,False
GGAL,2021-06-07,10.0,10.430000305175781,9.970000267028809,10.210000038146973,9.970000267028809,1981200,False
GGAL,2021-06-08,10.220000267028809,10.34000015258789,9.680000305175781,9.770000457763672,9.680000305175781,1403600,False
GGAL,2021-06-09,9.770000457763672,10.390000343322754,9.6899995803833,10.210000038146973,9.6899995803833,988600,False
GGAL,2021-06-10,10.300000190734863,10.640000343322754,10.079999923706055,10.390000343322754,10.079999923706055,1173500,False
GGAL,2021-06-11,10.279999732971191,10.5,9.890000343322754,9.90999984741211,9.890000343322754,620000,False
GGAL,2021-06-14,9.859999656677246,10.25,9.789999961853027,10.100000381469727,9.789999961853027,920000,False
GGAL,2021-06-15,10.039999961853027,10.109999656677246,9.75,10.069999694824219,9.75,678000,False
GGAL,2021-06-16,10.069999694824219,10.34000015258789,10.039999961853027,10.220000267028809,10.039999961853027,639600,False
GGAL,2021-06-17,10.15999984741211,10.329999923706055,9.890000343322754,9.90999984741211,9.890000343322754,573300,False
GGAL,2021-06-18,9.850000381469727,9.869999885559082,9.529999732971191,9.670000076293945,9.529999732971191,1276800,False
GGAL,2021-06-21,9.770000457763672,9.770000457763672,9.449999809265137,9.449999809265137,9.449999809265137,362000,False
GGAL,2021-06-22,9.5,9.920000076293945,9.319999694824219,9.739999771118164,9.319999694824219,731100,False
GGAL,2021-06-23,9.819999694824219,10.029999732971191,9.579999923706055,9.579999923706055,9.579999923706055,645400,False
GGAL,2021-06-24,9.579999923706055,9.65999984741211,9.470000267028809,9.539999961853027,9.470000267028809,305700,False
GGAL,2021-06-25,9.229999542236328,9.319999694824219,8.84000015258789,9.199999809265137,8.84000015258789,1450600,False
GGAL,2021-06-28,9.479999542236328,9.539999961853027,9.0600004196167,9.15999984741211,9.0600004196167,859800,False
GGAL,2021-06-29,9.180000305175781,9.1899995803833,8.65999984741211,8.800000190734863,8.65999984741211,1063600,False
GGAL,2021-06-30,8.75,8.819999694824219,8.529999732971191,8.619999885559082,8.529999732971191,700000,False
GGAL,2021-07-01,8.619999885559082,8.6899995803833,8.399999618530273,8.5,8.399999618530273,869100,False
GGAL,2021-07-02,8.510000228881836,8.600000381469727,8.3100004196167,8.529999732971191,8.3100004196167,782700,False
GGAL,2021-07-06,8.59000015258789,8.640000343322754,8.25,8.3100004196167,8.25,709200,False
GGAL,2021-07-07,8.25,8.380000114440918,8.170000076293945,8.300000190734863,8.170000076293945,751500,False
GGAL,2021-07-08,8.25,8.25,8.09000015258789,8.130000114440918,8.09000015258789,503400,False
GGAL,2021-07-09,8.170000076293945,8.3100004196167,8.119999885559082,8.199999809265137,8.119999885559082,240700,False
GGAL,2021-07-12,8.140000343322754,8.609999656677246,8.100000381469727,8.579999923706055,8.100000381469727,506300,False
GGAL,2021-07-13,8.59000015258789,8.59000015258789,8.329999923706055,8.5,8.329999923706055,607600,False
GGAL,2021-07-14,8.40999984741211,8.670000076293945,8.40999984741211,8.539999961853027,8.40999984741211,641200,False
GGAL,2021-07-15,8.489999771118164,8.579999923706055,8.319999694824219,8.350000381469727,8.319999694824219,472900,False
GGAL,2021-07-16,8.350000381469727,8.380000114440918,8.109999656677246,8.180000305175781,8.109999656677246,397900,False
GGAL,2021-07-19,8.0600004196167,8.079999923706055,7.889999866485596,7.940000057220459,7.889999866485596,1280600,False
GGAL,2021-07-20,7.900000095367432,8.050000190734863,7.730000019073486,8.029999732971191,7.730000019073486,712000,False
GGAL,2021-07-21,8.029999732971191,8.460000038146973,8.029999732971191,8.380000114440918,8.029999732971191,529400,False
GGAL,2021-07-22,8.350000381469727,8.350000381469727,8.069999694824219,8.119999885559082,8.069999694824219,738300,False
GGAL,2021-07-23,8.130000114440918,8.279999732971191,7.929999828338623,7.96999979019165,7.929999828338623,559700,False
GGAL,2021-07-26,7.960000038146973,8.25,7.960000038146973,8.149999618530273,7.960000038146973,410200,False
GGAL,2021-07-27,8.079999923706055,8.220000267028809,8.020000457763672,8.09000015258789,8.020000457763672,426300,False
GGAL,2021-07-28,8.130000114440918,8.300000190734863,8.109999656677246,8.260000228881836,8.109999656677246,291000,False
GGAL,2021-07-29,8.279999732971191,8.279999732971191,8.020000457763672,8.079999923706055,8.020000457763672,812300,False
GGAL,2021-07-30,8.079999923706055,8.079999923706055,7.800000190734863,7.809999942779541,7.800000190734863,1288300,False
GGAL,2021-08-02,7.820000171661377,7.940000057220459,7.760000228881836,7.789999961853027,7.760000228881836,517200,False
GGAL,2021-08-03,7.769999980926514,8.029999732971191,7.690000057220459,8.020000457763672,7.690000057220459,480800,False
GGAL,2021-08-04,8.020000457763672,8.109999656677246,7.869999885559082,7.960000038146973,7.869999885559082,343800,False
GGAL,2021-08-05,7.96999979019165,8.260000228881836,7.96999979019165,8.100000381469727,7.96999979019165,338700,False
GGAL,2021-08-06,8.119999885559082,8.300000190734863,8.119999885559082,8.210000038146973,8.119999885559082,357100,False
GGAL,2021-08-09,8.279999732971191,8.279999732971191,8.039999961853027,8.199999809265137,8.039999961853027,504800,False
GGAL,2021-08-10,8.210000038146973,8.550000190734863,8.140000343322754,8.550000190734863,8.140000343322754,664200,False
GGAL,2021-08-11,8.510000228881836,8.770000457763672,8.300000190734863,8.710000038146973,8.300000190734863,962100,False
GGAL,2021-08-12,8.739999771118164,8.8100004196167,8.470000267028809,8.710000038146973,8.470000267028809,625800,False
GGAL,2021-08-13,8.75,8.75,8.369999885559082,8.479999542236328,8.369999885559082,579100,False
GGAL,2021-08-16,8.40999984741211,8.550000190734863,8.329999923706055,8.359999656677246,8.329999923706055,208500,False
GGAL,2021-08-17,8.270000457763672,8.5,8.199999809265137,8.319999694824219,8.199999809265137,496900,False
GGAL,2021-08-18,8.199999809265137,8.420000076293945,8.149999618530273,8.1899995803833,8.149999618530273,708600,False
GGAL,2021-08-19,8.130000114440918,8.3100004196167,8.069999694824219,8.300000190734863,8.069999694824219,560000,False
GGAL,2021-08-20,8.270000457763672,8.670000076293945,8.270000457763672,8.550000190734863,8.270000457763672,423200,False
GGAL,2021-08-23,8.670000076293945,9.010000228881836,8.640000343322754,8.960000038146973,8.640000343322754,836100,False
GGAL,2021-08-24,8.970000267028809,9.770000457763672,8.9399995803833,9.739999771118164,8.9399995803833,1775700,False
GGAL,2021-08-25,9.640000343322754,10.149999618530273,9.420000076293945,10.119999885559082,9.420000076293945,1467200,False
GGAL,2021-08-26,10.149999618530273,10.229999542236328,9.890000343322754,10.050000190734863,9.890000343322754,1129300,False
GGAL,2021-08-27,10.050000190734863,10.75,10.010000228881836,10.229999542236328,10.010000228881836,1340600,False
GGAL,2021-08-30,10.25,11.100000381469727,10.039999961853027,10.979999542236328,10.039999961853027,2493900,False
GGAL,2021-08-31,10.829999923706055,11.220000267028809,10.520000457763672,10.779999732971191,10.520000457763672,1608800,False
GGAL,2021-09-01,10.779999732971191,11.100000381469727,10.460000038146973,10.550000190734863,10.460000038146973,1428100,False
GGAL,2021-09-02,10.729999542236328,10.890000343322754,10.319999694824219,10.359999656677246,10.319999694824219,852300,False
GGAL,2021-09-03,10.350000381469727,10.449999809265137,10.239999771118164,10.279999732971191,10.239999771118164,491100,False
GGAL,2021-09-07,10.420000076293945,11.270000457763672,10.3100004196167,11.15999984741211,10.3100004196167,1951100,False
GGAL,2021-09-08,11.15999984741211,11.449999809265137,10.5,11.079999923706055,10.5,1785600,False
GGAL,2021-09-09,11.109999656677246,11.489999771118164,10.609999656677246,10.819999694824219,10.609999656677246,1118000,False
GGAL,2021-09-10,10.850000381469727,11.140000343322754,10.470000267028809,10.5600004196167,10.470000267028809,1325200,False
GGAL,2021-09-13,12.220000267028809,12.75,11.329999923706055,11.539999961853027,11.329999923706055,4743600,False
GGAL,2021-09-14,11.34000015258789,11.90999984741211,11.1899995803833,11.239999771118164,11.1899995803833,1624000,False
GGAL,2021-09-15,11.130000114440918,11.40999984741211,10.680000305175781,11.020000457763672,10.680000305175781,1369000,False
GGAL,2021-09-16,10.899999618530273,11.3100004196167,10.579999923706055,11.069999694824219,10.579999923706055,1102900,False
GGAL,2021-09-17,11.180000305175781,11.40999984741211,10.880000114440918,10.979999542236328,10.880000114440918,949800,False
GGAL,2021-09-20,10.5,10.5,9.760000228881836,9.829999923706055,9.760000228881836,1654200,False
GGAL,2021-09-21,9.970000267028809,10.029999732971191,9.59000015258789,9.609999656677246,9.59000015258789,911000,False
GGAL,2021-09-22,9.75,10.029999732971191,9.699999809265137,9.699999809265137,9.699999809265137,750800,False
GGAL,2021-09-23,9.729999542236328,9.880000114440918,9.59000015258789,9.59000015258789,9.59000015258789,541200,False
GGAL,2021-09-24,9.479999542236328,9.619999885559082,9.329999923706055,9.380000114440918,9.329999923706055,543900,False
GGAL,2021-09-27,9.399999618530273,9.800000190734863,9.319999694824219,9.6899995803833,9.319999694824219,478400,False
GGAL,2021-09-28,9.600000381469727,9.8100004196167,9.4399995803833,9.600000381469727,9.4399995803833,511100,False
GGAL,2021-09-29,9.649999618530273,9.960000038146973,9.649999618530273,9.760000228881836,9.649999618530273,555600,False
GGAL,2021-09-30,9.789999961853027,10.25,9.789999961853027,10.069999694824219,9.789999961853027,914600,False
GGAL,2021-10-01,10.140000343322754,10.380000114440918,10.020000457763672,10.239999771118164,10.020000457763672,762800,False
GGAL,2021-10-04,10.270000457763672,10.430000305175781,10.069999694824219,10.149999618530273,10.069999694824219,391400,False
GGAL,2021-10-05,10.210000038146973,10.430000305175781,10.119999885559082,10.3100004196167,10.119999885559082,504100,False
GGAL,2021-10-06,10.220000267028809,10.300000190734863,9.960000038146973,10.229999542236328,9.960000038146973,702500,False
GGAL,2021-10-07,10.390000343322754,10.479999542236328,10.220000267028809,10.229999542236328,10.220000267028809,727800,False
GGAL,2021-10-08,10.220000267028809,10.550000190734863,10.140000343322754,10.25,10.140000343322754,437300,False
GGAL,2021-10-11,10.1899995803833,10.600000381469727,10.100000381469727,10.3100004196167,10.100000381469727,489000,False
GGAL,2021-10-12,10.420000076293945,10.569999694824219,10.289999961853027,10.350000381469727,10.289999961853027,441800,False
GGAL,2021-10-13,10.359999656677246,10.479999542236328,10.229999542236328,10.289999961853027,10.229999542236328,462000,False
GGAL,2021-10-14,10.34000015258789,10.489999771118164,10.170000076293945,10.319999694824219,10.170000076293945,642000,False
GGAL,2021-10-15,10.4399995803833,10.829999923706055,10.40999984741211,10.739999771118164,10.40999984741211,791900,False
GGAL,2021-10-18,10.850000381469727,10.920000076293945,10.529999732971191,10.770000457763672,10.529999732971191,705000,False
GGAL,2021-10-19,10.899999618530273,11.020000457763672,10.680000305175781,10.920000076293945,10.680000305175781,460100,False
GGAL,2021-10-20,10.84000015258789,11.729999542236328,10.84000015258789,11.710000038146973,10.84000015258789,1277800,False
GGAL,2021-10-21,11.569999694824219,11.6899995803833,11.100000381469727,11.399999618530273,11.100000381469727,828600,False
GGAL,2021-10-22,11.479999542236328,11.479999542236328,11.140000343322754,11.40999984741211,11.140000343322754,431900,False
GGAL,2021-10-25,11.479999542236328,11.90999984741211,11.479999542236328,11.899999618530273,11.479999542236328,1070700,False
GGAL,2021-10-26,11.90999984741211,12.149999618530273,11.680000305175781,11.6899995803833,11.680000305175781,804400,False
GGAL,2021-10-27,11.600000381469727,11.800000190734863,11.010000228881836,11.010000228881836,11.010000228881836,997700,False
GGAL,2021-10-28,11.010000228881836,11.1899995803833,10.800000190734863,11.149999618530273,10.800000190734863,592800,False
GGAL,2021-10-29,11.149999618530273,11.149999618530273,10.460000038146973,10.630000114440918,10.460000038146973,1162600,False
GGAL,2021-11-01,10.670000076293945,11.140000343322754,10.550000190734863,10.829999923706055,10.550000190734863,631600,False
GGAL,2021-11-02,10.729999542236328,11.220000267028809,10.569999694824219,11.140000343322754,10.569999694824219,1288100,False
GGAL,2021-11-03,11.09000015258789,11.819999694824219,11.09000015258789,11.75,11.09000015258789,1043800,False
GGAL,2021-11-04,11.680000305175781,11.739999771118164,11.15999984741211,11.34000015258789,11.15999984741211,1120900,False
GGAL,2021-11-05,11.430000305175781,11.579999923706055,11.239999771118164,11.40999984741211,11.239999771118164,398300,False
GGAL,2021-11-08,11.65999984741211,11.989999771118164,11.5600004196167,11.890000343322754,11.5600004196167,717700,False
GGAL,2021-11-09,12.0,12.180000305175781,11.850000381469727,12.079999923706055,11.850000381469727,861100,False
GGAL,2021-11-10,12.0,12.5,12.0,12.140000343322754,12.0,1044800,False
GGAL,2021-11-11,12.180000305175781,12.380000114440918,11.850000381469727,11.880000114440918,11.850000381469727,693000,False
GGAL,2021-11-12,11.869999885559082,11.869999885559082,11.359999656677246,11.520000457763672,11.359999656677246,1201100,False
GGAL,2021-11-15,11.65999984741211,11.720000267028809,10.9399995803833,11.390000343322754,10.9399995803833,1295100,False
GGAL,2021-11-16,11.300000190734863,11.380000114440918,10.470000267028809,10.5,10.470000267028809,1272100,False
GGAL,2021-11-17,10.640000343322754,10.640000343322754,9.84000015258789,10.0600004196167,9.84000015258789,1354500,False
GGAL,2021-11-18,9.899999618530273,10.329999923706055,9.6899995803833,10.1899995803833,9.6899995803833,784400,False
GGAL,2021-11-19,10.119999885559082,10.279999732971191,9.550000190734863,9.579999923706055,9.550000190734863,1000700,False
GGAL,2021-11-22,9.720000267028809,9.720000267028809,9.119999885559082,9.149999618530273,9.119999885559082,827400,False
GGAL,2021-11-23,9.25,9.539999961853027,9.109999656677246,9.260000228881836,9.109999656677246,1477100,False
GGAL,2021-11-24,9.300000190734863,9.40999984741211,9.010000228881836,9.140000343322754,9.010000228881836,725000,False
GGAL,2021-11-26,9.039999961853027,9.180000305175781,8.710000038146973,9.149999618530273,8.710000038146973,854800,False
GGAL,2021-11-29,9.239999771118164,9.640000343322754,8.75,8.789999961853027,8.75,951600,False
GGAL,2021-11-30,8.699999809265137,8.880000114440918,8.569999694824219,8.680000305175781,8.569999694824219,4739500,False
GGAL,2021-12-01,9.239999771118164,9.529999732971191,9.149999618530273,9.430000305175781,9.149999618530273,1455800,False
GGAL,2021-12-02,9.699999809265137,9.899999618530273,9.359999656677246,9.529999732971191,9.359999656677246,1081400,False
GGAL,2021-12-03,9.539999961853027,9.539999961853027,9.0,9.170000076293945,9.0,764000,False
GGAL,2021-12-06,9.229999542236328,9.649999618530273,9.050000190734863,9.390000343322754,9.050000190734863,689000,False
GGAL,2021-12-07,9.609999656677246,9.880000114440918,9.569999694824219,9.630000114440918,9.569999694824219,812900,False
GGAL,2021-12-08,9.600000381469727,9.770000457763672,9.460000038146973,9.710000038146973,9.460000038146973,470900,False
GGAL,2021-12-09,9.619999885559082,9.899999618530273,9.550000190734863,9.760000228881836,9.550000190734863,757700,False
GGAL,2021-12-10,9.760000228881836,9.760000228881836,9.40999984741211,9.569999694824219,9.40999984741211,584800,False
GGAL,2021-12-13,9.460000038146973,9.460000038146973,9.069999694824219,9.100000381469727,9.069999694824219,600800,False
GGAL,2021-12-14,9.180000305175781,9.5600004196167,9.050000190734863,9.329999923706055,9.050000190734863,558900,False
GGAL,2021-12-15,9.279999732971191,9.699999809265137,9.140000343322754,9.5,9.140000343322754,579000,False
GGAL,2021-12-16,9.539999961853027,9.90999984741211,9.539999961853027,9.75,9.539999961853027,522100,False
GGAL,2021-12-17,9.699999809265137,9.890000343322754,9.350000381469727,9.399999618530273,9.350000381469727,886400,False
GGAL,2021-12-20,9.3100004196167,9.470000267028809,9.100000381469727,9.449999809265137,9.100000381469727,421200,False
GGAL,2021-12-21,9.5,9.760000228881836,9.449999809265137,9.489999771118164,9.449999809265137,448600,False
GGAL,2021-12-22,9.4399995803833,9.579999923706055,9.279999732971191,9.539999961853027,9.279999732971191,413600,False
GGAL,2021-12-23,9.579999923706055,9.760000228881836,9.479999542236328,9.6899995803833,9.479999542236328,689800,False
GGAL,2021-12-27,9.770000457763672,10.199999809265137,9.720000267028809,10.149999618530273,9.720000267028809,860900,False
GGAL,2021-12-28,10.140000343322754,10.579999923706055,9.600000381469727,9.609999656677246,9.600000381469727,1775200,False
GGAL,2021-12-29,9.609999656677246,9.869999885559082,9.119999885559082,9.850000381469727,9.119999885559082,2472200,False
GGAL,2021-12-30,9.949999809265137,10.09000015258789,9.65999984741211,9.739999771118164,9.65999984741211,536400,False
GGAL,2021-12-31,9.630000114440918,9.739999771118164,9.420000076293945,9.489999771118164,9.420000076293945,301100,False
GGAL,2022-01-03,9.630000114440918,9.850000381469727,9.539999961853027,9.699999809265137,9.539999961853027,436400,False
GGAL,2022-01-04,9.789999961853027,9.8100004196167,9.529999732971191,9.630000114440918,9.529999732971191,432500,False
GGAL,2022-01-05,9.6899995803833,9.6899995803833,9.149999618530273,9.180000305175781,9.149999618530273,472500,False
GGAL,2022-01-06,9.0600004196167,9.369999885559082,8.899999618530273,9.270000457763672,8.899999618530273,568300,False
GGAL,2022-01-07,9.34000015258789,9.510000228881836,9.239999771118164,9.380000114440918,9.239999771118164,271100,False
GGAL,2022-01-10,9.279999732971191,9.380000114440918,9.149999618530273,9.270000457763672,9.149999618530273,334900,False
GGAL,2022-01-11,9.229999542236328,9.619999885559082,9.149999618530273,9.510000228881836,9.149999618530273,368800,False
GGAL,2022-01-12,9.550000190734863,9.75,9.5,9.569999694824219,9.5,383600,False
GGAL,2022-01-13,9.539999961853027,9.779999732971191,9.470000267028809,9.520000457763672,9.470000267028809,399800,False
GGAL,2022-01-14,9.390000343322754,9.5600004196167,9.3100004196167,9.489999771118164,9.3100004196167,360500,False
GGAL,2022-01-18,9.300000190734863,9.390000343322754,8.859999656677246,8.90999984741211,8.859999656677246,822400,False
GGAL,2022-01-19,9.100000381469727,9.239999771118164,8.920000076293945,9.0,8.920000076293945,543300,False
GGAL,2022-01-20,9.0,9.130000114440918,8.8100004196167,8.850000381469727,8.8100004196167,459500,False
GGAL,2022-01-21,8.859999656677246,8.899999618530273,8.40999984741211,8.430000305175781,8.40999984741211,504400,False
GGAL,2022-01-24,8.3100004196167,8.3100004196167,7.869999885559082,8.260000228881836,7.869999885559082,827500,False
GGAL,2022-01-25,8.170000076293945,8.699999809265137,8.100000381469727,8.5600004196167,8.100000381469727,674500,False
GGAL,2022-01-26,8.6899995803833,8.949999809265137,8.59000015258789,8.6899995803833,8.59000015258789,471700,False
GGAL,2022-01-27,8.609999656677246,8.829999923706055,8.380000114440918,8.680000305175781,8.380000114440918,534600,False
GGAL,2022-01-28,9.220000267028809,9.539999961853027,9.010000228881836,9.529999732971191,9.010000228881836,1573800,False
GGAL,2022-01-31,9.319999694824219,9.699999809265137,9.020000457763672,9.680000305175781,9.020000457763672,1042100,False
GGAL,2022-02-01,9.649999618530273,9.850000381469727,9.520000457763672,9.680000305175781,9.520000457763672,464600,False
GGAL,2022-02-02,9.779999732971191,9.789999961853027,9.420000076293945,9.59000015258789,9.420000076293945,353400,False
GGAL,2022-02-03,9.479999542236328,9.529999732971191,9.279999732971191,9.300000190734863,9.279999732971191,340200,False
GGAL,2022-02-04,9.359999656677246,9.359999656677246,9.170000076293945,9.300000190734863,9.170000076293945,246200,False
GGAL,2022-02-07,9.34000015258789,9.5600004196167,9.319999694824219,9.369999885559082,9.319999694824219,208400,False
GGAL,2022-02-08,9.399999618530273,9.710000038146973,9.3100004196167,9.34000015258789,9.3100004196167,371600,False
GGAL,2022-02-09,9.350000381469727,9.479999542236328,9.140000343322754,9.279999732971191,9.140000343322754,832200,False
GGAL,2022-02-10,9.180000305175781,9.609999656677246,9.170000076293945,9.229999542236328,9.170000076293945,576500,False
GGAL,2022-02-11,9.199999809265137,9.779999732971191,8.9399995803833,9.029999732971191,8.9399995803833,1357700,False
GGAL,2022-02-14,9.079999923706055,9.180000305175781,8.850000381469727,9.0,8.850000381469727,538200,False
GGAL,2022-02-15,9.079999923706055,9.279999732971191,9.079999923706055,9.170000076293945,9.079999923706055,318400,False
GGAL,2022-02-16,9.170000076293945,9.770000457763672,9.109999656677246,9.720000267028809,9.109999656677246,875200,False
GGAL,2022-02-17,9.649999618530273,9.739999771118164,9.380000114440918,9.430000305175781,9.380000114440918,325400,False
GGAL,2022-02-18,9.399999618530273,9.789999961853027,9.399999618530273,9.680000305175781,9.399999618530273,610000,False
GGAL,2022-02-22,9.619999885559082,10.34000015258789,9.619999885559082,10.1899995803833,9.619999885559082,1508000,False
GGAL,2022-02-23,10.319999694824219,10.510000228881836,10.050000190734863,10.119999885559082,10.050000190734863,805900,False
GGAL,2022-02-24,9.800000190734863,10.029999732971191,9.470000267028809,9.970000267028809,9.470000267028809,1149600,False
GGAL,2022-02-25,10.050000190734863,10.140000343322754,9.800000190734863,9.890000343322754,9.800000190734863,651600,False
GGAL,2022-02-28,9.779999732971191,9.9399995803833,9.25,9.470000267028809,9.25,751700,False
GGAL,2022-03-01,9.300000190734863,9.710000038146973,9.229999542236328,9.649999618530273,9.229999542236328,803500,False
GGAL,2022-03-02,9.699999809265137,10.050000190734863,9.699999809265137,9.890000343322754,9.699999809265137,726600,False
GGAL,2022-03-03,9.970000267028809,10.239999771118164,9.6899995803833,9.989999771118164,9.6899995803833,776000,False
GGAL,2022-03-04,9.800000190734863,9.850000381469727,9.529999732971191,9.59000015258789,9.529999732971191,752900,False
GGAL,2022-03-07,9.539999961853027,9.609999656677246,9.0600004196167,9.109999656677246,9.0600004196167,734000,False
GGAL,2022-03-08,9.119999885559082,9.640000343322754,9.100000381469727,9.380000114440918,9.100000381469727,476300,False
GGAL,2022-03-09,9.5,10.0,9.5,9.949999809265137,9.5,548300,False
GGAL,2022-03-10,9.800000190734863,10.40999984741211,9.770000457763672,10.300000190734863,9.770000457763672,678400,False
GGAL,2022-03-11,10.5,10.65999984741211,10.140000343322754,10.140000343322754,10.140000343322754,570500,False
GGAL,2022-03-14,10.319999694824219,10.34000015258789,9.890000343322754,9.920000076293945,9.890000343322754,488100,False
GGAL,2022-03-15,9.869999885559082,10.029999732971191,9.729999542236328,9.930000305175781,9.729999542236328,375900,False
GGAL,2022-03-16,9.960000038146973,10.15999984741211,9.65999984741211,10.149999618530273,9.65999984741211,874800,False
GGAL,2022-03-17,10.1899995803833,10.470000267028809,10.069999694824219,10.460000038146973,10.069999694824219,526800,False
GGAL,2022-03-18,10.25,10.550000190734863,10.109999656677246,10.260000228881836,10.109999656677246,634500,False
GGAL,2022-03-21,10.399999618530273,10.779999732971191,10.300000190734863,10.4399995803833,10.300000190734863,557100,False
GGAL,2022-03-22,10.289999961853027,10.6899995803833,10.289999961853027,10.420000076293945,10.289999961853027,546200,False
GGAL,2022-03-23,10.380000114440918,10.600000381469727,10.270000457763672,10.270000457763672,10.270000457763672,692300,False
GGAL,2022-03-24,10.300000190734863,10.979999542236328,10.270000457763672,10.850000381469727,10.270000457763672,746700,False
GGAL,2022-03-25,10.979999542236328,11.15999984741211,10.510000228881836,10.699999809265137,10.510000228881836,871100,False
GGAL,2022-03-28,10.600000381469727,10.920000076293945,10.380000114440918,10.6899995803833,10.380000114440918,504700,False
GGAL,2022-03-29,10.680000305175781,10.899999618530273,10.609999656677246,10.6899995803833,10.609999656677246,445800,False
GGAL,2022-03-30,10.65999984741211,10.859999656677246,10.59000015258789,10.829999923706055,10.59000015258789,509500,False
GGAL,2022-03-31,10.829999923706055,11.149999618530273,10.770000457763672,10.800000190734863,10.770000457763672,372100,False
GGAL,2022-04-01,10.800000190734863,11.239999771118164,10.800000190734863,11.100000381469727,10.800000190734863,542200,False
GGAL,2022-04-04,11.079999923706055,11.279999732971191,10.960000038146973,11.010000228881836,10.960000038146973,401800,False
GGAL,2022-04-05,11.050000190734863,11.170000076293945,10.59000015258789,10.619999885559082,10.59000015258789,434000,False
GGAL,2022-04-06,10.449999809265137,10.640000343322754,10.270000457763672,10.510000228881836,10.270000457763672,740000,False
GGAL,2022-04-07,10.479999542236328,10.520000457763672,10.199999809265137,10.3100004196167,10.199999809265137,654700,False
GGAL,2022-04-08,10.3100004196167,10.470000267028809,10.270000457763672,10.300000190734863,10.270000457763672,295400,False
GGAL,2022-04-11,10.289999961853027,10.289999961853027,9.979999542236328,9.979999542236328,9.979999542236328,508100,False
GGAL,2022-04-12,10.09000015258789,10.140000343322754,9.84000015258789,9.930000305175781,9.84000015258789,444700,False
GGAL,2022-04-13,9.880000114440918,10.100000381469727,9.789999961853027,9.970000267028809,9.789999961853027,343300,False
GGAL,2022-04-14,9.890000343322754,10.140000343322754,9.770000457763672,10.0,9.770000457763672,352400,False
GGAL,2022-04-18,10.010000228881836,10.329999923706055,9.960000038146973,10.130000114440918,9.960000038146973,282100,False
GGAL,2022-04-19,10.020000457763672,10.25,10.020000457763672,10.119999885559082,10.020000457763672,292500,False
GGAL,2022-04-20,10.1899995803833,10.430000305175781,10.020000457763672,10.039999961853027,10.020000457763672,251900,False
GGAL,2022-04-21,10.100000381469727,10.220000267028809,9.470000267028809,9.510000228881836,9.470000267028809,673000,False
GGAL,2022-04-22,9.460000038146973,9.649999618530273,9.199999809265137,9.260000228881836,9.199999809265137,481500,False
GGAL,2022-04-25,9.25,9.3100004196167,9.0,9.300000190734863,9.0,825900,False
GGAL,2022-04-26,9.260000228881836,9.270000457763672,8.859999656677246,8.869999885559082,8.859999656677246,706300,False
GGAL,2022-04-27,8.880000114440918,9.239999771118164,8.75,9.140000343322754,8.75,700300,False
GGAL,2022-04-28,9.210000038146973,9.34000015258789,8.979999542236328,9.279999732971191,8.979999542236328,234400,False
GGAL,2022-04-29,9.270000457763672,9.460000038146973,9.029999732971191,9.09000015258789,9.029999732971191,469500,False
GGAL,2022-05-02,9.010000228881836,9.079999923706055,8.579999923706055,8.789999961853027,8.579999923706055,762800,False
GGAL,2022-05-03,8.710000038146973,9.220000267028809,8.710000038146973,9.15999984741211,8.710000038146973,342300,False
GGAL,2022-05-04,9.09000015258789,9.319999694824219,9.0,9.289999961853027,9.0,318300,False
GGAL,2022-05-05,9.149999618530273,9.149999618530273,8.680000305175781,8.920000076293945,8.680000305175781,616300,False
GGAL,2022-05-06,8.850000381469727,9.100000381469727,8.739999771118164,8.920000076293945,8.739999771118164,468300,False
GGAL,2022-05-09,8.829999923706055,9.029999732971191,8.529999732971191,8.680000305175781,8.529999732971191,537700,False
GGAL,2022-05-10,8.84000015258789,8.979999542236328,8.630000114440918,8.859999656677246,8.630000114440918,388000,False
GGAL,2022-05-11,8.84000015258789,9.140000343322754,8.6899995803833,9.069999694824219,8.6899995803833,599300,False
GGAL,2022-05-12,8.920000076293945,9.180000305175781,8.710000038146973,9.079999923706055,8.710000038146973,389500,False
GGAL,2022-05-13,8.8100004196167,9.199999809265137,8.8100004196167,9.069999694824219,8.8100004196167,713600,False
GGAL,2022-05-16,9.010000228881836,9.489999771118164,8.920000076293945,9.279999732971191,8.920000076293945,919100,False
GGAL,2022-05-17,9.350000381469727,9.699999809265137,9.350000381469727,9.489999771118164,9.350000381469727,567700,False
GGAL,2022-05-18,9.460000038146973,9.550000190734863,9.199999809265137,9.25,9.199999809265137,433800,False
GGAL,2022-05-19,9.3100004196167,9.569999694824219,9.199999809265137,9.260000228881836,9.199999809265137,412500,False
GGAL,2022-05-20,9.34000015258789,9.489999771118164,8.9399995803833,9.069999694824219,8.9399995803833,627300,False
GGAL,2022-05-23,9.229999542236328,9.4399995803833,9.039999961853027,9.350000381469727,9.039999961853027,453000,False
GGAL,2022-05-24,9.199999809265137,9.430000305175781,9.130000114440918,9.350000381469727,9.130000114440918,314700,False
GGAL,2022-05-25,9.210000038146973,9.40999984741211,9.210000038146973,9.369999885559082,9.210000038146973,243300,False
GGAL,2022-05-26,9.449999809265137,9.520000457763672,9.319999694824219,9.390000343322754,9.319999694824219,414100,False
GGAL,2022-05-27,9.369999885559082,9.579999923706055,9.350000381469727,9.380000114440918,9.350000381469727,284800,False
GGAL,2022-05-31,9.390000343322754,9.40999984741211,9.1899995803833,9.210000038146973,9.1899995803833,415500,False
GGAL,2022-06-01,9.4399995803833,9.4399995803833,9.0,9.0,9.0,395900,False
GGAL,2022-06-02,8.989999771118164,9.270000457763672,8.880000114440918,9.1899995803833,8.880000114440918,399900,False
GGAL,2022-06-03,9.109999656677246,9.3100004196167,9.010000228881836,9.109999656677246,9.010000228881836,437200,False
GGAL,2022-06-06,9.229999542236328,9.229999542236328,8.8100004196167,8.920000076293945,8.8100004196167,392800,False
GGAL,2022-06-07,8.850000381469727,8.949999809265137,8.75,8.859999656677246,8.75,372800,False
GGAL,2022-06-08,8.829999923706055,8.84000015258789,8.600000381469727,8.609999656677246,8.600000381469727,719400,False
GGAL,2022-06-09,8.609999656677246,8.640000343322754,7.909999847412109,7.909999847412109,7.909999847412109,1009600,False
GGAL,2022-06-10,7.75,7.949999809265137,7.630000114440918,7.840000152587891,7.630000114440918,1340700,False
GGAL,2022-06-13,7.630000114440918,7.690000057220459,7.199999809265137,7.21999979019165,7.199999809265137,1087900,False
GGAL,2022-06-14,7.329999923706055,7.570000171661377,7.199999809265137,7.300000190734863,7.199999809265137,955300,False
GGAL,2022-06-15,7.400000095367432,7.619999885559082,7.389999866485596,7.510000228881836,7.389999866485596,677600,False
GGAL,2022-06-16,7.360000133514404,7.579999923706055,7.269999980926514,7.360000133514404,7.269999980926514,679500,False
GGAL,2022-06-17,7.389999866485596,7.690000057220459,7.309999942779541,7.449999809265137,7.309999942779541,889000,False
GGAL,2022-06-21,7.510000228881836,7.539999961853027,7.300000190734863,7.380000114440918,7.300000190734863,521200,False
GGAL,2022-06-22,7.269999980926514,7.599999904632568,7.230000019073486,7.449999809265137,7.230000019073486,751800,False
GGAL,2022-06-23,7.449999809265137,7.519999980926514,7.199999809265137,7.300000190734863,7.199999809265137,645600,False
GGAL,2022-06-24,7.369999885559082,7.480000019073486,7.150000095367432,7.150000095367432,7.150000095367432,656600,False
GGAL,2022-06-27,7.190000057220459,7.449999809265137,6.940000057220459,7.139999866485596,6.940000057220459,915000,False
GGAL,2022-06-28,7.159999847412109,7.28000020980835,7.010000228881836,7.099999904632568,7.010000228881836,506500,False
GGAL,2022-06-29,7.150000095367432,7.210000038146973,6.989999771118164,7.170000076293945,6.989999771118164,536500,False
GGAL,2022-06-30,7.079999923706055,7.230000019073486,6.860000133514404,6.909999847412109,6.860000133514404,576500,False
GGAL,2022-07-01,7.010000228881836,7.170000076293945,6.769999980926514,7.159999847412109,6.769999980926514,371400,False
GGAL,2022-07-05,6.690000057220459,6.849999904632568,6.489999771118164,6.840000152587891,6.489999771118164,896700,False
GGAL,2022-07-06,6.829999923706055,6.900000095367432,6.610000133514404,6.690000057220459,6.610000133514404,378700,False
GGAL,2022-07-07,6.980000019073486,6.980000019073486,6.639999866485596,6.690000057220459,6.639999866485596,720900,False
GGAL,2022-07-08,6.639999866485596,6.900000095367432,6.630000114440918,6.679999828338623,6.630000114440918,599000,False
GGAL,2022-07-11,6.630000114440918,6.699999809265137,6.440000057220459,6.559999942779541,6.440000057220459,526800,False
GGAL,2022-07-12,6.5,6.510000228881836,6.150000095367432,6.489999771118164,6.150000095367432,874200,False
GGAL,2022-07-13,6.409999847412109,6.550000190734863,6.230000019073486,6.320000171661377,6.230000019073486,644000,False
GGAL,2022-07-14,6.190000057220459,6.300000190734863,6.019999980926514,6.139999866485596,6.019999980926514,1133300,False
GGAL,2022-07-15,6.170000076293945,6.309999942779541,6.039999961853027,6.289999961853027,6.039999961853027,499000,False
GGAL,2022-07-18,6.360000133514404,6.539999961853027,6.300000190734863,6.409999847412109,6.300000190734863,616100,False
GGAL,2022-07-19,6.480000019073486,6.53000020980835,6.320000171661377,6.329999923706055,6.320000171661377,790400,False
GGAL,2022-07-20,6.239999771118164,6.340000152587891,5.989999771118164,5.989999771118164,5.989999771118164,984300,False
GGAL,2022-07-21,6.0,6.010000228881836,5.75,5.929999828338623,5.75,750000,False
GGAL,2022-07-22,5.989999771118164,6.170000076293945,5.849999904632568,6.159999847412109,5.849999904632568,1206500,False
GGAL,2022-07-25,6.199999809265137,6.570000171661377,6.159999847412109,6.460000038146973,6.159999847412109,776200,False
GGAL,2022-07-26,6.409999847412109,6.619999885559082,6.360000133514404,6.489999771118164,6.360000133514404,525600,False
GGAL,2022-07-27,6.579999923706055,6.860000133514404,6.260000228881836,6.820000171661377,6.260000228881836,862800,False
GGAL,2022-07-28,6.889999866485596,7.46999979019165,6.840000152587891,7.389999866485596,6.840000152587891,2090800,False
GGAL,2022-07-29,7.389999866485596,7.96999979019165,7.389999866485596,7.800000190734863,7.389999866485596,1700000,False
GGAL,2022-08-01,7.769999980926514,8.149999618530273,7.590000152587891,7.78000020980835,7.590000152587891,1054900,False
GGAL,2022-08-02,7.630000114440918,7.909999847412109,7.630000114440918,7.829999923706055,7.630000114440918,749200,False
GGAL,2022-08-03,7.849999904632568,7.96999979019165,7.75,7.820000171661377,7.75,675900,False
GGAL,2022-08-04,7.940000057220459,8.119999885559082,7.570000171661377,7.639999866485596,7.570000171661377,1089200,False
GGAL,2022-08-05,7.579999923706055,7.840000152587891,7.420000076293945,7.809999942779541,7.420000076293945,741600,False
GGAL,2022-08-08,7.940000057220459,8.109999656677246,7.840000152587891,8.069999694824219,7.840000152587891,612400,False
GGAL,2022-08-09,8.020000457763672,8.130000114440918,7.710000038146973,7.789999961853027,7.710000038146973,391800,False
GGAL,2022-08-10,7.980000019073486,8.0,7.630000114440918,7.650000095367432,7.630000114440918,358300,False
GGAL,2022-08-11,7.71999979019165,7.949999809265137,7.699999809265137,7.849999904632568,7.699999809265137,538900,False
GGAL,2022-08-12,7.880000114440918,8.079999923706055,7.809999942779541,8.069999694824219,7.809999942779541,409500,False
GGAL,2022-08-15,8.0,8.3100004196167,7.909999847412109,8.3100004196167,7.909999847412109,464400,False
GGAL,2022-08-16,8.300000190734863,8.300000190734863,8.100000381469727,8.220000267028809,8.100000381469727,445500,False
GGAL,2022-08-17,8.15999984741211,8.319999694824219,8.0600004196167,8.109999656677246,8.0600004196167,399500,False
GGAL,2022-08-18,8.119999885559082,8.229999542236328,8.020000457763672,8.15999984741211,8.020000457763672,554000,False
GGAL,2022-08-19,8.109999656677246,8.109999656677246,7.78000020980835,7.820000171661377,7.78000020980835,627800,False
GGAL,2022-08-22,7.71999979019165,8.119999885559082,7.610000133514404,8.079999923706055,7.610000133514404,779700,False
GGAL,2022-08-23,8.079999923706055,8.470000267028809,8.050000190734863,8.460000038146973,8.050000190734863,513100,False
GGAL,2022-08-24,8.399999618530273,8.59000015258789,8.119999885559082,8.550000190734863,8.119999885559082,957400,False
GGAL,2022-08-25,8.569999694824219,8.75,8.270000457763672,8.720000267028809,8.270000457763672,681100,False
GGAL,2022-08-26,8.720000267028809,8.979999542236328,8.600000381469727,8.739999771118164,8.600000381469727,943300,False
GGAL,2022-08-29,8.59000015258789,9.029999732971191,8.59000015258789,8.680000305175781,8.59000015258789,1150500,False
GGAL,2022-08-30,8.65999984741211,8.779999732971191,8.470000267028809,8.489999771118164,8.470000267028809,700500,False
GGAL,2022-08-31,8.4399995803833,8.609999656677246,8.109999656677246,8.109999656677246,8.109999656677246,619400,False
GGAL,2022-09-01,8.100000381469727,8.319999694824219,7.920000076293945,8.289999961853027,7.920000076293945,448000,False
GGAL,2022-09-02,8.40999984741211,8.6899995803833,8.1899995803833,8.539999961853027,8.1899995803833,702500,False
GGAL,2022-09-06,8.550000190734863,8.869999885559082,8.510000228881836,8.680000305175781,8.510000228881836,721100,False
GGAL,2022-09-07,8.670000076293945,9.149999618530273,8.579999923706055,9.029999732971191,8.579999923706055,1156800,False
GGAL,2022-09-08,9.039999961853027,9.25,8.640000343322754,8.920000076293945,8.640000343322754,881900,False
GGAL,2022-09-09,9.020000457763672,9.569999694824219,8.869999885559082,9.520000457763672,8.869999885559082,1266100,False
GGAL,2022-09-12,9.600000381469727,9.75,9.25,9.369999885559082,9.25,1238200,False
GGAL,2022-09-13,9.25,9.619999885559082,8.970000267028809,9.010000228881836,8.970000267028809,804600,False
GGAL,2022-09-14,9.0,9.279999732971191,8.989999771118164,9.229999542236328,8.989999771118164,446300,False
GGAL,2022-09-15,9.270000457763672,9.34000015258789,8.8100004196167,8.869999885559082,8.8100004196167,593300,False
GGAL,2022-09-16,8.720000267028809,8.9399995803833,8.65999984741211,8.84000015258789,8.65999984741211,373500,False
GGAL,2022-09-19,8.739999771118164,9.289999961853027,8.699999809265137,9.279999732971191,8.699999809265137,352300,False
GGAL,2022-09-20,9.199999809265137,9.25,9.0,9.119999885559082,9.0,268400,False
GGAL,2022-09-21,9.199999809265137,9.199999809265137,8.729999542236328,8.84000015258789,8.729999542236328,438600,False
GGAL,2022-09-22,8.84000015258789,8.880000114440918,8.65999984741211,8.75,8.65999984741211,240900,False
GGAL,2022-09-23,8.609999656677246,8.609999656677246,8.25,8.359999656677246,8.25,430700,False
GGAL,2022-09-26,8.430000305175781,8.430000305175781,7.829999923706055,7.869999885559082,7.829999923706055,662400,False
GGAL,2022-09-27,7.929999828338623,8.100000381469727,7.480000019073486,7.510000228881836,7.480000019073486,1548700,False
GGAL,2022-09-28,7.590000152587891,7.699999809265137,7.400000095367432,7.610000133514404,7.400000095367432,607700,False
GGAL,2022-09-29,7.53000020980835,7.590000152587891,7.269999980926514,7.519999980926514,7.269999980926514,510900,False
GGAL,2022-09-30,7.449999809265137,7.659999847412109,7.449999809265137,7.460000038146973,7.449999809265137,560300,False
GGAL,2022-10-03,7.639999866485596,8.050000190734863,7.559999942779541,8.029999732971191,7.559999942779541,602100,False
GGAL,2022-10-04,8.039999961853027,8.289999961853027,8.039999961853027,8.069999694824219,8.039999961853027,551300,False
GGAL,2022-10-05,7.96999979019165,8.09000015258789,7.820000171661377,7.940000057220459,7.820000171661377,376800,False
GGAL,2022-10-06,7.860000133514404,8.050000190734863,7.760000228881836,7.769999980926514,7.760000228881836,320200,False
GGAL,2022-10-07,7.690000057220459,7.809999942779541,7.590000152587891,7.699999809265137,7.590000152587891,296000,False
GGAL,2022-10-10,7.670000076293945,7.820000171661377,7.610000133514404,7.619999885559082,7.610000133514404,228800,False
GGAL,2022-10-11,7.610000133514404,7.710000038146973,7.46999979019165,7.480000019073486,7.46999979019165,361100,False
GGAL,2022-10-12,7.460000038146973,7.5,7.25,7.260000228881836,7.25,412800,False
GGAL,2022-10-13,7.199999809265137,7.489999771118164,7.159999847412109,7.349999904632568,7.159999847412109,442200,False
GGAL,2022-10-14,7.46999979019165,7.46999979019165,7.099999904632568,7.159999847412109,7.099999904632568,428800,False
GGAL,2022-10-17,7.28000020980835,7.550000190734863,7.25,7.449999809265137,7.25,306600,False
GGAL,2022-10-18,7.550000190734863,7.679999828338623,7.320000171661377,7.449999809265137,7.320000171661377,243500,False
GGAL,2022-10-19,7.420000076293945,7.550000190734863,7.360000133514404,7.46999979019165,7.360000133514404,347800,False
GGAL,2022-10-20,7.480000019073486,7.71999979019165,7.46999979019165,7.639999866485596,7.46999979019165,292100,False
GGAL,2022-10-21,7.610000133514404,7.849999904632568,7.579999923706055,7.840000152587891,7.579999923706055,592700,False
GGAL,2022-10-24,7.880000114440918,7.889999866485596,7.53000020980835,7.75,7.53000020980835,411000,False
GGAL,2022-10-25,7.760000228881836,7.920000076293945,7.690000057220459,7.880000114440918,7.690000057220459,454900,False
GGAL,2022-10-26,7.889999866485596,8.050000190734863,7.710000038146973,7.769999980926514,7.710000038146973,528000,False
GGAL,2022-10-27,7.820000171661377,7.96999979019165,7.590000152587891,7.849999904632568,7.590000152587891,287700,False
GGAL,2022-10-28,7.820000171661377,7.860000133514404,7.550000190734863,7.610000133514404,7.550000190734863,328600,False
GGAL,2022-10-31,7.559999942779541,7.820000171661377,7.550000190734863,7.760000228881836,7.550000190734863,521400,False
GGAL,2022-11-01,7.849999904632568,8.210000038146973,7.739999771118164,8.1899995803833,7.739999771118164,471000,False
GGAL,2022-11-02,8.220000267028809,8.220000267028809,7.840000152587891,7.840000152587891,7.840000152587891,464900,False
GGAL,2022-11-03,7.53000020980835,8.039999961853027,7.489999771118164,7.860000133514404,7.489999771118164,394300,False
GGAL,2022-11-04,8.010000228881836,8.109999656677246,7.820000171661377,7.989999771118164,7.820000171661377,251700,False
GGAL,2022-11-07,8.029999732971191,8.079999923706055,7.75,7.769999980926514,7.75,436500,False
GGAL,2022-11-08,7.829999923706055,7.940000057220459,7.5,7.71999979019165,7.5,691700,False
GGAL,2022-11-09,7.71999979019165,7.789999961853027,7.369999885559082,7.420000076293945,7.369999885559082,606200,False
GGAL,2022-11-10,7.550000190734863,7.639999866485596,7.349999904632568,7.409999847412109,7.349999904632568,468100,False
GGAL,2022-11-11,7.489999771118164,7.730000019073486,7.480000019073486,7.670000076293945,7.480000019073486,291300,False
GGAL,2022-11-14,7.650000095367432,7.730000019073486,7.579999923706055,7.679999828338623,7.579999923706055,423800,False
GGAL,2022-11-15,7.840000152587891,7.840000152587891,7.510000228881836,7.539999961853027,7.510000228881836,510900,False
GGAL,2022-11-16,7.480000019073486,7.550000190734863,7.309999942779541,7.400000095367432,7.309999942779541,441000,False
GGAL,2022-11-17,7.309999942779541,7.340000152587891,7.130000114440918,7.210000038146973,7.130000114440918,503100,False
GGAL,2022-11-18,7.119999885559082,7.309999942779541,7.119999885559082,7.289999961853027,7.119999885559082,269900,False
GGAL,2022-11-21,7.360000133514404,7.360000133514404,7.019999980926514,7.28000020980835,7.019999980926514,283600,False
GGAL,2022-11-22,7.369999885559082,7.389999866485596,7.21999979019165,7.329999923706055,7.21999979019165,293800,False
GGAL,2022-11-23,7.269999980926514,7.570000171661377,7.0,7.539999961853027,7.0,327400,False
GGAL,2022-11-25,7.619999885559082,7.78000020980835,7.559999942779541,7.75,7.559999942779541,316100,False
GGAL,2022-11-28,7.75,7.900000095367432,7.610000133514404,7.849999904632568,7.610000133514404,382400,False
GGAL,2022-11-29,7.940000057220459,8.039999961853027,7.800000190734863,7.920000076293945,7.800000190734863,402000,False
GGAL,2022-11-30,8.020000457763672,8.100000381469727,7.78000020980835,8.100000381469727,7.78000020980835,392900,False
GGAL,2022-12-01,8.140000343322754,8.180000305175781,7.920000076293945,8.130000114440918,7.920000076293945,463900,False
GGAL,2022-12-02,8.050000190734863,8.3100004196167,8.050000190734863,8.220000267028809,8.050000190734863,740100,False
GGAL,2022-12-05,8.170000076293945,8.170000076293945,7.639999866485596,7.639999866485596,7.639999866485596,462200,False
GGAL,2022-12-06,7.71999979019165,7.71999979019165,7.429999828338623,7.630000114440918,7.429999828338623,419000,False
GGAL,2022-12-07,7.599999904632568,7.96999979019165,7.510000228881836,7.949999809265137,7.510000228881836,522100,False
GGAL,2022-12-08,8.020000457763672,8.109999656677246,7.480000019073486,7.510000228881836,7.480000019073486,456400,False
GGAL,2022-12-09,7.550000190734863,7.559999942779541,7.329999923706055,7.440000057220459,7.329999923706055,350700,False
GGAL,2022-12-12,7.53000020980835,7.78000020980835,7.5,7.760000228881836,7.5,518600,False
GGAL,2022-12-13,7.940000057220459,7.940000057220459,7.590000152587891,7.619999885559082,7.590000152587891,522600,False
GGAL,2022-12-14,7.550000190734863,7.710000038146973,7.46999979019165,7.670000076293945,7.46999979019165,511500,False
GGAL,2022-12-15,7.619999885559082,7.710000038146973,7.519999980926514,7.690000057220459,7.519999980926514,344600,False
GGAL,2022-12-16,7.670000076293945,7.800000190734863,7.610000133514404,7.679999828338623,7.610000133514404,410400,False
GGAL,2022-12-19,7.489999771118164,7.989999771118164,7.420000076293945,7.960000038146973,7.420000076293945,364600,False
GGAL,2022-12-20,8.039999961853027,8.739999771118164,7.940000057220459,8.569999694824219,7.940000057220459,858700,False
GGAL,2022-12-21,8.399999618530273,9.0,8.399999618530273,8.90999984741211,8.399999618530273,1088400,False
GGAL,2022-12-22,8.90999984741211,8.979999542236328,8.680000305175781,8.949999809265137,8.680000305175781,411700,False
GGAL,2022-12-23,8.970000267028809,9.289999961853027,8.800000190734863,9.279999732971191,8.800000190734863,627000,False
GGAL,2022-12-27,9.260000228881836,9.390000343322754,9.109999656677246,9.359999656677246,9.109999656677246,424800,False
GGAL,2022-12-28,9.300000190734863,9.75,9.1899995803833,9.630000114440918,9.1899995803833,849400,False
GGAL,2022-12-29,9.699999809265137,9.899999618530273,9.420000076293945,9.609999656677246,9.420000076293945,703900,False
GGAL,2022-12-30,9.59000015258789,9.890000343322754,9.529999732971191,9.729999542236328,9.529999732971191,444500,False
GGAL,2023-01-03,9.699999809265137,9.970000267028809,9.479999542236328,9.550000190734863,9.479999542236328,645600,False
GGAL,2023-01-04,9.569999694824219,9.920000076293945,9.470000267028809,9.890000343322754,9.470000267028809,620700,False
GGAL,2023-01-05,9.800000190734863,10.649999618530273,9.729999542236328,10.5600004196167,9.729999542236328,980100,False
GGAL,2023-01-06,10.600000381469727,11.350000381469727,10.600000381469727,11.100000381469727,10.600000381469727,1569500,False
GGAL,2023-01-09,11.180000305175781,11.460000038146973,10.960000038146973,11.399999618530273,10.960000038146973,941200,False
GGAL,2023-01-10,11.539999961853027,11.600000381469727,11.100000381469727,11.579999923706055,11.100000381469727,756300,False
GGAL,2023-01-11,11.640000343322754,12.449999809265137,11.630000114440918,12.390000343322754,11.630000114440918,1387400,False
GGAL,2023-01-12,12.350000381469727,12.920000076293945,11.899999618530273,12.850000381469727,11.899999618530273,1219600,False
GGAL,2023-01-13,12.739999771118164,13.359999656677246,12.510000228881836,13.039999961853027,12.510000228881836,1095300,False
GGAL,2023-01-17,12.970000267028809,13.859999656677246,12.8100004196167,13.760000228881836,12.8100004196167,1452900,False
GGAL,2023-01-18,14.140000343322754,14.25,12.319999694824219,12.399999618530273,12.319999694824219,2687200,False
GGAL,2023-01-19,12.199999809265137,12.970000267028809,11.8100004196167,12.890000343322754,11.8100004196167,1694700,False
GGAL,2023-01-20,12.949999809265137,13.930000305175781,12.569999694824219,13.75,12.569999694824219,1528900,False
GGAL,2023-01-23,13.850000381469727,14.039999961853027,13.390000343322754,13.579999923706055,13.390000343322754,1165900,False
GGAL,2023-01-24,13.630000114440918,13.800000190734863,13.319999694824219,13.529999732971191,13.319999694824219,799700,False
GGAL,2023-01-25,13.130000114440918,14.130000114440918,13.0600004196167,14.050000190734863,13.0600004196167,928200,False
GGAL,2023-01-26,14.199999809265137,14.239999771118164,13.800000190734863,13.899999618530273,13.800000190734863,573500,False
GGAL,2023-01-27,13.6899995803833,13.880000114440918,13.229999542236328,13.239999771118164,13.229999542236328,415400,False
GGAL,2023-01-30,13.0,13.420000076293945,12.619999885559082,12.630000114440918,12.619999885559082,1175900,False
GGAL,2023-01-31,12.630000114440918,13.539999961853027,12.630000114440918,13.399999618530273,12.630000114440918,665500,False
GGAL,2023-02-01,13.479999542236328,13.520000457763672,12.899999618530273,13.170000076293945,12.899999618530273,767900,False
GGAL,2023-02-02,13.329999923706055,13.579999923706055,13.069999694824219,13.130000114440918,13.069999694824219,550500,False
GGAL,2023-02-03,13.050000190734863,13.170000076293945,12.300000190734863,12.329999923706055,12.300000190734863,1047200,False
GGAL,2023-02-06,12.489999771118164,12.739999771118164,12.180000305175781,12.720000267028809,12.180000305175781,695900,False
GGAL,2023-02-07,12.75,13.039999961853027,12.579999923706055,12.779999732971191,12.579999923706055,721100,False
GGAL,2023-02-08,12.8100004196167,13.010000228881836,12.34000015258789,12.970000267028809,12.34000015258789,377700,False
GGAL,2023-02-09,12.930000305175781,13.140000343322754,12.520000457763672,12.699999809265137,12.520000457763672,699600,False
GGAL,2023-02-10,12.579999923706055,12.829999923706055,12.460000038146973,12.760000228881836,12.460000038146973,365100,False
GGAL,2023-02-13,12.800000190734863,13.59000015258789,12.699999809265137,13.550000190734863,12.699999809265137,1095100,False
GGAL,2023-02-14,13.59000015258789,14.1899995803833,13.369999885559082,13.920000076293945,13.369999885559082,1398800,False
GGAL,2023-02-15,13.979999542236328,14.079999923706055,13.449999809265137,13.829999923706055,13.449999809265137,991000,False
GGAL,2023-02-16,13.890000343322754,14.210000038146973,13.609999656677246,13.949999809265137,13.609999656677246,903600,False
GGAL,2023-02-17,13.710000038146973,13.90999984741211,13.229999542236328,13.300000190734863,13.229999542236328,962600,False
GGAL,2023-02-21,13.300000190734863,13.609999656677246,13.100000381469727,13.15999984741211,13.100000381469727,790800,False
GGAL,2023-02-22,13.359999656677246,13.399999618530273,12.920000076293945,13.239999771118164,12.920000076293945,1142300,False
GGAL,2023-02-23,13.369999885559082,13.779999732971191,13.319999694824219,13.539999961853027,13.319999694824219,547400,False
GGAL,2023-02-24,13.329999923706055,13.489999771118164,13.039999961853027,13.449999809265137,13.039999961853027,270700,False
GGAL,2023-02-27,13.489999771118164,13.800000190734863,13.489999771118164,13.710000038146973,13.489999771118164,358700,False
GGAL,2023-02-28,13.75,13.960000038146973,13.279999732971191,13.319999694824219,13.279999732971191,536400,False
GGAL,2023-03-01,13.350000381469727,13.430000305175781,13.109999656677246,13.420000076293945,13.109999656677246,228400,False
GGAL,2023-03-02,13.260000228881836,13.329999923706055,12.430000305175781,12.479999542236328,12.430000305175781,627400,False
GGAL,2023-03-03,12.420000076293945,12.9399995803833,12.420000076293945,12.84000015258789,12.420000076293945,522300,False
GGAL,2023-03-06,12.65999984741211,13.1899995803833,12.300000190734863,13.039999961853027,12.300000190734863,572800,False
GGAL,2023-03-07,13.050000190734863,13.149999618530273,12.59000015258789,12.670000076293945,12.59000015258789,596400,False
GGAL,2023-03-08,12.40999984741211,13.260000228881836,12.40999984741211,13.180000305175781,12.40999984741211,712400,False
GGAL,2023-03-09,13.180000305175781,13.210000038146973,12.529999732971191,12.5600004196167,12.529999732971191,474300,False
GGAL,2023-03-10,12.390000343322754,12.390000343322754,11.600000381469727,11.710000038146973,11.600000381469727,1081100,False
GGAL,2023-03-13,11.350000381469727,11.890000343322754,11.010000228881836,11.270000457763672,11.010000228881836,773800,False
GGAL,2023-03-14,11.369999885559082,11.84000015258789,10.90999984741211,10.989999771118164,10.90999984741211,636900,False
GGAL,2023-03-15,10.789999961853027,10.789999961853027,10.140000343322754,10.3100004196167,10.140000343322754,979800,False
GGAL,2023-03-16,10.1899995803833,10.960000038146973,10.020000457763672,10.880000114440918,10.020000457763672,716600,False
GGAL,2023-03-17,10.710000038146973,10.720000267028809,10.300000190734863,10.4399995803833,10.300000190734863,386900,False
GGAL,2023-03-20,10.449999809265137,10.680000305175781,10.279999732971191,10.279999732971191,10.279999732971191,289600,False
GGAL,2023-03-21,10.680000305175781,11.119999885559082,10.4399995803833,11.050000190734863,10.4399995803833,580200,False
GGAL,2023-03-22,11.010000228881836,11.050000190734863,10.729999542236328,10.739999771118164,10.729999542236328,392000,False
GGAL,2023-03-23,10.829999923706055,11.020000457763672,10.399999618530273,10.579999923706055,10.399999618530273,437000,False
GGAL,2023-03-24,10.4399995803833,10.75,10.34000015258789,10.649999618530273,10.34000015258789,215800,False
GGAL,2023-03-27,10.90999984741211,11.279999732971191,10.779999732971191,11.1899995803833,10.779999732971191,443000,False
GGAL,2023-03-28,11.100000381469727,11.479999542236328,11.0600004196167,11.399999618530273,11.0600004196167,507500,False
GGAL,2023-03-29,11.470000267028809,11.8100004196167,11.329999923706055,11.630000114440918,11.329999923706055,614000,False
GGAL,2023-03-30,11.829999923706055,11.850000381469727,11.239999771118164,11.399999618530273,11.239999771118164,573100,False
GGAL,2023-03-31,11.4399995803833,11.5600004196167,10.699999809265137,10.979999542236328,10.699999809265137,606400,False
GGAL,2023-04-03,11.039999961853027,11.399999618530273,10.84000015258789,11.359999656677246,10.84000015258789,462600,False
GGAL,2023-04-04,11.489999771118164,11.579999923706055,10.9399995803833,11.09000015258789,10.9399995803833,301700,False
GGAL,2023-04-05,11.010000228881836,11.09000015258789,10.829999923706055,11.09000015258789,10.829999923706055,268900,False
GGAL,2023-04-06,11.119999885559082,11.220000267028809,10.920000076293945,10.9399995803833,10.920000076293945,174800,False
GGAL,2023-04-10,10.890000343322754,11.279999732971191,10.829999923706055,11.130000114440918,10.829999923706055,840400,False
GGAL,2023-04-11,11.210000038146973,11.670000076293945,11.210000038146973,11.649999618530273,11.210000038146973,883100,False
GGAL,2023-04-12,11.850000381469727,12.420000076293945,11.720000267028809,12.359999656677246,11.720000267028809,1059000,False
GGAL,2023-04-13,12.350000381469727,12.649999618530273,12.270000457763672,12.4399995803833,12.270000457763672,661200,False
GGAL,2023-04-14,12.510000228881836,12.789999961853027,12.380000114440918,12.729999542236328,12.380000114440918,1015800,False
GGAL,2023-04-17,12.729999542236328,12.970000267028809,12.529999732971191,12.930000305175781,12.529999732971191,724200,False
GGAL,2023-04-18,13.0,13.180000305175781,12.25,12.380000114440918,12.25,938700,False
GGAL,2023-04-19,12.199999809265137,12.199999809265137,11.539999961853027,11.640000343322754,11.539999961853027,1146700,False
GGAL,2023-04-20,11.630000114440918,12.010000228881836,11.600000381469727,11.869999885559082,11.600000381469727,788000,False
GGAL,2023-04-21,11.6899995803833,12.109999656677246,11.569999694824219,11.65999984741211,11.569999694824219,447600,False
GGAL,2023-04-24,11.6899995803833,11.989999771118164,11.479999542236328,11.699999809265137,11.479999542236328,368800,False
GGAL,2023-04-25,11.550000190734863,11.739999771118164,11.229999542236328,11.630000114440918,11.229999542236328,416900,False
GGAL,2023-04-26,11.710000038146973,11.890000343322754,11.420000076293945,11.489999771118164,11.420000076293945,435500,False
GGAL,2023-04-27,11.5,11.609999656677246,11.279999732971191,11.479999542236328,11.279999732971191,265500,False
GGAL,2023-04-28,11.420000076293945,11.550000190734863,11.010000228881836,11.520000457763672,11.010000228881836,409500,False
GGAL,2023-05-01,11.609999656677246,11.649999618530273,10.850000381469727,11.199999809265137,10.850000381469727,269100,False
GGAL,2023-05-02,11.210000038146973,11.399999618530273,10.90999984741211,11.390000343322754,10.90999984741211,591500,False
GGAL,2023-05-03,11.239999771118164,11.520000457763672,11.210000038146973,11.300000190734863,11.210000038146973,269100,False
GGAL,2023-05-04,11.229999542236328,11.289999961853027,10.680000305175781,10.930000305175781,10.680000305175781,621100,False
GGAL,2023-05-05,11.09000015258789,11.930000305175781,10.949999809265137,11.65999984741211,10.949999809265137,644400,False
GGAL,2023-05-08,11.729999542236328,12.130000114440918,11.729999542236328,11.930000305175781,11.729999542236328,349700,False
GGAL,2023-05-09,11.869999885559082,12.279999732971191,11.859999656677246,12.140000343322754,11.859999656677246,230500,False
GGAL,2023-05-10,12.25,12.390000343322754,12.050000190734863,12.350000381469727,12.050000190734863,269700,False
GGAL,2023-05-11,12.130000114440918,12.789999961853027,12.09000015258789,12.75,12.09000015258789,894500,False
GGAL,2023-05-12,12.779999732971191,12.890000343322754,12.279999732971191,12.390000343322754,12.279999732971191,605900,False
GGAL,2023-05-15,12.329999923706055,12.5,12.020000457763672,12.25,12.020000457763672,671400,False
GGAL,2023-05-16,12.119999885559082,12.449999809265137,11.260000228881836,11.350000381469727,11.260000228881836,795700,False
GGAL,2023-05-17,11.520000457763672,11.859999656677246,11.25,11.84000015258789,11.25,523200,False
GGAL,2023-05-18,11.850000381469727,11.850000381469727,11.4399995803833,11.529999732971191,11.4399995803833,286500,False
GGAL,2023-05-19,11.59000015258789,11.720000267028809,11.380000114440918,11.600000381469727,11.380000114440918,165300,False
GGAL,2023-05-22,11.600000381469727,11.819999694824219,11.289999961853027,11.369999885559082,11.289999961853027,356200,False
GGAL,2023-05-23,11.270000457763672,11.880000114440918,11.270000457763672,11.460000038146973,11.270000457763672,439900,False
GGAL,2023-05-24,11.449999809265137,11.899999618530273,11.210000038146973,11.760000228881836,11.210000038146973,671400,False
GGAL,2023-05-25,11.699999809265137,11.850000381469727,11.4399995803833,11.65999984741211,11.4399995803833,225200,False
GGAL,2023-05-26,11.630000114440918,11.880000114440918,11.449999809265137,11.680000305175781,11.449999809265137,252200,False
GGAL,2023-05-30,11.600000381469727,12.140000343322754,11.350000381469727,12.109999656677246,11.350000381469727,326300,False
GGAL,2023-05-31,11.619999885559082,12.010000228881836,11.449999809265137,11.869999885559082,11.449999809265137,576200,False
GGAL,2023-06-01,11.829999923706055,12.279999732971191,11.729999542236328,12.09000015258789,11.729999542236328,337500,False
GGAL,2023-06-02,12.25,12.350000381469727,11.779999732971191,11.819999694824219,11.779999732971191,324900,False
GGAL,2023-06-05,11.770000457763672,12.369999885559082,11.640000343322754,12.329999923706055,11.640000343322754,468500,False
GGAL,2023-06-06,12.350000381469727,13.960000038146973,12.350000381469727,13.930000305175781,12.350000381469727,2169500,False
GGAL,2023-06-07,13.899999618530273,14.600000381469727,13.619999885559082,14.5,13.619999885559082,1626200,False
GGAL,2023-06-08,14.390000343322754,14.869999885559082,14.149999618530273,14.680000305175781,14.149999618530273,1019700,False
GGAL,2023-06-09,14.8100004196167,15.170000076293945,14.569999694824219,14.8100004196167,14.569999694824219,697500,False
GGAL,2023-06-12,14.739999771118164,15.029999732971191,14.399999618530273,14.600000381469727,14.399999618530273,632200,False
GGAL,2023-06-13,14.800000190734863,15.270000457763672,14.449999809265137,15.180000305175781,14.449999809265137,495500,False
GGAL,2023-06-14,15.260000228881836,15.640000343322754,15.0600004196167,15.529999732971191,15.0600004196167,685600,False
GGAL,2023-06-15,15.600000381469727,16.18000030517578,15.529999732971191,15.960000038146973,15.529999732971191,1200900,False
GGAL,2023-06-16,16.200000762939453,17.040000915527344,15.619999885559082,16.8700008392334,15.619999885559082,1720400,False
GGAL,2023-06-20,17.010000228881836,17.34000015258789,16.43000030517578,17.149999618530273,16.43000030517578,1331000,False
GGAL,2023-06-21,17.149999618530273,17.989999771118164,16.899999618530273,17.799999237060547,16.899999618530273,1426200,False
GGAL,2023-06-22,17.790000915527344,17.799999237060547,16.5,16.5,16.5,1639800,False
GGAL,2023-06-23,16.309999465942383,17.149999618530273,16.110000610351562,16.780000686645508,16.110000610351562,915600,False
GGAL,2023-06-26,17.56999969482422,18.15999984741211,17.020000457763672,17.56999969482422,17.020000457763672,1234700,False
GGAL,2023-06-27,17.739999771118164,17.739999771118164,16.420000076293945,16.770000457763672,16.420000076293945,1184700,False
GGAL,2023-06-28,16.959999084472656,17.6200008392334,16.649999618530273,16.8700008392334,16.649999618530273,957700,False
GGAL,2023-06-29,16.790000915527344,17.270000457763672,16.510000228881836,17.239999771118164,16.510000228881836,584000,False
GGAL,2023-06-30,17.520000457763672,17.520000457763672,16.93000030517578,17.200000762939453,16.93000030517578,762000,False
GGAL,2023-07-03,17.049999237060547,17.739999771118164,17.049999237060547,17.309999465942383,17.049999237060547,472200,False
GGAL,2023-07-05,17.15999984741211,17.6200008392334,16.899999618530273,17.440000534057617,16.899999618530273,651100,False
GGAL,2023-07-06,17.170000076293945,17.31999969482422,15.8100004196167,16.110000610351562,15.8100004196167,1325000,False
GGAL,2023-07-07,16.559999465942383,16.760000228881836,16.309999465942383,16.59000015258789,16.309999465942383,527700,False
GGAL,2023-07-10,16.309999465942383,16.520000457763672,16.110000610351562,16.1299991607666,16.110000610351562,409000,False
GGAL,2023-07-11,16.139999389648438,16.350000381469727,15.75,16.329999923706055,15.75,648400,False
GGAL,2023-07-12,16.489999771118164,16.989999771118164,16.3700008392334,16.700000762939453,16.3700008392334,645000,False
GGAL,2023-07-13,16.8799991607666,17.530000686645508,16.760000228881836,17.3700008392334,16.760000228881836,794800,False
GGAL,2023-07-14,17.34000015258789,17.34000015258789,16.1200008392334,16.280000686645508,16.1200008392334,1051300,False
GGAL,2023-07-17,16.520000457763672,17.579999923706055,16.469999313354492,17.170000076293945,16.469999313354492,981600,False
GGAL,2023-07-18,17.06999969482422,17.739999771118164,17.06999969482422,17.43000030517578,17.06999969482422,853500,False
GGAL,2023-07-19,17.3799991607666,17.639999389648438,16.860000610351562,17.100000381469727,16.860000610351562,636400,False
GGAL,2023-07-20,17.0,17.489999771118164,16.829999923706055,17.399999618530273,16.829999923706055,596600,False
GGAL,2023-07-21,17.530000686645508,18.15999984741211,17.280000686645508,17.850000381469727,17.280000686645508,861600,False
GGAL,2023-07-24,18.059999465942383,18.520000457763672,17.3700008392334,17.3799991607666,17.3700008392334,912200,False
GGAL,2023-07-25,17.260000228881836,17.770000457763672,16.940000534057617,17.68000030517578,16.940000534057617,617700,False
GGAL,2023-07-26,17.68000030517578,17.920000076293945,17.520000457763672,17.760000228881836,17.520000457763672,278900,False
GGAL,2023-07-27,17.760000228881836,17.799999237060547,16.479999542236328,16.520000457763672,16.479999542236328,1078600,False
GGAL,2023-07-28,16.809999465942383,17.200000762939453,16.540000915527344,16.719999313354492,16.540000915527344,760600,False
GGAL,2023-07-31,16.940000534057617,17.0,16.459999084472656,16.950000762939453,16.459999084472656,559500,False
GGAL,2023-08-01,16.700000762939453,16.969999313354492,16.290000915527344,16.389999389648438,16.290000915527344,476100,False
GGAL,2023-08-02,16.31999969482422,16.3799991607666,15.600000381469727,15.8100004196167,15.600000381469727,822600,False
GGAL,2023-08-03,15.8100004196167,16.030000686645508,15.5,15.680000305175781,15.5,589600,False
GGAL,2023-08-04,15.84000015258789,16.690000534057617,15.84000015258789,16.350000381469727,15.84000015258789,875700,False
GGAL,2023-08-07,16.350000381469727,16.489999771118164,15.800000190734863,16.100000381469727,15.800000190734863,643800,False
GGAL,2023-08-08,15.90999984741211,16.989999771118164,15.850000381469727,16.729999542236328,15.850000381469727,830000,False
GGAL,2023-08-09,16.809999465942383,17.100000381469727,16.549999237060547,16.610000610351562,16.549999237060547,519100,False
GGAL,2023-08-10,16.719999313354492,17.520000457763672,16.600000381469727,17.209999084472656,16.600000381469727,943500,False
GGAL,2023-08-11,17.270000457763672,17.56999969482422,16.770000457763672,16.770000457763672,16.770000457763672,1278100,False
GGAL,2023-08-14,16.270000457763672,16.559999465942383,13.920000076293945,15.800000190734863,13.920000076293945,3228000,False
GGAL,2023-08-15,15.319999694824219,16.280000686645508,15.319999694824219,15.649999618530273,15.319999694824219,798000,False
GGAL,2023-08-16,15.619999885559082,16.579999923706055,15.399999618530273,15.949999809265137,15.399999618530273,2121500,False
GGAL,2023-08-17,16.030000686645508,16.299999237060547,15.15999984741211,15.319999694824219,15.15999984741211,866200,False
GGAL,2023-08-18,15.300000190734863,15.430000305175781,14.890000343322754,15.170000076293945,14.890000343322754,1066500,False
GGAL,2023-08-21,15.079999923706055,15.239999771118164,14.75,15.029999732971191,14.75,425700,False
GGAL,2023-08-22,15.229999542236328,15.800000190734863,14.949999809265137,15.539999961853027,14.949999809265137,597200,False
GGAL,2023-08-23,15.569999694824219,16.700000762939453,15.4399995803833,16.530000686645508,15.4399995803833,819900,False
GGAL,2023-08-24,16.6200008392334,16.799999237060547,15.800000190734863,15.859999656677246,15.800000190734863,755300,False
GGAL,2023-08-25,15.880000114440918,16.579999923706055,15.699999809265137,16.540000915527344,15.699999809265137,747800,False
GGAL,2023-08-28,16.940000534057617,17.81999969482422,16.59000015258789,17.809999465942383,16.59000015258789,1089000,False
GGAL,2023-08-29,17.899999618530273,18.639999389648438,17.649999618530273,18.25,17.649999618530273,971100,False
GGAL,2023-08-30,18.489999771118164,18.6200008392334,17.809999465942383,18.139999389648438,17.809999465942383,1040800,False
GGAL,2023-08-31,18.200000762939453,18.350000381469727,17.469999313354492,18.079999923706055,17.469999313354492,1046100,False
GGAL,2023-09-01,18.0,18.459999084472656,17.530000686645508,17.579999923706055,17.530000686645508,554700,False
GGAL,2023-09-05,17.420000076293945,17.6200008392334,16.739999771118164,16.809999465942383,16.739999771118164,1127500,False
GGAL,2023-09-06,16.989999771118164,17.420000076293945,16.399999618530273,16.56999969482422,16.399999618530273,472100,False
GGAL,2023-09-07,16.530000686645508,16.709999084472656,16.059999465942383,16.329999923706055,16.059999465942383,409400,False
GGAL,2023-09-08,16.440000534057617,17.0,15.680000305175781,15.859999656677246,15.680000305175781,999200,False
GGAL,2023-09-11,16.18000030517578,16.530000686645508,15.640000343322754,15.739999771118164,15.640000343322754,515700,False
GGAL,2023-09-12,15.710000038146973,16.290000915527344,15.4399995803833,15.970000267028809,15.4399995803833,593900,False
GGAL,2023-09-13,16.110000610351562,16.350000381469727,15.640000343322754,16.049999237060547,15.640000343322754,406700,False
GGAL,2023-09-14,16.219999313354492,16.479999542236328,15.850000381469727,16.229999542236328,15.850000381469727,437200,False
GGAL,2023-09-15,16.260000228881836,16.34000015258789,15.729999542236328,15.869999885559082,15.729999542236328,365800,False
GGAL,2023-09-18,15.880000114440918,16.350000381469727,15.699999809265137,16.309999465942383,15.699999809265137,362100,False
GGAL,2023-09-19,16.239999771118164,16.350000381469727,15.75,15.789999961853027,15.75,537900,False
GGAL,2023-09-20,15.899999618530273,16.209999084472656,15.279999732971191,15.3100004196167,15.279999732971191,533300,False
GGAL,2023-09-21,15.09000015258789,15.239999771118164,14.649999618530273,14.949999809265137,14.649999618530273,738400,False
GGAL,2023-09-22,14.979999542236328,15.180000305175781,14.619999885559082,14.640000343322754,14.619999885559082,449200,False
GGAL,2023-09-25,14.529999732971191,14.729999542236328,14.220000267028809,14.289999961853027,14.220000267028809,660700,False
GGAL,2023-09-26,14.170000076293945,14.40999984741211,13.800000190734863,13.84000015258789,13.800000190734863,717800,False
GGAL,2023-09-27,13.670000076293945,14.140000343322754,13.600000381469727,13.760000228881836,13.600000381469727,915900,False
GGAL,2023-09-28,13.800000190734863,14.0600004196167,13.699999809265137,13.869999885559082,13.699999809265137,542300,False
GGAL,2023-09-29,14.0600004196167,14.180000305175781,13.029999732971191,13.050000190734863,13.029999732971191,771700,False
GGAL,2023-10-02,12.979999542236328,13.029999732971191,12.550000190734863,12.649999618530273,12.550000190734863,1001000,False
GGAL,2023-10-03,12.579999923706055,12.760000228881836,12.069999694824219,12.119999885559082,12.069999694824219,1521100,False
GGAL,2023-10-04,12.130000114440918,12.300000190734863,11.729999542236328,12.270000457763672,11.729999542236328,837800,False
GGAL,2023-10-05,12.1899995803833,12.770000457763672,12.109999656677246,12.680000305175781,12.109999656677246,642400,False
GGAL,2023-10-06,12.529999732971191,13.010000228881836,12.319999694824219,12.770000457763672,12.319999694824219,903800,False
GGAL,2023-10-09,12.699999809265137,12.970000267028809,12.329999923706055,12.380000114440918,12.329999923706055,528500,False
GGAL,2023-10-10,12.380000114440918,12.640000343322754,11.850000381469727,12.029999732971191,11.850000381469727,1083800,False
GGAL,2023-10-11,12.109999656677246,12.479999542236328,12.109999656677246,12.399999618530273,12.109999656677246,818800,False
GGAL,2023-10-12,12.359999656677246,12.359999656677246,11.869999885559082,12.100000381469727,11.869999885559082,787200,False
GGAL,2023-10-13,12.149999618530273,12.300000190734863,11.890000343322754,11.930000305175781,11.890000343322754,500100,False
GGAL,2023-10-16,12.0,12.710000038146973,11.970000267028809,12.600000381469727,11.970000267028809,717400,False
GGAL,2023-10-17,12.460000038146973,12.75,12.15999984741211,12.489999771118164,12.15999984741211,736600,False
GGAL,2023-10-18,12.449999809265137,12.600000381469727,12.039999961853027,12.289999961853027,12.039999961853027,981800,False
GGAL,2023-10-19,12.140000343322754,12.210000038146973,11.479999542236328,11.670000076293945,11.479999542236328,1425900,False
GGAL,2023-10-20,11.640000343322754,11.890000343322754,10.920000076293945,11.329999923706055,10.920000076293945,2087800,False
GGAL,2023-10-23,10.579999923706055,11.760000228881836,10.569999694824219,11.479999542236328,10.569999694824219,2963200,False
GGAL,2023-10-24,11.65999984741211,11.699999809265137,10.960000038146973,11.069999694824219,10.960000038146973,1633700,False
GGAL,2023-10-25,11.109999656677246,12.050000190734863,11.0,11.84000015258789,11.0,1169200,False
GGAL,2023-10-26,11.800000190734863,12.0600004196167,11.279999732971191,11.930000305175781,11.279999732971191,530400,False
GGAL,2023-10-27,12.09000015258789,12.170000076293945,11.649999618530273,11.75,11.649999618530273,475700,False
GGAL,2023-10-30,11.880000114440918,11.9399995803833,10.9399995803833,11.130000114440918,10.9399995803833,834100,False
GGAL,2023-10-31,10.869999885559082,11.270000457763672,10.760000228881836,11.210000038146973,10.760000228881836,1107900,False
GGAL,2023-11-01,11.270000457763672,12.220000267028809,11.140000343322754,11.949999809265137,11.140000343322754,826100,False
GGAL,2023-11-02,12.210000038146973,12.449999809265137,12.020000457763672,12.3100004196167,12.020000457763672,599700,False
GGAL,2023-11-03,12.59000015258789,12.6899995803833,12.380000114440918,12.4399995803833,12.380000114440918,495700,False
GGAL,2023-11-06,12.600000381469727,12.600000381469727,11.979999542236328,12.039999961853027,11.979999542236328,299900,False
GGAL,2023-11-07,12.100000381469727,12.479999542236328,11.920000076293945,12.069999694824219,11.920000076293945,436400,False
GGAL,2023-11-08,12.100000381469727,12.149999618530273,11.649999618530273,11.720000267028809,11.649999618530273,349700,False
GGAL,2023-11-09,11.6899995803833,12.199999809265137,11.649999618530273,11.770000457763672,11.649999618530273,247200,False
GGAL,2023-11-10,11.920000076293945,12.40999984741211,11.699999809265137,11.779999732971191,11.699999809265137,417400,False
GGAL,2023-11-13,11.569999694824219,11.989999771118164,11.479999542236328,11.65999984741211,11.479999542236328,343600,False
GGAL,2023-11-14,11.970000267028809,12.100000381469727,11.710000038146973,11.960000038146973,11.710000038146973,541200,False
GGAL,2023-11-15,11.850000381469727,12.270000457763672,11.770000457763672,11.989999771118164,11.770000457763672,529400,False
GGAL,2023-11-16,11.949999809265137,12.25,11.680000305175781,11.869999885559082,11.680000305175781,887800,False
GGAL,2023-11-17,11.800000190734863,12.670000076293945,11.75,12.5,11.75,1071800,False
GGAL,2023-11-20,14.789999961853027,15.8100004196167,14.5,14.649999618530273,14.5,4653700,True
GGAL,2023-11-21,13.880000114440918,14.680000305175781,13.619999885559082,14.5600004196167,13.619999885559082,2257100,False
GGAL,2023-11-22,14.5,14.699999809265137,13.0600004196167,13.5,13.0600004196167,2274000,False
GGAL,2023-11-24,13.8100004196167,15.699999809265137,13.770000457763672,15.319999694824219,13.770000457763672,2110200,False
GGAL,2023-11-27,16.079999923706055,17.959999084472656,15.789999961853027,16.81999969482422,15.789999961853027,4987800,False
GGAL,2023-11-28,17.030000686645508,17.149999618530273,16.18000030517578,16.8799991607666,16.18000030517578,1763900,False
GGAL,2023-11-29,16.899999618530273,17.8799991607666,16.34000015258789,17.31999969482422,16.34000015258789,1343200,False
GGAL,2023-11-30,17.299999237060547,17.540000915527344,16.81999969482422,17.18000030517578,16.81999969482422,895700,False
GGAL,2023-12-01,17.100000381469727,17.1200008392334,16.559999465942383,16.93000030517578,16.559999465942383,985200,False
GGAL,2023-12-04,16.809999465942383,16.920000076293945,16.110000610351562,16.8799991607666,16.110000610351562,1134400,False
GGAL,2023-12-05,16.639999389648438,17.690000534057617,16.510000228881836,17.31999969482422,16.510000228881836,1701900,False
GGAL,2023-12-06,17.43000030517578,17.579999923706055,16.700000762939453,16.93000030517578,16.700000762939453,1070100,False
GGAL,2023-12-07,17.389999389648438,17.75,16.639999389648438,17.0,16.639999389648438,1097100,False
GGAL,2023-12-08,16.979999542236328,17.6200008392334,16.799999237060547,17.5,16.799999237060547,808300,False
GGAL,2023-12-11,16.989999771118164,17.530000686645508,16.540000915527344,17.469999313354492,16.540000915527344,1098200,False
GGAL,2023-12-12,17.479999542236328,17.860000610351562,16.81999969482422,17.280000686645508,16.81999969482422,1212300,False
GGAL,2023-12-13,16.700000762939453,17.8700008392334,16.0,17.860000610351562,16.0,2609700,False
GGAL,2023-12-14,18.09000015258789,18.420000076293945,17.139999389648438,17.329999923706055,17.139999389648438,1289100,False
GGAL,2023-12-15,17.25,17.469999313354492,16.389999389648438,16.450000762939453,16.389999389648438,1408000,False
GGAL,2023-12-18,16.719999313354492,17.139999389648438,16.559999465942383,17.010000228881836,16.559999465942383,716300,False
GGAL,2023-12-19,17.06999969482422,17.309999465942383,16.440000534057617,16.729999542236328,16.440000534057617,750400,False
GGAL,2023-12-20,16.940000534057617,17.989999771118164,16.579999923706055,17.510000228881836,16.579999923706055,1540700,False
GGAL,2023-12-21,18.219999313354492,19.1299991607666,17.3799991607666,17.770000457763672,17.3799991607666,2339100,False
GGAL,2023-12-22,17.690000534057617,18.729999542236328,17.399999618530273,18.200000762939453,17.399999618530273,1135500,False
GGAL,2023-12-26,18.209999084472656,18.6200008392334,17.700000762939453,17.81999969482422,17.700000762939453,848600,False
GGAL,2023-12-27,17.770000457763672,18.40999984741211,17.420000076293945,17.729999542236328,17.420000076293945,1119800,False
GGAL,2023-12-28,17.360000610351562,17.760000228881836,17.18000030517578,17.360000610351562,17.18000030517578,1139000,False
GGAL,2023-12-29,17.489999771118164,17.65999984741211,17.100000381469727,17.270000457763672,17.100000381469727,590800,False
GGAL,2024-01-02,17.149999618530273,17.309999465942383,16.709999084472656,16.959999084472656,16.709999084472656,984200,False
GGAL,2024-01-03,16.84000015258789,17.209999084472656,16.739999771118164,16.780000686645508,16.739999771118164,673700,False
GGAL,2024-01-04,16.860000610351562,17.049999237060547,16.18000030517578,16.239999771118164,16.18000030517578,921600,False
GGAL,2024-01-05,16.100000381469727,16.639999389648438,16.100000381469727,16.489999771118164,16.100000381469727,865900,False
GGAL,2024-01-08,16.639999389648438,16.639999389648438,16.100000381469727,16.600000381469727,16.100000381469727,469600,False
GGAL,2024-01-09,16.25,16.479999542236328,15.4399995803833,15.489999771118164,15.4399995803833,938700,False
GGAL,2024-01-10,15.4399995803833,16.1299991607666,15.34000015258789,16.09000015258789,15.34000015258789,859600,False
GGAL,2024-01-11,16.440000534057617,16.600000381469727,15.720000267028809,15.779999732971191,15.720000267028809,640700,False
GGAL,2024-01-12,15.829999923706055,16.280000686645508,15.829999923706055,15.979999542236328,15.829999923706055,558500,False
GGAL,2024-01-16,16.0,16.0,15.4399995803833,15.680000305175781,15.4399995803833,793100,False
GGAL,2024-01-17,15.399999618530273,16.270000457763672,15.319999694824219,16.260000228881836,15.319999694824219,1025400,False
GGAL,2024-01-18,16.329999923706055,16.709999084472656,15.739999771118164,16.670000076293945,15.739999771118164,1133600,False
GGAL,2024-01-19,16.719999313354492,17.270000457763672,16.649999618530273,17.190000534057617,16.649999618530273,1350600,False
GGAL,2024-01-22,17.270000457763672,18.5,17.270000457763672,18.18000030517578,17.270000457763672,2340700,False
GGAL,2024-01-23,18.299999237060547,18.520000457763672,17.81999969482422,18.389999389648438,17.81999969482422,1320300,False
GGAL,2024-01-24,18.739999771118164,19.3700008392334,18.59000015258789,19.0,18.59000015258789,1504600,False
GGAL,2024-01-25,19.0,20.31999969482422,18.989999771118164,20.31999969482422,18.989999771118164,1566100,False
GGAL,2024-01-26,20.989999771118164,21.309999465942383,20.149999618530273,21.280000686645508,20.149999618530273,1730500,False
GGAL,2024-01-29,20.450000762939453,21.360000610351562,20.139999389648438,21.280000686645508,20.139999389648438,2121700,False
GGAL,2024-01-30,21.5,21.979999542236328,21.149999618530273,21.5,21.149999618530273,1448100,False
GGAL,2024-01-31,21.420000076293945,22.260000228881836,21.18000030517578,21.610000610351562,21.18000030517578,1067800,False
GGAL,2024-02-01,21.770000457763672,22.049999237060547,21.3799991607666,21.829999923706055,21.3799991607666,845400,False
GGAL,2024-02-02,21.600000381469727,21.979999542236328,21.420000076293945,21.899999618530273,21.420000076293945,532600,False
GGAL,2024-02-05,21.809999465942383,21.950000762939453,20.469999313354492,20.770000457763672,20.469999313354492,988600,False
GGAL,2024-02-06,20.780000686645508,21.290000915527344,20.309999465942383,20.65999984741211,20.309999465942383,962200,False
GGAL,2024-02-07,19.59000015258789,19.93000030517578,18.829999923706055,19.31999969482422,18.829999923706055,1554500,False
GGAL,2024-02-08,19.209999084472656,19.610000610351562,18.06999969482422,18.149999618530273,18.06999969482422,1333900,False
GGAL,2024-02-09,18.200000762939453,19.049999237060547,18.020000457763672,19.0,18.020000457763672,1392300,False
GGAL,2024-02-12,18.959999084472656,19.3799991607666,18.959999084472656,19.25,18.959999084472656,390500,False
GGAL,2024-02-13,18.75,19.3700008392334,18.549999237060547,19.3700008392334,18.549999237060547,316900,False
GGAL,2024-02-14,19.34000015258789,20.170000076293945,19.34000015258789,19.850000381469727,19.34000015258789,676100,False
GGAL,2024-02-15,19.860000610351562,20.329999923706055,19.84000015258789,20.149999618530273,19.84000015258789,515100,False
GGAL,2024-02-16,20.09000015258789,20.889999389648438,20.049999237060547,20.559999465942383,20.049999237060547,528200,False
GGAL,2024-02-20,20.8799991607666,21.549999237060547,20.290000915527344,20.770000457763672,20.290000915527344,750500,False
GGAL,2024-02-21,20.690000534057617,20.860000610351562,20.350000381469727,20.780000686645508,20.350000381469727,516700,False
GGAL,2024-02-22,21.09000015258789,22.690000534057617,20.860000610351562,21.510000228881836,20.860000610351562,1397600,False
GGAL,2024-02-23,21.600000381469727,22.31999969482422,21.219999313354492,21.959999084472656,21.219999313354492,738400,False
GGAL,2024-02-26,21.8799991607666,22.969999313354492,21.860000610351562,22.68000030517578,21.860000610351562,1040500,False
GGAL,2024-02-27,22.350000381469727,23.290000915527344,21.510000228881836,21.610000610351562,21.510000228881836,1086500,False
GGAL,2024-02-28,21.559999465942383,22.170000076293945,21.229999542236328,21.739999771118164,21.229999542236328,659500,False
GGAL,2024-02-29,22.43000030517578,23.450000762939453,21.389999389648438,22.010000228881836,21.389999389648438,1864300,False
GGAL,2024-03-01,22.100000381469727,22.440000534057617,21.270000457763672,22.290000915527344,21.270000457763672,903700,False
GGAL,2024-03-04,23.139999389648438,23.709999084472656,21.649999618530273,21.709999084472656,21.649999618530273,1403600,False
GGAL,2024-03-05,21.479999542236328,22.25,20.979999542236328,21.139999389648438,20.979999542236328,701300,False
GGAL,2024-03-06,21.760000228881836,23.229999542236328,21.350000381469727,22.860000610351562,21.350000381469727,1139100,False
GGAL,2024-03-07,23.18000030517578,23.34000015258789,22.540000915527344,22.920000076293945,22.540000915527344,975600,False
GGAL,2024-03-08,22.889999389648438,23.190000534057617,22.3700008392334,22.59000015258789,22.3700008392334,411400,False
GGAL,2024-03-11,22.979999542236328,23.209999084472656,21.600000381469727,21.780000686645508,21.600000381469727,511500,False
GGAL,2024-03-12,21.799999237060547,23.010000228881836,21.760000228881836,22.790000915527344,21.760000228881836,665900,False
GGAL,2024-03-13,23.0,24.479999542236328,22.93000030517578,24.299999237060547,22.93000030517578,1125300,False
GGAL,2024-03-14,24.399999618530273,24.690000534057617,23.139999389648438,23.360000610351562,23.139999389648438,1048200,False
GGAL,2024-03-15,23.1200008392334,24.030000686645508,22.90999984741211,23.84000015258789,22.90999984741211,674900,False
GGAL,2024-03-18,23.940000534057617,24.81999969482422,23.420000076293945,24.780000686645508,23.420000076293945,815700,False
GGAL,2024-03-19,24.829999923706055,25.600000381469727,23.8799991607666,24.3700008392334,23.8799991607666,1062700,False
GGAL,2024-03-20,24.299999237060547,25.389999389648438,24.1299991607666,25.34000015258789,24.1299991607666,796500,False
GGAL,2024-03-21,25.600000381469727,26.1200008392334,24.75,25.959999084472656,24.75,1100600,False
GGAL,2024-03-22,26.1200008392334,26.520000457763672,25.579999923706055,26.079999923706055,25.579999923706055,969700,False
GGAL,2024-03-25,25.989999771118164,27.200000762939453,25.829999923706055,26.149999618530273,25.829999923706055,914000,False
GGAL,2024-03-26,26.40999984741211,26.56999969482422,25.520000457763672,25.65999984741211,25.520000457763672,795100,False
GGAL,2024-03-27,25.799999237060547,26.170000076293945,25.31999969482422,26.149999618530273,25.31999969482422,466500,False
GGAL,2024-03-28,26.1200008392334,26.639999389648438,25.270000457763672,25.420000076293945,25.270000457763672,492800,False
GGAL,2024-04-01,25.459999084472656,26.010000228881836,25.219999313354492,25.790000915527344,25.219999313354492,270500,False
GGAL,2024-04-02,25.350000381469727,25.829999923706055,24.65999984741211,24.920000076293945,24.65999984741211,405500,False
GGAL,2024-04-03,24.790000915527344,26.229999542236328,24.719999313354492,26.100000381469727,24.719999313354492,906100,False
GGAL,2024-04-04,26.209999084472656,26.610000610351562,25.65999984741211,25.799999237060547,25.65999984741211,828600,False
GGAL,2024-04-05,26.079999923706055,27.3700008392334,25.799999237060547,27.3700008392334,25.799999237060547,679500,False
GGAL,2024-04-08,27.489999771118164,28.719999313354492,27.329999923706055,27.729999542236328,27.329999923706055,1590700,False
GGAL,2024-04-09,29.0,30.15999984741211,27.989999771118164,28.65999984741211,27.989999771118164,3765100,False
GGAL,2024-04-10,28.639999389648438,29.260000228881836,28.09000015258789,28.850000381469727,28.09000015258789,1669000,False
GGAL,2024-04-11,29.010000228881836,29.850000381469727,28.68000030517578,29.770000457763672,28.68000030517578,1529300,False
GGAL,2024-04-12,30.0,30.280000686645508,29.229999542236328,29.610000610351562,29.229999542236328,1531200,False
GGAL,2024-04-15,29.6200008392334,30.100000381469727,27.520000457763672,27.600000381469727,27.520000457763672,1574100,False
GGAL,2024-04-16,27.389999389648438,28.020000457763672,26.6299991607666,27.770000457763672,26.6299991607666,1220300,False
GGAL,2024-04-17,28.489999771118164,28.56999969482422,27.190000534057617,27.68000030517578,27.190000534057617,765600,False
GGAL,2024-04-18,27.450000762939453,28.459999084472656,27.450000762939453,28.030000686645508,27.450000762939453,617600,False
GGAL,2024-04-19,28.170000076293945,29.020000457763672,27.989999771118164,28.459999084472656,27.989999771118164,863700,False
GGAL,2024-04-22,28.760000228881836,31.219999313354492,28.170000076293945,31.020000457763672,28.170000076293945,1323900,False
GGAL,2024-04-23,30.84000015258789,31.850000381469727,30.389999389648438,30.530000686645508,30.389999389648438,857500,False
GGAL,2024-04-24,30.770000457763672,30.770000457763672,29.0,29.06999969482422,29.0,937700,False
GGAL,2024-04-25,28.899999618530273,30.1299991607666,28.31999969482422,29.489999771118164,28.31999969482422,712500,False
GGAL,2024-04-26,30.0,30.700000762939453,29.350000381469727,30.700000762939453,29.350000381469727,967900,False
GGAL,2024-04-29,30.649999618530273,31.68000030517578,30.280000686645508,31.260000228881836,30.280000686645508,554700,False
GGAL,2024-04-30,31.649999618530273,33.59000015258789,31.399999618530273,32.43000030517578,31.399999618530273,2044800,False
GGAL,2024-05-01,32.11000061035156,32.900001525878906,31.020000457763672,32.369998931884766,31.020000457763672,532500,False
GGAL,2024-05-02,32.900001525878906,32.900001525878906,31.649999618530273,31.889999389648438,31.649999618530273,873200,False
GGAL,2024-05-03,32.060001373291016,34.45000076293945,32.060001373291016,34.31999969482422,32.060001373291016,1481700,False
GGAL,2024-05-06,34.790000915527344,36.869998931884766,34.75,36.79999923706055,34.75,2109300,False
GGAL,2024-05-07,37.0099983215332,37.75,35.150001525878906,35.650001525878906,35.150001525878906,1382200,False
GGAL,2024-05-08,36.380001068115234,37.290000915527344,35.4900016784668,36.04999923706055,35.4900016784668,1332700,False
GGAL,2024-05-09,35.68000030517578,36.290000915527344,34.630001068115234,35.5099983215332,34.630001068115234,625300,False
GGAL,2024-05-10,35.790000915527344,36.25,34.900001525878906,34.970001220703125,34.900001525878906,660500,False
GGAL,2024-05-13,36.2400016784668,36.2400016784668,34.220001220703125,34.650001525878906,34.220001220703125,754000,False
GGAL,2024-05-14,34.5,35.86000061035156,34.040000915527344,35.470001220703125,34.040000915527344,815000,False
GGAL,2024-05-15,35.59000015258789,37.099998474121094,35.5099983215332,36.84000015258789,35.5099983215332,656000,False
GGAL,2024-05-16,36.58000183105469,36.900001525878906,35.849998474121094,36.61000061035156,35.849998474121094,509200,False
GGAL,2024-05-17,36.900001525878906,37.34000015258789,36.369998931884766,36.66999816894531,36.369998931884766,555300,False
GGAL,2024-05-20,36.66999816894531,37.83000183105469,35.9900016784668,37.279998779296875,35.9900016784668,870300,False
GGAL,2024-05-21,36.93000030517578,37.61000061035156,35.599998474121094,36.18000030517578,35.599998474121094,916200,False
GGAL,2024-05-22,35.5,36.0,33.27000045776367,33.58000183105469,33.27000045776367,1464500,False
GGAL,2024-05-23,33.0,33.38999938964844,30.770000457763672,30.989999771118164,30.770000457763672,2206400,False
GGAL,2024-05-24,31.100000381469727,33.130001068115234,30.540000915527344,32.470001220703125,30.540000915527344,1204600,False
GGAL,2024-05-28,32.97999954223633,33.97999954223633,32.68000030517578,33.06999969482422,32.68000030517578,1135100,False
GGAL,2024-05-29,32.599998474121094,34.2400016784668,32.41999816894531,34.16999816894531,32.41999816894531,662800,False
GGAL,2024-05-30,34.5,37.29999923706055,34.5,36.880001068115234,34.5,1647600,False
GGAL,2024-05-31,37.20000076293945,37.2400016784668,34.90999984741211,35.849998474121094,34.90999984741211,1388500,False
GGAL,2024-06-03,36.04999923706055,36.22999954223633,35.0099983215332,35.599998474121094,35.0099983215332,850300,False
GGAL,2024-06-04,34.5099983215332,35.04999923706055,32.5099983215332,33.2400016784668,32.5099983215332,1396300,False
GGAL,2024-06-05,33.29999923706055,33.810001373291016,31.399999618530273,33.25,31.399999618530273,1435000,False
GGAL,2024-06-06,33.27000045776367,33.27000045776367,31.479999542236328,31.510000228881836,31.479999542236328,708600,False
GGAL,2024-06-07,30.809999465942383,32.61000061035156,30.75,31.670000076293945,30.75,728800,False
GGAL,2024-06-10,31.34000015258789,33.31999969482422,30.420000076293945,33.060001373291016,30.420000076293945,796700,False
GGAL,2024-06-11,32.84000015258789,33.20000076293945,32.029998779296875,32.13999938964844,32.029998779296875,788700,False
GGAL,2024-06-12,33.61000061035156,34.900001525878906,31.950000762939453,33.939998626708984,31.950000762939453,756300,False
GGAL,2024-06-13,35.5,36.689998626708984,33.68000030517578,35.20000076293945,33.68000030517578,2514200,False
GGAL,2024-06-14,34.63999938964844,35.47999954223633,34.0,34.790000915527344,34.0,511300,False
GGAL,2024-06-17,34.63999938964844,35.63999938964844,33.77000045776367,34.06999969482422,33.77000045776367,495600,False
GGAL,2024-06-18,33.970001220703125,35.619998931884766,33.599998474121094,34.83000183105469,33.599998474121094,703000,False
GGAL,2024-06-20,34.40999984741211,35.2400016784668,31.850000381469727,33.0,31.850000381469727,1751500,False
GGAL,2024-06-21,31.799999237060547,32.65999984741211,31.219999313354492,32.060001373291016,31.219999313354492,1456300,False
GGAL,2024-06-24,32.59000015258789,32.68000030517578,31.239999771118164,32.20000076293945,31.239999771118164,952400,False
GGAL,2024-06-25,32.099998474121094,33.18000030517578,31.90999984741211,32.63999938964844,31.90999984741211,772800,False
GGAL,2024-06-26,32.59000015258789,32.880001068115234,30.799999237060547,30.8700008392334,30.799999237060547,1262500,False
GGAL,2024-06-27,30.690000534057617,31.790000915527344,30.1200008392334,31.639999389648438,30.1200008392334,1601000,False
GGAL,2024-06-28,31.809999465942383,31.979999542236328,30.31999969482422,30.559999465942383,30.31999969482422,1284500,False
GGAL,2024-07-01,30.780000686645508,30.799999237060547,27.6200008392334,27.670000076293945,27.6200008392334,2387300,False
GGAL,2024-07-02,27.15999984741211,28.34000015258789,27.15999984741211,28.110000610351562,27.15999984741211,1732200,False
GGAL,2024-07-03,28.299999237060547,29.0,27.610000610351562,28.5,27.610000610351562,695800,False
GGAL,2024-07-05,28.190000534057617,28.739999771118164,27.610000610351562,28.459999084472656,27.610000610351562,799000,False
GGAL,2024-07-08,28.110000610351562,28.889999389648438,27.899999618530273,28.530000686645508,27.899999618530273,577200,False
GGAL,2024-07-09,28.719999313354492,29.469999313354492,28.540000915527344,28.829999923706055,28.540000915527344,394200,False
GGAL,2024-07-10,28.65999984741211,29.790000915527344,28.65999984741211,29.510000228881836,28.65999984741211,499900,False
GGAL,2024-07-11,29.860000610351562,29.979999542236328,28.979999542236328,29.0,28.979999542236328,477300,False
GGAL,2024-07-12,29.100000381469727,29.100000381469727,28.309999465942383,28.65999984741211,28.309999465942383,456600,False
GGAL,2024-07-15,29.059999465942383,29.34000015258789,27.31999969482422,27.420000076293945,27.31999969482422,710000,False
GGAL,2024-07-16,27.520000457763672,28.790000915527344,27.09000015258789,28.610000610351562,27.09000015258789,898600,False
GGAL,2024-07-17,28.389999389648438,28.6200008392334,27.1299991607666,27.459999084472656,27.1299991607666,705200,False
GGAL,2024-07-18,27.270000457763672,27.969999313354492,26.719999313354492,27.5,26.719999313354492,552300,False
GGAL,2024-07-19,27.780000686645508,29.3700008392334,27.510000228881836,28.209999084472656,27.510000228881836,958200,False
GGAL,2024-07-22,28.280000686645508,28.729999542236328,27.93000030517578,28.280000686645508,27.93000030517578,350100,False
GGAL,2024-07-23,28.200000762939453,29.5,28.200000762939453,29.5,28.200000762939453,848500,False
GGAL,2024-07-24,29.450000762939453,29.90999984741211,28.510000228881836,28.68000030517578,28.510000228881836,556300,False
GGAL,2024-07-25,28.6200008392334,29.0,27.920000076293945,28.3700008392334,27.920000076293945,660700,False
GGAL,2024-07-26,27.84000015258789,28.700000762939453,27.760000228881836,28.329999923706055,27.760000228881836,308200,False
GGAL,2024-07-29,28.329999923706055,28.329999923706055,27.219999313354492,27.59000015258789,27.219999313354492,628500,False
GGAL,2024-07-30,27.540000915527344,27.969999313354492,26.969999313354492,27.020000457763672,26.969999313354492,662800,False
GGAL,2024-07-31,27.6200008392334,29.5,27.40999984741211,28.969999313354492,27.40999984741211,1198800,False
GGAL,2024-08-01,29.049999237060547,29.420000076293945,27.989999771118164,28.3700008392334,27.989999771118164,728000,False
GGAL,2024-08-02,27.610000610351562,27.649999618530273,26.5,26.649999618530273,26.5,868800,False
GGAL,2024-08-05,24.0,27.059999465942383,23.530000686645508,26.610000610351562,24.726703643798828,988600,False
GGAL,2024-08-06,26.889999389648438,28.399999618530273,26.329999923706055,28.049999237060547,26.329999923706055,853700,False
GGAL,2024-08-07,28.5,29.079999923706055,28.170000076293945,28.670000076293945,28.170000076293945,1362400,False
GGAL,2024-08-08,29.299999237060547,32.779998779296875,29.0,32.77000045776367,30.45073699951172,2498000,True
GGAL,2024-08-09,32.630001068115234,34.25,32.25,34.2400016784668,32.25,1686000,False
GGAL,2024-08-12,34.2599983215332,35.04999923706055,33.72999954223633,34.2400016784668,33.72999954223633,837100,False
GGAL,2024-08-13,34.619998931884766,34.619998931884766,33.58000183105469,34.40999984741211,33.58000183105469,788300,False
GGAL,2024-08-14,34.029998779296875,36.630001068115234,34.02000045776367,35.439998626708984,34.02000045776367,1842200,False
GGAL,2024-08-15,35.54999923706055,36.279998779296875,35.18000030517578,35.4900016784668,35.18000030517578,1192600,False
GGAL,2024-08-16,35.4900016784668,36.459999084472656,34.9900016784668,35.16999816894531,34.9900016784668,813600,False
GGAL,2024-08-19,34.459999084472656,35.66999816894531,33.959999084472656,34.63999938964844,33.959999084472656,1217100,False
GGAL,2024-08-20,34.900001525878906,35.45000076293945,34.2400016784668,34.7599983215332,34.2400016784668,851800,False
GGAL,2024-08-21,34.5099983215332,35.0,33.7599983215332,33.869998931884766,33.7599983215332,599200,False
GGAL,2024-08-22,33.63999938964844,33.95000076293945,32.52000045776367,33.119998931884766,32.52000045776367,896700,False
GGAL,2024-08-23,33.43000030517578,34.75,33.119998931884766,34.68000030517578,33.119998931884766,962400,False
GGAL,2024-08-26,35.0,35.40999984741211,33.5,33.790000915527344,33.5,706000,False
GGAL,2024-08-27,33.70000076293945,35.11000061035156,33.040000915527344,34.939998626708984,33.15053176879883,765800,False
GGAL,2024-08-28,34.65999984741211,35.27000045776367,34.279998779296875,35.189998626708984,34.279998779296875,727600,False
GGAL,2024-08-29,34.7599983215332,37.779998779296875,34.7599983215332,37.68000030517578,35.75019454956055,1716600,False
GGAL,2024-08-30,38.38999938964844,41.33000183105469,38.38999938964844,39.16999816894531,38.38999938964844,3197800,False
GGAL,2024-09-03,39.68000030517578,41.22999954223633,38.66999816894531,40.290000915527344,38.66999816894531,1601800,False
GGAL,2024-09-04,40.33000183105469,42.5,40.279998779296875,42.2400016784668,40.279998779296875,3046700,False
GGAL,2024-09-05,42.2599983215332,43.18000030517578,41.59000015258789,41.9900016784668,41.59000015258789,1299500,False
GGAL,2024-09-06,41.369998931884766,42.38999938964844,40.43000030517578,41.08000183105469,40.43000030517578,949900,False
GGAL,2024-09-09,41.9900016784668,42.86000061035156,40.959999084472656,42.290000915527344,40.959999084472656,1013200,False
GGAL,2024-09-10,42.45000076293945,42.47999954223633,40.029998779296875,41.54999923706055,40.029998779296875,719500,False
GGAL,2024-09-11,41.20000076293945,43.88999938964844,41.02000045776367,43.15999984741211,41.02000045776367,1011800,False
GGAL,2024-09-12,43.25,43.93000030517578,42.849998474121094,43.47999954223633,42.849998474121094,826200,False
GGAL,2024-09-13,43.779998779296875,45.13999938964844,43.63999938964844,45.060001373291016,43.63999938964844,1253300,False
GGAL,2024-09-16,45.099998474121094,46.93000030517578,44.209999084472656,44.33000183105469,44.209999084472656,1520300,False
GGAL,2024-09-17,44.43000030517578,45.459999084472656,43.290000915527344,45.13999938964844,43.290000915527344,1033900,False
GGAL,2024-09-18,45.4900016784668,46.4900016784668,44.58000183105469,46.130001068115234,44.58000183105469,953700,False
GGAL,2024-09-19,46.36000061035156,47.70000076293945,46.2599983215332,47.099998474121094,46.2599983215332,1088600,False
GGAL,2024-09-20,46.619998931884766,47.0,45.84000015258789,46.630001068115234,45.84000015258789,822100,False
GGAL,2024-09-23,47.38999938964844,47.38999938964844,45.11000061035156,45.630001068115234,45.11000061035156,796200,False
GGAL,2024-09-24,45.75,45.970001220703125,44.310001373291016,44.36000061035156,44.310001373291016,749700,False
GGAL,2024-09-25,44.400001525878906,44.61000061035156,43.099998474121094,43.130001068115234,43.099998474121094,906300,False
GGAL,2024-09-26,43.650001525878906,44.18000030517578,42.54999923706055,43.209999084472656,42.54999923706055,601400,False
GGAL,2024-09-27,43.31999969482422,43.869998931884766,42.79999923706055,43.779998779296875,42.79999923706055,450800,False
GGAL,2024-09-30,43.7400016784668,43.7599983215332,41.54999923706055,42.09000015258789,41.54999923706055,1013800,False
GGAL,2024-10-01,41.900001525878906,43.220001220703125,41.130001068115234,42.40999984741211,41.130001068115234,757400,False
GGAL,2024-10-02,41.970001220703125,42.400001525878906,41.13999938964844,41.939998626708984,41.13999938964844,506700,False
GGAL,2024-10-03,41.79999923706055,43.630001068115234,41.349998474121094,43.40999984741211,41.349998474121094,858200,False
GGAL,2024-10-04,43.63999938964844,44.029998779296875,43.02000045776367,43.4900016784668,43.02000045776367,589400,False
GGAL,2024-10-07,43.15999984741211,43.310001373291016,41.90999984741211,42.52000045776367,41.90999984741211,637200,False
GGAL,2024-10-08,42.619998931884766,44.22999954223633,42.529998779296875,44.18000030517578,42.529998779296875,634600,False
GGAL,2024-10-09,43.65999984741211,46.599998474121094,43.5,46.58000183105469,44.19438552856445,1496200,False
GGAL,2024-10-10,46.630001068115234,48.349998474121094,46.119998931884766,47.939998626708984,46.119998931884766,1495300,False
GGAL,2024-10-11,47.939998626708984,49.81999969482422,47.43000030517578,49.77000045776367,47.43000030517578,973600,False
GGAL,2024-10-14,50.0,51.0,48.65999984741211,49.439998626708984,48.65999984741211,1156800,False
GGAL,2024-10-15,49.619998931884766,50.290000915527344,48.83000183105469,49.650001525878906,48.83000183105469,1183700,False
GGAL,2024-10-16,50.15999984741211,51.02000045776367,48.5,48.84000015258789,48.5,1147900,False
GGAL,2024-10-17,48.84000015258789,49.790000915527344,48.040000915527344,48.81999969482422,48.040000915527344,748200,False
GGAL,2024-10-18,49.060001373291016,50.650001525878906,48.20000076293945,50.619998931884766,48.20000076293945,774300,False
GGAL,2024-10-21,50.099998474121094,50.970001220703125,49.36000061035156,50.630001068115234,49.36000061035156,913400,False
GGAL,2024-10-22,50.599998474121094,51.09000015258789,50.18000030517578,50.540000915527344,50.18000030517578,499900,False
GGAL,2024-10-23,50.13999938964844,50.65999984741211,48.91999816894531,49.77000045776367,48.91999816894531,583100,False
GGAL,2024-10-24,50.029998779296875,53.15999984741211,49.97999954223633,52.93000030517578,50.21916580200195,1129000,False
GGAL,2024-10-25,53.29999923706055,54.29999923706055,52.72999954223633,53.88999938964844,52.72999954223633,825300,False
GGAL,2024-10-28,54.279998779296875,55.61000061035156,53.880001068115234,54.11000061035156,53.880001068115234,930700,False
GGAL,2024-10-29,54.11000061035156,55.15999984741211,53.16999816894531,53.529998779296875,53.16999816894531,727900,False
GGAL,2024-10-30,53.5099983215332,53.97999954223633,51.65999984741211,52.2599983215332,51.65999984741211,745800,False
GGAL,2024-10-31,51.709999084472656,53.31999969482422,51.36000061035156,52.720001220703125,51.36000061035156,906400,False
GGAL,2024-11-01,52.79999923706055,54.470001220703125,51.77000045776367,51.93000030517578,51.77000045776367,890400,False
GGAL,2024-11-04,51.5,53.15999984741211,51.29999923706055,51.75,51.29999923706055,524500,False
GGAL,2024-11-05,51.939998626708984,53.119998931884766,50.209999084472656,51.790000915527344,50.209999084472656,961700,False
GGAL,2024-11-06,52.290000915527344,57.2400016784668,52.04999923706055,54.939998626708984,52.1262092590332,2362300,False
GGAL,2024-11-07,55.290000915527344,56.06999969482422,54.310001373291016,54.7599983215332,54.310001373291016,676000,False
GGAL,2024-11-08,55.0,56.150001525878906,53.20000076293945,53.81999969482422,53.20000076293945,743700,False
GGAL,2024-11-11,54.119998931884766,54.36000061035156,52.119998931884766,53.810001373291016,52.119998931884766,640100,False
GGAL,2024-11-12,53.81999969482422,55.11000061035156,53.06999969482422,54.75,53.06999969482422,904000,False
GGAL,2024-11-13,55.04999923706055,55.4900016784668,54.2599983215332,55.029998779296875,54.2599983215332,864900,False
GGAL,2024-11-14,55.0099983215332,55.77000045776367,54.349998474121094,54.709999084472656,54.349998474121094,1112100,False
GGAL,2024-11-15,55.099998474121094,57.54999923706055,54.540000915527344,56.290000915527344,54.540000915527344,2022800,False
GGAL,2024-11-18,56.79999923706055,59.790000915527344,56.130001068115234,59.15999984741211,56.13008499145508,1591200,False
GGAL,2024-11-19,58.599998474121094,58.75,56.15999984741211,57.029998779296875,56.15999984741211,1110100,False
GGAL,2024-11-20,57.72999954223633,58.119998931884766,55.84000015258789,57.65999984741211,55.84000015258789,980200,False
GGAL,2024-11-21,57.720001220703125,58.08000183105469,55.119998931884766,55.93000030517578,55.119998931884766,1425200,False
GGAL,2024-11-22,55.790000915527344,56.709999084472656,54.22999954223633,55.47999954223633,54.22999954223633,1357800,False
GGAL,2024-11-25,56.0,57.0,54.380001068115234,55.5099983215332,54.380001068115234,1491500,False
GGAL,2024-11-26,56.11000061035156,58.189998626708984,55.380001068115234,56.72999954223633,55.380001068115234,1012700,False
GGAL,2024-11-27,57.349998474121094,57.79999923706055,55.560001373291016,56.11000061035156,55.560001373291016,863300,False
GGAL,2024-11-29,55.88999938964844,57.11000061035156,55.150001525878906,56.439998626708984,55.150001525878906,480100,False
GGAL,2024-12-02,56.630001068115234,60.380001068115234,56.18000030517578,59.22999954223633,56.19649887084961,1435100,False
GGAL,2024-12-03,60.04999923706055,60.58000183105469,58.060001373291016,58.11000061035156,58.060001373291016,1085200,False
GGAL,2024-12-04,58.41999816894531,58.4900016784668,55.959999084472656,56.119998931884766,55.959999084472656,1304300,False
GGAL,2024-12-05,56.279998779296875,58.41999816894531,56.04999923706055,58.22999954223633,56.04999923706055,685100,False
GGAL,2024-12-06,57.56999969482422,59.25,57.369998931884766,58.91999816894531,57.369998931884766,638900,False
GGAL,2024-12-09,59.5,61.08000183105469,58.0,58.279998779296875,58.0,756300,False
GGAL,2024-12-10,58.59000015258789,59.75,56.7400016784668,57.95000076293945,56.7400016784668,1307900,False
GGAL,2024-12-11,58.290000915527344,62.11000061035156,56.79999923706055,61.77000045776367,58.606414794921875,1916400,False
GGAL,2024-12-12,61.7599983215332,62.25,60.619998931884766,61.58000183105469,60.619998931884766,1197500,False
GGAL,2024-12-13,61.599998474121094,63.150001525878906,61.02000045776367,62.31999969482422,61.02000045776367,1102400,False
GGAL,2024-12-16,63.5,69.29000091552734,63.380001068115234,67.76000213623047,64.28964233398438,2882100,False
GGAL,2024-12-17,69.2300033569336,70.30000305175781,67.04000091552734,68.72000122070312,67.04000091552734,1766600,False
GGAL,2024-12-18,69.73999786376953,70.05999755859375,63.150001525878906,63.33000183105469,63.150001525878906,1779800,False
GGAL,2024-12-19,64.77999877929688,65.69999694824219,61.2599983215332,61.29999923706055,61.2599983215332,1747300,False
GGAL,2024-12-20,61.0,63.75,59.58000183105469,63.59000015258789,60.33320999145508,1534300,False
GGAL,2024-12-23,64.5999984741211,65.31999969482422,61.90999984741211,63.11000061035156,61.90999984741211,711000,False
GGAL,2024-12-24,63.540000915527344,64.9000015258789,63.369998931884766,64.87000274658203,63.369998931884766,295400,False
GGAL,2024-12-26,64.45999908447266,65.97000122070312,64.20999908447266,64.72000122070312,64.20999908447266,477700,False
GGAL,2024-12-27,64.72000122070312,64.9800033569336,63.20000076293945,64.30000305175781,63.20000076293945,519800,False
GGAL,2024-12-30,63.369998931884766,63.88999938964844,62.029998779296875,62.81999969482422,62.029998779296875,580400,False
GGAL,2024-12-31,62.83000183105469,63.56999969482422,62.209999084472656,62.31999969482422,62.209999084472656,338400,False
GGAL,2025-01-02,62.52000045776367,69.0,62.52000045776367,68.80000305175781,65.27637481689453,1370300,False
GGAL,2025-01-03,69.80000305175781,70.98999786376953,67.33999633789062,70.12000274658203,67.33999633789062,1170800,False
GGAL,2025-01-06,72.5,73.94999694824219,70.86000061035156,71.11000061035156,70.86000061035156,1453900,False
GGAL,2025-01-07,72.38999938964844,74.0,71.0,72.22000122070312,71.0,1133500,False
GGAL,2025-01-08,71.91000366210938,73.0199966430664,69.69000244140625,71.0,69.69000244140625,929600,False
GGAL,2025-01-10,72.0,73.25,69.25,72.05999755859375,69.25,1484700,False
GGAL,2025-01-13,71.80000305175781,71.80000305175781,67.23999786376953,68.05999755859375,67.23999786376953,1191300,False
GGAL,2025-01-14,69.02999877929688,71.77999877929688,68.44999694824219,70.43000030517578,68.44999694824219,1166000,False
GGAL,2025-01-15,72.51000213623047,72.51000213623047,70.0999984741211,71.62999725341797,70.0999984741211,1200900,False
GGAL,2025-01-16,71.69000244140625,71.77999877929688,69.25,69.9000015258789,69.25,997400,False
GGAL,2025-01-17,69.86000061035156,70.4000015258789,65.62999725341797,67.06999969482422,65.62999725341797,1614400,False
GGAL,2025-01-21,67.0,70.37999725341797,66.08999633789062,70.16000366210938,66.56672668457031,1450900,False
GGAL,2025-01-22,70.4000015258789,71.5,68.69000244140625,70.86000061035156,68.69000244140625,956300,False
GGAL,2025-01-23,70.8499984741211,70.97000122070312,68.81999969482422,68.9000015258789,68.81999969482422,1028200,False
GGAL,2025-01-24,69.1500015258789,71.2300033569336,66.75,68.2300033569336,66.75,988700,False
GGAL,2025-01-27,67.30999755859375,67.47000122070312,63.04999923706055,64.7699966430664,63.04999923706055,1710900,False
GGAL,2025-01-28,65.2699966430664,65.94999694824219,63.0099983215332,65.9000015258789,63.0099983215332,882200,False
GGAL,2025-01-29,65.9800033569336,68.47000122070312,64.79000091552734,68.37999725341797,64.87787628173828,735000,False
GGAL,2025-01-30,69.31999969482422,71.13999938964844,68.19999694824219,69.30000305175781,68.19999694824219,1030100,False
GGAL,2025-01-31,69.13999938964844,69.83000183105469,67.4000015258789,67.4800033569336,67.4000015258789,1018800,False
GGAL,2025-02-03,65.75,66.83999633789062,64.66999816894531,65.18000030517578,64.66999816894531,835400,False
GGAL,2025-02-04,65.18000030517578,67.22000122070312,65.18000030517578,65.41999816894531,65.18000030517578,498500,False
GGAL,2025-02-05,64.95999908447266,65.55000305175781,63.5099983215332,63.70000076293945,63.5099983215332,569200,False
GGAL,2025-02-06,64.41000366210938,66.87999725341797,64.41000366210938,66.6500015258789,64.41000366210938,808100,False
GGAL,2025-02-07,66.83999633789062,67.54000091552734,62.70000076293945,63.59000015258789,62.70000076293945,914700,False
GGAL,2025-02-10,62.70000076293945,65.47000122070312,62.70000076293945,63.040000915527344,62.70000076293945,924900,False
GGAL,2025-02-11,61.75,62.20000076293945,57.900001525878906,58.61000061035156,57.900001525878906,2373600,False
GGAL,2025-02-12,57.5,59.970001220703125,57.5,58.09000015258789,57.5,1112000,False
GGAL,2025-02-13,59.0099983215332,59.56999969482422,57.29999923706055,59.040000915527344,57.29999923706055,1004600,False
GGAL,2025-02-14,60.040000915527344,60.16999816894531,58.13999938964844,58.79999923706055,58.13999938964844,905200,False
GGAL,2025-02-18,56.09000015258789,60.470001220703125,55.84000015258789,59.2400016784668,56.205989837646484,1758800,False
GGAL,2025-02-19,59.560001373291016,61.029998779296875,58.72999954223633,59.54999923706055,58.72999954223633,1083100,False
GGAL,2025-02-20,60.189998626708984,61.369998931884766,58.709999084472656,61.04999923706055,58.709999084472656,884400,False
GGAL,2025-02-21,61.470001220703125,62.439998626708984,58.439998626708984,58.91999816894531,58.439998626708984,1215500,False
GGAL,2025-02-24,59.209999084472656,60.279998779296875,57.060001373291016,58.13999938964844,57.060001373291016,1036700,False
GGAL,2025-02-25,58.36000061035156,59.20000076293945,55.93000030517578,57.650001525878906,55.93000030517578,914400,False
GGAL,2025-02-26,57.70000076293945,59.970001220703125,57.040000915527344,59.099998474121094,57.040000915527344,696900,False
GGAL,2025-02-27,59.5099983215332,59.7599983215332,54.88999938964844,55.5,54.88999938964844,1520400,False
GGAL,2025-02-28,54.79999923706055,57.709999084472656,54.47999954223633,57.220001220703125,54.47999954223633,1456500,False
GGAL,2025-03-03,59.0099983215332,60.81999969482422,56.040000915527344,56.560001373291016,56.040000915527344,1011300,False
GGAL,2025-03-04,55.369998931884766,56.9900016784668,53.380001068115234,55.79999923706055,53.380001068115234,890100,False
GGAL,2025-03-05,56.619998931884766,58.58000183105469,55.560001373291016,58.349998474121094,55.560001373291016,841400,False
GGAL,2025-03-06,57.90999984741211,59.41999816894531,56.4900016784668,56.81999969482422,56.4900016784668,821100,False
GGAL,2025-03-07,58.40999984741211,59.61000061035156,55.880001068115234,57.630001068115234,55.880001068115234,988900,False
GGAL,2025-03-10,55.65999984741211,56.75,53.02000045776367,54.11000061035156,53.02000045776367,1583000,False
GGAL,2025-03-11,53.97999954223633,55.7400016784668,53.119998931884766,54.38999938964844,53.119998931884766,1134300,False
GGAL,2025-03-12,55.84000015258789,58.61000061035156,55.209999084472656,57.779998779296875,55.209999084472656,1120000,False
GGAL,2025-03-13,57.88999938964844,58.47999954223633,56.52000045776367,57.13999938964844,56.52000045776367,749900,False
GGAL,2025-03-14,58.279998779296875,59.91999816894531,57.61000061035156,59.41999816894531,57.61000061035156,950000,False
GGAL,2025-03-17,58.97999954223633,59.599998474121094,58.0099983215332,58.29999923706055,58.0099983215332,563400,False
GGAL,2025-03-18,57.88999938964844,58.060001373291016,53.65999984741211,54.810001373291016,53.65999984741211,1457900,False
GGAL,2025-03-19,55.52000045776367,58.11000061035156,55.0,57.720001220703125,55.0,988600,False
GGAL,2025-03-20,57.060001373291016,57.529998779296875,56.060001373291016,56.36000061035156,56.060001373291016,976600,False
GGAL,2025-03-21,55.9900016784668,58.599998474121094,55.58000183105469,58.560001373291016,55.58000183105469,763900,False
GGAL,2025-03-24,59.45000076293945,60.70000076293945,57.5099983215332,57.7400016784668,57.5099983215332,385900,False
GGAL,2025-03-25,58.43000030517578,60.0,57.95000076293945,58.95000076293945,57.95000076293945,611500,False
GGAL,2025-03-26,59.349998474121094,59.56999969482422,57.09000015258789,57.779998779296875,57.09000015258789,551400,False
GGAL,2025-03-27,59.540000915527344,60.29999923706055,56.0099983215332,56.41999816894531,56.0099983215332,1383900,False
GGAL,2025-03-28,56.22999954223633,56.56999969482422,54.599998474121094,55.779998779296875,54.599998474121094,1027800,False
GGAL,2025-03-31,55.0099983215332,55.0099983215332,52.099998474121094,54.470001220703125,52.099998474121094,1375600,False
GGAL,2025-04-01,55.0,56.34000015258789,54.22999954223633,55.209999084472656,54.22999954223633,703700,False
GGAL,2025-04-02,54.599998474121094,55.599998474121094,54.36000061035156,55.189998626708984,54.36000061035156,470600,False
GGAL,2025-04-03,52.310001373291016,54.290000915527344,52.150001525878906,53.619998931884766,52.150001525878906,1237300,False
GGAL,2025-04-04,51.099998474121094,51.36000061035156,46.68000030517578,48.2400016784668,46.68000030517578,2683700,False
GGAL,2025-04-07,45.38999938964844,48.779998779296875,43.970001220703125,45.310001373291016,43.970001220703125,2489900,False
GGAL,2025-04-08,47.099998474121094,48.36000061035156,44.75,45.66999816894531,44.75,2394500,False
GGAL,2025-04-09,45.38999938964844,52.43000030517578,42.880001068115234,52.16999816894531,49.49808120727539,3479900,True
GGAL,2025-04-10,51.70000076293945,51.70000076293945,47.13999938964844,48.91999816894531,47.13999938964844,1841800,False
GGAL,2025-04-11,49.43000030517578,55.31999969482422,49.43000030517578,53.869998931884766,51.111019134521484,2398500,False
GGAL,2025-04-14,60.900001525878906,63.41999816894531,59.5099983215332,61.43000030517578,59.5099983215332,4338400,True
GGAL,2025-04-15,61.54999923706055,62.41999816894531,58.88999938964844,59.529998779296875,58.88999938964844,1708700,False
GGAL,2025-04-16,58.900001525878906,61.31999969482422,58.900001525878906,60.040000915527344,58.900001525878906,1139500,False
GGAL,2025-04-17,60.720001220703125,62.97999954223633,60.560001373291016,61.95000076293945,60.560001373291016,1327000,False
GGAL,2025-04-21,62.349998474121094,62.349998474121094,59.86000061035156,60.47999954223633,59.86000061035156,1284500,False
GGAL,2025-04-22,61.849998474121094,64.5,61.22999954223633,62.91999816894531,61.22999954223633,1882100,False
GGAL,2025-04-23,64.75,66.23999786376953,63.41999816894531,64.38999938964844,63.41999816894531,1553400,False
GGAL,2025-04-24,64.30999755859375,65.6500015258789,63.029998779296875,63.2400016784668,63.029998779296875,1376300,False
GGAL,2025-04-25,63.20000076293945,64.86000061035156,62.7599983215332,63.40999984741211,62.7599983215332,693500,False
GGAL,2025-04-28,62.900001525878906,64.1500015258789,61.66999816894531,62.2599983215332,61.66999816894531,772100,False
GGAL,2025-04-29,62.2599983215332,62.599998474121094,60.93000030517578,61.47999954223633,60.93000030517578,826400,False
GGAL,2025-04-30,60.150001525878906,61.439998626708984,59.150001525878906,60.400001525878906,59.150001525878906,1043600,False
GGAL,2025-05-01,60.95000076293945,61.18000030517578,58.56999969482422,58.689998626708984,58.56999969482422,781200,False
GGAL,2025-05-02,59.849998474121094,60.279998779296875,57.459999084472656,58.15999984741211,57.459999084472656,682500,False
GGAL,2025-05-05,57.790000915527344,59.689998626708984,57.310001373291016,57.349998474121094,57.310001373291016,774700,False
GGAL,2025-05-06,56.54999923706055,59.33000183105469,56.36000061035156,58.290000915527344,56.36000061035156,1446900,False
GGAL,2025-05-07,58.54999923706055,59.22999954223633,57.619998931884766,58.349998474121094,57.619998931884766,908300,False
GGAL,2025-05-08,59.130001068115234,59.45000076293945,57.11000061035156,58.43000030517578,57.11000061035156,1231800,False
GGAL,2025-05-09,58.5,60.97999954223633,58.27000045776367,58.810001373291016,58.27000045776367,1506700,False
GGAL,2025-05-12,61.0,62.119998931884766,59.5099983215332,61.65999984741211,59.5099983215332,1759700,False
GGAL,2025-05-13,61.79999923706055,63.689998626708984,61.099998474121094,62.470001220703125,61.099998474121094,1596200,False
GGAL,2025-05-14,62.5,62.939998626708984,61.310001373291016,62.709999084472656,61.310001373291016,695400,False
GGAL,2025-05-15,62.529998779296875,62.77000045776367,60.2400016784668,61.790000915527344,60.2400016784668,737000,False
GGAL,2025-05-16,61.790000915527344,62.689998626708984,60.560001373291016,62.02000045776367,60.560001373291016,682700,False
GGAL,2025-05-19,62.720001220703125,65.4800033569336,62.060001373291016,63.70000076293945,62.060001373291016,1287600,False
GGAL,2025-05-20,64.80999755859375,64.91999816894531,63.11000061035156,63.619998931884766,63.11000061035156,832000,False
GGAL,2025-05-21,63.779998779296875,64.72000122070312,61.86000061035156,61.88999938964844,61.86000061035156,1066300,False
GGAL,2025-05-22,61.79999923706055,63.40999984741211,61.34000015258789,62.33000183105469,61.34000015258789,797200,False
GGAL,2025-05-23,60.459999084472656,62.97999954223633,60.27000045776367,62.86000061035156,60.27000045776367,823000,False
GGAL,2025-05-27,63.68000030517578,63.75,60.970001220703125,61.36000061035156,60.970001220703125,1327500,False
GGAL,2025-05-28,60.29999923706055,61.380001068115234,56.72999954223633,60.59000015258789,57.486846923828125,2185400,False
GGAL,2025-05-29,61.11000061035156,61.470001220703125,57.84000015258789,58.16999816894531,57.84000015258789,1687700,False
GGAL,2025-05-30,57.45000076293945,58.34000015258789,56.59000015258789,58.04999923706055,56.59000015258789,1542500,False
GGAL,2025-06-02,57.970001220703125,58.400001525878906,56.47999954223633,56.63999938964844,56.47999954223633,1163200,False
GGAL,2025-06-03,56.34000015258789,57.369998931884766,55.400001525878906,56.599998474121094,55.400001525878906,774200,False
GGAL,2025-06-04,56.70000076293945,56.709999084472656,53.810001373291016,53.869998931884766,53.810001373291016,1983200,False
GGAL,2025-06-05,54.529998779296875,54.65999984741211,53.380001068115234,54.380001068115234,53.380001068115234,905300,False
GGAL,2025-06-06,55.04999923706055,55.97999954223633,53.54999923706055,55.31999969482422,53.54999923706055,816600,False
GGAL,2025-06-09,55.369998931884766,55.529998779296875,53.869998931884766,54.02000045776367,53.869998931884766,973800,False
GGAL,2025-06-10,54.52000045776367,57.91999816894531,54.25,57.33000183105469,54.653377532958984,1459600,False
GGAL,2025-06-11,55.0,56.279998779296875,53.099998474121094,56.20000076293945,53.57613754272461,7670800,False
GGAL,2025-06-12,55.400001525878906,57.27000045776367,54.75,56.13999938964844,54.75,2270100,False
GGAL,2025-06-13,55.54999923706055,56.0,54.08000183105469,54.66999816894531,54.08000183105469,1772100,False
GGAL,2025-06-16,55.08000183105469,55.59000015258789,54.25,54.5,54.25,1057500,False
GGAL,2025-06-17,53.779998779296875,54.970001220703125,52.81999969482422,54.349998474121094,52.81999969482422,1329000,False
GGAL,2025-06-18,54.290000915527344,55.31999969482422,53.689998626708984,54.150001525878906,53.689998626708984,979700,False
GGAL,2025-06-20,54.08000183105469,54.08000183105469,51.93000030517578,52.0,51.93000030517578,1124700,False
GGAL,2025-06-23,51.47999954223633,52.31999969482422,50.060001373291016,50.369998931884766,50.060001373291016,1593000,False
GGAL,2025-06-24,51.0,53.45000076293945,51.0,52.68000030517578,51.0,1284100,False
GGAL,2025-06-25,52.68000030517578,53.220001220703125,51.5,51.66999816894531,51.5,1152700,False
GGAL,2025-06-26,51.70000076293945,52.90999984741211,51.54999923706055,51.95000076293945,51.54999923706055,1170200,False
GGAL,2025-06-27,51.880001068115234,52.540000915527344,51.209999084472656,51.66999816894531,51.209999084472656,896100,False
GGAL,2025-06-30,51.95000076293945,52.650001525878906,49.2599983215332,50.38999938964844,49.2599983215332,2046900,False
GGAL,2025-07-01,50.06999969482422,51.619998931884766,49.59000015258789,49.9900016784668,49.59000015258789,1600400,False
GGAL,2025-07-02,49.79999923706055,50.91999816894531,49.65999984741211,50.380001068115234,49.65999984741211,1632500,False
GGAL,2025-07-03,50.4900016784668,51.099998474121094,50.33000183105469,51.0099983215332,50.33000183105469,461300,False
GGAL,2025-07-07,50.66999816894531,50.72999954223633,47.599998474121094,48.349998474121094,47.599998474121094,1573900,False
GGAL,2025-07-08,48.59000015258789,50.720001220703125,47.79999923706055,50.689998626708984,48.32338333129883,1699700,False
GGAL,2025-07-09,51.20000076293945,51.709999084472656,49.88999938964844,49.97999954223633,49.88999938964844,1527000,False
GGAL,2025-07-10,49.20000076293945,49.56999969482422,48.189998626708984,48.709999084472656,48.189998626708984,1254000,False
GGAL,2025-07-11,48.310001373291016,48.58000183105469,46.83000183105469,47.099998474121094,46.83000183105469,1267600,False
GGAL,2025-07-14,46.459999084472656,47.58000183105469,46.09000015258789,46.790000915527344,46.09000015258789,852900,False
GGAL,2025-07-15,46.810001373291016,47.810001373291016,45.880001068115234,47.459999084472656,45.880001068115234,1103900,False
GGAL,2025-07-16,47.720001220703125,47.79999923706055,46.02000045776367,46.380001068115234,46.02000045776367,1449500,False
GGAL,2025-07-17,46.5,48.22999954223633,46.2400016784668,47.709999084472656,46.2400016784668,1514900,False
GGAL,2025-07-18,48.27000045776367,48.95000076293945,47.130001068115234,47.220001220703125,47.130001068115234,871000,False
GGAL,2025-07-21,47.29999923706055,48.2599983215332,46.5,47.08000183105469,46.5,1033100,False
GGAL,2025-07-22,47.08000183105469,48.560001373291016,46.70000076293945,47.810001373291016,46.70000076293945,1375300,False
GGAL,2025-07-23,48.560001373291016,49.560001373291016,48.220001220703125,49.25,48.220001220703125,1594600,False
GGAL,2025-07-24,49.099998474121094,51.220001220703125,48.61000061035156,51.060001373291016,48.676109313964844,1747900,False
GGAL,2025-07-25,51.790000915527344,53.11000061035156,51.25,51.77000045776367,51.25,1403400,False
GGAL,2025-07-28,52.029998779296875,52.619998931884766,50.97999954223633,51.0,50.97999954223633,843800,False
GGAL,2025-07-29,51.02000045776367,52.90999984741211,50.540000915527344,52.75,50.540000915527344,1247100,False
GGAL,2025-07-30,52.900001525878906,53.4900016784668,51.66999816894531,52.040000915527344,51.66999816894531,801100,False
GGAL,2025-07-31,52.040000915527344,52.25,50.189998626708984,50.470001220703125,50.189998626708984,827100,False
GGAL,2025-08-01,50.439998626708984,50.439998626708984,48.66999816894531,48.90999984741211,48.66999816894531,1159500,False
GGAL,2025-08-04,48.90999984741211,49.720001220703125,48.90999984741211,49.29999923706055,48.90999984741211,815600,False
GGAL,2025-08-05,49.150001525878906,51.029998779296875,49.150001525878906,50.95000076293945,49.150001525878906,931600,False
GGAL,2025-08-06,51.130001068115234,53.34000015258789,51.130001068115234,53.130001068115234,51.130001068115234,1158300,False
GGAL,2025-08-07,53.52000045776367,53.88999938964844,51.31999969482422,51.599998474121094,51.31999969482422,1219300,False
GGAL,2025-08-08,51.90999984741211,52.029998779296875,50.209999084472656,51.02000045776367,50.209999084472656,728400,False
GGAL,2025-08-11,51.0,52.060001373291016,50.689998626708984,51.31999969482422,50.689998626708984,686300,False
GGAL,2025-08-12,51.84000015258789,53.380001068115234,51.0099983215332,52.20000076293945,51.0099983215332,940000,False
GGAL,2025-08-13,52.52000045776367,53.5099983215332,51.70000076293945,52.13999938964844,51.70000076293945,632800,False
GGAL,2025-08-14,52.0,52.0,48.83000183105469,49.439998626708984,48.83000183105469,1193800,False
GGAL,2025-08-15,49.91999816894531,49.9900016784668,47.54999923706055,48.2599983215332,47.54999923706055,1607500,False
GGAL,2025-08-18,48.04999923706055,49.709999084472656,48.0,49.22999954223633,48.0,765200,False
GGAL,2025-08-19,49.0,49.470001220703125,46.61000061035156,46.720001220703125,46.61000061035156,901200,False
GGAL,2025-08-20,46.97999954223633,47.779998779296875,46.220001220703125,46.27000045776367,46.220001220703125,1432500,False
GGAL,2025-08-21,46.04999923706055,47.36000061035156,45.79999923706055,46.11000061035156,45.79999923706055,1256100,False
GGAL,2025-08-22,46.150001525878906,47.209999084472656,45.189998626708984,45.27000045776367,45.189998626708984,1819600,False
GGAL,2025-08-25,45.0,45.0,41.91999816894531,42.0,41.91999816894531,3517500,False
GGAL,2025-08-26,41.9900016784668,42.189998626708984,40.79999923706055,41.54999923706055,40.79999923706055,5725900,False
GGAL,2025-08-27,40.72999954223633,41.47999954223633,39.0,39.81999969482422,39.0,4894600,False
GGAL,2025-08-28,39.83000183105469,41.060001373291016,39.7400016784668,39.790000915527344,39.7400016784668,2549400,False
GGAL,2025-08-29,39.630001068115234,39.79999923706055,38.869998931884766,39.279998779296875,38.869998931884766,1324100,False
GGAL,2025-09-02,37.93000030517578,39.630001068115234,36.560001373291016,39.47999954223633,37.89136505126953,3897900,False
GGAL,2025-09-03,39.77000045776367,40.15999984741211,38.15999984741211,38.439998626708984,38.15999984741211,2429200,False
GGAL,2025-09-04,38.5,40.45000076293945,38.400001525878906,39.9900016784668,38.400001525878906,2313700,False
GGAL,2025-09-05,40.06999969482422,40.7599983215332,38.54999923706055,40.099998474121094,38.54999923706055,2147500,False
GGAL,2025-09-08,32.5,33.810001373291016,29.229999542236328,30.649999618530273,29.41668128967285,12820200,True
GGAL,2025-09-09,31.170000076293945,32.45000076293945,30.0,30.1200008392334,30.0,4298000,False
GGAL,2025-09-10,30.56999969482422,32.630001068115234,30.399999618530273,32.06999969482422,30.779539108276367,3221300,False
GGAL,2025-09-11,31.81999969482422,32.79999923706055,30.920000076293945,31.270000457763672,30.920000076293945,2486200,False
GGAL,2025-09-12,31.270000457763672,31.450000762939453,29.15999984741211,29.950000762939453,29.15999984741211,2473100,False
GGAL,2025-09-15,30.450000762939453,30.549999237060547,29.0,29.18000030517578,29.0,1807500,False
GGAL,2025-09-16,29.850000381469727,30.6200008392334,29.639999389648438,30.25,29.639999389648438,1607700,False
GGAL,2025-09-17,30.530000686645508,31.1299991607666,29.40999984741211,29.559999465942383,29.40999984741211,1855000,False
GGAL,2025-09-18,29.549999237060547,29.549999237060547,26.700000762939453,27.299999237060547,26.700000762939453,5368600,False
GGAL,2025-09-19,27.290000915527344,27.510000228881836,25.889999389648438,26.450000762939453,25.889999389648438,4399900,False
GGAL,2025-09-22,31.1200008392334,32.31999969482422,29.559999465942383,32.029998779296875,30.74114227294922,7246000,True
GGAL,2025-09-23,33.25,33.33000183105469,31.469999313354492,31.510000228881836,31.469999313354492,4963900,False
GGAL,2025-09-24,35.0,36.349998474121094,32.59000015258789,32.939998626708984,32.59000015258789,6899900,False
GGAL,2025-09-25,32.5099983215332,32.61000061035156,30.420000076293945,30.530000686645508,30.420000076293945,3040900,False
GGAL,2025-09-26,30.600000381469727,31.729999542236328,29.43000030517578,29.579999923706055,29.43000030517578,2820800,False
GGAL,2025-09-29,29.600000381469727,30.440000534057617,29.25,29.469999313354492,29.25,1901600,False
GGAL,2025-09-30,29.280000686645508,29.459999084472656,27.3700008392334,27.559999465942383,27.3700008392334,3090600,False
GGAL,2025-10-01,27.6200008392334,28.229999542236328,26.56999969482422,26.6299991607666,26.56999969482422,2906700,False
GGAL,2025-10-02,26.65999984741211,28.1200008392334,26.059999465942383,27.950000762939453,26.95153045654297,4424600,False
GGAL,2025-10-03,27.670000076293945,28.799999237060547,27.280000686645508,28.690000534057617,27.66509437561035,2817300,False
GGAL,2025-10-06,28.700000762939453,28.969999313354492,27.3799991607666,28.790000915527344,27.761520385742188,2341900,False
GGAL,2025-10-07,28.75,29.010000228881836,27.760000228881836,27.799999237060547,27.760000228881836,1403300,False
GGAL,2025-10-08,27.809999465942383,28.8799991607666,27.5,28.360000610351562,27.5,1556600,False
GGAL,2025-10-09,28.950000762939453,34.540000915527344,28.90999984741211,34.5,33.26753616333008,9041100,True
GGAL,2025-10-10,34.40999984741211,34.540000915527344,31.8700008392334,33.130001068115234,31.94647979736328,4696100,False
GGAL,2025-10-13,33.689998626708984,34.779998779296875,33.2400016784668,34.2599983215332,33.2400016784668,2923800,False
GGAL,2025-10-14,33.86000061035156,35.209999084472656,31.5,32.209999084472656,31.5,5401100,False
GGAL,2025-10-15,32.90999984741211,34.29999923706055,31.690000534057617,33.2599983215332,32.07183074951172,4969700,False
GGAL,2025-10-16,33.689998626708984,33.95000076293945,32.369998931884766,33.209999084472656,32.369998931884766,2413700,False
GGAL,2025-10-17,32.77000045776367,33.810001373291016,32.0,32.4900016784668,32.0,2557300,False
GGAL,2025-10-20,33.130001068115234,34.13999938964844,31.739999771118164,32.09000015258789,31.739999771118164,2690300,False
GGAL,2025-10-21,31.940000534057617,34.189998626708984,31.84000015258789,32.119998931884766,31.84000015258789,2777800,False
GGAL,2025-10-22,31.920000076293945,33.25,31.139999389648438,33.02000045776367,31.840410232543945,3500700,False
GGAL,2025-10-23,33.02000045776367,36.38999938964844,33.0099983215332,34.84000015258789,33.595394134521484,3708600,False
GGAL,2025-10-24,35.099998474121094,36.099998474121094,35.06999969482422,35.43000030517578,35.06999969482422,2775200,False
GGAL,2025-10-27,50.0,52.130001068115234,47.06999969482422,49.13999938964844,47.38454818725586,14619700,True
GGAL,2025-10-28,49.5099983215332,53.380001068115234,48.400001525878906,52.400001525878906,50.5280876159668,5479400,False
GGAL,2025-10-29,52.97999954223633,55.720001220703125,50.61000061035156,55.04999923706055,53.08342742919922,4641800,False
GGAL,2025-10-30,54.959999084472656,56.209999084472656,53.29999923706055,53.779998779296875,53.29999923706055,3967600,False
GGAL,2025-10-31,54.459999084472656,59.349998474121094,54.11000061035156,59.130001068115234,57.01767349243164,4160100,False
GGAL,2025-11-03,62.52000045776367,62.52000045776367,58.91999816894531,60.790000915527344,58.91999816894531,3308100,False
GGAL,2025-11-04,57.5,60.91999816894531,57.5,59.2599983215332,57.5,2390400,False
GGAL,2025-11-05,60.90999984741211,61.20000076293945,58.119998931884766,59.16999816894531,58.119998931884766,2173700,False
GGAL,2025-11-06,58.9900016784668,58.9900016784668,56.86000061035156,57.54999923706055,56.86000061035156,1447000,False
GGAL,2025-11-07,56.27000045776367,57.4900016784668,53.38999938964844,55.4900016784668,53.63014221191406,3212100,False
GGAL,2025-11-10,57.04999923706055,57.470001220703125,55.279998779296875,55.900001525878906,55.279998779296875,1414600,False
GGAL,2025-11-11,55.47999954223633,56.43000030517578,55.04999923706055,55.189998626708984,55.04999923706055,1191200,False
GGAL,2025-11-12,55.150001525878906,57.20000076293945,55.0,55.38999938964844,55.0,1297000,False
GGAL,2025-11-13,55.060001373291016,55.9900016784668,52.31999969482422,53.599998474121094,52.31999969482422,1312500,False
GGAL,2025-11-14,52.099998474121094,54.09000015258789,51.45000076293945,52.810001373291016,51.45000076293945,1818300,False
GGAL,2025-11-17,52.29999923706055,52.900001525878906,51.09000015258789,51.459999084472656,51.09000015258789,1211300,False
GGAL,2025-11-18,50.369998931884766,52.13999938964844,49.5,50.88999938964844,49.5,1563100,False
GGAL,2025-11-19,51.040000915527344,52.060001373291016,49.220001220703125,49.709999084472656,49.220001220703125,1743600,False
GGAL,2025-11-20,50.7400016784668,51.0099983215332,48.150001525878906,48.43000030517578,48.150001525878906,1805700,False
GGAL,2025-11-21,47.22999954223633,48.18000030517578,45.720001220703125,46.13999938964844,45.720001220703125,2087600,False
GGAL,2025-11-24,46.11000061035156,46.88999938964844,44.86000061035156,46.79999923706055,45.231407165527344,1658100,False
GGAL,2025-11-25,46.72999954223633,49.2400016784668,45.61000061035156,48.88999938964844,47.25135803222656,1926600,False
GGAL,2025-11-26,49.189998626708984,51.630001068115234,48.72999954223633,51.08000183105469,49.36796188354492,1994900,False
GGAL,2025-11-28,51.40999984741211,54.77000045776367,51.40999984741211,53.56999969482422,51.774497985839844,1672700,False
GGAL,2025-12-01,52.86000061035156,54.0,52.189998626708984,52.5099983215332,52.189998626708984,1422900,False
GGAL,2025-12-02,52.849998474121094,52.97999954223633,50.95000076293945,51.099998474121094,50.95000076293945,1001300,False
GGAL,2025-12-03,51.689998626708984,53.83000183105469,51.349998474121094,52.95000076293945,51.349998474121094,1060200,False
GGAL,2025-12-04,53.13999938964844,53.65999984741211,51.54999923706055,51.779998779296875,51.54999923706055,1123200,False
GGAL,2025-12-05,53.11000061035156,54.02000045776367,50.040000915527344,50.06999969482422,50.040000915527344,1394400,False
GGAL,2025-12-08,49.93000030517578,50.22999954223633,48.75,49.9900016784668,48.75,609500,False
GGAL,2025-12-09,50.599998474121094,50.720001220703125,49.0099983215332,49.099998474121094,49.0099983215332,1735100,False
GGAL,2025-12-10,49.290000915527344,50.75,48.70000076293945,50.18000030517578,48.70000076293945,1919400,False
GGAL,2025-12-11,49.310001373291016,50.7400016784668,48.45000076293945,48.93000030517578,48.45000076293945,1448300,False
GGAL,2025-12-12,48.63999938964844,49.369998931884766,47.86000061035156,48.40999984741211,47.86000061035156,908700,False
GGAL,2025-12-15,48.58000183105469,50.22999954223633,47.959999084472656,49.869998931884766,48.325706481933594,1432100,False
GGAL,2025-12-16,49.47999954223633,50.599998474121094,48.33000183105469,50.02000045776367,48.471065521240234,2000100,False
GGAL,2025-12-17,50.459999084472656,50.720001220703125,49.4900016784668,49.83000183105469,49.4900016784668,1199400,False
GGAL,2025-12-18,50.70000076293945,54.099998474121094,50.630001068115234,53.900001525878906,52.23091506958008,1393300,False
GGAL,2025-12-19,54.209999084472656,55.459999084472656,53.68000030517578,54.16999816894531,53.68000030517578,1415000,False
GGAL,2025-12-22,54.70000076293945,55.189998626708984,53.470001220703125,53.720001220703125,53.470001220703125,700900,False
GGAL,2025-12-23,53.2599983215332,55.279998779296875,53.2599983215332,54.040000915527344,53.2599983215332,707200,False
GGAL,2025-12-24,54.0099983215332,54.7400016784668,53.81999969482422,54.279998779296875,53.81999969482422,473800,False
GGAL,2025-12-26,54.400001525878906,55.650001525878906,53.720001220703125,55.59000015258789,53.86858367919922,513500,False
GGAL,2025-12-29,55.45000076293945,56.279998779296875,54.5099983215332,54.72999954223633,54.5099983215332,880800,False
GGAL,2025-12-30,55.0099983215332,55.11000061035156,53.58000183105469,54.060001373291016,53.58000183105469,665100,False
GGAL,2025-12-31,53.7599983215332,54.29999923706055,53.11000061035156,53.939998626708984,53.11000061035156,288700,False
GGAL,2026-01-02,53.939998626708984,54.619998931884766,52.36000061035156,53.349998474121094,52.36000061035156,640400,False
GGAL,2026-01-05,53.790000915527344,56.36000061035156,53.40999984741211,56.0,54.40485382080078,1018200,False
GGAL,2026-01-06,56.11000061035156,56.970001220703125,53.630001068115234,53.68000030517578,53.630001068115234,854000,False
GGAL,2026-01-07,54.040000915527344,54.88999938964844,52.189998626708984,53.56999969482422,52.189998626708984,1882400,False
GGAL,2026-01-08,53.869998931884766,56.810001373291016,52.880001068115234,56.31999969482422,54.71574401855469,1109300,False
GGAL,2026-01-09,56.349998474121094,56.79999923706055,55.540000915527344,56.459999084472656,55.540000915527344,800200,False
GGAL,2026-01-12,56.08000183105469,56.119998931884766,54.599998474121094,55.060001373291016,54.599998474121094,841300,False
GGAL,2026-01-13,55.060001373291016,55.279998779296875,52.79999923706055,53.540000915527344,52.79999923706055,861500,False
GGAL,2026-01-14,53.720001220703125,54.279998779296875,50.540000915527344,50.97999954223633,50.540000915527344,1543800,False
GGAL,2026-01-15,51.04999923706055,52.310001373291016,50.36000061035156,51.16999816894531,50.36000061035156,1403100,False
GGAL,2026-01-16,51.2400016784668,52.099998474121094,50.72999954223633,51.38999938964844,50.72999954223633,1144200,False
GGAL,2026-01-20,50.119998931884766,52.119998931884766,50.119998931884766,50.38999938964844,50.119998931884766,654200,False
GGAL,2026-01-21,50.9900016784668,54.33000183105469,50.79999923706055,54.06999969482422,52.52982711791992,950700,False
GGAL,2026-01-22,54.25,55.400001525878906,53.4900016784668,53.77000045776367,53.4900016784668,810000,False
GGAL,2026-01-23,54.20000076293945,54.68000030517578,53.369998931884766,53.7400016784668,53.369998931884766,898100,False
GGAL,2026-01-26,53.779998779296875,55.97999954223633,53.41999816894531,54.38999938964844,53.41999816894531,1497600,False
GGAL,2026-01-27,55.189998626708984,56.150001525878906,54.81999969482422,55.7599983215332,54.81999969482422,1582800,False
GGAL,2026-01-28,56.560001373291016,56.77000045776367,55.2400016784668,55.880001068115234,55.2400016784668,1206900,False
GGAL,2026-01-29,56.5,56.5,54.099998474121094,55.88999938964844,54.29799270629883,1041900,False
GGAL,2026-01-30,54.790000915527344,55.86000061035156,54.61000061035156,55.11000061035156,54.61000061035156,713200,False
GGAL,2026-02-02,54.81999969482422,55.880001068115234,53.529998779296875,53.91999816894531,53.529998779296875,714800,False
GGAL,2026-02-03,53.790000915527344,54.43000030517578,51.040000915527344,53.400001525878906,52.0167236328125,1423800,False
GGAL,2026-02-04,52.90999984741211,53.16999816894531,50.5,52.47999954223633,51.12055587768555,1565900,False
GGAL,2026-02-05,51.0,51.400001525878906,48.08000183105469,48.16999816894531,48.08000183105469,1726600,False
GGAL,2026-02-06,49.439998626708984,50.369998931884766,48.65999984741211,49.369998931884766,48.65999984741211,1845200,False
GGAL,2026-02-09,49.599998474121094,50.43000030517578,48.86000061035156,50.0,48.86000061035156,1334400,False
GGAL,2026-02-10,50.380001068115234,52.59000015258789,49.93000030517578,51.5,50.16593933105469,2061600,False
GGAL,2026-02-11,51.880001068115234,52.119998931884766,50.54999923706055,50.86000061035156,50.54999923706055,923200,False
GGAL,2026-02-12,51.7400016784668,51.880001068115234,45.349998474121094,45.439998626708984,45.349998474121094,2110500,False
GGAL,2026-02-13,46.75,47.70000076293945,45.20000076293945,45.97999954223633,45.20000076293945,1800700,False
GGAL,2026-02-17,45.790000915527344,45.959999084472656,43.40999984741211,45.15999984741211,43.990177154541016,1202000,False
GGAL,2026-02-18,45.61000061035156,45.75,43.9900016784668,44.77000045776367,43.9900016784668,1169100,False
GGAL,2026-02-19,44.040000915527344,47.90999984741211,44.040000915527344,47.63999938964844,46.40593338012695,1161900,False
GGAL,2026-02-20,47.63999938964844,49.880001068115234,47.22999954223633,49.63999938964844,48.354122161865234,1050700,False
GGAL,2026-02-23,49.029998779296875,49.689998626708984,47.970001220703125,48.40999984741211,47.970001220703125,1166700,False
GGAL,2026-02-24,48.119998931884766,49.36000061035156,48.04999923706055,48.97999954223633,48.04999923706055,977800,False
GGAL,2026-02-25,49.060001373291016,49.41999816894531,47.459999084472656,48.58000183105469,47.459999084472656,757600,False
GGAL,2026-02-26,48.209999084472656,48.84000015258789,45.86000061035156,47.0,45.86000061035156,1880000,False
GGAL,2026-02-27,45.880001068115234,46.349998474121094,44.439998626708984,44.849998474121094,44.439998626708984,1186300,False
GGAL,2026-03-02,44.290000915527344,45.459999084472656,43.27000045776367,44.31999969482422,43.3206787109375,1585300,False
GGAL,2026-03-03,41.790000915527344,44.25,41.22999954223633,43.63999938964844,42.656009674072266,1593500,False
GGAL,2026-03-04,44.630001068115234,45.04999923706055,42.93000030517578,44.029998779296875,43.0372200012207,1214200,False
GGAL,2026-03-05,42.95000076293945,44.72999954223633,41.619998931884766,43.189998626708984,42.216156005859375,1730500,False
GGAL,2026-03-06,41.130001068115234,42.70000076293945,41.130001068115234,41.7400016784668,41.130001068115234,1632100,False
GGAL,2026-03-09,41.130001068115234,42.540000915527344,40.7400016784668,42.470001220703125,41.512393951416016,1216200,False
GGAL,2026-03-10,42.540000915527344,45.529998779296875,42.369998931884766,44.189998626708984,43.193607330322266,1583800,False
GGAL,2026-03-11,44.47999954223633,45.88999938964844,44.0,45.43000030517578,44.4056510925293,900600,False
GGAL,2026-03-12,42.2400016784668,44.209999084472656,42.2400016784668,43.11000061035156,42.2400016784668,1147000,False
GGAL,2026-03-13,44.06999969482422,44.310001373291016,41.09000015258789,41.119998931884766,41.09000015258789,903700,False
GGAL,2026-03-16,41.47999954223633,42.0,40.540000915527344,40.86000061035156,40.540000915527344,1291600,False
GGAL,2026-03-17,41.0099983215332,42.540000915527344,41.0099983215332,41.54999923706055,41.0099983215332,1221700,False
GGAL,2026-03-18,41.540000915527344,42.56999969482422,41.150001525878906,42.02000045776367,41.150001525878906,1040900,False
GGAL,2026-03-19,41.599998474121094,44.04999923706055,41.18000030517578,43.849998474121094,42.86127471923828,1645900,False
GGAL,2026-03-20,43.709999084472656,44.27000045776367,42.65999984741211,42.95000076293945,42.65999984741211,1313500,False
GGAL,2026-03-23,43.52000045776367,46.5,43.2599983215332,45.45000076293945,44.425201416015625,1714000,False
GGAL,2026-03-24,44.77000045776367,45.790000915527344,44.220001220703125,45.040000915527344,44.220001220703125,768800,False
GGAL,2026-03-25,45.77000045776367,47.029998779296875,44.279998779296875,45.36000061035156,44.33723068237305,1532400,False
GGAL,2026-03-26,44.7400016784668,46.560001373291016,43.900001525878906,44.529998779296875,43.900001525878906,1019400,False
GGAL,2026-03-27,44.099998474121094,45.45000076293945,42.4900016784668,42.70000076293945,42.4900016784668,1157400,False
GGAL,2026-03-30,42.720001220703125,43.90999984741211,42.2400016784668,43.0099983215332,42.2400016784668,1373000,False
GGAL,2026-03-31,43.27000045776367,47.06999969482422,43.27000045776367,46.709999084472656,45.82851028442383,1775600,False
GGAL,2026-04-01,47.0,47.47999954223633,45.599998474121094,46.47999954223633,45.60285186767578,983000,False
GGAL,2026-04-02,45.369998931884766,46.400001525878906,44.11000061035156,46.20000076293945,45.3281364440918,720500,False
GGAL,2026-04-06,46.04999923706055,47.04999923706055,45.849998474121094,46.209999084472656,45.849998474121094,433400,False
GGAL,2026-04-07,46.209999084472656,46.380001068115234,44.58000183105469,45.310001373291016,44.58000183105469,497000,False
GGAL,2026-04-08,47.38999938964844,48.59000015258789,46.33000183105469,47.56999969482422,46.672279357910156,1392800,False
GGAL,2026-04-09,47.56999969482422,49.06999969482422,46.61000061035156,47.93000030517578,47.02548599243164,1116900,False
GGAL,2026-04-10,47.81999969482422,49.150001525878906,47.7599983215332,48.119998931884766,47.7599983215332,613500,False
GGAL,2026-04-13,47.459999084472656,49.630001068115234,47.459999084472656,48.849998474121094,47.928123474121094,620800,False
GGAL,2026-04-14,49.279998779296875,50.06999969482422,48.689998626708984,49.13999938964844,48.689998626708984,669700,False
GGAL,2026-04-15,49.40999984741211,49.599998474121094,48.56999969482422,49.380001068115234,48.56999969482422,685600,False
GGAL,2026-04-16,49.65999984741211,50.20000076293945,48.18000030517578,49.0099983215332,48.18000030517578,860700,False
GGAL,2026-04-17,49.689998626708984,50.08000183105469,47.790000915527344,47.900001525878906,47.790000915527344,1491600,False
GGAL,2026-04-20,47.540000915527344,48.25,46.63999938964844,47.9900016784668,47.08435821533203,732300,False
GGAL,2026-04-21,47.83000183105469,48.5099983215332,47.31999969482422,47.79999923706055,47.31999969482422,708000,False
GGAL,2026-04-22,48.040000915527344,48.4900016784668,46.130001068115234,46.20000076293945,46.130001068115234,1252200,False
GGAL,2026-04-23,46.02000045776367,46.400001525878906,43.150001525878906,43.470001220703125,43.150001525878906,1540900,False
GGAL,2026-04-24,43.119998931884766,44.290000915527344,42.150001525878906,43.16999816894531,42.355316162109375,757800,False
GGAL,2026-04-27,43.310001373291016,44.15999984741211,42.86000061035156,43.06999969482422,42.86000061035156,1007000,False
GGAL,2026-04-28,43.06999969482422,43.70000076293945,41.939998626708984,43.59000015258789,42.767391204833984,1136000,False
GGAL,2026-04-29,43.59000015258789,43.709999084472656,42.15999984741211,42.720001220703125,42.15999984741211,1030800,False
GGAL,2026-04-30,42.790000915527344,43.369998931884766,40.95000076293945,41.34000015258789,40.95000076293945,2400800,False
GGAL,2026-05-01,41.349998474121094,41.7400016784668,39.400001525878906,40.150001525878906,39.400001525878906,1563200,False
GGAL,2026-05-04,39.81999969482422,41.65999984741211,39.81999969482422,40.40999984741211,39.81999969482422,1125600,False
GGAL,2026-05-05,40.65999984741211,41.439998626708984,39.88999938964844,40.66999816894531,40.0661506652832,928700,False
GGAL,2026-05-06,41.650001525878906,44.130001068115234,41.56999969482422,43.439998626708984,42.79502487182617,1307000,False
GGAL,2026-05-07,43.40999984741211,44.15999984741211,42.68000030517578,43.2400016784668,42.68000030517578,648200,False
GGAL,2026-05-08,43.65999984741211,43.72999954223633,41.599998474121094,41.959999084472656,41.599998474121094,814700,False
GGAL,2026-05-11,41.33000183105469,43.59000015258789,40.88999938964844,43.540000915527344,43.540000915527344,874700,False
GGAL,2026-05-12,42.215,42.215,42.215,42.215,42.215,874700,False
