ticker,fecha,open,high,low,close,adj_close,volume,anomalia
GXG,2019-01-02,31.079999923706055,31.84000015258789,31.079999923706055,31.799999237060547,21.230995178222656,11384,False
GXG,2019-01-03,32.0,32.97600173950195,31.600000381469727,31.68000030517578,21.15087890625,43535,False
GXG,2019-01-04,31.719999313354492,32.79999923706055,31.719999313354492,32.720001220703125,21.84522819519043,46332,False
GXG,2019-01-07,33.097999572753906,33.097999572753906,32.720001220703125,32.91999816894531,21.9787540435791,27820,False
GXG,2019-01-08,33.439998626708984,33.52000045776367,33.20000076293945,33.52000045776367,22.37933921813965,3907,False
GXG,2019-01-09,33.880001068115234,34.15999984741211,33.720401763916016,34.040000915527344,22.726511001586914,15836,False
GXG,2019-01-10,34.040000915527344,34.31999969482422,33.68000030517578,34.279998779296875,22.886743545532227,3164,False
GXG,2019-01-11,33.880001068115234,34.15999984741211,33.880001068115234,34.119998931884766,22.77992057800293,1571,False
GXG,2019-01-14,33.84000015258789,34.400001525878906,33.84000015258789,34.31999969482422,22.913450241088867,4734,False
GXG,2019-01-15,34.53239822387695,34.799598693847656,34.36000061035156,34.439998626708984,22.99356460571289,3969,False
GXG,2019-01-16,34.84000015258789,34.880001068115234,34.560001373291016,34.79999923706055,23.233919143676758,3975,False
GXG,2019-01-17,34.7599983215332,35.040000915527344,34.119998931884766,34.720001220703125,23.18050765991211,13604,False
GXG,2019-01-18,35.15999984741211,35.36000061035156,34.560001373291016,34.7599983215332,23.207210540771484,11056,False
GXG,2019-01-22,34.599998474121094,34.599998474121094,34.380001068115234,34.599998474121094,23.10038948059082,5674,False
GXG,2019-01-23,34.599998474121094,34.63999938964844,34.32040023803711,34.560001373291016,23.073686599731445,2912,False
GXG,2019-01-24,34.439998626708984,34.939998626708984,34.439998626708984,34.79999923706055,23.233919143676758,10004,False
GXG,2019-01-25,35.040000915527344,35.52000045776367,34.959999084472656,35.08000183105469,23.420860290527344,5854,False
GXG,2019-01-28,34.15999984741211,35.0,34.08000183105469,35.0,23.367448806762695,15888,False
GXG,2019-01-29,35.0,35.36000061035156,35.0,35.20000076293945,23.5009765625,20306,False
GXG,2019-01-30,35.2400016784668,35.7599983215332,35.2400016784668,35.599998474121094,23.76803207397461,5550,False
GXG,2019-01-31,35.599998474121094,36.880001068115234,35.599998474121094,36.68000030517578,24.48908233642578,77944,False
GXG,2019-02-01,36.279998779296875,36.7400016784668,36.279998779296875,36.68000030517578,24.48908233642578,5898,False
GXG,2019-02-04,37.040000915527344,37.279998779296875,36.79999923706055,37.119998931884766,24.782848358154297,8623,False
GXG,2019-02-05,37.119998931884766,37.560001373291016,37.119998931884766,37.47999954223633,25.0231990814209,7420,False
GXG,2019-02-06,37.439998626708984,37.59600067138672,36.91999816894531,37.55839920043945,25.075538635253906,10402,False
GXG,2019-02-07,37.31999969482422,37.45840072631836,36.63999938964844,36.84000015258789,24.595905303955078,9366,False
GXG,2019-02-08,36.63999938964844,36.900001525878906,36.560001373291016,36.68000030517578,24.48908233642578,8260,False
GXG,2019-02-11,36.959999084472656,37.400001525878906,36.400001525878906,36.720001220703125,24.515790939331055,17654,False
GXG,2019-02-12,36.52000045776367,36.99959945678711,36.52000045776367,36.84000015258789,24.595905303955078,34324,False
GXG,2019-02-13,36.599998474121094,36.79999923706055,36.119998931884766,36.560001373291016,24.40896987915039,11114,False
GXG,2019-02-14,36.439998626708984,36.720001220703125,36.08000183105469,36.599998474121094,24.43567657470703,17355,False
GXG,2019-02-15,36.68000030517578,37.560001373291016,36.68000030517578,37.279998779296875,24.889671325683594,84973,False
GXG,2019-02-19,37.08000183105469,37.2400016784668,36.720001220703125,37.0,24.70273208618164,10952,False
GXG,2019-02-20,37.0,37.52000045776367,37.0,37.47999954223633,25.0231990814209,2745,False
GXG,2019-02-21,37.119998931884766,37.599998474121094,36.880001068115234,37.040000915527344,24.729434967041016,2594,False
GXG,2019-02-22,37.400001525878906,37.79999923706055,37.400001525878906,37.79999923706055,25.236846923828125,3864,False
GXG,2019-02-25,37.79999923706055,38.2400016784668,37.7672004699707,38.15999984741211,25.477197647094727,8024,False
GXG,2019-02-26,38.040000915527344,38.599998474121094,38.00400161743164,38.599998474121094,25.770957946777344,18390,False
GXG,2019-02-27,38.599998474121094,38.79999923706055,38.47999954223633,38.52000045776367,25.71755027770996,9152,False
GXG,2019-02-28,38.599998474121094,38.599998474121094,38.2400016784668,38.279998779296875,25.55731201171875,31548,False
GXG,2019-03-01,38.31999969482422,38.68000030517578,38.15999984741211,38.31999969482422,25.58401870727539,67815,False
GXG,2019-03-04,38.47999954223633,38.540000915527344,38.279998779296875,38.52000045776367,25.71755027770996,24540,False
GXG,2019-03-05,38.52000045776367,38.52000045776367,38.36000061035156,38.400001525878906,25.63743019104004,3766,False
GXG,2019-03-06,38.400001525878906,38.68000030517578,38.31999969482422,38.68000030517578,25.824371337890625,130700,False
GXG,2019-03-07,38.47999954223633,38.880001068115234,38.040000915527344,38.040000915527344,25.39708137512207,69037,False
GXG,2019-03-08,37.84000015258789,37.84000015258789,36.36000061035156,37.400001525878906,24.969789505004883,32614,False
GXG,2019-03-11,37.279998779296875,37.91999816894531,37.279998779296875,37.84000015258789,25.2635498046875,15274,False
GXG,2019-03-12,37.779998779296875,38.31999969482422,37.779998779296875,38.279998779296875,25.55731201171875,4058,False
GXG,2019-03-13,38.400001525878906,38.91999816894531,38.36000061035156,38.84000015258789,25.931188583374023,5698,False
GXG,2019-03-14,38.400001525878906,39.15999984741211,38.400001525878906,39.119998931884766,26.118127822875977,6476,False
GXG,2019-03-15,39.20000076293945,39.439998626708984,39.119998931884766,39.439998626708984,26.331777572631836,17238,False
GXG,2019-03-18,39.439998626708984,40.36000061035156,39.439998626708984,40.2400016784668,26.865894317626953,38230,False
GXG,2019-03-19,40.119998931884766,40.599998474121094,40.119998931884766,40.47999954223633,27.026126861572266,10240,False
GXG,2019-03-20,40.20000076293945,40.63999938964844,40.08000183105469,40.63999938964844,27.132944107055664,10159,False
GXG,2019-03-21,40.20000076293945,41.15999984741211,40.08000183105469,40.959999084472656,27.34659194946289,17501,False
GXG,2019-03-22,40.599998474121094,40.599998474121094,39.15999984741211,39.36000061035156,26.278366088867188,27651,False
GXG,2019-03-25,39.15999984741211,39.439998626708984,39.040000915527344,39.2400016784668,26.1982479095459,10091,False
GXG,2019-03-26,39.2400016784668,39.70000076293945,39.2400016784668,39.439998626708984,26.331777572631836,13803,False
GXG,2019-03-27,39.36000061035156,39.36000061035156,38.400001525878906,38.52000045776367,25.71755027770996,17814,False
GXG,2019-03-28,38.20000076293945,38.599998474121094,38.13999938964844,38.400001525878906,25.63743019104004,96322,False
GXG,2019-03-29,38.7599983215332,38.84000015258789,38.52000045776367,38.599998474121094,25.770957946777344,21222,False
GXG,2019-04-01,39.040000915527344,39.119998931884766,38.52000045776367,38.84000015258789,25.931188583374023,118082,False
GXG,2019-04-02,39.0,39.08000183105469,38.68000030517578,38.79999923706055,25.90448570251465,40731,False
GXG,2019-04-03,38.79999923706055,39.399600982666016,38.79999923706055,39.20000076293945,26.17154312133789,31923,False
GXG,2019-04-04,39.08000183105469,39.400001525878906,38.84000015258789,39.2400016784668,26.1982479095459,20258,False
GXG,2019-04-05,39.20000076293945,39.84000015258789,39.20000076293945,39.720001220703125,26.518718719482422,36926,False
GXG,2019-04-08,39.52000045776367,40.08000183105469,39.36000061035156,40.040000915527344,26.732362747192383,11907,False
GXG,2019-04-09,40.040000915527344,40.31999969482422,40.040000915527344,40.15999984741211,26.81247901916504,5040,False
GXG,2019-04-10,40.2400016784668,40.47999954223633,40.119998931884766,40.47999954223633,27.026126861572266,6409,False
GXG,2019-04-11,40.119998931884766,40.17559814453125,39.31999969482422,39.880001068115234,26.625539779663086,7950,False
GXG,2019-04-12,40.0,40.0,39.68000030517578,39.68000030517578,26.49201202392578,1576,False
GXG,2019-04-15,39.47999954223633,39.720001220703125,39.040000915527344,39.08000183105469,26.091426849365234,15732,False
GXG,2019-04-16,38.880001068115234,38.91960144042969,38.560001373291016,38.63999938964844,25.797666549682617,49589,False
GXG,2019-04-17,38.91999816894531,39.400001525878906,38.68000030517578,38.959999084472656,26.011308670043945,42167,False
GXG,2019-04-18,39.04439926147461,39.04439926147461,38.82040023803711,38.84000015258789,25.931188583374023,1030,False
GXG,2019-04-22,38.68000030517578,39.287601470947266,38.439998626708984,39.279998779296875,26.224952697753906,10872,False
GXG,2019-04-23,39.63999938964844,39.63999938964844,38.86439895629883,39.08000183105469,26.091426849365234,56984,False
GXG,2019-04-24,39.15999984741211,39.15999984741211,38.20000076293945,38.52000045776367,25.71755027770996,21427,False
GXG,2019-04-25,38.84000015258789,38.84000015258789,38.439998626708984,38.52000045776367,25.71755027770996,8462,False
GXG,2019-04-26,38.52000045776367,38.959999084472656,38.31999969482422,38.52000045776367,25.71755027770996,2618,False
GXG,2019-04-29,38.68000030517578,38.91999816894531,38.08000183105469,38.15999984741211,25.477197647094727,10298,False
GXG,2019-04-30,38.20000076293945,38.20000076293945,37.880001068115234,38.08000183105469,25.423786163330078,11520,False
GXG,2019-05-01,38.08000183105469,38.439998626708984,37.68000030517578,37.720001220703125,25.183435440063477,5338,False
GXG,2019-05-02,37.68000030517578,37.91999816894531,37.31999969482422,37.47999954223633,25.0231990814209,13606,False
GXG,2019-05-03,37.84000015258789,37.880001068115234,37.47999954223633,37.4984016418457,25.035484313964844,4599,False
GXG,2019-05-06,37.119998931884766,37.31999969482422,36.84000015258789,37.15999984741211,24.809553146362305,38234,False
GXG,2019-05-07,37.010799407958984,37.010799407958984,36.20000076293945,36.31999969482422,24.248735427856445,8734,False
GXG,2019-05-08,36.20000076293945,36.70000076293945,36.20000076293945,36.599998474121094,24.43567657470703,15329,False
GXG,2019-05-09,36.15999984741211,37.0,36.119998931884766,36.79999923706055,24.56920051574707,4525,False
GXG,2019-05-10,36.720001220703125,37.52000045776367,36.47999954223633,36.7599983215332,24.542495727539062,33072,False
GXG,2019-05-13,36.36000061035156,36.36000061035156,35.880001068115234,35.880001068115234,23.954973220825195,8251,False
GXG,2019-05-14,35.84000015258789,36.08000183105469,35.720001220703125,35.84000015258789,23.928266525268555,7455,False
GXG,2019-05-15,35.400001525878906,35.91999816894531,35.279998779296875,35.79999923706055,23.901559829711914,15220,False
GXG,2019-05-16,35.63999938964844,35.880001068115234,35.439998626708984,35.47999954223633,23.687910079956055,17167,False
GXG,2019-05-17,35.279998779296875,35.33599853515625,35.040000915527344,35.08000183105469,23.420860290527344,11888,False
GXG,2019-05-20,35.119998931884766,35.2400016784668,34.560001373291016,34.619998931884766,23.11374282836914,8178,False
GXG,2019-05-21,34.7599983215332,34.91999816894531,34.599998474121094,34.91999816894531,23.314035415649414,3090,False
GXG,2019-05-22,34.79999923706055,35.040000915527344,34.68000030517578,34.720001220703125,23.18050765991211,3893,False
GXG,2019-05-23,34.47999954223633,34.52000045776367,33.959999084472656,34.0,22.699804306030273,5771,False
GXG,2019-05-24,34.36000061035156,34.63999938964844,34.34000015258789,34.599998474121094,23.10038948059082,2022,False
GXG,2019-05-28,34.400001525878906,34.47999954223633,33.880001068115234,34.119998931884766,22.77992057800293,4060,False
GXG,2019-05-29,33.79999923706055,34.599998474121094,33.7599983215332,34.58919906616211,23.093181610107422,5084,False
GXG,2019-05-30,34.36000061035156,34.84000015258789,34.36000061035156,34.720001220703125,23.18050765991211,1416,False
GXG,2019-05-31,34.63999938964844,34.63999938964844,34.08000183105469,34.36000061035156,22.94015884399414,8828,False
GXG,2019-06-03,34.47999954223633,34.63999938964844,34.31999969482422,34.52000045776367,23.046981811523438,16048,False
GXG,2019-06-04,34.86920166015625,35.560001373291016,34.84000015258789,35.47999954223633,23.687910079956055,6064,False
GXG,2019-06-05,35.63999938964844,35.63999938964844,34.959999084472656,35.20000076293945,23.5009765625,25326,False
GXG,2019-06-06,35.20000076293945,35.31999969482422,34.880001068115234,35.119998931884766,23.44756317138672,22694,False
GXG,2019-06-07,35.119998931884766,35.7599983215332,35.119998931884766,35.63999938964844,23.79473876953125,6090,False
GXG,2019-06-10,35.720001220703125,36.08000183105469,35.400001525878906,35.880001068115234,23.954973220825195,34253,False
GXG,2019-06-11,36.20000076293945,36.36000061035156,35.959999084472656,36.2400016784668,24.195323944091797,11102,False
GXG,2019-06-12,36.2400016784668,36.439998626708984,35.880001068115234,36.15999984741211,24.141910552978516,2014,False
GXG,2019-06-13,36.15999984741211,36.31999969482422,36.0,36.15999984741211,24.141910552978516,5634,False
GXG,2019-06-14,35.880001068115234,36.20000076293945,35.880001068115234,36.15999984741211,24.141910552978516,1408,False
GXG,2019-06-17,36.36000061035156,36.439998626708984,36.0,36.31999969482422,24.248735427856445,1259,False
GXG,2019-06-18,36.15999984741211,36.7599983215332,35.959999084472656,36.63999938964844,24.462379455566406,28304,False
GXG,2019-06-19,36.560001373291016,37.31999969482422,36.439998626708984,37.2400016784668,24.862964630126953,2160,False
GXG,2019-06-20,37.36000061035156,38.15999984741211,37.36000061035156,38.15999984741211,25.477197647094727,54320,False
GXG,2019-06-21,37.720001220703125,38.279998779296875,37.279998779296875,38.15999984741211,25.477197647094727,42144,False
GXG,2019-06-24,37.7599983215332,38.2400016784668,37.31999969482422,37.959999084472656,25.343669891357422,11339,False
GXG,2019-06-25,37.52000045776367,38.47999954223633,37.2400016784668,38.15999984741211,25.477197647094727,12224,False
GXG,2019-06-26,38.2400016784668,38.79999923706055,38.11000061035156,38.2599983215332,25.543956756591797,73496,False
GXG,2019-06-27,37.52000045776367,37.84000015258789,37.52000045776367,37.720001220703125,25.59359359741211,14948,False
GXG,2019-06-28,37.68000030517578,37.880001068115234,37.400001525878906,37.720001220703125,25.59359359741211,9027,False
GXG,2019-07-01,37.720001220703125,38.47999954223633,37.720001220703125,37.91999816894531,25.729293823242188,23940,False
GXG,2019-07-02,37.91999816894531,37.91999816894531,37.279998779296875,37.52000045776367,25.4578857421875,16467,False
GXG,2019-07-03,37.52000045776367,37.720001220703125,36.959999084472656,37.52000045776367,25.4578857421875,33588,False
GXG,2019-07-05,37.52000045776367,38.31999969482422,37.040000915527344,38.20000076293945,25.919273376464844,31218,False
GXG,2019-07-08,37.959999084472656,38.52000045776367,37.68000030517578,38.36000061035156,26.027841567993164,8582,False
GXG,2019-07-09,38.20000076293945,38.52000045776367,38.040000915527344,38.52000045776367,26.136404037475586,16437,False
GXG,2019-07-10,38.45560073852539,38.91999816894531,38.2400016784668,38.91999816894531,26.407806396484375,7208,False
GXG,2019-07-11,38.68000030517578,39.2400016784668,38.599998474121094,38.880001068115234,26.38066864013672,120512,False
GXG,2019-07-12,38.79999923706055,39.36000061035156,38.79999923706055,39.119998931884766,26.543508529663086,35724,False
GXG,2019-07-15,39.119998931884766,39.31999969482422,38.91999816894531,39.31999969482422,26.67921257019043,68278,False
GXG,2019-07-16,39.15999984741211,39.47999954223633,39.040000915527344,39.400001525878906,26.733489990234375,54170,False
GXG,2019-07-17,39.400001525878906,39.439998626708984,39.31999969482422,39.439998626708984,26.76063346862793,2502,False
GXG,2019-07-18,39.040000915527344,39.279998779296875,38.47999954223633,38.91999816894531,26.407806396484375,47013,False
GXG,2019-07-19,38.900001525878906,39.2400016784668,38.84000015258789,39.2400016784668,26.624937057495117,4242,False
GXG,2019-07-22,39.040000915527344,39.15999984741211,38.720001220703125,38.91999816894531,26.407806396484375,8533,False
GXG,2019-07-23,38.79999923706055,39.15999984741211,38.79999923706055,39.0,26.46209144592285,6148,False
GXG,2019-07-24,38.79999923706055,39.119998931884766,38.279998779296875,38.560001373291016,26.163543701171875,38044,False
GXG,2019-07-25,38.880001068115234,39.0,37.880001068115234,38.2400016784668,25.946420669555664,18373,False
GXG,2019-07-26,38.47999954223633,38.52000045776367,37.63999938964844,37.68000030517578,25.566452026367188,63548,False
GXG,2019-07-29,37.79999923706055,37.79999923706055,37.599998474121094,37.599998474121094,25.512165069580078,4698,False
GXG,2019-07-30,37.400001525878906,37.599998474121094,36.91999816894531,37.0,25.105060577392578,17121,False
GXG,2019-07-31,36.91999816894531,37.279998779296875,36.720001220703125,36.959999084472656,25.077919006347656,86196,False
GXG,2019-08-01,36.599998474121094,36.79999923706055,35.880001068115234,36.0,24.426538467407227,15735,False
GXG,2019-08-02,35.84000015258789,35.959999084472656,35.279998779296875,35.439998626708984,24.046573638916016,11900,False
GXG,2019-08-05,34.63999938964844,34.95199966430664,34.08000183105469,34.20000076293945,23.20521354675293,17006,False
GXG,2019-08-06,34.720001220703125,35.13600158691406,34.34920120239258,34.63999938964844,23.503761291503906,17272,False
GXG,2019-08-07,33.959999084472656,34.63999938964844,33.52080154418945,34.63999938964844,23.503761291503906,9260,False
GXG,2019-08-08,35.119998931884766,35.70000076293945,34.880001068115234,35.63999938964844,24.18227767944336,29405,False
GXG,2019-08-09,35.880001068115234,35.880001068115234,35.58000183105469,35.68000030517578,24.20941925048828,7133,False
GXG,2019-08-12,35.31999969482422,35.439998626708984,34.880001068115234,35.01919937133789,23.761051177978516,26698,False
GXG,2019-08-13,34.79999923706055,36.0,34.52000045776367,35.959999084472656,24.399398803710938,29216,False
GXG,2019-08-14,35.599998474121094,35.599998474121094,34.4827995300293,34.560001373291016,23.449480056762695,12239,False
GXG,2019-08-15,34.36000061035156,34.560001373291016,34.2400016784668,34.47999954223633,23.39519691467285,10860,False
GXG,2019-08-16,34.68000030517578,35.15999984741211,34.665199279785156,35.08000183105469,23.80230712890625,8388,False
GXG,2019-08-19,35.400001525878906,35.54439926147461,35.08039855957031,35.31999969482422,23.96515464782715,8020,False
GXG,2019-08-20,35.36000061035156,35.52000045776367,35.15999984741211,35.279998779296875,23.938011169433594,6560,False
GXG,2019-08-21,35.400001525878906,35.79999923706055,35.400001525878906,35.52000045776367,24.100852966308594,9274,False
GXG,2019-08-22,35.84000015258789,35.84000015258789,34.91999816894531,35.040000915527344,23.775169372558594,5610,False
GXG,2019-08-23,35.08000183105469,35.08000183105469,34.0,34.08000183105469,23.123794555664062,15290,False
GXG,2019-08-26,34.36000061035156,34.599998474121094,34.31999969482422,34.36000061035156,23.31377601623535,2279,False
GXG,2019-08-27,34.400001525878906,34.7599983215332,34.119998931884766,34.20000076293945,23.20521354675293,2169,False
GXG,2019-08-28,34.040000915527344,34.47999954223633,34.0,34.34000015258789,23.300212860107422,3075,False
GXG,2019-08-29,34.31999969482422,34.880001068115234,34.040000915527344,34.84000015258789,23.63946533203125,3726,False
GXG,2019-08-30,35.0,35.12879943847656,34.84000015258789,34.84000015258789,23.63946533203125,10080,False
GXG,2019-09-03,34.880001068115234,35.099998474121094,34.683998107910156,35.08000183105469,23.80230712890625,4452,False
GXG,2019-09-04,35.31999969482422,35.58639907836914,35.31999969482422,35.52000045776367,24.100852966308594,13429,False
GXG,2019-09-05,35.599998474121094,35.79999923706055,35.49440002441406,35.560001373291016,24.127994537353516,32263,False
GXG,2019-09-06,35.824798583984375,36.08000183105469,35.824798583984375,36.08000183105469,24.48082733154297,1764,False
GXG,2019-09-09,36.040000915527344,36.36000061035156,35.959999084472656,36.0,24.426538467407227,23401,False
GXG,2019-09-10,35.959999084472656,36.36000061035156,35.959999084472656,36.2400016784668,24.589387893676758,6283,False
GXG,2019-09-11,36.15999984741211,36.400001525878906,36.0,36.31999969482422,24.643667221069336,1946,False
GXG,2019-09-12,36.20000076293945,36.599998474121094,36.20000076293945,36.599998474121094,24.833648681640625,287,False
GXG,2019-09-13,36.599998474121094,36.79999923706055,36.400001525878906,36.52000045776367,24.779369354248047,8485,False
GXG,2019-09-16,36.400001525878906,37.0,36.400001525878906,36.84000015258789,24.99649429321289,20968,False
GXG,2019-09-17,36.68000030517578,36.91999816894531,36.68000030517578,36.7599983215332,24.942214965820312,5008,False
GXG,2019-09-18,36.47999954223633,36.68000030517578,35.63999938964844,36.560001373291016,24.8065128326416,5168,False
GXG,2019-09-19,36.68000030517578,36.74359893798828,36.400001525878906,36.52000045776367,24.779369354248047,13192,False
GXG,2019-09-20,36.439998626708984,36.63999938964844,36.08000183105469,36.400001525878906,24.697948455810547,859,False
GXG,2019-09-23,36.040000915527344,36.36000061035156,35.959999084472656,36.040000915527344,24.45368194580078,4851,False
GXG,2019-09-24,36.08000183105469,36.31999969482422,36.0,36.11240005493164,24.502805709838867,1914,False
GXG,2019-09-25,35.79999923706055,36.0,35.79999923706055,35.91999816894531,24.37226104736328,1088,False
GXG,2019-09-26,36.08000183105469,36.400001525878906,36.08000183105469,36.36000061035156,24.670808792114258,1440,False
GXG,2019-09-27,36.08000183105469,36.439998626708984,36.0,36.040000915527344,24.45368194580078,4813,False
GXG,2019-09-30,35.79999923706055,36.040000915527344,35.79999923706055,35.79999923706055,24.290836334228516,5900,False
GXG,2019-10-01,35.68000030517578,35.880001068115234,35.459999084472656,35.560001373291016,24.127994537353516,16469,False
GXG,2019-10-02,35.439998626708984,35.52000045776367,35.220001220703125,35.439998626708984,24.046573638916016,4035,False
GXG,2019-10-03,35.20000076293945,35.84000015258789,35.20000076293945,35.84000015258789,24.317983627319336,17346,False
GXG,2019-10-04,35.880001068115234,36.279998779296875,35.880001068115234,36.15999984741211,24.53510284423828,18025,False
GXG,2019-10-07,36.119998931884766,36.119998931884766,35.81480026245117,35.959999084472656,24.399398803710938,1621,False
GXG,2019-10-08,35.560001373291016,35.880001068115234,35.540000915527344,35.68000030517578,24.20941925048828,2804,False
GXG,2019-10-09,35.720001220703125,36.0,35.720001220703125,35.84000015258789,24.317983627319336,10795,False
GXG,2019-10-10,35.84000015258789,36.08000183105469,35.84000015258789,35.959999084472656,24.399398803710938,2228,False
GXG,2019-10-11,36.040000915527344,36.439998626708984,36.040000915527344,36.20000076293945,24.56224250793457,2769,False
GXG,2019-10-14,36.31999969482422,36.31999969482422,35.720001220703125,35.79999923706055,24.290836334228516,470,False
GXG,2019-10-15,36.09400177001953,36.35960006713867,35.97919845581055,36.0,24.426538467407227,1710,False
GXG,2019-10-16,35.599998474121094,36.29999923706055,35.599998474121094,35.959999084472656,24.399398803710938,7076,False
GXG,2019-10-17,35.84000015258789,36.13999938964844,35.84000015258789,36.040000915527344,24.45368194580078,466,False
GXG,2019-10-18,35.880001068115234,36.47999954223633,35.87480163574219,36.2400016784668,24.589387893676758,5148,False
GXG,2019-10-21,36.08000183105469,36.20000076293945,36.0,36.08000183105469,24.48082733154297,1643,False
GXG,2019-10-22,36.279998779296875,36.52000045776367,36.08000183105469,36.52000045776367,24.779369354248047,2695,False
GXG,2019-10-23,36.52000045776367,37.15999984741211,36.400001525878906,36.880001068115234,25.023635864257812,8689,False
GXG,2019-10-24,37.20000076293945,37.36000061035156,36.959999084472656,37.20000076293945,25.240760803222656,9932,False
GXG,2019-10-25,37.119998931884766,37.41999816894531,36.63999938964844,37.279998779296875,25.2950439453125,6860,False
GXG,2019-10-28,37.279998779296875,37.79999923706055,37.279998779296875,37.439998626708984,25.403606414794922,2374,False
GXG,2019-10-29,37.392799377441406,37.839599609375,37.392799377441406,37.68000030517578,25.566452026367188,6024,False
GXG,2019-10-30,37.79999923706055,37.79999923706055,37.20000076293945,37.560001373291016,25.48502540588379,864,False
GXG,2019-10-31,37.400001525878906,38.31999969482422,37.2400016784668,37.959999084472656,25.75643539428711,51419,False
GXG,2019-11-01,37.599998474121094,39.20000076293945,37.599998474121094,39.08000183105469,26.516366958618164,15506,False
GXG,2019-11-04,39.79999923706055,39.880001068115234,39.08000183105469,39.439998626708984,26.76063346862793,11379,False
GXG,2019-11-05,39.007999420166016,39.400001525878906,39.0,39.400001525878906,26.733489990234375,4494,False
GXG,2019-11-06,39.720001220703125,39.84000015258789,39.040000915527344,39.20000076293945,26.597795486450195,1061,False
GXG,2019-11-07,39.20000076293945,39.7599983215332,39.08000183105469,39.7599983215332,26.977758407592773,8578,False
GXG,2019-11-08,39.400001525878906,39.400001525878906,38.599998474121094,39.15999984741211,26.570648193359375,3340,False
GXG,2019-11-11,38.779998779296875,38.959999084472656,38.64799880981445,38.959999084472656,26.434951782226562,2801,False
GXG,2019-11-12,38.599998474121094,38.84000015258789,37.68000030517578,37.91999816894531,25.729293823242188,35468,False
GXG,2019-11-13,37.720001220703125,37.720001220703125,36.79999923706055,37.0,25.105060577392578,49442,False
GXG,2019-11-14,37.08000183105469,37.400001525878906,36.959999084472656,37.0,25.105060577392578,1140,False
GXG,2019-11-15,37.20000076293945,37.36000061035156,37.20000076293945,37.2599983215332,25.28147315979004,35722,False
GXG,2019-11-18,37.400001525878906,37.400001525878906,37.06800079345703,37.20000076293945,25.240760803222656,4212,False
GXG,2019-11-19,37.040000915527344,37.15999984741211,36.79999923706055,36.91999816894531,25.05077362060547,2074,False
GXG,2019-11-20,36.79999923706055,36.91999816894531,36.439998626708984,36.439998626708984,24.72508430480957,4072,False
GXG,2019-11-21,36.20000076293945,36.63999938964844,36.20000076293945,36.31999969482422,24.643667221069336,12255,False
GXG,2019-11-22,36.560001373291016,36.79999923706055,36.400001525878906,36.560001373291016,24.8065128326416,2190,False
GXG,2019-11-25,37.0,37.15999984741211,36.0,36.400001525878906,24.697948455810547,22037,False
GXG,2019-11-26,36.599998474121094,36.599998474121094,35.63999938964844,35.7400016784668,24.25012969970703,3694,False
GXG,2019-11-27,36.0,36.0,35.2400016784668,35.439998626708984,24.046573638916016,13702,False
GXG,2019-11-29,35.720001220703125,35.720001220703125,35.52000045776367,35.63999938964844,24.18227767944336,4480,False
GXG,2019-12-02,35.560001373291016,36.0796012878418,35.540000915527344,35.560001373291016,24.127994537353516,5354,False
GXG,2019-12-03,35.79999923706055,35.99959945678711,35.119998931884766,35.47999954223633,24.073711395263672,19016,False
GXG,2019-12-04,36.0,36.439998626708984,35.880001068115234,36.439998626708984,24.72508430480957,6186,False
GXG,2019-12-05,36.84000015258789,36.84000015258789,36.36000061035156,36.79999923706055,24.96935272216797,5211,False
GXG,2019-12-06,37.20000076293945,37.599998474121094,37.08000183105469,37.52000045776367,25.4578857421875,37369,False
GXG,2019-12-09,37.2400016784668,37.560001373291016,37.2400016784668,37.279998779296875,25.2950439453125,1418,False
GXG,2019-12-10,37.68000030517578,37.68000030517578,36.63999938964844,37.119998931884766,25.186479568481445,3918,False
GXG,2019-12-11,37.15999984741211,37.560001373291016,37.15999984741211,37.560001373291016,25.48502540588379,7443,False
GXG,2019-12-12,37.400001525878906,38.040000915527344,37.400001525878906,38.0,25.7835750579834,5296,False
GXG,2019-12-13,37.880001068115234,38.20000076293945,37.880001068115234,38.15999984741211,25.892135620117188,7816,False
GXG,2019-12-16,38.119998931884766,38.7599983215332,38.119998931884766,38.599998474121094,26.19068145751953,8132,False
GXG,2019-12-17,38.36000061035156,38.959999084472656,38.36000061035156,38.959999084472656,26.434951782226562,18383,False
GXG,2019-12-18,38.720001220703125,39.279998779296875,38.15999984741211,39.08000183105469,26.516366958618164,9071,False
GXG,2019-12-19,38.400001525878906,39.599998474121094,38.36000061035156,39.47999954223633,26.787776947021484,8191,False
GXG,2019-12-20,39.47999954223633,39.599998474121094,38.84000015258789,39.279998779296875,26.652074813842773,8619,False
GXG,2019-12-23,39.31999969482422,39.91999816894531,39.279998779296875,39.91999816894531,27.086320877075195,8651,False
GXG,2019-12-24,39.439998626708984,39.91999816894531,39.15999984741211,39.84000015258789,27.032041549682617,2209,False
GXG,2019-12-26,39.880001068115234,40.0,39.560001373291016,39.91999816894531,27.086320877075195,7797,False
GXG,2019-12-27,40.040000915527344,40.08000183105469,39.41999816894531,39.63999938964844,26.896343231201172,6474,False
GXG,2019-12-30,39.68000030517578,39.68000030517578,39.400001525878906,39.400001525878906,27.133655548095703,3958,False
GXG,2019-12-31,39.46200180053711,39.5,39.279998779296875,39.400001525878906,27.133655548095703,2662,False
GXG,2020-01-02,39.7599983215332,39.84000015258789,39.36000061035156,39.599998474121094,27.271387100219727,13230,False
GXG,2020-01-03,39.7599983215332,39.84000015258789,39.20000076293945,39.599998474121094,27.271387100219727,6652,False
GXG,2020-01-06,39.279998779296875,40.2599983215332,39.279998779296875,40.15999984741211,27.657047271728516,5934,False
GXG,2020-01-07,39.79999923706055,40.2400016784668,39.79999923706055,39.91999816894531,27.491764068603516,46936,False
GXG,2020-01-08,39.7599983215332,40.119998931884766,39.599998474121094,40.08000183105469,27.601957321166992,57009,False
GXG,2020-01-09,40.09400177001953,40.15999984741211,39.79999923706055,40.0,27.546859741210938,6455,False
GXG,2020-01-10,39.599998474121094,39.91999816894531,39.599998474121094,39.91999816894531,27.491764068603516,702,False
GXG,2020-01-13,40.0,40.0,39.84000015258789,39.959999084472656,27.51931381225586,2222,False
GXG,2020-01-14,39.91999816894531,39.91999816894531,39.279998779296875,39.31999969482422,27.078563690185547,36297,False
GXG,2020-01-15,39.20000076293945,39.68000030517578,38.79999923706055,39.52000045776367,27.21629524230957,4226,False
GXG,2020-01-16,39.52000045776367,39.52000045776367,39.0,39.279998779296875,27.0510196685791,9239,False
GXG,2020-01-17,39.08000183105469,39.41080093383789,39.033199310302734,39.279998779296875,27.0510196685791,4554,False
GXG,2020-01-21,38.959999084472656,39.31959915161133,38.52000045776367,38.91999816894531,26.80309295654297,4902,False
GXG,2020-01-22,38.91999816894531,38.95759963989258,38.84000015258789,38.84000015258789,26.74800682067871,1441,False
GXG,2020-01-23,38.880001068115234,39.279998779296875,38.599998474121094,39.119998931884766,26.940826416015625,53078,False
GXG,2020-01-24,38.91999816894531,38.91999816894531,38.400001525878906,38.47999954223633,26.500076293945312,2626,False
GXG,2020-01-27,37.81959915161133,38.18000030517578,37.68000030517578,37.880001068115234,26.086877822875977,2773,False
GXG,2020-01-28,37.7599983215332,38.119998931884766,37.7599983215332,37.880001068115234,26.086877822875977,1908,False
GXG,2020-01-29,38.0,38.0,37.7599983215332,37.880001068115234,26.086877822875977,970,False
GXG,2020-01-30,37.2400016784668,37.959999084472656,37.2400016784668,37.720001220703125,25.976694107055664,3727,False
GXG,2020-01-31,37.7599983215332,37.7599983215332,37.36000061035156,37.560001373291016,25.86650276184082,4366,False
GXG,2020-02-03,37.560001373291016,37.67959976196289,37.040000915527344,37.599998474121094,25.894046783447266,14148,False
GXG,2020-02-04,38.01919937133789,38.52000045776367,38.0,38.2400016784668,26.334800720214844,56330,False
GXG,2020-02-05,38.79999923706055,39.040000915527344,38.400001525878906,38.63999938964844,26.61026382446289,17902,False
GXG,2020-02-06,38.2400016784668,38.63999938964844,38.2400016784668,38.439998626708984,26.4725284576416,17292,False
GXG,2020-02-07,37.63999938964844,38.279998779296875,37.63999938964844,37.959999084472656,26.14197540283203,2107,False
GXG,2020-02-10,37.70000076293945,37.97999954223633,37.575199127197266,37.68000030517578,25.94914436340332,990,False
GXG,2020-02-11,37.720001220703125,37.97480010986328,37.68000030517578,37.880001068115234,26.086877822875977,45036,False
GXG,2020-02-12,37.84000015258789,38.399600982666016,37.52000045776367,38.31999969482422,26.389894485473633,4172,False
GXG,2020-02-13,38.36000061035156,39.08000183105469,38.119998931884766,38.880001068115234,26.775548934936523,38593,False
GXG,2020-02-14,38.36000061035156,38.86040115356445,38.36000061035156,38.560001373291016,26.555173873901367,27583,False
GXG,2020-02-18,38.20000076293945,38.58000183105469,38.20000076293945,38.439998626708984,26.4725284576416,1998,False
GXG,2020-02-19,38.439998626708984,38.7599983215332,38.439998626708984,38.599998474121094,26.582717895507812,863,False
GXG,2020-02-20,38.599998474121094,38.79999923706055,38.439998626708984,38.52000045776367,26.52762794494629,12678,False
GXG,2020-02-21,38.400001525878906,38.400001525878906,37.720001220703125,37.91999816894531,26.114425659179688,5583,False
GXG,2020-02-24,36.7599983215332,36.7599983215332,36.119998931884766,36.439998626708984,25.095184326171875,55409,False
GXG,2020-02-25,36.63999938964844,37.03960037231445,36.2599983215332,36.279998779296875,24.98499870300293,4375,False
GXG,2020-02-26,36.52000045776367,36.91999816894531,35.400001525878906,35.68000030517578,24.57179832458496,3350,False
GXG,2020-02-27,35.36000061035156,35.599998474121094,34.13520050048828,34.880001068115234,24.020864486694336,22095,False
GXG,2020-02-28,34.0,34.09159851074219,33.15999984741211,33.68000030517578,23.194456100463867,55844,False
GXG,2020-03-02,33.79999923706055,35.190399169921875,33.79999923706055,34.400001525878906,23.690303802490234,14332,False
GXG,2020-03-03,34.599998474121094,35.310001373291016,34.0,34.040000915527344,23.44237518310547,10279,False
GXG,2020-03-04,34.52000045776367,34.560001373291016,33.991600036621094,34.47999954223633,23.745391845703125,12085,False
GXG,2020-03-05,34.040000915527344,34.08000183105469,33.6328010559082,33.63999938964844,23.166908264160156,5876,False
GXG,2020-03-06,32.91999816894531,32.91999816894531,32.2400016784668,32.400001525878906,22.312957763671875,5472,False
GXG,2020-03-09,31.1200008392334,31.1200008392334,27.399999618530273,27.799999237060547,19.145065307617188,9982,True
GXG,2020-03-10,28.559999465942383,28.84000015258789,27.479999542236328,28.0,19.282804489135742,9002,False
GXG,2020-03-11,27.520000457763672,27.639999389648438,26.200000762939453,26.31999969482422,18.125831604003906,13632,False
GXG,2020-03-12,25.200000762939453,25.860000610351562,22.280000686645508,22.280000686645508,15.343600273132324,20610,True
GXG,2020-03-13,23.280000686645508,24.47960090637207,22.920000076293945,23.15999984741211,15.949633598327637,32722,False
GXG,2020-03-16,20.68000030517578,21.68000030517578,19.799999237060547,19.959999084472656,13.745882034301758,8884,True
GXG,2020-03-17,20.0,21.006000518798828,19.31999969482422,19.520000457763672,13.442870140075684,7347,False
GXG,2020-03-18,18.719999313354492,19.419599533081055,16.200000762939453,16.520000457763672,11.37685489654541,19989,True
GXG,2020-03-19,16.079999923706055,17.719999313354492,16.079999923706055,16.959999084472656,11.679868698120117,6147,False
GXG,2020-03-20,17.479999542236328,18.440000534057617,17.0,17.15999984741211,11.817604064941406,14670,False
GXG,2020-03-23,16.68000030517578,16.959999084472656,16.079999923706055,16.098400115966797,11.086509704589844,5004,False
GXG,2020-03-24,17.239999771118164,17.31999969482422,16.84000015258789,17.1200008392334,11.790055274963379,7656,False
GXG,2020-03-25,17.280000686645508,20.459999084472656,16.719999313354492,19.600000381469727,13.497962951660156,8278,True
GXG,2020-03-26,20.600000381469727,22.360000610351562,20.600000381469727,22.15999984741211,15.26095962524414,6833,True
GXG,2020-03-27,21.31999969482422,21.559999465942383,20.52199935913086,21.399999618530273,14.737570762634277,13404,False
GXG,2020-03-30,21.31999969482422,21.535999298095703,20.760000228881836,21.1200008392334,14.544743537902832,4409,False
GXG,2020-03-31,21.1200008392334,21.799999237060547,20.965599060058594,21.440000534057617,14.765118598937988,7158,False
GXG,2020-04-01,20.639999389648438,20.639999389648438,19.860000610351562,20.100000381469727,13.842297554016113,3651,False
GXG,2020-04-02,20.040000915527344,21.163999557495117,19.73200035095215,20.8799991607666,14.379459381103516,3326,False
GXG,2020-04-03,20.959999084472656,21.559999465942383,20.600000381469727,21.31999969482422,14.682476043701172,9295,False
GXG,2020-04-06,22.0,22.520000457763672,22.0,22.440000534057617,15.453789710998535,6102,False
GXG,2020-04-07,23.040000915527344,23.711200714111328,22.360000610351562,22.760000228881836,15.674162864685059,5899,False
GXG,2020-04-08,23.117599487304688,23.280000686645508,22.780000686645508,23.280000686645508,16.032272338867188,4220,False
GXG,2020-04-09,23.520000457763672,24.440000534057617,23.520000457763672,23.799999237060547,16.390380859375,3318,False
GXG,2020-04-13,23.288000106811523,23.799999237060547,22.84239959716797,23.479999542236328,16.170005798339844,5804,False
GXG,2020-04-14,23.719999313354492,24.31999969482422,23.600000381469727,23.8799991607666,16.445476531982422,3659,False
GXG,2020-04-15,23.639999389648438,24.239999771118164,22.8799991607666,23.54960060119629,16.217939376831055,2041,False
GXG,2020-04-16,23.399999618530273,23.875200271606445,22.860000610351562,22.8799991607666,15.756803512573242,3642,False
GXG,2020-04-17,23.760000228881836,23.799999237060547,22.84000015258789,23.440000534057617,16.1424617767334,5838,False
GXG,2020-04-20,22.84000015258789,23.239999771118164,22.84000015258789,23.15999984741211,15.949633598327637,7232,False
GXG,2020-04-21,22.559999465942383,22.559999465942383,20.84000015258789,21.399999618530273,14.737570762634277,27640,True
GXG,2020-04-22,21.68000030517578,22.15999984741211,20.870399475097656,21.31999969482422,14.682476043701172,13836,False
GXG,2020-04-23,22.360000610351562,22.799999237060547,21.0,21.540000915527344,14.833986282348633,6581,False
GXG,2020-04-24,21.920000076293945,21.959999084472656,20.959999084472656,21.280000686645508,14.654930114746094,8149,False
GXG,2020-04-27,21.520000457763672,21.920000076293945,20.760000228881836,21.360000610351562,14.710022926330566,18255,False
GXG,2020-04-28,22.239999771118164,22.520299911499023,21.239999771118164,22.40019989013672,15.426379203796387,33583,False
GXG,2020-04-29,22.045900344848633,23.09000015258789,22.045900344848633,22.490699768066406,15.488703727722168,9793,False
GXG,2020-04-30,22.09000015258789,23.377099990844727,21.600000381469727,22.420000076293945,15.44001579284668,119811,False
GXG,2020-05-01,21.549999237060547,21.850000381469727,20.739999771118164,21.270000457763672,14.648041725158691,7678,False
GXG,2020-05-04,21.270000457763672,21.882999420166016,21.270000457763672,21.882999420166016,15.070195198059082,3200,False
GXG,2020-05-05,21.5,22.530000686645508,21.5,21.981399536132812,15.137962341308594,7335,False
GXG,2020-05-06,21.920000076293945,21.989999771118164,21.272199630737305,21.645000457763672,14.906295776367188,15142,False
GXG,2020-05-07,21.889999389648438,22.061500549316406,21.270000457763672,21.92289924621582,15.097676277160645,26460,False
GXG,2020-05-08,22.0,22.639999389648438,22.0,22.520000457763672,15.508883476257324,2707,False
GXG,2020-05-11,22.549999237060547,22.549999237060547,21.8700008392334,22.219999313354492,15.302279472351074,4117,False
GXG,2020-05-12,22.06999969482422,22.09000015258789,21.799999237060547,21.799999237060547,15.013035774230957,5728,False
GXG,2020-05-13,21.479999542236328,21.479999542236328,20.3700008392334,20.489999771118164,14.11087703704834,5605,False
GXG,2020-05-14,20.545000076293945,20.729999542236328,20.440000534057617,20.440000534057617,14.076445579528809,3728,False
GXG,2020-05-15,20.1200008392334,20.795000076293945,20.1200008392334,20.690000534057617,14.248615264892578,4905,False
GXG,2020-05-18,21.11199951171875,21.940000534057617,21.11199951171875,21.369199752807617,14.71635913848877,9757,False
GXG,2020-05-19,21.479999542236328,21.7549991607666,21.18000030517578,21.309499740600586,14.675243377685547,17559,False
GXG,2020-05-20,21.40999984741211,22.020000457763672,21.40999984741211,21.86949920654297,15.060900688171387,3644,False
GXG,2020-05-21,22.34000015258789,22.34000015258789,22.020000457763672,22.020000457763672,15.16454792022705,2009,False
GXG,2020-05-22,21.969999313354492,22.09000015258789,21.8799991607666,22.058300018310547,15.190921783447266,1518,False
GXG,2020-05-26,22.389999389648438,22.559999465942383,22.299999237060547,22.309999465942383,15.364258766174316,7715,False
GXG,2020-05-27,22.079999923706055,22.543500900268555,22.020000457763672,22.543500900268555,15.525065422058105,1838,False
GXG,2020-05-28,22.975799560546875,22.975799560546875,22.360000610351562,22.850000381469727,15.736144065856934,7122,False
GXG,2020-05-29,22.812000274658203,22.860000610351562,22.21500015258789,22.515100479125977,15.505508422851562,5037,False
GXG,2020-06-01,22.530000686645508,23.40999984741211,22.530000686645508,23.1299991607666,15.928972244262695,3384,False
GXG,2020-06-02,23.520000457763672,24.059999465942383,23.520000457763672,23.83009910583496,16.41111183166504,5603,False
GXG,2020-06-03,24.200000762939453,25.020000457763672,24.200000762939453,25.01300048828125,17.22574234008789,12363,False
GXG,2020-06-04,24.770000457763672,25.489999771118164,24.770000457763672,25.407499313354492,17.497417449951172,8925,False
GXG,2020-06-05,25.860000610351562,26.5,25.80500030517578,26.299999237060547,18.112060546875,15581,False
GXG,2020-06-08,26.850000381469727,27.049999237060547,26.625,26.950000762939453,18.55970001220703,27134,False
GXG,2020-06-09,26.350000381469727,26.575000762939453,25.65999984741211,26.190000534057617,18.03630828857422,27025,False
GXG,2020-06-10,26.0,26.09000015258789,25.364299774169922,25.364299774169922,17.467670440673828,5647,False
GXG,2020-06-11,24.31999969482422,24.31999969482422,23.329999923706055,23.329999923706055,16.06670570373535,8645,True
GXG,2020-06-12,24.420000076293945,24.469999313354492,23.815000534057617,23.815000534057617,16.400712966918945,6196,False
GXG,2020-06-15,23.0,24.075000762939453,23.0,24.075000762939453,16.579763412475586,6428,False
GXG,2020-06-16,24.299999237060547,24.81999969482422,24.229999542236328,24.229999542236328,16.686508178710938,7086,False
GXG,2020-06-17,24.219999313354492,24.219999313354492,23.549999237060547,23.6289005279541,16.272550582885742,3399,False
GXG,2020-06-18,23.777999877929688,23.87929916381836,23.71969985961914,23.71969985961914,16.3350830078125,1138,False
GXG,2020-06-19,23.729999542236328,24.170000076293945,23.389999389648438,23.829999923706055,16.411039352416992,9820,False
GXG,2020-06-22,24.309900283813477,24.309900283813477,23.50160026550293,23.772600173950195,16.37151336669922,3653,False
GXG,2020-06-23,24.25,24.25,23.75,23.850000381469727,16.424814224243164,2424,False
GXG,2020-06-24,23.799999237060547,23.870399475097656,23.149999618530273,23.200000762939453,15.977180480957031,1831,False
GXG,2020-06-25,23.049999237060547,23.69499969482422,23.049999237060547,23.515899658203125,16.194726943969727,2692,False
GXG,2020-06-26,23.280000686645508,23.489999771118164,23.0,23.155899047851562,15.946808815002441,8213,False
GXG,2020-06-29,22.479999542236328,22.966100692749023,22.479999542236328,22.934999465942383,16.114688873291016,3602,False
GXG,2020-06-30,22.899999618530273,22.940000534057617,22.65999984741211,22.719999313354492,15.96362590789795,6769,False
GXG,2020-07-01,23.020000457763672,23.105100631713867,23.020000457763672,23.105100631713867,16.234207153320312,204,False
GXG,2020-07-02,23.290000915527344,23.649999618530273,23.290000915527344,23.44099998474121,16.470216751098633,5456,False
GXG,2020-07-06,24.489999771118164,24.489999771118164,23.8799991607666,23.969999313354492,16.841909408569336,13459,False
GXG,2020-07-07,24.125,24.200000762939453,24.110000610351562,24.1299991607666,16.954328536987305,1951,False
GXG,2020-07-08,24.969999313354492,24.969999313354492,24.34000015258789,24.389999389648438,17.137012481689453,4141,False
GXG,2020-07-09,24.607999801635742,24.607999801635742,24.290000915527344,24.334999084472656,17.09836769104004,1846,False
GXG,2020-07-10,24.260000228881836,24.510000228881836,24.139999389648438,24.3700008392334,17.12295913696289,5525,False
GXG,2020-07-13,24.325000762939453,24.690000534057617,24.280000686645508,24.290000915527344,17.06675148010254,4444,False
GXG,2020-07-14,24.21500015258789,24.31999969482422,24.09000015258789,24.1299991607666,16.954328536987305,19717,False
GXG,2020-07-15,24.450000762939453,24.506000518798828,24.360000610351562,24.360000610351562,17.11593246459961,2247,False
GXG,2020-07-16,24.449600219726562,24.449600219726562,24.449600219726562,24.449600219726562,17.17888641357422,229,False
GXG,2020-07-17,24.459999084472656,24.479999542236328,24.389999389648438,24.389999389648438,17.137012481689453,812,False
GXG,2020-07-20,24.329999923706055,24.422800064086914,24.07379913330078,24.100000381469727,16.933252334594727,6044,False
GXG,2020-07-21,24.010000228881836,24.599899291992188,24.010000228881836,24.586200714111328,17.274864196777344,2976,False
GXG,2020-07-22,24.578800201416016,24.989999771118164,24.578800201416016,24.920000076293945,17.509403228759766,12255,False
GXG,2020-07-23,24.975000381469727,25.010000228881836,24.81999969482422,24.915000915527344,17.505891799926758,1150,False
GXG,2020-07-24,25.010000228881836,25.010000228881836,24.502700805664062,24.596599578857422,17.28217315673828,2177,False
GXG,2020-07-27,24.540000915527344,24.969999313354492,24.540000915527344,24.958900451660156,17.53673553466797,3794,False
GXG,2020-07-28,24.479999542236328,24.479999542236328,24.479999542236328,24.479999542236328,17.200246810913086,248,False
GXG,2020-07-29,24.850000381469727,25.200000762939453,24.399999618530273,24.600000381469727,17.284561157226562,4485,False
GXG,2020-07-30,24.559999465942383,24.559999465942383,24.219999313354492,24.334999084472656,17.09836769104004,2720,False
GXG,2020-07-31,24.06999969482422,24.184999465942383,23.94499969482422,23.94499969482422,16.8243408203125,151500,False
GXG,2020-08-03,23.90999984741211,23.950000762939453,23.540000915527344,23.614299774169922,16.59198570251465,4061,False
GXG,2020-08-04,23.510000228881836,23.510000228881836,23.260000228881836,23.260000228881836,16.343048095703125,1496,False
GXG,2020-08-05,23.34000015258789,23.610000610351562,23.329999923706055,23.37380027770996,16.423002243041992,4912,False
GXG,2020-08-06,23.139999389648438,23.651399612426758,23.139999389648438,23.594999313354492,16.57842254638672,1853,False
GXG,2020-08-07,23.399999618530273,23.450000762939453,23.18000030517578,23.21500015258789,16.311429977416992,2477,False
GXG,2020-08-10,23.209999084472656,23.649999618530273,23.209999084472656,23.56279945373535,16.555801391601562,4521,False
GXG,2020-08-11,24.020000457763672,24.110000610351562,23.440000534057617,23.655000686645508,16.620582580566406,2821,False
GXG,2020-08-12,23.759899139404297,23.759899139404297,23.461700439453125,23.461700439453125,16.484766006469727,1496,False
GXG,2020-08-13,23.73200035095215,23.774999618530273,23.73200035095215,23.774999618530273,16.704896926879883,540,False
GXG,2020-08-14,23.778799057006836,23.920000076293945,23.459999084472656,23.594499588012695,16.57807159423828,2257,False
GXG,2020-08-17,23.68899917602539,23.829599380493164,23.59000015258789,23.59000015258789,16.57491111755371,587,False
GXG,2020-08-18,23.8700008392334,23.899999618530273,23.66830062866211,23.66830062866211,16.629924774169922,3012,False
GXG,2020-08-19,23.899999618530273,24.0,23.854999542236328,23.913999557495117,16.802560806274414,2538,False
GXG,2020-08-20,23.636499404907227,23.950000762939453,23.579999923706055,23.754100799560547,16.69021224975586,3020,False
GXG,2020-08-21,24.049999237060547,24.049999237060547,23.65999984741211,23.719999313354492,16.6662540435791,1735,False
GXG,2020-08-24,23.930099487304688,24.270000457763672,23.930099487304688,24.239999771118164,17.031618118286133,4373,False
GXG,2020-08-25,24.150100708007812,24.649999618530273,24.150100708007812,24.649999618530273,17.319692611694336,2000,False
GXG,2020-08-26,24.81999969482422,25.020000457763672,24.809999465942383,24.950000762939453,17.530481338500977,9593,False
GXG,2020-08-27,24.780000686645508,24.972700119018555,24.739999771118164,24.972700119018555,17.546430587768555,7118,False
GXG,2020-08-28,25.350000381469727,25.499799728393555,25.350000381469727,25.45490074157715,17.885234832763672,1598,False
GXG,2020-08-31,25.290000915527344,25.290000915527344,24.959999084472656,25.1299991607666,17.656951904296875,3017,False
GXG,2020-09-01,25.389999389648438,26.229999542236328,25.264999389648438,26.15999984741211,18.380653381347656,10803,False
GXG,2020-09-02,26.287099838256836,27.0,26.139999389648438,26.74880027770996,18.794361114501953,15135,False
GXG,2020-09-03,26.510000228881836,26.510000228881836,26.18000030517578,26.18000030517578,18.39470863342285,11699,False
GXG,2020-09-04,26.110000610351562,26.110000610351562,25.719999313354492,25.8700008392334,18.176895141601562,9858,False
GXG,2020-09-08,25.670000076293945,25.670000076293945,25.260000228881836,25.419099807739258,17.86008071899414,2405,False
GXG,2020-09-09,25.579999923706055,25.61400032043457,25.579999923706055,25.61400032043457,17.99702262878418,343,False
GXG,2020-09-10,25.600000381469727,25.860000610351562,25.299999237060547,25.299999237060547,17.776399612426758,5980,False
GXG,2020-09-11,25.399999618530273,25.420000076293945,25.15999984741211,25.15999984741211,17.678030014038086,3275,False
GXG,2020-09-14,25.229999542236328,25.229999542236328,24.8799991607666,24.886600494384766,17.48593521118164,1681,False
GXG,2020-09-15,25.010000228881836,25.199899673461914,24.876300811767578,24.876300811767578,17.47869873046875,1370,False
GXG,2020-09-16,24.809999465942383,24.920900344848633,24.809999465942383,24.920900344848633,17.510034561157227,798,False
GXG,2020-09-17,24.639999389648438,24.829700469970703,24.639999389648438,24.829700469970703,17.445955276489258,1894,False
GXG,2020-09-18,24.649999618530273,24.680299758911133,24.53499984741211,24.610000610351562,17.291589736938477,12509,False
GXG,2020-09-21,24.34000015258789,24.34000015258789,24.010000228881836,24.25,17.038644790649414,2168,False
GXG,2020-09-22,24.299999237060547,24.299999237060547,24.149999618530273,24.15999984741211,16.975406646728516,1322,False
GXG,2020-09-23,23.93000030517578,24.045000076293945,23.5,23.5,16.511672973632812,3101,False
GXG,2020-09-24,23.270000457763672,23.56999969482422,23.270000457763672,23.463699340820312,16.486169815063477,35381,False
GXG,2020-09-25,23.571399688720703,23.571399688720703,23.28339958190918,23.28339958190918,16.359487533569336,411,False
GXG,2020-09-28,23.65999984741211,23.81999969482422,23.516599655151367,23.516599655151367,16.523338317871094,1892,False
GXG,2020-09-29,23.520000457763672,23.520000457763672,23.325000762939453,23.325000762939453,16.388713836669922,1400,False
GXG,2020-09-30,23.389999389648438,23.563899993896484,23.389999389648438,23.450000762939453,16.476547241210938,2602,False
GXG,2020-10-01,23.31999969482422,23.391700744628906,23.209999084472656,23.24850082397461,16.3349666595459,2898,False
GXG,2020-10-02,23.427900314331055,23.427900314331055,23.0,23.20989990234375,16.307844161987305,8644,False
GXG,2020-10-05,23.350000381469727,23.6299991607666,23.350000381469727,23.6299991607666,16.603015899658203,5237,False
GXG,2020-10-06,24.020000457763672,24.059499740600586,23.450000762939453,23.615400314331055,16.592758178710938,1081,False
GXG,2020-10-07,23.549999237060547,23.549999237060547,23.299999237060547,23.46739959716797,16.488767623901367,3001,False
GXG,2020-10-08,23.84000015258789,24.079999923706055,23.642000198364258,23.73940086364746,16.679882049560547,4692,False
GXG,2020-10-09,23.959999084472656,24.34000015258789,23.959999084472656,24.290000915527344,17.06675148010254,12716,False
GXG,2020-10-12,23.790000915527344,24.18000030517578,23.75,24.138500213623047,16.960302352905273,2852,False
GXG,2020-10-13,23.940000534057617,23.940000534057617,23.43000030517578,23.57710075378418,16.565847396850586,6305,False
GXG,2020-10-14,23.600000381469727,23.690000534057617,23.57990074157715,23.690000534057617,16.645174026489258,5587,False
GXG,2020-10-15,23.219999313354492,23.739999771118164,23.1200008392334,23.685300827026367,16.641868591308594,2312,False
GXG,2020-10-16,23.860000610351562,23.8700008392334,23.53700065612793,23.53700065612793,16.53767204284668,3048,False
GXG,2020-10-19,23.809999465942383,23.850000381469727,23.6299991607666,23.735000610351562,16.67679214477539,12541,False
GXG,2020-10-20,23.68000030517578,24.209999084472656,23.610000610351562,24.170000076293945,16.982433319091797,22848,False
GXG,2020-10-21,23.8700008392334,24.530000686645508,23.84000015258789,24.492700576782227,17.209171295166016,20961,False
GXG,2020-10-22,24.485000610351562,24.485000610351562,24.41510009765625,24.41510009765625,17.154645919799805,233,False
GXG,2020-10-23,24.389999389648438,24.399999618530273,24.190200805664062,24.190200805664062,16.996627807617188,1796,False
GXG,2020-10-26,24.020000457763672,24.049999237060547,23.860000610351562,23.881399154663086,16.77965545654297,3353,False
GXG,2020-10-27,24.170000076293945,24.170000076293945,23.945100784301758,23.945100784301758,16.824411392211914,542,False
GXG,2020-10-28,23.670000076293945,23.670000076293945,23.0,23.0,16.160362243652344,4697,False
GXG,2020-10-29,22.979999542236328,22.979999542236328,22.6299991607666,22.6299991607666,15.900391578674316,17728,False
GXG,2020-10-30,22.719999313354492,23.053300857543945,22.719999313354492,23.053300857543945,16.19781494140625,15769,False
GXG,2020-11-02,23.209999084472656,23.6299991607666,23.209999084472656,23.5314998626709,16.5338077545166,3143,False
GXG,2020-11-03,23.729999542236328,23.889999389648438,23.639999389648438,23.780000686645508,16.708410263061523,2480,False
GXG,2020-11-04,23.950000762939453,24.389999389648438,23.780000686645508,24.1200008392334,16.947301864624023,26615,False
GXG,2020-11-05,24.200000762939453,24.5,24.200000762939453,24.304800033569336,17.077150344848633,6239,False
GXG,2020-11-06,24.290000915527344,24.690000534057617,24.290000915527344,24.680400848388672,17.34105110168457,4589,False
GXG,2020-11-09,25.31999969482422,26.15999984741211,25.31999969482422,26.079999923706055,18.324445724487305,9695,False
GXG,2020-11-10,25.90999984741211,26.3700008392334,25.860000610351562,26.36400032043457,18.52399253845215,20456,False
GXG,2020-11-11,26.264999389648438,26.5,26.264999389648438,26.329999923706055,18.500102996826172,1583,False
GXG,2020-11-12,26.549999237060547,26.549999237060547,25.719999313354492,26.229999542236328,18.429840087890625,69424,False
GXG,2020-11-13,26.06999969482422,26.270000457763672,25.6200008392334,25.989999771118164,18.26120948791504,21177,False
GXG,2020-11-16,26.260000228881836,26.670000076293945,26.260000228881836,26.670000076293945,18.738994598388672,5409,False
GXG,2020-11-17,26.5,26.899999618530273,26.309999465942383,26.374099731445312,18.531085968017578,4242,False
GXG,2020-11-18,26.3799991607666,26.93000030517578,26.260000228881836,26.3799991607666,18.535234451293945,16713,False
GXG,2020-11-19,26.260000228881836,26.639999389648438,26.260000228881836,26.489999771118164,18.612524032592773,3097,False
GXG,2020-11-20,26.81559944152832,26.86989974975586,26.559999465942383,26.69890022277832,18.75929832458496,751,False
GXG,2020-11-23,27.100000381469727,27.1200008392334,26.565000534057617,27.1200008392334,19.055177688598633,6385,False
GXG,2020-11-24,27.84000015258789,27.84000015258789,27.25,27.75,19.49782943725586,13262,False
GXG,2020-11-25,27.540000915527344,28.0,27.209999084472656,27.768600463867188,19.510896682739258,11118,False
GXG,2020-11-27,27.739999771118164,27.969999313354492,27.610000610351562,27.799999237060547,19.532958984375,2662,False
GXG,2020-11-30,27.579999923706055,27.780000686645508,27.18000030517578,27.5314998626709,19.34430694580078,8576,False
GXG,2020-12-01,28.039600372314453,28.600000381469727,28.039600372314453,28.34000015258789,19.912378311157227,34160,False
GXG,2020-12-02,28.170000076293945,28.8700008392334,27.969999313354492,28.8700008392334,20.284767150878906,12407,False
GXG,2020-12-03,28.958599090576172,29.469999313354492,28.920000076293945,29.263900756835938,20.56153106689453,8789,False
GXG,2020-12-04,29.030000686645508,30.18000030517578,28.979999542236328,30.172700881958008,21.20008087158203,11071,False
GXG,2020-12-07,29.84000015258789,30.850000381469727,29.6299991607666,30.649999618530273,21.53544044494629,14046,False
GXG,2020-12-08,30.5,30.65169906616211,30.5,30.559999465942383,21.472204208374023,3772,False
GXG,2020-12-09,30.6299991607666,31.0,30.6299991607666,30.75,21.60569953918457,27396,False
GXG,2020-12-10,30.940000534057617,31.950000762939453,30.940000534057617,31.412099838256836,22.070911407470703,6966,False
GXG,2020-12-11,31.459999084472656,31.639999389648438,30.729000091552734,31.200000762939453,21.921884536743164,10251,False
GXG,2020-12-14,31.8799991607666,32.66999816894531,31.35140037536621,31.8700008392334,22.392641067504883,8717,False
GXG,2020-12-15,32.189998626708984,32.900001525878906,32.04719924926758,32.59000015258789,22.898530960083008,5760,False
GXG,2020-12-16,32.65169906616211,32.755001068115234,32.18410110473633,32.54999923706055,22.870424270629883,39809,False
GXG,2020-12-17,32.56999969482422,33.15999984741211,32.56999969482422,33.14870071411133,23.291088104248047,17985,False
GXG,2020-12-18,32.869998931884766,33.38999938964844,32.51350021362305,33.35530090332031,23.436250686645508,11424,False
GXG,2020-12-21,32.5,32.5,31.559999465942383,31.799999237060547,22.34345817565918,22971,False
GXG,2020-12-22,31.610000610351562,31.989999771118164,31.45039939880371,31.700000762939453,22.273197174072266,13001,False
GXG,2020-12-23,31.860000610351562,32.349998474121094,31.610000610351562,31.729999542236328,22.294273376464844,4944,False
GXG,2020-12-24,32.099998474121094,32.16999816894531,31.795000076293945,32.0,22.48398208618164,2789,False
GXG,2020-12-28,31.959999084472656,32.19070053100586,31.942100524902344,32.13999938964844,22.58234977722168,7827,False
GXG,2020-12-29,32.279998779296875,32.75,32.27000045776367,32.65999984741211,22.947715759277344,2270,False
GXG,2020-12-30,32.630001068115234,32.6797981262207,32.43000030517578,32.63629913330078,23.349136352539062,3963,False
GXG,2020-12-31,32.79999923706055,32.79999923706055,32.07500076293945,32.38999938964844,23.172924041748047,3921,False
GXG,2021-01-04,32.88999938964844,32.88999938964844,31.625,31.959999084472656,22.865285873413086,13215,False
GXG,2021-01-05,31.739999771118164,32.11159896850586,31.5,32.09000015258789,22.958293914794922,6183,False
GXG,2021-01-06,31.989999771118164,33.09000015258789,31.823999404907227,32.54999923706055,23.28739356994629,43893,False
GXG,2021-01-07,32.880001068115234,33.04999923706055,32.209999084472656,32.61000061035156,23.330322265625,21150,False
GXG,2021-01-08,32.939998626708984,32.939998626708984,32.349998474121094,32.52000045776367,23.265932083129883,8127,False
GXG,2021-01-11,32.5,32.5,32.07120132446289,32.150001525878906,23.001222610473633,33635,False
GXG,2021-01-12,32.07500076293945,33.099998474121094,32.07500076293945,32.788299560546875,23.457881927490234,30003,False
GXG,2021-01-13,33.04999923706055,33.04999923706055,32.31999969482422,32.5099983215332,23.25877571105957,8781,False
GXG,2021-01-14,32.5099983215332,32.90999984741211,32.31999969482422,32.88999938964844,23.530643463134766,9464,False
GXG,2021-01-15,32.369998931884766,32.744998931884766,32.3307991027832,32.664798736572266,23.36952781677246,5381,False
GXG,2021-01-19,32.75,32.880001068115234,32.260101318359375,32.52939987182617,23.272655487060547,3835,False
GXG,2021-01-20,32.65999984741211,32.81999969482422,32.4900016784668,32.81999969482422,23.480558395385742,4680,False
GXG,2021-01-21,32.4900016784668,32.84579849243164,32.3130989074707,32.3130989074707,23.11790657043457,949,False
GXG,2021-01-22,31.940000534057617,31.940000534057617,30.670000076293945,30.670000076293945,21.9423770904541,27701,False
GXG,2021-01-25,30.989999771118164,30.989999771118164,30.100000381469727,30.34000015258789,21.706283569335938,8822,False
GXG,2021-01-26,30.2052001953125,30.2052001953125,30.0,30.01490020751953,21.473697662353516,4923,False
GXG,2021-01-27,29.770000457763672,29.770000457763672,29.25,29.329999923706055,20.98369598388672,52454,False
GXG,2021-01-28,29.229999542236328,29.75,29.229999542236328,29.600000381469727,21.176862716674805,7114,False
GXG,2021-01-29,29.56999969482422,29.75,29.5,29.540000915527344,21.133935928344727,11600,False
GXG,2021-02-01,29.68000030517578,29.75,29.228300094604492,29.440000534057617,21.06239128112793,17920,False
GXG,2021-02-02,29.790000915527344,30.399999618530273,29.739999771118164,30.15999984741211,21.57750701904297,19721,False
GXG,2021-02-03,30.030000686645508,30.1200008392334,29.90999984741211,29.979999542236328,21.448728561401367,15129,False
GXG,2021-02-04,30.18000030517578,30.429899215698242,29.280000686645508,30.270000457763672,21.656204223632812,8766,False
GXG,2021-02-05,30.260000228881836,30.260000228881836,29.72949981689453,29.979999542236328,21.448728561401367,8285,False
GXG,2021-02-08,30.309999465942383,30.773000717163086,29.899999618530273,30.07710075378418,21.518198013305664,4179,False
GXG,2021-02-09,30.06999969482422,30.170000076293945,29.3799991607666,30.129199981689453,21.55546760559082,3006,False
GXG,2021-02-10,30.219999313354492,30.700000762939453,30.219999313354492,30.26490020751953,21.652555465698242,10672,False
GXG,2021-02-11,30.260000228881836,30.360000610351562,30.219999313354492,30.290000915527344,21.670513153076172,3039,False
GXG,2021-02-12,29.920000076293945,30.43000030517578,29.920000076293945,30.264799118041992,21.652482986450195,3993,False
GXG,2021-02-16,30.489999771118164,30.489999771118164,29.889999389648438,30.1200008392334,21.548887252807617,2354,False
GXG,2021-02-17,29.996999740600586,30.303300857543945,29.979999542236328,30.303300857543945,21.680028915405273,1347,False
GXG,2021-02-18,29.961000442504883,30.389999389648438,29.961000442504883,30.085100173950195,21.5239200592041,6644,False
GXG,2021-02-19,29.91349983215332,30.010000228881836,29.649999618530273,29.7539005279541,21.286970138549805,3177,False
GXG,2021-02-22,29.489999771118164,29.8799991607666,29.309999465942383,29.5,21.10531997680664,8328,False
GXG,2021-02-23,29.780000686645508,29.850000381469727,29.399999618530273,29.399999618530273,21.033771514892578,3125,False
GXG,2021-02-24,29.399999618530273,30.0,29.399999618530273,29.998699188232422,21.46210479736328,2224,False
GXG,2021-02-25,30.5,30.5,29.389999389648438,29.389999389648438,21.02661895751953,6615,False
GXG,2021-02-26,29.31999969482422,29.31999969482422,28.5039005279541,28.649999618530273,20.4971981048584,9392,False
GXG,2021-03-01,29.31999969482422,29.479999542236328,29.260000228881836,29.260000228881836,20.93361473083496,4177,False
GXG,2021-03-02,29.260000228881836,29.43000030517578,29.049999237060547,29.225000381469727,20.9085750579834,2048,False
GXG,2021-03-03,29.200000762939453,29.200000762939453,29.094999313354492,29.094999313354492,20.815568923950195,1140,False
GXG,2021-03-04,29.280000686645508,29.280000686645508,28.850000381469727,28.880800247192383,20.662322998046875,2542,False
GXG,2021-03-05,29.18000030517578,29.309999465942383,28.858299255371094,29.309999465942383,20.969385147094727,7605,False
GXG,2021-03-08,29.239999771118164,29.729999542236328,29.219999313354492,29.534500122070312,21.1299991607666,18803,False
GXG,2021-03-09,29.93000030517578,30.0,29.350000381469727,29.739999771118164,21.277023315429688,43811,False
GXG,2021-03-10,29.93000030517578,29.950000762939453,29.6200008392334,29.950000762939453,21.427263259887695,8839,False
GXG,2021-03-11,30.31999969482422,30.31999969482422,30.059999465942383,30.078399658203125,21.519126892089844,6453,False
GXG,2021-03-12,29.959999084472656,30.06999969482422,29.959999084472656,30.022499084472656,21.4791316986084,641,False
GXG,2021-03-15,30.0,30.375,30.0,30.14240074157715,21.56491470336914,4131,False
GXG,2021-03-16,30.049999237060547,30.244300842285156,30.049999237060547,30.244300842285156,21.6378173828125,243,False
GXG,2021-03-17,29.945600509643555,29.945600509643555,29.945600509643555,29.945600509643555,21.424118041992188,396,False
GXG,2021-03-18,29.979999542236328,30.06999969482422,29.6200008392334,29.917200088500977,21.403797149658203,5613,False
GXG,2021-03-19,29.75,29.799999237060547,29.65999984741211,29.729999542236328,21.26987075805664,2721,False
GXG,2021-03-22,29.8799991607666,29.8799991607666,29.530000686645508,29.68400001525879,21.236957550048828,4052,False
GXG,2021-03-23,29.360000610351562,29.360000610351562,28.999099731445312,29.042499542236328,20.77800750732422,4714,False
GXG,2021-03-24,28.709999084472656,29.0,28.399999618530273,28.6200008392334,20.475736618041992,44654,False
GXG,2021-03-25,28.649999618530273,28.649999618530273,28.3700008392334,28.593700408935547,20.456920623779297,1991,False
GXG,2021-03-26,28.899999618530273,28.950000762939453,28.609500885009766,28.609500885009766,20.46822738647461,1169,False
GXG,2021-03-29,28.479999542236328,28.69729995727539,28.479999542236328,28.69729995727539,20.531038284301758,253,False
GXG,2021-03-30,28.700000762939453,28.700000762939453,28.399999618530273,28.49799919128418,20.388452529907227,1036,False
GXG,2021-03-31,28.614999771118164,28.89929962158203,28.614999771118164,28.889999389648438,20.668903350830078,2926,False
GXG,2021-04-01,29.0,29.17620086669922,28.979999542236328,29.010000228881836,20.754756927490234,3776,False
GXG,2021-04-05,29.010000228881836,29.280000686645508,28.959999084472656,29.100000381469727,20.81914520263672,17214,False
GXG,2021-04-06,29.030000686645508,29.235000610351562,29.0,29.0,20.747602462768555,7366,False
GXG,2021-04-07,28.989999771118164,29.3799991607666,28.959999084472656,29.220600128173828,20.905426025390625,6953,False
GXG,2021-04-08,29.20009994506836,29.405000686645508,29.20009994506836,29.405000686645508,21.037353515625,2344,False
GXG,2021-04-09,29.40999984741211,29.5,29.329999923706055,29.3700008392334,21.012311935424805,38773,False
GXG,2021-04-12,29.399999618530273,29.399999618530273,29.059999465942383,29.110000610351562,20.826297760009766,3916,False
GXG,2021-04-13,29.030000686645508,29.054100036621094,28.770000457763672,28.950000762939453,20.711830139160156,6419,False
GXG,2021-04-14,28.959999084472656,29.110000610351562,28.690000534057617,29.110000610351562,20.826297760009766,46153,False
GXG,2021-04-15,29.100000381469727,29.479999542236328,29.100000381469727,29.458900451660156,21.075916290283203,4891,False
GXG,2021-04-16,29.719999313354492,29.8700008392334,29.579999923706055,29.780000686645508,21.305641174316406,42732,False
GXG,2021-04-19,29.510000228881836,29.510000228881836,29.0,29.209999084472656,20.897844314575195,55824,False
GXG,2021-04-20,29.052000045776367,29.280000686645508,28.829999923706055,28.88479995727539,20.665184020996094,4242,False
GXG,2021-04-21,28.729999542236328,29.05500030517578,28.6299991607666,28.8700008392334,20.65459442138672,43264,False
GXG,2021-04-22,29.010000228881836,29.060100555419922,28.559999465942383,28.715599060058594,20.544132232666016,5772,False
GXG,2021-04-23,28.739999771118164,29.020000457763672,28.600000381469727,28.600000381469727,20.461427688598633,5249,False
GXG,2021-04-26,28.700000762939453,28.700000762939453,28.190000534057617,28.244800567626953,20.207304000854492,5989,False
GXG,2021-04-27,28.389999389648438,28.389999389648438,28.154600143432617,28.154600143432617,20.142772674560547,3719,False
GXG,2021-04-28,28.09000015258789,28.399999618530273,28.09000015258789,28.34000015258789,20.275415420532227,2275,False
GXG,2021-04-29,28.1200008392334,28.1200008392334,27.99139976501465,27.99139976501465,20.026012420654297,1438,False
GXG,2021-04-30,27.899999618530273,27.899999618530273,27.06999969482422,27.199899673461914,19.459747314453125,2760,False
GXG,2021-05-03,27.020000457763672,27.04840087890625,26.290000915527344,26.348899841308594,18.850914001464844,32918,False
GXG,2021-05-04,26.200000762939453,26.540000915527344,25.81999969482422,25.959999084472656,18.57267951965332,11100,False
GXG,2021-05-05,26.3700008392334,26.389999389648438,26.170000076293945,26.170000076293945,18.722923278808594,5679,False
GXG,2021-05-06,26.315000534057617,26.889999389648438,26.299999237060547,26.889999389648438,19.238035202026367,13212,False
GXG,2021-05-07,27.15999984741211,27.639999389648438,27.15999984741211,27.639999389648438,19.774608612060547,2717,False
GXG,2021-05-10,27.540000915527344,28.889999389648438,27.540000915527344,28.81999969482422,20.618824005126953,51236,False
GXG,2021-05-11,28.280000686645508,28.780000686645508,28.190000534057617,28.56999969482422,20.439966201782227,10130,False
GXG,2021-05-12,28.309999465942383,28.530000686645508,28.059999465942383,28.079999923706055,20.08940315246582,4756,False
GXG,2021-05-13,28.260000228881836,28.360000610351562,27.979999542236328,28.0,20.032167434692383,2006,False
GXG,2021-05-14,28.25,28.860000610351562,28.25,28.559999465942383,20.432809829711914,14768,False
GXG,2021-05-17,28.329999923706055,28.43000030517578,28.22800064086914,28.43000030517578,20.339801788330078,2894,False
GXG,2021-05-18,28.56999969482422,28.639999389648438,28.489999771118164,28.520000457763672,20.404191970825195,2803,False
GXG,2021-05-19,28.239999771118164,28.31999969482422,27.8799991607666,28.110000610351562,20.110864639282227,3242,False
GXG,2021-05-20,27.8799991607666,28.045000076293945,27.320999145507812,27.43000030517578,19.624372482299805,7185,False
GXG,2021-05-21,27.690000534057617,27.899999618530273,27.15999984741211,27.260000228881836,19.50274658203125,43535,False
GXG,2021-05-24,27.75,27.75,27.100000381469727,27.100000381469727,19.388275146484375,5728,False
GXG,2021-05-25,27.270000457763672,27.59000015258789,26.93000030517578,26.989999771118164,19.309579849243164,4288,False
GXG,2021-05-26,27.239999771118164,27.239999771118164,26.700000762939453,26.700000762939453,19.10210609436035,3075,False
GXG,2021-05-27,26.8799991607666,27.08989906311035,26.8799991607666,26.979999542236328,19.302427291870117,2728,False
GXG,2021-05-28,26.989999771118164,27.270000457763672,26.989999771118164,27.270000457763672,19.50990104675293,2653,False
GXG,2021-06-01,27.540000915527344,28.170000076293945,27.540000915527344,28.06679916381836,20.079957962036133,14590,False
GXG,2021-06-02,28.309999465942383,28.739999771118164,28.079999923706055,28.56999969482422,20.439966201782227,52199,False
GXG,2021-06-03,28.440000534057617,28.549999237060547,28.100000381469727,28.549999237060547,20.425655364990234,5110,False
GXG,2021-06-04,28.709999084472656,29.100000381469727,28.709999084472656,29.100000381469727,20.81914520263672,3452,False
GXG,2021-06-07,29.059999465942383,29.059999465942383,28.700000762939453,28.959999084472656,20.718982696533203,5348,False
GXG,2021-06-08,28.690000534057617,29.260000228881836,28.690000534057617,29.11829948425293,20.83224105834961,10968,False
GXG,2021-06-09,29.399999618530273,29.437999725341797,29.139999389648438,29.23509979248047,20.915803909301758,12787,False
GXG,2021-06-10,29.280099868774414,29.334999084472656,29.280099868774414,29.3080997467041,20.96802520751953,1008,False
GXG,2021-06-11,29.309999465942383,29.309999465942383,29.030000686645508,29.25,20.92646026611328,3740,False
GXG,2021-06-14,29.299999237060547,29.389999389648438,28.950000762939453,28.960399627685547,20.719270706176758,3593,False
GXG,2021-06-15,28.75,28.770000457763672,28.41010093688965,28.530000686645508,20.411344528198242,6142,False
GXG,2021-06-16,28.350000381469727,28.549999237060547,28.110000610351562,28.329999923706055,20.268259048461914,46400,False
GXG,2021-06-17,28.280000686645508,28.290000915527344,27.510000228881836,27.799999237060547,19.889080047607422,5080,False
GXG,2021-06-18,27.59000015258789,27.729999542236328,27.2810001373291,27.639999389648438,19.774608612060547,9167,False
GXG,2021-06-21,27.56999969482422,27.790000915527344,27.540000915527344,27.56369972229004,19.720020294189453,4685,False
GXG,2021-06-22,27.511499404907227,27.61840057373047,27.46500015258789,27.61840057373047,19.759159088134766,8810,False
GXG,2021-06-23,27.829999923706055,27.850099563598633,27.500999450683594,27.607900619506836,19.751644134521484,7267,False
GXG,2021-06-24,27.59000015258789,28.56999969482422,27.59000015258789,28.514999389648438,20.40061378479004,13773,False
GXG,2021-06-25,28.719999313354492,28.90999984741211,28.700000762939453,28.790000915527344,20.59735870361328,46153,False
GXG,2021-06-28,28.579999923706055,28.620100021362305,28.579999923706055,28.6200008392334,20.475736618041992,1768,False
GXG,2021-06-29,28.200000762939453,28.200000762939453,27.770000457763672,27.770000457763672,20.064172744750977,2591,False
GXG,2021-06-30,27.8700008392334,27.950000762939453,27.829999923706055,27.8700008392334,20.136425018310547,3931,False
GXG,2021-07-01,27.840099334716797,27.840099334716797,27.680099487304688,27.72369956970215,20.03072166442871,4275,False
GXG,2021-07-02,27.510000228881836,28.530000686645508,27.25,28.530000686645508,20.61328125,3093,False
GXG,2021-07-06,28.540000915527344,28.540000915527344,27.920000076293945,28.020000457763672,20.244802474975586,2786,False
GXG,2021-07-07,27.969999313354492,27.969999313354492,27.508800506591797,27.700000762939453,20.013599395751953,103949,False
GXG,2021-07-08,27.309999465942383,27.96500015258789,27.229999542236328,27.600000381469727,19.94134521484375,48550,False
GXG,2021-07-09,28.135000228881836,28.135000228881836,27.979999542236328,27.9867000579834,20.220741271972656,709,False
GXG,2021-07-12,27.6200008392334,28.0,27.6200008392334,28.0,20.230350494384766,5355,False
GXG,2021-07-13,27.989999771118164,28.024999618530273,27.760000228881836,27.911500930786133,20.166410446166992,1883,False
GXG,2021-07-14,27.920000076293945,28.256000518798828,27.860000610351562,27.877199172973633,20.141626358032227,1929,False
GXG,2021-07-15,27.8700008392334,27.8700008392334,27.5,27.579999923706055,19.926895141601562,2753,False
GXG,2021-07-16,27.780000686645508,27.780000686645508,27.559999465942383,27.559999465942383,19.912446975708008,538,False
GXG,2021-07-19,26.891199111938477,26.93000030517578,26.530000686645508,26.53459930419922,19.171581268310547,5011,False
GXG,2021-07-20,26.5,26.889999389648438,26.5,26.889999389648438,19.428363800048828,8471,False
GXG,2021-07-21,27.020000457763672,27.209999084472656,26.94499969482422,26.950000762939453,19.471712112426758,2795,False
GXG,2021-07-22,26.829999923706055,26.829999923706055,26.690000534057617,26.690000534057617,19.28386116027832,687,False
GXG,2021-07-23,26.84000015258789,26.84000015258789,26.72249984741211,26.72249984741211,19.307342529296875,1559,False
GXG,2021-07-26,26.825000762939453,26.825000762939453,26.469999313354492,26.682600021362305,19.278512954711914,3983,False
GXG,2021-07-27,26.674999237060547,26.68000030517578,26.490299224853516,26.490299224853516,19.139570236206055,827,False
GXG,2021-07-28,26.649999618530273,26.684999465942383,26.549999237060547,26.684999465942383,19.28024673461914,666,False
GXG,2021-07-29,26.940000534057617,26.989900588989258,26.940000534057617,26.979999542236328,19.493391036987305,3425,False
GXG,2021-07-30,26.979999542236328,26.979999542236328,26.43000030517578,26.49920082092285,19.146005630493164,1531,False
GXG,2021-08-02,26.450000762939453,26.79990005493164,26.35420036315918,26.35420036315918,19.041240692138672,4408,False
GXG,2021-08-03,26.31999969482422,26.31999969482422,26.0,26.18000030517578,18.915380477905273,4913,False
GXG,2021-08-04,26.299999237060547,26.329999923706055,26.260000228881836,26.281999588012695,18.989070892333984,2788,False
GXG,2021-08-05,26.3700008392334,26.3700008392334,26.100000381469727,26.100000381469727,18.857576370239258,1878,False
GXG,2021-08-06,25.899999618530273,25.90999984741211,25.850000381469727,25.860000610351562,18.684173583984375,1550,False
GXG,2021-08-09,25.770000457763672,25.860000610351562,25.770000457763672,25.809999465942383,18.648048400878906,2584,False
GXG,2021-08-10,25.719999313354492,26.096799850463867,25.709999084472656,26.096799850463867,18.85526466369629,1960,False
GXG,2021-08-11,26.43000030517578,26.43000030517578,26.139999389648438,26.369300842285156,19.05215072631836,6971,False
GXG,2021-08-12,27.399999618530273,27.399999618530273,26.969200134277344,27.09589958190918,19.577129364013672,5235,False
GXG,2021-08-13,27.3799991607666,27.3799991607666,27.25,27.299999237060547,19.724592208862305,3284,False
GXG,2021-08-16,27.200000762939453,27.350000381469727,27.1299991607666,27.183900833129883,19.64070701599121,3102,False
GXG,2021-08-17,27.27989959716797,27.420000076293945,27.010000228881836,27.420000076293945,19.811294555664062,9197,False
GXG,2021-08-18,27.40999984741211,28.40999984741211,27.40999984741211,28.304000854492188,20.449996948242188,6082,False
GXG,2021-08-19,28.06999969482422,28.15999984741211,27.799999237060547,28.072399139404297,20.28265953063965,11443,False
GXG,2021-08-20,28.100000381469727,28.31999969482422,28.100000381469727,28.314800262451172,20.45779800415039,2063,False
GXG,2021-08-23,28.5,28.549999237060547,28.299999237060547,28.305500030517578,20.451078414916992,4567,False
GXG,2021-08-24,28.40999984741211,28.700000762939453,27.8700008392334,28.488000869750977,20.582935333251953,13038,False
GXG,2021-08-25,28.299999237060547,28.390100479125977,28.250999450683594,28.295400619506836,20.443782806396484,2644,False
GXG,2021-08-26,28.399999618530273,28.41939926147461,28.010000228881836,28.081100463867188,20.28894805908203,5679,False
GXG,2021-08-27,28.3799991607666,28.579999923706055,28.31999969482422,28.56089973449707,20.635610580444336,1994,False
GXG,2021-08-30,28.559999465942383,28.88990020751953,28.559999465942383,28.705900192260742,20.740371704101562,5968,False
GXG,2021-08-31,28.860000610351562,28.983600616455078,28.810100555419922,28.9783992767334,20.937257766723633,4317,False
GXG,2021-09-01,28.999900817871094,29.139999389648438,28.920000076293945,29.05500030517578,20.992603302001953,3164,False
GXG,2021-09-02,29.170000076293945,29.170000076293945,29.059999465942383,29.094499588012695,21.021141052246094,1620,False
GXG,2021-09-03,29.110000610351562,29.110000610351562,28.777599334716797,28.777599334716797,20.79217529296875,642,False
GXG,2021-09-07,28.940000534057617,28.940000534057617,28.612699508666992,28.612699508666992,20.67303466796875,556,False
GXG,2021-09-08,28.40999984741211,28.40999984741211,28.329999923706055,28.399999618530273,20.519357681274414,6912,False
GXG,2021-09-09,28.219999313354492,28.450000762939453,28.209999084472656,28.420000076293945,20.533803939819336,4363,False
GXG,2021-09-10,28.6200008392334,28.6200008392334,28.16939926147461,28.31999969482422,20.4615535736084,5706,False
GXG,2021-09-13,28.450000762939453,28.5,28.309999465942383,28.318300247192383,20.460329055786133,2020,False
GXG,2021-09-14,28.229999542236328,28.229999542236328,28.09000015258789,28.09000015258789,20.295377731323242,1032,False
GXG,2021-09-15,28.399999618530273,28.629899978637695,28.379199981689453,28.542600631713867,20.622386932373047,3658,False
GXG,2021-09-16,28.469999313354492,28.639999389648438,28.360000610351562,28.55940055847168,20.634525299072266,6699,False
GXG,2021-09-17,28.600000381469727,28.600000381469727,28.31999969482422,28.420000076293945,20.533803939819336,45218,False
GXG,2021-09-20,28.09000015258789,28.09000015258789,27.65999984741211,27.799999237060547,20.08584976196289,3533,False
GXG,2021-09-21,27.850000381469727,27.959999084472656,27.559999465942383,27.59000015258789,19.934120178222656,54700,False
GXG,2021-09-22,28.020000457763672,28.173599243164062,28.020000457763672,28.173599243164062,20.35578155517578,487,False
GXG,2021-09-23,28.360000610351562,28.360000610351562,28.250600814819336,28.329999923706055,20.468778610229492,2819,False
GXG,2021-09-24,28.0,28.190000534057617,28.0,28.084699630737305,20.291549682617188,2815,False
GXG,2021-09-27,28.600000381469727,28.81170082092285,28.600000381469727,28.81170082092285,20.816814422607422,2626,False
GXG,2021-09-28,28.520000457763672,29.0,28.520000457763672,29.0,20.952865600585938,4661,False
GXG,2021-09-29,29.0,29.0,28.90999984741211,28.959999084472656,20.923961639404297,1610,False
GXG,2021-09-30,29.0,29.440000534057617,29.0,29.34000015258789,21.198516845703125,5013,False
GXG,2021-10-01,29.59000015258789,29.75,29.549999237060547,29.6299991607666,21.408044815063477,14809,False
GXG,2021-10-04,29.959999084472656,30.118000030517578,29.899999618530273,29.899999618530273,21.60312271118164,9706,False
GXG,2021-10-05,30.09000015258789,30.200000762939453,29.920000076293945,29.969999313354492,21.653701782226562,5274,False
GXG,2021-10-06,29.760000228881836,29.959999084472656,29.47010040283203,29.899999618530273,21.60312271118164,12127,False
GXG,2021-10-07,30.253999710083008,30.690000534057617,30.253999710083008,30.56999969482422,22.087207794189453,9156,False
GXG,2021-10-08,30.700000762939453,30.700000762939453,30.56999969482422,30.66819953918457,22.158159255981445,3312,False
GXG,2021-10-11,30.969900131225586,30.979999542236328,30.795000076293945,30.820100784301758,22.267911911010742,2704,False
GXG,2021-10-12,30.8799991607666,30.90999984741211,30.75160026550293,30.75160026550293,22.21841812133789,3427,False
GXG,2021-10-13,30.760000228881836,30.809999465942383,30.760000228881836,30.799999237060547,22.253385543823242,1145,False
GXG,2021-10-14,30.927200317382812,31.010000228881836,30.84000015258789,30.908000946044922,22.331417083740234,4313,False
GXG,2021-10-15,31.13949966430664,31.3799991607666,31.09000015258789,31.26099967956543,22.58646583557129,1654,False
GXG,2021-10-18,31.260000228881836,31.260000228881836,31.06999969482422,31.104999542236328,22.473752975463867,4801,False
GXG,2021-10-19,31.200000762939453,31.200000762939453,30.969999313354492,31.059799194335938,22.441091537475586,1237,False
GXG,2021-10-20,30.899999618530273,31.104999542236328,30.899999618530273,31.03499984741211,22.42317771911621,4298,False
GXG,2021-10-21,30.989999771118164,30.989999771118164,30.719999313354492,30.799999237060547,22.253385543823242,4942,False
GXG,2021-10-22,30.81999969482422,30.81999969482422,30.739999771118164,30.754499435424805,22.220510482788086,5864,False
GXG,2021-10-25,30.780000686645508,31.020000457763672,30.780000686645508,30.844999313354492,22.285900115966797,4240,False
GXG,2021-10-26,30.790000915527344,31.270000457763672,30.790000915527344,31.173200607299805,22.523027420043945,5452,False
GXG,2021-10-27,31.030000686645508,31.360000610351562,31.023700714111328,31.023700714111328,22.415010452270508,9199,False
GXG,2021-10-28,30.90999984741211,31.139999389648438,30.90999984741211,31.0044002532959,22.40106773376465,3066,False
GXG,2021-10-29,30.899999618530273,30.899999618530273,30.400999069213867,30.825000762939453,22.27145004272461,6253,False
GXG,2021-11-01,31.1299991607666,31.270000457763672,30.9950008392334,31.040000915527344,22.426790237426758,3332,False
GXG,2021-11-02,30.979999542236328,30.979999542236328,30.559999465942383,30.559999465942383,22.07998275756836,3325,False
GXG,2021-11-03,30.260000228881836,30.457500457763672,30.25,30.457500457763672,22.00592613220215,1305,False
GXG,2021-11-04,30.440000534057617,30.5,30.1299991607666,30.1299991607666,21.76930046081543,1514,False
GXG,2021-11-05,30.200000762939453,30.270000457763672,29.920000076293945,29.96500015258789,21.650087356567383,20424,False
GXG,2021-11-08,30.06999969482422,30.114999771118164,30.067399978637695,30.067399978637695,21.72407341003418,1234,False
GXG,2021-11-09,30.030000686645508,30.260000228881836,29.799999237060547,29.860000610351562,21.57422637939453,4560,False
GXG,2021-11-10,29.989999771118164,29.989999771118164,29.520000457763672,29.6200008392334,21.400821685791016,3555,False
GXG,2021-11-11,29.75,29.799999237060547,29.229999542236328,29.5,21.31412124633789,5691,False
GXG,2021-11-12,29.450000762939453,29.489999771118164,29.290000915527344,29.412099838256836,21.2506103515625,1873,False
GXG,2021-11-15,29.200000762939453,29.340099334716797,28.8799991607666,29.139999389648438,21.05401611328125,8843,False
GXG,2021-11-16,28.996000289916992,28.996000289916992,28.881500244140625,28.881500244140625,20.867246627807617,1946,False
GXG,2021-11-17,28.850000381469727,28.850000381469727,28.299999237060547,28.325000762939453,20.465167999267578,3395,False
GXG,2021-11-18,28.25,28.5,28.25,28.431699752807617,20.542261123657227,2371,False
GXG,2021-11-19,28.31999969482422,28.31999969482422,28.145000457763672,28.145000457763672,20.335115432739258,798,False
GXG,2021-11-22,28.399999618530273,28.700000762939453,28.15999984741211,28.40999984741211,20.526580810546875,19895,False
GXG,2021-11-23,28.360000610351562,28.360000610351562,28.1299991607666,28.262699127197266,20.420154571533203,4890,False
GXG,2021-11-24,28.149999618530273,28.15999984741211,28.052499771118164,28.125,20.32066535949707,3361,False
GXG,2021-11-26,28.0,28.0,26.829999923706055,27.655399322509766,19.98137092590332,32015,False
GXG,2021-11-29,27.649999618530273,27.940000534057617,27.649999618530273,27.825700759887695,20.10441780090332,3467,False
GXG,2021-11-30,27.920000076293945,28.389999389648438,27.920000076293945,28.280000686645508,20.432653427124023,7293,False
GXG,2021-12-01,28.780000686645508,30.2450008392334,28.780000686645508,29.549999237060547,21.350244522094727,44269,False
GXG,2021-12-02,29.799999237060547,30.40999984741211,29.735000610351562,30.170000076293945,21.798202514648438,30717,False
GXG,2021-12-03,30.079999923706055,30.360000610351562,29.950000762939453,29.950000762939453,21.639251708984375,17080,False
GXG,2021-12-06,30.0,30.350000381469727,30.0,30.170000076293945,21.798202514648438,3820,False
GXG,2021-12-07,30.40999984741211,30.450000762939453,30.170000076293945,30.321300506591797,21.907520294189453,2329,False
GXG,2021-12-08,30.1200008392334,30.309999465942383,30.09000015258789,30.149999618530273,21.783754348754883,6464,False
GXG,2021-12-09,29.6299991607666,29.6299991607666,29.239999771118164,29.479999542236328,21.299671173095703,1141,False
GXG,2021-12-10,29.399999618530273,29.399999618530273,28.959999084472656,29.229999542236328,21.11903953552246,44114,False
GXG,2021-12-13,28.940000534057617,28.940000534057617,28.600000381469727,28.67799949645996,20.72021484375,10208,False
GXG,2021-12-14,28.399900436401367,28.399900436401367,27.829999923706055,28.0,20.230350494384766,22655,False
GXG,2021-12-15,27.84000015258789,28.290000915527344,27.780000686645508,28.2810001373291,20.433374404907227,6552,False
GXG,2021-12-16,28.440000534057617,28.90999984741211,28.440000534057617,28.89900016784668,20.8798885345459,213969,False
GXG,2021-12-17,28.770000457763672,29.100000381469727,28.690099716186523,28.895599365234375,20.87743377685547,4331,False
GXG,2021-12-20,28.1200008392334,28.229999542236328,27.950000762939453,28.229999542236328,20.396530151367188,5394,False
GXG,2021-12-21,28.56999969482422,28.639999389648438,28.469999313354492,28.540000915527344,20.620508193969727,5489,False
GXG,2021-12-22,28.485000610351562,28.719999313354492,28.450000762939453,28.68000030517578,20.721662521362305,5448,False
GXG,2021-12-23,28.775999069213867,28.90999984741211,28.68000030517578,28.68000030517578,20.721662521362305,6829,False
GXG,2021-12-27,29.18000030517578,29.18000030517578,28.920000076293945,29.024999618530273,20.970924377441406,2248,False
GXG,2021-12-28,28.829999923706055,29.389999389648438,28.780000686645508,29.110000610351562,21.032339096069336,26619,False
GXG,2021-12-29,28.850000381469727,28.850000381469727,28.510000228881836,28.75,20.772235870361328,9824,False
GXG,2021-12-30,28.63599967956543,28.799999237060547,28.299999237060547,28.325199127197266,20.732524871826172,7998,False
GXG,2021-12-31,28.60610008239746,28.60610008239746,27.950000762939453,28.020000457763672,20.509138107299805,24555,False
GXG,2022-01-03,28.290000915527344,28.45669937133789,27.93000030517578,28.45669937133789,20.828777313232422,207665,False
GXG,2022-01-04,28.219999313354492,28.469999313354492,28.219999313354492,28.415199279785156,20.79840087890625,1774,False
GXG,2022-01-05,28.670000076293945,28.694900512695312,28.110000610351562,28.128999710083008,20.588918685913086,15251,False
GXG,2022-01-06,28.040000915527344,28.239999771118164,27.610000610351562,27.764999389648438,20.322486877441406,24097,False
GXG,2022-01-07,27.899999618530273,28.040000915527344,27.739999771118164,27.934999465942383,20.44692039489746,22096,False
GXG,2022-01-10,27.8700008392334,27.93000030517578,27.514999389648438,27.725000381469727,20.293212890625,9071,False
GXG,2022-01-11,28.1299991607666,28.780000686645508,28.049999237060547,28.770000457763672,21.05809783935547,4697,False
GXG,2022-01-12,28.979999542236328,29.579999923706055,28.979999542236328,29.579999923706055,21.650972366333008,33670,False
GXG,2022-01-13,29.608600616455078,29.999900817871094,29.600099563598633,29.729999542236328,21.760765075683594,20886,False
GXG,2022-01-14,29.690000534057617,29.690000534057617,29.209999084472656,29.360000610351562,21.489944458007812,5593,False
GXG,2022-01-18,30.079999923706055,31.420000076293945,30.079999923706055,30.989999771118164,22.68301773071289,16965,False
GXG,2022-01-19,31.659900665283203,31.729999542236328,31.270000457763672,31.368999481201172,22.960424423217773,9538,False
GXG,2022-01-20,31.719999313354492,31.719999313354492,30.951000213623047,30.959999084472656,22.661056518554688,8719,False
GXG,2022-01-21,30.920000076293945,30.950000762939453,30.540000915527344,30.677799224853516,22.45450210571289,14409,False
GXG,2022-01-24,30.079999923706055,30.56999969482422,30.079999923706055,30.459999084472656,22.29508399963379,11357,False
GXG,2022-01-25,30.25,30.610000610351562,30.079999923706055,30.610000610351562,22.404876708984375,19601,False
GXG,2022-01-26,31.040000915527344,31.200000762939453,30.8700008392334,30.90999984741211,22.624460220336914,9670,False
GXG,2022-01-27,30.90999984741211,31.100000381469727,30.479999542236328,30.68950080871582,22.46306610107422,3635,False
GXG,2022-01-28,30.799999237060547,31.040000915527344,30.600000381469727,30.90999984741211,22.624460220336914,2691,False
GXG,2022-01-31,31.030000686645508,31.189899444580078,30.990299224853516,31.15999984741211,22.80744743347168,2969,False
GXG,2022-02-01,31.209999084472656,32.130001068115234,31.209999084472656,31.360000610351562,22.953838348388672,21976,False
GXG,2022-02-02,31.5,31.5,31.209999084472656,31.209999084472656,22.844045639038086,2610,False
GXG,2022-02-03,30.790000915527344,30.790000915527344,30.690000534057617,30.690000534057617,22.46343421936035,2286,False
GXG,2022-02-04,30.790000915527344,30.790000915527344,30.6299991607666,30.6299991607666,22.41951560974121,2729,False
GXG,2022-02-07,30.799999237060547,30.96500015258789,30.632999420166016,30.850000381469727,22.580543518066406,21385,False
GXG,2022-02-08,30.90999984741211,31.1299991607666,30.709999084472656,30.90999984741211,22.624460220336914,13625,False
GXG,2022-02-09,31.03499984741211,31.079999923706055,30.809999465942383,31.030000686645508,22.712295532226562,30511,False
GXG,2022-02-10,30.770000457763672,31.0,30.239999771118164,30.440000534057617,22.280447006225586,14797,False
GXG,2022-02-11,30.440000534057617,30.709999084472656,29.84000015258789,30.1299991607666,22.05354118347168,44126,False
GXG,2022-02-14,30.209999084472656,30.43000030517578,30.209999084472656,30.42329978942871,22.268224716186523,2020,False
GXG,2022-02-15,30.360000610351562,30.450000762939453,29.739999771118164,30.219999313354492,22.119415283203125,27866,False
GXG,2022-02-16,30.59000015258789,30.760000228881836,30.489999771118164,30.520000457763672,22.339000701904297,10287,False
GXG,2022-02-17,30.530000686645508,30.770000457763672,30.199899673461914,30.46299934387207,22.297279357910156,6539,False
GXG,2022-02-18,30.81999969482422,30.81999969482422,30.389999389648438,30.389999389648438,22.24384880065918,2494,False
GXG,2022-02-22,30.209999084472656,30.789899826049805,30.19499969482422,30.368200302124023,22.227893829345703,10523,False
GXG,2022-02-23,30.979999542236328,31.110000610351562,30.799800872802734,30.899999618530273,22.617141723632812,24479,False
GXG,2022-02-24,29.959999084472656,31.100000381469727,29.959999084472656,30.889999389648438,22.609819412231445,33967,False
GXG,2022-02-25,30.780000686645508,31.110000610351562,30.780000686645508,31.110000610351562,22.770851135253906,4285,False
GXG,2022-02-28,30.920000076293945,31.75,30.920000076293945,31.5,23.056310653686523,23354,False
GXG,2022-03-01,31.559999465942383,31.969999313354492,31.3799991607666,31.790000915527344,23.26857566833496,9158,False
GXG,2022-03-02,31.93000030517578,32.29499816894531,31.93000030517578,32.290000915527344,23.63454818725586,10546,False
GXG,2022-03-03,32.25,33.029998779296875,32.25,32.81999969482422,24.022476196289062,3708,False
GXG,2022-03-04,31.959999084472656,32.76499938964844,31.959999084472656,32.599998474121094,23.861448287963867,18442,False
GXG,2022-03-07,32.43000030517578,32.599998474121094,32.08000183105469,32.43000030517578,23.737018585205078,18578,False
GXG,2022-03-08,32.560001373291016,32.7599983215332,32.45000076293945,32.540000915527344,23.817533493041992,13425,False
GXG,2022-03-09,32.939998626708984,33.5,32.92499923706055,33.34000015258789,24.40308952331543,11128,False
GXG,2022-03-10,33.310001373291016,34.4900016784668,32.71009826660156,32.970001220703125,24.13227081298828,13488,False
GXG,2022-03-11,32.56999969482422,32.720001220703125,32.47999954223633,32.62139892578125,23.877111434936523,4580,False
GXG,2022-03-14,32.880001068115234,32.880001068115234,32.15999984741211,32.439998626708984,23.744335174560547,37281,False
GXG,2022-03-15,32.06999969482422,32.16999816894531,31.604700088500977,32.150001525878906,23.532073974609375,13072,False
GXG,2022-03-16,32.58000183105469,32.58000183105469,32.209999084472656,32.31999969482422,23.656505584716797,4454,False
GXG,2022-03-17,32.279998779296875,32.79999923706055,32.279998779296875,32.7843017578125,23.99635124206543,20772,False
GXG,2022-03-18,32.54999923706055,32.904998779296875,32.54999923706055,32.810001373291016,24.015159606933594,14269,False
GXG,2022-03-21,32.630001068115234,33.31999969482422,32.630001068115234,33.22999954223633,24.322574615478516,37050,False
GXG,2022-03-22,33.42620086669922,33.689998626708984,33.2599983215332,33.65999984741211,24.63731575012207,22925,False
GXG,2022-03-23,34.02000045776367,34.099998474121094,33.9921989440918,34.04600143432617,24.919843673706055,6447,False
GXG,2022-03-24,34.2599983215332,34.31999969482422,33.880001068115234,34.060001373291016,24.93008804321289,6789,False
GXG,2022-03-25,33.83000183105469,34.43000030517578,33.83000183105469,34.42390060424805,25.196447372436523,9872,False
GXG,2022-03-28,34.2599983215332,34.69499969482422,34.029998779296875,34.630001068115234,25.347299575805664,10893,False
GXG,2022-03-29,34.779998779296875,34.779998779296875,34.40999984741211,34.72999954223633,25.420494079589844,3589,False
GXG,2022-03-30,34.65999984741211,34.84000015258789,34.16999816894531,34.38999938964844,25.1716365814209,2123,False
GXG,2022-03-31,34.29999923706055,34.529998779296875,34.11000061035156,34.26259994506836,25.078386306762695,26183,False
GXG,2022-04-01,34.459999084472656,34.81999969482422,34.459999084472656,34.790000915527344,25.46441650390625,7865,False
GXG,2022-04-04,35.2400016784668,35.29999923706055,34.95000076293945,35.099998474121094,25.691314697265625,19921,False
GXG,2022-04-05,34.97999954223633,35.06629943847656,34.810001373291016,34.94300079345703,25.576398849487305,2854,False
GXG,2022-04-06,34.77000045776367,35.130001068115234,34.63999938964844,34.7599983215332,25.44245147705078,11046,False
GXG,2022-04-07,34.689998626708984,34.689998626708984,34.22999954223633,34.418399810791016,25.192419052124023,14782,False
GXG,2022-04-08,34.58000183105469,34.70000076293945,34.38999938964844,34.650001525878906,25.361942291259766,3707,False
GXG,2022-04-11,34.400001525878906,34.480201721191406,34.380001068115234,34.468101501464844,25.22879981994629,3875,False
GXG,2022-04-12,34.59000015258789,34.59000015258789,34.40999984741211,34.40999984741211,25.186275482177734,924,False
GXG,2022-04-13,34.619998931884766,34.79999923706055,34.619998931884766,34.790000915527344,25.46441650390625,8464,False
GXG,2022-04-14,34.84000015258789,34.84000015258789,34.58000183105469,34.66999816894531,25.376577377319336,8506,False
GXG,2022-04-18,34.779998779296875,35.0,34.68000030517578,34.68000030517578,25.383899688720703,2463,False
GXG,2022-04-19,34.43000030517578,34.599998474121094,34.3650016784668,34.5099983215332,25.259464263916016,23182,False
GXG,2022-04-20,34.380001068115234,34.72999954223633,34.380001068115234,34.72999954223633,25.420494079589844,6304,False
GXG,2022-04-21,35.29999923706055,35.400001525878906,34.59000015258789,34.599998474121094,25.325340270996094,5065,False
GXG,2022-04-22,34.525001525878906,34.60459899902344,33.810001373291016,33.880001068115234,24.79833984375,9980,False
GXG,2022-04-25,33.560001373291016,33.61000061035156,32.52000045776367,33.18000030517578,24.285978317260742,53103,False
GXG,2022-04-26,32.869998931884766,32.904300689697266,32.56999969482422,32.56999969482422,23.83949089050293,7599,False
GXG,2022-04-27,32.66999816894531,32.79999923706055,32.65999984741211,32.689998626708984,23.927326202392578,1457,False
GXG,2022-04-28,32.36000061035156,32.439998626708984,32.18000030517578,32.439998626708984,23.744335174560547,6765,False
GXG,2022-04-29,32.70000076293945,32.70000076293945,32.29999923706055,32.29999923706055,23.641862869262695,977,False
GXG,2022-05-02,31.899999618530273,31.920000076293945,31.479999542236328,31.719999313354492,23.217336654663086,174022,False
GXG,2022-05-03,31.90999984741211,32.25,31.8700008392334,31.8700008392334,23.327129364013672,8185,False
GXG,2022-05-04,31.989999771118164,32.41999816894531,31.93000030517578,32.060001373291016,23.46619987487793,18331,False
GXG,2022-05-05,32.0,32.060001373291016,31.190000534057617,31.440000534057617,23.012393951416016,4297,False
GXG,2022-05-06,31.440000534057617,31.530000686645508,31.1200008392334,31.1200008392334,22.77817153930664,2051,False
GXG,2022-05-09,30.690000534057617,30.823999404907227,29.700000762939453,29.848600387573242,21.84757423400879,5560,False
GXG,2022-05-10,30.360000610351562,30.360000610351562,29.5,29.851499557495117,21.849695205688477,3939,False
GXG,2022-05-11,30.1200008392334,30.329999923706055,29.81999969482422,29.81999969482422,21.826641082763672,10655,False
GXG,2022-05-12,29.790000915527344,29.889999389648438,29.709999084472656,29.709999084472656,21.746126174926758,1996,False
GXG,2022-05-13,30.04199981689453,30.135000228881836,29.829999923706055,29.829999923706055,21.833959579467773,1581,False
GXG,2022-05-16,29.799999237060547,30.59000015258789,29.799999237060547,30.59000015258789,22.39023780822754,2383,False
GXG,2022-05-17,30.959999084472656,30.969999313354492,30.270000457763672,30.309999465942383,22.185293197631836,10290,False
GXG,2022-05-18,30.5,30.5,29.17799949645996,29.3700008392334,21.497264862060547,8895,False
GXG,2022-05-19,29.459999084472656,29.459999084472656,28.56999969482422,28.579999923706055,20.919025421142578,9411,False
GXG,2022-05-20,28.530000686645508,29.690000534057617,28.530000686645508,29.68000030517578,21.72416877746582,8648,False
GXG,2022-05-23,29.84000015258789,30.419099807739258,29.84000015258789,30.149999618530273,22.06818199157715,3124,False
GXG,2022-05-24,30.360000610351562,30.43000030517578,29.884000778198242,30.40999984741211,22.258487701416016,48104,False
GXG,2022-05-25,30.450000762939453,30.90999984741211,30.450000762939453,30.760000228881836,22.514667510986328,3949,False
GXG,2022-05-26,31.110000610351562,31.40999984741211,31.049999237060547,31.40999984741211,22.99043083190918,3842,False
GXG,2022-05-27,31.469999313354492,31.760000228881836,31.40999984741211,31.700000762939453,23.202699661254883,5694,False
GXG,2022-05-31,33.45000076293945,34.7400016784668,33.45000076293945,34.22999954223633,25.05452537536621,30478,True
GXG,2022-06-01,34.33000183105469,34.33000183105469,33.59000015258789,34.04059982299805,24.915891647338867,10036,False
GXG,2022-06-02,34.20000076293945,34.40999984741211,34.13999938964844,34.40999984741211,25.186275482177734,2910,False
GXG,2022-06-03,34.310001373291016,34.58000183105469,34.15999984741211,34.209999084472656,25.039884567260742,4358,False
GXG,2022-06-06,34.5,34.5,33.75,33.76890182495117,24.717023849487305,22877,False
GXG,2022-06-07,33.599998474121094,33.90999984741211,33.33100128173828,33.68000030517578,24.65195083618164,19803,False
GXG,2022-06-08,33.849998474121094,33.849998474121094,33.349998474121094,33.439998626708984,24.47628402709961,3193,False
GXG,2022-06-09,33.220001220703125,33.220001220703125,32.34000015258789,32.5099983215332,23.79557228088379,18442,False
GXG,2022-06-10,31.969999313354492,32.02000045776367,31.280000686645508,31.530000686645508,23.07826805114746,24528,False
GXG,2022-06-13,30.940000534057617,31.139999389648438,30.079999923706055,30.079999923706055,22.016944885253906,7526,False
GXG,2022-06-14,30.700000762939453,30.700000762939453,29.969999313354492,30.15999984741211,22.07550048828125,6485,False
GXG,2022-06-15,30.600000381469727,30.89900016784668,30.59000015258789,30.860000610351562,22.587862014770508,3714,False
GXG,2022-06-16,30.049999237060547,30.100000381469727,29.75,30.09000015258789,22.02426528930664,32116,False
GXG,2022-06-17,30.239999771118164,30.270000457763672,29.899999618530273,30.06999969482422,22.009624481201172,9787,False
GXG,2022-06-21,28.690000534057617,28.690000534057617,27.211000442504883,27.65999984741211,20.245635986328125,108185,True
GXG,2022-06-22,27.84000015258789,27.892900466918945,27.388999938964844,27.549999237060547,20.16512107849121,17200,False
GXG,2022-06-23,27.610000610351562,27.725000381469727,26.184999465942383,26.371999740600586,19.302888870239258,23376,False
GXG,2022-06-24,26.739999771118164,27.059999465942383,26.190000534057617,26.709999084472656,19.55028533935547,43639,False
GXG,2022-06-27,26.670000076293945,27.218299865722656,26.670000076293945,26.93000030517578,19.711313247680664,25437,False
GXG,2022-06-28,27.75,27.75,27.010000228881836,27.21649932861328,19.921016693115234,59998,False
GXG,2022-06-29,25.829999923706055,25.829999923706055,25.34000015258789,25.360000610351562,19.62896728515625,5445,True
GXG,2022-06-30,24.969999313354492,25.079999923706055,24.34000015258789,24.899999618530273,19.272916793823242,28224,False
GXG,2022-07-01,24.469999313354492,24.700000762939453,24.434999465942383,24.65999984741211,19.087154388427734,4922,False
GXG,2022-07-05,24.579999923706055,24.579999923706055,23.93000030517578,24.139999389648438,18.684667587280273,8920,False
GXG,2022-07-06,23.940000534057617,23.940000534057617,23.280000686645508,23.54490089416504,18.22405433654785,10186,False
GXG,2022-07-07,23.670000076293945,23.809999465942383,23.649999618530273,23.722299575805664,18.361364364624023,4453,False
GXG,2022-07-08,23.860000610351562,24.003999710083008,23.510000228881836,23.559999465942383,18.235740661621094,7880,False
GXG,2022-07-11,23.309999465942383,23.510000228881836,22.760000228881836,22.761499404907227,17.617691040039062,6720,False
GXG,2022-07-12,22.540000915527344,22.700000762939453,22.149999618530273,22.280000686645508,17.24500274658203,24456,False
GXG,2022-07-13,22.040000915527344,22.799999237060547,22.040000915527344,22.280000686645508,17.24500274658203,11751,False
GXG,2022-07-14,22.280000686645508,22.280000686645508,21.690000534057617,21.77090072631836,16.850955963134766,3807,False
GXG,2022-07-15,21.90760040283203,22.309999465942383,21.90760040283203,22.306499481201172,17.265514373779297,7328,False
GXG,2022-07-18,22.6299991607666,23.00790023803711,22.6299991607666,22.745100021362305,17.604997634887695,1765,False
GXG,2022-07-19,23.24410057067871,23.459999084472656,23.100000381469727,23.40999984741211,18.119638442993164,18308,False
GXG,2022-07-20,23.299999237060547,23.489999771118164,23.299999237060547,23.489999771118164,18.18155860900879,2222,False
GXG,2022-07-21,23.229999542236328,23.229999542236328,22.809999465942383,23.01460075378418,17.813594818115234,5366,False
GXG,2022-07-22,22.889999389648438,23.0,22.490100860595703,22.540000915527344,17.44624900817871,2422,False
GXG,2022-07-25,22.479999542236328,22.65999984741211,22.459999084472656,22.63129997253418,17.51691436767578,11263,False
GXG,2022-07-26,22.8700008392334,22.9950008392334,22.704999923706055,22.780000686645508,17.63201141357422,4936,False
GXG,2022-07-27,23.030000686645508,23.18000030517578,22.889999389648438,23.18000030517578,17.941617965698242,7663,False
GXG,2022-07-28,23.450000762939453,23.639999389648438,23.290000915527344,23.63170051574707,18.29123878479004,4667,False
GXG,2022-07-29,23.790000915527344,24.18000030517578,23.790000915527344,23.799999237060547,18.421504974365234,6517,False
GXG,2022-08-01,23.8700008392334,23.8799991607666,23.040000915527344,23.450000762939453,18.15060043334961,4523,False
GXG,2022-08-02,23.604999542236328,23.604999542236328,23.219999313354492,23.459999084472656,18.158342361450195,6227,False
GXG,2022-08-03,23.360000610351562,23.579999923706055,23.359600067138672,23.480499267578125,18.174205780029297,1443,False
GXG,2022-08-04,23.610000610351562,23.679899215698242,23.420000076293945,23.420000076293945,18.12738037109375,2171,False
GXG,2022-08-05,23.229999542236328,23.48040008544922,23.229999542236328,23.48040008544922,18.174129486083984,1334,False
GXG,2022-08-08,23.700000762939453,24.299999237060547,23.700000762939453,24.146799087524414,18.689931869506836,49679,False
GXG,2022-08-09,24.09000015258789,24.389999389648438,23.75,23.940000534057617,18.529865264892578,7399,False
GXG,2022-08-10,24.209999084472656,24.65999984741211,24.139999389648438,24.350000381469727,18.847211837768555,19059,False
GXG,2022-08-11,24.639999389648438,24.799999237060547,24.639999389648438,24.729999542236328,19.141334533691406,2109,False
GXG,2022-08-12,24.8799991607666,25.2450008392334,24.84000015258789,25.16320037841797,19.476638793945312,6280,False
GXG,2022-08-15,24.8799991607666,24.979900360107422,24.739999771118164,24.910900115966797,19.281356811523438,8740,False
GXG,2022-08-16,24.940000534057617,24.940000534057617,24.6200008392334,24.6200008392334,19.056196212768555,2804,False
GXG,2022-08-17,24.31999969482422,24.459999084472656,24.18000030517578,24.21500015258789,18.742719650268555,7806,False
GXG,2022-08-18,24.020000457763672,24.020000457763672,23.940000534057617,23.989999771118164,18.568565368652344,1771,False
GXG,2022-08-19,23.860000610351562,23.924999237060547,23.667800903320312,23.704999923706055,18.347972869873047,5478,False
GXG,2022-08-22,23.399999618530273,23.545000076293945,23.139999389648438,23.36549949645996,18.085195541381836,9243,False
GXG,2022-08-23,23.59000015258789,23.71139907836914,23.540000915527344,23.586299896240234,18.256099700927734,5718,False
GXG,2022-08-24,23.790000915527344,23.790000915527344,23.43000030517578,23.43000030517578,18.135122299194336,8353,False
GXG,2022-08-25,23.389999389648438,23.610000610351562,23.389999389648438,23.559999465942383,18.235740661621094,4491,False
GXG,2022-08-26,23.780000686645508,23.780000686645508,23.420000076293945,23.440000534057617,18.142860412597656,7624,False
GXG,2022-08-29,23.530000686645508,23.6299991607666,23.5,23.534900665283203,18.216312408447266,5229,False
GXG,2022-08-30,23.6200008392334,23.6200008392334,22.90999984741211,23.030000686645508,17.825515747070312,4212,False
GXG,2022-08-31,22.899999618530273,22.920000076293945,22.399999618530273,22.399999618530273,17.3378849029541,4037,False
GXG,2022-09-01,22.329999923706055,22.329999923706055,21.81999969482422,21.969999313354492,17.00506019592285,3036,False
GXG,2022-09-02,22.209999084472656,22.309999465942383,21.90999984741211,22.149999618530273,17.14438247680664,40904,False
GXG,2022-09-06,22.280000686645508,22.510000228881836,22.014999389648438,22.075700759887695,17.08687400817871,15576,False
GXG,2022-09-07,22.239999771118164,22.260000228881836,22.149999618530273,22.149999618530273,17.14438247680664,8053,False
GXG,2022-09-08,22.299999237060547,22.31999969482422,21.760000228881836,21.900800704956055,16.951499938964844,4647,False
GXG,2022-09-09,22.309999465942383,22.610000610351562,22.309999465942383,22.3794002532959,17.321941375732422,9900,False
GXG,2022-09-12,23.040000915527344,23.049999237060547,22.670000076293945,23.049999237060547,17.84099578857422,53357,False
GXG,2022-09-13,22.65999984741211,22.889999389648438,22.479999542236328,22.582300186157227,17.478988647460938,106193,False
GXG,2022-09-14,22.770000457763672,22.770000457763672,22.51689910888672,22.584999084472656,17.481077194213867,5015,False
GXG,2022-09-15,22.260000228881836,22.299999237060547,22.0,22.049999237060547,17.06698226928711,15540,False
GXG,2022-09-16,21.670000076293945,21.739999771118164,21.450000762939453,21.549999237060547,16.679973602294922,60147,False
GXG,2022-09-19,21.450000762939453,21.950000762939453,21.450000762939453,21.90999984741211,16.958621978759766,12467,False
GXG,2022-09-20,21.639999389648438,21.83799934387207,21.510000228881836,21.806499481201172,16.878511428833008,10563,False
GXG,2022-09-21,21.81999969482422,21.81999969482422,21.40999984741211,21.49720001220703,16.639108657836914,9153,False
GXG,2022-09-22,21.579999923706055,21.667800903320312,21.559999465942383,21.667800903320312,16.77115249633789,1217,False
GXG,2022-09-23,21.200000762939453,21.200000762939453,20.524999618530273,20.610000610351562,15.952404022216797,27123,False
GXG,2022-09-26,20.3700008392334,20.58989906311035,19.43000030517578,19.479999542236328,15.07776927947998,13597,False
GXG,2022-09-27,19.489999771118164,19.77989959716797,19.190000534057617,19.353700637817383,14.980010032653809,16198,False
GXG,2022-09-28,19.670000076293945,19.975000381469727,19.579999923706055,19.924999237060547,15.42220401763916,6205,False
GXG,2022-09-29,19.75,19.780000686645508,19.290000915527344,19.690000534057617,15.240312576293945,4052,False
GXG,2022-09-30,19.6299991607666,19.780000686645508,19.59000015258789,19.59000015258789,15.162909507751465,6457,False
GXG,2022-10-03,19.739999771118164,20.16189956665039,19.6200008392334,20.095699310302734,15.554325103759766,10138,False
GXG,2022-10-04,20.65999984741211,21.229999542236328,20.65999984741211,21.209999084472656,16.416810989379883,22491,False
GXG,2022-10-05,20.790000915527344,20.993600845336914,20.790000915527344,20.993600845336914,16.249317169189453,5937,False
GXG,2022-10-06,21.1200008392334,21.149999618530273,20.850000381469727,21.049999237060547,16.292966842651367,10591,False
GXG,2022-10-07,21.030000686645508,21.170000076293945,19.8799991607666,20.719999313354492,16.03754425048828,7962,False
GXG,2022-10-10,20.639999389648438,20.65999984741211,20.1200008392334,20.510000228881836,15.875000953674316,28208,False
GXG,2022-10-11,20.52989959716797,20.52989959716797,20.360000610351562,20.360000610351562,15.758899688720703,5658,False
GXG,2022-10-12,20.299999237060547,20.389999389648438,20.0,20.0,15.480257987976074,43902,False
GXG,2022-10-13,20.1200008392334,20.530000686645508,20.110000610351562,20.489999771118164,15.859519004821777,6143,False
GXG,2022-10-14,20.479999542236328,20.829999923706055,19.540000915527344,19.540000915527344,15.124212265014648,10958,False
GXG,2022-10-17,20.110000610351562,20.43000030517578,20.029499053955078,20.040000915527344,15.511216163635254,37344,False
GXG,2022-10-18,20.209999084472656,20.25,19.670000076293945,19.670000076293945,15.224830627441406,8633,False
GXG,2022-10-19,19.610000610351562,19.65999984741211,19.600000381469727,19.610000610351562,15.178390502929688,3338,False
GXG,2022-10-20,19.420000076293945,19.760000228881836,19.209999084472656,19.209999084472656,14.86878490447998,5945,False
GXG,2022-10-21,19.100000381469727,19.360000610351562,18.9950008392334,19.15999984741211,14.830085754394531,43678,False
GXG,2022-10-24,19.299999237060547,19.299999237060547,18.790000915527344,18.799999237060547,14.551438331604004,11800,False
GXG,2022-10-25,18.649999618530273,18.905000686645508,18.64859962463379,18.729999542236328,14.497257232666016,14795,False
GXG,2022-10-26,18.920000076293945,19.138500213623047,18.920000076293945,19.03499984741211,14.733332633972168,5081,False
GXG,2022-10-27,19.1299991607666,19.385400772094727,19.1299991607666,19.270000457763672,14.915225982666016,5325,False
GXG,2022-10-28,19.079999923706055,19.579999923706055,19.079999923706055,19.530000686645508,15.116470336914062,6282,False
GXG,2022-10-31,19.479999542236328,19.58989906311035,19.229999542236328,19.30150032043457,14.939608573913574,6301,False
GXG,2022-11-01,19.8799991607666,19.889999389648438,19.575000762939453,19.7637996673584,15.297433853149414,14509,False
GXG,2022-11-02,19.68000030517578,19.889999389648438,19.100000381469727,19.440000534057617,15.046810150146484,69316,False
GXG,2022-11-03,19.579999923706055,19.579999923706055,18.989999771118164,18.989999771118164,14.698500633239746,26099,False
GXG,2022-11-04,19.520000457763672,19.520000457763672,18.920000076293945,19.1299991607666,14.806863784790039,9158,False
GXG,2022-11-07,19.270000457763672,19.344999313354492,19.209999084472656,19.270200729370117,14.91538143157959,4917,False
GXG,2022-11-08,19.510000228881836,19.75,19.3700008392334,19.65999984741211,15.217090606689453,13366,False
GXG,2022-11-09,19.81999969482422,20.030000686645508,19.709999084472656,19.75,15.286751747131348,9547,False
GXG,2022-11-10,20.049999237060547,20.420000076293945,20.0,20.420000076293945,15.805342674255371,27309,False
GXG,2022-11-11,20.850000381469727,20.850000381469727,20.18000030517578,20.3799991607666,15.774380683898926,26373,False
GXG,2022-11-14,20.520000457763672,20.75,20.440000534057617,20.5,15.86726188659668,31938,False
GXG,2022-11-15,20.780000686645508,21.1200008392334,20.7012996673584,20.850000381469727,16.138166427612305,15123,False
GXG,2022-11-16,20.81999969482422,21.1299991607666,20.290000915527344,20.34000015258789,15.743419647216797,11788,False
GXG,2022-11-17,20.100000381469727,20.100000381469727,19.75,20.06999969482422,15.53443717956543,8403,False
GXG,2022-11-18,19.920000076293945,20.084999084472656,19.920000076293945,20.029600143432617,15.503168106079102,6068,False
GXG,2022-11-21,19.899999618530273,19.950000762939453,19.75,19.920000076293945,15.418333053588867,20441,False
GXG,2022-11-22,19.950000762939453,20.34000015258789,19.950000762939453,20.327800750732422,15.733976364135742,4095,False
GXG,2022-11-23,20.3799991607666,20.579999923706055,20.3799991607666,20.579999923706055,15.929183006286621,8528,False
GXG,2022-11-25,20.65999984741211,20.780000686645508,20.639999389648438,20.639999389648438,15.97562313079834,4220,False
GXG,2022-11-28,20.68000030517578,20.68000030517578,20.31999969482422,20.31999969482422,15.727937698364258,6064,False
GXG,2022-11-29,20.700000762939453,20.760000228881836,20.54010009765625,20.760000228881836,16.068504333496094,6613,False
GXG,2022-11-30,20.860000610351562,20.860000610351562,20.5,20.809999465942383,16.10720443725586,19827,False
GXG,2022-12-01,20.6200008392334,20.920000076293945,20.6200008392334,20.80500030517578,16.103334426879883,13827,False
GXG,2022-12-02,20.530000686645508,20.639999389648438,20.510000228881836,20.569799423217773,15.921287536621094,7085,False
GXG,2022-12-05,20.5,20.59000015258789,20.059999465942383,20.059999465942383,15.526694297790527,21428,False
GXG,2022-12-06,20.100000381469727,20.209999084472656,19.899999618530273,20.15999984741211,15.604097366333008,26640,False
GXG,2022-12-07,20.200000762939453,20.43000030517578,20.100000381469727,20.10409927368164,15.560831069946289,9978,False
GXG,2022-12-08,20.09000015258789,20.239999771118164,19.8799991607666,20.063100814819336,15.529096603393555,66200,False
GXG,2022-12-09,20.06999969482422,20.15999984741211,19.850000381469727,20.149999618530273,15.596358299255371,20584,False
GXG,2022-12-12,20.149999618530273,20.209999084472656,19.979999542236328,20.06999969482422,15.53443717956543,8831,False
GXG,2022-12-13,20.799999237060547,20.8799991607666,20.299999237060547,20.420000076293945,15.805342674255371,37958,False
GXG,2022-12-14,20.350000381469727,20.350000381469727,20.1299991607666,20.15999984741211,15.604097366333008,5995,False
GXG,2022-12-15,20.239999771118164,20.239999771118164,20.000099182128906,20.1200008392334,15.573137283325195,14040,False
GXG,2022-12-16,19.959999084472656,19.969999313354492,19.809999465942383,19.8700008392334,15.379632949829102,12320,False
GXG,2022-12-19,19.8700008392334,20.06999969482422,19.780000686645508,19.8799991607666,15.387373924255371,9301,False
GXG,2022-12-20,20.05500030517578,20.15999984741211,20.049999237060547,20.059999465942383,15.526694297790527,7117,False
GXG,2022-12-21,20.170000076293945,20.540000915527344,20.13170051574707,20.433000564575195,15.81540584564209,4723,False
GXG,2022-12-22,20.559999465942383,20.559999465942383,20.15999984741211,20.299999237060547,15.712459564208984,57209,False
GXG,2022-12-23,20.329999923706055,20.719999313354492,20.06999969482422,20.690000534057617,16.014324188232422,81543,False
GXG,2022-12-27,20.700000762939453,20.8799991607666,20.329999923706055,20.75,16.060766220092773,20704,False
GXG,2022-12-28,20.920000076293945,21.729999542236328,20.639999389648438,20.881900787353516,16.162858963012695,21851,False
GXG,2022-12-29,20.229999542236328,20.434999465942383,19.889999389648438,20.184499740600586,16.417434692382812,116146,False
GXG,2022-12-30,19.940000534057617,20.100000381469727,19.81999969482422,19.84000015258789,16.13722801208496,74582,False
GXG,2023-01-03,20.06999969482422,20.309999465942383,19.729999542236328,19.760000228881836,16.072160720825195,85317,False
GXG,2023-01-04,19.600000381469727,19.84000015258789,19.489999771118164,19.75979995727539,16.071996688842773,13666,False
GXG,2023-01-05,19.670000076293945,19.989999771118164,19.6200008392334,19.950000762939453,16.226699829101562,7718,False
GXG,2023-01-06,20.190000534057617,20.670000076293945,20.09000015258789,20.670000076293945,16.81232452392578,5641,False
GXG,2023-01-09,20.889999389648438,21.0,20.780000686645508,20.780000686645508,16.90179443359375,94854,False
GXG,2023-01-10,20.90999984741211,21.280000686645508,20.780000686645508,21.15999984741211,17.210872650146484,10262,False
GXG,2023-01-11,21.190000534057617,21.489999771118164,21.190000534057617,21.389999389648438,17.39794921875,9015,False
GXG,2023-01-12,21.6299991607666,21.799999237060547,21.44499969482422,21.56999969482422,17.544357299804688,9159,False
GXG,2023-01-13,21.450000762939453,21.899999618530273,21.450000762939453,21.709999084472656,17.65822410583496,43696,False
GXG,2023-01-17,21.549999237060547,21.738399505615234,21.544099807739258,21.59000015258789,17.560623168945312,4560,False
GXG,2023-01-18,22.020000457763672,22.059999465942383,21.687299728393555,21.690000534057617,17.6419620513916,14926,False
GXG,2023-01-19,21.889999389648438,21.899999618530273,21.489999771118164,21.600000381469727,17.568756103515625,15145,False
GXG,2023-01-20,22.079999923706055,22.101200103759766,21.63010025024414,22.101200103759766,17.976417541503906,45603,False
GXG,2023-01-23,22.200000762939453,22.610000610351562,22.200000762939453,22.34000015258789,18.170652389526367,31246,False
GXG,2023-01-24,22.260000228881836,22.260000228881836,21.739999771118164,22.219999313354492,18.073047637939453,12077,False
GXG,2023-01-25,22.139999389648438,22.15999984741211,21.850000381469727,22.046100616455078,17.931602478027344,20985,False
GXG,2023-01-26,22.110000610351562,22.11009979248047,21.90999984741211,21.959999084472656,17.861570358276367,12032,False
GXG,2023-01-27,21.959999084472656,21.959999084472656,21.450000762939453,21.520000457763672,17.503686904907227,17088,False
GXG,2023-01-30,21.34000015258789,21.540000915527344,21.040000915527344,21.0625,17.13157081604004,9676,False
GXG,2023-01-31,21.18000030517578,21.290000915527344,21.058399200439453,21.115699768066406,17.174842834472656,13352,False
GXG,2023-02-01,21.25,21.360000610351562,20.790000915527344,21.229999542236328,17.267810821533203,22469,False
GXG,2023-02-02,21.34000015258789,21.34000015258789,20.799999237060547,20.899999618530273,16.999399185180664,11762,False
GXG,2023-02-03,20.66069984436035,20.700000762939453,20.520000457763672,20.6299991607666,16.779787063598633,17171,False
GXG,2023-02-06,20.350000381469727,20.549999237060547,20.049999237060547,20.260000228881836,16.478843688964844,15193,False
GXG,2023-02-07,20.229999542236328,20.950000762939453,20.225000381469727,20.49850082397461,16.672834396362305,5708,False
GXG,2023-02-08,20.469999313354492,20.670000076293945,20.18000030517578,20.280000686645508,16.4951114654541,9263,False
GXG,2023-02-09,20.489999771118164,20.489999771118164,20.010000228881836,20.03860092163086,16.298765182495117,9962,False
GXG,2023-02-10,19.959999084472656,20.170000076293945,19.907699584960938,19.94499969482422,16.222631454467773,10303,False
GXG,2023-02-13,19.940000534057617,20.049999237060547,19.799999237060547,19.838499069213867,16.13600730895996,12051,False
GXG,2023-02-14,19.8799991607666,19.8799991607666,19.299999237060547,19.520000457763672,15.87695026397705,69494,False
GXG,2023-02-15,19.350000381469727,19.360000610351562,18.90250015258789,19.06999969482422,15.510936737060547,30111,False
GXG,2023-02-16,18.93000030517578,19.200000762939453,18.93000030517578,19.1200008392334,15.551605224609375,21235,False
GXG,2023-02-17,19.1299991607666,19.190000534057617,18.920000076293945,18.953399658203125,15.416094779968262,48208,False
GXG,2023-02-21,18.90999984741211,18.989999771118164,18.65999984741211,18.65999984741211,15.17745590209961,12838,False
GXG,2023-02-22,18.719999313354492,18.780000686645508,18.6299991607666,18.700000762939453,15.209988594055176,5482,False
GXG,2023-02-23,18.920000076293945,18.99449920654297,18.770000457763672,18.833599090576172,15.318655014038086,9053,False
GXG,2023-02-24,18.719999313354492,18.84000015258789,18.709999084472656,18.81999969482422,15.307591438293457,7723,False
GXG,2023-02-27,18.920700073242188,19.280000686645508,18.920700073242188,19.18000030517578,15.6004056930542,25913,False
GXG,2023-02-28,19.299999237060547,19.299999237060547,18.809999465942383,18.809999465942383,15.299459457397461,88635,False
GXG,2023-03-01,18.84000015258789,19.059999465942383,18.84000015258789,18.969999313354492,15.429598808288574,7396,False
GXG,2023-03-02,18.959999084472656,19.1299991607666,18.959999084472656,19.0802001953125,15.519231796264648,10992,False
GXG,2023-03-03,19.1299991607666,19.610000610351562,19.056299209594727,19.520000457763672,15.87695026397705,7856,False
GXG,2023-03-06,19.649999618530273,19.899999618530273,19.649999618530273,19.84980010986328,16.145198822021484,22007,False
GXG,2023-03-07,19.93000030517578,20.114500045776367,19.61009979248047,19.65999984741211,15.990821838378906,12446,False
GXG,2023-03-08,19.764999389648438,19.889999389648438,19.65999984741211,19.673200607299805,16.00156021118164,5882,False
GXG,2023-03-09,19.790000915527344,19.816200256347656,19.190000534057617,19.197099685668945,15.614313125610352,13487,False
GXG,2023-03-10,19.389999389648438,19.399999618530273,19.0,19.059999465942383,15.502800941467285,18900,False
GXG,2023-03-13,19.0,19.0,18.399999618530273,18.56999969482422,15.104251861572266,51837,False
GXG,2023-03-14,18.6200008392334,18.93000030517578,18.6200008392334,18.66029930114746,15.177698135375977,6044,False
GXG,2023-03-15,17.6299991607666,18.25,17.59000015258789,17.73349952697754,14.423869132995605,90635,False
GXG,2023-03-16,17.75,18.075000762939453,17.6200008392334,18.049999237060547,14.681300163269043,14158,False
GXG,2023-03-17,17.8700008392334,18.190000534057617,17.75,17.75,14.437289237976074,33101,False
GXG,2023-03-20,17.65999984741211,17.80579948425293,17.65999984741211,17.80579948425293,14.482674598693848,5394,False
GXG,2023-03-21,18.059999465942383,18.239999771118164,18.059999465942383,18.21780014038086,14.81778335571289,4199,False
GXG,2023-03-22,18.260000228881836,18.290700912475586,17.959999084472656,17.959999084472656,14.6080961227417,6156,False
GXG,2023-03-23,18.239999771118164,18.270000457763672,17.850000381469727,17.88629913330078,14.548151016235352,7037,False
GXG,2023-03-24,17.62030029296875,17.829999923706055,17.520000457763672,17.770000457763672,14.453557014465332,29469,False
GXG,2023-03-27,18.040000915527344,18.29129981994629,18.040000915527344,18.29129981994629,14.877565383911133,14126,False
GXG,2023-03-28,18.43000030517578,18.550100326538086,18.329999923706055,18.5,15.04731559753418,5455,False
GXG,2023-03-29,18.5,18.860000610351562,18.5,18.805200576782227,15.29555606842041,14976,False
GXG,2023-03-30,18.93000030517578,19.079999923706055,18.915000915527344,19.059999465942383,15.502800941467285,10028,False
GXG,2023-03-31,19.110000610351562,19.362300872802734,19.110000610351562,19.30500030517578,15.70207691192627,10195,False
GXG,2023-04-03,19.559999465942383,19.670000076293945,19.450000762939453,19.662399291992188,15.992774963378906,30600,False
GXG,2023-04-04,19.690099716186523,19.920000076293945,19.639999389648438,19.75,16.06402587890625,15572,False
GXG,2023-04-05,19.729999542236328,19.770000457763672,19.430099487304688,19.709999084472656,16.031490325927734,3191,False
GXG,2023-04-06,19.75,19.84000015258789,19.75,19.829999923706055,16.12909507751465,33445,False
GXG,2023-04-10,19.809999465942383,19.969999313354492,19.809999465942383,19.969999313354492,16.242965698242188,3810,False
GXG,2023-04-11,20.079999923706055,20.469999313354492,20.06999969482422,20.469999313354492,16.64965057373047,14132,False
GXG,2023-04-12,20.489999771118164,20.850000381469727,20.489999771118164,20.739999771118164,16.869260787963867,12139,False
GXG,2023-04-13,20.889999389648438,21.100000381469727,20.889999389648438,21.091400146484375,17.155078887939453,10103,False
GXG,2023-04-14,21.130599975585938,21.200000762939453,21.090499877929688,21.200000762939453,17.243412017822266,5155,False
GXG,2023-04-17,21.34000015258789,21.56999969482422,21.239999771118164,21.35700035095215,17.371109008789062,15144,False
GXG,2023-04-18,21.280000686645508,21.280000686645508,21.040000915527344,21.045000076293945,17.117338180541992,12912,False
GXG,2023-04-19,20.979999542236328,21.0,20.700000762939453,20.800500869750977,16.91847038269043,11317,False
GXG,2023-04-20,20.7987003326416,20.84269905090332,20.670000076293945,20.774999618530273,16.897727966308594,7399,False
GXG,2023-04-21,20.719999313354492,20.739999771118164,20.54010009765625,20.739999771118164,16.869260787963867,8101,False
GXG,2023-04-24,20.65999984741211,21.049999237060547,20.649999618530273,21.049999237060547,17.121402740478516,5242,False
GXG,2023-04-25,20.969999313354492,20.969999313354492,20.09000015258789,20.09000015258789,16.340572357177734,22636,False
GXG,2023-04-26,20.25,20.25,19.65999984741211,19.829999923706055,16.12909507751465,37269,False
GXG,2023-04-27,19.649999618530273,19.649999618530273,19.229999542236328,19.290000915527344,15.689875602722168,17118,False
GXG,2023-04-28,19.459999084472656,19.639999389648438,19.354999542236328,19.639999389648438,15.974553108215332,13396,False
GXG,2023-05-01,19.690000534057617,19.979999542236328,19.570199966430664,19.729999542236328,16.047758102416992,63453,False
GXG,2023-05-02,19.690000534057617,19.690000534057617,19.18000030517578,19.20199966430664,15.618298530578613,20379,False
GXG,2023-05-03,19.18000030517578,19.399999618530273,19.049999237060547,19.100000381469727,15.5353364944458,57997,False
GXG,2023-05-04,19.219999313354492,19.329999923706055,19.079999923706055,19.1648006439209,15.588043212890625,3815,False
GXG,2023-05-05,19.610000610351562,19.969999313354492,19.600000381469727,19.833499908447266,16.131940841674805,7609,False
GXG,2023-05-08,19.84000015258789,20.280000686645508,19.84000015258789,19.989999771118164,16.259235382080078,25789,False
GXG,2023-05-09,19.860000610351562,19.940000534057617,19.790000915527344,19.79680061340332,16.10209083557129,15724,False
GXG,2023-05-10,19.92650032043457,19.959999084472656,19.780000686645508,19.87529945373535,16.16594123840332,5117,False
GXG,2023-05-11,19.829999923706055,19.829999923706055,19.564599990844727,19.564599990844727,15.913228034973145,459,False
GXG,2023-05-12,19.43000030517578,19.670000076293945,19.3799991607666,19.658199310302734,15.989357948303223,59078,False
GXG,2023-05-15,19.770000457763672,20.049800872802734,19.770000457763672,19.84000015258789,16.13722801208496,12211,False
GXG,2023-05-16,19.90999984741211,19.940000534057617,19.475900650024414,19.475900650024414,15.841081619262695,1615,False
GXG,2023-05-17,19.549999237060547,19.709999084472656,19.489999771118164,19.641599655151367,15.975855827331543,3200,False
GXG,2023-05-18,19.527799606323242,19.527799606323242,19.34000015258789,19.43000030517578,15.803747177124023,4028,False
GXG,2023-05-19,19.399999618530273,19.729999542236328,19.399999618530273,19.5,15.860681533813477,7444,False
GXG,2023-05-22,19.68000030517578,19.700000762939453,19.38010025024414,19.6200008392334,15.958290100097656,18781,False
GXG,2023-05-23,19.559999465942383,19.809999465942383,19.559999465942383,19.770000457763672,16.080293655395508,39077,False
GXG,2023-05-24,19.709999084472656,19.739999771118164,19.461000442504883,19.483400344848633,15.84718132019043,1585,False
GXG,2023-05-25,19.420000076293945,19.426000595092773,19.049999237060547,19.079999923706055,15.519067764282227,6811,False
GXG,2023-05-26,19.280000686645508,19.43000030517578,19.079999923706055,19.360000610351562,15.746811866760254,35254,False
GXG,2023-05-30,19.479999542236328,19.639999389648438,19.280099868774414,19.479999542236328,15.844416618347168,26708,False
GXG,2023-05-31,19.5,19.5,19.200000762939453,19.235300064086914,15.645386695861816,4076,False
GXG,2023-06-01,19.309999465942383,19.88990020751953,19.239999771118164,19.850000381469727,16.145362854003906,10475,False
GXG,2023-06-02,20.030000686645508,20.81999969482422,20.0,20.56999969482422,16.730989456176758,21012,False
GXG,2023-06-05,20.93000030517578,20.860000610351562,20.549999237060547,20.852399826049805,16.960683822631836,8184,False
GXG,2023-06-06,20.850000381469727,21.65999984741211,20.760000228881836,21.579999923706055,17.552490234375,21983,False
GXG,2023-06-07,21.84000015258789,21.859899520874023,21.729999542236328,21.829999923706055,17.755830764770508,14674,False
GXG,2023-06-08,21.829999923706055,21.959999084472656,21.790000915527344,21.907800674438477,17.81911277770996,28148,False
GXG,2023-06-09,22.1299991607666,22.43000030517578,21.600000381469727,21.639999389648438,17.601293563842773,24827,False
GXG,2023-06-12,21.760000228881836,21.954999923706055,21.511999130249023,21.854000091552734,17.775352478027344,33944,False
GXG,2023-06-13,21.850000381469727,21.94499969482422,21.729999542236328,21.850000381469727,17.7721004486084,23571,False
GXG,2023-06-14,21.899999618530273,21.899999618530273,21.690000534057617,21.755599975585938,17.695316314697266,7529,False
GXG,2023-06-15,21.700000762939453,22.0,21.65999984741211,22.0,17.89410400390625,4385,False
GXG,2023-06-16,22.030000686645508,22.59000015258789,21.920000076293945,22.020000457763672,17.91037368774414,15193,False
GXG,2023-06-20,22.0,22.149999618530273,21.530000686645508,21.657899856567383,17.61585235595703,31663,False
GXG,2023-06-21,21.719999313354492,21.940000534057617,21.639799118041992,21.639799118041992,17.60112953186035,5297,False
GXG,2023-06-22,21.600000381469727,21.639999389648438,21.219999313354492,21.5,17.487422943115234,22954,False
GXG,2023-06-23,21.40999984741211,21.469999313354492,20.959999084472656,21.030000686645508,17.105138778686523,7710,False
GXG,2023-06-26,21.059999465942383,21.229999542236328,20.979999542236328,21.194900512695312,17.2392635345459,2625,False
GXG,2023-06-27,21.489999771118164,21.729999542236328,20.90999984741211,21.24410057067871,17.279281616210938,51510,False
GXG,2023-06-28,21.170000076293945,21.2539005279541,21.09000015258789,21.2539005279541,17.287250518798828,28528,False
GXG,2023-06-29,20.84000015258789,20.88990020751953,20.684999465942383,20.886499404907227,17.332592010498047,7125,False
GXG,2023-06-30,20.84000015258789,21.170000076293945,20.84000015258789,20.943300247192383,17.379728317260742,4858,False
GXG,2023-07-03,21.059999465942383,21.3700008392334,21.059999465942383,21.15999984741211,17.559551239013672,12801,False
GXG,2023-07-05,21.1560001373291,21.25,21.049999237060547,21.05500030517578,17.47241973876953,22663,False
GXG,2023-07-06,20.8799991607666,20.8799991607666,20.270000457763672,20.33679962158203,16.87642478942871,8947,False
GXG,2023-07-07,20.502199172973633,21.1200008392334,20.420000076293945,21.100000381469727,17.509761810302734,11517,False
GXG,2023-07-10,21.200000762939453,21.200000762939453,21.06999969482422,21.15999984741211,17.559551239013672,14988,False
GXG,2023-07-11,21.149999618530273,21.299999237060547,21.100000381469727,21.295900344848633,17.672330856323242,8206,False
GXG,2023-07-12,21.399999618530273,21.809900283813477,21.360000610351562,21.720199584960938,18.024431228637695,72853,False
GXG,2023-07-13,21.940000534057617,22.329999923706055,21.850000381469727,22.190000534057617,18.414297103881836,15812,False
GXG,2023-07-14,22.239999771118164,22.239999771118164,21.790000915527344,21.975099563598633,18.2359619140625,11004,False
GXG,2023-07-17,22.200000762939453,22.200000762939453,21.84440040588379,22.200000762939453,18.422592163085938,4463,False
GXG,2023-07-18,22.31999969482422,22.649900436401367,22.270000457763672,22.510000228881836,18.679845809936523,5651,False
GXG,2023-07-19,22.670000076293945,22.790000915527344,22.6299991607666,22.65999984741211,18.804323196411133,6753,False
GXG,2023-07-20,22.479999542236328,22.760000228881836,22.469999313354492,22.662700653076172,18.806564331054688,9052,False
GXG,2023-07-21,22.66990089416504,22.66990089416504,22.530099868774414,22.649999618530273,18.7960262298584,23422,False
GXG,2023-07-24,22.145000457763672,22.8700008392334,22.145000457763672,22.549999237060547,18.713037490844727,27200,False
GXG,2023-07-25,22.75,22.75,22.597999572753906,22.6200008392334,18.77113151550293,15109,False
GXG,2023-07-26,22.610000610351562,22.790000915527344,22.56999969482422,22.59000015258789,18.746232986450195,22440,False
GXG,2023-07-27,22.700000762939453,22.700000762939453,22.325000762939453,22.476900100708008,18.652376174926758,15162,False
GXG,2023-07-28,22.690000534057617,22.799999237060547,22.579999923706055,22.760000228881836,18.887306213378906,13913,False
GXG,2023-07-31,22.799999237060547,23.110000610351562,22.780000686645508,23.04599952697754,19.124643325805664,31152,False
GXG,2023-08-01,23.0,23.0,22.450000762939453,22.537799835205078,18.70291519165039,15868,False
GXG,2023-08-02,22.5,22.5,21.809999465942383,21.90999984741211,18.18193817138672,29990,False
GXG,2023-08-03,21.90999984741211,22.0,21.510000228881836,21.510000228881836,17.849998474121094,9610,False
GXG,2023-08-04,21.920000076293945,22.260000228881836,21.81999969482422,22.14459991455078,18.376619338989258,15306,False
GXG,2023-08-07,22.100000381469727,22.329999923706055,22.100000381469727,22.329999923706055,18.530473709106445,12384,False
GXG,2023-08-08,21.84000015258789,21.969999313354492,21.770000457763672,21.829999923706055,18.115549087524414,25822,False
GXG,2023-08-09,22.049999237060547,22.049999237060547,21.780000686645508,22.040000915527344,18.289817810058594,11321,False
GXG,2023-08-10,22.209999084472656,22.209999084472656,21.815000534057617,21.969999313354492,18.231727600097656,22037,False
GXG,2023-08-11,21.989999771118164,21.989999771118164,21.6299991607666,21.860000610351562,18.140445709228516,16814,False
GXG,2023-08-14,21.780000686645508,21.780000686645508,21.29050064086914,21.350000381469727,17.717222213745117,18461,False
GXG,2023-08-15,21.34000015258789,21.34000015258789,20.871000289916992,20.889999389648438,17.335493087768555,24751,False
GXG,2023-08-16,20.8700008392334,20.8700008392334,20.639999389648438,20.719999313354492,17.194419860839844,10783,False
GXG,2023-08-17,20.829999923706055,20.8700008392334,20.675800323486328,20.675800323486328,17.15774154663086,1823,False
GXG,2023-08-18,20.61009979248047,20.71150016784668,20.560100555419922,20.71150016784668,17.187366485595703,2880,False
GXG,2023-08-21,20.850000381469727,20.850000381469727,20.649999618530273,20.774999618530273,17.240062713623047,10268,False
GXG,2023-08-22,20.649999618530273,20.649999618530273,20.329999923706055,20.329999923706055,16.870779037475586,3011,False
GXG,2023-08-23,20.350000381469727,20.545000076293945,20.239999771118164,20.239999771118164,16.79609489440918,17935,False
GXG,2023-08-24,20.350000381469727,20.3799991607666,20.2549991607666,20.2549991607666,16.80853843688965,1510,False
GXG,2023-08-25,20.209999084472656,20.31999969482422,20.049999237060547,20.12929916381836,16.7042293548584,8348,False
GXG,2023-08-28,20.1299991607666,20.3075008392334,20.1299991607666,20.270000457763672,16.82098960876465,3850,False
GXG,2023-08-29,20.25,20.559999465942383,20.25,20.559999465942383,17.0616455078125,20914,False
GXG,2023-08-30,20.68000030517578,21.0,20.514999389648438,20.889999389648438,17.335493087768555,73240,False
GXG,2023-08-31,20.648000717163086,20.649999618530273,20.399999618530273,20.40180015563965,16.930362701416016,15087,False
GXG,2023-09-01,20.350000381469727,20.59000015258789,20.229999542236328,20.229999542236328,16.78779411315918,15824,False
GXG,2023-09-05,20.1200008392334,20.350000381469727,19.709999084472656,19.709999084472656,16.356273651123047,19619,False
GXG,2023-09-06,19.489999771118164,19.670000076293945,19.399999618530273,19.420000076293945,16.11562156677246,55569,False
GXG,2023-09-07,19.479999542236328,20.059999465942383,19.479999542236328,19.850000381469727,16.47245216369629,12926,False
GXG,2023-09-08,20.06999969482422,20.459999084472656,19.940000534057617,20.200000762939453,16.76289939880371,19536,False
GXG,2023-09-11,20.170000076293945,20.389999389648438,20.100000381469727,20.328399658203125,16.86945343017578,22280,False
GXG,2023-09-12,20.030000686645508,20.555400848388672,20.030000686645508,20.540000915527344,17.045047760009766,5261,False
GXG,2023-09-13,20.65999984741211,20.690000534057617,20.540000915527344,20.541900634765625,17.0466251373291,6160,False
GXG,2023-09-14,20.690000534057617,20.929899215698242,20.68000030517578,20.850000381469727,17.30230140686035,7774,False
GXG,2023-09-15,20.8700008392334,20.969999313354492,20.810100555419922,20.864999771118164,17.314748764038086,5727,False
GXG,2023-09-18,20.979999542236328,21.239900588989258,20.979999542236328,21.20039939880371,17.59307861328125,15679,False
GXG,2023-09-19,21.229999542236328,21.229999542236328,21.079999923706055,21.145000457763672,17.547107696533203,1930,False
GXG,2023-09-20,21.25,21.47260093688965,21.110000610351562,21.3700008392334,17.73381996154785,9428,False
GXG,2023-09-21,21.260000228881836,21.260000228881836,20.739999771118164,20.8799991607666,17.32719612121582,8817,False
GXG,2023-09-22,20.889999389648438,21.209999084472656,20.8799991607666,20.8799991607666,17.32719612121582,16917,False
GXG,2023-09-25,20.8799991607666,20.90999984741211,20.40999984741211,20.861299514770508,17.311677932739258,21999,False
GXG,2023-09-26,20.729999542236328,20.729999542236328,20.476900100708008,20.510000228881836,17.020153045654297,6617,False
GXG,2023-09-27,20.6200008392334,20.700000762939453,20.549999237060547,20.604999542236328,17.098987579345703,6938,False
GXG,2023-09-28,20.780000686645508,21.030000686645508,20.780000686645508,20.940500259399414,17.377403259277344,12504,False
GXG,2023-09-29,21.209999084472656,21.299999237060547,21.0,21.079999923706055,17.493165969848633,22313,False
GXG,2023-10-02,20.93000030517578,21.579999923706055,20.57200050354004,20.670000076293945,17.15292739868164,30988,False
GXG,2023-10-03,20.459999084472656,20.559999465942383,20.06999969482422,20.09000015258789,16.67161750793457,15403,False
GXG,2023-10-04,20.06999969482422,20.06999969482422,19.729999542236328,19.90999984741211,16.522245407104492,8304,False
GXG,2023-10-05,19.790000915527344,19.790000915527344,19.450000762939453,19.5,16.1820068359375,8483,False
GXG,2023-10-06,19.299999237060547,19.770000457763672,19.222299575805664,19.59000015258789,16.256694793701172,5751,False
GXG,2023-10-09,19.799999237060547,19.97800064086914,19.729999542236328,19.90999984741211,16.522245407104492,5913,False
GXG,2023-10-10,20.0,20.55500030517578,20.0,20.53260040283203,17.038908004760742,12391,False
GXG,2023-10-11,20.600000381469727,20.600000381469727,20.302000045776367,20.40369987487793,16.93194007873535,8455,False
GXG,2023-10-12,20.459999084472656,20.540000915527344,19.940000534057617,20.234699249267578,16.791696548461914,5894,False
GXG,2023-10-13,20.420000076293945,20.440000534057617,20.253700256347656,20.253700256347656,16.807464599609375,9554,False
GXG,2023-10-16,20.510099411010742,20.604799270629883,20.510099411010742,20.604799270629883,17.09882164001465,3068,False
GXG,2023-10-17,20.3799991607666,20.79990005493164,20.3799991607666,20.690200805664062,17.169692993164062,2450,False
GXG,2023-10-18,20.576499938964844,20.610000610351562,20.5049991607666,20.60759925842285,17.101146697998047,2184,False
GXG,2023-10-19,20.540000915527344,20.7898006439209,20.450000762939453,20.499900817871094,17.01177215576172,11568,False
GXG,2023-10-20,20.3700008392334,20.540000915527344,20.270000457763672,20.405000686645508,16.933021545410156,3462,False
GXG,2023-10-23,20.34000015258789,20.34000015258789,19.917600631713867,19.917600631713867,16.528553009033203,27978,False
GXG,2023-10-24,20.040000915527344,20.149999618530273,19.920000076293945,19.92799949645996,16.537181854248047,22096,False
GXG,2023-10-25,19.65999984741211,20.024099349975586,19.65999984741211,20.024099349975586,16.61693000793457,5905,False
GXG,2023-10-26,20.020000457763672,20.280000686645508,19.899999618530273,20.248600006103516,16.80323028564453,18714,False
GXG,2023-10-27,20.219999313354492,20.31999969482422,20.100000381469727,20.260900497436523,16.813438415527344,11507,False
GXG,2023-10-30,20.329999923706055,20.559999465942383,20.290000915527344,20.36440086364746,16.899330139160156,8691,False
GXG,2023-10-31,20.059999465942383,20.200000762939453,20.010000228881836,20.032699584960938,16.624065399169922,5655,False
GXG,2023-11-01,19.950000762939453,20.189899444580078,19.81999969482422,20.15999984741211,16.729707717895508,34956,False
GXG,2023-11-02,20.3799991607666,20.700000762939453,20.15999984741211,20.651599884033203,17.137659072875977,5659,False
GXG,2023-11-03,20.850000381469727,21.14579963684082,20.850000381469727,21.14579963684082,17.54776954650879,9081,False
GXG,2023-11-06,21.489999771118164,21.489999771118164,20.860000610351562,20.88789939880371,17.333751678466797,8201,False
GXG,2023-11-07,20.899999618530273,21.40999984741211,20.239999771118164,20.43000030517578,16.953765869140625,9535,False
GXG,2023-11-08,20.299999237060547,20.5,20.18000030517578,20.2189998626709,16.778667449951172,14547,False
GXG,2023-11-09,20.56999969482422,20.75,20.43000030517578,20.53499984741211,17.0408992767334,9911,False
GXG,2023-11-10,20.6299991607666,20.809999465942383,20.59000015258789,20.80500030517578,17.26495933532715,13616,False
GXG,2023-11-13,20.759899139404297,20.760000228881836,20.549999237060547,20.71500015258789,17.190271377563477,14719,False
GXG,2023-11-14,20.969900131225586,21.20009994506836,20.95800018310547,21.049999237060547,17.46826934814453,2793,False
GXG,2023-11-15,21.111000061035156,21.284299850463867,20.8799991607666,20.8799991607666,17.32719612121582,8437,False
GXG,2023-11-16,20.799999237060547,20.84000015258789,20.520000457763672,20.56679916381836,17.067285537719727,3792,False
GXG,2023-11-17,20.62459945678711,21.031200408935547,20.62459945678711,21.031200408935547,17.452669143676758,3805,False
GXG,2023-11-20,21.040000915527344,21.59000015258789,21.040000915527344,21.361400604248047,17.726682662963867,14538,False
GXG,2023-11-21,21.239999771118164,21.239999771118164,21.0,21.131799697875977,17.536149978637695,6586,False
GXG,2023-11-22,21.079999923706055,21.6299991607666,21.0,21.520000457763672,17.85829734802246,201648,False
GXG,2023-11-24,21.510000228881836,21.729999542236328,21.375,21.658899307250977,17.973562240600586,11806,False
GXG,2023-11-27,21.799999237060547,21.866899490356445,21.68000030517578,21.809999465942383,18.098953247070312,24354,False
GXG,2023-11-28,21.899999618530273,22.100000381469727,21.8799991607666,22.020000457763672,18.273221969604492,20508,False
GXG,2023-11-29,22.0,22.0,21.670000076293945,21.702199935913086,18.009496688842773,27463,False
GXG,2023-11-30,21.65999984741211,21.90999984741211,21.440000534057617,21.70949935913086,18.015552520751953,139120,False
GXG,2023-12-01,21.860000610351562,22.18899917602539,21.860000610351562,22.183300018310547,18.408735275268555,31054,False
GXG,2023-12-04,22.0,22.09830093383789,21.950000762939453,22.049800872802734,18.297950744628906,24951,False
GXG,2023-12-05,21.93000030517578,22.019899368286133,21.75,21.899999618530273,18.17363929748535,17141,False
GXG,2023-12-06,21.969999313354492,21.969999313354492,21.649999618530273,21.68000030517578,17.991073608398438,13988,False
GXG,2023-12-07,21.68000030517578,21.864999771118164,21.614999771118164,21.78339958190918,18.076879501342773,83602,False
GXG,2023-12-08,21.770000457763672,22.059999465942383,21.70989990234375,22.059200286865234,18.30575180053711,24883,False
GXG,2023-12-11,22.010000228881836,22.030000686645508,21.899999618530273,21.939699172973633,18.206584930419922,8668,False
GXG,2023-12-12,22.059999465942383,22.059999465942383,21.645200729370117,21.86090087890625,18.141193389892578,22644,False
GXG,2023-12-13,21.969999313354492,22.459999084472656,21.850099563598633,22.445899963378906,18.62665367126465,19532,False
GXG,2023-12-14,22.5,22.899999618530273,22.44499969482422,22.894500732421875,18.99892234802246,24488,False
GXG,2023-12-15,22.920000076293945,22.93000030517578,22.709999084472656,22.882200241088867,18.98871612548828,11191,False
GXG,2023-12-18,22.899999618530273,23.329999923706055,22.899999618530273,23.026599884033203,19.108545303344727,19234,False
GXG,2023-12-19,23.0,23.17300033569336,22.799999237060547,22.989999771118164,19.07817268371582,62458,False
GXG,2023-12-20,23.110000610351562,23.350000381469727,22.979999542236328,22.979999542236328,19.06987190246582,25315,False
GXG,2023-12-21,23.059999465942383,23.190000534057617,22.940000534057617,23.100000381469727,19.169456481933594,53607,False
GXG,2023-12-22,23.190000534057617,23.401199340820312,23.0,23.38920021057129,19.409446716308594,16049,False
GXG,2023-12-26,23.440000534057617,24.155000686645508,23.440000534057617,24.1200008392334,20.015899658203125,23947,False
GXG,2023-12-27,24.190000534057617,24.350000381469727,24.120100021362305,24.315000534057617,20.177719116210938,29970,False
GXG,2023-12-28,23.299999237060547,23.338600158691406,22.940000534057617,23.030000686645508,20.0980224609375,99556,False
GXG,2023-12-29,23.450000762939453,23.450000762939453,22.899999618530273,23.100000381469727,20.15911293029785,70119,False
GXG,2024-01-02,22.969999313354492,23.354999542236328,22.89590072631836,23.280000686645508,20.31619644165039,65523,False
GXG,2024-01-03,22.700000762939453,23.229999542236328,22.6299991607666,23.010000228881836,20.080570220947266,52725,False
GXG,2024-01-04,23.229999542236328,23.690000534057617,23.190099716186523,23.56999969482422,20.56927490234375,24442,False
GXG,2024-01-05,23.81999969482422,24.56999969482422,23.68000030517578,24.440000534057617,21.328514099121094,121157,False
GXG,2024-01-08,24.389999389648438,24.649999618530273,24.31999969482422,24.360000610351562,21.258699417114258,62286,False
GXG,2024-01-09,24.200000762939453,24.378000259399414,23.852399826049805,24.309999465942383,21.215065002441406,42409,False
GXG,2024-01-10,24.34000015258789,24.34000015258789,23.84000015258789,23.950000762939453,20.900897979736328,27164,False
GXG,2024-01-11,23.969999313354492,24.170000076293945,23.93000030517578,24.1299991607666,21.057979583740234,38307,False
GXG,2024-01-12,24.229999542236328,24.229999542236328,23.99049949645996,24.030000686645508,20.970714569091797,10567,False
GXG,2024-01-16,24.079999923706055,24.119300842285156,23.780000686645508,23.780000686645508,20.752538681030273,10451,False
GXG,2024-01-17,23.610000610351562,23.8799991607666,23.29010009765625,23.670000076293945,20.656543731689453,51559,False
GXG,2024-01-18,23.704999923706055,23.719999313354492,23.475000381469727,23.579999923706055,20.5780029296875,13766,False
GXG,2024-01-19,23.489999771118164,23.68090057373047,23.42009925842285,23.510000228881836,20.51691436767578,38333,False
GXG,2024-01-22,23.600000381469727,23.729999542236328,23.440000534057617,23.729999542236328,20.708904266357422,10281,False
GXG,2024-01-23,23.649999618530273,23.65999984741211,23.299999237060547,23.40999984741211,20.42964744567871,24162,False
GXG,2024-01-24,23.5,23.514999389648438,23.079999923706055,23.149999618530273,20.20274543762207,178035,False
GXG,2024-01-25,23.42009925842285,23.489999771118164,23.049999237060547,23.290000915527344,20.324922561645508,45104,False
GXG,2024-01-26,23.469999313354492,23.639999389648438,23.3700008392334,23.639999389648438,20.630361557006836,10588,False
GXG,2024-01-29,23.739999771118164,23.739999771118164,23.459999084472656,23.700000762939453,20.682723999023438,16333,False
GXG,2024-01-30,23.641799926757812,23.66990089416504,23.520000457763672,23.520000457763672,20.52564239501953,12968,False
GXG,2024-01-31,23.729999542236328,23.729999542236328,23.469999313354492,23.642900466918945,20.632896423339844,9154,False
GXG,2024-02-01,23.6299991607666,23.75,23.56100082397461,23.75,20.726360321044922,14589,False
GXG,2024-02-02,23.389999389648438,23.5,23.059999465942383,23.1200008392334,20.176565170288086,27473,False
GXG,2024-02-05,22.850000381469727,23.290000915527344,22.719999313354492,22.969999313354492,20.0456600189209,103658,False
GXG,2024-02-06,23.079999923706055,23.349899291992188,22.979999542236328,23.06999969482422,20.132930755615234,48241,False
GXG,2024-02-07,23.100000381469727,23.219999313354492,22.940000534057617,23.09000015258789,20.150386810302734,193904,False
GXG,2024-02-08,22.989999771118164,23.329999923706055,22.95009994506836,23.09000015258789,20.150386810302734,98791,False
GXG,2024-02-09,23.100000381469727,23.100000381469727,22.729999542236328,22.809999465942383,19.90603256225586,57209,False
GXG,2024-02-12,22.850000381469727,22.950000762939453,22.75,22.829999923706055,19.923484802246094,32444,False
GXG,2024-02-13,22.809999465942383,22.809999465942383,22.540000915527344,22.604999542236328,19.727128982543945,16151,False
GXG,2024-02-14,22.610000610351562,22.670000076293945,22.3700008392334,22.433000564575195,19.577028274536133,18058,False
GXG,2024-02-15,22.520000457763672,22.719999313354492,22.510000228881836,22.719999313354492,19.827489852905273,22728,False
GXG,2024-02-16,22.6299991607666,22.96500015258789,22.6299991607666,22.850000381469727,19.940940856933594,41789,False
GXG,2024-02-20,22.700000762939453,22.700000762939453,22.418699264526367,22.540000915527344,19.670406341552734,17053,False
GXG,2024-02-21,22.59000015258789,22.968599319458008,22.579999923706055,22.959999084472656,20.03693389892578,21496,False
GXG,2024-02-22,22.90999984741211,23.149999618530273,22.739999771118164,23.06100082397461,20.125078201293945,15499,False
GXG,2024-02-23,22.899999618530273,23.200000762939453,22.860000610351562,23.170000076293945,20.22020149230957,15324,False
GXG,2024-02-26,23.139999389648438,23.208499908447266,23.040000915527344,23.200000762939453,20.246381759643555,32005,False
GXG,2024-02-27,23.149999618530273,23.436899185180664,23.149999618530273,23.309999465942383,20.342374801635742,9758,False
GXG,2024-02-28,23.309999465942383,23.36520004272461,23.290000915527344,23.290000915527344,20.324922561645508,6200,False
GXG,2024-02-29,23.420000076293945,23.459999084472656,23.31999969482422,23.420000076293945,20.438371658325195,18121,False
GXG,2024-03-01,23.209999084472656,23.3799991607666,22.940000534057617,23.229999542236328,20.272560119628906,25373,False
GXG,2024-03-04,23.25,23.3700008392334,23.1200008392334,23.309999465942383,20.342374801635742,16178,False
GXG,2024-03-05,23.219999313354492,23.368999481201172,23.200000762939453,23.290000915527344,20.324922561645508,15526,False
GXG,2024-03-06,23.440000534057617,23.739999771118164,23.440000534057617,23.739999771118164,20.71763038635254,25327,False
GXG,2024-03-07,23.639999389648438,23.93000030517578,23.639999389648438,23.829999923706055,20.796173095703125,4283,False
GXG,2024-03-08,23.8700008392334,23.940000534057617,23.66160011291504,23.799999237060547,20.76999282836914,17897,False
GXG,2024-03-11,23.75,23.8799991607666,23.6299991607666,23.81999969482422,20.787446975708008,32557,False
GXG,2024-03-12,23.649999618530273,23.760000228881836,23.5,23.5,20.50818634033203,12721,False
GXG,2024-03-13,23.670000076293945,23.739900588989258,23.579999923706055,23.729999542236328,20.708904266357422,13222,False
GXG,2024-03-14,23.75,23.818199157714844,23.68000030517578,23.716100692749023,20.69677734375,31492,False
GXG,2024-03-15,23.850000381469727,23.90999984741211,23.719999313354492,23.8700008392334,20.831083297729492,32587,False
GXG,2024-03-18,23.809999465942383,24.200000762939453,23.809999465942383,24.15999984741211,21.08415985107422,17335,False
GXG,2024-03-19,23.75,24.239999771118164,23.75,24.219999313354492,21.13652229309082,10543,False
GXG,2024-03-20,24.100000381469727,24.325000762939453,24.09000015258789,24.280000686645508,21.188884735107422,3860,False
GXG,2024-03-21,24.200000762939453,24.43899917602539,24.190000534057617,24.34000015258789,21.24124526977539,13617,False
GXG,2024-03-22,24.469999313354492,24.530000686645508,24.209999084472656,24.530000686645508,21.40705680847168,11350,False
GXG,2024-03-25,24.760000228881836,24.799999237060547,24.489999771118164,24.649999618530273,21.511777877807617,5996,False
GXG,2024-03-26,24.760000228881836,24.84000015258789,24.610000610351562,24.709999084472656,21.564138412475586,4699,False
GXG,2024-03-27,24.850000381469727,25.088199615478516,24.84600067138672,25.06999969482422,21.87830924987793,9082,False
GXG,2024-03-28,24.989999771118164,25.229999542236328,24.979999542236328,25.229999542236328,22.0179386138916,91698,False
GXG,2024-04-01,25.3799991607666,25.389999389648438,24.959999084472656,25.200000762939453,21.991758346557617,64692,False
GXG,2024-04-02,25.34000015258789,25.860000610351562,25.280000686645508,25.84000015258789,22.550277709960938,16642,False
GXG,2024-04-03,26.0,26.385000228881836,25.899999618530273,26.3799991607666,23.021530151367188,55132,False
GXG,2024-04-04,26.6200008392334,26.985000610351562,26.213499069213867,26.700000762939453,23.300790786743164,14105,False
GXG,2024-04-05,26.93000030517578,26.969999313354492,26.625,26.780000686645508,23.370607376098633,7812,False
GXG,2024-04-08,26.8700008392334,26.920000076293945,26.69499969482422,26.920000076293945,23.492782592773438,22602,False
GXG,2024-04-09,26.989999771118164,27.34000015258789,26.918899536132812,27.270000457763672,23.7982234954834,15975,False
GXG,2024-04-10,26.950000762939453,27.274999618530273,26.584999084472656,26.65999984741211,23.265880584716797,48486,False
GXG,2024-04-11,26.920000076293945,27.049999237060547,26.549999237060547,27.010000228881836,23.57132339477539,10779,False
GXG,2024-04-12,26.649999618530273,26.780000686645508,26.309999465942383,26.399999618530273,23.038982391357422,16911,False
GXG,2024-04-15,26.510000228881836,26.510000228881836,25.6299991607666,25.690000534057617,22.419374465942383,30383,False
GXG,2024-04-16,25.450000762939453,25.599899291992188,25.260000228881836,25.489999771118164,22.244836807250977,16535,False
GXG,2024-04-17,25.530000686645508,25.63800048828125,25.229999542236328,25.25,22.03539276123047,12176,False
GXG,2024-04-18,25.34000015258789,25.34000015258789,24.690000534057617,24.690000534057617,21.54668617248535,15770,False
GXG,2024-04-19,24.549999237060547,25.180099487304688,24.549999237060547,25.030000686645508,21.843399047851562,35646,False
GXG,2024-04-22,24.920000076293945,25.520000457763672,24.799999237060547,25.280000686645508,22.061574935913086,34609,False
GXG,2024-04-23,25.25,25.459999084472656,25.25,25.459999084472656,22.21865463256836,5389,False
GXG,2024-04-24,25.190500259399414,25.28499984741211,25.100000381469727,25.100000381469727,21.90448760986328,8612,False
GXG,2024-04-25,24.950000762939453,25.100000381469727,24.5,25.100000381469727,21.90448760986328,11535,False
GXG,2024-04-26,25.149999618530273,25.749900817871094,25.149999618530273,25.530000686645508,22.27974510192871,71046,False
GXG,2024-04-29,25.780000686645508,26.239999771118164,25.780000686645508,26.209999084472656,22.873170852661133,10425,False
GXG,2024-04-30,26.079999923706055,26.209999084472656,25.549999237060547,25.59000015258789,22.332107543945312,68677,False
GXG,2024-05-01,25.59000015258789,25.8799991607666,25.3700008392334,25.6299991607666,22.367013931274414,14379,False
GXG,2024-05-02,25.59000015258789,25.889999389648438,25.434999465942383,25.829999923706055,22.54155158996582,21483,False
GXG,2024-05-03,26.139999389648438,26.320999145507812,25.79010009765625,25.81999969482422,22.532825469970703,18004,False
GXG,2024-05-06,26.030000686645508,26.31999969482422,26.021400451660156,26.31999969482422,22.969167709350586,15449,False
GXG,2024-05-07,25.989999771118164,26.190000534057617,25.95009994506836,26.09000015258789,22.768451690673828,23386,False
GXG,2024-05-08,25.899999618530273,26.18000030517578,25.899999618530273,26.049999237060547,22.73354148864746,6919,False
GXG,2024-05-09,26.149999618530273,26.349899291992188,26.149999618530273,26.23509979248047,22.895076751708984,7789,False
GXG,2024-05-10,26.264999389648438,26.649999618530273,26.21109962463379,26.459999084472656,23.091346740722656,14600,False
GXG,2024-05-13,26.170000076293945,26.57900047302246,26.170000076293945,26.46500015258789,23.0957088470459,13516,False
GXG,2024-05-14,26.420000076293945,27.040000915527344,26.420000076293945,27.040000915527344,23.597505569458008,14343,False
GXG,2024-05-15,26.8700008392334,27.34000015258789,26.8700008392334,27.229999542236328,23.763317108154297,28052,False
GXG,2024-05-16,27.100000381469727,27.40999984741211,27.100000381469727,27.277000427246094,23.804332733154297,10528,False
GXG,2024-05-17,27.25,27.65839958190918,27.25,27.549999237060547,24.042577743530273,12980,False
GXG,2024-05-20,27.520000457763672,27.83989906311035,27.40999984741211,27.739999771118164,24.20838737487793,31669,False
GXG,2024-05-21,27.84000015258789,28.079999923706055,27.690000534057617,27.86870002746582,24.320703506469727,26175,False
GXG,2024-05-22,27.559999465942383,27.610000610351562,27.040000915527344,27.100000381469727,23.64986801147461,38823,False
GXG,2024-05-23,27.135000228881836,27.15999984741211,26.850099563598633,26.951200485229492,23.52001190185547,16612,False
GXG,2024-05-24,26.959999084472656,27.049999237060547,26.799999237060547,26.879899978637695,23.457786560058594,10275,False
GXG,2024-05-28,27.079999923706055,27.15999984741211,26.950000762939453,26.959299087524414,23.52707862854004,20361,False
GXG,2024-05-29,26.802000045776367,26.899900436401367,26.5,26.59000015258789,23.204795837402344,11157,False
GXG,2024-05-30,26.65999984741211,26.98270034790039,26.489999771118164,26.795000076293945,23.383695602416992,13728,False
GXG,2024-05-31,26.899999618530273,26.899999618530273,26.485000610351562,26.69580078125,23.2971248626709,10151,False
GXG,2024-06-03,27.059999465942383,27.15999984741211,26.68000030517578,27.020000457763672,23.580053329467773,31810,False
GXG,2024-06-04,26.610000610351562,26.610000610351562,26.31999969482422,26.440000534057617,23.07389259338379,29192,False
GXG,2024-06-05,26.510000228881836,26.579999923706055,26.39590072631836,26.450000762939453,23.082618713378906,3246,False
GXG,2024-06-06,26.399999618530273,26.420000076293945,26.239999771118164,26.350000381469727,22.995349884033203,9531,False
GXG,2024-06-07,26.34000015258789,26.34000015258789,26.25,26.270000457763672,22.925535202026367,4275,False
GXG,2024-06-10,26.299999237060547,26.375,26.25,26.25,22.908082962036133,5741,False
GXG,2024-06-11,26.260000228881836,26.31999969482422,25.670000076293945,25.709999084472656,22.43682861328125,6626,False
GXG,2024-06-12,25.760000228881836,25.820100784301758,25.399999618530273,25.420000076293945,22.18375015258789,29320,False
GXG,2024-06-13,25.360000610351562,25.3700008392334,24.795000076293945,24.81999969482422,21.66013526916504,22172,False
GXG,2024-06-14,24.549999237060547,24.68000030517578,24.5,24.56999969482422,21.44196319580078,18981,False
GXG,2024-06-17,24.559999465942383,24.655500411987305,24.364999771118164,24.488100051879883,21.3704891204834,49721,False
GXG,2024-06-18,24.700000762939453,25.059999465942383,24.690000534057617,24.93000030517578,21.756132125854492,48266,False
GXG,2024-06-20,24.829999923706055,24.8799991607666,24.3700008392334,24.600000381469727,21.468143463134766,35282,False
GXG,2024-06-21,24.72800064086914,24.72800064086914,24.510000228881836,24.510000228881836,21.38960075378418,3911,False
GXG,2024-06-24,24.68000030517578,25.18000030517578,24.610000610351562,25.170000076293945,21.965576171875,16583,False
GXG,2024-06-25,25.209999084472656,25.209999084472656,24.86199951171875,24.90060043334961,21.73047637939453,7246,False
GXG,2024-06-26,24.760000228881836,24.98419952392578,24.760000228881836,24.98419952392578,21.80343246459961,2241,False
GXG,2024-06-27,24.579999923706055,24.649999618530273,24.40999984741211,24.549999237060547,21.763704299926758,11073,False
GXG,2024-06-28,24.413999557495117,24.729999542236328,24.413999557495117,24.6200008392334,21.825761795043945,12287,False
GXG,2024-07-01,24.600000381469727,24.81999969482422,24.440000534057617,24.59119987487793,21.800228118896484,30400,False
GXG,2024-07-02,24.469999313354492,24.763500213623047,24.469999313354492,24.763500213623047,21.952974319458008,8310,False
GXG,2024-07-03,24.950000762939453,25.239999771118164,24.899999618530273,24.899999618530273,22.07398223876953,4205,False
GXG,2024-07-05,25.059999465942383,25.1200008392334,24.889999389648438,25.040000915527344,22.19809341430664,6478,False
GXG,2024-07-08,25.204999923706055,25.299999237060547,25.040000915527344,25.040000915527344,22.19809341430664,20384,False
GXG,2024-07-09,25.314199447631836,25.314199447631836,25.059999465942383,25.059999465942383,22.215822219848633,38177,False
GXG,2024-07-10,25.290000915527344,25.59000015258789,25.209999084472656,25.459999084472656,22.570425033569336,22746,False
GXG,2024-07-11,25.530000686645508,25.700000762939453,25.440000534057617,25.540000915527344,22.641345977783203,27999,False
GXG,2024-07-12,25.65999984741211,25.860000610351562,25.65999984741211,25.860000610351562,22.925029754638672,3229,False
GXG,2024-07-15,25.709999084472656,25.860000610351562,25.65999984741211,25.739999771118164,22.818647384643555,11466,False
GXG,2024-07-16,25.940000534057617,25.940000534057617,25.3700008392334,25.43000030517578,22.54383087158203,44707,False
GXG,2024-07-17,25.6200008392334,25.6200008392334,25.329999923706055,25.329999923706055,22.45517921447754,14224,False
GXG,2024-07-18,25.299999237060547,25.299999237060547,24.649999618530273,24.84000015258789,22.02079200744629,39383,False
GXG,2024-07-19,24.780000686645508,25.100000381469727,24.780000686645508,24.905000686645508,22.078414916992188,6725,False
GXG,2024-07-22,25.010000228881836,25.31999969482422,24.871000289916992,25.18000030517578,22.32220458984375,20130,False
GXG,2024-07-23,24.975000381469727,25.139999389648438,24.951499938964844,25.1299991607666,22.277877807617188,10498,False
GXG,2024-07-24,25.030000686645508,25.030000686645508,24.56999969482422,24.59000015258789,21.799165725708008,39106,False
GXG,2024-07-25,24.594999313354492,24.790000915527344,24.54010009765625,24.75,21.941007614135742,5351,False
GXG,2024-07-26,24.899999618530273,24.980100631713867,24.729999542236328,24.750900268554688,21.941804885864258,9481,False
GXG,2024-07-29,24.670000076293945,24.670000076293945,24.38050079345703,24.400800704956055,21.631437301635742,8163,False
GXG,2024-07-30,24.34000015258789,24.420000076293945,24.190000534057617,24.309999465942383,21.55094337463379,5439,False
GXG,2024-07-31,24.579999923706055,24.760000228881836,24.329999923706055,24.719999313354492,21.914411544799805,28559,False
GXG,2024-08-01,24.639999389648438,24.639999389648438,23.799999237060547,23.979999542236328,21.25839614868164,19591,False
GXG,2024-08-02,23.8799991607666,23.93000030517578,23.329999923706055,23.450000762939453,20.788549423217773,26252,False
GXG,2024-08-05,22.6200008392334,23.0,22.459999084472656,22.979999542236328,20.371891021728516,34099,False
GXG,2024-08-06,23.079999923706055,23.33989906311035,23.049999237060547,23.125,20.50043487548828,28045,False
GXG,2024-08-07,23.600000381469727,23.600000381469727,23.0,23.1200008392334,20.496004104614258,45428,False
GXG,2024-08-08,23.440000534057617,23.850000381469727,23.3799991607666,23.719999313354492,21.02790641784668,56860,False
GXG,2024-08-09,23.850000381469727,23.891599655151367,23.719999313354492,23.891599655151367,21.180030822753906,27862,False
GXG,2024-08-12,23.999900817871094,24.450000762939453,23.99799919128418,24.270000457763672,21.515483856201172,20754,False
GXG,2024-08-13,24.384599685668945,24.850000381469727,24.384599685668945,24.719999313354492,21.914411544799805,14571,False
GXG,2024-08-14,24.670000076293945,24.90999984741211,24.55500030517578,24.90999984741211,22.08284568786621,59358,False
GXG,2024-08-15,24.850000381469727,25.032899856567383,24.850000381469727,25.032899856567383,22.19179916381836,2644,False
GXG,2024-08-16,25.0,25.0,24.71500015258789,24.729999542236328,21.923274993896484,9511,False
GXG,2024-08-19,24.799999237060547,25.100000381469727,24.719999313354492,24.981000900268555,22.145790100097656,5327,False
GXG,2024-08-20,25.100099563598633,25.100099563598633,24.770099639892578,24.780000686645508,21.96760368347168,5109,False
GXG,2024-08-21,24.989999771118164,24.989999771118164,24.696199417114258,24.696199417114258,21.893312454223633,4011,False
GXG,2024-08-22,24.729999542236328,24.729999542236328,24.442100524902344,24.44580078125,21.67133140563965,2274,False
GXG,2024-08-23,24.530000686645508,24.649999618530273,24.530000686645508,24.594999313354492,21.80359649658203,4504,False
GXG,2024-08-26,24.579999923706055,24.770000457763672,24.559999465942383,24.75,21.941007614135742,8100,False
GXG,2024-08-27,24.6299991607666,24.729900360107422,24.559999465942383,24.579999923706055,21.790300369262695,7106,False
GXG,2024-08-28,24.520000457763672,24.645000457763672,24.149999618530273,24.190000534057617,21.444562911987305,20943,False
GXG,2024-08-29,24.020000457763672,24.06999969482422,23.8700008392334,23.991199493408203,21.268325805664062,8397,False
GXG,2024-08-30,23.920000076293945,23.920000076293945,23.469999313354492,23.739999771118164,21.045635223388672,18658,False
GXG,2024-09-03,23.860000610351562,23.860000610351562,23.489999771118164,23.489999771118164,20.82400894165039,12103,False
GXG,2024-09-04,23.479999542236328,23.549999237060547,23.34000015258789,23.549999237060547,20.877201080322266,44829,False
GXG,2024-09-05,23.690000534057617,23.71940040588379,23.389999389648438,23.5,20.832874298095703,11625,False
GXG,2024-09-06,23.760000228881836,23.78499984741211,23.049999237060547,23.290000915527344,20.646709442138672,30070,False
GXG,2024-09-09,23.270000457763672,23.270000457763672,22.881999969482422,22.90999984741211,20.30983543395996,13309,False
GXG,2024-09-10,22.84000015258789,22.84000015258789,22.350000381469727,22.469999313354492,19.91977310180664,30759,False
GXG,2024-09-11,22.700000762939453,22.739999771118164,22.299999237060547,22.6299991607666,20.061614990234375,28881,False
GXG,2024-09-12,22.690000534057617,23.049999237060547,22.604999542236328,23.049999237060547,20.43394660949707,9594,False
GXG,2024-09-13,23.309999465942383,23.56999969482422,23.229999542236328,23.389999389648438,20.73535919189453,27622,False
GXG,2024-09-16,23.40999984741211,23.40999984741211,22.8700008392334,23.110000610351562,20.487138748168945,16491,False
GXG,2024-09-17,23.200000762939453,23.200000762939453,23.010000228881836,23.133499145507812,20.50796890258789,11750,False
GXG,2024-09-18,23.260000228881836,23.30500030517578,23.100000381469727,23.17460060119629,20.544404983520508,6757,False
GXG,2024-09-19,23.190000534057617,23.34000015258789,23.081499099731445,23.299999237060547,20.65557289123535,20030,False
GXG,2024-09-20,23.079999923706055,23.299999237060547,23.079999923706055,23.219999313354492,20.58465003967285,3419,False
GXG,2024-09-23,23.440000534057617,23.59670066833496,23.325000762939453,23.440000534057617,20.77968406677246,10238,False
GXG,2024-09-24,23.989999771118164,23.989999771118164,23.709999084472656,23.739999771118164,21.045635223388672,8119,False
GXG,2024-09-25,23.65999984741211,23.65999984741211,23.440000534057617,23.450000762939453,20.788549423217773,8106,False
GXG,2024-09-26,23.6200008392334,23.829999923706055,23.329999923706055,23.829999923706055,21.12541961669922,7290,False
GXG,2024-09-27,23.829999923706055,23.90999984741211,23.61009979248047,23.6299991607666,20.9481201171875,6880,False
GXG,2024-09-30,23.6299991607666,23.639999389648438,23.392099380493164,23.489999771118164,20.82400894165039,39280,False
GXG,2024-10-01,23.459999084472656,23.540000915527344,23.16010093688965,23.540000915527344,20.868335723876953,6173,False
GXG,2024-10-02,23.440000534057617,23.54990005493164,23.43000030517578,23.43000030517578,20.77081871032715,7083,False
GXG,2024-10-03,23.309999465942383,23.440000534057617,23.079999923706055,23.43000030517578,20.77081871032715,7706,False
GXG,2024-10-04,23.450000762939453,23.549999237060547,23.422199249267578,23.479999542236328,20.81514549255371,4590,False
GXG,2024-10-07,23.639999389648438,23.719999313354492,23.459999084472656,23.520000457763672,20.850603103637695,8999,False
GXG,2024-10-08,23.34000015258789,23.43000030517578,23.209999084472656,23.43000030517578,20.77081871032715,6917,False
GXG,2024-10-09,23.209999084472656,23.489999771118164,23.139999389648438,23.489999771118164,20.82400894165039,7449,False
GXG,2024-10-10,23.389999389648438,23.559999465942383,23.3700008392334,23.520000457763672,20.850603103637695,5427,False
GXG,2024-10-11,23.530000686645508,23.75,23.450000762939453,23.65999984741211,20.974716186523438,19945,False
GXG,2024-10-14,23.649999618530273,23.729999542236328,23.5,23.729999542236328,21.036771774291992,22484,False
GXG,2024-10-15,23.559999465942383,23.709999084472656,23.38010025024414,23.663400650024414,20.97772979736328,16438,False
GXG,2024-10-16,23.520000457763672,23.6200008392334,23.360000610351562,23.389999389648438,20.73535919189453,21630,False
GXG,2024-10-17,23.440000534057617,23.6299991607666,23.280000686645508,23.6299991607666,20.9481201171875,11444,False
GXG,2024-10-18,23.889999389648438,23.969999313354492,23.700000762939453,23.969999313354492,21.24953269958496,8194,False
GXG,2024-10-21,23.989999771118164,24.094999313354492,23.770000457763672,23.979999542236328,21.25839614868164,18701,False
GXG,2024-10-22,23.969999313354492,23.969999313354492,23.764999389648438,23.889999389648438,21.17860984802246,2047,False
GXG,2024-10-23,23.68000030517578,23.79990005493164,23.09630012512207,23.209999084472656,20.575786590576172,14233,False
GXG,2024-10-24,23.1299991607666,23.233999252319336,23.110000610351562,23.209999084472656,20.575786590576172,4298,False
GXG,2024-10-25,23.239999771118164,23.40999984741211,23.239999771118164,23.40999984741211,20.753089904785156,1550,False
GXG,2024-10-28,23.260000228881836,23.309999465942383,23.149999618530273,23.235000610351562,20.597951889038086,8512,False
GXG,2024-10-29,23.280000686645508,23.280000686645508,22.899999618530273,23.01460075378418,20.40256690979004,51237,False
GXG,2024-10-30,22.979999542236328,23.024999618530273,22.8700008392334,22.90690040588379,20.307086944580078,5674,False
GXG,2024-10-31,23.0,23.25,22.840700149536133,22.909000396728516,20.308950424194336,12405,False
GXG,2024-11-01,23.030000686645508,23.184999465942383,22.685699462890625,22.777999877929688,20.19281768798828,56840,False
GXG,2024-11-04,22.959999084472656,23.0,22.899999618530273,22.949899673461914,20.34520721435547,20256,False
GXG,2024-11-05,23.1299991607666,23.27750015258789,22.920000076293945,23.013900756835938,20.401945114135742,30077,False
GXG,2024-11-06,22.950000762939453,23.1476993560791,22.845300674438477,23.079500198364258,20.460098266601562,20707,False
GXG,2024-11-07,23.479999542236328,23.479999542236328,23.25,23.434999465942383,20.775251388549805,17867,False
GXG,2024-11-08,23.1299991607666,23.31999969482422,22.959999084472656,23.135000228881836,20.509300231933594,32518,False
GXG,2024-11-11,23.100000381469727,23.33060073852539,23.029399871826172,23.125,20.50043487548828,20517,False
GXG,2024-11-12,23.0,23.049999237060547,22.6299991607666,22.81999969482422,20.230051040649414,12087,False
GXG,2024-11-13,22.729999542236328,22.81999969482422,22.299999237060547,22.399999618530273,19.85771942138672,40759,False
GXG,2024-11-14,22.610000610351562,22.809999465942383,22.459999084472656,22.648099899291992,20.077661514282227,28435,False
GXG,2024-11-15,22.670000076293945,22.93000030517578,22.655000686645508,22.8799991607666,20.283241271972656,11011,False
GXG,2024-11-18,22.93000030517578,23.399999618530273,22.93000030517578,23.34000015258789,20.69103240966797,18942,False
GXG,2024-11-19,23.34000015258789,23.479999542236328,23.209999084472656,23.360000610351562,20.708765029907227,47773,False
GXG,2024-11-20,23.190000534057617,23.65999984741211,23.170000076293945,23.514999389648438,20.84617042541504,8413,False
GXG,2024-11-21,23.600000381469727,23.93000030517578,23.475000381469727,23.701499938964844,21.011505126953125,42316,False
GXG,2024-11-22,23.639999389648438,23.860000610351562,23.560100555419922,23.70170021057129,21.011682510375977,6969,False
GXG,2024-11-25,23.979999542236328,24.149999618530273,23.700000762939453,24.079999923706055,21.347047805786133,37731,False
GXG,2024-11-26,23.90999984741211,23.979999542236328,23.717599868774414,23.86009979248047,21.1521053314209,5367,False
GXG,2024-11-27,23.75,24.050500869750977,23.739999771118164,24.040000915527344,21.311588287353516,14170,False
GXG,2024-11-29,23.969999313354492,24.099899291992188,23.75,23.89889907836914,21.186500549316406,4804,False
GXG,2024-12-02,23.68000030517578,23.920000076293945,23.610000610351562,23.880399703979492,21.170103073120117,55814,False
GXG,2024-12-03,23.860000610351562,24.229999542236328,23.829999923706055,23.999300003051758,21.2755069732666,29077,False
GXG,2024-12-04,24.09000015258789,24.15999984741211,23.889999389648438,23.927400588989258,21.211767196655273,12252,False
GXG,2024-12-05,24.0,24.309900283813477,24.0,24.219999313354492,21.47115707397461,39510,False
GXG,2024-12-06,24.209999084472656,24.209999084472656,23.850000381469727,24.030000686645508,21.302722930908203,8444,False
GXG,2024-12-09,24.149999618530273,24.25,23.979999542236328,24.21030044555664,21.46255874633789,50001,False
GXG,2024-12-10,24.110000610351562,24.34980010986328,24.110000610351562,24.17140007019043,21.42807388305664,13621,False
GXG,2024-12-11,24.15999984741211,24.47800064086914,24.15999984741211,24.420299530029297,21.648725509643555,9299,False
GXG,2024-12-12,24.40999984741211,24.520000457763672,24.299999237060547,24.299999237060547,21.542078018188477,12255,False
GXG,2024-12-13,24.15999984741211,24.280000686645508,24.1299991607666,24.18000030517578,21.435697555541992,7720,False
GXG,2024-12-16,24.280000686645508,24.389999389648438,24.06999969482422,24.06999969482422,21.338180541992188,14750,False
GXG,2024-12-17,24.09000015258789,24.09000015258789,23.86009979248047,24.030000686645508,21.302722930908203,11307,False
GXG,2024-12-18,24.079999923706055,24.079999923706055,23.43000030517578,23.489999771118164,20.82400894165039,44214,False
GXG,2024-12-19,23.43000030517578,23.510000228881836,23.239999771118164,23.360000610351562,20.708765029907227,34397,False
GXG,2024-12-20,23.5,23.670000076293945,23.405000686645508,23.444499969482422,20.783674240112305,5967,False
GXG,2024-12-23,23.469999313354492,23.5,23.280000686645508,23.291000366210938,20.647594451904297,6612,False
GXG,2024-12-24,23.414899826049805,23.835599899291992,23.414899826049805,23.75830078125,21.061859130859375,8387,False
GXG,2024-12-26,23.729999542236328,23.75,23.600000381469727,23.67300033569336,20.98624038696289,12940,False
GXG,2024-12-27,23.670000076293945,23.670000076293945,23.5,23.639999389648438,20.956985473632812,7854,False
GXG,2024-12-30,22.670000076293945,22.670000076293945,22.510000228881836,22.59670066833496,20.915042877197266,4870,False
GXG,2024-12-31,22.649999618530273,22.821800231933594,22.639999389648438,22.799999237060547,21.103212356567383,27330,False
GXG,2025-01-02,22.829999923706055,23.359699249267578,22.770000457763672,23.280000686645508,21.54749298095703,65033,False
GXG,2025-01-03,23.420000076293945,23.450000762939453,23.170000076293945,23.423099517822266,21.679941177368164,6954,False
GXG,2025-01-06,23.520000457763672,23.77910041809082,23.239999771118164,23.239999771118164,21.510467529296875,23625,False
GXG,2025-01-07,23.59000015258789,23.850000381469727,23.52199935913086,23.850000381469727,22.0750732421875,18775,False
GXG,2025-01-08,23.649999618530273,23.895000457763672,23.579999923706055,23.850000381469727,22.0750732421875,17391,False
GXG,2025-01-10,23.520000457763672,23.760000228881836,23.459999084472656,23.59000015258789,21.834421157836914,46738,False
GXG,2025-01-13,23.5,23.770000457763672,23.389999389648438,23.649999618530273,21.889955520629883,49983,False
GXG,2025-01-14,23.889999389648438,23.909900665283203,23.639999389648438,23.770200729370117,22.001211166381836,12711,False
GXG,2025-01-15,24.18000030517578,24.18000030517578,23.790000915527344,23.896699905395508,22.118295669555664,22251,False
GXG,2025-01-16,23.850000381469727,23.90999984741211,23.498699188232422,23.629899978637695,21.87135124206543,22907,False
GXG,2025-01-17,23.600000381469727,23.770000457763672,23.50860023498535,23.729999542236328,21.96400260925293,11587,False
GXG,2025-01-21,23.389999389648438,23.920000076293945,23.3799991607666,23.850000381469727,22.0750732421875,326457,False
GXG,2025-01-22,23.90999984741211,24.07539939880371,23.829999923706055,23.93000030517578,22.149118423461914,43667,False
GXG,2025-01-23,23.940000534057617,24.389999389648438,23.8799991607666,24.329999923706055,22.51934814453125,80675,False
GXG,2025-01-24,24.299999237060547,24.674999237060547,24.299999237060547,24.600000381469727,22.769256591796875,41837,False
GXG,2025-01-27,23.799999237060547,24.81999969482422,23.579999923706055,24.690000534057617,22.852558135986328,176439,False
GXG,2025-01-28,24.559999465942383,25.15999984741211,24.559999465942383,25.049999237060547,23.185766220092773,58569,False
GXG,2025-01-29,25.149999618530273,25.854999542236328,25.02120018005371,25.75,23.83367347717285,196985,False
GXG,2025-01-30,26.170000076293945,26.299999237060547,25.770000457763672,26.18000030517578,24.231672286987305,338217,False
GXG,2025-01-31,26.3700008392334,26.3700008392334,25.639999389648438,25.639999389648438,23.73185920715332,98912,False
GXG,2025-02-03,25.43000030517578,25.760000228881836,25.25,25.579999923706055,23.67632293701172,54620,False
GXG,2025-02-04,25.770000457763672,26.049999237060547,25.639999389648438,25.889999389648438,23.963253021240234,43132,False
GXG,2025-02-05,25.8799991607666,26.010000228881836,25.790000915527344,25.790000915527344,23.870697021484375,47698,False
GXG,2025-02-06,25.93000030517578,26.270000457763672,25.84000015258789,26.170000076293945,24.222415924072266,46706,False
GXG,2025-02-07,26.329999923706055,26.489999771118164,26.049999237060547,26.190000534057617,24.240928649902344,49754,False
GXG,2025-02-10,26.149999618530273,26.395000457763672,26.149999618530273,26.260000228881836,24.30571746826172,32994,False
GXG,2025-02-11,26.190000534057617,26.389999389648438,26.180099487304688,26.350000381469727,24.389020919799805,44913,False
GXG,2025-02-12,26.239999771118164,26.29990005493164,26.079999923706055,26.110000610351562,24.166881561279297,51991,False
GXG,2025-02-13,26.110000610351562,26.385000228881836,26.079999923706055,26.34000015258789,24.379764556884766,84925,False
GXG,2025-02-14,26.489999771118164,26.749900817871094,26.489999771118164,26.600000381469727,24.62041473388672,55585,False
GXG,2025-02-18,26.950000762939453,27.29990005493164,26.89109992980957,27.049999237060547,25.036924362182617,165623,False
GXG,2025-02-19,27.18000030517578,27.559999465942383,27.056900024414062,27.489999771118164,25.444181442260742,99420,False
GXG,2025-02-20,27.700000762939453,28.149900436401367,27.700000762939453,28.06999969482422,25.98101806640625,94850,False
GXG,2025-02-21,28.290000915527344,28.3700008392334,27.68000030517578,27.739999771118164,25.675575256347656,113080,False
GXG,2025-02-24,27.8700008392334,28.1299991607666,27.65999984741211,27.940000534057617,25.860692977905273,101412,False
GXG,2025-02-25,28.010000228881836,28.170000076293945,27.850400924682617,27.860000610351562,25.786645889282227,152078,False
GXG,2025-02-26,27.969999313354492,28.09000015258789,27.690000534057617,27.81999969482422,25.749622344970703,54144,False
GXG,2025-02-27,27.809999465942383,27.995100021362305,27.3799991607666,27.399999618530273,25.360877990722656,61236,False
GXG,2025-02-28,27.31999969482422,27.469999313354492,27.030000686645508,27.209999084472656,25.18501853942871,132188,False
GXG,2025-03-03,27.270000457763672,27.449899673461914,26.610000610351562,26.700000762939453,24.712974548339844,107216,False
GXG,2025-03-04,26.549999237060547,26.610000610351562,25.75,26.389999389648438,24.426042556762695,257354,False
GXG,2025-03-05,26.280000686645508,27.079999923706055,26.280000686645508,26.979999542236328,24.972135543823242,118987,False
GXG,2025-03-06,26.760000228881836,27.450000762939453,26.75,27.030000686645508,25.018415451049805,123502,False
GXG,2025-03-07,27.1200008392334,27.3799991607666,27.0,27.209999084472656,25.18501853942871,115288,False
GXG,2025-03-10,27.049999237060547,27.1200008392334,26.3700008392334,26.43000030517578,24.46306610107422,105509,False
GXG,2025-03-11,26.40999984741211,26.780000686645508,26.299999237060547,26.65999984741211,24.675949096679688,56634,False
GXG,2025-03-12,26.76140022277832,27.18000030517578,26.76140022277832,27.079999923706055,25.064693450927734,55349,False
GXG,2025-03-13,27.09000015258789,27.437400817871094,27.0,27.010000228881836,24.999902725219727,24207,False
GXG,2025-03-14,27.200000762939453,27.75,27.1835994720459,27.579999923706055,25.527482986450195,65347,False
GXG,2025-03-17,27.75,28.25,27.690000534057617,28.049999237060547,25.962505340576172,216456,False
GXG,2025-03-18,27.860000610351562,27.912200927734375,27.420000076293945,27.559999465942383,25.508970260620117,131094,False
GXG,2025-03-19,27.520000457763672,27.55820083618164,27.270000457763672,27.43000030517578,25.388647079467773,140463,False
GXG,2025-03-20,27.170000076293945,27.409500122070312,27.049999237060547,27.18000030517578,25.157251358032227,52603,False
GXG,2025-03-21,27.040000915527344,27.489999771118164,26.809999465942383,27.18000030517578,25.157251358032227,321099,False
GXG,2025-03-24,27.1299991607666,27.469499588012695,27.1299991607666,27.299999237060547,25.268320083618164,50759,False
GXG,2025-03-25,27.40999984741211,27.799999237060547,27.340999603271484,27.700000762939453,25.638553619384766,52451,False
GXG,2025-03-26,27.770000457763672,27.844999313354492,27.459999084472656,27.639999389648438,25.583017349243164,153929,False
GXG,2025-03-27,27.450000762939453,27.690000534057617,27.350000381469727,27.469999313354492,25.425668716430664,48043,False
GXG,2025-03-28,27.31999969482422,27.412399291992188,27.0,27.030000686645508,25.018415451049805,84356,False
GXG,2025-03-31,26.940000534057617,27.540000915527344,26.7908992767334,27.5,25.45343780517578,69462,False
GXG,2025-04-01,27.549999237060547,28.15999984741211,27.430999755859375,28.049999237060547,25.962505340576172,272180,False
GXG,2025-04-02,27.940000534057617,28.43000030517578,27.924999237060547,28.290000915527344,26.184646606445312,158239,False
GXG,2025-04-03,27.899999618530273,28.229999542236328,27.889999389648438,28.040000915527344,25.953250885009766,156718,False
GXG,2025-04-04,27.5,27.5,25.360000610351562,26.3700008392334,24.40753173828125,335025,False
GXG,2025-04-07,25.90999984741211,26.840499877929688,24.225000381469727,25.6299991607666,23.72260284423828,161384,False
GXG,2025-04-08,26.420000076293945,26.420000076293945,24.559999465942383,24.559999465942383,22.73223114013672,190851,False
GXG,2025-04-09,24.59000015258789,26.34000015258789,24.350000381469727,26.149999618530273,24.203903198242188,88911,False
GXG,2025-04-10,26.18000030517578,26.18000030517578,24.600000381469727,24.889999389648438,23.03767204284668,536554,False
GXG,2025-04-11,24.989999771118164,25.957000732421875,24.899999618530273,25.6200008392334,23.713348388671875,258933,False
GXG,2025-04-14,26.020000457763672,26.440000534057617,25.820600509643555,25.950000762939453,24.018789291381836,39311,False
GXG,2025-04-15,26.15999984741211,26.15999984741211,25.770999908447266,25.8700008392334,23.944744110107422,51462,False
GXG,2025-04-16,25.850000381469727,26.639999389648438,25.850000381469727,26.459999084472656,24.490833282470703,142198,False
GXG,2025-04-17,26.5,27.106399536132812,26.5,26.700000762939453,24.712974548339844,48490,False
GXG,2025-04-21,26.799999237060547,26.931499481201172,26.5,26.600000381469727,24.62041473388672,46466,False
GXG,2025-04-22,26.8700008392334,27.349899291992188,26.829999923706055,26.989999771118164,24.98138999938965,81309,False
GXG,2025-04-23,27.09000015258789,27.434600830078125,26.639999389648438,26.729999542236328,24.740739822387695,66491,False
GXG,2025-04-24,27.079999923706055,27.5,27.029699325561523,27.219999313354492,25.194272994995117,83856,False
GXG,2025-04-25,27.5,27.58679962158203,27.34000015258789,27.40999984741211,25.370134353637695,34699,False
GXG,2025-04-28,27.649999618530273,27.649999618530273,27.29129981994629,27.5,25.45343780517578,52840,False
GXG,2025-04-29,27.6299991607666,27.767799377441406,27.5,27.65999984741211,25.60152816772461,63233,False
GXG,2025-04-30,27.479999542236328,27.559999465942383,27.059999465942383,27.25,25.222042083740234,103118,False
GXG,2025-05-01,27.139999389648438,27.575000762939453,27.06999969482422,27.200000762939453,25.175764083862305,52719,False
GXG,2025-05-02,27.860000610351562,27.860000610351562,27.299999237060547,27.59000015258789,25.536739349365234,35287,False
GXG,2025-05-05,27.65999984741211,27.81999969482422,27.399999618530273,27.5,25.45343780517578,187230,False
GXG,2025-05-06,27.530000686645508,27.709999084472656,27.389999389648438,27.68000030517578,25.620040893554688,185074,False
GXG,2025-05-07,27.559999465942383,27.888599395751953,27.520000457763672,27.799999237060547,25.731109619140625,104834,False
GXG,2025-05-08,28.040000915527344,28.43000030517578,27.860000610351562,28.3700008392334,26.258691787719727,193080,False
GXG,2025-05-09,28.690000534057617,28.76650047302246,28.440000534057617,28.489999771118164,26.369760513305664,143559,False
GXG,2025-05-12,28.920000076293945,28.920000076293945,28.400999069213867,28.6299991607666,26.49934196472168,95321,False
GXG,2025-05-13,28.709999084472656,29.549400329589844,28.709999084472656,29.280000686645508,27.100969314575195,260469,False
GXG,2025-05-14,29.489999771118164,29.6299991607666,29.209999084472656,29.299999237060547,27.11948013305664,342684,False
GXG,2025-05-15,29.440000534057617,29.440000534057617,28.90999984741211,29.040000915527344,26.878829956054688,62741,False
GXG,2025-05-16,28.90999984741211,29.25,28.65999984741211,29.139999389648438,26.971385955810547,70336,False
GXG,2025-05-19,28.729999542236328,29.219900131225586,28.729999542236328,29.100000381469727,26.934364318847656,67116,False
GXG,2025-05-20,29.149999618530273,29.4237003326416,29.100000381469727,29.290000915527344,27.110225677490234,71179,False
GXG,2025-05-21,29.31999969482422,29.53969955444336,29.0,29.020000457763672,26.86031723022461,204412,False
GXG,2025-05-22,28.940000534057617,29.148000717163086,28.809999465942383,28.90999984741211,26.758502960205078,85906,False
GXG,2025-05-23,28.770000457763672,29.357500076293945,28.75,29.219999313354492,27.04543113708496,67013,False
GXG,2025-05-27,29.34000015258789,29.40999984741211,29.149999618530273,29.299999237060547,27.11948013305664,28027,False
GXG,2025-05-28,29.290000915527344,29.579999923706055,29.229999542236328,29.3700008392334,27.18427085876465,30965,False
GXG,2025-05-29,29.600000381469727,29.65999984741211,29.25,29.3799991607666,27.193525314331055,49661,False
GXG,2025-05-30,29.416799545288086,29.416799545288086,28.809999465942383,28.93000030517578,26.777015686035156,69782,False
GXG,2025-06-02,28.770000457763672,29.160200119018555,28.75,28.950000762939453,26.795528411865234,190908,False
GXG,2025-06-03,29.059999465942383,29.610000610351562,28.8799991607666,29.549999237060547,27.350873947143555,94930,False
GXG,2025-06-04,29.700000762939453,29.8799991607666,29.600000381469727,29.690000534057617,27.48045539855957,52760,False
GXG,2025-06-05,29.690000534057617,29.943199157714844,29.6299991607666,29.790000915527344,27.573013305664062,27883,False
GXG,2025-06-06,29.65999984741211,29.850000381469727,29.43000030517578,29.850000381469727,27.628549575805664,22524,False
GXG,2025-06-09,29.733999252319336,29.780000686645508,29.260000228881836,29.450000762939453,27.258316040039062,83747,False
GXG,2025-06-10,29.299999237060547,29.450000762939453,29.059999465942383,29.110000610351562,26.943618774414062,40421,False
GXG,2025-06-11,29.3700008392334,29.56920051574707,29.204999923706055,29.489999771118164,27.295339584350586,45922,False
GXG,2025-06-12,29.329999923706055,29.698699951171875,29.290000915527344,29.450000762939453,27.258316040039062,39981,False
GXG,2025-06-13,29.209999084472656,29.700000762939453,29.079999923706055,29.420000076293945,27.23055076599121,41659,False
GXG,2025-06-16,29.8700008392334,29.8700008392334,29.3799991607666,29.43000030517578,27.23980712890625,188627,False
GXG,2025-06-17,29.350000381469727,29.670000076293945,29.190000534057617,29.299999237060547,27.11948013305664,51386,False
GXG,2025-06-18,29.469999313354492,29.69300079345703,29.434999465942383,29.56999969482422,27.369384765625,17918,False
GXG,2025-06-20,29.549999237060547,29.72559928894043,29.145099639892578,29.40999984741211,27.221294403076172,42685,False
GXG,2025-06-23,29.299999237060547,29.5,29.124399185180664,29.331300735473633,27.14845085144043,30067,False
GXG,2025-06-24,29.639999389648438,29.75,29.31999969482422,29.440000534057617,27.249059677124023,37703,False
GXG,2025-06-25,30.139999389648438,30.139999389648438,29.3799991607666,29.719999313354492,27.508222579956055,10657,False
GXG,2025-06-26,29.9950008392334,30.417999267578125,29.8700008392334,30.010000228881836,27.776639938354492,10694,False
GXG,2025-06-27,29.209999084472656,29.209999084472656,28.370100021362305,28.770000457763672,27.40293312072754,61319,False
GXG,2025-06-30,28.610000610351562,28.959999084472656,28.520000457763672,28.84000015258789,27.469606399536133,53521,False
GXG,2025-07-01,29.06999969482422,29.270000457763672,28.81999969482422,29.260000228881836,27.86964988708496,19626,False
GXG,2025-07-02,29.06999969482422,29.667699813842773,29.06999969482422,29.6299991607666,28.22206687927246,19173,False
GXG,2025-07-03,30.059999465942383,30.479999542236328,29.860000610351562,29.90999984741211,28.48876190185547,19060,False
GXG,2025-07-07,30.229999542236328,30.34000015258789,29.05190086364746,29.229999542236328,27.841073989868164,63941,False
GXG,2025-07-08,29.1200008392334,29.520000457763672,29.1200008392334,29.25,27.860124588012695,28670,False
GXG,2025-07-09,29.329999923706055,29.5,29.0,29.040000915527344,27.66010284423828,54413,False
GXG,2025-07-10,29.31999969482422,29.45359992980957,29.040000915527344,29.139999389648438,27.75535011291504,20195,False
GXG,2025-07-11,29.184600830078125,29.568220138549805,29.100000381469727,29.18000030517578,27.7934513092041,7070,False
GXG,2025-07-14,29.510000228881836,29.510000228881836,29.050100326538086,29.149999618530273,27.764875411987305,42262,False
GXG,2025-07-15,29.649999618530273,29.729999542236328,28.84000015258789,29.200000762939453,27.8125,23282,False
GXG,2025-07-16,29.479999542236328,29.479999542236328,28.829999923706055,29.219999313354492,27.8315486907959,34305,False
GXG,2025-07-17,29.260000228881836,30.059999465942383,29.200000762939453,29.8799991607666,28.460187911987305,226898,False
GXG,2025-07-18,30.1299991607666,30.299999237060547,29.68000030517578,29.989999771118164,28.564960479736328,82821,False
GXG,2025-07-21,30.209999084472656,30.253700256347656,29.600000381469727,29.790000915527344,28.374465942382812,28828,False
GXG,2025-07-22,29.799999237060547,29.799999237060547,29.389999389648438,29.5,28.09824562072754,36108,False
GXG,2025-07-23,29.6299991607666,29.719999313354492,29.34000015258789,29.719999313354492,28.307790756225586,6318,False
GXG,2025-07-24,29.34000015258789,29.540000915527344,29.18000030517578,29.299999237060547,27.907747268676758,100911,False
GXG,2025-07-25,29.299999237060547,29.46500015258789,28.8799991607666,28.952600479125977,27.57685661315918,127903,False
GXG,2025-07-28,29.0,29.260000228881836,27.90999984741211,29.049999237060547,27.669626235961914,525326,False
GXG,2025-07-29,29.084999084472656,29.639999389648438,29.060100555419922,29.457000732421875,28.057289123535156,20989,False
GXG,2025-07-30,29.329999923706055,29.359800338745117,29.010000228881836,29.25,27.860124588012695,61012,False
GXG,2025-07-31,29.059999465942383,29.239999771118164,28.940000534057617,29.084699630737305,27.702678680419922,51873,False
GXG,2025-08-01,29.302200317382812,29.520000457763672,29.1200008392334,29.239999771118164,27.85059928894043,33807,False
GXG,2025-08-04,29.700000762939453,29.84000015258789,29.56999969482422,29.719999313354492,28.307790756225586,33642,False
GXG,2025-08-05,29.799999237060547,29.969999313354492,29.709999084472656,29.940000534057617,28.517337799072266,69542,False
GXG,2025-08-06,29.93000030517578,30.429500579833984,29.93000030517578,30.299999237060547,28.860231399536133,216274,False
GXG,2025-08-07,30.450000762939453,30.77989959716797,30.18000030517578,30.56999969482422,29.117401123046875,463457,False
GXG,2025-08-08,30.649999618530273,30.930999755859375,30.3799991607666,30.700000762939453,29.24122428894043,458522,False
GXG,2025-08-11,30.739999771118164,31.09000015258789,30.412399291992188,31.049999237060547,29.57459259033203,24523,False
GXG,2025-08-12,30.959999084472656,31.170000076293945,30.83799934387207,31.149999618530273,29.669841766357422,43792,False
GXG,2025-08-13,31.219999313354492,31.364999771118164,30.9950008392334,31.260000228881836,29.774614334106445,88515,False
GXG,2025-08-14,31.209999084472656,31.239999771118164,30.709999084472656,31.1299991607666,29.65079116821289,79423,False
GXG,2025-08-15,31.270000457763672,31.350000381469727,31.1299991607666,31.350000381469727,29.86033821105957,7779,False
GXG,2025-08-18,31.28499984741211,31.649999618530273,31.091800689697266,31.6299991607666,30.127033233642578,17213,False
GXG,2025-08-19,31.510000228881836,31.6299991607666,31.2731990814209,31.3799991607666,29.888912200927734,352993,False
GXG,2025-08-20,31.5,31.573699951171875,31.252500534057617,31.440000534057617,29.946062088012695,165944,False
GXG,2025-08-21,31.40999984741211,31.540000915527344,31.209999084472656,31.399999618530273,29.907962799072266,41652,False
GXG,2025-08-22,31.56999969482422,32.0,31.34000015258789,31.860000610351562,30.346105575561523,36809,False
GXG,2025-08-25,31.969999313354492,31.969999313354492,31.56999969482422,31.760000228881836,30.250856399536133,87366,False
GXG,2025-08-26,31.610000610351562,31.780000686645508,31.543399810791016,31.780000686645508,30.269906997680664,11125,False
GXG,2025-08-27,31.639999389648438,31.809999465942383,31.40999984741211,31.809999465942383,30.298479080200195,15393,False
GXG,2025-08-28,31.71150016784668,31.947599411010742,31.71150016784668,31.8700008392334,30.35563087463379,23064,False
GXG,2025-08-29,31.670000076293945,31.979999542236328,31.530000686645508,31.979999542236328,30.46040153503418,43280,False
GXG,2025-09-02,31.889999389648438,31.969999313354492,31.619199752807617,31.959999084472656,30.44135284423828,93966,False
GXG,2025-09-03,31.959999084472656,32.0,31.510000228881836,31.899999618530273,30.38420295715332,31781,False
GXG,2025-09-04,31.927099227905273,32.31999969482422,31.827800750732422,32.31999969482422,30.78424644470215,15808,False
GXG,2025-09-05,32.400001525878906,32.65999984741211,32.285301208496094,32.59000015258789,31.041418075561523,51013,False
GXG,2025-09-08,32.61000061035156,32.810001373291016,32.29499816894531,32.779998779296875,31.222387313842773,140853,False
GXG,2025-09-09,32.84477996826172,32.880001068115234,32.62329864501953,32.7400016784668,31.18429183959961,114124,False
GXG,2025-09-10,32.83000183105469,32.93000030517578,32.64250183105469,32.83000183105469,31.2700138092041,15836,False
GXG,2025-09-11,32.83000183105469,33.13159942626953,32.790000915527344,32.97999954223633,31.412885665893555,35580,False
GXG,2025-09-12,32.97999954223633,33.17720031738281,32.513099670410156,32.56999969482422,31.022367477416992,31001,False
GXG,2025-09-15,32.95000076293945,33.13990020751953,32.584999084472656,32.689998626708984,31.13666343688965,58781,False
GXG,2025-09-16,32.75,32.95000076293945,32.59410095214844,32.810001373291016,31.250965118408203,18675,False
GXG,2025-09-17,32.810001373291016,32.900001525878906,32.619998931884766,32.619998931884766,31.069990158081055,10449,False
GXG,2025-09-18,32.492000579833984,32.68000030517578,32.29999923706055,32.41999816894531,30.879493713378906,33932,False
GXG,2025-09-19,32.599998474121094,32.970001220703125,32.599998474121094,32.88999938964844,31.32716178894043,11749,False
GXG,2025-09-22,33.13999938964844,33.4900016784668,33.0099983215332,33.349998474121094,31.765302658081055,19165,False
GXG,2025-09-23,33.619998931884766,33.6526985168457,33.413700103759766,33.52410125732422,31.931133270263672,8672,False
GXG,2025-09-24,33.25,33.720001220703125,33.2400016784668,33.369998931884766,31.784353256225586,32324,False
GXG,2025-09-25,33.34000015258789,33.54999923706055,32.9900016784668,33.099998474121094,31.52718162536621,32272,False
GXG,2025-09-26,33.099998474121094,33.43899917602539,32.9900016784668,33.060001373291016,31.489086151123047,41089,False
GXG,2025-09-29,33.060001373291016,33.185001373291016,32.61000061035156,32.689998626708984,31.13666343688965,24336,False
GXG,2025-09-30,33.0,33.099998474121094,32.7400016784668,32.83000183105469,31.2700138092041,34996,False
GXG,2025-10-01,32.880001068115234,33.16379928588867,32.80009841918945,32.81999969482422,31.260488510131836,41470,False
GXG,2025-10-02,33.078399658203125,33.078399658203125,32.52000045776367,32.709999084472656,31.15571403503418,12975,False
GXG,2025-10-03,32.81999969482422,33.10179901123047,32.630001068115234,32.79999923706055,31.241437911987305,87181,False
GXG,2025-10-06,32.95000076293945,33.189998626708984,32.95000076293945,33.150001525878906,31.57480812072754,16636,False
GXG,2025-10-07,33.13999938964844,33.279998779296875,32.79999923706055,32.849998474121094,31.289060592651367,184912,False
GXG,2025-10-08,33.189998626708984,33.27000045776367,32.84000015258789,32.9900016784668,31.42241096496582,59490,False
GXG,2025-10-09,33.02000045776367,33.282100677490234,32.970001220703125,33.130001068115234,31.55575942993164,11696,False
GXG,2025-10-10,33.06050109863281,33.06050109863281,32.31999969482422,32.43000030517578,30.889020919799805,19462,False
GXG,2025-10-13,32.939998626708984,33.29999923706055,32.849998474121094,33.209999084472656,31.631956100463867,31451,False
GXG,2025-10-14,32.790000915527344,33.232398986816406,32.70009994506836,33.099998474121094,31.52718162536621,12146,False
GXG,2025-10-15,33.27000045776367,33.33000183105469,33.119998931884766,33.209999084472656,31.631956100463867,15705,False
GXG,2025-10-16,33.589698791503906,33.790000915527344,33.30699920654297,33.619998931884766,32.0224723815918,17841,False
GXG,2025-10-17,33.599998474121094,34.06990051269531,33.58000183105469,33.810001373291016,32.20344924926758,84162,False
GXG,2025-10-20,34.0,34.0,33.34000015258789,33.40999984741211,31.822452545166016,92497,False
GXG,2025-10-21,33.41999816894531,33.41999816894531,32.91999816894531,32.9900016784668,31.42241096496582,147062,False
GXG,2025-10-22,33.08000183105469,33.29999923706055,32.74599838256836,33.209999084472656,31.631956100463867,15338,False
GXG,2025-10-23,33.599998474121094,33.79999923706055,33.500099182128906,33.79999923706055,32.19392013549805,21866,False
GXG,2025-10-27,34.619998931884766,34.73400115966797,34.45000076293945,34.70000076293945,33.05115509033203,24822,False
GXG,2025-10-28,34.66999816894531,34.80500030517578,34.57270050048828,34.650001525878906,33.00353240966797,19607,False
GXG,2025-10-29,34.59000015258789,34.90999984741211,34.59000015258789,34.790000915527344,33.136878967285156,26983,False
GXG,2025-10-30,34.79999923706055,35.34000015258789,34.79999923706055,35.16600036621094,33.49501419067383,48126,False
GXG,2025-10-31,35.16999816894531,35.33919906616211,34.8734016418457,35.16999816894531,33.49882125854492,18868,False
GXG,2025-11-03,35.36000061035156,35.80110168457031,35.36000061035156,35.41999816894531,33.736942291259766,45005,False
GXG,2025-11-04,35.08000183105469,35.34000015258789,34.790000915527344,35.32500076293945,33.64645767211914,16035,False
GXG,2025-11-05,35.68000030517578,36.290000915527344,35.68000030517578,36.09000015258789,34.37510681152344,68637,False
GXG,2025-11-06,36.25,36.68000030517578,36.2400016784668,36.66999816894531,34.92754364013672,93161,False
GXG,2025-11-07,36.70000076293945,37.119998931884766,36.290000915527344,37.119998931884766,35.356163024902344,45175,False
GXG,2025-11-10,37.47999954223633,37.47999954223633,36.790000915527344,37.41999816894531,35.64190673828125,70122,False
GXG,2025-11-11,37.560001373291016,37.88990020751953,37.470001220703125,37.72999954223633,35.93717956542969,64588,False
GXG,2025-11-12,37.81999969482422,38.0,37.5,37.93000030517578,36.1276741027832,23707,False
GXG,2025-11-13,38.060001373291016,38.2400016784668,37.029998779296875,37.18000030517578,35.41331481933594,52864,False
GXG,2025-11-14,36.72999954223633,37.130001068115234,36.04999923706055,36.84000015258789,35.08946990966797,219878,False
GXG,2025-11-17,37.27000045776367,37.5,36.75,37.060001373291016,35.299015045166016,57600,False
GXG,2025-11-18,36.720001220703125,37.33000183105469,36.720001220703125,37.13999938964844,35.375213623046875,175138,False
GXG,2025-11-19,37.33000183105469,37.51490020751953,36.869998931884766,37.09000015258789,35.32759094238281,165899,False
GXG,2025-11-20,37.349998474121094,37.458499908447266,36.1349983215332,36.36000061035156,34.63227844238281,318265,False
GXG,2025-11-21,35.90999984741211,36.2599983215332,35.4900016784668,35.56999969482422,33.87981414794922,119545,False
GXG,2025-11-24,35.4900016784668,36.20000076293945,35.4900016784668,35.93000030517578,34.22270965576172,156329,False
GXG,2025-11-25,35.58000183105469,36.08000183105469,35.58000183105469,36.08000183105469,34.36558532714844,7240,False
GXG,2025-11-26,36.0,37.099998474121094,36.0,36.790000915527344,35.041847229003906,85958,False
GXG,2025-11-28,37.27000045776367,37.349998474121094,36.95000076293945,37.2599983215332,35.48950958251953,23602,False
GXG,2025-12-01,37.0,37.179901123046875,36.82429885864258,37.0,35.24186706542969,50720,False
GXG,2025-12-02,37.0099983215332,37.34000015258789,36.980098724365234,37.28099822998047,35.50951385498047,50647,False
GXG,2025-12-03,37.29999923706055,37.63999938964844,37.2599983215332,37.49330139160156,35.711727142333984,69303,False
GXG,2025-12-04,37.650001525878906,37.97999954223633,37.599998474121094,37.81999969482422,36.02290344238281,145918,False
GXG,2025-12-05,37.779998779296875,37.79999923706055,36.994998931884766,37.04999923706055,35.28948974609375,89015,False
GXG,2025-12-08,37.08000183105469,37.220001220703125,36.97999954223633,37.209999084472656,35.44188690185547,22277,False
GXG,2025-12-09,37.13999938964844,37.27000045776367,36.970001220703125,37.27000045776367,35.49903869628906,54526,False
GXG,2025-12-10,37.060001373291016,37.369998931884766,37.0099983215332,37.369998931884766,35.59428405761719,27243,False
GXG,2025-12-11,37.5,37.70000076293945,37.459999084472656,37.459999084472656,35.68000793457031,18224,False
GXG,2025-12-12,37.790000915527344,37.869998931884766,37.43000030517578,37.77000045776367,35.975276947021484,47614,False
GXG,2025-12-15,37.880001068115234,38.02000045776367,37.400001525878906,37.52000045776367,35.737159729003906,58200,False
GXG,2025-12-16,37.54999923706055,37.54999923706055,36.709999084472656,36.869998931884766,35.1180419921875,70392,False
GXG,2025-12-17,36.79999923706055,36.79999923706055,36.209999084472656,36.369998931884766,34.64179992675781,38685,False
GXG,2025-12-18,36.31999969482422,36.77000045776367,36.18009948730469,36.54999923706055,34.81324768066406,59602,False
GXG,2025-12-19,36.65999984741211,37.310001373291016,36.65999984741211,36.88999938964844,35.13709259033203,50639,False
GXG,2025-12-22,37.189998626708984,37.369998931884766,36.95000076293945,37.11000061035156,35.346641540527344,60273,False
GXG,2025-12-23,37.220001220703125,37.875,37.099998474121094,37.79999923706055,36.00385284423828,110957,False
GXG,2025-12-24,37.970001220703125,38.46500015258789,37.685001373291016,38.400001525878906,36.57534408569336,62178,False
GXG,2025-12-26,38.400001525878906,38.63999938964844,38.0,38.369998931884766,36.54676818847656,94636,False
GXG,2025-12-29,38.209999084472656,38.4900016784668,38.099998474121094,38.4900016784668,36.661067962646484,18657,False
GXG,2025-12-30,36.65999984741211,36.720001220703125,35.72999954223633,35.91999816894531,35.91999816894531,75589,False
GXG,2025-12-31,35.75,35.900001525878906,35.5,35.63999938964844,35.63999938964844,56836,False
GXG,2026-01-02,35.70000076293945,35.83689880371094,35.279998779296875,35.31999969482422,35.31999969482422,366541,False
GXG,2026-01-05,35.47999954223633,37.153499603271484,35.47999954223633,37.099998474121094,37.099998474121094,624493,False
GXG,2026-01-06,37.4900016784668,37.880001068115234,37.20280075073242,37.59000015258789,37.59000015258789,245815,False
GXG,2026-01-07,37.459999084472656,37.459999084472656,36.72999954223633,37.130001068115234,37.130001068115234,163986,False
GXG,2026-01-08,37.27000045776367,37.87990188598633,37.14400100708008,37.86000061035156,37.86000061035156,121244,False
GXG,2026-01-09,37.869998931884766,38.249900817871094,37.63999938964844,37.95000076293945,37.95000076293945,131904,False
GXG,2026-01-12,38.209999084472656,38.75,38.209999084472656,38.66999816894531,38.66999816894531,78200,False
GXG,2026-01-13,38.75,38.970001220703125,38.380001068115234,38.869998931884766,38.869998931884766,239204,False
GXG,2026-01-14,38.900001525878906,39.290000915527344,38.720001220703125,39.06999969482422,39.06999969482422,188039,False
GXG,2026-01-15,39.2400016784668,39.459999084472656,39.029998779296875,39.400001525878906,39.400001525878906,83777,False
GXG,2026-01-16,39.470001220703125,40.2400016784668,39.435001373291016,40.2400016784668,40.2400016784668,106344,False
GXG,2026-01-20,40.58000183105469,41.415000915527344,40.56999969482422,41.2400016784668,41.2400016784668,167825,False
GXG,2026-01-21,41.650001525878906,42.150001525878906,41.25,42.150001525878906,42.150001525878906,83575,False
GXG,2026-01-22,42.279998779296875,42.650001525878906,41.70000076293945,42.16999816894531,42.16999816894531,155091,False
GXG,2026-01-23,42.16999816894531,42.96989822387695,42.04999923706055,42.90999984741211,42.90999984741211,92975,False
GXG,2026-01-26,43.0,43.40060043334961,42.77000045776367,43.09000015258789,43.09000015258789,196558,False
GXG,2026-01-27,43.290000915527344,43.739898681640625,43.2400016784668,43.619998931884766,43.619998931884766,122692,False
GXG,2026-01-28,43.459999084472656,43.650001525878906,42.78010177612305,43.13999938964844,43.13999938964844,132893,False
GXG,2026-01-29,43.2400016784668,43.6599006652832,42.61880111694336,43.209999084472656,43.209999084472656,157635,False
GXG,2026-01-30,42.93000030517578,43.150001525878906,41.849998474121094,41.959999084472656,41.959999084472656,196727,False
GXG,2026-02-02,42.33000183105469,42.36989974975586,41.793701171875,41.959999084472656,41.959999084472656,73495,False
GXG,2026-02-03,42.0,42.72999954223633,41.7400016784668,42.119998931884766,42.119998931884766,113588,False
GXG,2026-02-04,42.18000030517578,42.349998474121094,40.099998474121094,41.25,41.25,129519,False
GXG,2026-02-05,41.209999084472656,41.209999084472656,39.72999954223633,39.880001068115234,39.880001068115234,185108,False
GXG,2026-02-06,40.400001525878906,41.08000183105469,40.29999923706055,41.08000183105469,41.08000183105469,98376,False
GXG,2026-02-09,41.09000015258789,41.849998474121094,41.09000015258789,41.810001373291016,41.810001373291016,50616,False
GXG,2026-02-10,41.90999984741211,41.99810028076172,41.619998931884766,41.65999984741211,41.65999984741211,126552,False
GXG,2026-02-11,41.779998779296875,41.83169937133789,40.940101623535156,41.25,41.25,78955,False
GXG,2026-02-12,41.25,41.650001525878906,40.130001068115234,40.130001068115234,40.130001068115234,62502,False
GXG,2026-02-13,40.2599983215332,41.119998931884766,40.16999816894531,41.119998931884766,41.119998931884766,134999,False
GXG,2026-02-17,41.0,41.35499954223633,40.5,41.189998626708984,41.189998626708984,136788,False
GXG,2026-02-18,41.08000183105469,41.30500030517578,40.75,40.95000076293945,40.95000076293945,85755,False
GXG,2026-02-19,40.68000030517578,41.37379837036133,40.63520050048828,41.189998626708984,41.189998626708984,221376,False
GXG,2026-02-20,41.29999923706055,41.66999816894531,41.04999923706055,41.54999923706055,41.54999923706055,154322,False
GXG,2026-02-23,41.63999938964844,42.619998931884766,41.63999938964844,42.41999816894531,42.41999816894531,47141,False
GXG,2026-02-24,42.2400016784668,42.2400016784668,41.15999984741211,41.38999938964844,41.38999938964844,22588,False
GXG,2026-02-25,41.619998931884766,41.619998931884766,40.810001373291016,41.0,41.0,2293,False
GXG,2026-02-26,40.91999816894531,41.12300109863281,39.0,39.29999923706055,39.29999923706055,31551,False
GXG,2026-02-27,39.29999923706055,39.52989959716797,38.82630157470703,38.91999816894531,38.91999816894531,10382,False
GXG,2026-03-02,38.189998626708984,38.54999923706055,37.29999923706055,37.36000061035156,37.36000061035156,415518,False
GXG,2026-03-03,36.18000030517578,36.5,34.88999938964844,36.47999954223633,36.47999954223633,189666,False
GXG,2026-03-04,37.15999984741211,37.90999984741211,36.93000030517578,37.20000076293945,37.20000076293945,164223,False
GXG,2026-03-05,37.099998474121094,37.400001525878906,36.52000045776367,36.880001068115234,36.880001068115234,187563,False
GXG,2026-03-06,36.560001373291016,37.119998931884766,36.46009826660156,36.599998474121094,36.599998474121094,14932,False
GXG,2026-03-09,36.709999084472656,37.70989990234375,36.68009948730469,37.400001525878906,37.400001525878906,234787,False
GXG,2026-03-10,37.75,38.70000076293945,37.650001525878906,38.540000915527344,38.540000915527344,150704,False
GXG,2026-03-11,38.63999938964844,39.19499969482422,38.529998779296875,38.709999084472656,38.709999084472656,465133,False
GXG,2026-03-12,38.650001525878906,38.779998779296875,38.0,38.150001525878906,38.150001525878906,220401,False
GXG,2026-03-13,38.2599983215332,38.380001068115234,37.095001220703125,37.40999984741211,37.40999984741211,137899,False
GXG,2026-03-16,38.060001373291016,38.470001220703125,37.540000915527344,37.61000061035156,37.61000061035156,172935,False
GXG,2026-03-17,38.029998779296875,38.20500183105469,37.439998626708984,37.599998474121094,37.599998474121094,132279,False
GXG,2026-03-18,37.91999816894531,37.91999816894531,37.28150177001953,37.369998931884766,37.369998931884766,59232,False
GXG,2026-03-19,36.8650016784668,37.560001373291016,36.790000915527344,37.540000915527344,37.540000915527344,211214,False
GXG,2026-03-20,37.57500076293945,37.84000015258789,36.86000061035156,37.27000045776367,37.27000045776367,338866,False
GXG,2026-03-23,37.97990036010742,38.189998626708984,37.5,37.83000183105469,37.83000183105469,127560,False
GXG,2026-03-24,37.4900016784668,38.59000015258789,37.4900016784668,37.97999954223633,37.97999954223633,272799,False
GXG,2026-03-25,38.310001373291016,38.95000076293945,38.130001068115234,38.66999816894531,38.66999816894531,142045,False
GXG,2026-03-26,38.45000076293945,38.86000061035156,38.369998931884766,38.369998931884766,38.369998931884766,24330,False
GXG,2026-03-27,38.4900016784668,38.720001220703125,38.130001068115234,38.150001525878906,38.150001525878906,493442,False
