ticker,fecha,open,high,low,close,adj_close,volume,anomalia
ILF,2019-01-02,31.059999465942383,32.310001373291016,31.010000228881836,32.29999923706055,31.010000228881836,1671200,False
ILF,2019-01-03,32.40999984741211,32.43000030517578,31.920000076293945,32.2400016784668,31.920000076293945,835100,False
ILF,2019-01-04,32.38999938964844,33.25,32.34000015258789,33.060001373291016,32.34000015258789,1768300,False
ILF,2019-01-07,33.2400016784668,33.310001373291016,32.970001220703125,33.0099983215332,32.970001220703125,1368600,False
ILF,2019-01-08,33.11000061035156,33.5099983215332,33.02000045776367,33.470001220703125,33.02000045776367,838200,False
ILF,2019-01-09,33.959999084472656,34.25,33.91999816894531,34.209999084472656,33.91999816894531,982900,False
ILF,2019-01-10,34.040000915527344,34.349998474121094,33.810001373291016,34.2400016784668,33.810001373291016,895200,False
ILF,2019-01-11,33.90999984741211,34.130001068115234,33.83000183105469,34.04999923706055,33.83000183105469,476300,False
ILF,2019-01-14,33.93000030517578,34.45000076293945,33.79999923706055,34.2599983215332,33.79999923706055,522000,False
ILF,2019-01-15,34.29999923706055,34.38999938964844,33.90999984741211,34.13999938964844,33.90999984741211,931200,False
ILF,2019-01-16,34.02000045776367,34.290000915527344,34.0,34.189998626708984,34.0,1033700,False
ILF,2019-01-17,33.83000183105469,34.619998931884766,33.83000183105469,34.4900016784668,33.83000183105469,899400,False
ILF,2019-01-18,34.75,34.84000015258789,34.47999954223633,34.61000061035156,34.47999954223633,2379700,False
ILF,2019-01-22,34.279998779296875,34.43000030517578,33.68000030517578,33.77000045776367,33.68000030517578,862700,False
ILF,2019-01-23,34.2599983215332,34.43000030517578,33.900001525878906,34.41999816894531,33.900001525878906,579200,False
ILF,2019-01-24,34.43000030517578,34.68000030517578,34.31999969482422,34.52000045776367,34.31999969482422,1779700,False
ILF,2019-01-25,34.849998474121094,35.16999816894531,34.41999816894531,34.58000183105469,34.41999816894531,1365900,False
ILF,2019-01-28,33.70000076293945,33.95000076293945,33.54999923706055,33.720001220703125,33.54999923706055,1559400,False
ILF,2019-01-29,34.29999923706055,34.369998931884766,34.119998931884766,34.209999084472656,34.119998931884766,606700,False
ILF,2019-01-30,34.470001220703125,34.810001373291016,34.09000015258789,34.77000045776367,34.09000015258789,1503400,False
ILF,2019-01-31,35.22999954223633,35.63999938964844,35.150001525878906,35.400001525878906,35.150001525878906,3284200,False
ILF,2019-02-01,35.189998626708984,35.45000076293945,34.9900016784668,35.310001373291016,34.9900016784668,3037800,False
ILF,2019-02-04,35.0,35.58000183105469,34.810001373291016,35.529998779296875,34.810001373291016,1394600,False
ILF,2019-02-05,35.43000030517578,35.65999984741211,35.290000915527344,35.54999923706055,35.290000915527344,1024300,False
ILF,2019-02-06,34.84000015258789,34.959999084472656,34.29999923706055,34.33000183105469,34.29999923706055,1498400,False
ILF,2019-02-07,34.25,34.40999984741211,33.7400016784668,34.04999923706055,33.7400016784668,1494700,False
ILF,2019-02-08,34.18000030517578,34.290000915527344,33.52000045776367,33.959999084472656,33.52000045776367,861100,False
ILF,2019-02-11,33.9900016784668,33.9900016784668,33.41999816894531,33.61000061035156,33.41999816894531,852100,False
ILF,2019-02-12,34.119998931884766,34.54999923706055,34.040000915527344,34.36000061035156,34.040000915527344,1837000,False
ILF,2019-02-13,34.2400016784668,34.36000061035156,33.790000915527344,33.849998474121094,33.790000915527344,1741100,False
ILF,2019-02-14,33.56999969482422,34.810001373291016,33.54999923706055,34.66999816894531,33.54999923706055,1160300,False
ILF,2019-02-15,34.7400016784668,34.900001525878906,34.47999954223633,34.900001525878906,34.47999954223633,824600,False
ILF,2019-02-19,34.709999084472656,35.02000045776367,34.70000076293945,34.84000015258789,34.70000076293945,665800,False
ILF,2019-02-20,34.77000045776367,35.20000076293945,34.66999816894531,34.70000076293945,34.66999816894531,1030000,False
ILF,2019-02-21,34.4900016784668,34.709999084472656,34.2599983215332,34.689998626708984,34.2599983215332,604300,False
ILF,2019-02-22,34.95000076293945,35.220001220703125,34.88999938964844,35.130001068115234,34.88999938964844,598300,False
ILF,2019-02-25,35.349998474121094,35.349998474121094,34.90999984741211,34.93000030517578,34.90999984741211,533700,False
ILF,2019-02-26,34.959999084472656,35.04999923706055,34.790000915527344,34.939998626708984,34.790000915527344,1425000,False
ILF,2019-02-27,34.86000061035156,34.95000076293945,34.689998626708984,34.79999923706055,34.689998626708984,1701200,False
ILF,2019-02-28,34.61000061035156,34.61000061035156,33.959999084472656,34.02000045776367,33.959999084472656,983100,False
ILF,2019-03-01,33.79999923706055,33.880001068115234,33.459999084472656,33.65999984741211,33.459999084472656,1756500,False
ILF,2019-03-04,33.650001525878906,33.720001220703125,33.2400016784668,33.56999969482422,33.2400016784668,1239900,False
ILF,2019-03-05,33.599998474121094,33.93000030517578,33.470001220703125,33.779998779296875,33.470001220703125,3149400,False
ILF,2019-03-06,33.66999816894531,33.81999969482422,32.97999954223633,33.060001373291016,32.97999954223633,1011300,False
ILF,2019-03-07,33.09000015258789,33.11000061035156,32.59000015258789,32.779998779296875,32.59000015258789,1225200,False
ILF,2019-03-08,32.650001525878906,33.06999969482422,32.56999969482422,33.02000045776367,32.56999969482422,959200,False
ILF,2019-03-11,33.41999816894531,34.09000015258789,33.41999816894531,34.060001373291016,33.41999816894531,1004200,False
ILF,2019-03-12,34.15999984741211,34.43000030517578,34.040000915527344,34.16999816894531,34.040000915527344,516600,False
ILF,2019-03-13,34.11000061035156,34.65999984741211,34.040000915527344,34.54999923706055,34.040000915527344,575000,False
ILF,2019-03-14,34.349998474121094,34.4900016784668,33.939998626708984,34.18000030517578,33.939998626708984,1243000,False
ILF,2019-03-15,34.25,34.7599983215332,34.25,34.630001068115234,34.25,1019300,False
ILF,2019-03-18,34.65999984741211,35.2400016784668,34.65999984741211,35.2400016784668,34.65999984741211,1529700,False
ILF,2019-03-19,35.310001373291016,35.540000915527344,35.060001373291016,35.16999816894531,35.060001373291016,2528800,False
ILF,2019-03-20,35.119998931884766,35.52000045776367,34.81999969482422,35.209999084472656,34.81999969482422,2765400,False
ILF,2019-03-21,35.0099983215332,35.060001373291016,34.08000183105469,34.61000061035156,34.08000183105469,2819800,False
ILF,2019-03-22,33.689998626708984,33.779998779296875,32.72999954223633,32.779998779296875,32.72999954223633,2733200,False
ILF,2019-03-25,32.90999984741211,33.279998779296875,32.86000061035156,33.119998931884766,32.86000061035156,949600,False
ILF,2019-03-26,33.470001220703125,33.650001525878906,33.209999084472656,33.58000183105469,33.209999084472656,2598600,False
ILF,2019-03-27,32.79999923706055,33.0,32.2599983215332,32.2599983215332,32.2599983215332,2972800,False
ILF,2019-03-28,32.2599983215332,33.099998474121094,32.18000030517578,32.88999938964844,32.18000030517578,3212600,False
ILF,2019-03-29,33.189998626708984,33.529998779296875,33.09000015258789,33.22999954223633,33.09000015258789,1885300,False
ILF,2019-04-01,33.779998779296875,34.06999969482422,33.720001220703125,33.790000915527344,33.720001220703125,2075600,False
ILF,2019-04-02,33.939998626708984,33.97999954223633,33.36000061035156,33.61000061035156,33.36000061035156,1052700,False
ILF,2019-04-03,33.88999938964844,34.06999969482422,33.29999923706055,33.36000061035156,33.29999923706055,2112000,False
ILF,2019-04-04,33.33000183105469,34.13999938964844,33.2400016784668,34.09000015258789,33.2400016784668,1611800,False
ILF,2019-04-05,34.040000915527344,34.540000915527344,34.029998779296875,34.4900016784668,34.029998779296875,2077000,False
ILF,2019-04-08,34.4900016784668,34.959999084472656,34.43000030517578,34.900001525878906,34.43000030517578,728100,False
ILF,2019-04-09,34.7400016784668,34.7400016784668,34.349998474121094,34.56999969482422,34.349998474121094,1962800,False
ILF,2019-04-10,34.72999954223633,34.88999938964844,34.54999923706055,34.72999954223633,34.54999923706055,1935500,False
ILF,2019-04-11,34.4900016784668,34.56999969482422,33.84000015258789,34.099998474121094,33.84000015258789,3614900,False
ILF,2019-04-12,33.88999938964844,34.08000183105469,33.279998779296875,33.380001068115234,33.279998779296875,1662300,False
ILF,2019-04-15,33.70000076293945,33.70000076293945,33.310001373291016,33.43000030517578,33.310001373291016,1783000,False
ILF,2019-04-16,33.29999923706055,33.790000915527344,33.29999923706055,33.650001525878906,33.29999923706055,2324700,False
ILF,2019-04-17,33.83000183105469,33.91999816894531,33.029998779296875,33.400001525878906,33.029998779296875,2561600,False
ILF,2019-04-18,33.5,33.939998626708984,33.29999923706055,33.689998626708984,33.29999923706055,925400,False
ILF,2019-04-22,33.650001525878906,33.790000915527344,33.439998626708984,33.59000015258789,33.439998626708984,662100,False
ILF,2019-04-23,33.68000030517578,33.88999938964844,33.529998779296875,33.83000183105469,33.529998779296875,654000,False
ILF,2019-04-24,33.630001068115234,33.630001068115234,32.900001525878906,33.119998931884766,32.900001525878906,1552900,False
ILF,2019-04-25,33.06999969482422,33.59000015258789,32.81999969482422,33.5099983215332,32.81999969482422,3073300,False
ILF,2019-04-26,33.54999923706055,33.790000915527344,33.41999816894531,33.65999984741211,33.41999816894531,1533200,False
ILF,2019-04-29,33.810001373291016,33.86000061035156,33.43000030517578,33.5099983215332,33.43000030517578,608700,False
ILF,2019-04-30,33.56999969482422,33.619998931884766,33.119998931884766,33.540000915527344,33.119998931884766,776900,False
ILF,2019-05-01,33.599998474121094,33.7400016784668,32.93000030517578,32.959999084472656,32.93000030517578,2175100,False
ILF,2019-05-02,33.0099983215332,33.08000183105469,32.83000183105469,32.93000030517578,32.83000183105469,1119600,False
ILF,2019-05-03,33.189998626708984,33.380001068115234,33.16999816894531,33.290000915527344,33.16999816894531,1110200,False
ILF,2019-05-06,32.58000183105469,32.849998474121094,32.5099983215332,32.7400016784668,32.5099983215332,1375900,False
ILF,2019-05-07,32.27000045776367,32.349998474121094,31.850000381469727,32.310001373291016,31.850000381469727,1158700,False
ILF,2019-05-08,32.77000045776367,32.970001220703125,32.650001525878906,32.720001220703125,32.650001525878906,876600,False
ILF,2019-05-09,32.209999084472656,32.470001220703125,31.8700008392334,32.2400016784668,31.8700008392334,786700,False
ILF,2019-05-10,32.27000045776367,32.5099983215332,31.719999313354492,32.400001525878906,31.719999313354492,885900,False
ILF,2019-05-13,31.6200008392334,31.739999771118164,31.309999465942383,31.3799991607666,31.309999465942383,4490700,False
ILF,2019-05-14,31.56999969482422,31.739999771118164,31.389999389648438,31.559999465942383,31.389999389648438,967900,False
ILF,2019-05-15,30.940000534057617,31.489999771118164,30.90999984741211,31.270000457763672,30.90999984741211,759600,False
ILF,2019-05-16,31.1200008392334,31.309999465942383,30.709999084472656,30.780000686645508,30.709999084472656,1347100,False
ILF,2019-05-17,30.479999542236328,30.809999465942383,30.200000762939453,30.309999465942383,30.200000762939453,4678800,False
ILF,2019-05-20,30.3799991607666,30.829999923706055,30.260000228881836,30.719999313354492,30.260000228881836,2878900,False
ILF,2019-05-21,30.8700008392334,31.59000015258789,30.690000534057617,31.559999465942383,30.690000534057617,2856500,False
ILF,2019-05-22,31.75,31.809999465942383,31.520000457763672,31.530000686645508,31.520000457763672,2299400,False
ILF,2019-05-23,31.239999771118164,31.520000457763672,30.989999771118164,31.299999237060547,30.989999771118164,1176400,False
ILF,2019-05-24,31.610000610351562,31.65999984741211,31.270000457763672,31.420000076293945,31.270000457763672,857800,False
ILF,2019-05-28,31.6299991607666,31.93000030517578,31.450000762939453,31.780000686645508,31.450000762939453,6278900,False
ILF,2019-05-29,31.809999465942383,32.2599983215332,31.6299991607666,32.2400016784668,31.6299991607666,1969300,False
ILF,2019-05-30,32.31999969482422,32.77000045776367,32.31999969482422,32.52000045776367,32.31999969482422,1938900,False
ILF,2019-05-31,32.209999084472656,32.709999084472656,32.0,32.380001068115234,32.0,1280700,False
ILF,2019-06-03,32.58000183105469,32.810001373291016,32.41999816894531,32.599998474121094,32.41999816894531,3144300,False
ILF,2019-06-04,32.849998474121094,33.119998931884766,32.779998779296875,33.099998474121094,32.779998779296875,848000,False
ILF,2019-06-05,33.16999816894531,33.18000030517578,32.459999084472656,32.58000183105469,32.459999084472656,897000,False
ILF,2019-06-06,32.83000183105469,33.11000061035156,32.560001373291016,32.93000030517578,32.560001373291016,1397700,False
ILF,2019-06-07,32.97999954223633,33.36000061035156,32.970001220703125,33.150001525878906,32.970001220703125,936100,False
ILF,2019-06-10,33.150001525878906,33.310001373291016,33.0099983215332,33.189998626708984,33.0099983215332,1070400,False
ILF,2019-06-11,33.5099983215332,33.849998474121094,33.470001220703125,33.849998474121094,33.470001220703125,2160100,False
ILF,2019-06-12,33.77000045776367,34.0,33.40999984741211,33.459999084472656,33.40999984741211,1336000,False
ILF,2019-06-13,33.75,33.90999984741211,33.4900016784668,33.66999816894531,33.4900016784668,2674700,False
ILF,2019-06-14,33.47999954223633,33.47999954223633,32.91999816894531,33.040000915527344,32.91999816894531,1534000,False
ILF,2019-06-17,32.63999938964844,32.81999969482422,32.459999084472656,32.5,32.459999084472656,823200,False
ILF,2019-06-18,32.93000030517578,33.349998474121094,32.900001525878906,33.209999084472656,32.900001525878906,1179000,False
ILF,2019-06-19,33.20000076293945,33.599998474121094,32.97999954223633,33.5099983215332,32.97999954223633,1000800,False
ILF,2019-06-20,34.06999969482422,34.38999938964844,33.959999084472656,34.119998931884766,33.959999084472656,1421000,False
ILF,2019-06-21,34.0,34.31999969482422,33.97999954223633,34.20000076293945,33.97999954223633,1201200,False
ILF,2019-06-24,34.189998626708984,34.369998931884766,34.08000183105469,34.29999923706055,34.08000183105469,630600,False
ILF,2019-06-25,34.150001525878906,34.2400016784668,33.650001525878906,33.72999954223633,33.650001525878906,859100,False
ILF,2019-06-26,34.060001373291016,34.11000061035156,33.7400016784668,33.9900016784668,33.7400016784668,851700,False
ILF,2019-06-27,33.7599983215332,33.970001220703125,33.41999816894531,33.75,33.41999816894531,739200,False
ILF,2019-06-28,33.97999954223633,34.04999923706055,33.650001525878906,33.7400016784668,33.650001525878906,2944500,False
ILF,2019-07-01,34.400001525878906,34.40999984741211,33.849998474121094,33.900001525878906,33.849998474121094,3362400,False
ILF,2019-07-02,33.970001220703125,34.04999923706055,33.5099983215332,33.689998626708984,33.5099983215332,885300,False
ILF,2019-07-03,33.630001068115234,34.029998779296875,33.630001068115234,33.91999816894531,33.630001068115234,872700,False
ILF,2019-07-05,34.290000915527344,34.54999923706055,34.06999969482422,34.529998779296875,34.06999969482422,1119600,False
ILF,2019-07-08,34.630001068115234,34.849998474121094,34.54999923706055,34.70000076293945,34.54999923706055,1462400,False
ILF,2019-07-09,34.459999084472656,34.90999984741211,34.40999984741211,34.619998931884766,34.40999984741211,2573300,False
ILF,2019-07-10,34.95000076293945,35.279998779296875,34.95000076293945,35.040000915527344,34.95000076293945,906000,False
ILF,2019-07-11,35.029998779296875,35.150001525878906,34.790000915527344,35.04999923706055,34.790000915527344,1841100,False
ILF,2019-07-12,35.15999984741211,35.20000076293945,34.810001373291016,34.88999938964844,34.810001373291016,2579400,False
ILF,2019-07-15,34.90999984741211,35.04999923706055,34.72999954223633,34.7599983215332,34.72999954223633,2773300,False
ILF,2019-07-16,34.77000045776367,34.90999984741211,34.52000045776367,34.59000015258789,34.52000045776367,838400,False
ILF,2019-07-17,34.779998779296875,34.83000183105469,34.529998779296875,34.560001373291016,34.529998779296875,830800,False
ILF,2019-07-18,34.560001373291016,34.849998474121094,34.52000045776367,34.79999923706055,34.52000045776367,760200,False
ILF,2019-07-19,34.709999084472656,34.79999923706055,34.31999969482422,34.369998931884766,34.31999969482422,846700,False
ILF,2019-07-22,34.54999923706055,34.650001525878906,34.380001068115234,34.470001220703125,34.380001068115234,646100,False
ILF,2019-07-23,34.38999938964844,34.540000915527344,34.040000915527344,34.150001525878906,34.040000915527344,1434700,False
ILF,2019-07-24,34.2599983215332,34.5099983215332,34.220001220703125,34.29999923706055,34.220001220703125,348500,False
ILF,2019-07-25,34.16999816894531,34.220001220703125,33.63999938964844,33.7599983215332,33.63999938964844,674800,False
ILF,2019-07-26,33.939998626708984,34.02000045776367,33.59000015258789,33.790000915527344,33.59000015258789,625000,False
ILF,2019-07-29,33.689998626708984,33.91999816894531,33.470001220703125,33.90999984741211,33.470001220703125,588500,False
ILF,2019-07-30,33.689998626708984,33.75,33.43000030517578,33.47999954223633,33.43000030517578,638300,False
ILF,2019-07-31,33.599998474121094,33.63999938964844,32.709999084472656,33.029998779296875,32.709999084472656,1268700,False
ILF,2019-08-01,33.06999969482422,33.380001068115234,32.439998626708984,32.529998779296875,32.439998626708984,3147700,False
ILF,2019-08-02,32.529998779296875,32.619998931884766,31.969999313354492,32.20000076293945,31.969999313354492,1250200,False
ILF,2019-08-05,31.25,31.420000076293945,30.799999237060547,30.950000762939453,30.799999237060547,1539200,False
ILF,2019-08-06,31.420000076293945,31.530000686645508,31.06999969482422,31.489999771118164,31.06999969482422,1802700,False
ILF,2019-08-07,31.059999465942383,31.829999923706055,30.84000015258789,31.809999465942383,30.84000015258789,3713700,False
ILF,2019-08-08,32.04999923706055,32.5,32.029998779296875,32.47999954223633,32.029998779296875,1243700,False
ILF,2019-08-09,32.2599983215332,32.540000915527344,31.989999771118164,32.16999816894531,31.989999771118164,525800,False
ILF,2019-08-12,31.25,31.3799991607666,30.989999771118164,31.15999984741211,30.989999771118164,729200,False
ILF,2019-08-13,31.020000457763672,31.950000762939453,30.920000076293945,31.739999771118164,30.920000076293945,1210800,False
ILF,2019-08-14,30.889999389648438,31.06999969482422,30.31999969482422,30.329999923706055,30.31999969482422,1052400,False
ILF,2019-08-15,30.450000762939453,30.5,29.860000610351562,30.389999389648438,29.860000610351562,713700,False
ILF,2019-08-16,30.6200008392334,30.790000915527344,30.450000762939453,30.579999923706055,30.450000762939453,1270800,False
ILF,2019-08-19,30.84000015258789,30.860000610351562,30.06999969482422,30.110000610351562,30.06999969482422,976700,False
ILF,2019-08-20,30.059999465942383,30.5,29.899999618530273,30.260000228881836,29.899999618530273,1211700,False
ILF,2019-08-21,30.6200008392334,30.889999389648438,30.399999618530273,30.860000610351562,30.399999618530273,854400,False
ILF,2019-08-22,30.65999984741211,30.899999618530273,30.290000915527344,30.309999465942383,30.290000915527344,1017600,False
ILF,2019-08-23,30.1200008392334,30.43000030517578,29.399999618530273,29.469999313354492,29.399999618530273,1261800,False
ILF,2019-08-26,29.610000610351562,29.65999984741211,29.010000228881836,29.200000762939453,29.010000228881836,912900,False
ILF,2019-08-27,29.3799991607666,29.729999542236328,29.110000610351562,29.3700008392334,29.110000610351562,915300,False
ILF,2019-08-28,29.360000610351562,29.690000534057617,29.239999771118164,29.489999771118164,29.239999771118164,1005700,False
ILF,2019-08-29,29.649999618530273,30.219999313354492,29.6200008392334,30.149999618530273,29.6200008392334,664700,False
ILF,2019-08-30,30.450000762939453,30.65999984741211,30.360000610351562,30.610000610351562,30.360000610351562,2809500,False
ILF,2019-09-03,30.190000534057617,30.350000381469727,29.850000381469727,29.969999313354492,29.850000381469727,1032800,False
ILF,2019-09-04,30.549999237060547,30.84000015258789,30.510000228881836,30.84000015258789,30.510000228881836,730000,False
ILF,2019-09-05,31.34000015258789,31.670000076293945,31.209999084472656,31.239999771118164,31.209999084472656,2350000,False
ILF,2019-09-06,31.639999389648438,31.90999984741211,31.549999237060547,31.700000762939453,31.549999237060547,670600,False
ILF,2019-09-09,31.84000015258789,32.209999084472656,31.770000457763672,31.860000610351562,31.770000457763672,731100,False
ILF,2019-09-10,31.690000534057617,32.06999969482422,31.520000457763672,31.81999969482422,31.520000457763672,669800,False
ILF,2019-09-11,32.13999938964844,32.2400016784668,31.90999984741211,32.029998779296875,31.90999984741211,965700,False
ILF,2019-09-12,32.349998474121094,32.439998626708984,32.130001068115234,32.31999969482422,32.130001068115234,918200,False
ILF,2019-09-13,32.38999938964844,32.560001373291016,32.02000045776367,32.060001373291016,32.02000045776367,2487100,False
ILF,2019-09-16,31.90999984741211,32.290000915527344,31.809999465942383,32.04999923706055,31.809999465942383,576600,False
ILF,2019-09-17,31.8700008392334,32.470001220703125,31.809999465942383,32.470001220703125,31.809999465942383,1068800,False
ILF,2019-09-18,32.43000030517578,32.4900016784668,31.940000534057617,32.16999816894531,31.940000534057617,517400,False
ILF,2019-09-19,32.349998474121094,32.43000030517578,31.739999771118164,31.75,31.739999771118164,688600,False
ILF,2019-09-20,31.770000457763672,31.950000762939453,31.579999923706055,31.899999618530273,31.579999923706055,1019800,False
ILF,2019-09-23,31.649999618530273,31.84000015258789,31.6299991607666,31.739999771118164,31.6299991607666,491900,False
ILF,2019-09-24,31.799999237060547,31.799999237060547,31.350000381469727,31.420000076293945,31.350000381469727,751100,False
ILF,2019-09-25,31.190000534057617,31.709999084472656,31.059999465942383,31.670000076293945,31.059999465942383,1105700,False
ILF,2019-09-26,31.809999465942383,31.850000381469727,31.59000015258789,31.81999969482422,31.59000015258789,863200,False
ILF,2019-09-27,31.8799991607666,32.029998779296875,31.610000610351562,31.790000915527344,31.610000610351562,722100,False
ILF,2019-09-30,31.760000228881836,31.760000228881836,31.530000686645508,31.579999923706055,31.530000686645508,798400,False
ILF,2019-10-01,31.420000076293945,31.540000915527344,31.239999771118164,31.290000915527344,31.239999771118164,768300,False
ILF,2019-10-02,30.959999084472656,31.040000915527344,30.540000915527344,30.68000030517578,30.540000915527344,714500,False
ILF,2019-10-03,30.68000030517578,31.09000015258789,30.530000686645508,31.030000686645508,30.530000686645508,565300,False
ILF,2019-10-04,31.1200008392334,31.809999465942383,31.1200008392334,31.760000228881836,31.1200008392334,3108000,False
ILF,2019-10-07,31.600000381469727,31.719999313354492,31.020000457763672,31.049999237060547,31.020000457763672,967700,False
ILF,2019-10-08,31.100000381469727,31.229999542236328,30.739999771118164,30.760000228881836,30.739999771118164,735300,False
ILF,2019-10-09,31.020000457763672,31.200000762939453,30.829999923706055,31.059999465942383,30.829999923706055,553100,False
ILF,2019-10-10,31.0,31.549999237060547,31.0,31.360000610351562,31.0,822900,False
ILF,2019-10-11,31.739999771118164,32.20000076293945,31.649999618530273,32.060001373291016,31.649999618530273,2742200,False
ILF,2019-10-14,31.940000534057617,32.0099983215332,31.860000610351562,31.959999084472656,31.860000610351562,1274100,False
ILF,2019-10-15,31.969999313354492,32.09000015258789,31.829999923706055,31.860000610351562,31.829999923706055,406900,False
ILF,2019-10-16,31.649999618530273,32.13999938964844,31.59000015258789,32.119998931884766,31.59000015258789,905600,False
ILF,2019-10-17,32.349998474121094,32.400001525878906,31.920000076293945,31.950000762939453,31.920000076293945,401000,False
ILF,2019-10-18,32.099998474121094,32.33000183105469,32.040000915527344,32.15999984741211,32.040000915527344,280200,False
ILF,2019-10-21,32.0,32.310001373291016,31.8799991607666,32.29999923706055,31.8799991607666,3140700,False
ILF,2019-10-22,32.40999984741211,33.0,32.400001525878906,32.869998931884766,32.400001525878906,5673300,False
ILF,2019-10-23,32.779998779296875,33.31999969482422,32.779998779296875,33.290000915527344,32.779998779296875,1989800,False
ILF,2019-10-24,33.470001220703125,33.5099983215332,33.13999938964844,33.209999084472656,33.13999938964844,1319700,False
ILF,2019-10-25,33.439998626708984,33.63999938964844,33.33000183105469,33.47999954223633,33.33000183105469,1096700,False
ILF,2019-10-28,33.66999816894531,33.88999938964844,33.63999938964844,33.79999923706055,33.63999938964844,522000,False
ILF,2019-10-29,33.599998474121094,33.75,33.47999954223633,33.52000045776367,33.47999954223633,1542200,False
ILF,2019-10-30,33.31999969482422,33.58000183105469,32.95000076293945,33.54999923706055,32.95000076293945,750700,False
ILF,2019-10-31,33.380001068115234,33.380001068115234,32.81999969482422,33.09000015258789,32.81999969482422,435600,False
ILF,2019-11-01,33.65999984741211,33.90999984741211,33.47999954223633,33.709999084472656,33.47999954223633,358600,False
ILF,2019-11-04,33.95000076293945,34.060001373291016,33.68000030517578,33.720001220703125,33.68000030517578,1734600,False
ILF,2019-11-05,33.77000045776367,33.90999984741211,33.619998931884766,33.709999084472656,33.619998931884766,2790600,False
ILF,2019-11-06,33.130001068115234,33.54999923706055,33.0,33.2599983215332,33.0,947800,False
ILF,2019-11-07,33.310001373291016,33.650001525878906,33.2599983215332,33.54999923706055,33.2599983215332,463600,False
ILF,2019-11-08,33.099998474121094,33.13999938964844,32.56999969482422,32.65999984741211,32.56999969482422,1379300,False
ILF,2019-11-11,32.54999923706055,32.790000915527344,32.459999084472656,32.75,32.459999084472656,1216200,False
ILF,2019-11-12,32.27000045776367,32.279998779296875,32.040000915527344,32.11000061035156,32.040000915527344,1479900,False
ILF,2019-11-13,31.65999984741211,31.829999923706055,31.549999237060547,31.770000457763672,31.549999237060547,1182000,False
ILF,2019-11-14,31.700000762939453,31.920000076293945,31.600000381469727,31.68000030517578,31.600000381469727,1072000,False
ILF,2019-11-15,32.06999969482422,32.470001220703125,32.06999969482422,32.45000076293945,32.06999969482422,825300,False
ILF,2019-11-18,32.31999969482422,32.369998931884766,31.899999618530273,31.899999618530273,31.899999618530273,827000,False
ILF,2019-11-19,31.90999984741211,31.90999984741211,31.579999923706055,31.719999313354492,31.579999923706055,522100,False
ILF,2019-11-20,31.610000610351562,31.84000015258789,31.489999771118164,31.6299991607666,31.489999771118164,400200,False
ILF,2019-11-21,31.75,32.08000183105469,31.600000381469727,32.060001373291016,31.600000381469727,576500,False
ILF,2019-11-22,32.279998779296875,32.439998626708984,32.22999954223633,32.38999938964844,32.22999954223633,573000,False
ILF,2019-11-25,32.27000045776367,32.41999816894531,32.08000183105469,32.08000183105469,32.08000183105469,1622600,False
ILF,2019-11-26,31.719999313354492,31.719999313354492,31.25,31.5,31.25,3100700,False
ILF,2019-11-27,31.450000762939453,31.6299991607666,31.15999984741211,31.59000015258789,31.15999984741211,456300,False
ILF,2019-11-29,31.670000076293945,31.770000457763672,31.479999542236328,31.520000457763672,31.479999542236328,775700,False
ILF,2019-12-02,31.809999465942383,31.8700008392334,31.68000030517578,31.75,31.68000030517578,764600,False
ILF,2019-12-03,31.700000762939453,31.719999313354492,31.5,31.6299991607666,31.5,508000,False
ILF,2019-12-04,31.889999389648438,32.2599983215332,31.889999389648438,32.20000076293945,31.889999389648438,682000,False
ILF,2019-12-05,32.27000045776367,32.61000061035156,32.27000045776367,32.470001220703125,32.27000045776367,870300,False
ILF,2019-12-06,32.650001525878906,32.790000915527344,32.560001373291016,32.72999954223633,32.560001373291016,608200,False
ILF,2019-12-09,32.630001068115234,32.900001525878906,32.630001068115234,32.790000915527344,32.630001068115234,771700,False
ILF,2019-12-10,32.7599983215332,32.810001373291016,32.619998931884766,32.7400016784668,32.619998931884766,1406900,False
ILF,2019-12-11,32.9900016784668,33.11000061035156,32.900001525878906,33.09000015258789,32.900001525878906,732400,False
ILF,2019-12-12,33.18000030517578,33.7400016784668,33.18000030517578,33.709999084472656,33.18000030517578,611500,False
ILF,2019-12-13,33.560001373291016,34.0,33.5,33.709999084472656,33.5,868800,False
ILF,2019-12-16,33.43000030517578,33.61000061035156,33.279998779296875,33.31999969482422,33.279998779296875,505700,False
ILF,2019-12-17,33.31999969482422,33.529998779296875,33.2400016784668,33.470001220703125,33.2400016784668,1166800,False
ILF,2019-12-18,33.59000015258789,33.959999084472656,33.529998779296875,33.93000030517578,33.529998779296875,1547300,False
ILF,2019-12-19,33.77000045776367,34.04999923706055,33.77000045776367,33.970001220703125,33.77000045776367,1873800,False
ILF,2019-12-20,33.939998626708984,34.029998779296875,33.7599983215332,33.779998779296875,33.7599983215332,1420600,False
ILF,2019-12-23,33.86000061035156,33.93000030517578,33.72999954223633,33.86000061035156,33.72999954223633,1506900,False
ILF,2019-12-24,33.86000061035156,33.95000076293945,33.84000015258789,33.880001068115234,33.84000015258789,141800,False
ILF,2019-12-26,34.0099983215332,34.349998474121094,34.0099983215332,34.349998474121094,34.0099983215332,859700,False
ILF,2019-12-27,34.279998779296875,34.38999938964844,34.09000015258789,34.150001525878906,34.09000015258789,563900,False
ILF,2019-12-30,34.27000045776367,34.33000183105469,33.869998931884766,33.900001525878906,33.869998931884766,1845300,False
ILF,2019-12-31,33.849998474121094,34.02000045776367,33.779998779296875,33.970001220703125,33.779998779296875,690600,False
ILF,2020-01-02,34.209999084472656,34.83000183105469,34.099998474121094,34.83000183105469,34.099998474121094,791600,False
ILF,2020-01-03,34.36000061035156,34.630001068115234,34.290000915527344,34.47999954223633,34.290000915527344,609900,False
ILF,2020-01-06,34.02000045776367,34.439998626708984,34.0,34.20000076293945,34.0,532100,False
ILF,2020-01-07,33.9900016784668,34.2599983215332,33.93000030517578,34.11000061035156,33.93000030517578,759600,False
ILF,2020-01-08,33.970001220703125,34.310001373291016,33.880001068115234,34.0099983215332,33.880001068115234,608900,False
ILF,2020-01-09,33.91999816894531,33.91999816894531,33.59000015258789,33.709999084472656,33.59000015258789,579200,False
ILF,2020-01-10,33.90999984741211,34.04999923706055,33.5,33.56999969482422,33.5,970600,False
ILF,2020-01-13,33.560001373291016,33.779998779296875,33.5099983215332,33.7599983215332,33.5099983215332,801200,False
ILF,2020-01-14,33.68000030517578,33.709999084472656,33.45000076293945,33.65999984741211,33.45000076293945,394000,False
ILF,2020-01-15,33.459999084472656,33.470001220703125,33.0099983215332,33.0099983215332,33.0099983215332,472200,False
ILF,2020-01-16,33.2599983215332,33.279998779296875,33.02000045776367,33.25,33.02000045776367,930400,False
ILF,2020-01-17,33.560001373291016,33.83000183105469,33.439998626708984,33.79999923706055,33.439998626708984,780600,False
ILF,2020-01-21,33.45000076293945,33.459999084472656,32.880001068115234,32.88999938964844,32.880001068115234,874600,False
ILF,2020-01-22,33.209999084472656,33.31999969482422,33.13999938964844,33.279998779296875,33.13999938964844,774300,False
ILF,2020-01-23,33.130001068115234,33.529998779296875,32.91999816894531,33.4900016784668,32.91999816894531,1147100,False
ILF,2020-01-24,33.40999984741211,33.470001220703125,32.9900016784668,33.08000183105469,32.9900016784668,876900,False
ILF,2020-01-27,32.130001068115234,32.27000045776367,31.8700008392334,31.8700008392334,31.8700008392334,943400,False
ILF,2020-01-28,32.220001220703125,32.59000015258789,32.09000015258789,32.529998779296875,32.09000015258789,664200,False
ILF,2020-01-29,32.5099983215332,32.5099983215332,32.099998474121094,32.099998474121094,32.099998474121094,479100,False
ILF,2020-01-30,31.6200008392334,32.099998474121094,31.459999084472656,32.04999923706055,31.459999084472656,797600,False
ILF,2020-01-31,31.540000915527344,31.639999389648438,31.219999313354492,31.299999237060547,31.219999313354492,1118300,False
ILF,2020-02-03,31.6200008392334,32.060001373291016,31.610000610351562,31.84000015258789,31.610000610351562,1218100,False
ILF,2020-02-04,32.2400016784668,32.45000076293945,32.209999084472656,32.2400016784668,32.209999084472656,1048300,False
ILF,2020-02-05,32.810001373291016,32.86000061035156,32.380001068115234,32.380001068115234,32.380001068115234,1464200,False
ILF,2020-02-06,32.65999984741211,32.65999984741211,31.979999542236328,32.0099983215332,31.979999542236328,1972800,False
ILF,2020-02-07,31.760000228881836,31.850000381469727,31.56999969482422,31.719999313354492,31.56999969482422,4027000,False
ILF,2020-02-10,31.510000228881836,31.6200008392334,31.3799991607666,31.610000610351562,31.3799991607666,421000,False
ILF,2020-02-11,32.029998779296875,32.310001373291016,32.0,32.11000061035156,32.0,1246200,False
ILF,2020-02-12,32.20000076293945,32.59000015258789,32.20000076293945,32.349998474121094,32.20000076293945,2691700,False
ILF,2020-02-13,32.099998474121094,32.189998626708984,31.899999618530273,31.950000762939453,31.899999618530273,1310900,False
ILF,2020-02-14,32.2599983215332,32.2599983215332,31.90999984741211,32.040000915527344,31.90999984741211,401500,False
ILF,2020-02-18,31.709999084472656,31.829999923706055,31.540000915527344,31.700000762939453,31.540000915527344,4060500,False
ILF,2020-02-19,31.8799991607666,32.0099983215332,31.790000915527344,32.0,31.790000915527344,791600,False
ILF,2020-02-20,31.719999313354492,31.850000381469727,31.3799991607666,31.440000534057617,31.3799991607666,2238500,False
ILF,2020-02-21,31.06999969482422,31.260000228881836,30.899999618530273,31.06999969482422,30.899999618530273,1025900,False
ILF,2020-02-24,29.760000228881836,29.860000610351562,29.489999771118164,29.690000534057617,29.489999771118164,1577600,False
ILF,2020-02-25,30.079999923706055,30.079999923706055,29.079999923706055,29.219999313354492,29.079999923706055,6661000,False
ILF,2020-02-26,29.440000534057617,29.649999618530273,28.780000686645508,28.81999969482422,28.780000686645508,2131200,False
ILF,2020-02-27,28.139999389648438,28.850000381469727,27.860000610351562,27.899999618530273,27.860000610351562,2691700,False
ILF,2020-02-28,27.239999771118164,28.0,26.93000030517578,27.979999542236328,26.93000030517578,3571100,False
ILF,2020-03-02,28.049999237060547,28.889999389648438,27.940000534057617,28.889999389648438,27.940000534057617,1773100,False
ILF,2020-03-03,28.75,29.469999313354492,28.18000030517578,28.399999618530273,28.18000030517578,2417500,False
ILF,2020-03-04,28.829999923706055,28.90999984741211,28.3700008392334,28.90999984741211,28.3700008392334,953500,False
ILF,2020-03-05,28.15999984741211,28.200000762939453,27.1299991607666,27.479999542236328,27.1299991607666,1425000,False
ILF,2020-03-06,26.459999084472656,26.780000686645508,26.110000610351562,26.40999984741211,26.110000610351562,1839200,False
ILF,2020-03-09,23.530000686645508,24.280000686645508,22.670000076293945,22.670000076293945,22.670000076293945,1693700,True
ILF,2020-03-10,23.860000610351562,24.600000381469727,23.260000228881836,24.549999237060547,23.260000228881836,1616200,True
ILF,2020-03-11,23.8700008392334,23.950000762939453,21.809999465942383,22.489999771118164,21.809999465942383,1680600,True
ILF,2020-03-12,19.809999465942383,20.690000534057617,18.719999313354492,19.329999923706055,18.719999313354492,1497800,True
ILF,2020-03-13,22.139999389648438,22.40999984741211,20.200000762939453,21.959999084472656,20.200000762939453,2774000,True
ILF,2020-03-16,18.579999923706055,19.8799991607666,17.639999389648438,18.010000228881836,17.639999389648438,2824500,True
ILF,2020-03-17,18.899999618530273,19.709999084472656,18.219999313354492,19.280000686645508,18.219999313354492,1568400,True
ILF,2020-03-18,17.399999618530273,18.18000030517578,16.559999465942383,16.93000030517578,16.559999465942383,2002500,True
ILF,2020-03-19,16.690000534057617,17.690000534057617,16.100000381469727,17.420000076293945,16.100000381469727,1226900,False
ILF,2020-03-20,18.15999984741211,18.290000915527344,16.780000686645508,16.850000381469727,16.780000686645508,1466000,False
ILF,2020-03-23,16.299999237060547,16.510000228881836,15.539999961853027,15.640000343322754,15.539999961853027,2784800,True
ILF,2020-03-24,16.90999984741211,17.579999923706055,16.899999618530273,17.43000030517578,16.899999618530273,1330000,True
ILF,2020-03-25,17.520000457763672,19.170000076293945,17.360000610351562,18.6200008392334,17.360000610351562,2717500,True
ILF,2020-03-26,19.06999969482422,19.670000076293945,18.920000076293945,19.399999618530273,18.920000076293945,6343000,False
ILF,2020-03-27,18.209999084472656,18.520000457763672,17.8799991607666,17.959999084472656,17.8799991607666,2523400,True
ILF,2020-03-30,18.079999923706055,18.139999389648438,17.68000030517578,18.09000015258789,17.68000030517578,4222600,False
ILF,2020-03-31,18.079999923706055,18.690000534057617,17.989999771118164,18.260000228881836,17.989999771118164,1625000,False
ILF,2020-04-01,17.479999542236328,17.59000015258789,17.1299991607666,17.3799991607666,17.1299991607666,1694700,False
ILF,2020-04-02,17.559999465942383,18.329999923706055,17.450000762939453,17.799999237060547,17.450000762939453,4385900,False
ILF,2020-04-03,17.6200008392334,17.709999084472656,16.8700008392334,17.110000610351562,16.8700008392334,2959800,False
ILF,2020-04-06,18.190000534057617,18.530000686645508,17.90999984741211,18.219999313354492,17.90999984741211,2911400,True
ILF,2020-04-07,19.510000228881836,19.59000015258789,18.649999618530273,18.700000762939453,18.649999618530273,5710700,False
ILF,2020-04-08,18.709999084472656,19.399999618530273,18.649999618530273,19.360000610351562,18.649999618530273,4152500,False
ILF,2020-04-09,19.729999542236328,20.1200008392334,19.329999923706055,19.540000915527344,19.329999923706055,1066700,False
ILF,2020-04-13,19.309999465942383,19.469999313354492,18.93000030517578,19.440000534057617,18.93000030517578,807100,False
ILF,2020-04-14,19.8799991607666,20.079999923706055,19.59000015258789,19.600000381469727,19.59000015258789,1418200,False
ILF,2020-04-15,19.020000457763672,19.200000762939453,18.690000534057617,18.93000030517578,18.690000534057617,3252500,False
ILF,2020-04-16,18.969999313354492,19.030000686645508,18.5,18.540000915527344,18.5,1057300,False
ILF,2020-04-17,19.1299991607666,19.200000762939453,18.790000915527344,19.1299991607666,18.790000915527344,1505500,False
ILF,2020-04-20,18.68000030517578,18.799999237060547,18.420000076293945,18.600000381469727,18.420000076293945,799800,False
ILF,2020-04-21,18.149999618530273,18.209999084472656,17.860000610351562,17.989999771118164,17.860000610351562,1057300,False
ILF,2020-04-22,18.34000015258789,18.489999771118164,18.25,18.389999389648438,18.25,712300,False
ILF,2020-04-23,18.3799991607666,18.600000381469727,17.989999771118164,18.040000915527344,17.989999771118164,1274800,False
ILF,2020-04-24,17.68000030517578,17.770000457763672,16.84000015258789,17.100000381469727,16.84000015258789,3135500,False
ILF,2020-04-27,17.600000381469727,17.860000610351562,17.389999389648438,17.790000915527344,17.389999389648438,6380000,False
ILF,2020-04-28,18.520000457763672,18.889999389648438,18.31999969482422,18.8799991607666,18.31999969482422,2728500,True
ILF,2020-04-29,19.209999084472656,19.989999771118164,19.209999084472656,19.979999542236328,19.209999084472656,2638400,False
ILF,2020-04-30,19.459999084472656,19.489999771118164,19.049999237060547,19.139999389648438,19.049999237060547,1410600,False
ILF,2020-05-01,18.68000030517578,18.690000534057617,18.170000076293945,18.350000381469727,18.170000076293945,1366800,False
ILF,2020-05-04,18.139999389648438,18.65999984741211,18.100000381469727,18.65999984741211,18.100000381469727,2412300,False
ILF,2020-05-05,18.8799991607666,19.229999542236328,18.68000030517578,18.75,18.68000030517578,1314800,False
ILF,2020-05-06,18.610000610351562,18.68000030517578,18.239999771118164,18.350000381469727,18.239999771118164,1164200,False
ILF,2020-05-07,18.280000686645508,18.489999771118164,18.049999237060547,18.18000030517578,18.049999237060547,1833000,False
ILF,2020-05-08,18.5,19.040000915527344,18.5,19.020000457763672,18.5,2438200,False
ILF,2020-05-11,18.780000686645508,18.899999618530273,18.549999237060547,18.549999237060547,18.549999237060547,7324600,False
ILF,2020-05-12,18.799999237060547,18.920000076293945,18.079999923706055,18.079999923706055,18.079999923706055,2766300,False
ILF,2020-05-13,18.260000228881836,18.290000915527344,17.549999237060547,17.65999984741211,17.549999237060547,3461900,False
ILF,2020-05-14,17.34000015258789,18.110000610351562,17.049999237060547,18.079999923706055,17.049999237060547,3874200,False
ILF,2020-05-15,18.059999465942383,18.3799991607666,17.84000015258789,17.860000610351562,17.84000015258789,1700600,False
ILF,2020-05-18,18.639999389648438,19.1200008392334,18.6299991607666,19.09000015258789,18.6299991607666,4970500,True
ILF,2020-05-19,19.049999237060547,19.1200008392334,18.610000610351562,18.610000610351562,18.610000610351562,1866900,False
ILF,2020-05-20,19.040000915527344,19.170000076293945,18.920000076293945,19.100000381469727,18.920000076293945,1678900,False
ILF,2020-05-21,19.329999923706055,19.639999389648438,19.260000228881836,19.510000228881836,19.260000228881836,1529200,False
ILF,2020-05-22,19.270000457763672,19.520000457763672,19.079999923706055,19.450000762939453,19.079999923706055,1800900,False
ILF,2020-05-26,20.649999618530273,20.799999237060547,20.350000381469727,20.440000534057617,20.350000381469727,2536200,False
ILF,2020-05-27,20.90999984741211,21.09000015258789,20.5,21.09000015258789,20.5,2136100,False
ILF,2020-05-28,21.010000228881836,21.09000015258789,20.5,20.510000228881836,20.5,1912100,False
ILF,2020-05-29,20.479999542236328,20.65999984741211,20.040000915527344,20.510000228881836,20.040000915527344,3225200,False
ILF,2020-06-01,20.639999389648438,21.219999313354492,20.579999923706055,21.09000015258789,20.579999923706055,1162900,False
ILF,2020-06-02,21.549999237060547,22.170000076293945,21.489999771118164,22.170000076293945,21.489999771118164,2219300,False
ILF,2020-06-03,23.079999923706055,23.31999969482422,22.920000076293945,23.049999237060547,22.920000076293945,2911400,False
ILF,2020-06-04,22.93000030517578,23.209999084472656,22.649999618530273,23.149999618530273,22.649999618530273,2233400,False
ILF,2020-06-05,24.31999969482422,24.6299991607666,24.049999237060547,24.200000762939453,24.049999237060547,4282800,False
ILF,2020-06-08,24.440000534057617,25.229999542236328,24.219999313354492,25.229999542236328,24.219999313354492,2991600,False
ILF,2020-06-09,24.5,24.709999084472656,24.290000915527344,24.520000457763672,24.290000915527344,2768100,False
ILF,2020-06-10,24.68000030517578,24.700000762939453,23.760000228881836,23.790000915527344,23.760000228881836,2609200,False
ILF,2020-06-11,22.5,22.81999969482422,21.780000686645508,21.940000534057617,21.780000686645508,4439900,True
ILF,2020-06-12,22.8700008392334,23.1299991607666,22.209999084472656,22.84000015258789,22.209999084472656,3903600,False
ILF,2020-06-15,21.6299991607666,22.489999771118164,21.40999984741211,22.18000030517578,21.40999984741211,2691800,False
ILF,2020-06-16,22.950000762939453,23.040000915527344,22.09000015258789,22.3700008392334,22.09000015258789,2716400,False
ILF,2020-06-17,22.440000534057617,22.649999618530273,22.239999771118164,22.450000762939453,22.239999771118164,1444200,False
ILF,2020-06-18,22.040000915527344,22.34000015258789,21.889999389648438,21.979999542236328,21.889999389648438,2708900,False
ILF,2020-06-19,22.350000381469727,22.399999618530273,22.010000228881836,22.260000228881836,22.010000228881836,2794200,False
ILF,2020-06-22,22.559999465942383,22.610000610351562,22.079999923706055,22.149999618530273,22.079999923706055,1825900,False
ILF,2020-06-23,22.610000610351562,22.899999618530273,22.56999969482422,22.639999389648438,22.56999969482422,1474700,False
ILF,2020-06-24,22.3799991607666,22.3799991607666,21.610000610351562,21.75,21.610000610351562,2078900,False
ILF,2020-06-25,21.940000534057617,22.170000076293945,21.649999618530273,22.100000381469727,21.649999618530273,1188900,False
ILF,2020-06-26,21.68000030517578,21.75,21.219999313354492,21.219999313354492,21.219999313354492,1801500,False
ILF,2020-06-29,21.479999542236328,21.709999084472656,21.239999771118164,21.709999084472656,21.239999771118164,1184900,False
ILF,2020-06-30,21.559999465942383,21.739999771118164,21.360000610351562,21.56999969482422,21.360000610351562,929400,False
ILF,2020-07-01,21.709999084472656,22.149999618530273,21.709999084472656,22.040000915527344,21.709999084472656,970000,False
ILF,2020-07-02,22.440000534057617,22.770000457763672,22.219999313354492,22.270000457763672,22.219999313354492,2229200,False
ILF,2020-07-06,22.920000076293945,23.059999465942383,22.65999984741211,22.799999237060547,22.65999984741211,1339300,False
ILF,2020-07-07,22.719999313354492,22.84000015258789,22.329999923706055,22.329999923706055,22.329999923706055,1466900,False
ILF,2020-07-08,22.75,22.829999923706055,22.440000534057617,22.809999465942383,22.440000534057617,1131900,False
ILF,2020-07-09,23.040000915527344,23.040000915527344,22.309999465942383,22.399999618530273,22.309999465942383,1350800,False
ILF,2020-07-10,22.260000228881836,22.639999389648438,22.219999313354492,22.6200008392334,22.219999313354492,704700,False
ILF,2020-07-13,22.709999084472656,22.8799991607666,22.239999771118164,22.239999771118164,22.239999771118164,6195900,False
ILF,2020-07-14,22.149999618530273,22.850000381469727,22.030000686645508,22.829999923706055,22.030000686645508,2476800,False
ILF,2020-07-15,23.139999389648438,23.270000457763672,22.790000915527344,22.989999771118164,22.790000915527344,1613600,False
ILF,2020-07-16,22.84000015258789,22.93000030517578,22.690000534057617,22.75,22.690000534057617,941600,False
ILF,2020-07-17,22.940000534057617,22.940000534057617,22.729999542236328,22.790000915527344,22.729999542236328,1132900,False
ILF,2020-07-20,22.790000915527344,23.149999618530273,22.700000762939453,23.110000610351562,22.700000762939453,955300,False
ILF,2020-07-21,23.549999237060547,23.8700008392334,23.549999237060547,23.65999984741211,23.549999237060547,1716900,False
ILF,2020-07-22,23.8700008392334,24.1200008392334,23.780000686645508,24.1200008392334,23.780000686645508,1002000,False
ILF,2020-07-23,23.989999771118164,24.0,23.40999984741211,23.450000762939453,23.40999984741211,1261500,False
ILF,2020-07-24,23.34000015258789,23.65999984741211,23.139999389648438,23.56999969482422,23.139999389648438,1203500,False
ILF,2020-07-27,23.75,24.350000381469727,23.6299991607666,24.350000381469727,23.6299991607666,2629200,False
ILF,2020-07-28,24.040000915527344,24.309999465942383,24.040000915527344,24.139999389648438,24.040000915527344,1243600,False
ILF,2020-07-29,24.40999984741211,24.479999542236328,24.200000762939453,24.399999618530273,24.200000762939453,1156900,False
ILF,2020-07-30,24.190000534057617,24.229999542236328,23.770000457763672,24.020000457763672,23.770000457763672,1573000,False
ILF,2020-07-31,23.950000762939453,23.950000762939453,23.350000381469727,23.3799991607666,23.350000381469727,2234200,False
ILF,2020-08-03,23.25,23.309999465942383,23.010000228881836,23.06999969482422,23.010000228881836,2424700,False
ILF,2020-08-04,22.790000915527344,23.049999237060547,22.610000610351562,22.8799991607666,22.610000610351562,1638600,False
ILF,2020-08-05,23.309999465942383,23.520000457763672,23.030000686645508,23.290000915527344,23.030000686645508,1780700,False
ILF,2020-08-06,23.170000076293945,23.31999969482422,23.049999237060547,23.229999542236328,23.049999237060547,1031800,False
ILF,2020-08-07,22.850000381469727,23.079999923706055,22.729999542236328,22.850000381469727,22.729999542236328,1087000,False
ILF,2020-08-10,23.06999969482422,23.200000762939453,22.68000030517578,22.93000030517578,22.68000030517578,1528200,False
ILF,2020-08-11,23.1299991607666,23.270000457763672,22.829999923706055,22.84000015258789,22.829999923706055,3876500,False
ILF,2020-08-12,22.969999313354492,23.059999465942383,22.639999389648438,22.8700008392334,22.639999389648438,1103500,False
ILF,2020-08-13,23.09000015258789,23.239999771118164,22.770000457763672,22.84000015258789,22.770000457763672,898800,False
ILF,2020-08-14,22.889999389648438,23.09000015258789,22.809999465942383,22.8799991607666,22.809999465942383,1102000,False
ILF,2020-08-17,22.920000076293945,22.93000030517578,22.31999969482422,22.469999313354492,22.31999969482422,1137100,False
ILF,2020-08-18,22.920000076293945,23.06999969482422,22.75,22.940000534057617,22.75,2187700,False
ILF,2020-08-19,23.010000228881836,23.020000457763672,22.549999237060547,22.549999237060547,22.549999237060547,1794100,False
ILF,2020-08-20,22.09000015258789,22.579999923706055,21.950000762939453,22.549999237060547,21.950000762939453,1698200,False
ILF,2020-08-21,22.420000076293945,22.420000076293945,22.139999389648438,22.260000228881836,22.139999389648438,1230200,False
ILF,2020-08-24,22.559999465942383,22.610000610351562,22.389999389648438,22.530000686645508,22.389999389648438,1235500,False
ILF,2020-08-25,22.56999969482422,22.639999389648438,22.329999923706055,22.639999389648438,22.329999923706055,1100700,False
ILF,2020-08-26,22.649999618530273,22.690000534057617,21.989999771118164,22.1299991607666,21.989999771118164,1160600,False
ILF,2020-08-27,22.40999984741211,22.40999984741211,21.979999542236328,22.170000076293945,21.979999542236328,692100,False
ILF,2020-08-28,22.510000228881836,22.959999084472656,22.479999542236328,22.940000534057617,22.479999542236328,1592200,False
ILF,2020-08-31,22.59000015258789,22.610000610351562,22.079999923706055,22.079999923706055,22.079999923706055,1160200,False
ILF,2020-09-01,22.530000686645508,22.989999771118164,22.520000457763672,22.90999984741211,22.520000457763672,1408400,False
ILF,2020-09-02,23.0,23.0,22.649999618530273,22.90999984741211,22.649999618530273,902800,False
ILF,2020-09-03,22.969999313354492,23.270000457763672,22.65999984741211,22.790000915527344,22.65999984741211,1219000,False
ILF,2020-09-04,22.920000076293945,23.110000610351562,22.43000030517578,22.90999984741211,22.43000030517578,1778100,False
ILF,2020-09-08,22.34000015258789,22.549999237060547,22.1299991607666,22.25,22.1299991607666,1110200,False
ILF,2020-09-09,22.709999084472656,22.829999923706055,22.579999923706055,22.770000457763672,22.579999923706055,1748700,False
ILF,2020-09-10,22.790000915527344,22.899999618530273,22.209999084472656,22.209999084472656,22.209999084472656,1702700,False
ILF,2020-09-11,22.510000228881836,22.559999465942383,22.209999084472656,22.360000610351562,22.209999084472656,1278200,False
ILF,2020-09-14,22.600000381469727,22.950000762939453,22.5,22.920000076293945,22.5,1024800,False
ILF,2020-09-15,23.010000228881836,23.110000610351562,22.780000686645508,22.799999237060547,22.780000686645508,963400,False
ILF,2020-09-16,22.920000076293945,23.1200008392334,22.809999465942383,22.889999389648438,22.809999465942383,864600,False
ILF,2020-09-17,22.5,22.969999313354492,22.40999984741211,22.93000030517578,22.40999984741211,498800,False
ILF,2020-09-18,22.770000457763672,22.829999923706055,22.1299991607666,22.15999984741211,22.1299991607666,1470500,False
ILF,2020-09-21,21.739999771118164,21.770000457763672,21.299999237060547,21.709999084472656,21.299999237060547,1561700,False
ILF,2020-09-22,21.809999465942383,21.940000534057617,21.469999313354492,21.610000610351562,21.469999313354492,764600,False
ILF,2020-09-23,21.40999984741211,21.459999084472656,20.799999237060547,20.81999969482422,20.799999237060547,1691500,False
ILF,2020-09-24,20.860000610351562,21.579999923706055,20.700000762939453,21.3700008392334,20.700000762939453,1490000,False
ILF,2020-09-25,20.969999313354492,21.290000915527344,20.829999923706055,21.25,20.829999923706055,2422700,False
ILF,2020-09-28,21.600000381469727,21.709999084472656,20.790000915527344,20.899999618530273,20.790000915527344,1583000,False
ILF,2020-09-29,20.8700008392334,21.079999923706055,20.6299991607666,20.6299991607666,20.6299991607666,1235900,False
ILF,2020-09-30,20.809999465942383,21.190000534057617,20.809999465942383,21.059999465942383,20.809999465942383,1925200,False
ILF,2020-10-01,21.040000915527344,21.040000915527344,20.700000762939453,20.950000762939453,20.700000762939453,1995400,False
ILF,2020-10-02,20.770000457763672,21.1200008392334,20.75,20.809999465942383,20.75,2349200,False
ILF,2020-10-05,21.09000015258789,21.549999237060547,21.020000457763672,21.520000457763672,21.020000457763672,704800,False
ILF,2020-10-06,21.670000076293945,21.8700008392334,21.15999984741211,21.229999542236328,21.15999984741211,1202700,False
ILF,2020-10-07,21.450000762939453,21.540000915527344,21.209999084472656,21.34000015258789,21.209999084472656,860300,False
ILF,2020-10-08,21.399999618530273,22.110000610351562,21.389999389648438,22.09000015258789,21.389999389648438,1722900,False
ILF,2020-10-09,22.15999984741211,22.520000457763672,22.06999969482422,22.31999969482422,22.06999969482422,2168500,False
ILF,2020-10-12,22.43000030517578,22.440000534057617,22.260000228881836,22.399999618530273,22.260000228881836,852200,False
ILF,2020-10-13,22.170000076293945,22.299999237060547,21.889999389648438,22.149999618530273,21.889999389648438,1414300,False
ILF,2020-10-14,22.260000228881836,22.3799991607666,22.1200008392334,22.18000030517578,22.1200008392334,724800,False
ILF,2020-10-15,21.860000610351562,22.170000076293945,21.739999771118164,22.010000228881836,21.739999771118164,1848200,False
ILF,2020-10-16,22.020000457763672,22.049999237060547,21.829999923706055,21.829999923706055,21.829999923706055,2040900,False
ILF,2020-10-19,22.030000686645508,22.31999969482422,21.899999618530273,21.959999084472656,21.899999618530273,1420600,False
ILF,2020-10-20,22.200000762939453,22.600000381469727,22.149999618530273,22.440000534057617,22.149999618530273,1910900,False
ILF,2020-10-21,22.43000030517578,22.8700008392334,22.399999618530273,22.579999923706055,22.399999618530273,1342700,False
ILF,2020-10-22,22.709999084472656,23.020000457763672,22.649999618530273,22.959999084472656,22.649999618530273,1965500,False
ILF,2020-10-23,23.079999923706055,23.079999923706055,22.850000381469727,22.8700008392334,22.850000381469727,1263800,False
ILF,2020-10-26,22.829999923706055,22.850000381469727,22.40999984741211,22.68000030517578,22.40999984741211,1585700,False
ILF,2020-10-27,22.670000076293945,22.670000076293945,22.190000534057617,22.209999084472656,22.190000534057617,1247400,False
ILF,2020-10-28,21.719999313354492,21.719999313354492,21.170000076293945,21.170000076293945,21.170000076293945,3128800,False
ILF,2020-10-29,21.059999465942383,21.3799991607666,20.75,21.309999465942383,20.75,5156900,False
ILF,2020-10-30,21.18000030517578,21.270000457763672,20.889999389648438,21.049999237060547,20.889999389648438,2223500,False
ILF,2020-11-02,21.270000457763672,21.309999465942383,21.030000686645508,21.239999771118164,21.030000686645508,3486600,False
ILF,2020-11-03,21.68000030517578,21.75,21.40999984741211,21.59000015258789,21.40999984741211,2468600,False
ILF,2020-11-04,21.899999618530273,22.190000534057617,21.6299991607666,21.920000076293945,21.6299991607666,750600,False
ILF,2020-11-05,22.700000762939453,23.100000381469727,22.559999465942383,23.079999923706055,22.559999465942383,1358100,False
ILF,2020-11-06,23.1200008392334,23.670000076293945,23.020000457763672,23.610000610351562,23.020000457763672,4470300,False
ILF,2020-11-09,24.760000228881836,25.040000915527344,24.309999465942383,24.469999313354492,24.309999465942383,3664900,False
ILF,2020-11-10,24.520000457763672,25.010000228881836,24.520000457763672,24.90999984741211,24.520000457763672,2483800,False
ILF,2020-11-11,24.850000381469727,25.040000915527344,24.770000457763672,25.010000228881836,24.770000457763672,3047200,False
ILF,2020-11-12,24.850000381469727,24.850000381469727,24.100000381469727,24.219999313354492,24.100000381469727,2163300,False
ILF,2020-11-13,24.280000686645508,24.760000228881836,24.280000686645508,24.739999771118164,24.280000686645508,3677600,False
ILF,2020-11-16,25.15999984741211,25.43000030517578,25.06999969482422,25.420000076293945,25.06999969482422,4790700,False
ILF,2020-11-17,25.34000015258789,26.0,25.270000457763672,25.979999542236328,25.270000457763672,1719400,False
ILF,2020-11-18,25.979999542236328,26.209999084472656,25.700000762939453,25.729999542236328,25.700000762939453,1670600,False
ILF,2020-11-19,25.809999465942383,26.020000457763672,25.56999969482422,25.950000762939453,25.56999969482422,1198500,False
ILF,2020-11-20,25.809999465942383,25.809999465942383,25.520000457763672,25.59000015258789,25.520000457763672,1037400,False
ILF,2020-11-23,25.90999984741211,25.93000030517578,25.649999618530273,25.889999389648438,25.649999618530273,1295200,False
ILF,2020-11-24,26.299999237060547,26.8700008392334,26.299999237060547,26.860000610351562,26.299999237060547,3070900,False
ILF,2020-11-25,26.780000686645508,27.030000686645508,26.690000534057617,26.969999313354492,26.690000534057617,2170600,False
ILF,2020-11-27,26.950000762939453,27.09000015258789,26.850000381469727,26.920000076293945,26.850000381469727,1024200,False
ILF,2020-11-30,26.81999969482422,26.81999969482422,26.25,26.309999465942383,26.25,1641100,False
ILF,2020-12-01,26.959999084472656,27.719999313354492,26.959999084472656,27.639999389648438,26.959999084472656,4162500,False
ILF,2020-12-02,27.399999618530273,27.8700008392334,27.31999969482422,27.850000381469727,27.31999969482422,3090800,False
ILF,2020-12-03,28.110000610351562,28.549999237060547,28.09000015258789,28.229999542236328,28.09000015258789,2023800,False
ILF,2020-12-04,28.440000534057617,28.770000457763672,28.440000534057617,28.719999313354492,28.440000534057617,2538000,False
ILF,2020-12-07,28.920000076293945,28.920000076293945,28.360000610351562,28.56999969482422,28.360000610351562,1840100,False
ILF,2020-12-08,28.649999618530273,28.950000762939453,28.43000030517578,28.610000610351562,28.43000030517578,1063400,False
ILF,2020-12-09,28.639999389648438,28.729999542236328,27.989999771118164,28.260000228881836,27.989999771118164,1077900,False
ILF,2020-12-10,28.299999237060547,29.399999618530273,28.209999084472656,29.3799991607666,28.209999084472656,3413300,False
ILF,2020-12-11,29.059999465942383,29.219999313354492,28.8700008392334,29.110000610351562,28.8700008392334,2741300,False
ILF,2020-12-14,28.940000534057617,29.059999465942383,28.43000030517578,28.540000915527344,28.43000030517578,1238800,False
ILF,2020-12-15,28.809999465942383,29.149999618530273,28.68000030517578,29.09000015258789,28.68000030517578,702300,False
ILF,2020-12-16,29.040000915527344,29.469999313354492,28.81999969482422,29.459999084472656,28.81999969482422,2241500,False
ILF,2020-12-17,29.760000228881836,29.969999313354492,29.68000030517578,29.829999923706055,29.68000030517578,6862800,False
ILF,2020-12-18,29.780000686645508,29.920000076293945,29.3799991607666,29.540000915527344,29.3799991607666,2814700,False
ILF,2020-12-21,28.649999618530273,29.1299991607666,28.600000381469727,28.829999923706055,28.600000381469727,2033900,False
ILF,2020-12-22,28.8799991607666,29.020000457763672,28.610000610351562,28.770000457763672,28.610000610351562,2129400,False
ILF,2020-12-23,28.969999313354492,29.18000030517578,28.920000076293945,29.06999969482422,28.920000076293945,877200,False
ILF,2020-12-24,29.1299991607666,29.200000762939453,28.90999984741211,29.200000762939453,28.90999984741211,491200,False
ILF,2020-12-28,29.18000030517578,29.239999771118164,28.8700008392334,29.149999618530273,28.8700008392334,829800,False
ILF,2020-12-29,29.5,29.559999465942383,29.209999084472656,29.469999313354492,29.209999084472656,1085000,False
ILF,2020-12-30,29.520000457763672,29.729999542236328,29.459999084472656,29.510000228881836,29.459999084472656,401200,False
ILF,2020-12-31,29.59000015258789,29.59000015258789,29.309999465942383,29.350000381469727,29.309999465942383,1352900,False
ILF,2021-01-04,29.920000076293945,30.100000381469727,29.200000762939453,29.329999923706055,29.200000762939453,1085900,False
ILF,2021-01-05,28.940000534057617,29.719999313354492,28.899999618530273,29.649999618530273,28.899999618530273,1869600,False
ILF,2021-01-06,29.65999984741211,30.450000762939453,29.65999984741211,29.979999542236328,29.65999984741211,1929300,False
ILF,2021-01-07,30.239999771118164,30.3799991607666,29.969999313354492,30.350000381469727,29.969999313354492,2651600,False
ILF,2021-01-08,30.690000534057617,30.75,30.280000686645508,30.610000610351562,30.280000686645508,2994900,False
ILF,2021-01-11,29.899999618530273,30.09000015258789,29.690000534057617,29.84000015258789,29.690000534057617,1510300,False
ILF,2021-01-12,30.0,30.6200008392334,29.920000076293945,30.56999969482422,29.920000076293945,3575000,False
ILF,2021-01-13,30.350000381469727,30.469999313354492,29.850000381469727,29.979999542236328,29.850000381469727,6334300,False
ILF,2021-01-14,30.280000686645508,30.8700008392334,30.1299991607666,30.770000457763672,30.1299991607666,1200700,False
ILF,2021-01-15,30.0,30.06999969482422,29.600000381469727,29.6299991607666,29.600000381469727,1110100,False
ILF,2021-01-19,29.989999771118164,29.989999771118164,29.399999618530273,29.59000015258789,29.399999618530273,1290200,False
ILF,2021-01-20,29.899999618530273,29.940000534057617,29.43000030517578,29.559999465942383,29.43000030517578,855800,False
ILF,2021-01-21,29.59000015258789,29.600000381469727,28.950000762939453,29.049999237060547,28.950000762939453,2400000,False
ILF,2021-01-22,28.450000762939453,28.56999969482422,28.190000534057617,28.479999542236328,28.190000534057617,6493700,False
ILF,2021-01-25,28.360000610351562,28.399999618530273,27.760000228881836,28.1200008392334,27.760000228881836,13041500,False
ILF,2021-01-26,28.690000534057617,28.739999771118164,28.329999923706055,28.389999389648438,28.329999923706055,5324300,False
ILF,2021-01-27,28.020000457763672,28.260000228881836,27.489999771118164,27.729999542236328,27.489999771118164,1692900,False
ILF,2021-01-28,27.81999969482422,28.34000015258789,27.81999969482422,28.219999313354492,27.81999969482422,965400,False
ILF,2021-01-29,27.760000228881836,27.850000381469727,27.1299991607666,27.15999984741211,27.1299991607666,1252900,False
ILF,2021-02-01,27.709999084472656,27.969999313354492,27.329999923706055,27.899999618530273,27.329999923706055,1897200,False
ILF,2021-02-02,28.510000228881836,28.579999923706055,28.219999313354492,28.329999923706055,28.219999313354492,1865500,False
ILF,2021-02-03,28.579999923706055,28.68000030517578,28.270000457763672,28.440000534057617,28.270000457763672,1196400,False
ILF,2021-02-04,28.43000030517578,28.469999313354492,28.139999389648438,28.260000228881836,28.139999389648438,2390900,False
ILF,2021-02-05,28.709999084472656,29.09000015258789,28.700000762939453,28.860000610351562,28.700000762939453,1039700,False
ILF,2021-02-08,28.739999771118164,29.110000610351562,28.649999618530273,28.8799991607666,28.649999618530273,1681500,False
ILF,2021-02-09,28.489999771118164,29.079999923706055,28.399999618530273,29.020000457763672,28.399999618530273,668000,False
ILF,2021-02-10,28.959999084472656,29.110000610351562,28.719999313354492,28.940000534057617,28.719999313354492,2157900,False
ILF,2021-02-11,29.239999771118164,29.290000915527344,28.770000457763672,28.940000534057617,28.770000457763672,1076200,False
ILF,2021-02-12,28.709999084472656,29.219999313354492,28.6299991607666,29.100000381469727,28.6299991607666,2271500,False
ILF,2021-02-16,29.329999923706055,29.59000015258789,29.149999618530273,29.360000610351562,29.149999618530273,903800,False
ILF,2021-02-17,29.190000534057617,29.350000381469727,29.0,29.34000015258789,29.0,823200,False
ILF,2021-02-18,29.170000076293945,29.25,28.719999313354492,28.860000610351562,28.719999313354492,652800,False
ILF,2021-02-19,28.84000015258789,29.200000762939453,28.790000915527344,28.940000534057617,28.790000915527344,406200,False
ILF,2021-02-22,27.190000534057617,27.84000015258789,27.15999984741211,27.360000610351562,27.15999984741211,1879500,True
ILF,2021-02-23,27.56999969482422,28.200000762939453,27.229999542236328,28.1200008392334,27.229999542236328,1349000,False
ILF,2021-02-24,28.0,28.459999084472656,27.969999313354492,28.399999618530273,27.969999313354492,1100100,False
ILF,2021-02-25,28.270000457763672,28.309999465942383,26.979999542236328,27.059999465942383,26.979999542236328,2323300,False
ILF,2021-02-26,27.280000686645508,27.299999237060547,26.5,26.530000686645508,26.5,2064500,False
ILF,2021-03-01,26.8700008392334,27.260000228881836,26.780000686645508,26.809999465942383,26.780000686645508,1516800,False
ILF,2021-03-02,26.450000762939453,27.350000381469727,26.329999923706055,27.139999389648438,26.329999923706055,1478100,False
ILF,2021-03-03,26.75,27.299999237060547,26.299999237060547,27.049999237060547,26.299999237060547,1863000,False
ILF,2021-03-04,27.459999084472656,27.690000534057617,26.540000915527344,26.81999969482422,26.540000915527344,1333600,False
ILF,2021-03-05,27.260000228881836,27.360000610351562,26.639999389648438,27.280000686645508,26.639999389648438,990900,False
ILF,2021-03-08,26.920000076293945,27.200000762939453,26.280000686645508,26.31999969482422,26.280000686645508,4224300,False
ILF,2021-03-09,26.420000076293945,26.940000534057617,26.18000030517578,26.68000030517578,26.18000030517578,1752700,False
ILF,2021-03-10,27.06999969482422,27.479999542236328,26.790000915527344,27.440000534057617,26.790000915527344,813000,False
ILF,2021-03-11,27.90999984741211,28.389999389648438,27.790000915527344,28.309999465942383,27.790000915527344,1006900,False
ILF,2021-03-12,27.829999923706055,27.989999771118164,27.739999771118164,27.950000762939453,27.739999771118164,968100,False
ILF,2021-03-15,27.829999923706055,27.889999389648438,27.59000015258789,27.8700008392334,27.59000015258789,1459000,False
ILF,2021-03-16,28.020000457763672,28.049999237060547,27.559999465942383,27.670000076293945,27.559999465942383,1462700,False
ILF,2021-03-17,27.440000534057617,28.190000534057617,27.31999969482422,28.09000015258789,27.31999969482422,1443500,False
ILF,2021-03-18,27.90999984741211,28.219999313354492,27.6200008392334,27.65999984741211,27.6200008392334,1324600,False
ILF,2021-03-19,27.899999618530273,28.190000534057617,27.610000610351562,27.979999542236328,27.610000610351562,1046200,False
ILF,2021-03-22,27.6299991607666,27.84000015258789,27.440000534057617,27.75,27.440000534057617,422500,False
ILF,2021-03-23,27.56999969482422,27.829999923706055,27.1299991607666,27.149999618530273,27.1299991607666,344200,False
ILF,2021-03-24,27.170000076293945,27.40999984741211,26.709999084472656,26.709999084472656,26.709999084472656,2041500,False
ILF,2021-03-25,26.56999969482422,26.979999542236328,26.399999618530273,26.920000076293945,26.399999618530273,3515300,False
ILF,2021-03-26,27.139999389648438,27.270000457763672,26.6299991607666,27.139999389648438,26.6299991607666,472200,False
ILF,2021-03-29,26.84000015258789,27.1200008392334,26.65999984741211,27.020000457763672,26.65999984741211,1385500,False
ILF,2021-03-30,26.979999542236328,27.360000610351562,26.950000762939453,27.31999969482422,26.950000762939453,668500,False
ILF,2021-03-31,27.350000381469727,27.700000762939453,27.350000381469727,27.610000610351562,27.350000381469727,366500,False
ILF,2021-04-01,27.639999389648438,27.799999237060547,27.309999465942383,27.360000610351562,27.309999465942383,803900,False
ILF,2021-04-05,27.8799991607666,27.950000762939453,27.760000228881836,27.950000762939453,27.760000228881836,537000,False
ILF,2021-04-06,27.979999542236328,28.260000228881836,27.959999084472656,28.110000610351562,27.959999084472656,609900,False
ILF,2021-04-07,28.079999923706055,28.260000228881836,27.8700008392334,27.959999084472656,27.8700008392334,1178200,False
ILF,2021-04-08,28.219999313354492,28.559999465942383,28.059999465942383,28.440000534057617,28.059999465942383,1306100,False
ILF,2021-04-09,28.09000015258789,28.190000534057617,27.889999389648438,27.920000076293945,27.889999389648438,736300,False
ILF,2021-04-12,28.020000457763672,28.059999465942383,27.690000534057617,27.799999237060547,27.690000534057617,706200,False
ILF,2021-04-13,27.65999984741211,28.1299991607666,27.6200008392334,27.8799991607666,27.6200008392334,889800,False
ILF,2021-04-14,27.959999084472656,28.579999923706055,27.950000762939453,28.459999084472656,27.950000762939453,597000,False
ILF,2021-04-15,28.8700008392334,28.8799991607666,28.6200008392334,28.709999084472656,28.6200008392334,2629600,False
ILF,2021-04-16,28.639999389648438,29.010000228881836,28.530000686645508,28.8799991607666,28.530000686645508,1901600,False
ILF,2021-04-19,28.84000015258789,29.06999969482422,28.75,28.889999389648438,28.75,1254500,False
ILF,2021-04-20,28.889999389648438,28.889999389648438,28.489999771118164,28.559999465942383,28.489999771118164,995300,False
ILF,2021-04-21,28.43000030517578,28.780000686645508,28.299999237060547,28.75,28.299999237060547,701800,False
ILF,2021-04-22,28.940000534057617,28.940000534057617,28.56999969482422,28.799999237060547,28.56999969482422,1521400,False
ILF,2021-04-23,28.940000534057617,29.040000915527344,28.700000762939453,28.8799991607666,28.700000762939453,690800,False
ILF,2021-04-26,29.09000015258789,29.219999313354492,28.959999084472656,29.110000610351562,28.959999084472656,2500300,False
ILF,2021-04-27,29.06999969482422,29.309999465942383,28.829999923706055,28.860000610351562,28.829999923706055,1534800,False
ILF,2021-04-28,29.149999618530273,29.479999542236328,29.110000610351562,29.389999389648438,29.110000610351562,1488300,False
ILF,2021-04-29,29.43000030517578,29.479999542236328,28.969999313354492,29.209999084472656,28.969999313354492,1304700,False
ILF,2021-04-30,28.829999923706055,28.989999771118164,28.350000381469727,28.3799991607666,28.350000381469727,2092200,False
ILF,2021-05-03,28.5,28.790000915527344,28.459999084472656,28.549999237060547,28.459999084472656,1023400,False
ILF,2021-05-04,28.31999969482422,28.450000762939453,28.100000381469727,28.280000686645508,28.100000381469727,1175700,False
ILF,2021-05-05,28.600000381469727,28.899999618530273,28.56999969482422,28.799999237060547,28.56999969482422,843200,False
ILF,2021-05-06,29.030000686645508,29.389999389648438,29.0,29.389999389648438,29.0,1478000,False
ILF,2021-05-07,29.68000030517578,30.059999465942383,29.6200008392334,30.040000915527344,29.6200008392334,2017700,False
ILF,2021-05-10,30.209999084472656,30.459999084472656,30.139999389648438,30.190000534057617,30.139999389648438,1931700,False
ILF,2021-05-11,29.649999618530273,30.31999969482422,29.649999618530273,30.299999237060547,29.649999618530273,2919600,False
ILF,2021-05-12,29.889999389648438,30.18000030517578,29.299999237060547,29.309999465942383,29.299999237060547,2289800,False
ILF,2021-05-13,29.299999237060547,29.780000686645508,29.190000534057617,29.459999084472656,29.190000534057617,1901400,False
ILF,2021-05-14,29.809999465942383,30.049999237060547,29.770000457763672,30.020000457763672,29.770000457763672,2799400,False
ILF,2021-05-17,29.700000762939453,30.110000610351562,29.579999923706055,30.030000686645508,29.579999923706055,1111700,False
ILF,2021-05-18,30.200000762939453,30.34000015258789,30.059999465942383,30.149999618530273,30.059999465942383,1153500,False
ILF,2021-05-19,29.700000762939453,29.8700008392334,29.40999984741211,29.6299991607666,29.40999984741211,2375600,False
ILF,2021-05-20,29.709999084472656,29.81999969482422,29.56999969482422,29.799999237060547,29.56999969482422,3566300,False
ILF,2021-05-21,29.709999084472656,29.799999237060547,29.260000228881836,29.479999542236328,29.260000228881836,3300400,False
ILF,2021-05-24,29.6299991607666,29.700000762939453,29.510000228881836,29.6299991607666,29.510000228881836,1783000,False
ILF,2021-05-25,29.780000686645508,29.81999969482422,29.190000534057617,29.229999542236328,29.190000534057617,4116700,False
ILF,2021-05-26,29.34000015258789,29.700000762939453,29.34000015258789,29.6299991607666,29.34000015258789,1709000,False
ILF,2021-05-27,29.799999237060547,30.049999237060547,29.780000686645508,30.040000915527344,29.780000686645508,1409000,False
ILF,2021-05-28,30.18000030517578,30.670000076293945,30.139999389648438,30.6299991607666,30.139999389648438,1571600,False
ILF,2021-06-01,31.530000686645508,31.639999389648438,31.299999237060547,31.479999542236328,31.299999237060547,1487900,False
ILF,2021-06-02,31.3700008392334,32.13999938964844,31.329999923706055,32.06999969482422,31.329999923706055,2090200,False
ILF,2021-06-03,31.790000915527344,31.850000381469727,31.600000381469727,31.760000228881836,31.600000381469727,1326400,False
ILF,2021-06-04,32.09000015258789,32.290000915527344,31.8799991607666,32.279998779296875,31.8799991607666,1200300,False
ILF,2021-06-07,32.15999984741211,32.52000045776367,32.09000015258789,32.40999984741211,32.09000015258789,921800,False
ILF,2021-06-08,32.220001220703125,32.439998626708984,32.0099983215332,32.189998626708984,32.0099983215332,877200,False
ILF,2021-06-09,32.18000030517578,32.27000045776367,32.0099983215332,32.02000045776367,32.0099983215332,2141800,False
ILF,2021-06-10,31.780000686645508,31.959999084472656,31.559999465942383,31.719999313354492,31.559999465942383,3059800,False
ILF,2021-06-11,31.670000076293945,31.709999084472656,31.329999923706055,31.559999465942383,31.329999923706055,804400,False
ILF,2021-06-14,31.81999969482422,32.0099983215332,31.649999618530273,31.75,31.649999618530273,2027800,False
ILF,2021-06-15,31.690000534057617,31.709999084472656,31.260000228881836,31.68000030517578,31.260000228881836,891400,False
ILF,2021-06-16,31.639999389648438,31.790000915527344,31.010000228881836,31.31999969482422,31.010000228881836,1178300,False
ILF,2021-06-17,31.489999771118164,31.579999923706055,30.899999618530273,31.040000915527344,30.899999618530273,1801000,False
ILF,2021-06-18,31.110000610351562,31.170000076293945,30.700000762939453,30.90999984741211,30.700000762939453,1187100,False
ILF,2021-06-21,31.059999465942383,31.350000381469727,30.920000076293945,31.299999237060547,30.920000076293945,760500,False
ILF,2021-06-22,31.06999969482422,31.579999923706055,30.920000076293945,31.540000915527344,30.920000076293945,799200,False
ILF,2021-06-23,31.690000534057617,31.989999771118164,31.559999465942383,31.600000381469727,31.559999465942383,1182500,False
ILF,2021-06-24,31.959999084472656,32.36000061035156,31.850000381469727,32.279998779296875,31.850000381469727,1237400,False
ILF,2021-06-25,32.369998931884766,32.439998626708984,31.690000534057617,31.829999923706055,31.690000534057617,1634700,False
ILF,2021-06-28,31.889999389648438,31.920000076293945,31.479999542236328,31.760000228881836,31.479999542236328,1228000,False
ILF,2021-06-29,31.690000534057617,31.799999237060547,31.469999313354492,31.790000915527344,31.469999313354492,999600,False
ILF,2021-06-30,31.450000762939453,31.6299991607666,31.299999237060547,31.520000457763672,31.299999237060547,1535000,False
ILF,2021-07-01,31.639999389648438,31.68000030517578,30.920000076293945,31.010000228881836,30.920000076293945,1321300,False
ILF,2021-07-02,31.3700008392334,31.530000686645508,30.979999542236328,31.459999084472656,30.979999542236328,719000,False
ILF,2021-07-06,30.8700008392334,30.93000030517578,30.229999542236328,30.229999542236328,30.229999542236328,1135700,False
ILF,2021-07-07,30.440000534057617,30.559999465942383,29.940000534057617,30.3700008392334,29.940000534057617,1506200,False
ILF,2021-07-08,29.719999313354492,29.979999542236328,29.43000030517578,29.829999923706055,29.43000030517578,1377900,False
ILF,2021-07-09,30.18000030517578,30.43000030517578,30.010000228881836,30.31999969482422,30.010000228881836,1199700,False
ILF,2021-07-12,30.209999084472656,30.6299991607666,30.1299991607666,30.59000015258789,30.1299991607666,967700,False
ILF,2021-07-13,30.479999542236328,30.56999969482422,30.299999237060547,30.479999542236328,30.299999237060547,1406500,False
ILF,2021-07-14,31.06999969482422,31.1200008392334,30.719999313354492,30.850000381469727,30.719999313354492,857600,False
ILF,2021-07-15,30.770000457763672,30.989999771118164,30.450000762939453,30.670000076293945,30.450000762939453,1693300,False
ILF,2021-07-16,30.780000686645508,30.850000381469727,30.280000686645508,30.34000015258789,30.280000686645508,1459000,False
ILF,2021-07-19,29.709999084472656,29.780000686645508,29.229999542236328,29.3700008392334,29.229999542236328,1343600,False
ILF,2021-07-20,29.1299991607666,29.8799991607666,29.040000915527344,29.709999084472656,29.040000915527344,1478200,False
ILF,2021-07-21,29.690000534057617,30.299999237060547,29.690000534057617,30.200000762939453,29.690000534057617,1390500,False
ILF,2021-07-22,30.229999542236328,30.280000686645508,29.920000076293945,30.1299991607666,29.920000076293945,477300,False
ILF,2021-07-23,30.260000228881836,30.309999465942383,29.829999923706055,30.010000228881836,29.829999923706055,1712600,False
ILF,2021-07-26,29.899999618530273,30.530000686645508,29.850000381469727,30.459999084472656,29.850000381469727,1460100,False
ILF,2021-07-27,30.25,30.34000015258789,29.969999313354492,30.209999084472656,29.969999313354492,868600,False
ILF,2021-07-28,30.40999984741211,30.969999313354492,30.3700008392334,30.860000610351562,30.3700008392334,1739000,False
ILF,2021-07-29,31.0,31.18000030517578,30.8799991607666,31.079999923706055,30.8799991607666,1133400,False
ILF,2021-07-30,30.670000076293945,30.889999389648438,29.65999984741211,29.700000762939453,29.65999984741211,1171300,False
ILF,2021-08-02,30.3700008392334,30.59000015258789,29.8799991607666,29.889999389648438,29.8799991607666,5258500,False
ILF,2021-08-03,29.639999389648438,30.200000762939453,29.31999969482422,30.139999389648438,29.31999969482422,1752800,False
ILF,2021-08-04,30.1200008392334,30.1200008392334,29.450000762939453,29.709999084472656,29.450000762939453,1677800,False
ILF,2021-08-05,30.139999389648438,30.350000381469727,29.670000076293945,29.75,29.670000076293945,1534500,False
ILF,2021-08-06,29.899999618530273,29.989999771118164,29.6299991607666,29.829999923706055,29.6299991607666,1310800,False
ILF,2021-08-09,29.809999465942383,29.93000030517578,29.479999542236328,29.729999542236328,29.479999542236328,821500,False
ILF,2021-08-10,29.719999313354492,30.100000381469727,29.6299991607666,29.889999389648438,29.6299991607666,722200,False
ILF,2021-08-11,29.8799991607666,30.1299991607666,29.719999313354492,30.059999465942383,29.719999313354492,1151200,False
ILF,2021-08-12,29.860000610351562,29.950000762939453,29.610000610351562,29.65999984741211,29.610000610351562,1615800,False
ILF,2021-08-13,29.670000076293945,29.950000762939453,29.530000686645508,29.850000381469727,29.530000686645508,853700,False
ILF,2021-08-16,29.670000076293945,29.670000076293945,29.270000457763672,29.299999237060547,29.270000457763672,580800,False
ILF,2021-08-17,29.020000457763672,29.34000015258789,28.690000534057617,29.139999389648438,28.690000534057617,817100,False
ILF,2021-08-18,28.90999984741211,29.149999618530273,28.579999923706055,28.600000381469727,28.579999923706055,1476200,False
ILF,2021-08-19,28.0,28.25,27.809999465942383,28.100000381469727,27.809999465942383,2025000,False
ILF,2021-08-20,27.770000457763672,28.280000686645508,27.719999313354492,28.25,27.719999313354492,2387700,False
ILF,2021-08-23,28.389999389648438,28.510000228881836,28.239999771118164,28.450000762939453,28.239999771118164,885100,False
ILF,2021-08-24,28.8700008392334,29.43000030517578,28.809999465942383,29.290000915527344,28.809999465942383,1582200,False
ILF,2021-08-25,29.219999313354492,29.59000015258789,29.049999237060547,29.59000015258789,29.049999237060547,1283800,False
ILF,2021-08-26,29.290000915527344,29.43000030517578,28.979999542236328,29.030000686645508,28.979999542236328,1202500,False
ILF,2021-08-27,29.190000534057617,29.75,29.1200008392334,29.75,29.1200008392334,1592600,False
ILF,2021-08-30,29.670000076293945,29.790000915527344,29.420000076293945,29.649999618530273,29.420000076293945,1298100,False
ILF,2021-08-31,29.8700008392334,30.0,29.469999313354492,29.59000015258789,29.469999313354492,1186300,False
ILF,2021-09-01,29.649999618530273,29.790000915527344,29.450000762939453,29.510000228881836,29.450000762939453,844800,False
ILF,2021-09-02,29.350000381469727,29.559999465942383,29.030000686645508,29.100000381469727,29.030000686645508,1686700,False
ILF,2021-09-03,29.149999618530273,29.280000686645508,28.93000030517578,29.0,28.93000030517578,946400,False
ILF,2021-09-07,29.100000381469727,29.5,28.989999771118164,29.040000915527344,28.989999771118164,856900,False
ILF,2021-09-08,28.6299991607666,28.690000534057617,27.770000457763672,27.780000686645508,27.770000457763672,1225300,False
ILF,2021-09-09,27.889999389648438,28.459999084472656,27.610000610351562,28.25,27.610000610351562,2255600,False
ILF,2021-09-10,28.549999237060547,28.649999618530273,28.15999984741211,28.190000534057617,28.15999984741211,886800,False
ILF,2021-09-13,28.549999237060547,28.739999771118164,28.440000534057617,28.510000228881836,28.440000534057617,1306800,False
ILF,2021-09-14,28.670000076293945,28.670000076293945,28.229999542236328,28.290000915527344,28.229999542236328,1221700,False
ILF,2021-09-15,28.25,28.3799991607666,28.139999389648438,28.31999969482422,28.139999389648438,636800,False
ILF,2021-09-16,28.0,28.059999465942383,27.719999313354492,28.020000457763672,27.719999313354492,596900,False
ILF,2021-09-17,27.760000228881836,27.760000228881836,27.260000228881836,27.34000015258789,27.260000228881836,899500,False
ILF,2021-09-20,26.809999465942383,26.829999923706055,26.200000762939453,26.59000015258789,26.200000762939453,1550800,False
ILF,2021-09-21,26.75,27.06999969482422,26.540000915527344,26.93000030517578,26.540000915527344,2360200,False
ILF,2021-09-22,27.34000015258789,27.75,27.280000686645508,27.399999618530273,27.280000686645508,1338300,False
ILF,2021-09-23,27.420000076293945,27.8700008392334,27.420000076293945,27.670000076293945,27.420000076293945,1786600,False
ILF,2021-09-24,27.299999237060547,27.5,27.290000915527344,27.309999465942383,27.290000915527344,976200,False
ILF,2021-09-27,27.299999237060547,27.6299991607666,27.200000762939453,27.450000762939453,27.200000762939453,1286300,False
ILF,2021-09-28,27.270000457763672,27.280000686645508,26.479999542236328,26.540000915527344,26.479999542236328,910100,False
ILF,2021-09-29,26.670000076293945,26.899999618530273,26.450000762939453,26.59000015258789,26.450000762939453,808800,False
ILF,2021-09-30,26.75,26.90999984741211,26.459999084472656,26.540000915527344,26.459999084472656,1769800,False
ILF,2021-10-01,26.899999618530273,27.190000534057617,26.709999084472656,27.110000610351562,26.709999084472656,913000,False
ILF,2021-10-04,26.6200008392334,26.950000762939453,26.450000762939453,26.510000228881836,26.450000762939453,1211800,False
ILF,2021-10-05,26.5,26.739999771118164,26.3700008392334,26.3799991607666,26.3700008392334,531900,False
ILF,2021-10-06,26.010000228881836,26.440000534057617,25.790000915527344,26.3799991607666,25.790000915527344,968900,False
ILF,2021-10-07,26.469999313354492,26.670000076293945,26.360000610351562,26.3799991607666,26.360000610351562,1889700,False
ILF,2021-10-08,26.75,26.850000381469727,26.510000228881836,26.559999465942383,26.510000228881836,2523500,False
ILF,2021-10-11,26.6200008392334,26.760000228881836,26.299999237060547,26.299999237060547,26.299999237060547,587200,False
ILF,2021-10-12,26.3799991607666,26.540000915527344,26.31999969482422,26.3700008392334,26.31999969482422,951200,False
ILF,2021-10-13,26.420000076293945,26.68000030517578,26.219999313354492,26.6200008392334,26.219999313354492,1002700,False
ILF,2021-10-14,26.709999084472656,26.760000228881836,26.540000915527344,26.6299991607666,26.540000915527344,1513700,False
ILF,2021-10-15,26.670000076293945,27.329999923706055,26.670000076293945,27.31999969482422,26.670000076293945,1222000,False
ILF,2021-10-18,26.899999618530273,27.170000076293945,26.719999313354492,27.06999969482422,26.719999313354492,651900,False
ILF,2021-10-19,26.829999923706055,26.829999923706055,26.329999923706055,26.459999084472656,26.329999923706055,1108100,False
ILF,2021-10-20,26.549999237060547,26.889999389648438,26.420000076293945,26.709999084472656,26.420000076293945,665400,False
ILF,2021-10-21,26.149999618530273,26.200000762939453,25.510000228881836,25.860000610351562,25.510000228881836,1094000,False
ILF,2021-10-22,25.649999618530273,25.920000076293945,25.059999465942383,25.760000228881836,25.059999465942383,1267800,False
ILF,2021-10-25,26.06999969482422,26.549999237060547,26.040000915527344,26.469999313354492,26.040000915527344,1324400,False
ILF,2021-10-26,26.270000457763672,26.3799991607666,26.06999969482422,26.219999313354492,26.06999969482422,3773000,False
ILF,2021-10-27,26.420000076293945,26.420000076293945,25.799999237060547,25.8799991607666,25.799999237060547,2749900,False
ILF,2021-10-28,25.790000915527344,25.920000076293945,25.559999465942383,25.690000534057617,25.559999465942383,1498700,False
ILF,2021-10-29,25.540000915527344,25.610000610351562,25.059999465942383,25.079999923706055,25.059999465942383,1698000,False
ILF,2021-11-01,25.170000076293945,25.40999984741211,25.15999984741211,25.3700008392334,25.15999984741211,852900,False
ILF,2021-11-02,25.100000381469727,25.170000076293945,24.8700008392334,24.969999313354492,24.8700008392334,707700,False
ILF,2021-11-03,25.100000381469727,25.479999542236328,24.8799991607666,25.34000015258789,24.8799991607666,1500400,False
ILF,2021-11-04,25.280000686645508,25.309999465942383,24.809999465942383,24.93000030517578,24.809999465942383,1905000,False
ILF,2021-11-05,25.219999313354492,25.440000534057617,25.139999389648438,25.270000457763672,25.139999389648438,929100,False
ILF,2021-11-08,25.260000228881836,25.559999465942383,25.260000228881836,25.3799991607666,25.260000228881836,832000,False
ILF,2021-11-09,25.780000686645508,25.799999237060547,25.420000076293945,25.579999923706055,25.420000076293945,952100,False
ILF,2021-11-10,25.700000762939453,25.81999969482422,25.31999969482422,25.40999984741211,25.31999969482422,1091800,False
ILF,2021-11-11,25.979999542236328,26.15999984741211,25.860000610351562,25.920000076293945,25.860000610351562,950500,False
ILF,2021-11-12,25.690000534057617,25.850000381469727,25.56999969482422,25.68000030517578,25.56999969482422,1243500,False
ILF,2021-11-15,25.700000762939453,25.719999313354492,25.549999237060547,25.56999969482422,25.549999237060547,1721900,False
ILF,2021-11-16,25.399999618530273,25.440000534057617,25.040000915527344,25.100000381469727,25.040000915527344,1323300,False
ILF,2021-11-17,25.100000381469727,25.100000381469727,24.530000686645508,24.56999969482422,24.530000686645508,1838500,False
ILF,2021-11-18,24.43000030517578,24.440000534057617,24.049999237060547,24.1299991607666,24.049999237060547,3464500,False
ILF,2021-11-19,24.329999923706055,24.420000076293945,24.079999923706055,24.09000015258789,24.079999923706055,1467900,False
ILF,2021-11-22,24.510000228881836,24.65999984741211,24.229999542236328,24.260000228881836,24.229999542236328,1461900,False
ILF,2021-11-23,24.219999313354492,24.540000915527344,24.0,24.489999771118164,24.0,1572100,False
ILF,2021-11-24,24.360000610351562,24.59000015258789,24.209999084472656,24.540000915527344,24.209999084472656,832100,False
ILF,2021-11-26,23.93000030517578,23.989999771118164,23.639999389648438,23.940000534057617,23.639999389648438,918000,False
ILF,2021-11-29,24.18000030517578,24.229999542236328,23.760000228881836,24.0,23.760000228881836,1250000,False
ILF,2021-11-30,24.06999969482422,24.110000610351562,23.5,23.790000915527344,23.5,1375400,False
ILF,2021-12-01,24.34000015258789,24.540000915527344,23.59000015258789,23.59000015258789,23.59000015258789,1771500,False
ILF,2021-12-02,23.950000762939453,24.610000610351562,23.950000762939453,24.59000015258789,23.950000762939453,1923900,False
ILF,2021-12-03,24.920000076293945,24.959999084472656,24.229999542236328,24.40999984741211,24.229999542236328,983600,False
ILF,2021-12-06,24.600000381469727,24.829999923706055,24.43000030517578,24.739999771118164,24.43000030517578,740900,False
ILF,2021-12-07,25.06999969482422,25.239999771118164,25.06999969482422,25.209999084472656,25.06999969482422,1051600,False
ILF,2021-12-08,25.260000228881836,25.5,25.260000228881836,25.489999771118164,25.260000228881836,865400,False
ILF,2021-12-09,25.139999389648438,25.18000030517578,24.989999771118164,25.06999969482422,24.989999771118164,2521600,False
ILF,2021-12-10,25.200000762939453,25.25,25.030000686645508,25.149999618530273,25.030000686645508,1345400,False
ILF,2021-12-13,23.6299991607666,23.700000762939453,23.06999969482422,23.100000381469727,23.06999969482422,11742900,True
ILF,2021-12-14,23.110000610351562,23.34000015258789,22.93000030517578,22.950000762939453,22.93000030517578,7133900,False
ILF,2021-12-15,22.899999618530273,23.079999923706055,22.59000015258789,23.079999923706055,22.59000015258789,1968300,False
ILF,2021-12-16,23.270000457763672,23.559999465942383,23.200000762939453,23.450000762939453,23.200000762939453,2122700,False
ILF,2021-12-17,23.260000228881836,23.540000915527344,23.139999389648438,23.3700008392334,23.139999389648438,1519600,False
ILF,2021-12-20,22.93000030517578,22.93000030517578,22.56999969482422,22.670000076293945,22.56999969482422,1888700,False
ILF,2021-12-21,22.81999969482422,22.920000076293945,22.760000228881836,22.860000610351562,22.760000228881836,1296600,False
ILF,2021-12-22,22.739999771118164,23.1200008392334,22.670000076293945,23.110000610351562,22.670000076293945,1922000,False
ILF,2021-12-23,23.0,23.209999084472656,22.959999084472656,23.1299991607666,22.959999084472656,1193500,False
ILF,2021-12-27,23.290000915527344,23.459999084472656,23.1200008392334,23.459999084472656,23.1200008392334,1264300,False
ILF,2021-12-28,23.3700008392334,23.510000228881836,23.309999465942383,23.350000381469727,23.309999465942383,758000,False
ILF,2021-12-29,23.360000610351562,23.399999618530273,23.030000686645508,23.030000686645508,23.030000686645508,569200,False
ILF,2021-12-30,23.309999465942383,23.59000015258789,23.309999465942383,23.510000228881836,23.309999465942383,1072100,False
ILF,2021-12-31,23.520000457763672,23.6200008392334,23.43000030517578,23.459999084472656,23.43000030517578,562500,False
ILF,2022-01-03,23.299999237060547,23.440000534057617,23.290000915527344,23.299999237060547,23.290000915527344,856600,False
ILF,2022-01-04,23.209999084472656,23.479999542236328,23.170000076293945,23.229999542236328,23.170000076293945,897200,False
ILF,2022-01-05,23.219999313354492,23.43000030517578,22.809999465942383,22.84000015258789,22.809999465942383,1211900,False
ILF,2022-01-06,23.040000915527344,23.209999084472656,22.940000534057617,23.110000610351562,22.940000534057617,1107100,False
ILF,2022-01-07,23.170000076293945,23.579999923706055,23.170000076293945,23.579999923706055,23.170000076293945,721600,False
ILF,2022-01-10,23.479999542236328,23.520000457763672,23.149999618530273,23.31999969482422,23.149999618530273,888800,False
ILF,2022-01-11,23.479999542236328,24.020000457763672,23.399999618530273,24.010000228881836,23.399999618530273,2813700,False
ILF,2022-01-12,24.260000228881836,24.68000030517578,24.260000228881836,24.65999984741211,24.260000228881836,1186400,False
ILF,2022-01-13,24.649999618530273,24.84000015258789,24.59000015258789,24.670000076293945,24.59000015258789,1069800,False
ILF,2022-01-14,24.510000228881836,24.889999389648438,24.489999771118164,24.809999465942383,24.489999771118164,2811500,False
ILF,2022-01-18,24.799999237060547,24.899999618530273,24.510000228881836,24.639999389648438,24.510000228881836,2384200,False
ILF,2022-01-19,25.15999984741211,25.200000762939453,24.959999084472656,25.040000915527344,24.959999084472656,1957100,False
ILF,2022-01-20,25.40999984741211,25.489999771118164,25.030000686645508,25.040000915527344,25.030000686645508,4367500,False
ILF,2022-01-21,25.170000076293945,25.270000457763672,24.81999969482422,24.860000610351562,24.81999969482422,5411200,False
ILF,2022-01-24,24.5,24.559999465942383,23.889999389648438,24.559999465942383,23.889999389648438,2541700,False
ILF,2022-01-25,24.559999465942383,25.079999923706055,24.239999771118164,24.989999771118164,24.239999771118164,1179800,False
ILF,2022-01-26,25.3799991607666,25.59000015258789,24.940000534057617,25.1299991607666,24.940000534057617,2949300,False
ILF,2022-01-27,25.600000381469727,25.68000030517578,25.040000915527344,25.229999542236328,25.040000915527344,4088100,False
ILF,2022-01-28,25.389999389648438,25.389999389648438,24.93000030517578,25.15999984741211,24.93000030517578,1591200,False
ILF,2022-01-31,25.200000762939453,25.549999237060547,25.15999984741211,25.469999313354492,25.15999984741211,5688100,False
ILF,2022-02-01,25.559999465942383,26.0,25.559999465942383,25.979999542236328,25.559999465942383,1487400,False
ILF,2022-02-02,25.8700008392334,25.8700008392334,25.5,25.780000686645508,25.5,3057200,False
ILF,2022-02-03,25.489999771118164,25.610000610351562,25.31999969482422,25.3799991607666,25.31999969482422,1981000,False
ILF,2022-02-04,25.219999313354492,25.530000686645508,25.1200008392334,25.399999618530273,25.1200008392334,972400,False
ILF,2022-02-07,25.420000076293945,25.75,25.389999389648438,25.610000610351562,25.389999389648438,1766100,False
ILF,2022-02-08,25.510000228881836,25.93000030517578,25.43000030517578,25.920000076293945,25.43000030517578,1807600,False
ILF,2022-02-09,25.81999969482422,26.219999313354492,25.81999969482422,26.100000381469727,25.81999969482422,1956900,False
ILF,2022-02-10,26.149999618530273,26.649999618530273,26.1299991607666,26.260000228881836,26.1299991607666,2818000,False
ILF,2022-02-11,26.469999313354492,27.0,26.360000610351562,26.510000228881836,26.360000610351562,1773300,False
ILF,2022-02-14,26.610000610351562,26.639999389648438,26.31999969482422,26.440000534057617,26.31999969482422,3228800,False
ILF,2022-02-15,26.6200008392334,26.8700008392334,26.549999237060547,26.84000015258789,26.549999237060547,2392200,False
ILF,2022-02-16,26.950000762939453,27.309999465942383,26.940000534057617,27.15999984741211,26.940000534057617,2039200,False
ILF,2022-02-17,26.959999084472656,26.959999084472656,26.299999237060547,26.440000534057617,26.299999237060547,2708400,False
ILF,2022-02-18,26.59000015258789,26.649999618530273,26.299999237060547,26.350000381469727,26.299999237060547,1674400,False
ILF,2022-02-22,26.600000381469727,26.790000915527344,26.43000030517578,26.6200008392334,26.43000030517578,1915900,False
ILF,2022-02-23,26.959999084472656,26.959999084472656,26.530000686645508,26.579999923706055,26.530000686645508,6193400,False
ILF,2022-02-24,25.459999084472656,26.09000015258789,25.309999465942383,26.09000015258789,25.309999465942383,4004700,False
ILF,2022-02-25,25.90999984741211,26.6200008392334,25.90999984741211,26.610000610351562,25.90999984741211,3167300,False
ILF,2022-02-28,26.299999237060547,26.940000534057617,26.239999771118164,26.899999618530273,26.239999771118164,4769700,False
ILF,2022-03-01,26.860000610351562,27.520000457763672,26.690000534057617,26.93000030517578,26.690000534057617,4601400,False
ILF,2022-03-02,27.149999618530273,27.3799991607666,26.8700008392334,27.280000686645508,26.8700008392334,3950600,False
ILF,2022-03-03,27.670000076293945,27.889999389648438,27.510000228881836,27.770000457763672,27.510000228881836,1587600,False
ILF,2022-03-04,27.350000381469727,27.549999237060547,27.079999923706055,27.530000686645508,27.079999923706055,5033100,False
ILF,2022-03-07,27.559999465942383,27.559999465942383,26.579999923706055,26.610000610351562,26.579999923706055,2528800,False
ILF,2022-03-08,26.809999465942383,27.100000381469727,26.520000457763672,26.8700008392334,26.520000457763672,2490800,False
ILF,2022-03-09,27.3799991607666,27.6299991607666,27.18000030517578,27.579999923706055,27.18000030517578,2795000,False
ILF,2022-03-10,27.149999618530273,27.579999923706055,27.100000381469727,27.510000228881836,27.100000381469727,1841600,False
ILF,2022-03-11,27.649999618530273,27.760000228881836,27.059999465942383,27.100000381469727,27.059999465942383,2948500,False
ILF,2022-03-14,27.1299991607666,27.1299991607666,26.389999389648438,26.469999313354492,26.389999389648438,2681400,False
ILF,2022-03-15,26.1299991607666,26.280000686645508,25.8799991607666,26.149999618530273,25.8799991607666,5263200,False
ILF,2022-03-16,26.559999465942383,26.860000610351562,26.239999771118164,26.799999237060547,26.239999771118164,7126400,False
ILF,2022-03-17,26.889999389648438,27.540000915527344,26.850000381469727,27.520000457763672,26.850000381469727,1737300,False
ILF,2022-03-18,27.350000381469727,28.170000076293945,27.329999923706055,28.149999618530273,27.329999923706055,1787800,False
ILF,2022-03-21,28.5,28.84000015258789,28.469999313354492,28.75,28.469999313354492,1874900,False
ILF,2022-03-22,29.06999969482422,29.170000076293945,28.889999389648438,29.059999465942383,28.889999389648438,5479500,False
ILF,2022-03-23,29.06999969482422,29.56999969482422,29.06999969482422,29.3700008392334,29.06999969482422,2034000,False
ILF,2022-03-24,29.459999084472656,29.889999389648438,29.3700008392334,29.8799991607666,29.3700008392334,3123800,False
ILF,2022-03-25,30.020000457763672,30.110000610351562,29.889999389648438,30.06999969482422,29.889999389648438,1822600,False
ILF,2022-03-28,29.8700008392334,29.959999084472656,29.559999465942383,29.8799991607666,29.559999465942383,2335700,False
ILF,2022-03-29,30.170000076293945,30.31999969482422,29.969999313354492,30.309999465942383,29.969999313354492,3630300,False
ILF,2022-03-30,30.360000610351562,30.420000076293945,30.100000381469727,30.239999771118164,30.100000381469727,2718200,False
ILF,2022-03-31,30.389999389648438,30.579999923706055,30.34000015258789,30.389999389648438,30.34000015258789,2387000,False
ILF,2022-04-01,30.860000610351562,31.1200008392334,30.690000534057617,30.959999084472656,30.690000534057617,4811700,False
ILF,2022-04-04,31.229999542236328,31.239999771118164,31.010000228881836,31.1299991607666,31.010000228881836,2337800,False
ILF,2022-04-05,30.969999313354492,31.09000015258789,30.239999771118164,30.280000686645508,30.239999771118164,2358700,False
ILF,2022-04-06,30.030000686645508,30.170000076293945,29.670000076293945,29.899999618530273,29.670000076293945,3087500,False
ILF,2022-04-07,29.790000915527344,30.110000610351562,29.6299991607666,30.010000228881836,29.6299991607666,1624800,False
ILF,2022-04-08,29.889999389648438,29.959999084472656,29.530000686645508,29.860000610351562,29.530000686645508,1590100,False
ILF,2022-04-11,29.75,29.8700008392334,29.549999237060547,29.739999771118164,29.549999237060547,1428600,False
ILF,2022-04-12,30.280000686645508,30.290000915527344,29.549999237060547,29.59000015258789,29.549999237060547,1595200,False
ILF,2022-04-13,29.610000610351562,29.860000610351562,29.559999465942383,29.739999771118164,29.559999465942383,2495500,False
ILF,2022-04-14,29.579999923706055,29.610000610351562,29.229999542236328,29.34000015258789,29.229999542236328,1683300,False
ILF,2022-04-18,29.440000534057617,29.6299991607666,29.3799991607666,29.520000457763672,29.3799991607666,1038700,False
ILF,2022-04-19,29.290000915527344,29.559999465942383,29.15999984741211,29.399999618530273,29.15999984741211,1939000,False
ILF,2022-04-20,29.420000076293945,29.420000076293945,29.079999923706055,29.34000015258789,29.079999923706055,1513900,False
ILF,2022-04-21,29.329999923706055,29.360000610351562,28.299999237060547,28.440000534057617,28.299999237060547,5187900,False
ILF,2022-04-22,28.3799991607666,28.3799991607666,27.5,27.6200008392334,27.5,4471700,False
ILF,2022-04-25,27.040000915527344,27.18000030517578,26.469999313354492,27.030000686645508,26.469999313354492,5934500,False
ILF,2022-04-26,26.65999984741211,26.65999984741211,26.06999969482422,26.09000015258789,26.06999969482422,5088800,False
ILF,2022-04-27,26.290000915527344,26.559999465942383,26.110000610351562,26.309999465942383,26.110000610351562,4059700,False
ILF,2022-04-28,26.350000381469727,26.690000534057617,25.8799991607666,26.59000015258789,25.8799991607666,2186600,False
ILF,2022-04-29,27.1200008392334,27.239999771118164,26.06999969482422,26.100000381469727,26.06999969482422,3918100,False
ILF,2022-05-02,25.899999618530273,25.940000534057617,25.190000534057617,25.549999237060547,25.190000534057617,5724300,False
ILF,2022-05-03,25.790000915527344,25.989999771118164,25.690000534057617,25.90999984741211,25.690000534057617,3146500,False
ILF,2022-05-04,25.68000030517578,26.6200008392334,25.459999084472656,26.56999969482422,25.459999084472656,3205000,False
ILF,2022-05-05,26.149999618530273,26.149999618530273,25.170000076293945,25.59000015258789,25.170000076293945,3502000,False
ILF,2022-05-06,25.299999237060547,25.760000228881836,24.920000076293945,25.31999969482422,24.920000076293945,3796700,False
ILF,2022-05-09,24.84000015258789,24.889999389648438,24.360000610351562,24.440000534057617,24.360000610351562,3096600,False
ILF,2022-05-10,24.709999084472656,24.809999465942383,24.209999084472656,24.540000915527344,24.209999084472656,7552300,False
ILF,2022-05-11,24.790000915527344,25.270000457763672,24.719999313354492,24.809999465942383,24.719999313354492,5413800,False
ILF,2022-05-12,24.700000762939453,25.219999313354492,24.40999984741211,25.020000457763672,24.40999984741211,3325700,False
ILF,2022-05-13,25.149999618530273,25.75,25.100000381469727,25.690000534057617,25.100000381469727,2375000,False
ILF,2022-05-16,25.739999771118164,26.219999313354492,25.729999542236328,26.059999465942383,25.729999542236328,1792700,False
ILF,2022-05-17,26.6299991607666,26.860000610351562,26.459999084472656,26.780000686645508,26.459999084472656,2496800,False
ILF,2022-05-18,26.5,26.610000610351562,25.920000076293945,26.049999237060547,25.920000076293945,1991600,False
ILF,2022-05-19,26.209999084472656,26.860000610351562,26.209999084472656,26.6299991607666,26.209999084472656,2466000,False
ILF,2022-05-20,27.020000457763672,27.270000457763672,26.790000915527344,27.1299991607666,26.790000915527344,1769500,False
ILF,2022-05-23,27.579999923706055,27.959999084472656,27.5,27.84000015258789,27.5,2178800,False
ILF,2022-05-24,27.6200008392334,27.790000915527344,27.149999618530273,27.770000457763672,27.149999618530273,1594900,False
ILF,2022-05-25,27.43000030517578,28.059999465942383,27.3700008392334,27.8700008392334,27.3700008392334,2916700,False
ILF,2022-05-26,27.860000610351562,28.510000228881836,27.760000228881836,28.399999618530273,27.760000228881836,1574100,False
ILF,2022-05-27,28.360000610351562,28.90999984741211,28.350000381469727,28.81999969482422,28.350000381469727,9999000,False
ILF,2022-05-31,28.950000762939453,28.950000762939453,28.260000228881836,28.43000030517578,28.260000228881836,5298500,False
ILF,2022-06-01,28.459999084472656,28.559999465942383,28.049999237060547,28.209999084472656,28.049999237060547,4336100,False
ILF,2022-06-02,28.459999084472656,28.56999969482422,28.200000762939453,28.510000228881836,28.200000762939453,2921900,False
ILF,2022-06-03,28.280000686645508,28.459999084472656,28.170000076293945,28.350000381469727,28.170000076293945,2108100,False
ILF,2022-06-06,28.579999923706055,28.6299991607666,28.020000457763672,28.030000686645508,28.020000457763672,1089300,False
ILF,2022-06-07,27.610000610351562,27.850000381469727,27.479999542236328,27.84000015258789,27.479999542236328,3176600,False
ILF,2022-06-08,27.780000686645508,27.8799991607666,27.209999084472656,27.260000228881836,27.209999084472656,4284400,False
ILF,2022-06-09,26.06999969482422,26.06999969482422,25.540000915527344,25.540000915527344,25.540000915527344,1589000,True
ILF,2022-06-10,24.8700008392334,24.989999771118164,24.68000030517578,24.850000381469727,24.68000030517578,4126100,False
ILF,2022-06-13,23.969999313354492,24.06999969482422,23.510000228881836,23.799999237060547,23.510000228881836,5806600,False
ILF,2022-06-14,23.93000030517578,23.979999542236328,23.489999771118164,23.639999389648438,23.489999771118164,2697900,False
ILF,2022-06-15,23.90999984741211,24.329999923706055,23.600000381469727,24.1200008392334,23.600000381469727,3205200,False
ILF,2022-06-16,23.420000076293945,23.520000457763672,22.920000076293945,23.200000762939453,22.920000076293945,5690900,False
ILF,2022-06-17,23.170000076293945,23.260000228881836,22.75,23.110000610351562,22.75,3403000,False
ILF,2022-06-21,23.299999237060547,23.389999389648438,23.040000915527344,23.139999389648438,23.040000915527344,1824600,False
ILF,2022-06-22,22.760000228881836,23.149999618530273,22.68000030517578,22.809999465942383,22.68000030517578,2310000,False
ILF,2022-06-23,22.920000076293945,22.940000534057617,22.229999542236328,22.290000915527344,22.229999542236328,3315300,False
ILF,2022-06-24,22.350000381469727,22.719999313354492,22.219999313354492,22.6200008392334,22.219999313354492,2802900,False
ILF,2022-06-27,22.829999923706055,23.200000762939453,22.75,23.09000015258789,22.75,2364600,False
ILF,2022-06-28,23.389999389648438,23.559999465942383,22.860000610351562,22.950000762939453,22.860000610351562,5341100,False
ILF,2022-06-29,23.219999313354492,23.219999313354492,22.729999542236328,22.93000030517578,22.729999542236328,2007900,False
ILF,2022-06-30,22.5,22.790000915527344,22.270000457763672,22.540000915527344,22.270000457763672,2417300,False
ILF,2022-07-01,22.209999084472656,22.459999084472656,21.899999618530273,22.420000076293945,21.899999618530273,1805600,False
ILF,2022-07-05,21.84000015258789,21.969999313354492,21.559999465942383,21.959999084472656,21.559999465942383,1988200,False
ILF,2022-07-06,21.889999389648438,21.989999771118164,21.40999984741211,21.770000457763672,21.40999984741211,1867300,False
ILF,2022-07-07,22.209999084472656,22.559999465942383,22.209999084472656,22.43000030517578,22.209999084472656,1795100,False
ILF,2022-07-08,22.56999969482422,22.579999923706055,22.299999237060547,22.510000228881836,22.299999237060547,2797800,False
ILF,2022-07-11,21.93000030517578,22.010000228881836,21.709999084472656,21.75,21.709999084472656,1719600,False
ILF,2022-07-12,21.40999984741211,21.739999771118164,21.360000610351562,21.56999969482422,21.360000610351562,1649800,False
ILF,2022-07-13,21.389999389648438,21.93000030517578,21.360000610351562,21.670000076293945,21.360000610351562,1692800,False
ILF,2022-07-14,21.209999084472656,21.209999084472656,20.75,21.0,20.75,3512800,False
ILF,2022-07-15,21.010000228881836,21.440000534057617,20.969999313354492,21.43000030517578,20.969999313354492,2763700,False
ILF,2022-07-18,21.729999542236328,22.010000228881836,21.479999542236328,21.549999237060547,21.479999542236328,1089600,False
ILF,2022-07-19,21.770000457763672,21.93000030517578,21.700000762939453,21.8700008392334,21.700000762939453,1213100,False
ILF,2022-07-20,21.84000015258789,21.899999618530273,21.579999923706055,21.700000762939453,21.579999923706055,1490600,False
ILF,2022-07-21,21.549999237060547,21.790000915527344,21.34000015258789,21.790000915527344,21.34000015258789,1576000,False
ILF,2022-07-22,22.059999465942383,22.100000381469727,21.6200008392334,21.719999313354492,21.6200008392334,2215800,False
ILF,2022-07-25,22.059999465942383,22.399999618530273,21.989999771118164,22.34000015258789,21.989999771118164,3155000,False
ILF,2022-07-26,22.43000030517578,22.56999969482422,22.18000030517578,22.299999237060547,22.18000030517578,3402300,False
ILF,2022-07-27,22.479999542236328,22.84000015258789,22.290000915527344,22.81999969482422,22.290000915527344,1602900,False
ILF,2022-07-28,23.1299991607666,23.450000762939453,22.790000915527344,23.420000076293945,22.790000915527344,1814900,False
ILF,2022-07-29,23.360000610351562,23.709999084472656,23.34000015258789,23.56999969482422,23.34000015258789,1079500,False
ILF,2022-08-01,23.40999984741211,23.700000762939453,23.1299991607666,23.200000762939453,23.1299991607666,1601500,False
ILF,2022-08-02,23.09000015258789,23.190000534057617,22.829999923706055,22.950000762939453,22.829999923706055,1210300,False
ILF,2022-08-03,22.959999084472656,23.049999237060547,22.700000762939453,22.979999542236328,22.700000762939453,662400,False
ILF,2022-08-04,23.260000228881836,23.559999465942383,23.260000228881836,23.440000534057617,23.260000228881836,948400,False
ILF,2022-08-05,23.200000762939453,23.809999465942383,23.200000762939453,23.709999084472656,23.200000762939453,1411000,False
ILF,2022-08-08,24.1299991607666,24.5,24.1299991607666,24.459999084472656,24.1299991607666,1322000,False
ILF,2022-08-09,24.6200008392334,24.65999984741211,24.34000015258789,24.540000915527344,24.34000015258789,952900,False
ILF,2022-08-10,25.049999237060547,25.239999771118164,24.989999771118164,25.110000610351562,24.989999771118164,1744600,False
ILF,2022-08-11,25.399999618530273,25.420000076293945,24.90999984741211,25.0,24.90999984741211,2617500,False
ILF,2022-08-12,25.25,25.90999984741211,25.200000762939453,25.829999923706055,25.200000762939453,2139900,False
ILF,2022-08-15,25.489999771118164,25.90999984741211,25.34000015258789,25.799999237060547,25.34000015258789,1230300,False
ILF,2022-08-16,25.739999771118164,25.8799991607666,25.579999923706055,25.739999771118164,25.579999923706055,1947300,False
ILF,2022-08-17,25.350000381469727,25.639999389648438,25.239999771118164,25.540000915527344,25.239999771118164,1033100,False
ILF,2022-08-18,25.59000015258789,25.59000015258789,25.170000076293945,25.3700008392334,25.170000076293945,1476200,False
ILF,2022-08-19,24.989999771118164,25.030000686645508,24.690000534057617,24.81999969482422,24.690000534057617,1070300,False
ILF,2022-08-22,24.600000381469727,24.809999465942383,24.399999618530273,24.739999771118164,24.399999618530273,1010900,False
ILF,2022-08-23,24.969999313354492,25.520000457763672,24.969999313354492,25.520000457763672,24.969999313354492,1260300,False
ILF,2022-08-24,25.43000030517578,25.760000228881836,25.3700008392334,25.450000762939453,25.3700008392334,1232100,False
ILF,2022-08-25,25.530000686645508,25.719999313354492,25.420000076293945,25.719999313354492,25.420000076293945,572000,False
ILF,2022-08-26,25.81999969482422,25.889999389648438,25.309999465942383,25.479999542236328,25.309999465942383,1676600,False
ILF,2022-08-29,25.450000762939453,25.829999923706055,25.360000610351562,25.540000915527344,25.360000610351562,1186400,False
ILF,2022-08-30,25.510000228881836,25.510000228881836,24.739999771118164,24.860000610351562,24.739999771118164,1254700,False
ILF,2022-08-31,24.559999465942383,24.84000015258789,24.299999237060547,24.309999465942383,24.299999237060547,2062400,False
ILF,2022-09-01,24.209999084472656,24.360000610351562,23.84000015258789,24.299999237060547,23.84000015258789,4110800,False
ILF,2022-09-02,24.690000534057617,25.079999923706055,24.59000015258789,24.860000610351562,24.59000015258789,1767700,False
ILF,2022-09-06,24.68000030517578,24.739999771118164,24.25,24.3799991607666,24.25,1602900,False
ILF,2022-09-07,24.209999084472656,24.68000030517578,23.989999771118164,24.579999923706055,23.989999771118164,1122400,False
ILF,2022-09-08,24.559999465942383,24.790000915527344,24.3700008392334,24.700000762939453,24.3700008392334,1097600,False
ILF,2022-09-09,25.0,25.43000030517578,25.0,25.3799991607666,25.0,907700,False
ILF,2022-09-12,25.760000228881836,25.93000030517578,25.68000030517578,25.860000610351562,25.68000030517578,1000300,False
ILF,2022-09-13,25.15999984741211,25.5,24.84000015258789,24.920000076293945,24.84000015258789,1669500,False
ILF,2022-09-14,24.940000534057617,25.149999618530273,24.84000015258789,24.90999984741211,24.84000015258789,951300,False
ILF,2022-09-15,24.760000228881836,24.940000534057617,24.5,24.600000381469727,24.5,1155400,False
ILF,2022-09-16,24.139999389648438,24.399999618530273,24.049999237060547,24.3799991607666,24.049999237060547,1072400,False
ILF,2022-09-19,24.229999542236328,25.209999084472656,24.010000228881836,25.15999984741211,24.010000228881836,869200,False
ILF,2022-09-20,25.020000457763672,25.40999984741211,24.8700008392334,25.34000015258789,24.8700008392334,1843000,False
ILF,2022-09-21,25.34000015258789,25.639999389648438,25.0,25.110000610351562,25.0,1084700,False
ILF,2022-09-22,25.229999542236328,25.600000381469727,24.989999771118164,25.489999771118164,24.989999771118164,748200,False
ILF,2022-09-23,24.809999465942383,24.829999923706055,24.170000076293945,24.389999389648438,24.170000076293945,1943600,False
ILF,2022-09-26,23.90999984741211,24.040000915527344,23.31999969482422,23.440000534057617,23.31999969482422,1304000,False
ILF,2022-09-27,23.610000610351562,23.81999969482422,23.309999465942383,23.420000076293945,23.309999465942383,943800,False
ILF,2022-09-28,23.5,23.860000610351562,23.3700008392334,23.770000457763672,23.3700008392334,881800,False
ILF,2022-09-29,23.459999084472656,23.540000915527344,23.079999923706055,23.510000228881836,23.079999923706055,1392200,False
ILF,2022-09-30,23.329999923706055,24.010000228881836,23.329999923706055,23.719999313354492,23.329999923706055,703500,False
ILF,2022-10-03,24.600000381469727,25.600000381469727,24.489999771118164,25.559999465942383,24.489999771118164,1286300,True
ILF,2022-10-04,26.040000915527344,26.15999984741211,25.579999923706055,25.889999389648438,25.579999923706055,2322100,False
ILF,2022-10-05,25.68000030517578,25.989999771118164,25.43000030517578,25.809999465942383,25.43000030517578,1337000,False
ILF,2022-10-06,25.75,26.040000915527344,25.729999542236328,25.8700008392334,25.729999542236328,747700,False
ILF,2022-10-07,25.649999618530273,25.8799991607666,25.450000762939453,25.549999237060547,25.450000762939453,946700,False
ILF,2022-10-10,25.690000534057617,25.81999969482422,25.40999984741211,25.489999771118164,25.40999984741211,926100,False
ILF,2022-10-11,25.309999465942383,25.56999969482422,25.020000457763672,25.139999389648438,25.020000457763672,1743800,False
ILF,2022-10-12,25.049999237060547,25.059999465942383,24.760000228881836,24.899999618530273,24.760000228881836,1093000,False
ILF,2022-10-13,24.329999923706055,25.420000076293945,24.31999969482422,25.09000015258789,24.31999969482422,1976600,False
ILF,2022-10-14,25.15999984741211,25.15999984741211,24.31999969482422,24.399999618530273,24.31999969482422,885900,False
ILF,2022-10-17,24.700000762939453,25.139999389648438,24.690000534057617,24.8799991607666,24.690000534057617,600200,False
ILF,2022-10-18,25.280000686645508,25.3799991607666,24.8799991607666,25.25,24.8799991607666,953400,False
ILF,2022-10-19,25.100000381469727,25.389999389648438,24.920000076293945,25.3799991607666,24.920000076293945,662700,False
ILF,2022-10-20,25.520000457763672,25.860000610351562,25.450000762939453,25.709999084472656,25.450000762939453,1116800,False
ILF,2022-10-21,25.760000228881836,26.829999923706055,25.719999313354492,26.670000076293945,25.719999313354492,852700,False
ILF,2022-10-24,25.90999984741211,25.979999542236328,25.299999237060547,25.360000610351562,25.299999237060547,2266100,False
ILF,2022-10-25,25.1200008392334,25.6299991607666,25.06999969482422,25.34000015258789,25.06999969482422,1253600,False
ILF,2022-10-26,25.09000015258789,25.469999313354492,25.020000457763672,25.1200008392334,25.020000457763672,647400,False
ILF,2022-10-27,25.190000534057617,25.8799991607666,25.1200008392334,25.479999542236328,25.1200008392334,775100,False
ILF,2022-10-28,25.170000076293945,25.360000610351562,24.979999542236328,25.329999923706055,24.979999542236328,2655400,False
ILF,2022-10-31,24.920000076293945,25.920000076293945,24.920000076293945,25.899999618530273,24.920000076293945,883500,False
ILF,2022-11-01,26.170000076293945,26.6200008392334,25.8799991607666,26.280000686645508,25.8799991607666,1601900,False
ILF,2022-11-02,26.260000228881836,26.40999984741211,25.610000610351562,25.639999389648438,25.610000610351562,968300,False
ILF,2022-11-03,25.59000015258789,26.350000381469727,25.540000915527344,26.190000534057617,25.540000915527344,866600,False
ILF,2022-11-04,27.010000228881836,27.360000610351562,26.860000610351562,27.0,26.860000610351562,1583100,False
ILF,2022-11-07,26.860000610351562,26.979999542236328,26.059999465942383,26.100000381469727,26.059999465942383,680300,False
ILF,2022-11-08,26.270000457763672,26.610000610351562,26.100000381469727,26.420000076293945,26.100000381469727,1038400,False
ILF,2022-11-09,26.1200008392334,26.360000610351562,25.479999542236328,25.559999465942383,25.479999542236328,1946100,False
ILF,2022-11-10,25.40999984741211,25.510000228881836,24.59000015258789,24.770000457763672,24.59000015258789,1692800,False
ILF,2022-11-11,25.06999969482422,25.68000030517578,25.010000228881836,25.3799991607666,25.010000228881836,1866600,False
ILF,2022-11-14,25.440000534057617,25.899999618530273,25.290000915527344,25.530000686645508,25.290000915527344,779400,False
ILF,2022-11-15,26.079999923706055,26.200000762939453,25.530000686645508,25.610000610351562,25.530000686645508,725200,False
ILF,2022-11-16,25.450000762939453,25.510000228881836,24.790000915527344,24.899999618530273,24.790000915527344,974500,False
ILF,2022-11-17,24.260000228881836,24.670000076293945,24.1299991607666,24.6200008392334,24.1299991607666,1273300,False
ILF,2022-11-18,24.93000030517578,24.93000030517578,24.5,24.579999923706055,24.5,233100,False
ILF,2022-11-21,24.84000015258789,24.940000534057617,24.389999389648438,24.829999923706055,24.389999389648438,626000,False
ILF,2022-11-22,24.809999465942383,24.989999771118164,24.56999969482422,24.75,24.56999969482422,373100,False
ILF,2022-11-23,24.690000534057617,24.959999084472656,24.6200008392334,24.950000762939453,24.6200008392334,344200,False
ILF,2022-11-25,25.1200008392334,25.149999618530273,24.729999542236328,24.84000015258789,24.729999542236328,202900,False
ILF,2022-11-28,24.790000915527344,24.959999084472656,24.639999389648438,24.790000915527344,24.639999389648438,1190900,False
ILF,2022-11-29,25.299999237060547,25.559999465942383,25.18000030517578,25.31999969482422,25.18000030517578,850100,False
ILF,2022-11-30,25.549999237060547,26.200000762939453,25.43000030517578,26.149999618530273,25.43000030517578,1415500,False
ILF,2022-12-01,26.139999389648438,26.459999084472656,25.799999237060547,25.920000076293945,25.799999237060547,679200,False
ILF,2022-12-02,26.010000228881836,26.309999465942383,25.899999618530273,25.959999084472656,25.899999618530273,779500,False
ILF,2022-12-05,25.6200008392334,25.709999084472656,25.059999465942383,25.100000381469727,25.059999465942383,887700,False
ILF,2022-12-06,25.25,25.469999313354492,25.190000534057617,25.3700008392334,25.190000534057617,879900,False
ILF,2022-12-07,25.3799991607666,25.5,25.209999084472656,25.219999313354492,25.209999084472656,852800,False
ILF,2022-12-08,25.270000457763672,25.450000762939453,24.989999771118164,25.010000228881836,24.989999771118164,879200,False
ILF,2022-12-09,25.0,25.1200008392334,24.81999969482422,24.81999969482422,24.81999969482422,918000,False
ILF,2022-12-12,24.389999389648438,24.510000228881836,23.979999542236328,24.450000762939453,23.979999542236328,891700,False
ILF,2022-12-13,23.09000015258789,23.09000015258789,22.309999465942383,22.34000015258789,22.309999465942383,1536700,True
ILF,2022-12-14,22.15999984741211,22.299999237060547,21.799999237060547,22.1200008392334,21.799999237060547,2945400,False
ILF,2022-12-15,22.110000610351562,22.239999771118164,21.8799991607666,21.969999313354492,21.8799991607666,1918200,False
ILF,2022-12-16,21.8799991607666,21.979999542236328,21.75,21.860000610351562,21.75,980400,False
ILF,2022-12-19,21.989999771118164,22.280000686645508,21.889999389648438,22.219999313354492,21.889999389648438,749500,False
ILF,2022-12-20,22.65999984741211,23.020000457763672,22.639999389648438,22.809999465942383,22.639999389648438,757700,False
ILF,2022-12-21,22.979999542236328,23.059999465942383,22.799999237060547,23.030000686645508,22.799999237060547,2965800,False
ILF,2022-12-22,23.110000610351562,23.260000228881836,22.770000457763672,23.030000686645508,22.770000457763672,393100,False
ILF,2022-12-23,23.299999237060547,23.59000015258789,23.280000686645508,23.549999237060547,23.280000686645508,670400,False
ILF,2022-12-27,23.0,23.219999313354492,22.799999237060547,23.049999237060547,22.799999237060547,590700,False
ILF,2022-12-28,23.290000915527344,23.3700008392334,23.079999923706055,23.190000534057617,23.079999923706055,465400,False
ILF,2022-12-29,23.469999313354492,23.5,23.049999237060547,23.09000015258789,23.049999237060547,2023200,False
ILF,2022-12-30,23.0,23.190000534057617,22.790000915527344,22.889999389648438,22.790000915527344,319900,False
ILF,2023-01-03,22.5,22.649999618530273,21.81999969482422,21.8700008392334,21.81999969482422,692300,False
ILF,2023-01-04,21.959999084472656,22.25,21.760000228881836,22.209999084472656,21.760000228881836,1122500,False
ILF,2023-01-05,22.399999618530273,22.850000381469727,22.3700008392334,22.81999969482422,22.3700008392334,521100,False
ILF,2023-01-06,23.219999313354492,23.6200008392334,23.09000015258789,23.59000015258789,23.09000015258789,928100,False
ILF,2023-01-09,23.40999984741211,23.780000686645508,23.360000610351562,23.68000030517578,23.360000610351562,894500,False
ILF,2023-01-10,23.799999237060547,24.15999984741211,23.709999084472656,24.06999969482422,23.709999084472656,802300,False
ILF,2023-01-11,24.239999771118164,24.6200008392334,24.219999313354492,24.610000610351562,24.219999313354492,1644800,False
ILF,2023-01-12,24.600000381469727,25.100000381469727,24.43000030517578,24.93000030517578,24.43000030517578,1167400,False
ILF,2023-01-13,24.700000762939453,24.969999313354492,24.700000762939453,24.850000381469727,24.700000762939453,659100,False
ILF,2023-01-17,24.6200008392334,24.8700008392334,24.610000610351562,24.860000610351562,24.610000610351562,788300,False
ILF,2023-01-18,25.219999313354492,25.299999237060547,24.670000076293945,24.670000076293945,24.670000076293945,1695700,False
ILF,2023-01-19,24.68000030517578,24.860000610351562,24.43000030517578,24.780000686645508,24.43000030517578,1120800,False
ILF,2023-01-20,24.639999389648438,24.8799991607666,24.540000915527344,24.829999923706055,24.540000915527344,539700,False
ILF,2023-01-23,24.90999984741211,25.170000076293945,24.75,24.920000076293945,24.75,555700,False
ILF,2023-01-24,25.079999923706055,25.290000915527344,24.90999984741211,25.239999771118164,24.90999984741211,919600,False
ILF,2023-01-25,25.239999771118164,25.670000076293945,25.1299991607666,25.670000076293945,25.1299991607666,695000,False
ILF,2023-01-26,25.719999313354492,25.780000686645508,25.489999771118164,25.75,25.489999771118164,476100,False
ILF,2023-01-27,25.59000015258789,25.59000015258789,25.219999313354492,25.270000457763672,25.219999313354492,529400,False
ILF,2023-01-30,25.25,25.329999923706055,25.09000015258789,25.100000381469727,25.09000015258789,793300,False
ILF,2023-01-31,25.420000076293945,25.479999542236328,25.270000457763672,25.479999542236328,25.270000457763672,562800,False
ILF,2023-02-01,25.43000030517578,25.510000228881836,24.959999084472656,25.43000030517578,24.959999084472656,1102100,False
ILF,2023-02-02,25.690000534057617,25.700000762939453,24.850000381469727,24.969999313354492,24.850000381469727,782100,False
ILF,2023-02-03,24.600000381469727,24.84000015258789,24.280000686645508,24.3799991607666,24.280000686645508,681700,False
ILF,2023-02-06,24.010000228881836,24.260000228881836,23.850000381469727,24.209999084472656,23.850000381469727,782900,False
ILF,2023-02-07,24.15999984741211,24.280000686645508,23.889999389648438,24.020000457763672,23.889999389648438,399900,False
ILF,2023-02-08,24.170000076293945,24.3799991607666,23.989999771118164,24.280000686645508,23.989999771118164,380100,False
ILF,2023-02-09,24.280000686645508,24.479999542236328,23.8799991607666,23.93000030517578,23.8799991607666,901200,False
ILF,2023-02-10,23.989999771118164,24.06999969482422,23.799999237060547,24.030000686645508,23.799999237060547,957900,False
ILF,2023-02-13,24.1200008392334,24.43000030517578,24.1200008392334,24.399999618530273,24.1200008392334,749900,False
ILF,2023-02-14,24.450000762939453,24.690000534057617,24.18000030517578,24.299999237060547,24.18000030517578,1064300,False
ILF,2023-02-15,24.25,24.5,24.079999923706055,24.479999542236328,24.079999923706055,1504300,False
ILF,2023-02-16,24.299999237060547,24.790000915527344,24.219999313354492,24.670000076293945,24.219999313354492,716500,False
ILF,2023-02-17,24.600000381469727,24.770000457763672,24.43000030517578,24.6200008392334,24.43000030517578,272900,False
ILF,2023-02-21,24.5,24.790000915527344,24.200000762939453,24.280000686645508,24.200000762939453,813900,False
ILF,2023-02-22,24.229999542236328,24.34000015258789,24.06999969482422,24.25,24.06999969482422,420100,False
ILF,2023-02-23,24.600000381469727,24.639999389648438,24.229999542236328,24.479999542236328,24.229999542236328,421500,False
ILF,2023-02-24,24.0,24.139999389648438,23.729999542236328,23.8700008392334,23.729999542236328,424400,False
ILF,2023-02-27,23.920000076293945,24.110000610351562,23.799999237060547,23.93000030517578,23.799999237060547,331900,False
ILF,2023-02-28,24.010000228881836,24.049999237060547,23.719999313354492,23.770000457763672,23.719999313354492,429100,False
ILF,2023-03-01,23.889999389648438,24.229999542236328,23.75,24.209999084472656,23.75,636400,False
ILF,2023-03-02,23.959999084472656,24.139999389648438,23.75,23.8700008392334,23.75,337000,False
ILF,2023-03-03,24.010000228881836,24.280000686645508,23.969999313354492,24.25,23.969999313354492,308500,False
ILF,2023-03-06,24.1299991607666,24.420000076293945,24.040000915527344,24.34000015258789,24.040000915527344,359500,False
ILF,2023-03-07,24.229999542236328,24.239999771118164,23.809999465942383,23.889999389648438,23.809999465942383,244200,False
ILF,2023-03-08,24.200000762939453,24.649999618530273,24.200000762939453,24.479999542236328,24.200000762939453,1516800,False
ILF,2023-03-09,24.510000228881836,24.639999389648438,24.049999237060547,24.09000015258789,24.049999237060547,1503600,False
ILF,2023-03-10,23.81999969482422,23.969999313354492,23.43000030517578,23.510000228881836,23.43000030517578,1339900,False
ILF,2023-03-13,23.100000381469727,23.399999618530273,22.8799991607666,23.049999237060547,22.8799991607666,1138700,False
ILF,2023-03-14,23.420000076293945,23.530000686645508,23.139999389648438,23.190000534057617,23.139999389648438,1027800,False
ILF,2023-03-15,22.739999771118164,22.739999771118164,22.309999465942383,22.610000610351562,22.309999465942383,679800,False
ILF,2023-03-16,22.479999542236328,23.110000610351562,22.479999542236328,23.049999237060547,22.479999542236328,456100,False
ILF,2023-03-17,22.899999618530273,22.950000762939453,22.530000686645508,22.6299991607666,22.530000686645508,385800,False
ILF,2023-03-20,22.6200008392334,22.799999237060547,22.530000686645508,22.600000381469727,22.530000686645508,753400,False
ILF,2023-03-21,22.860000610351562,22.969999313354492,22.729999542236328,22.889999389648438,22.729999542236328,263000,False
ILF,2023-03-22,23.030000686645508,23.25,22.75,22.760000228881836,22.75,496900,False
ILF,2023-03-23,22.969999313354492,23.010000228881836,22.200000762939453,22.34000015258789,22.200000762939453,301000,False
ILF,2023-03-24,22.270000457763672,22.6299991607666,22.139999389648438,22.520000457763672,22.139999389648438,462600,False
ILF,2023-03-27,22.739999771118164,22.93000030517578,22.68000030517578,22.8700008392334,22.68000030517578,438100,False
ILF,2023-03-28,23.06999969482422,23.3700008392334,23.030000686645508,23.25,23.030000686645508,599800,False
ILF,2023-03-29,23.399999618530273,23.709999084472656,23.280000686645508,23.6299991607666,23.280000686645508,248600,False
ILF,2023-03-30,24.1200008392334,24.1299991607666,23.709999084472656,24.0,23.709999084472656,389600,False
ILF,2023-03-31,24.1200008392334,24.239999771118164,23.770000457763672,23.8700008392334,23.770000457763672,323500,False
ILF,2023-04-03,23.760000228881836,23.860000610351562,23.639999389648438,23.780000686645508,23.639999389648438,330100,False
ILF,2023-04-04,23.860000610351562,23.889999389648438,23.549999237060547,23.68000030517578,23.549999237060547,580800,False
ILF,2023-04-05,23.6200008392334,23.68000030517578,23.309999465942383,23.5,23.309999465942383,851400,False
ILF,2023-04-06,23.510000228881836,23.530000686645508,23.290000915527344,23.450000762939453,23.290000915527344,468100,False
ILF,2023-04-10,23.469999313354492,23.719999313354492,23.459999084472656,23.690000534057617,23.459999084472656,1726700,False
ILF,2023-04-11,24.239999771118164,24.690000534057617,24.239999771118164,24.639999389648438,24.239999771118164,554300,False
ILF,2023-04-12,25.010000228881836,25.170000076293945,24.799999237060547,24.920000076293945,24.799999237060547,1072400,False
ILF,2023-04-13,24.959999084472656,25.170000076293945,24.920000076293945,25.059999465942383,24.920000076293945,660200,False
ILF,2023-04-14,24.739999771118164,25.09000015258789,24.739999771118164,25.079999923706055,24.739999771118164,643000,False
ILF,2023-04-17,25.09000015258789,25.149999618530273,24.920000076293945,25.059999465942383,24.920000076293945,469600,False
ILF,2023-04-18,24.8799991607666,25.1200008392334,24.809999465942383,25.020000457763672,24.809999465942383,652400,False
ILF,2023-04-19,24.700000762939453,24.700000762939453,24.299999237060547,24.299999237060547,24.299999237060547,406500,False
ILF,2023-04-20,24.290000915527344,24.610000610351562,24.25,24.43000030517578,24.25,616400,False
ILF,2023-04-21,24.239999771118164,24.3700008392334,23.940000534057617,24.110000610351562,23.940000534057617,717100,False
ILF,2023-04-24,24.149999618530273,24.399999618530273,24.079999923706055,24.309999465942383,24.079999923706055,537100,False
ILF,2023-04-25,24.190000534057617,24.190000534057617,23.93000030517578,24.030000686645508,23.93000030517578,241900,False
ILF,2023-04-26,24.149999618530273,24.190000534057617,23.8799991607666,23.8799991607666,23.8799991607666,326600,False
ILF,2023-04-27,24.040000915527344,24.329999923706055,23.989999771118164,24.299999237060547,23.989999771118164,624700,False
ILF,2023-04-28,24.18000030517578,24.59000015258789,24.18000030517578,24.59000015258789,24.18000030517578,842500,False
ILF,2023-05-01,24.559999465942383,24.700000762939453,24.3799991607666,24.469999313354492,24.3799991607666,258600,False
ILF,2023-05-02,24.399999618530273,24.399999618530273,23.90999984741211,24.010000228881836,23.90999984741211,382200,False
ILF,2023-05-03,24.079999923706055,24.329999923706055,23.979999542236328,24.1200008392334,23.979999542236328,488800,False
ILF,2023-05-04,24.260000228881836,24.3700008392334,23.8799991607666,24.1299991607666,23.8799991607666,917300,False
ILF,2023-05-05,24.3700008392334,24.969999313354492,24.350000381469727,24.8799991607666,24.350000381469727,1156400,False
ILF,2023-05-08,25.040000915527344,25.209999084472656,24.920000076293945,24.93000030517578,24.920000076293945,489500,False
ILF,2023-05-09,24.84000015258789,25.25,24.81999969482422,25.219999313354492,24.81999969482422,881200,False
ILF,2023-05-10,25.389999389648438,25.43000030517578,25.190000534057617,25.420000076293945,25.190000534057617,406300,False
ILF,2023-05-11,25.170000076293945,25.479999542236328,25.030000686645508,25.360000610351562,25.030000686645508,538800,False
ILF,2023-05-12,25.350000381469727,25.6200008392334,25.350000381469727,25.489999771118164,25.350000381469727,623500,False
ILF,2023-05-15,25.649999618530273,25.889999389648438,25.489999771118164,25.8799991607666,25.489999771118164,458900,False
ILF,2023-05-16,25.899999618530273,26.059999465942383,25.479999542236328,25.489999771118164,25.479999542236328,490600,False
ILF,2023-05-17,25.6299991607666,25.760000228881836,25.459999084472656,25.690000534057617,25.459999084472656,873800,False
ILF,2023-05-18,25.43000030517578,25.639999389648438,25.360000610351562,25.600000381469727,25.360000610351562,708500,False
ILF,2023-05-19,25.600000381469727,25.719999313354492,25.3799991607666,25.43000030517578,25.3799991607666,342400,False
ILF,2023-05-22,25.540000915527344,25.540000915527344,25.200000762939453,25.209999084472656,25.200000762939453,267700,False
ILF,2023-05-23,25.25,25.510000228881836,25.1200008392334,25.1299991607666,25.1200008392334,941000,False
ILF,2023-05-24,25.25,25.299999237060547,25.079999923706055,25.190000534057617,25.079999923706055,744400,False
ILF,2023-05-25,25.299999237060547,25.299999237060547,25.059999465942383,25.1200008392334,25.059999465942383,840800,False
ILF,2023-05-26,25.420000076293945,25.639999389648438,25.329999923706055,25.5,25.329999923706055,811900,False
ILF,2023-05-30,25.31999969482422,25.31999969482422,24.790000915527344,24.920000076293945,24.790000915527344,959300,False
ILF,2023-05-31,24.729999542236328,24.799999237060547,24.43000030517578,24.639999389648438,24.43000030517578,691400,False
ILF,2023-06-01,24.709999084472656,25.290000915527344,24.709999084472656,25.25,24.709999084472656,1030600,False
ILF,2023-06-02,25.84000015258789,25.899999618530273,25.760000228881836,25.84000015258789,25.760000228881836,1693200,False
ILF,2023-06-05,25.969999313354492,26.110000610351562,25.81999969482422,26.049999237060547,25.81999969482422,425900,False
ILF,2023-06-06,26.049999237060547,26.56999969482422,26.049999237060547,26.559999465942383,26.049999237060547,685200,False
ILF,2023-06-07,26.280000686645508,26.450000762939453,26.149999618530273,26.260000228881836,26.149999618530273,1090700,False
ILF,2023-06-08,26.309999465942383,26.459999084472656,26.200000762939453,26.420000076293945,26.200000762939453,1069000,False
ILF,2023-06-09,26.469999313354492,26.850000381469727,26.459999084472656,26.780000686645508,26.459999084472656,897200,False
ILF,2023-06-12,26.760000228881836,26.790000915527344,26.540000915527344,26.75,26.540000915527344,496400,False
ILF,2023-06-13,26.920000076293945,26.920000076293945,26.690000534057617,26.790000915527344,26.690000534057617,685800,False
ILF,2023-06-14,27.0,27.43000030517578,26.93000030517578,27.389999389648438,26.93000030517578,1281200,False
ILF,2023-06-15,27.479999542236328,27.59000015258789,27.350000381469727,27.520000457763672,27.350000381469727,460200,False
ILF,2023-06-16,27.350000381469727,27.559999465942383,27.260000228881836,27.399999618530273,27.260000228881836,645000,False
ILF,2023-06-20,27.540000915527344,27.549999237060547,27.280000686645508,27.440000534057617,27.280000686645508,2247000,False
ILF,2023-06-21,27.5,27.790000915527344,27.420000076293945,27.729999542236328,27.420000076293945,699500,False
ILF,2023-06-22,27.549999237060547,27.549999237060547,27.270000457763672,27.420000076293945,27.270000457763672,1643700,False
ILF,2023-06-23,27.15999984741211,27.270000457763672,27.049999237060547,27.149999618530273,27.049999237060547,902000,False
ILF,2023-06-26,27.190000534057617,27.3700008392334,27.079999923706055,27.209999084472656,27.079999923706055,597400,False
ILF,2023-06-27,27.309999465942383,27.309999465942383,27.030000686645508,27.209999084472656,27.030000686645508,1105900,False
ILF,2023-06-28,27.030000686645508,27.030000686645508,26.81999969482422,26.829999923706055,26.81999969482422,2171900,False
ILF,2023-06-29,26.8700008392334,27.1299991607666,26.84000015258789,27.110000610351562,26.84000015258789,1764300,False
ILF,2023-06-30,27.34000015258789,27.34000015258789,27.100000381469727,27.170000076293945,27.100000381469727,891000,False
ILF,2023-07-03,27.360000610351562,27.56999969482422,27.360000610351562,27.520000457763672,27.360000610351562,694000,False
ILF,2023-07-05,27.260000228881836,27.389999389648438,27.1299991607666,27.280000686645508,27.1299991607666,910700,False
ILF,2023-07-06,26.93000030517578,27.0,26.309999465942383,26.5,26.309999465942383,1325100,False
ILF,2023-07-07,26.75,27.190000534057617,26.690000534057617,27.010000228881836,26.690000534057617,1677200,False
ILF,2023-07-10,26.920000076293945,27.0,26.809999465942383,26.860000610351562,26.809999465942383,1164500,False
ILF,2023-07-11,26.56999969482422,26.969999313354492,26.40999984741211,26.950000762939453,26.40999984741211,1791700,False
ILF,2023-07-12,27.40999984741211,27.530000686645508,27.149999618530273,27.18000030517578,27.149999618530273,824900,False
ILF,2023-07-13,27.43000030517578,27.709999084472656,27.399999618530273,27.600000381469727,27.399999618530273,1548100,False
ILF,2023-07-14,27.549999237060547,27.549999237060547,27.299999237060547,27.329999923706055,27.299999237060547,761000,False
ILF,2023-07-17,27.06999969482422,27.389999389648438,26.850000381469727,27.3700008392334,26.850000381469727,1107700,False
ILF,2023-07-18,27.31999969482422,27.520000457763672,27.229999542236328,27.350000381469727,27.229999542236328,1387200,False
ILF,2023-07-19,27.399999618530273,27.510000228881836,27.270000457763672,27.420000076293945,27.270000457763672,768600,False
ILF,2023-07-20,27.540000915527344,27.559999465942383,27.290000915527344,27.3700008392334,27.290000915527344,804800,False
ILF,2023-07-21,27.649999618530273,27.81999969482422,27.579999923706055,27.729999542236328,27.579999923706055,636600,False
ILF,2023-07-24,27.850000381469727,28.260000228881836,27.739999771118164,28.110000610351562,27.739999771118164,1346900,False
ILF,2023-07-25,28.290000915527344,28.420000076293945,28.219999313354492,28.31999969482422,28.219999313354492,1856100,False
ILF,2023-07-26,28.299999237060547,28.559999465942383,28.200000762939453,28.510000228881836,28.200000762939453,983000,False
ILF,2023-07-27,28.479999542236328,28.479999542236328,27.899999618530273,27.90999984741211,27.899999618530273,1739900,False
ILF,2023-07-28,28.15999984741211,28.31999969482422,28.06999969482422,28.18000030517578,28.06999969482422,1069100,False
ILF,2023-07-31,28.31999969482422,28.530000686645508,28.31999969482422,28.469999313354492,28.31999969482422,1209400,False
ILF,2023-08-01,28.110000610351562,28.229999542236328,27.829999923706055,27.889999389648438,27.829999923706055,1445500,False
ILF,2023-08-02,27.770000457763672,27.790000915527344,27.360000610351562,27.489999771118164,27.360000610351562,1086900,False
ILF,2023-08-03,27.290000915527344,27.43000030517578,27.030000686645508,27.09000015258789,27.030000686645508,1905700,False
ILF,2023-08-04,27.239999771118164,27.520000457763672,27.040000915527344,27.1299991607666,27.040000915527344,1177600,False
ILF,2023-08-07,27.1200008392334,27.1200008392334,26.8700008392334,27.06999969482422,26.8700008392334,993100,False
ILF,2023-08-08,26.700000762939453,27.010000228881836,26.530000686645508,26.959999084472656,26.530000686645508,531600,False
ILF,2023-08-09,26.8700008392334,26.940000534057617,26.75,26.90999984741211,26.75,624500,False
ILF,2023-08-10,27.170000076293945,27.389999389648438,26.940000534057617,26.950000762939453,26.940000534057617,754000,False
ILF,2023-08-11,26.889999389648438,27.0,26.600000381469727,26.600000381469727,26.600000381469727,1018500,False
ILF,2023-08-14,26.399999618530273,26.450000762939453,26.1200008392334,26.290000915527344,26.1200008392334,1814500,False
ILF,2023-08-15,26.239999771118164,26.260000228881836,26.049999237060547,26.079999923706055,26.049999237060547,528900,False
ILF,2023-08-16,26.200000762939453,26.440000534057617,26.020000457763672,26.030000686645508,26.020000457763672,1170800,False
ILF,2023-08-17,26.260000228881836,26.290000915527344,25.799999237060547,25.81999969482422,25.799999237060547,594200,False
ILF,2023-08-18,25.75,25.989999771118164,25.59000015258789,25.93000030517578,25.59000015258789,692800,False
ILF,2023-08-21,25.860000610351562,25.93000030517578,25.700000762939453,25.829999923706055,25.700000762939453,409000,False
ILF,2023-08-22,26.190000534057617,26.290000915527344,26.040000915527344,26.260000228881836,26.040000915527344,641500,False
ILF,2023-08-23,26.489999771118164,27.020000457763672,26.469999313354492,26.969999313354492,26.469999313354492,871200,False
ILF,2023-08-24,26.860000610351562,26.969999313354492,26.549999237060547,26.579999923706055,26.549999237060547,1296800,False
ILF,2023-08-25,26.559999465942383,26.600000381469727,26.229999542236328,26.450000762939453,26.229999542236328,1116700,False
ILF,2023-08-28,26.469999313354492,26.719999313354492,26.3700008392334,26.690000534057617,26.3700008392334,891200,False
ILF,2023-08-29,26.709999084472656,27.079999923706055,26.559999465942383,27.040000915527344,26.559999465942383,771400,False
ILF,2023-08-30,27.059999465942383,27.079999923706055,26.8799991607666,26.899999618530273,26.8799991607666,754200,False
ILF,2023-08-31,26.700000762939453,26.700000762939453,26.09000015258789,26.110000610351562,26.09000015258789,1022600,False
ILF,2023-09-01,26.510000228881836,26.649999618530273,26.34000015258789,26.469999313354492,26.34000015258789,740500,False
ILF,2023-09-05,26.18000030517578,26.190000534057617,25.969999313354492,26.0,25.969999313354492,620000,False
ILF,2023-09-06,25.920000076293945,26.15999984741211,25.760000228881836,25.790000915527344,25.760000228881836,1009300,False
ILF,2023-09-07,25.600000381469727,25.68000030517578,25.260000228881836,25.329999923706055,25.260000228881836,3163300,False
ILF,2023-09-08,25.549999237060547,25.6200008392334,25.43000030517578,25.510000228881836,25.43000030517578,918900,False
ILF,2023-09-11,25.969999313354492,26.1200008392334,25.889999389648438,26.09000015258789,25.889999389648438,1616300,False
ILF,2023-09-12,25.940000534057617,26.18000030517578,25.940000534057617,26.059999465942383,25.940000534057617,1651100,False
ILF,2023-09-13,26.209999084472656,26.469999313354492,26.209999084472656,26.260000228881836,26.209999084472656,762200,False
ILF,2023-09-14,26.520000457763672,26.709999084472656,26.450000762939453,26.639999389648438,26.450000762939453,766000,False
ILF,2023-09-15,26.649999618530273,26.690000534057617,26.459999084472656,26.489999771118164,26.459999084472656,365000,False
ILF,2023-09-18,26.59000015258789,26.649999618530273,26.420000076293945,26.530000686645508,26.420000076293945,1011800,False
ILF,2023-09-19,26.579999923706055,26.639999389648438,26.469999313354492,26.510000228881836,26.469999313354492,1162400,False
ILF,2023-09-20,26.709999084472656,26.950000762939453,26.610000610351562,26.6200008392334,26.610000610351562,1060700,False
ILF,2023-09-21,26.079999923706055,26.110000610351562,25.829999923706055,25.84000015258789,25.829999923706055,1546700,False
ILF,2023-09-22,26.030000686645508,26.1299991607666,25.799999237060547,25.809999465942383,25.799999237060547,1253000,False
ILF,2023-09-25,25.6200008392334,25.709999084472656,25.530000686645508,25.559999465942383,25.530000686645508,554100,False
ILF,2023-09-26,25.399999618530273,25.469999313354492,25.100000381469727,25.1299991607666,25.100000381469727,1202500,False
ILF,2023-09-27,25.190000534057617,25.290000915527344,24.809999465942383,25.040000915527344,24.809999465942383,729700,False
ILF,2023-09-28,25.0,25.489999771118164,25.0,25.3799991607666,25.0,878700,False
ILF,2023-09-29,25.729999542236328,25.760000228881836,25.489999771118164,25.559999465942383,25.489999771118164,1512400,False
ILF,2023-10-02,25.450000762939453,25.469999313354492,24.969999313354492,25.09000015258789,24.969999313354492,1804000,False
ILF,2023-10-03,24.84000015258789,25.040000915527344,24.270000457763672,24.309999465942383,24.270000457763672,2088400,False
ILF,2023-10-04,24.399999618530273,24.510000228881836,24.1299991607666,24.3700008392334,24.1299991607666,1428900,False
ILF,2023-10-05,24.270000457763672,24.3799991607666,23.959999084472656,24.149999618530273,23.959999084472656,1508200,False
ILF,2023-10-06,23.850000381469727,24.56999969482422,23.700000762939453,24.40999984741211,23.700000762939453,1385700,False
ILF,2023-10-09,24.270000457763672,24.56999969482422,24.170000076293945,24.520000457763672,24.170000076293945,922300,False
ILF,2023-10-10,24.799999237060547,25.219999313354492,24.770000457763672,25.18000030517578,24.770000457763672,1652500,False
ILF,2023-10-11,25.270000457763672,25.360000610351562,25.1299991607666,25.34000015258789,25.1299991607666,1320900,False
ILF,2023-10-12,25.43000030517578,25.43000030517578,24.75,24.940000534057617,24.75,873800,False
ILF,2023-10-13,25.229999542236328,25.31999969482422,24.920000076293945,24.950000762939453,24.920000076293945,1266400,False
ILF,2023-10-16,25.1200008392334,25.399999618530273,25.049999237060547,25.3799991607666,25.049999237060547,678600,False
ILF,2023-10-17,25.09000015258789,25.559999465942383,25.09000015258789,25.31999969482422,25.09000015258789,663800,False
ILF,2023-10-18,25.18000030517578,25.18000030517578,24.84000015258789,24.850000381469727,24.84000015258789,688600,False
ILF,2023-10-19,24.790000915527344,25.149999618530273,24.770000457763672,24.8700008392334,24.770000457763672,1509800,False
ILF,2023-10-20,24.760000228881836,24.809999465942383,24.5,24.649999618530273,24.5,1547800,False
ILF,2023-10-23,24.440000534057617,24.75,24.299999237060547,24.489999771118164,24.299999237060547,1161000,False
ILF,2023-10-24,24.6299991607666,24.90999984741211,24.549999237060547,24.760000228881836,24.549999237060547,1130100,False
ILF,2023-10-25,24.719999313354492,24.84000015258789,24.559999465942383,24.610000610351562,24.559999465942383,1430300,False
ILF,2023-10-26,24.649999618530273,25.1200008392334,24.610000610351562,25.040000915527344,24.610000610351562,1824300,False
ILF,2023-10-27,25.3700008392334,25.399999618530273,24.81999969482422,24.860000610351562,24.81999969482422,942000,False
ILF,2023-10-30,25.18000030517578,25.239999771118164,24.65999984741211,24.770000457763672,24.65999984741211,999900,False
ILF,2023-10-31,24.729999542236328,24.84000015258789,24.579999923706055,24.799999237060547,24.579999923706055,806700,False
ILF,2023-11-01,24.950000762939453,25.520000457763672,24.93000030517578,25.469999313354492,24.93000030517578,1483500,False
ILF,2023-11-02,25.719999313354492,26.260000228881836,25.709999084472656,26.190000534057617,25.709999084472656,2941700,False
ILF,2023-11-03,26.309999465942383,26.739999771118164,26.309999465942383,26.559999465942383,26.309999465942383,1698700,False
ILF,2023-11-06,26.6200008392334,26.700000762939453,26.440000534057617,26.530000686645508,26.440000534057617,1223200,False
ILF,2023-11-07,26.68000030517578,26.709999084472656,26.399999618530273,26.559999465942383,26.399999618530273,762700,False
ILF,2023-11-08,26.559999465942383,26.59000015258789,26.229999542236328,26.290000915527344,26.229999542236328,657400,False
ILF,2023-11-09,26.40999984741211,26.59000015258789,26.079999923706055,26.1299991607666,26.079999923706055,561200,False
ILF,2023-11-10,26.299999237060547,26.579999923706055,26.239999771118164,26.579999923706055,26.239999771118164,1052400,False
ILF,2023-11-13,26.360000610351562,26.56999969482422,26.309999465942383,26.469999313354492,26.309999465942383,1308400,False
ILF,2023-11-14,27.190000534057617,27.549999237060547,27.149999618530273,27.489999771118164,27.149999618530273,1241500,False
ILF,2023-11-15,27.56999969482422,27.700000762939453,27.3799991607666,27.56999969482422,27.3799991607666,1130500,False
ILF,2023-11-16,27.540000915527344,27.6200008392334,27.239999771118164,27.479999542236328,27.239999771118164,1188200,False
ILF,2023-11-17,27.450000762939453,27.739999771118164,27.40999984741211,27.579999923706055,27.40999984741211,1279400,False
ILF,2023-11-20,27.850000381469727,28.1299991607666,27.75,28.020000457763672,27.75,1348300,False
ILF,2023-11-21,27.950000762939453,27.950000762939453,27.670000076293945,27.739999771118164,27.670000076293945,731500,False
ILF,2023-11-22,27.90999984741211,27.90999984741211,27.639999389648438,27.75,27.639999389648438,650700,False
ILF,2023-11-24,27.829999923706055,27.950000762939453,27.709999084472656,27.729999542236328,27.709999084472656,518400,False
ILF,2023-11-27,27.729999542236328,27.809999465942383,27.489999771118164,27.559999465942383,27.489999771118164,751100,False
ILF,2023-11-28,27.579999923706055,27.989999771118164,27.579999923706055,27.8799991607666,27.579999923706055,894400,False
ILF,2023-11-29,27.829999923706055,27.899999618530273,27.68000030517578,27.690000534057617,27.68000030517578,769500,False
ILF,2023-11-30,27.760000228881836,28.0,27.520000457763672,27.989999771118164,27.520000457763672,1304400,False
ILF,2023-12-01,28.020000457763672,28.469999313354492,27.889999389648438,28.389999389648438,27.889999389648438,2849400,False
ILF,2023-12-04,28.149999618530273,28.200000762939453,27.700000762939453,27.780000686645508,27.700000762939453,1168000,False
ILF,2023-12-05,27.739999771118164,27.969999313354492,27.559999465942383,27.8799991607666,27.559999465942383,922100,False
ILF,2023-12-06,28.139999389648438,28.15999984741211,27.770000457763672,27.770000457763672,27.770000457763672,1202400,False
ILF,2023-12-07,27.940000534057617,27.979999542236328,27.729999542236328,27.84000015258789,27.729999542236328,2143600,False
ILF,2023-12-08,27.790000915527344,28.149999618530273,27.770000457763672,28.06999969482422,27.770000457763672,553500,False
ILF,2023-12-11,27.899999618530273,27.969999313354492,27.809999465942383,27.950000762939453,27.809999465942383,854800,False
ILF,2023-12-12,27.899999618530273,27.899999618530273,27.649999618530273,27.81999969482422,27.649999618530273,892800,False
ILF,2023-12-13,27.920000076293945,28.690000534057617,27.770000457763672,28.610000610351562,27.770000457763672,1676200,False
ILF,2023-12-14,28.940000534057617,29.280000686645508,28.8799991607666,29.219999313354492,28.8799991607666,2423400,False
ILF,2023-12-15,29.25,29.25,28.940000534057617,29.0,28.940000534057617,797800,False
ILF,2023-12-18,29.139999389648438,29.450000762939453,29.059999465942383,29.420000076293945,29.059999465942383,1076100,False
ILF,2023-12-19,29.690000534057617,29.84000015258789,29.600000381469727,29.690000534057617,29.600000381469727,938000,False
ILF,2023-12-20,28.719999313354492,28.799999237060547,28.239999771118164,28.260000228881836,28.239999771118164,1144300,False
ILF,2023-12-21,28.690000534057617,28.81999969482422,28.530000686645508,28.739999771118164,28.530000686645508,967700,False
ILF,2023-12-22,28.93000030517578,29.020000457763672,28.829999923706055,28.889999389648438,28.829999923706055,681100,False
ILF,2023-12-26,29.139999389648438,29.34000015258789,29.079999923706055,29.260000228881836,29.079999923706055,683600,False
ILF,2023-12-27,29.31999969482422,29.3700008392334,29.239999771118164,29.329999923706055,29.239999771118164,871500,False
ILF,2023-12-28,29.25,29.3700008392334,29.149999618530273,29.18000030517578,29.149999618530273,921500,False
ILF,2023-12-29,29.260000228881836,29.260000228881836,28.989999771118164,29.059999465942383,28.989999771118164,1212200,False
ILF,2024-01-02,28.81999969482422,29.0,28.549999237060547,28.65999984741211,28.549999237060547,1222100,False
ILF,2024-01-03,28.600000381469727,28.739999771118164,28.510000228881836,28.530000686645508,28.510000228881836,1340100,False
ILF,2024-01-04,28.329999923706055,28.510000228881836,28.270000457763672,28.31999969482422,28.270000457763672,917700,False
ILF,2024-01-05,28.479999542236328,28.780000686645508,28.459999084472656,28.690000534057617,28.459999084472656,1377200,False
ILF,2024-01-08,28.56999969482422,28.780000686645508,28.530000686645508,28.739999771118164,28.530000686645508,1352100,False
ILF,2024-01-09,28.520000457763672,28.520000457763672,28.219999313354492,28.229999542236328,28.219999313354492,895900,False
ILF,2024-01-10,28.229999542236328,28.280000686645508,28.1200008392334,28.209999084472656,28.1200008392334,1575000,False
ILF,2024-01-11,28.3700008392334,28.420000076293945,28.049999237060547,28.3799991607666,28.049999237060547,745300,False
ILF,2024-01-12,28.6299991607666,28.739999771118164,28.479999542236328,28.5,28.479999542236328,376600,False
ILF,2024-01-16,28.190000534057617,28.260000228881836,27.829999923706055,27.860000610351562,27.829999923706055,712600,False
ILF,2024-01-17,27.56999969482422,27.709999084472656,27.520000457763672,27.6200008392334,27.520000457763672,1203200,False
ILF,2024-01-18,27.59000015258789,27.639999389648438,27.43000030517578,27.610000610351562,27.43000030517578,1397300,False
ILF,2024-01-19,27.56999969482422,27.790000915527344,27.479999542236328,27.75,27.479999542236328,1342000,False
ILF,2024-01-22,27.610000610351562,27.729999542236328,27.15999984741211,27.270000457763672,27.15999984741211,1575200,False
ILF,2024-01-23,27.309999465942383,27.65999984741211,27.309999465942383,27.639999389648438,27.309999465942383,740700,False
ILF,2024-01-24,28.110000610351562,28.110000610351562,27.649999618530273,27.65999984741211,27.649999618530273,887700,False
ILF,2024-01-25,27.84000015258789,27.950000762939453,27.670000076293945,27.940000534057617,27.670000076293945,2182400,False
ILF,2024-01-26,27.940000534057617,28.290000915527344,27.940000534057617,28.190000534057617,27.940000534057617,669200,False
ILF,2024-01-29,28.18000030517578,28.18000030517578,27.8700008392334,28.059999465942383,27.8700008392334,2580300,False
ILF,2024-01-30,27.790000915527344,27.989999771118164,27.68000030517578,27.959999084472656,27.68000030517578,1802000,False
ILF,2024-01-31,28.020000457763672,28.299999237060547,27.809999465942383,27.829999923706055,27.809999465942383,1396200,False
ILF,2024-02-01,28.059999465942383,28.3700008392334,28.030000686645508,28.34000015258789,28.030000686645508,2230700,False
ILF,2024-02-02,27.989999771118164,28.110000610351562,27.899999618530273,28.059999465942383,27.899999618530273,1402400,False
ILF,2024-02-05,27.93000030517578,28.079999923706055,27.6200008392334,27.920000076293945,27.6200008392334,659100,False
ILF,2024-02-06,28.280000686645508,28.6200008392334,28.239999771118164,28.579999923706055,28.239999771118164,1410800,False
ILF,2024-02-07,28.420000076293945,28.549999237060547,28.31999969482422,28.5,28.31999969482422,2361700,False
ILF,2024-02-08,28.420000076293945,28.420000076293945,27.940000534057617,27.979999542236328,27.940000534057617,852600,False
ILF,2024-02-09,28.06999969482422,28.170000076293945,27.959999084472656,28.059999465942383,27.959999084472656,785800,False
ILF,2024-02-12,27.979999542236328,28.399999618530273,27.979999542236328,28.25,27.979999542236328,1074100,False
ILF,2024-02-13,27.979999542236328,28.0,27.510000228881836,27.649999618530273,27.510000228881836,1043700,False
ILF,2024-02-14,27.93000030517578,28.139999389648438,27.889999389648438,27.979999542236328,27.889999389648438,1417900,False
ILF,2024-02-15,28.010000228881836,28.25,28.0,28.219999313354492,28.0,727500,False
ILF,2024-02-16,28.239999771118164,28.459999084472656,28.170000076293945,28.3700008392334,28.170000076293945,1811000,False
ILF,2024-02-20,28.649999618530273,28.65999984741211,28.459999084472656,28.56999969482422,28.459999084472656,783500,False
ILF,2024-02-21,28.600000381469727,28.6200008392334,28.40999984741211,28.549999237060547,28.40999984741211,968900,False
ILF,2024-02-22,28.670000076293945,28.670000076293945,28.440000534057617,28.459999084472656,28.440000534057617,1800800,False
ILF,2024-02-23,28.280000686645508,28.389999389648438,28.079999923706055,28.15999984741211,28.079999923706055,1304200,False
ILF,2024-02-26,28.18000030517578,28.270000457763672,28.09000015258789,28.219999313354492,28.09000015258789,1436200,False
ILF,2024-02-27,28.540000915527344,28.780000686645508,28.450000762939453,28.719999313354492,28.450000762939453,1189300,False
ILF,2024-02-28,28.43000030517578,28.610000610351562,28.1200008392334,28.190000534057617,28.1200008392334,1275500,False
ILF,2024-02-29,28.100000381469727,28.219999313354492,28.040000915527344,28.09000015258789,28.040000915527344,1415400,False
ILF,2024-03-01,28.260000228881836,28.43000030517578,28.049999237060547,28.280000686645508,28.049999237060547,923500,False
ILF,2024-03-04,28.25,28.25,28.09000015258789,28.1299991607666,28.09000015258789,970300,False
ILF,2024-03-05,28.09000015258789,28.139999389648438,27.940000534057617,27.979999542236328,27.940000534057617,1253500,False
ILF,2024-03-06,28.270000457763672,28.360000610351562,28.15999984741211,28.25,28.15999984741211,1074500,False
ILF,2024-03-07,28.270000457763672,28.350000381469727,28.200000762939453,28.280000686645508,28.200000762939453,975800,False
ILF,2024-03-08,27.75,27.93000030517578,27.670000076293945,27.690000534057617,27.670000076293945,1369300,False
ILF,2024-03-11,27.520000457763672,27.84000015258789,27.520000457763672,27.719999313354492,27.520000457763672,2058000,False
ILF,2024-03-12,27.899999618530273,27.950000762939453,27.709999084472656,27.889999389648438,27.709999084472656,1455800,False
ILF,2024-03-13,27.889999389648438,28.299999237060547,27.889999389648438,28.18000030517578,27.889999389648438,1180500,False
ILF,2024-03-14,28.200000762939453,28.25,27.969999313354492,28.09000015258789,27.969999313354492,1593200,False
ILF,2024-03-15,28.0,28.09000015258789,27.860000610351562,27.93000030517578,27.860000610351562,1363400,False
ILF,2024-03-18,28.110000610351562,28.15999984741211,27.739999771118164,27.920000076293945,27.739999771118164,1386500,False
ILF,2024-03-19,27.829999923706055,27.93000030517578,27.709999084472656,27.729999542236328,27.709999084472656,831300,False
ILF,2024-03-20,27.829999923706055,28.510000228881836,27.729999542236328,28.479999542236328,27.729999542236328,788900,False
ILF,2024-03-21,28.559999465942383,28.559999465942383,28.290000915527344,28.299999237060547,28.290000915527344,666800,False
ILF,2024-03-22,28.219999313354492,28.229999542236328,28.010000228881836,28.059999465942383,28.010000228881836,592600,False
ILF,2024-03-25,28.059999465942383,28.219999313354492,28.040000915527344,28.09000015258789,28.040000915527344,330300,False
ILF,2024-03-26,28.139999389648438,28.239999771118164,28.010000228881836,28.18000030517578,28.010000228881836,498900,False
ILF,2024-03-27,28.200000762939453,28.3799991607666,28.06999969482422,28.34000015258789,28.06999969482422,643800,False
ILF,2024-03-28,28.280000686645508,28.520000457763672,28.280000686645508,28.440000534057617,28.280000686645508,414700,False
ILF,2024-04-01,28.479999542236328,28.520000457763672,27.969999313354492,28.079999923706055,27.969999313354492,557000,False
ILF,2024-04-02,28.200000762939453,28.350000381469727,28.100000381469727,28.280000686645508,28.100000381469727,1036400,False
ILF,2024-04-03,28.1200008392334,28.479999542236328,28.0,28.309999465942383,28.0,1204500,False
ILF,2024-04-04,28.559999465942383,28.889999389648438,28.209999084472656,28.229999542236328,28.209999084472656,1208700,False
ILF,2024-04-05,28.329999923706055,28.329999923706055,28.110000610351562,28.270000457763672,28.110000610351562,800100,False
ILF,2024-04-08,28.399999618530273,28.780000686645508,28.399999618530273,28.719999313354492,28.399999618530273,430200,False
ILF,2024-04-09,28.860000610351562,29.049999237060547,28.719999313354492,28.8799991607666,28.719999313354492,2039000,False
ILF,2024-04-10,28.489999771118164,28.579999923706055,28.18000030517578,28.260000228881836,28.18000030517578,1574000,False
ILF,2024-04-11,28.280000686645508,28.31999969482422,28.09000015258789,28.209999084472656,28.09000015258789,693100,False
ILF,2024-04-12,28.0,28.100000381469727,27.559999465942383,27.649999618530273,27.559999465942383,1273400,False
ILF,2024-04-15,27.59000015258789,27.6200008392334,27.190000534057617,27.239999771118164,27.190000534057617,1230600,False
ILF,2024-04-16,26.760000228881836,26.950000762939453,26.600000381469727,26.700000762939453,26.600000381469727,1309800,False
ILF,2024-04-17,26.90999984741211,27.09000015258789,26.610000610351562,26.809999465942383,26.610000610351562,1664600,False
ILF,2024-04-18,26.90999984741211,27.059999465942383,26.59000015258789,26.75,26.59000015258789,870400,False
ILF,2024-04-19,26.780000686645508,27.1299991607666,26.75,27.06999969482422,26.75,1429700,False
ILF,2024-04-22,26.989999771118164,27.31999969482422,26.90999984741211,27.299999237060547,26.90999984741211,564300,False
ILF,2024-04-23,27.1200008392334,27.6200008392334,27.1200008392334,27.489999771118164,27.1200008392334,1267400,False
ILF,2024-04-24,27.469999313354492,27.469999313354492,27.1200008392334,27.309999465942383,27.1200008392334,547400,False
ILF,2024-04-25,26.8799991607666,27.309999465942383,26.8700008392334,27.25,26.8700008392334,1022900,False
ILF,2024-04-26,27.5,27.860000610351562,27.5,27.760000228881836,27.5,588000,False
ILF,2024-04-29,27.899999618530273,28.049999237060547,27.889999389648438,28.020000457763672,27.889999389648438,1086300,False
ILF,2024-04-30,27.809999465942383,27.84000015258789,27.3799991607666,27.3799991607666,27.3799991607666,770700,False
ILF,2024-05-01,27.520000457763672,27.799999237060547,27.270000457763672,27.450000762939453,27.270000457763672,1397900,False
ILF,2024-05-02,27.90999984741211,27.950000762939453,27.739999771118164,27.84000015258789,27.739999771118164,1116300,False
ILF,2024-05-03,28.34000015258789,28.350000381469727,28.100000381469727,28.260000228881836,28.100000381469727,671600,False
ILF,2024-05-06,28.239999771118164,28.5,28.239999771118164,28.459999084472656,28.239999771118164,665600,False
ILF,2024-05-07,28.489999771118164,28.690000534057617,28.489999771118164,28.610000610351562,28.489999771118164,902500,False
ILF,2024-05-08,28.309999465942383,28.6200008392334,28.299999237060547,28.600000381469727,28.299999237060547,785800,False
ILF,2024-05-09,28.239999771118164,28.600000381469727,28.149999618530273,28.540000915527344,28.149999618530273,942700,False
ILF,2024-05-10,28.700000762939453,28.790000915527344,28.43000030517578,28.43000030517578,28.43000030517578,733200,False
ILF,2024-05-13,28.6299991607666,28.790000915527344,28.399999618530273,28.459999084472656,28.399999618530273,2293600,False
ILF,2024-05-14,28.440000534057617,28.559999465942383,28.43000030517578,28.489999771118164,28.43000030517578,656200,False
ILF,2024-05-15,28.34000015258789,28.56999969482422,28.149999618530273,28.440000534057617,28.149999618530273,764100,False
ILF,2024-05-16,28.459999084472656,28.530000686645508,28.280000686645508,28.329999923706055,28.280000686645508,738700,False
ILF,2024-05-17,28.389999389648438,28.530000686645508,28.299999237060547,28.489999771118164,28.299999237060547,848500,False
ILF,2024-05-20,28.399999618530273,28.6200008392334,28.299999237060547,28.469999313354492,28.299999237060547,413400,False
ILF,2024-05-21,28.459999084472656,28.510000228881836,28.270000457763672,28.329999923706055,28.270000457763672,404700,False
ILF,2024-05-22,28.059999465942383,28.15999984741211,27.719999313354492,27.799999237060547,27.719999313354492,1333400,False
ILF,2024-05-23,27.899999618530273,27.969999313354492,27.520000457763672,27.559999465942383,27.520000457763672,903600,False
ILF,2024-05-24,27.68000030517578,27.700000762939453,27.479999542236328,27.489999771118164,27.479999542236328,634000,False
ILF,2024-05-28,27.670000076293945,27.799999237060547,27.510000228881836,27.59000015258789,27.510000228881836,876900,False
ILF,2024-05-29,27.15999984741211,27.209999084472656,26.989999771118164,27.09000015258789,26.989999771118164,1384600,False
ILF,2024-05-30,27.0,27.290000915527344,27.0,27.18000030517578,27.0,802500,False
ILF,2024-05-31,27.020000457763672,27.139999389648438,26.829999923706055,27.059999465942383,26.829999923706055,1391400,False
ILF,2024-06-03,26.850000381469727,26.850000381469727,26.1299991607666,26.280000686645508,26.1299991607666,1991700,False
ILF,2024-06-04,26.079999923706055,26.139999389648438,25.93000030517578,26.09000015258789,25.93000030517578,2758100,False
ILF,2024-06-05,26.25,26.450000762939453,26.15999984741211,26.34000015258789,26.15999984741211,818300,False
ILF,2024-06-06,26.530000686645508,26.850000381469727,26.420000076293945,26.549999237060547,26.420000076293945,2724500,False
ILF,2024-06-07,26.309999465942383,26.3799991607666,25.59000015258789,25.639999389648438,25.59000015258789,1006700,False
ILF,2024-06-10,25.350000381469727,25.6299991607666,25.350000381469727,25.600000381469727,25.350000381469727,3035700,False
ILF,2024-06-11,24.8799991607666,24.90999984741211,24.690000534057617,24.780000686645508,24.690000534057617,1824100,False
ILF,2024-06-12,24.75,24.81999969482422,24.31999969482422,24.399999618530273,24.31999969482422,1858600,False
ILF,2024-06-13,24.469999313354492,24.540000915527344,24.229999542236328,24.399999618530273,24.229999542236328,1346500,False
ILF,2024-06-14,24.3799991607666,24.450000762939453,24.1200008392334,24.290000915527344,24.1200008392334,1957800,False
ILF,2024-06-17,24.149999618530273,24.290000915527344,24.059999465942383,24.290000915527344,24.059999465942383,1265300,False
ILF,2024-06-18,24.34000015258789,24.700000762939453,24.34000015258789,24.469999313354492,24.34000015258789,1435200,False
ILF,2024-06-20,24.5,24.84000015258789,24.5,24.649999618530273,24.5,1033300,False
ILF,2024-06-21,24.639999389648438,24.829999923706055,24.639999389648438,24.770000457763672,24.639999389648438,1377000,False
ILF,2024-06-24,24.920000076293945,25.200000762939453,24.899999618530273,24.950000762939453,24.899999618530273,1022700,False
ILF,2024-06-25,24.959999084472656,24.959999084472656,24.719999313354492,24.850000381469727,24.719999313354492,627600,False
ILF,2024-06-26,24.520000457763672,24.739999771118164,24.489999771118164,24.719999313354492,24.489999771118164,641400,False
ILF,2024-06-27,24.75,24.8700008392334,24.600000381469727,24.809999465942383,24.600000381469727,1246500,False
ILF,2024-06-28,24.719999313354492,24.889999389648438,24.600000381469727,24.760000228881836,24.600000381469727,1373500,False
ILF,2024-07-01,24.799999237060547,24.950000762939453,24.6299991607666,24.639999389648438,24.6299991607666,599500,False
ILF,2024-07-02,24.65999984741211,24.809999465942383,24.479999542236328,24.6299991607666,24.479999542236328,530600,False
ILF,2024-07-03,24.950000762939453,25.270000457763672,24.940000534057617,25.170000076293945,24.940000534057617,613700,False
ILF,2024-07-05,25.350000381469727,25.389999389648438,25.059999465942383,25.389999389648438,25.059999465942383,828300,False
ILF,2024-07-08,25.239999771118164,25.549999237060547,25.239999771118164,25.510000228881836,25.239999771118164,1316100,False
ILF,2024-07-09,25.56999969482422,25.90999984741211,25.520000457763672,25.850000381469727,25.520000457763672,728800,False
ILF,2024-07-10,26.020000457763672,26.1299991607666,26.010000228881836,26.1299991607666,26.010000228881836,1118000,False
ILF,2024-07-11,26.329999923706055,26.329999923706055,26.1299991607666,26.229999542236328,26.1299991607666,4736300,False
ILF,2024-07-12,26.25,26.600000381469727,26.200000762939453,26.510000228881836,26.200000762939453,3962100,False
ILF,2024-07-15,26.399999618530273,26.540000915527344,26.239999771118164,26.360000610351562,26.239999771118164,1416700,False
ILF,2024-07-16,26.43000030517578,26.530000686645508,26.290000915527344,26.489999771118164,26.290000915527344,853300,False
ILF,2024-07-17,26.1299991607666,26.360000610351562,26.1200008392334,26.190000534057617,26.1200008392334,950500,False
ILF,2024-07-18,25.950000762939453,26.0,25.450000762939453,25.510000228881836,25.450000762939453,1864300,False
ILF,2024-07-19,25.739999771118164,25.81999969482422,25.5,25.540000915527344,25.5,3476600,False
ILF,2024-07-22,25.59000015258789,25.770000457763672,25.520000457763672,25.6299991607666,25.520000457763672,584000,False
ILF,2024-07-23,25.389999389648438,25.479999542236328,25.309999465942383,25.329999923706055,25.309999465942383,716800,False
ILF,2024-07-24,25.100000381469727,25.209999084472656,24.899999618530273,24.959999084472656,24.899999618530273,890700,False
ILF,2024-07-25,24.81999969482422,24.979999542236328,24.729999542236328,24.770000457763672,24.729999542236328,916700,False
ILF,2024-07-26,24.93000030517578,24.989999771118164,24.790000915527344,24.899999618530273,24.790000915527344,1287400,False
ILF,2024-07-29,24.920000076293945,24.940000534057617,24.610000610351562,24.739999771118164,24.610000610351562,1072200,False
ILF,2024-07-30,24.549999237060547,24.670000076293945,24.440000534057617,24.59000015258789,24.440000534057617,672400,False
ILF,2024-07-31,24.700000762939453,25.0,24.68000030517578,24.799999237060547,24.68000030517578,1108800,False
ILF,2024-08-01,24.829999923706055,25.0,24.18000030517578,24.280000686645508,24.18000030517578,2485200,False
ILF,2024-08-02,24.020000457763672,24.049999237060547,23.65999984741211,23.84000015258789,23.65999984741211,1484900,False
ILF,2024-08-05,22.510000228881836,23.559999465942383,22.510000228881836,23.399999618530273,22.510000228881836,6408700,False
ILF,2024-08-06,23.65999984741211,24.170000076293945,23.56999969482422,23.93000030517578,23.56999969482422,1940300,False
ILF,2024-08-07,24.350000381469727,24.450000762939453,24.15999984741211,24.260000228881836,24.15999984741211,1379400,False
ILF,2024-08-08,24.549999237060547,24.8700008392334,24.360000610351562,24.770000457763672,24.360000610351562,2066900,False
ILF,2024-08-09,24.959999084472656,25.309999465942383,24.899999618530273,25.260000228881836,24.899999618530273,1543700,False
ILF,2024-08-12,25.450000762939453,25.520000457763672,25.290000915527344,25.3700008392334,25.290000915527344,1047300,False
ILF,2024-08-13,25.489999771118164,25.729999542236328,25.469999313354492,25.709999084472656,25.469999313354492,1445500,False
ILF,2024-08-14,25.690000534057617,25.93000030517578,25.690000534057617,25.84000015258789,25.690000534057617,962600,False
ILF,2024-08-15,25.969999313354492,26.399999618530273,25.969999313354492,26.229999542236328,25.969999313354492,1947300,False
ILF,2024-08-16,26.440000534057617,26.440000534057617,26.200000762939453,26.309999465942383,26.200000762939453,644200,False
ILF,2024-08-19,26.389999389648438,26.829999923706055,26.3799991607666,26.700000762939453,26.3799991607666,3927900,False
ILF,2024-08-20,26.540000915527344,26.59000015258789,26.31999969482422,26.3799991607666,26.31999969482422,1188200,False
ILF,2024-08-21,26.450000762939453,26.559999465942383,26.239999771118164,26.329999923706055,26.239999771118164,692000,False
ILF,2024-08-22,26.059999465942383,26.09000015258789,25.75,25.780000686645508,25.75,1173700,False
ILF,2024-08-23,26.09000015258789,26.40999984741211,26.020000457763672,26.290000915527344,26.020000457763672,1135800,False
ILF,2024-08-26,26.260000228881836,26.559999465942383,26.260000228881836,26.43000030517578,26.260000228881836,973000,False
ILF,2024-08-27,26.3700008392334,26.40999984741211,26.200000762939453,26.229999542236328,26.200000762939453,682100,False
ILF,2024-08-28,26.09000015258789,26.209999084472656,25.950000762939453,26.040000915527344,25.950000762939453,569400,False
ILF,2024-08-29,25.729999542236328,25.860000610351562,25.639999389648438,25.799999237060547,25.639999389648438,1150400,False
ILF,2024-08-30,25.5,25.969999313354492,25.5,25.93000030517578,25.5,1889200,False
ILF,2024-09-03,25.850000381469727,25.850000381469727,25.43000030517578,25.450000762939453,25.43000030517578,1213200,False
ILF,2024-09-04,25.489999771118164,25.809999465942383,25.489999771118164,25.540000915527344,25.489999771118164,1024800,False
ILF,2024-09-05,25.59000015258789,25.760000228881836,25.559999465942383,25.68000030517578,25.559999465942383,930500,False
ILF,2024-09-06,25.760000228881836,25.84000015258789,25.170000076293945,25.270000457763672,25.170000076293945,918700,False
ILF,2024-09-09,25.31999969482422,25.510000228881836,25.31999969482422,25.3799991607666,25.31999969482422,517300,False
ILF,2024-09-10,25.440000534057617,25.440000534057617,24.8700008392334,25.020000457763672,24.8700008392334,867300,False
ILF,2024-09-11,25.290000915527344,25.399999618530273,24.989999771118164,25.350000381469727,24.989999771118164,2036500,False
ILF,2024-09-12,25.399999618530273,25.639999389648438,25.239999771118164,25.6200008392334,25.239999771118164,1081800,False
ILF,2024-09-13,25.700000762939453,26.110000610351562,25.649999618530273,25.889999389648438,25.649999618530273,981800,False
ILF,2024-09-16,26.1299991607666,26.200000762939453,26.020000457763672,26.079999923706055,26.020000457763672,663300,False
ILF,2024-09-17,26.0,26.149999618530273,25.969999313354492,26.110000610351562,25.969999313354492,311400,False
ILF,2024-09-18,26.100000381469727,26.43000030517578,25.940000534057617,26.040000915527344,25.940000534057617,749900,False
ILF,2024-09-19,26.3799991607666,26.389999389648438,26.110000610351562,26.200000762939453,26.110000610351562,216400,False
ILF,2024-09-20,25.93000030517578,26.020000457763672,25.489999771118164,25.549999237060547,25.489999771118164,412800,False
ILF,2024-09-23,25.440000534057617,25.6299991607666,25.43000030517578,25.540000915527344,25.43000030517578,291800,False
ILF,2024-09-24,26.15999984741211,26.329999923706055,26.110000610351562,26.18000030517578,26.110000610351562,748300,False
ILF,2024-09-25,26.18000030517578,26.239999771118164,25.940000534057617,25.959999084472656,25.940000534057617,796000,False
ILF,2024-09-26,26.280000686645508,26.440000534057617,26.18000030517578,26.209999084472656,26.18000030517578,571000,False
ILF,2024-09-27,26.299999237060547,26.420000076293945,26.09000015258789,26.1200008392334,26.09000015258789,534600,False
ILF,2024-09-30,26.18000030517578,26.18000030517578,25.860000610351562,25.90999984741211,25.860000610351562,380700,False
ILF,2024-10-01,26.030000686645508,26.030000686645508,25.729999542236328,25.90999984741211,25.729999542236328,506900,False
ILF,2024-10-02,26.290000915527344,26.3700008392334,26.09000015258789,26.09000015258789,26.09000015258789,557500,False
ILF,2024-10-03,25.760000228881836,25.780000686645508,25.510000228881836,25.780000686645508,25.510000228881836,1062600,False
ILF,2024-10-04,25.809999465942383,26.06999969482422,25.809999465942383,26.049999237060547,25.809999465942383,479600,False
ILF,2024-10-07,25.959999084472656,26.200000762939453,25.809999465942383,25.889999389648438,25.809999465942383,522800,False
ILF,2024-10-08,25.6299991607666,25.719999313354492,25.489999771118164,25.65999984741211,25.489999771118164,330600,False
ILF,2024-10-09,25.31999969482422,25.5,25.290000915527344,25.329999923706055,25.290000915527344,481900,False
ILF,2024-10-10,25.420000076293945,25.579999923706055,25.280000686645508,25.56999969482422,25.280000686645508,438800,False
ILF,2024-10-11,25.350000381469727,25.59000015258789,25.34000015258789,25.559999465942383,25.34000015258789,1051900,False
ILF,2024-10-14,25.559999465942383,25.8700008392334,25.489999771118164,25.760000228881836,25.489999771118164,431700,False
ILF,2024-10-15,25.5,25.579999923706055,25.260000228881836,25.3799991607666,25.260000228881836,618600,False
ILF,2024-10-16,25.260000228881836,25.479999542236328,25.25,25.3799991607666,25.25,311500,False
ILF,2024-10-17,25.260000228881836,25.329999923706055,25.139999389648438,25.290000915527344,25.139999389648438,462600,False
ILF,2024-10-18,25.510000228881836,25.540000915527344,25.260000228881836,25.270000457763672,25.260000228881836,551200,False
ILF,2024-10-21,25.190000534057617,25.270000457763672,25.1299991607666,25.200000762939453,25.1299991607666,324500,False
ILF,2024-10-22,25.200000762939453,25.260000228881836,25.030000686645508,25.190000534057617,25.030000686645508,780700,False
ILF,2024-10-23,25.049999237060547,25.219999313354492,24.979999542236328,25.209999084472656,24.979999542236328,430500,False
ILF,2024-10-24,25.1200008392334,25.31999969482422,25.079999923706055,25.280000686645508,25.079999923706055,364600,False
ILF,2024-10-25,25.450000762939453,25.450000762939453,25.149999618530273,25.190000534057617,25.149999618530273,218400,False
ILF,2024-10-28,25.200000762939453,25.450000762939453,25.200000762939453,25.389999389648438,25.200000762939453,355600,False
ILF,2024-10-29,25.389999389648438,25.5,25.020000457763672,25.020000457763672,25.020000457763672,632100,False
ILF,2024-10-30,24.889999389648438,24.959999084472656,24.799999237060547,24.899999618530273,24.799999237060547,342500,False
ILF,2024-10-31,24.739999771118164,24.809999465942383,24.59000015258789,24.600000381469727,24.59000015258789,1436600,False
ILF,2024-11-01,24.65999984741211,24.65999984741211,24.149999618530273,24.190000534057617,24.149999618530273,1474700,False
ILF,2024-11-04,24.5,24.790000915527344,24.5,24.59000015258789,24.5,1833700,False
ILF,2024-11-05,24.709999084472656,24.790000915527344,24.469999313354492,24.739999771118164,24.469999313354492,812800,False
ILF,2024-11-06,24.309999465942383,25.020000457763672,24.06999969482422,24.969999313354492,24.06999969482422,2776900,False
ILF,2024-11-07,25.219999313354492,25.40999984741211,25.09000015258789,25.209999084472656,25.09000015258789,548200,False
ILF,2024-11-08,25.0,25.0,24.3700008392334,24.729999542236328,24.3700008392334,493700,False
ILF,2024-11-11,24.459999084472656,24.709999084472656,24.450000762939453,24.68000030517578,24.450000762939453,416700,False
ILF,2024-11-12,24.600000381469727,24.6299991607666,24.34000015258789,24.489999771118164,24.34000015258789,1162600,False
ILF,2024-11-13,24.5,24.5,24.209999084472656,24.31999969482422,24.209999084472656,382400,False
ILF,2024-11-14,24.1299991607666,24.25,24.040000915527344,24.219999313354492,24.040000915527344,1305900,False
ILF,2024-11-15,24.200000762939453,24.329999923706055,24.040000915527344,24.09000015258789,24.040000915527344,697400,False
ILF,2024-11-18,24.100000381469727,24.280000686645508,24.09000015258789,24.209999084472656,24.09000015258789,1124600,False
ILF,2024-11-19,24.040000915527344,24.260000228881836,24.040000915527344,24.1299991607666,24.040000915527344,1567500,False
ILF,2024-11-20,24.049999237060547,24.170000076293945,23.950000762939453,24.030000686645508,23.950000762939453,1551600,False
ILF,2024-11-21,23.889999389648438,24.040000915527344,23.790000915527344,23.8700008392334,23.790000915527344,2807500,False
ILF,2024-11-22,23.90999984741211,24.200000762939453,23.860000610351562,24.15999984741211,23.860000610351562,704200,False
ILF,2024-11-25,24.440000534057617,24.440000534057617,24.110000610351562,24.200000762939453,24.110000610351562,982100,False
ILF,2024-11-26,23.959999084472656,24.170000076293945,23.950000762939453,24.0,23.950000762939453,904200,False
ILF,2024-11-27,23.979999542236328,24.09000015258789,23.520000457763672,23.559999465942383,23.520000457763672,768600,False
ILF,2024-11-29,23.0,23.40999984741211,22.809999465942383,23.170000076293945,22.809999465942383,2403700,False
ILF,2024-12-02,22.8700008392334,23.030000686645508,22.770000457763672,23.010000228881836,22.770000457763672,3072200,False
ILF,2024-12-03,22.979999542236328,23.15999984741211,22.950000762939453,23.09000015258789,22.950000762939453,1039900,False
ILF,2024-12-04,23.18000030517578,23.309999465942383,23.09000015258789,23.149999618530273,23.09000015258789,897200,False
ILF,2024-12-05,23.5,23.600000381469727,23.450000762939453,23.469999313354492,23.450000762939453,1319900,False
ILF,2024-12-06,23.520000457763672,23.520000457763672,23.040000915527344,23.09000015258789,23.040000915527344,1244200,False
ILF,2024-12-09,23.360000610351562,23.65999984741211,23.360000610351562,23.389999389648438,23.360000610351562,1145600,False
ILF,2024-12-10,23.540000915527344,23.559999465942383,23.3799991607666,23.40999984741211,23.3799991607666,972500,False
ILF,2024-12-11,23.510000228881836,23.950000762939453,23.270000457763672,23.780000686645508,23.270000457763672,2421700,False
ILF,2024-12-12,23.709999084472656,23.709999084472656,23.190000534057617,23.34000015258789,23.190000534057617,1302500,False
ILF,2024-12-13,23.34000015258789,23.360000610351562,23.18000030517578,23.200000762939453,23.18000030517578,962600,False
ILF,2024-12-16,23.100000381469727,23.1299991607666,22.739999771118164,22.75,22.739999771118164,1589900,False
ILF,2024-12-17,21.739999771118164,22.06999969482422,21.670000076293945,21.950000762939453,21.670000076293945,1452400,False
ILF,2024-12-18,21.75,21.770000457763672,20.860000610351562,20.950000762939453,20.860000610351562,1649200,False
ILF,2024-12-19,21.229999542236328,21.360000610351562,21.010000228881836,21.010000228881836,21.010000228881836,5317200,False
ILF,2024-12-20,21.18000030517578,21.399999618530273,21.139999389648438,21.280000686645508,21.139999389648438,1528400,False
ILF,2024-12-23,21.110000610351562,21.18000030517578,20.940000534057617,21.040000915527344,20.940000534057617,1485800,False
ILF,2024-12-24,21.0,21.200000762939453,21.0,21.170000076293945,21.0,367500,False
ILF,2024-12-26,21.040000915527344,21.229999542236328,21.010000228881836,21.1299991607666,21.010000228881836,557500,False
ILF,2024-12-27,21.010000228881836,21.18000030517578,20.979999542236328,21.0,20.979999542236328,714100,False
ILF,2024-12-30,20.979999542236328,21.020000457763672,20.8700008392334,20.959999084472656,20.8700008392334,1876700,False
ILF,2024-12-31,20.8700008392334,20.989999771118164,20.829999923706055,20.90999984741211,20.829999923706055,563400,False
ILF,2025-01-02,21.0,21.229999542236328,20.84000015258789,21.1200008392334,20.84000015258789,1191400,False
ILF,2025-01-03,21.170000076293945,21.170000076293945,20.84000015258789,20.8700008392334,20.84000015258789,617400,False
ILF,2025-01-06,21.110000610351562,21.459999084472656,21.110000610351562,21.239999771118164,21.110000610351562,1050800,False
ILF,2025-01-07,21.450000762939453,21.6299991607666,21.40999984741211,21.479999542236328,21.40999984741211,1355100,False
ILF,2025-01-08,21.329999923706055,21.34000015258789,21.170000076293945,21.31999969482422,21.170000076293945,935600,False
ILF,2025-01-10,21.239999771118164,21.299999237060547,21.079999923706055,21.139999389648438,21.079999923706055,1507500,False
ILF,2025-01-13,20.959999084472656,21.229999542236328,20.950000762939453,21.229999542236328,20.950000762939453,1542600,False
ILF,2025-01-14,21.309999465942383,21.469999313354492,21.260000228881836,21.3700008392334,21.260000228881836,485600,False
ILF,2025-01-15,21.6200008392334,21.959999084472656,21.59000015258789,21.8799991607666,21.59000015258789,1326800,False
ILF,2025-01-16,21.8799991607666,21.8799991607666,21.520000457763672,21.6299991607666,21.520000457763672,1986300,False
ILF,2025-01-17,21.649999618530273,21.920000076293945,21.639999389648438,21.639999389648438,21.639999389648438,2007200,False
ILF,2025-01-21,21.780000686645508,22.010000228881836,21.780000686645508,21.959999084472656,21.780000686645508,753600,False
ILF,2025-01-22,22.079999923706055,22.43000030517578,22.079999923706055,22.209999084472656,22.079999923706055,1981900,False
ILF,2025-01-23,22.270000457763672,22.510000228881836,22.190000534057617,22.360000610351562,22.190000534057617,1298500,False
ILF,2025-01-24,22.520000457763672,22.6299991607666,22.459999084472656,22.459999084472656,22.459999084472656,674300,False
ILF,2025-01-27,22.309999465942383,22.559999465942383,22.270000457763672,22.549999237060547,22.270000457763672,792000,False
ILF,2025-01-28,22.540000915527344,22.649999618530273,22.5,22.610000610351562,22.5,1196000,False
ILF,2025-01-29,22.670000076293945,22.670000076293945,22.530000686645508,22.600000381469727,22.530000686645508,1298900,False
ILF,2025-01-30,22.809999465942383,23.31999969482422,22.780000686645508,23.1299991607666,22.780000686645508,989400,False
ILF,2025-01-31,23.139999389648438,23.350000381469727,22.90999984741211,22.959999084472656,22.90999984741211,806300,False
ILF,2025-02-03,22.549999237060547,23.15999984741211,22.459999084472656,23.09000015258789,22.459999084472656,2257200,False
ILF,2025-02-04,23.09000015258789,23.34000015258789,22.989999771118164,23.260000228881836,22.989999771118164,1242400,False
ILF,2025-02-05,23.1200008392334,23.209999084472656,23.079999923706055,23.1200008392334,23.079999923706055,609100,False
ILF,2025-02-06,23.280000686645508,23.610000610351562,23.280000686645508,23.610000610351562,23.280000686645508,2768400,False
ILF,2025-02-07,23.600000381469727,23.639999389648438,23.280000686645508,23.360000610351562,23.280000686645508,4120900,False
ILF,2025-02-10,23.549999237060547,23.610000610351562,23.399999618530273,23.56999969482422,23.399999618530273,1463300,False
ILF,2025-02-11,23.639999389648438,23.709999084472656,23.469999313354492,23.709999084472656,23.469999313354492,1216400,False
ILF,2025-02-12,23.510000228881836,23.549999237060547,23.31999969482422,23.479999542236328,23.31999969482422,1144500,False
ILF,2025-02-13,23.3700008392334,23.6200008392334,23.290000915527344,23.579999923706055,23.290000915527344,791400,False
ILF,2025-02-14,23.850000381469727,24.170000076293945,23.850000381469727,24.1200008392334,23.850000381469727,1476900,False
ILF,2025-02-18,24.09000015258789,24.34000015258789,24.09000015258789,24.25,24.09000015258789,2176700,False
ILF,2025-02-19,24.110000610351562,24.139999389648438,23.969999313354492,23.969999313354492,23.969999313354492,1876700,False
ILF,2025-02-20,24.049999237060547,24.239999771118164,24.049999237060547,24.170000076293945,24.049999237060547,586500,False
ILF,2025-02-21,23.8700008392334,23.8700008392334,23.420000076293945,23.469999313354492,23.420000076293945,780600,False
ILF,2025-02-24,23.520000457763672,23.56999969482422,23.219999313354492,23.229999542236328,23.219999313354492,599500,False
ILF,2025-02-25,23.280000686645508,23.3700008392334,23.18000030517578,23.280000686645508,23.18000030517578,563400,False
ILF,2025-02-26,23.25,23.34000015258789,23.1200008392334,23.200000762939453,23.1200008392334,1227200,False
ILF,2025-02-27,23.06999969482422,23.06999969482422,22.84000015258789,22.8700008392334,22.84000015258789,1125700,False
ILF,2025-02-28,22.690000534057617,22.729999542236328,22.290000915527344,22.399999618530273,22.290000915527344,1645800,False
ILF,2025-03-03,22.670000076293945,22.969999313354492,22.18000030517578,22.309999465942383,22.18000030517578,1351500,False
ILF,2025-03-04,22.239999771118164,22.450000762939453,21.75,22.239999771118164,21.75,1119000,False
ILF,2025-03-05,22.350000381469727,22.809999465942383,22.350000381469727,22.75,22.350000381469727,3536300,False
ILF,2025-03-06,22.760000228881836,22.969999313354492,22.65999984741211,22.81999969482422,22.65999984741211,1106600,False
ILF,2025-03-07,22.780000686645508,23.020000457763672,22.6299991607666,22.950000762939453,22.6299991607666,654400,False
ILF,2025-03-10,22.809999465942383,22.809999465942383,22.209999084472656,22.40999984741211,22.209999084472656,851900,False
ILF,2025-03-11,22.459999084472656,22.600000381469727,22.25,22.59000015258789,22.25,7040400,False
ILF,2025-03-12,22.59000015258789,22.760000228881836,22.510000228881836,22.709999084472656,22.510000228881836,1043600,False
ILF,2025-03-13,22.690000534057617,23.100000381469727,22.690000534057617,22.93000030517578,22.690000534057617,568400,False
ILF,2025-03-14,23.200000762939453,23.8799991607666,23.200000762939453,23.790000915527344,23.200000762939453,1045300,False
ILF,2025-03-17,23.920000076293945,24.43000030517578,23.920000076293945,24.290000915527344,23.920000076293945,1001100,False
ILF,2025-03-18,24.3700008392334,24.3700008392334,24.06999969482422,24.270000457763672,24.06999969482422,666600,False
ILF,2025-03-19,24.34000015258789,24.549999237060547,24.209999084472656,24.43000030517578,24.209999084472656,572600,False
ILF,2025-03-20,24.270000457763672,24.270000457763672,24.1299991607666,24.149999618530273,24.1299991607666,1423500,False
ILF,2025-03-21,24.049999237060547,24.200000762939453,23.93000030517578,24.190000534057617,23.93000030517578,462400,False
ILF,2025-03-24,24.209999084472656,24.209999084472656,23.950000762939453,24.030000686645508,23.950000762939453,286000,False
ILF,2025-03-25,24.100000381469727,24.43000030517578,24.100000381469727,24.25,24.100000381469727,1122100,False
ILF,2025-03-26,24.260000228881836,24.260000228881836,23.940000534057617,24.020000457763672,23.940000534057617,449800,False
ILF,2025-03-27,23.969999313354492,24.139999389648438,23.8799991607666,24.100000381469727,23.8799991607666,1916300,False
ILF,2025-03-28,23.899999618530273,24.0,23.59000015258789,23.770000457763672,23.59000015258789,446400,False
ILF,2025-03-31,23.56999969482422,23.649999618530273,23.309999465942383,23.549999237060547,23.309999465942383,379300,False
ILF,2025-04-01,23.56999969482422,23.979999542236328,23.559999465942383,23.889999389648438,23.559999465942383,484100,False
ILF,2025-04-02,23.81999969482422,23.959999084472656,23.68000030517578,23.959999084472656,23.68000030517578,468500,False
ILF,2025-04-03,23.979999542236328,24.399999618530273,23.979999542236328,24.059999465942383,23.979999542236328,2066400,False
ILF,2025-04-04,23.1200008392334,23.170000076293945,22.18000030517578,22.440000534057617,22.18000030517578,2295900,True
ILF,2025-04-07,21.690000534057617,22.700000762939453,21.469999313354492,21.81999969482422,21.469999313354492,5632900,False
ILF,2025-04-08,22.3799991607666,22.479999542236328,21.18000030517578,21.350000381469727,21.18000030517578,1155800,False
ILF,2025-04-09,21.149999618530273,22.8799991607666,20.969999313354492,22.770000457763672,21.722204208374023,3658200,True
ILF,2025-04-10,22.5,22.520000457763672,21.700000762939453,22.079999923706055,21.700000762939453,2086000,False
ILF,2025-04-11,22.170000076293945,22.68000030517578,22.079999923706055,22.510000228881836,22.079999923706055,1887800,False
ILF,2025-04-14,22.899999618530273,23.06999969482422,22.6200008392334,22.8799991607666,22.6200008392334,1671600,False
ILF,2025-04-15,23.0,23.100000381469727,22.8700008392334,22.889999389648438,22.8700008392334,1113900,False
ILF,2025-04-16,22.81999969482422,23.1299991607666,22.81999969482422,22.93000030517578,22.81999969482422,948300,False
ILF,2025-04-17,23.1200008392334,23.6299991607666,23.049999237060547,23.440000534057617,23.049999237060547,564400,False
ILF,2025-04-21,23.559999465942383,23.56999969482422,23.15999984741211,23.389999389648438,23.15999984741211,2163000,False
ILF,2025-04-22,23.6200008392334,24.079999923706055,23.59000015258789,24.06999969482422,23.59000015258789,4964100,False
ILF,2025-04-23,24.520000457763672,24.709999084472656,24.329999923706055,24.34000015258789,24.329999923706055,3250400,False
ILF,2025-04-24,24.649999618530273,24.8700008392334,24.510000228881836,24.739999771118164,24.510000228881836,843800,False
ILF,2025-04-25,24.799999237060547,24.920000076293945,24.709999084472656,24.899999618530273,24.709999084472656,780700,False
ILF,2025-04-28,25.010000228881836,25.15999984741211,24.940000534057617,25.110000610351562,24.940000534057617,1010700,False
ILF,2025-04-29,25.110000610351562,25.329999923706055,25.049999237060547,25.100000381469727,25.049999237060547,5576600,False
ILF,2025-04-30,24.809999465942383,24.940000534057617,24.579999923706055,24.899999618530273,24.579999923706055,2932300,False
ILF,2025-05-01,25.0,25.0,24.579999923706055,24.780000686645508,24.579999923706055,1205600,False
ILF,2025-05-02,25.170000076293945,25.170000076293945,24.780000686645508,24.899999618530273,24.780000686645508,863000,False
ILF,2025-05-05,24.940000534057617,24.940000534057617,24.610000610351562,24.649999618530273,24.610000610351562,1435100,False
ILF,2025-05-06,24.600000381469727,24.8799991607666,24.5,24.860000610351562,24.5,1375400,False
ILF,2025-05-07,24.8799991607666,24.8799991607666,24.709999084472656,24.780000686645508,24.709999084472656,1364800,False
ILF,2025-05-08,25.280000686645508,25.530000686645508,25.239999771118164,25.270000457763672,25.239999771118164,1728200,False
ILF,2025-05-09,25.489999771118164,25.579999923706055,25.40999984741211,25.440000534057617,25.40999984741211,1333600,False
ILF,2025-05-12,25.75,25.75,25.290000915527344,25.450000762939453,25.290000915527344,902800,False
ILF,2025-05-13,25.6299991607666,26.110000610351562,25.579999923706055,26.059999465942383,25.579999923706055,4727900,False
ILF,2025-05-14,26.100000381469727,26.15999984741211,25.920000076293945,26.059999465942383,25.920000076293945,2474800,False
ILF,2025-05-15,26.149999618530273,26.149999618530273,25.850000381469727,26.0,25.850000381469727,1959700,False
ILF,2025-05-16,25.770000457763672,25.90999984741211,25.559999465942383,25.899999618530273,25.559999465942383,864700,False
ILF,2025-05-19,25.719999313354492,26.15999984741211,25.719999313354492,26.030000686645508,25.719999313354492,2689100,False
ILF,2025-05-20,26.100000381469727,26.100000381469727,25.889999389648438,26.040000915527344,25.889999389648438,870200,False
ILF,2025-05-21,25.950000762939453,25.950000762939453,25.6299991607666,25.670000076293945,25.6299991607666,1239500,False
ILF,2025-05-22,25.6200008392334,25.90999984741211,25.489999771118164,25.56999969482422,25.489999771118164,2258100,False
ILF,2025-05-23,25.1200008392334,25.739999771118164,25.0,25.719999313354492,25.0,2248500,False
ILF,2025-05-27,25.850000381469727,26.15999984741211,25.850000381469727,25.940000534057617,25.850000381469727,1663600,False
ILF,2025-05-28,25.81999969482422,25.90999984741211,25.579999923706055,25.709999084472656,25.579999923706055,1783500,False
ILF,2025-05-29,25.770000457763672,25.889999389648438,25.649999618530273,25.719999313354492,25.649999618530273,1626000,False
ILF,2025-05-30,25.59000015258789,25.59000015258789,25.190000534057617,25.280000686645508,25.190000534057617,1319100,False
ILF,2025-06-02,25.420000076293945,25.56999969482422,25.25,25.360000610351562,25.25,4012300,False
ILF,2025-06-03,25.34000015258789,25.510000228881836,25.139999389648438,25.489999771118164,25.139999389648438,1522500,False
ILF,2025-06-04,25.600000381469727,25.770000457763672,25.360000610351562,25.360000610351562,25.360000610351562,949600,False
ILF,2025-06-05,25.579999923706055,25.739999771118164,25.489999771118164,25.520000457763672,25.489999771118164,3259200,False
ILF,2025-06-06,25.559999465942383,25.68000030517578,25.360000610351562,25.610000610351562,25.360000610351562,845300,False
ILF,2025-06-09,25.549999237060547,25.610000610351562,25.350000381469727,25.510000228881836,25.350000381469727,1063600,False
ILF,2025-06-10,25.639999389648438,25.809999465942383,25.59000015258789,25.690000534057617,25.59000015258789,1404800,False
ILF,2025-06-11,25.75,26.15999984741211,25.65999984741211,26.059999465942383,25.65999984741211,2788700,False
ILF,2025-06-12,25.959999084472656,26.09000015258789,25.899999618530273,26.0,25.899999618530273,1591400,False
ILF,2025-06-13,25.790000915527344,25.940000534057617,25.639999389648438,25.8799991607666,25.639999389648438,2442500,False
ILF,2025-06-16,25.479999542236328,25.809999465942383,25.479999542236328,25.670000076293945,25.479999542236328,1796300,False
ILF,2025-06-17,25.579999923706055,25.709999084472656,25.360000610351562,25.40999984741211,25.360000610351562,945300,False
ILF,2025-06-18,25.5,25.559999465942383,25.389999389648438,25.40999984741211,25.389999389648438,1080900,False
ILF,2025-06-20,25.420000076293945,25.43000030517578,25.079999923706055,25.100000381469727,25.079999923706055,2201900,False
ILF,2025-06-23,25.09000015258789,25.09000015258789,24.809999465942383,25.040000915527344,24.809999465942383,1452900,False
ILF,2025-06-24,25.270000457763672,25.610000610351562,25.229999542236328,25.549999237060547,25.229999542236328,608200,False
ILF,2025-06-25,25.5,25.530000686645508,25.329999923706055,25.3700008392334,25.329999923706055,817400,False
ILF,2025-06-26,25.59000015258789,25.81999969482422,25.479999542236328,25.790000915527344,25.479999542236328,1258900,False
ILF,2025-06-27,25.780000686645508,25.889999389648438,25.690000534057617,25.770000457763672,25.690000534057617,6035400,False
ILF,2025-06-30,25.799999237060547,26.239999771118164,25.760000228881836,26.209999084472656,25.760000228881836,1135400,False
ILF,2025-07-01,26.229999542236328,26.360000610351562,26.170000076293945,26.280000686645508,26.170000076293945,4032200,False
ILF,2025-07-02,26.229999542236328,26.540000915527344,26.149999618530273,26.510000228881836,26.149999618530273,1068600,False
ILF,2025-07-03,26.6200008392334,26.809999465942383,26.579999923706055,26.639999389648438,26.579999923706055,1601300,False
ILF,2025-07-07,26.459999084472656,26.479999542236328,26.1299991607666,26.229999542236328,26.1299991607666,2156900,False
ILF,2025-07-08,26.209999084472656,26.350000381469727,26.09000015258789,26.280000686645508,26.09000015258789,1415900,False
ILF,2025-07-09,26.280000686645508,26.280000686645508,25.920000076293945,25.940000534057617,25.920000076293945,973200,False
ILF,2025-07-10,25.700000762939453,25.739999771118164,25.559999465942383,25.649999618530273,25.559999465942383,1748200,False
ILF,2025-07-11,25.5,25.540000915527344,25.31999969482422,25.469999313354492,25.31999969482422,2738500,False
ILF,2025-07-14,25.399999618530273,25.399999618530273,25.200000762939453,25.25,25.200000762939453,1446200,False
ILF,2025-07-15,25.350000381469727,25.420000076293945,25.059999465942383,25.239999771118164,25.059999465942383,1675200,False
ILF,2025-07-16,25.239999771118164,25.440000534057617,25.1200008392334,25.389999389648438,25.1200008392334,893600,False
ILF,2025-07-17,25.270000457763672,25.559999465942383,25.270000457763672,25.549999237060547,25.270000457763672,2000000,False
ILF,2025-07-18,25.559999465942383,25.59000015258789,25.030000686645508,25.040000915527344,25.030000686645508,3130500,False
ILF,2025-07-21,25.170000076293945,25.350000381469727,25.1200008392334,25.15999984741211,25.1200008392334,1796100,False
ILF,2025-07-22,25.239999771118164,25.34000015258789,25.149999618530273,25.15999984741211,25.149999618530273,2909800,False
ILF,2025-07-23,25.18000030517578,25.690000534057617,25.18000030517578,25.649999618530273,25.18000030517578,2194100,False
ILF,2025-07-24,25.520000457763672,25.56999969482422,25.3700008392334,25.479999542236328,25.3700008392334,2007800,False
ILF,2025-07-25,25.469999313354492,25.540000915527344,25.329999923706055,25.399999618530273,25.329999923706055,1848600,False
ILF,2025-07-28,25.239999771118164,25.260000228881836,24.8700008392334,24.989999771118164,24.8700008392334,2456600,False
ILF,2025-07-29,24.950000762939453,25.309999465942383,24.950000762939453,25.25,24.950000762939453,2725000,False
ILF,2025-07-30,25.139999389648438,25.25,24.8700008392334,25.059999465942383,24.8700008392334,3142600,False
ILF,2025-07-31,24.809999465942383,25.040000915527344,24.68000030517578,24.8799991607666,24.68000030517578,1631400,False
ILF,2025-08-01,25.110000610351562,25.219999313354492,24.739999771118164,24.770000457763672,24.739999771118164,2983400,False
ILF,2025-08-04,25.059999465942383,25.149999618530273,24.8799991607666,24.979999542236328,24.8799991607666,1247500,False
ILF,2025-08-05,25.040000915527344,25.260000228881836,25.0,25.149999618530273,25.0,1112700,False
ILF,2025-08-06,25.3700008392334,25.639999389648438,25.3700008392334,25.40999984741211,25.3700008392334,1223300,False
ILF,2025-08-07,25.510000228881836,25.940000534057617,25.510000228881836,25.93000030517578,25.510000228881836,1584000,False
ILF,2025-08-08,25.93000030517578,26.0,25.790000915527344,25.809999465942383,25.790000915527344,1219700,False
ILF,2025-08-11,25.81999969482422,25.84000015258789,25.68000030517578,25.709999084472656,25.68000030517578,279700,False
ILF,2025-08-12,25.93000030517578,26.290000915527344,25.93000030517578,26.25,25.93000030517578,1018400,False
ILF,2025-08-13,26.200000762939453,26.270000457763672,26.100000381469727,26.1299991607666,26.100000381469727,1521600,False
ILF,2025-08-14,25.950000762939453,26.059999465942383,25.770000457763672,25.850000381469727,25.770000457763672,3409100,False
ILF,2025-08-15,26.09000015258789,26.389999389648438,26.06999969482422,26.1200008392334,26.06999969482422,888500,False
ILF,2025-08-18,26.18000030517578,26.309999465942383,26.079999923706055,26.229999542236328,26.079999923706055,1124900,False
ILF,2025-08-19,25.920000076293945,25.959999084472656,25.709999084472656,25.719999313354492,25.709999084472656,3721100,False
ILF,2025-08-20,25.790000915527344,25.969999313354492,25.729999542236328,25.850000381469727,25.729999542236328,2228000,False
ILF,2025-08-21,25.829999923706055,25.969999313354492,25.780000686645508,25.950000762939453,25.780000686645508,3036300,False
ILF,2025-08-22,26.079999923706055,26.739999771118164,26.030000686645508,26.729999542236328,26.100034713745117,1328500,False
ILF,2025-08-25,26.770000457763672,26.920000076293945,26.700000762939453,26.709999084472656,26.700000762939453,1191100,False
ILF,2025-08-26,26.649999618530273,26.690000534057617,26.389999389648438,26.59000015258789,26.389999389648438,2397600,False
ILF,2025-08-27,26.469999313354492,26.84000015258789,26.360000610351562,26.84000015258789,26.360000610351562,1111900,False
ILF,2025-08-28,26.979999542236328,27.270000457763672,26.90999984741211,27.139999389648438,26.90999984741211,1333500,False
ILF,2025-08-29,27.139999389648438,27.219999313354492,27.059999465942383,27.100000381469727,27.059999465942383,1141500,False
ILF,2025-09-02,26.649999618530273,27.049999237060547,26.59000015258789,27.020000457763672,26.59000015258789,2753700,False
ILF,2025-09-03,27.020000457763672,27.209999084472656,26.899999618530273,26.989999771118164,26.899999618530273,2000600,False
ILF,2025-09-04,27.030000686645508,27.170000076293945,26.860000610351562,27.170000076293945,26.860000610351562,1307900,False
ILF,2025-09-05,27.510000228881836,27.719999313354492,27.239999771118164,27.360000610351562,27.239999771118164,2734900,False
ILF,2025-09-08,27.399999618530273,27.479999542236328,27.190000534057617,27.420000076293945,27.190000534057617,1653400,False
ILF,2025-09-09,27.489999771118164,27.610000610351562,27.399999618530273,27.40999984741211,27.399999618530273,1262300,False
ILF,2025-09-10,27.530000686645508,27.780000686645508,27.530000686645508,27.6299991607666,27.530000686645508,5831500,False
ILF,2025-09-11,27.600000381469727,28.09000015258789,27.600000381469727,27.969999313354492,27.600000381469727,2644300,False
ILF,2025-09-12,27.93000030517578,28.079999923706055,27.850000381469727,27.940000534057617,27.850000381469727,2248400,False
ILF,2025-09-15,28.110000610351562,28.469999313354492,28.110000610351562,28.399999618530273,28.110000610351562,1627900,False
ILF,2025-09-16,28.5,28.549999237060547,28.31999969482422,28.540000915527344,28.31999969482422,1721200,False
ILF,2025-09-17,28.600000381469727,28.90999984741211,28.5,28.579999923706055,28.5,3059800,False
ILF,2025-09-18,28.649999618530273,28.700000762939453,28.360000610351562,28.389999389648438,28.360000610351562,892700,False
ILF,2025-09-19,28.43000030517578,28.56999969482422,28.360000610351562,28.520000457763672,28.360000610351562,817800,False
ILF,2025-09-22,28.34000015258789,28.600000381469727,28.190000534057617,28.56999969482422,28.190000534057617,1889400,False
ILF,2025-09-23,28.700000762939453,29.079999923706055,28.639999389648438,28.979999542236328,28.639999389648438,2574800,False
ILF,2025-09-24,28.8700008392334,29.06999969482422,28.739999771118164,28.75,28.739999771118164,894600,False
ILF,2025-09-25,28.700000762939453,28.770000457763672,28.40999984741211,28.459999084472656,28.40999984741211,1484700,False
ILF,2025-09-26,28.540000915527344,28.649999618530273,28.479999542236328,28.639999389648438,28.479999542236328,1256300,False
ILF,2025-09-29,28.920000076293945,29.0,28.809999465942383,28.809999465942383,28.809999465942383,708500,False
ILF,2025-09-30,28.989999771118164,28.989999771118164,28.709999084472656,28.889999389648438,28.709999084472656,2017500,False
ILF,2025-10-01,29.010000228881836,29.049999237060547,28.399999618530273,28.450000762939453,28.399999618530273,1735900,False
ILF,2025-10-02,28.520000457763672,28.559999465942383,28.020000457763672,28.309999465942383,28.020000457763672,2058100,False
ILF,2025-10-03,28.399999618530273,28.440000534057617,28.260000228881836,28.3700008392334,28.260000228881836,1266500,False
ILF,2025-10-06,28.43000030517578,28.459999084472656,28.079999923706055,28.209999084472656,28.079999923706055,1433400,False
ILF,2025-10-07,28.010000228881836,28.100000381469727,27.770000457763672,27.81999969482422,27.770000457763672,1977800,False
ILF,2025-10-08,28.010000228881836,28.1299991607666,27.920000076293945,28.1299991607666,27.920000076293945,1283400,False
ILF,2025-10-09,28.25,28.309999465942383,27.90999984741211,27.90999984741211,27.90999984741211,1963100,False
ILF,2025-10-10,27.899999618530273,27.93000030517578,27.15999984741211,27.219999313354492,27.15999984741211,4008800,False
ILF,2025-10-13,27.649999618530273,27.829999923706055,27.489999771118164,27.68000030517578,27.489999771118164,1764900,False
ILF,2025-10-14,27.450000762939453,27.81999969482422,27.350000381469727,27.639999389648438,27.350000381469727,2077200,False
ILF,2025-10-15,27.829999923706055,28.06999969482422,27.790000915527344,27.969999313354492,27.790000915527344,4965100,False
ILF,2025-10-16,28.040000915527344,28.360000610351562,27.989999771118164,28.1200008392334,27.989999771118164,1981700,False
ILF,2025-10-17,28.010000228881836,28.270000457763672,27.889999389648438,28.229999542236328,27.889999389648438,773700,False
ILF,2025-10-20,28.479999542236328,28.690000534057617,28.43000030517578,28.549999237060547,28.43000030517578,1327400,False
ILF,2025-10-21,28.43000030517578,28.440000534057617,28.190000534057617,28.209999084472656,28.190000534057617,1160800,False
ILF,2025-10-22,28.290000915527344,28.450000762939453,28.1299991607666,28.31999969482422,28.1299991607666,1305900,False
ILF,2025-10-23,28.6200008392334,28.81999969482422,28.520000457763672,28.739999771118164,28.520000457763672,1006400,False
ILF,2025-10-24,28.950000762939453,28.989999771118164,28.600000381469727,28.6299991607666,28.600000381469727,828400,False
ILF,2025-10-27,29.020000457763672,29.06999969482422,28.8700008392334,28.959999084472656,28.8700008392334,898600,False
ILF,2025-10-28,28.959999084472656,29.229999542236328,28.899999618530273,29.209999084472656,28.899999618530273,1219200,False
ILF,2025-10-29,29.420000076293945,29.649999618530273,29.3799991607666,29.510000228881836,29.3799991607666,2201700,False
ILF,2025-10-30,29.329999923706055,29.469999313354492,29.270000457763672,29.389999389648438,29.270000457763672,762300,False
ILF,2025-10-31,29.469999313354492,29.489999771118164,29.290000915527344,29.420000076293945,29.290000915527344,1359500,False
ILF,2025-11-03,29.59000015258789,29.729999542236328,29.469999313354492,29.549999237060547,29.469999313354492,3291400,False
ILF,2025-11-04,29.25,29.420000076293945,29.079999923706055,29.190000534057617,29.079999923706055,1581000,False
ILF,2025-11-05,29.399999618530273,30.010000228881836,29.399999618530273,29.889999389648438,29.399999618530273,3003600,False
ILF,2025-11-06,30.1200008392334,30.149999618530273,29.850000381469727,29.8700008392334,29.850000381469727,1781400,False
ILF,2025-11-07,29.81999969482422,30.25,29.65999984741211,30.25,29.65999984741211,4059200,False
ILF,2025-11-10,30.559999465942383,30.56999969482422,30.389999389648438,30.489999771118164,30.389999389648438,2160400,False
ILF,2025-11-11,30.84000015258789,31.229999542236328,30.829999923706055,31.1200008392334,30.829999923706055,4476400,False
ILF,2025-11-12,31.1200008392334,31.18000030517578,30.760000228881836,30.760000228881836,30.760000228881836,6840500,False
ILF,2025-11-13,30.84000015258789,31.049999237060547,30.399999618530273,30.459999084472656,30.399999618530273,2311500,False
ILF,2025-11-14,30.389999389648438,30.829999923706055,30.209999084472656,30.530000686645508,30.209999084472656,3057700,False
ILF,2025-11-17,30.530000686645508,30.579999923706055,30.09000015258789,30.15999984741211,30.09000015258789,1695700,False
ILF,2025-11-18,30.06999969482422,30.329999923706055,29.969999313354492,30.149999618530273,29.969999313354492,1529600,False
ILF,2025-11-19,30.059999465942383,30.309999465942383,30.0,30.149999618530273,30.0,2210500,False
ILF,2025-11-20,30.399999618530273,30.479999542236328,29.579999923706055,29.59000015258789,29.579999923706055,1835900,False
ILF,2025-11-21,29.559999465942383,29.899999618530273,29.389999389648438,29.809999465942383,29.389999389648438,4494800,False
ILF,2025-11-24,29.8799991607666,30.010000228881836,29.81999969482422,29.969999313354492,29.81999969482422,2861200,False
ILF,2025-11-25,29.969999313354492,30.399999618530273,29.860000610351562,30.34000015258789,29.860000610351562,1735700,False
ILF,2025-11-26,30.690000534057617,31.049999237060547,30.65999984741211,30.940000534057617,30.65999984741211,2928500,False
ILF,2025-11-28,31.049999237060547,31.229999542236328,30.950000762939453,31.149999618530273,30.950000762939453,1194000,False
ILF,2025-12-01,31.020000457763672,31.270000457763672,30.979999542236328,30.989999771118164,30.979999542236328,4470600,False
ILF,2025-12-02,31.290000915527344,31.530000686645508,31.219999313354492,31.5,31.219999313354492,2440300,False
ILF,2025-12-03,31.65999984741211,31.719999313354492,31.469999313354492,31.510000228881836,31.469999313354492,4158200,False
ILF,2025-12-04,31.889999389648438,32.0,31.760000228881836,31.989999771118164,31.760000228881836,2906100,False
ILF,2025-12-05,31.959999084472656,32.04999923706055,30.6200008392334,30.65999984741211,30.6200008392334,4026000,False
ILF,2025-12-08,31.0,31.100000381469727,30.56999969482422,30.700000762939453,30.56999969482422,4329700,False
ILF,2025-12-09,30.31999969482422,30.90999984741211,30.299999237060547,30.829999923706055,30.299999237060547,2875100,False
ILF,2025-12-10,30.799999237060547,30.969999313354492,30.59000015258789,30.790000915527344,30.59000015258789,1902400,False
ILF,2025-12-11,30.940000534057617,31.520000457763672,30.940000534057617,31.360000610351562,30.940000534057617,1987600,False
ILF,2025-12-12,31.649999618530273,31.670000076293945,31.110000610351562,31.43000030517578,31.110000610351562,3739900,False
ILF,2025-12-15,31.709999084472656,31.81999969482422,31.5,31.549999237060547,31.5,3171600,False
ILF,2025-12-16,30.780000686645508,30.780000686645508,30.280000686645508,30.280000686645508,30.280000686645508,5265100,False
ILF,2025-12-17,30.110000610351562,30.149999618530273,29.65999984741211,29.860000610351562,29.663990020751953,3005800,False
ILF,2025-12-18,29.93000030517578,30.239999771118164,29.850000381469727,30.170000076293945,29.971954345703125,4958300,False
ILF,2025-12-19,30.420000076293945,30.549999237060547,30.149999618530273,30.200000762939453,30.149999618530273,2838700,False
ILF,2025-12-22,30.219999313354492,30.3700008392334,30.1299991607666,30.31999969482422,30.1299991607666,4039600,False
ILF,2025-12-23,30.559999465942383,30.829999923706055,30.399999618530273,30.790000915527344,30.5878849029541,2007000,False
ILF,2025-12-24,30.899999618530273,30.899999618530273,30.65999984741211,30.780000686645508,30.65999984741211,1288000,False
ILF,2025-12-26,30.850000381469727,30.940000534057617,30.719999313354492,30.93000030517578,30.726966857910156,1983800,False
ILF,2025-12-29,30.68000030517578,30.760000228881836,30.520000457763672,30.6200008392334,30.520000457763672,3123900,False
ILF,2025-12-30,30.790000915527344,30.829999923706055,30.6200008392334,30.649999618530273,30.649999618530273,1732800,False
ILF,2025-12-31,30.649999618530273,30.65999984741211,30.3700008392334,30.450000762939453,30.450000762939453,1241200,False
ILF,2026-01-02,30.899999618530273,30.899999618530273,30.649999618530273,30.829999923706055,30.829999923706055,2841900,False
ILF,2026-01-05,30.920000076293945,31.549999237060547,30.850000381469727,31.469999313354492,31.469999313354492,5802700,False
ILF,2026-01-06,31.8700008392334,32.0099983215332,31.709999084472656,31.760000228881836,31.760000228881836,4732300,False
ILF,2026-01-07,31.559999465942383,31.559999465942383,31.270000457763672,31.459999084472656,31.459999084472656,2522800,False
ILF,2026-01-08,31.40999984741211,31.68000030517578,31.309999465942383,31.670000076293945,31.670000076293945,2040400,False
ILF,2026-01-09,31.850000381469727,32.029998779296875,31.719999313354492,31.860000610351562,31.860000610351562,2851600,False
ILF,2026-01-12,31.889999389648438,32.060001373291016,31.8700008392334,31.920000076293945,31.920000076293945,2654700,False
ILF,2026-01-13,32.0099983215332,32.0099983215332,31.700000762939453,31.8799991607666,31.8799991607666,3209300,False
ILF,2026-01-14,31.959999084472656,32.459999084472656,31.93000030517578,32.41999816894531,32.41999816894531,2707100,False
ILF,2026-01-15,32.58000183105469,32.790000915527344,32.36000061035156,32.459999084472656,32.459999084472656,2773600,False
ILF,2026-01-16,32.33000183105469,32.5,32.13999938964844,32.5,32.5,3774600,False
ILF,2026-01-20,32.400001525878906,33.029998779296875,32.380001068115234,32.900001525878906,32.900001525878906,4439100,False
ILF,2026-01-21,33.369998931884766,33.86000061035156,33.310001373291016,33.849998474121094,33.849998474121094,5515700,False
ILF,2026-01-22,34.130001068115234,34.619998931884766,34.09000015258789,34.47999954223633,34.47999954223633,7544400,False
ILF,2026-01-23,34.54999923706055,35.09000015258789,34.349998474121094,34.9900016784668,34.9900016784668,7732200,False
ILF,2026-01-26,35.119998931884766,35.380001068115234,35.0099983215332,35.119998931884766,35.119998931884766,7241300,False
ILF,2026-01-27,35.7599983215332,36.209999084472656,35.7400016784668,36.15999984741211,36.15999984741211,6139900,False
ILF,2026-01-28,36.5099983215332,36.599998474121094,36.099998474121094,36.58000183105469,36.58000183105469,5738000,False
ILF,2026-01-29,37.04999923706055,37.290000915527344,35.939998626708984,36.66999816894531,36.66999816894531,6788000,False
ILF,2026-01-30,36.209999084472656,36.31999969482422,35.18000030517578,35.36000061035156,35.36000061035156,5436700,False
ILF,2026-02-02,35.2599983215332,35.7599983215332,35.18000030517578,35.630001068115234,35.630001068115234,3870400,False
ILF,2026-02-03,36.45000076293945,36.939998626708984,36.2599983215332,36.689998626708984,36.689998626708984,5063100,False
ILF,2026-02-04,36.630001068115234,36.630001068115234,35.150001525878906,35.54999923706055,35.54999923706055,7235600,False
ILF,2026-02-05,35.459999084472656,35.75,34.97999954223633,35.220001220703125,35.220001220703125,4018600,False
ILF,2026-02-06,35.72999954223633,36.060001373291016,35.38999938964844,36.040000915527344,36.040000915527344,3518500,False
ILF,2026-02-09,36.18000030517578,36.84000015258789,36.11000061035156,36.72999954223633,36.72999954223633,3698300,False
ILF,2026-02-10,36.63999938964844,36.709999084472656,36.43000030517578,36.470001220703125,36.470001220703125,3699100,False
ILF,2026-02-11,37.02000045776367,37.22999954223633,36.650001525878906,37.099998474121094,37.099998474121094,4462700,False
ILF,2026-02-12,37.2599983215332,37.29999923706055,36.2599983215332,36.459999084472656,36.459999084472656,4377300,False
ILF,2026-02-13,36.130001068115234,36.279998779296875,35.47999954223633,36.2599983215332,36.2599983215332,4817600,False
ILF,2026-02-17,36.060001373291016,36.15999984741211,35.529998779296875,36.029998779296875,36.029998779296875,4386700,False
ILF,2026-02-18,36.290000915527344,36.599998474121094,35.900001525878906,36.15999984741211,36.15999984741211,12260400,False
ILF,2026-02-19,36.06999969482422,36.5,35.88999938964844,36.45000076293945,36.45000076293945,3471700,False
ILF,2026-02-20,36.369998931884766,37.08000183105469,36.310001373291016,37.08000183105469,37.08000183105469,4054900,False
ILF,2026-02-23,36.84000015258789,37.25,36.369998931884766,36.40999984741211,36.40999984741211,4706800,False
ILF,2026-02-24,36.61000061035156,37.08000183105469,36.36000061035156,37.04999923706055,37.04999923706055,5717300,False
ILF,2026-02-25,37.31999969482422,37.41999816894531,36.97999954223633,37.31999969482422,37.31999969482422,3719100,False
ILF,2026-02-26,37.0099983215332,37.0099983215332,36.33000183105469,36.79999923706055,36.79999923706055,3387300,False
ILF,2026-02-27,36.529998779296875,36.91999816894531,36.40999984741211,36.47999954223633,36.47999954223633,6196600,False
ILF,2026-03-02,35.79999923706055,36.43000030517578,35.70000076293945,36.2599983215332,36.2599983215332,4210300,False
ILF,2026-03-03,34.40999984741211,34.810001373291016,33.47999954223633,34.52000045776367,34.52000045776367,6350600,False
ILF,2026-03-04,35.060001373291016,35.400001525878906,34.81999969482422,35.18000030517578,35.18000030517578,5436800,False
ILF,2026-03-05,34.68000030517578,34.849998474121094,33.81999969482422,34.150001525878906,34.150001525878906,4916800,False
ILF,2026-03-06,33.54999923706055,34.119998931884766,33.439998626708984,33.810001373291016,33.810001373291016,5024900,False
ILF,2026-03-09,33.599998474121094,34.54999923706055,33.310001373291016,34.400001525878906,34.400001525878906,5240000,False
ILF,2026-03-10,34.61000061035156,35.349998474121094,34.349998474121094,34.93000030517578,34.93000030517578,5567300,False
ILF,2026-03-11,34.869998931884766,35.209999084472656,34.59000015258789,34.93000030517578,34.93000030517578,2495100,False
ILF,2026-03-12,34.36000061035156,34.36000061035156,33.5,33.689998626708984,33.689998626708984,4023000,False
ILF,2026-03-13,33.88999938964844,34.04999923706055,33.04999923706055,33.150001525878906,33.150001525878906,3266400,False
ILF,2026-03-16,33.779998779296875,34.2400016784668,33.709999084472656,34.119998931884766,34.119998931884766,3764900,False
ILF,2026-03-17,34.459999084472656,34.630001068115234,34.130001068115234,34.22999954223633,34.22999954223633,1810000,False
ILF,2026-03-18,33.9900016784668,34.29999923706055,33.650001525878906,33.689998626708984,33.689998626708984,1354200,False
ILF,2026-03-19,32.97999954223633,33.9900016784668,32.83000183105469,33.849998474121094,33.849998474121094,7528400,False
ILF,2026-03-20,33.349998474121094,33.400001525878906,32.45000076293945,32.59000015258789,32.59000015258789,3043500,False
ILF,2026-03-23,33.22999954223633,34.16999816894531,33.16999816894531,33.86000061035156,33.86000061035156,2541800,False
ILF,2026-03-24,33.290000915527344,34.060001373291016,33.290000915527344,33.959999084472656,33.959999084472656,3432000,False
ILF,2026-03-25,34.540000915527344,34.93000030517578,34.380001068115234,34.810001373291016,34.810001373291016,3402200,False
ILF,2026-03-26,34.36000061035156,34.75,34.06999969482422,34.099998474121094,34.099998474121094,1972300,False
ILF,2026-03-27,33.810001373291016,34.36000061035156,33.77000045776367,33.880001068115234,33.880001068115234,1767500,False
ILF,2026-03-30,34.2400016784668,34.45000076293945,33.779998779296875,34.02000045776367,34.02000045776367,3058900,False
ILF,2026-03-31,34.470001220703125,35.540000915527344,34.459999084472656,35.52000045776367,35.52000045776367,5332400,False
ILF,2026-04-01,35.7599983215332,35.970001220703125,35.560001373291016,35.68000030517578,35.68000030517578,5062600,False
ILF,2026-04-02,35.11000061035156,36.09000015258789,35.06999969482422,35.619998931884766,35.619998931884766,2083200,False
ILF,2026-04-06,35.70000076293945,36.02000045776367,35.54999923706055,35.70000076293945,35.70000076293945,2043900,False
ILF,2026-04-07,35.529998779296875,35.619998931884766,35.209999084472656,35.61000061035156,35.61000061035156,2738900,False
ILF,2026-04-08,37.310001373291016,37.34000015258789,36.5,36.790000915527344,36.790000915527344,3336000,False
ILF,2026-04-09,36.83000183105469,37.439998626708984,36.83000183105469,37.31999969482422,37.31999969482422,3423700,False
ILF,2026-04-10,37.77000045776367,38.02000045776367,37.650001525878906,37.81999969482422,37.81999969482422,4355300,False
ILF,2026-04-13,37.70000076293945,38.09000015258789,37.540000915527344,38.08000183105469,38.08000183105469,7591600,False
ILF,2026-04-14,38.290000915527344,38.41999816894531,37.9900016784668,38.099998474121094,38.099998474121094,4556000,False
ILF,2026-04-15,38.060001373291016,38.150001525878906,37.720001220703125,37.75,37.75,3542400,False
ILF,2026-04-16,37.93000030517578,37.9900016784668,37.59000015258789,37.939998626708984,37.939998626708984,3306700,False
ILF,2026-04-17,38.5,38.5,37.75,37.84000015258789,37.84000015258789,4368700,False
ILF,2026-04-20,37.810001373291016,37.88999938964844,37.560001373291016,37.849998474121094,37.849998474121094,3296300,False
ILF,2026-04-21,37.86000061035156,38.06999969482422,37.20000076293945,37.20000076293945,37.20000076293945,2285300,False
ILF,2026-04-22,37.70000076293945,37.70000076293945,37.15999984741211,37.25,37.25,2262100,False
ILF,2026-04-23,37.22999954223633,37.380001068115234,36.61000061035156,36.810001373291016,36.810001373291016,2359000,False
ILF,2026-04-24,36.810001373291016,36.970001220703125,36.470001220703125,36.81999969482422,36.81999969482422,2698100,False
ILF,2026-04-27,37.029998779296875,37.099998474121094,36.56999969482422,36.599998474121094,36.599998474121094,2114300,False
ILF,2026-04-28,36.27000045776367,36.439998626708984,35.970001220703125,36.36000061035156,36.36000061035156,3133700,False
ILF,2026-04-29,36.11000061035156,36.15999984741211,35.619998931884766,35.65999984741211,35.65999984741211,2528200,False
ILF,2026-04-30,35.9900016784668,36.529998779296875,35.869998931884766,36.439998626708984,36.439998626708984,3750200,False
ILF,2026-05-01,36.45000076293945,36.5,36.099998474121094,36.20000076293945,36.20000076293945,2200700,False
ILF,2026-05-04,36.279998779296875,36.36000061035156,35.72999954223633,35.7599983215332,35.7599983215332,3839600,False
ILF,2026-05-05,36.25,36.619998931884766,36.119998931884766,36.34000015258789,36.34000015258789,4399400,False
ILF,2026-05-06,36.970001220703125,36.970001220703125,36.52000045776367,36.959999084472656,36.959999084472656,4376100,False
ILF,2026-05-07,36.77000045776367,36.79999923706055,36.11000061035156,36.13999938964844,36.13999938964844,4943800,False
ILF,2026-05-08,36.68000030517578,36.75,36.400001525878906,36.43000030517578,36.43000030517578,1922500,False
ILF,2026-05-11,36.45000076293945,36.650001525878906,36.150001525878906,36.22999954223633,36.22999954223633,2095600,False
