ticker,fecha,open,high,low,close,adj_close,volume,anomalia
ITUB,2019-01-02,6.7378339767456055,7.0943708419799805,6.730556964874268,7.065266132354736,4.522861480712891,31149991,False
ITUB,2019-01-03,7.079819202423096,7.239896774291992,7.021607875823975,7.159858226776123,4.583416938781738,22167102,False
ITUB,2019-01-04,7.10892391204834,7.327211856842041,7.065266132354736,7.254448890686035,4.643970012664795,24167438,False
ITUB,2019-01-07,7.2835540771484375,7.305383205413818,7.130753040313721,7.188962936401367,4.602049350738525,29359790,False
ITUB,2019-01-08,7.174409866333008,7.349040985107422,7.123476028442383,7.3199357986450195,4.6858906745910645,26600962,False
ITUB,2019-01-09,7.407250881195068,7.509119033813477,7.392698764801025,7.472737789154053,4.783706188201904,25595228,False
ITUB,2019-01-10,7.429080009460449,7.560052871704102,7.3344879150390625,7.429080009460449,4.755760192871094,42067936,False
ITUB,2019-01-11,7.312658786773682,7.370870113372803,7.254448890686035,7.356317043304443,4.7091803550720215,23431760,False
ITUB,2019-01-14,7.298107147216797,7.45090913772583,7.276278018951416,7.407250881195068,4.741785526275635,16225328,False
ITUB,2019-01-15,7.298107147216797,7.3417649269104,7.174409866333008,7.305383205413818,4.676575660705566,30280591,False
ITUB,2019-01-16,7.196238994598389,7.2835540771484375,7.167133808135986,7.232619762420654,4.629992485046387,12598611,False
ITUB,2019-01-17,7.0943708419799805,7.254448890686035,7.0943708419799805,7.225344181060791,4.625337600708008,14447359,False
ITUB,2019-01-18,7.312658786773682,7.3417649269104,7.2180681228637695,7.276278018951416,4.657942295074463,18570346,False
ITUB,2019-01-22,7.174409866333008,7.232619762420654,7.0434370040893555,7.10892391204834,4.550809383392334,15409526,False
ITUB,2019-01-23,7.188962936401367,7.247172832489014,7.0943708419799805,7.232619762420654,4.629992485046387,19174638,False
ITUB,2019-01-24,7.20351505279541,7.276278018951416,7.152581214904785,7.167133808135986,4.588072299957275,35638138,False
ITUB,2019-01-25,7.261725902557373,7.349040985107422,6.519545078277588,7.2835540771484375,4.662600040435791,17145441,False
ITUB,2019-01-28,7.167133808135986,7.378146171569824,7.152581214904785,7.298107147216797,4.671918869018555,19556152,False
ITUB,2019-01-29,7.443632125854492,7.45090913772583,7.378146171569824,7.399974822998047,4.737127780914307,26752001,False
ITUB,2019-01-30,7.41452693939209,7.560052871704102,7.2835540771484375,7.516395092010498,4.811655044555664,21492032,False
ITUB,2019-01-31,7.691026210784912,7.829275131225586,7.669197082519531,7.741960048675537,4.956051349639893,30750886,False
ITUB,2019-02-01,7.632815837860107,7.720130920410156,7.581881999969482,7.698301792144775,4.929958343505859,19518220,False
ITUB,2019-02-04,7.654644966125488,7.85837984085083,7.6255388259887695,7.843828201293945,5.0231499671936035,20320829,False
ITUB,2019-02-05,7.589158058166504,7.610987186431885,7.399974822998047,7.429080009460449,4.757549285888672,87499404,False
ITUB,2019-02-06,7.276278018951416,7.3199357986450195,7.123476028442383,7.138029098510742,4.571162223815918,47397446,False
ITUB,2019-02-07,7.20351505279541,7.210792064666748,7.021607875823975,7.101646900177002,4.547861099243164,39374801,False
ITUB,2019-02-08,7.290831089019775,7.3199357986450195,7.036160945892334,7.232619762420654,4.631732940673828,40239391,False
ITUB,2019-02-11,7.20351505279541,7.210792064666748,7.021607875823975,7.116199970245361,4.557180881500244,22748031,False
ITUB,2019-02-12,7.254448890686035,7.41452693939209,7.210792064666748,7.3417649269104,4.701632976531982,27483969,False
ITUB,2019-02-13,7.247172832489014,7.276278018951416,7.087094783782959,7.152581214904785,4.580481052398682,20689836,False
ITUB,2019-02-14,7.014331817626953,7.385422229766846,6.9925031661987305,7.327211856842041,4.692313194274902,36781442,False
ITUB,2019-02-15,7.3344879150390625,7.378146171569824,7.232619762420654,7.363593101501465,4.71561336517334,25948843,False
ITUB,2019-02-19,7.312658786773682,7.41452693939209,7.305383205413818,7.356317043304443,4.710951328277588,18135096,False
ITUB,2019-02-20,7.3417649269104,7.458185195922852,7.239896774291992,7.247172832489014,4.641056060791016,22792147,False
ITUB,2019-02-21,7.2180681228637695,7.327211856842041,7.152581214904785,7.298107147216797,4.673675537109375,52522182,False
ITUB,2019-02-22,7.065266132354736,7.123476028442383,7.0434370040893555,7.072542190551758,4.760358810424805,17971963,False
ITUB,2019-02-25,7.145305156707764,7.152581214904785,6.985227108001709,6.999780178070068,4.711385250091553,14132363,False
ITUB,2019-02-26,6.999780178070068,7.036160945892334,6.963397979736328,7.00705623626709,4.716282844543457,13560779,False
ITUB,2019-02-27,6.985227108001709,7.0288848876953125,6.948845863342285,6.999780178070068,4.711385250091553,12717491,False
ITUB,2019-02-28,6.934292793273926,6.941568851470947,6.788766860961914,6.839701175689697,4.603639125823975,23939987,False
ITUB,2019-03-01,6.781490802764893,6.817873001098633,6.716004848480225,6.752386093139648,4.546806335449219,21712886,False
ITUB,2019-03-04,6.752386093139648,6.868806838989258,6.65051794052124,6.730556964874268,4.532105445861816,14186099,False
ITUB,2019-03-05,6.75966215133667,6.781490802764893,6.672347068786621,6.745110034942627,4.541905403137207,10252494,False
ITUB,2019-03-06,6.7378339767456055,6.766939163208008,6.55592679977417,6.628688812255859,4.463512897491455,28281354,False
ITUB,2019-03-07,6.628688812255859,6.657793998718262,6.534098148345947,6.657793998718262,4.483109951019287,59512294,False
ITUB,2019-03-08,6.621413230895996,6.730556964874268,6.614137172698975,6.694176197052002,4.507607936859131,16735067,False
ITUB,2019-03-11,6.825149059295654,6.999780178070068,6.810595989227295,6.9925031661987305,4.70849084854126,22305360,False
ITUB,2019-03-12,6.9925031661987305,7.0434370040893555,6.963397979736328,7.014331817626953,4.723189830780029,17873149,False
ITUB,2019-03-13,7.00705623626709,7.188962936401367,6.963397979736328,7.123476028442383,4.7966837882995605,18888640,False
ITUB,2019-03-14,7.065266132354736,7.079819202423096,6.868806838989258,6.948845863342285,4.679095268249512,23695219,False
ITUB,2019-03-15,6.999780178070068,7.057990074157715,6.956121921539307,6.97067403793335,4.693793773651123,27882249,False
ITUB,2019-03-18,6.9925031661987305,7.101646900177002,6.985227108001709,7.087094783782959,4.7721848487854,17210859,False
ITUB,2019-03-19,7.079819202423096,7.087094783782959,6.912464141845703,6.941568851470947,4.674192428588867,28669053,False
ITUB,2019-03-20,6.883358955383301,6.963397979736328,6.766939163208008,6.825149059295654,4.595799922943115,26434531,False
ITUB,2019-03-21,6.781490802764893,6.781490802764893,6.483163833618164,6.643241882324219,4.473311424255371,44689881,False
ITUB,2019-03-22,6.34491491317749,6.403124809265137,6.228494167327881,6.2648749351501465,4.218533515930176,57917522,False
ITUB,2019-03-25,6.286704063415527,6.4395060539245605,6.279428005218506,6.3158087730407715,4.252828121185303,24790834,False
ITUB,2019-03-26,6.395847797393799,6.41767692565918,6.293981075286865,6.395847797393799,4.306726932525635,22883952,False
ITUB,2019-03-27,6.2139410972595215,6.257598876953125,6.053863048553467,6.068416118621826,4.086245536804199,43229794,False
ITUB,2019-03-28,6.075692176818848,6.395847797393799,6.053863048553467,6.323085784912109,4.257730007171631,45934336,False
ITUB,2019-03-29,6.403124809265137,6.446782112121582,6.3158087730407715,6.410400867462158,4.316525936126709,34041854,False
ITUB,2019-04-01,6.504992961883545,6.526821136474609,6.395847797393799,6.41767692565918,4.323388576507568,31174729,False
ITUB,2019-04-02,6.4395060539245605,6.4395060539245605,6.3158087730407715,6.381296157836914,4.298879146575928,20024523,False
ITUB,2019-04-03,6.432229995727539,6.475887775421143,6.24304723739624,6.257598876953125,4.215548992156982,45185739,False
ITUB,2019-04-04,6.24304723739624,6.446782112121582,6.228494167327881,6.410400867462158,4.318487644195557,18712864,False
ITUB,2019-04-05,6.381296157836914,6.534098148345947,6.366743087768555,6.497715950012207,4.377307415008545,17375504,False
ITUB,2019-04-08,6.468610763549805,6.519545078277588,6.41767692565918,6.497715950012207,4.377307415008545,13111236,False
ITUB,2019-04-09,6.45405912399292,6.45405912399292,6.34491491317749,6.4395060539245605,4.338094711303711,14037809,False
ITUB,2019-04-10,6.504992961883545,6.534098148345947,6.41767692565918,6.475887775421143,4.362603187561035,24092262,False
ITUB,2019-04-11,6.403124809265137,6.432229995727539,6.2648749351501465,6.323085784912109,4.2596659660339355,22869797,False
ITUB,2019-04-12,6.279428005218506,6.374020099639893,6.104796886444092,6.177559852600098,4.161627769470215,43642917,False
ITUB,2019-04-15,6.2648749351501465,6.272151947021484,6.141179084777832,6.1993889808654785,4.176332473754883,19956631,False
ITUB,2019-04-16,6.184835910797119,6.272151947021484,6.126626014709473,6.155731201171875,4.1469244956970215,44312215,False
ITUB,2019-04-17,6.177559852600098,6.192112922668457,5.915614128112793,6.017481803894043,4.053790092468262,31899001,False
ITUB,2019-04-18,5.981101036071777,6.177559852600098,5.951994895935059,6.104796886444092,4.112610340118408,23881715,False
ITUB,2019-04-22,6.075692176818848,6.1484551429748535,6.01020622253418,6.068416118621826,4.088101387023926,14359264,False
ITUB,2019-04-23,6.119349956512451,6.2066650390625,6.075692176818848,6.170283794403076,4.156728267669678,14152565,False
ITUB,2019-04-24,6.104796886444092,6.11207389831543,5.99565315246582,6.061140060424805,4.083200931549072,20771059,False
ITUB,2019-04-25,6.082968235015869,6.228494167327881,5.981101036071777,6.184835910797119,4.166530132293701,21145976,False
ITUB,2019-04-26,6.184835910797119,6.293981075286865,6.163008213043213,6.2503228187561035,4.210646152496338,12469287,False
ITUB,2019-04-29,6.279428005218506,6.3158087730407715,6.184835910797119,6.2066650390625,4.181236743927002,20207996,False
ITUB,2019-04-30,6.257598876953125,6.323085784912109,6.155731201171875,6.293981075286865,4.240058898925781,30566314,False
ITUB,2019-05-01,6.301257133483887,6.337637901306152,6.192112922668457,6.2066650390625,4.181236743927002,14765241,False
ITUB,2019-05-02,6.1993889808654785,6.301257133483887,6.177559852600098,6.257598876953125,4.217527866363525,15378054,False
ITUB,2019-05-03,6.257598876953125,6.301257133483887,6.221218109130859,6.2503228187561035,4.212621212005615,53395293,False
ITUB,2019-05-06,6.11207389831543,6.141179084777832,6.061140060424805,6.068416118621826,4.090018272399902,20762126,False
ITUB,2019-05-07,5.930167198181152,5.99565315246582,5.828299045562744,5.99565315246582,4.040978908538818,40099622,False
ITUB,2019-05-08,6.133902072906494,6.192112922668457,6.090244770050049,6.090244770050049,4.104733943939209,19614561,False
ITUB,2019-05-09,5.9738240242004395,6.068416118621826,5.9083380699157715,5.988377094268799,4.036074161529541,23657012,False
ITUB,2019-05-10,6.046586990356445,6.068416118621826,5.879232883453369,5.988377094268799,4.036074161529541,16085559,False
ITUB,2019-05-13,5.835575103759766,5.86467981338501,5.791916847229004,5.821022033691406,3.923279047012329,30003389,False
ITUB,2019-05-14,5.879232883453369,5.886508941650391,5.799193859100342,5.828299045562744,3.928185224533081,17458376,False
ITUB,2019-05-15,5.6682209968566895,5.828299045562744,5.65366792678833,5.770089149475098,3.8889527320861816,20103822,False
ITUB,2019-05-16,5.704601764678955,5.76281213760376,5.631838798522949,5.6682209968566895,3.8202953338623047,20047612,False
ITUB,2019-05-17,5.6682209968566895,5.7191548347473145,5.522695064544678,5.580904960632324,3.7614450454711914,46235039,False
ITUB,2019-05-20,5.595458030700684,5.76281213760376,5.573628902435303,5.740983009338379,3.8693363666534424,50958882,False
ITUB,2019-05-21,5.791916847229004,6.046586990356445,5.748260021209717,5.988377094268799,4.036074161529541,48273169,False
ITUB,2019-05-22,6.061140060424805,6.11207389831543,5.9738240242004395,6.053863048553467,4.080211639404297,36096064,False
ITUB,2019-05-23,5.9738240242004395,6.090244770050049,5.944718837738037,6.046586990356445,4.075311183929443,37326226,False
ITUB,2019-05-24,6.075692176818848,6.075692176818848,5.9738240242004395,6.0247578620910645,4.0605950355529785,24466080,False
ITUB,2019-05-28,6.053863048553467,6.170283794403076,6.017481803894043,6.119349956512451,4.124346733093262,26548051,False
ITUB,2019-05-29,6.2139410972595215,6.381296157836914,6.192112922668457,6.3158087730407715,4.256756782531738,33854121,False
ITUB,2019-05-30,6.374020099639893,6.475887775421143,6.374020099639893,6.395847797393799,4.310705661773682,16115244,False
ITUB,2019-05-31,6.424953937530518,6.570478916168213,6.41767692565918,6.475887775421143,4.364649295806885,24440242,False
ITUB,2019-06-03,6.55592679977417,6.563202857971191,6.468610763549805,6.519545078277588,4.396050930023193,18820336,False
ITUB,2019-06-04,6.55592679977417,6.606861114501953,6.519545078277588,6.585031986236572,4.440207004547119,23023447,False
ITUB,2019-06-05,6.585031986236572,6.592308044433594,6.3885722160339355,6.4395060539245605,4.34208345413208,16327578,False
ITUB,2019-06-06,6.497715950012207,6.548649787902832,6.4395060539245605,6.483163833618164,4.371519088745117,11519351,False
ITUB,2019-06-07,6.519545078277588,6.65051794052124,6.504992961883545,6.585031986236572,4.440207004547119,23387644,False
ITUB,2019-06-10,6.4904398918151855,6.534098148345947,6.3885722160339355,6.526821136474609,4.400957107543945,25327234,False
ITUB,2019-06-11,6.548649787902832,6.585031986236572,6.4395060539245605,6.577754974365234,4.435300350189209,30673099,False
ITUB,2019-06-12,6.563202857971191,6.6650710105896,6.497715950012207,6.519545078277588,4.396050930023193,24688309,False
ITUB,2019-06-13,6.468610763549805,6.541374206542969,6.359467029571533,6.4395060539245605,4.34208345413208,34745236,False
ITUB,2019-06-14,6.352190971374512,6.374020099639893,6.257598876953125,6.34491491317749,4.278299331665039,29098530,False
ITUB,2019-06-17,6.366743087768555,6.424953937530518,6.330361843109131,6.34491491317749,4.278299331665039,17293594,False
ITUB,2019-06-18,6.4395060539245605,6.55592679977417,6.432229995727539,6.526821136474609,4.400957107543945,18967252,False
ITUB,2019-06-19,6.519545078277588,6.694176197052002,6.461335182189941,6.65051794052124,4.4843645095825195,25939910,False
ITUB,2019-06-20,6.745110034942627,6.832425117492676,6.7378339767456055,6.781490802764893,4.57267951965332,19853557,False
ITUB,2019-06-21,6.7378339767456055,6.854253768920898,6.730556964874268,6.817873001098633,4.597209453582764,24186129,False
ITUB,2019-06-24,6.832425117492676,6.934292793273926,6.788766860961914,6.854253768920898,4.621739864349365,20737525,False
ITUB,2019-06-25,6.846978187561035,6.868806838989258,6.701451778411865,6.730556964874268,4.538332462310791,33065119,False
ITUB,2019-06-26,6.817873001098633,6.890635013580322,6.745110034942627,6.868806838989258,4.63155460357666,21744084,False
ITUB,2019-06-27,6.788766860961914,6.890635013580322,6.679623126983643,6.839701175689697,4.611927032470703,24027944,False
ITUB,2019-06-28,6.890635013580322,6.919740200042725,6.839701175689697,6.854253768920898,4.621739864349365,23749092,False
ITUB,2019-07-01,6.963397979736328,6.9925031661987305,6.781490802764893,6.839701175689697,4.613888263702393,19814113,False
ITUB,2019-07-02,6.788766860961914,6.890635013580322,6.6869001388549805,6.796043872833252,4.584438323974609,20245653,False
ITUB,2019-07-03,6.745110034942627,6.876082897186279,6.745110034942627,6.832425117492676,4.608980178833008,9090362,False
ITUB,2019-07-05,6.985227108001709,7.10892391204834,6.948845863342285,7.072542190551758,4.770956993103027,31757720,False
ITUB,2019-07-08,7.101646900177002,7.116199970245361,7.050713062286377,7.087094783782959,4.780772686004639,15864979,False
ITUB,2019-07-09,7.00705623626709,7.167133808135986,6.963397979736328,7.10892391204834,4.795496940612793,21656539,False
ITUB,2019-07-10,7.2180681228637695,7.261725902557373,7.138029098510742,7.159858226776123,4.829855918884277,29558244,False
ITUB,2019-07-11,7.123476028442383,7.181685924530029,7.079819202423096,7.174409866333008,4.839674949645996,17349529,False
ITUB,2019-07-12,7.188962936401367,7.225344181060791,7.079819202423096,7.0943708419799805,4.785680294036865,19812877,False
ITUB,2019-07-15,7.0943708419799805,7.123476028442383,6.9779510498046875,6.9925031661987305,4.716963291168213,14789842,False
ITUB,2019-07-16,7.014331817626953,7.065266132354736,6.9779510498046875,6.999780178070068,4.721872329711914,16588838,False
ITUB,2019-07-17,7.0434370040893555,7.116199970245361,7.00705623626709,7.036160945892334,4.746415138244629,14351843,False
ITUB,2019-07-18,7.050713062286377,7.239896774291992,7.050713062286377,7.232619762420654,4.878940582275391,22011391,False
ITUB,2019-07-19,7.188962936401367,7.2180681228637695,7.0288848876953125,7.0434370040893555,4.751321315765381,24081130,False
ITUB,2019-07-22,7.159858226776123,7.225344181060791,7.079819202423096,7.167133808135986,4.83476448059082,18191856,False
ITUB,2019-07-23,7.130753040313721,7.210792064666748,7.057990074157715,7.174409866333008,4.839674949645996,23397539,False
ITUB,2019-07-24,7.188962936401367,7.2835540771484375,7.130753040313721,7.159858226776123,4.829855918884277,20625380,False
ITUB,2019-07-25,7.087094783782959,7.0943708419799805,6.883358955383301,6.905188083648682,4.658063888549805,23580462,False
ITUB,2019-07-26,6.9925031661987305,7.123476028442383,6.905188083648682,7.057990074157715,4.761136531829834,26415565,False
ITUB,2019-07-29,7.087094783782959,7.087094783782959,6.97067403793335,7.057990074157715,4.761136531829834,22889312,False
ITUB,2019-07-30,6.846978187561035,6.9925031661987305,6.781490802764893,6.810595989227295,4.594249725341797,30622661,False
ITUB,2019-07-31,6.825149059295654,6.839701175689697,6.592308044433594,6.657793998718262,4.491177082061768,37206659,False
ITUB,2019-08-01,6.752386093139648,6.868806838989258,6.592308044433594,6.614137172698975,4.46367883682251,47863481,False
ITUB,2019-08-02,6.577754974365234,6.614137172698975,6.45405912399292,6.534098148345947,4.409663200378418,39137454,False
ITUB,2019-08-05,6.323085784912109,6.403124809265137,6.286704063415527,6.352190971374512,4.286900997161865,33697035,False
ITUB,2019-08-06,6.461335182189941,6.504992961883545,6.366743087768555,6.483163833618164,4.375288963317871,23744832,False
ITUB,2019-08-07,6.432229995727539,6.723280906677246,6.41767692565918,6.708727836608887,4.527516841888428,39299213,False
ITUB,2019-08-08,6.803319931030273,6.89791202545166,6.781490802764893,6.803319931030273,4.591351509094238,25954890,False
ITUB,2019-08-09,6.796043872833252,6.832425117492676,6.6869001388549805,6.745110034942627,4.552067756652832,15965992,False
ITUB,2019-08-12,6.483163833618164,6.512269020080566,6.366743087768555,6.446782112121582,4.35073709487915,26484144,False
ITUB,2019-08-13,6.410400867462158,6.643241882324219,6.366743087768555,6.548649787902832,4.419484615325928,20181746,False
ITUB,2019-08-14,6.374020099639893,6.446782112121582,6.301257133483887,6.323085784912109,4.267256736755371,21340168,False
ITUB,2019-08-15,6.3158087730407715,6.4395060539245605,6.2648749351501465,6.374020099639893,4.301631927490234,18058408,False
ITUB,2019-08-16,6.3158087730407715,6.337637901306152,6.192112922668457,6.24304723739624,4.307659149169922,19653729,False
ITUB,2019-08-19,6.286704063415527,6.4395060539245605,6.068416118621826,6.104796886444092,4.212264537811279,23682987,False
ITUB,2019-08-20,6.09752082824707,6.221218109130859,6.039310932159424,6.09752082824707,4.20724630355835,22445266,False
ITUB,2019-08-21,6.163008213043213,6.221218109130859,6.090244770050049,6.177559852600098,4.262470245361328,19581577,False
ITUB,2019-08-22,6.104796886444092,6.184835910797119,5.99565315246582,6.017481803894043,4.152017116546631,20471180,False
ITUB,2019-08-23,5.966547966003418,6.082968235015869,5.821022033691406,5.8574042320251465,4.041565418243408,50487625,False
ITUB,2019-08-26,5.879232883453369,5.886508941650391,5.733706951141357,5.821022033691406,4.016463756561279,33758605,False
ITUB,2019-08-27,5.893784999847412,5.9738240242004395,5.806469917297363,5.86467981338501,4.046588897705078,27298572,False
ITUB,2019-08-28,5.850128173828125,5.981101036071777,5.842851161956787,5.937442779541016,4.096789836883545,19296953,False
ITUB,2019-08-29,5.9592719078063965,6.039310932159424,5.850128173828125,5.99565315246582,4.13695764541626,14816641,False
ITUB,2019-08-30,6.046586990356445,6.046586990356445,5.937442779541016,5.99565315246582,4.13695764541626,26089575,False
ITUB,2019-09-03,5.8574042320251465,5.9228901863098145,5.711877822875977,5.76281213760376,3.978229522705078,25607597,False
ITUB,2019-09-04,5.8574042320251465,5.871955871582031,5.799193859100342,5.871955871582031,4.053574085235596,21286570,False
ITUB,2019-09-05,5.99565315246582,6.192112922668457,5.99565315246582,6.0247578620910645,4.159059524536133,42074120,False
ITUB,2019-09-06,6.155731201171875,6.308533191680908,6.155731201171875,6.24304723739624,4.309751033782959,32433202,False
ITUB,2019-09-09,6.3158087730407715,6.461335182189941,6.3158087730407715,6.3885722160339355,4.410208702087402,32426056,False
ITUB,2019-09-10,6.308533191680908,6.3885722160339355,6.221218109130859,6.2648749351501465,4.324819564819336,28503446,False
ITUB,2019-09-11,6.272151947021484,6.359467029571533,6.228494167327881,6.293981075286865,4.344912528991699,17115206,False
ITUB,2019-09-12,6.381296157836914,6.381296157836914,6.286704063415527,6.286704063415527,4.339885234832764,19802981,False
ITUB,2019-09-13,6.3885722160339355,6.512269020080566,6.337637901306152,6.352190971374512,4.385093688964844,35168529,False
ITUB,2019-09-16,6.235770225524902,6.308533191680908,6.192112922668457,6.2139410972595215,4.289655685424805,25131118,False
ITUB,2019-09-17,6.2066650390625,6.301257133483887,6.177559852600098,6.286704063415527,4.339885234832764,16578118,False
ITUB,2019-09-18,6.286704063415527,6.3158087730407715,6.155731201171875,6.228494167327881,4.299703121185303,14968779,False
ITUB,2019-09-19,6.257598876953125,6.301257133483887,6.032034873962402,6.046586990356445,4.174126148223877,21247676,False
ITUB,2019-09-20,6.068416118621826,6.126626014709473,6.017481803894043,6.068416118621826,4.189196586608887,26856862,False
ITUB,2019-09-23,6.002929210662842,6.0247578620910645,5.951994895935059,6.002929210662842,4.143989086151123,16346819,False
ITUB,2019-09-24,6.032034873962402,6.032034873962402,5.930167198181152,5.9592719078063965,4.1138529777526855,13541401,False
ITUB,2019-09-25,5.937442779541016,6.090244770050049,5.9228901863098145,6.053863048553467,4.179149150848389,16776022,False
ITUB,2019-09-26,6.082968235015869,6.235770225524902,6.068416118621826,6.1993889808654785,4.2796101570129395,21064753,False
ITUB,2019-09-27,6.192112922668457,6.2139410972595215,6.09752082824707,6.1993889808654785,4.2796101570129395,12202942,False
ITUB,2019-09-30,6.2139410972595215,6.228494167327881,6.104796886444092,6.119349956512451,4.224356174468994,10069434,False
ITUB,2019-10-01,6.104796886444092,6.133902072906494,5.9738240242004395,5.988377094268799,4.135910987854004,15802310,False
ITUB,2019-10-02,5.915614128112793,5.915614128112793,5.777365207672119,5.850128173828125,4.040427207946777,22654852,False
ITUB,2019-10-03,5.879232883453369,5.966547966003418,5.799193859100342,5.842851161956787,4.035402297973633,45869192,False
ITUB,2019-10-04,5.871955871582031,5.988377094268799,5.835575103759766,5.988377094268799,4.135910987854004,67315322,False
ITUB,2019-10-07,5.930167198181152,6.002929210662842,5.791916847229004,5.813745975494385,4.01530122756958,30858634,False
ITUB,2019-10-08,5.813745975494385,5.9083380699157715,5.770089149475098,5.777365207672119,3.9901745319366455,27160589,False
ITUB,2019-10-09,5.842851161956787,5.9228901863098145,5.76281213760376,5.871955871582031,4.055501937866211,19442770,False
ITUB,2019-10-10,5.813745975494385,5.9228901863098145,5.806469917297363,5.871955871582031,4.055501937866211,29796552,False
ITUB,2019-10-11,5.937442779541016,6.061140060424805,5.9228901863098145,6.01020622253418,4.150989055633545,25648415,False
ITUB,2019-10-14,5.988377094268799,6.068416118621826,5.9738240242004395,6.017481803894043,4.156012535095215,12260664,False
ITUB,2019-10-15,6.017481803894043,6.053863048553467,5.981101036071777,6.002929210662842,4.145962715148926,16473944,False
ITUB,2019-10-16,5.886508941650391,6.090244770050049,5.86467981338501,6.082968235015869,4.201241970062256,20803768,False
ITUB,2019-10-17,6.141179084777832,6.163008213043213,5.9738240242004395,6.01020622253418,4.150989055633545,24452199,False
ITUB,2019-10-18,5.966547966003418,6.061140060424805,5.951994895935059,6.017481803894043,4.156012535095215,13034823,False
ITUB,2019-10-21,5.988377094268799,6.11207389831543,5.937442779541016,6.082968235015869,4.201241970062256,18192818,False
ITUB,2019-10-22,6.133902072906494,6.381296157836914,6.133902072906494,6.323085784912109,4.3670783042907715,37683139,False
ITUB,2019-10-23,6.374020099639893,6.548649787902832,6.359467029571533,6.512269020080566,4.497739315032959,36010443,False
ITUB,2019-10-24,6.577754974365234,6.657793998718262,6.512269020080566,6.548649787902832,4.522867202758789,26960212,False
ITUB,2019-10-25,6.585031986236572,6.701451778411865,6.563202857971191,6.614137172698975,4.568096160888672,22808089,False
ITUB,2019-10-28,6.708727836608887,6.817873001098633,6.701451778411865,6.745110034942627,4.658552646636963,24232719,False
ITUB,2019-10-29,6.694176197052002,6.716004848480225,6.621413230895996,6.635965824127197,4.583171367645264,18175089,False
ITUB,2019-10-30,6.526821136474609,6.708727836608887,6.45405912399292,6.679623126983643,4.613324165344238,30899314,False
ITUB,2019-10-31,6.585031986236572,6.592308044433594,6.432229995727539,6.570478916168213,4.5379438400268555,27967458,False
ITUB,2019-11-01,6.635965824127197,6.716004848480225,6.519545078277588,6.592308044433594,4.555037975311279,25107067,False
ITUB,2019-11-04,6.628688812255859,6.635965824127197,6.534098148345947,6.563202857971191,4.5349273681640625,20203598,False
ITUB,2019-11-05,6.723280906677246,6.75966215133667,6.6650710105896,6.6869001388549805,4.620396137237549,56092963,False
ITUB,2019-11-06,6.548649787902832,6.635965824127197,6.483163833618164,6.519545078277588,4.504759788513184,30295296,False
ITUB,2019-11-07,6.504992961883545,6.519545078277588,6.446782112121582,6.4904398918151855,4.484651565551758,20729279,False
ITUB,2019-11-08,6.34491491317749,6.395847797393799,6.2648749351501465,6.3158087730407715,4.363989353179932,25477036,False
ITUB,2019-11-11,6.359467029571533,6.410400867462158,6.323085784912109,6.337637901306152,4.3790693283081055,65740753,False
ITUB,2019-11-12,6.24304723739624,6.272151947021484,6.1484551429748535,6.2139410972595215,4.293600082397461,22158994,False
ITUB,2019-11-13,6.126626014709473,6.170283794403076,6.082968235015869,6.155731201171875,4.253378868103027,23278522,False
ITUB,2019-11-14,6.133902072906494,6.1993889808654785,6.11207389831543,6.141179084777832,4.243322849273682,17503729,False
ITUB,2019-11-15,6.184835910797119,6.235770225524902,6.184835910797119,6.228494167327881,4.303656578063965,10046070,False
ITUB,2019-11-18,6.235770225524902,6.2503228187561035,6.104796886444092,6.119349956512451,4.228240966796875,12080489,False
ITUB,2019-11-19,6.046586990356445,6.068416118621826,5.981101036071777,6.039310932159424,4.172939300537109,20293205,False
ITUB,2019-11-20,5.981101036071777,6.039310932159424,5.9592719078063965,6.0247578620910645,4.1628828048706055,11860322,False
ITUB,2019-11-21,6.053863048553467,6.133902072906494,6.017481803894043,6.119349956512451,4.228240966796875,25559358,False
ITUB,2019-11-22,6.155731201171875,6.2139410972595215,6.133902072906494,6.170283794403076,4.263435363769531,13504569,False
ITUB,2019-11-25,6.104796886444092,6.1484551429748535,6.002929210662842,6.061140060424805,4.188021659851074,27504034,False
ITUB,2019-11-26,5.944718837738037,5.951994895935059,5.821022033691406,5.90106201171875,4.077410697937012,49051176,False
ITUB,2019-11-27,5.90106201171875,5.9592719078063965,5.821022033691406,5.937442779541016,4.102550506591797,38827955,False
ITUB,2019-11-29,5.937442779541016,5.966547966003418,5.915614128112793,5.9228901863098145,4.092494964599609,9448100,False
ITUB,2019-12-02,6.039310932159424,6.11207389831543,6.002929210662842,6.075692176818848,4.200140476226807,32749710,False
ITUB,2019-12-03,6.11207389831543,6.141179084777832,6.0247578620910645,6.082968235015869,4.205169677734375,20449053,False
ITUB,2019-12-04,6.177559852600098,6.323085784912109,6.170283794403076,6.2648749351501465,4.330923080444336,39259769,False
ITUB,2019-12-05,6.352190971374512,6.381296157836914,6.279428005218506,6.3158087730407715,4.366132736206055,24484221,False
ITUB,2019-12-06,6.337637901306152,6.359467029571533,6.228494167327881,6.279428005218506,4.340981960296631,44463254,False
ITUB,2019-12-09,6.235770225524902,6.475887775421143,6.228494167327881,6.403124809265137,4.4264936447143555,28522824,False
ITUB,2019-12-10,6.3885722160339355,6.3885722160339355,6.2503228187561035,6.293981075286865,4.351044178009033,19426278,False
ITUB,2019-12-11,6.352190971374512,6.432229995727539,6.24304723739624,6.2503228187561035,4.32086181640625,34842676,False
ITUB,2019-12-12,6.279428005218506,6.352190971374512,6.257598876953125,6.3158087730407715,4.366132736206055,24526688,False
ITUB,2019-12-13,6.272151947021484,6.446782112121582,6.272151947021484,6.403124809265137,4.431090831756592,23169950,False
ITUB,2019-12-16,6.45405912399292,6.534098148345947,6.374020099639893,6.374020099639893,4.410947799682617,22599466,False
ITUB,2019-12-17,6.359467029571533,6.468610763549805,6.330361843109131,6.403124809265137,4.431090831756592,17726508,False
ITUB,2019-12-18,6.424953937530518,6.570478916168213,6.41767692565918,6.534098148345947,4.521728038787842,20671557,False
ITUB,2019-12-19,6.461335182189941,6.563202857971191,6.461335182189941,6.541374206542969,4.526758193969727,18809342,False
ITUB,2019-12-20,6.497715950012207,6.512269020080566,6.424953937530518,6.424953937530518,4.446196556091309,19169965,False
ITUB,2019-12-23,6.497715950012207,6.55592679977417,6.475887775421143,6.512269020080566,4.506621360778809,12443175,False
ITUB,2019-12-24,6.548649787902832,6.548649787902832,6.497715950012207,6.497715950012207,4.496549129486084,3047849,False
ITUB,2019-12-26,6.599584102630615,6.679623126983643,6.599584102630615,6.657793998718262,4.607326507568359,11756697,False
ITUB,2019-12-27,6.701451778411865,6.701451778411865,6.599584102630615,6.628688812255859,4.587185382843018,12559718,False
ITUB,2019-12-30,6.730556964874268,6.7378339767456055,6.643241882324219,6.657793998718262,4.607326507568359,15106624,False
ITUB,2019-12-31,6.606861114501953,6.672347068786621,6.606861114501953,6.657793998718262,4.607326507568359,5151947,False
ITUB,2020-01-02,6.701451778411865,6.839701175689697,6.694176197052002,6.825149059295654,4.725205421447754,14889893,False
ITUB,2020-01-03,6.745110034942627,6.832425117492676,6.716004848480225,6.766939163208008,4.684904098510742,21425239,False
ITUB,2020-01-06,6.621413230895996,6.701451778411865,6.577754974365234,6.621413230895996,4.5841546058654785,18242568,False
ITUB,2020-01-07,6.512269020080566,6.534098148345947,6.45405912399292,6.461335182189941,4.473327159881592,24101745,False
ITUB,2020-01-08,6.41767692565918,6.483163833618164,6.352190971374512,6.366743087768555,4.407841205596924,33060858,False
ITUB,2020-01-09,6.184835910797119,6.257598876953125,6.119349956512451,6.228494167327881,4.312128067016602,49782045,False
ITUB,2020-01-10,6.257598876953125,6.279428005218506,6.11207389831543,6.1484551429748535,4.256712913513184,38071112,False
ITUB,2020-01-13,6.119349956512451,6.2139410972595215,6.119349956512451,6.163008213043213,4.266790390014648,48982322,False
ITUB,2020-01-14,6.11207389831543,6.155731201171875,6.068416118621826,6.155731201171875,4.261752128601074,46384016,False
ITUB,2020-01-15,6.053863048553467,6.061140060424805,5.9738240242004395,6.0247578620910645,4.171077251434326,42669342,False
ITUB,2020-01-16,6.017481803894043,6.075692176818848,5.9592719078063965,6.0247578620910645,4.171077251434326,30109212,False
ITUB,2020-01-17,6.090244770050049,6.119349956512451,6.046586990356445,6.082968235015869,4.211374759674072,29339450,False
ITUB,2020-01-21,5.937442779541016,5.9592719078063965,5.755536079406738,5.791916847229004,4.009876251220703,48977925,False
ITUB,2020-01-22,5.850128173828125,5.871955871582031,5.799193859100342,5.828299045562744,4.035062789916992,24330571,False
ITUB,2020-01-23,5.90106201171875,6.046586990356445,5.8574042320251465,5.9738240242004395,4.135813236236572,47088360,False
ITUB,2020-01-24,5.9738240242004395,5.99565315246582,5.86467981338501,5.915614128112793,4.095513343811035,15686316,False
ITUB,2020-01-27,5.813745975494385,5.8574042320251465,5.755536079406738,5.770089149475098,3.9947638511657715,27819717,False
ITUB,2020-01-28,5.791916847229004,5.806469917297363,5.7191548347473145,5.791916847229004,4.009876251220703,20994250,False
ITUB,2020-01-29,5.791916847229004,5.821022033691406,5.65366792678833,5.6682209968566895,3.924238443374634,29246133,False
ITUB,2020-01-30,5.602734088897705,5.682773113250732,5.544524192810059,5.682773113250732,3.934311628341675,65456679,False
ITUB,2020-01-31,5.580904960632324,5.610010147094727,5.493589878082275,5.537248134613037,3.8335626125335693,49465262,False
ITUB,2020-02-03,5.602734088897705,5.682773113250732,5.602734088897705,5.602734088897705,3.8789007663726807,23556686,False
ITUB,2020-02-04,5.675497055053711,5.704601764678955,5.624563217163086,5.639115810394287,3.9040868282318115,17452741,False
ITUB,2020-02-05,5.76281213760376,5.784640789031982,5.690049171447754,5.690049171447754,3.9393515586853027,36018689,False
ITUB,2020-02-06,5.740983009338379,5.748260021209717,5.595458030700684,5.65366792678833,3.9141602516174316,39995173,False
ITUB,2020-02-07,5.610010147094727,5.7191548347473145,5.602734088897705,5.646391868591309,3.910635471343994,51090818,False
ITUB,2020-02-10,5.660943984985352,5.791916847229004,5.631838798522949,5.740983009338379,3.9761476516723633,66891341,False
ITUB,2020-02-11,5.9083380699157715,5.951994895935059,5.806469917297363,5.86467981338501,4.061819076538086,66649871,False
ITUB,2020-02-12,5.893784999847412,5.9083380699157715,5.777365207672119,5.784640789031982,4.006384372711182,48930648,False
ITUB,2020-02-13,5.76281213760376,5.791916847229004,5.697326183319092,5.740983009338379,3.9761476516723633,25887411,False
ITUB,2020-02-14,5.755536079406738,5.76281213760376,5.675497055053711,5.711877822875977,3.9559898376464844,21206446,False
ITUB,2020-02-18,5.588181972503662,5.602734088897705,5.486313819885254,5.588181972503662,3.870319128036499,29450496,False
ITUB,2020-02-19,5.660943984985352,5.690049171447754,5.610010147094727,5.639115810394287,3.905595541000366,27858611,False
ITUB,2020-02-20,5.624563217163086,5.65366792678833,5.566352844238281,5.610010147094727,3.88543701171875,21747520,False
ITUB,2020-02-21,5.515419006347656,5.610010147094727,5.508142948150635,5.544524192810059,3.840082883834839,23922807,False
ITUB,2020-02-24,5.377170085906982,5.377170085906982,5.231644153594971,5.340787887573242,3.6989781856536865,23780839,False
ITUB,2020-02-25,5.173433780670166,5.20981502532959,5.093395233154297,5.1297760009765625,3.660552978515625,21590434,False
ITUB,2020-02-26,5.166156768798828,5.231644153594971,5.042460918426514,5.086118221282959,3.6294000148773193,41369777,False
ITUB,2020-02-27,5.049736976623535,5.253472805023193,5.035183906555176,5.057013034820557,3.608631134033203,52768461,False
ITUB,2020-02-28,4.99880313873291,5.187985897064209,4.969697952270508,5.144329071044922,3.6709389686584473,66289385,False
ITUB,2020-03-02,5.137052059173584,5.224368095397949,5.049736976623535,5.187985897064209,3.7036643028259277,55175186,False
ITUB,2020-03-03,5.071566104888916,5.187985897064209,4.976974010467529,5.057013034820557,3.6101632118225098,56324400,False
ITUB,2020-03-04,5.057013034820557,5.071566104888916,4.955144882202148,5.0642900466918945,3.61535906791687,42992722,False
ITUB,2020-03-05,4.875105857849121,4.896934986114502,4.736856937408447,4.846001148223877,3.4595224857330322,58240352,False
ITUB,2020-03-06,4.707752227783203,4.758686065673828,4.605884075164795,4.65681791305542,3.324467420578003,50445845,False
ITUB,2020-03-09,4.293004035949707,4.343937873840332,4.089268207550049,4.125649929046631,2.9452695846557617,59919370,True
ITUB,2020-03-10,4.438529968261719,4.489463806152344,4.278451919555664,4.474911212921143,3.1946051120758057,48757070,False
ITUB,2020-03-11,4.358490943908691,4.380319118499756,3.8418750762939453,4.023781776428223,2.872546672821045,90706951,True
ITUB,2020-03-12,3.5071659088134766,3.6963489055633545,3.223391056060791,3.470784902572632,2.477766990661621,76922294,True
ITUB,2020-03-13,4.21296501159668,4.21296501159668,3.587204933166504,3.9946770668029785,2.8517701625823975,102202663,True
ITUB,2020-03-16,3.57265305519104,3.761836051940918,3.412574052810669,3.4416799545288086,2.456989049911499,57482960,True
ITUB,2020-03-17,3.5289950370788574,3.87825608253479,3.3689169883728027,3.565376043319702,2.5452938079833984,53477615,False
ITUB,2020-03-18,3.2524960041046143,3.4562320709228516,3.0269320011138916,3.223391056060791,2.301154851913452,68497794,True
ITUB,2020-03-19,3.136075973510742,3.3834691047668457,2.983273983001709,3.2670490741729736,2.332322597503662,68692399,False
ITUB,2020-03-20,3.361639976501465,3.4052979946136475,3.1287999153137207,3.1870100498199463,2.2751824855804443,74680213,False
ITUB,2020-03-23,3.0414841175079346,3.070589065551758,2.7868149280548096,2.9250640869140625,2.0881800651550293,52423230,False
ITUB,2020-03-24,3.179733991622925,3.3398120403289795,3.0924179553985596,3.2452199459075928,2.3167383670806885,34215432,True
ITUB,2020-03-25,3.2161149978637695,3.6599678993225098,3.150628089904785,3.4344029426574707,2.451793670654297,91813698,False
ITUB,2020-03-26,3.5435469150543213,3.616309881210327,3.485337018966675,3.565376043319702,2.5452938079833984,80662255,False
ITUB,2020-03-27,3.3107070922851562,3.463507890701294,3.223391056060791,3.32525897026062,2.373878002166748,58090825,False
ITUB,2020-03-30,3.32525897026062,3.499890089035034,3.223391056060791,3.412574052810669,2.4362106323242188,43915309,False
ITUB,2020-03-31,3.3689169883728027,3.3834691047668457,3.1870100498199463,3.2670490741729736,2.332322597503662,41320713,False
ITUB,2020-04-01,3.070589065551758,3.099694013595581,2.9396159648895264,2.9687209129333496,2.12076473236084,36791337,False
ITUB,2020-04-02,2.9614450931549072,3.0487608909606934,2.9396159648895264,2.983273983001709,2.1311607360839844,32017880,False
ITUB,2020-04-03,2.8886818885803223,2.8886818885803223,2.7358810901641846,2.8377480506896973,2.0271997451782227,50916965,False
ITUB,2020-04-06,3.0924179553985596,3.150628089904785,3.00510311126709,3.034208059310913,2.1675467491149902,47092208,False
ITUB,2020-04-07,3.3325350284576416,3.361639976501465,3.157905101776123,3.1870100498199463,2.276702880859375,45412640,False
ITUB,2020-04-08,3.223391056060791,3.4416799545288086,3.1942861080169678,3.4052979946136475,2.432640790939331,40610048,False
ITUB,2020-04-09,3.485337018966675,3.550823926925659,3.347088098526001,3.376193046569824,2.4118494987487793,40536933,False
ITUB,2020-04-13,3.296154022216797,3.376193046569824,3.208838939666748,3.361639976501465,2.401453733444214,34988492,False
ITUB,2020-04-14,3.4416799545288086,3.5435469150543213,3.398021936416626,3.412574052810669,2.437840461730957,36524168,False
ITUB,2020-04-15,3.2670490741729736,3.398021936416626,3.2161149978637695,3.274324893951416,2.339077949523926,29293685,False
ITUB,2020-04-16,3.274324893951416,3.2816009521484375,3.1287999153137207,3.136075973510742,2.2403175830841064,33831857,False
ITUB,2020-04-17,3.2670490741729736,3.274324893951416,3.121522903442383,3.2161149978637695,2.2974963188171387,24356133,False
ITUB,2020-04-20,3.136075973510742,3.1433520317077637,3.070589065551758,3.0924179553985596,2.20913028717041,37179310,False
ITUB,2020-04-21,3.034208059310913,3.056036949157715,2.932339906692505,2.9468929767608643,2.1051714420318604,45512279,False
ITUB,2020-04-22,3.0196549892425537,3.106971025466919,2.9905500411987305,2.9978270530700684,2.141556739807129,82083586,False
ITUB,2020-04-23,3.0123789310455322,3.0123789310455322,2.88140606880188,2.910511016845703,2.079180955886841,61184302,False
ITUB,2020-04-24,2.7868149280548096,2.7868149280548096,2.6121840476989746,2.6631178855895996,1.9024507999420166,83348931,False
ITUB,2020-04-27,2.8231959342956543,2.866853952407837,2.7286040782928467,2.764986038208008,1.975222110748291,52498268,False
ITUB,2020-04-28,2.983273983001709,3.1142470836639404,2.932339906692505,3.0924179553985596,2.20913028717041,81741378,True
ITUB,2020-04-29,3.136075973510742,3.2670490741729736,3.1142470836639404,3.2524960041046143,2.323483943939209,53025598,False
ITUB,2020-04-30,3.0924179553985596,3.136075973510742,3.0487608909606934,3.0633130073547363,2.188338279724121,39061591,False
ITUB,2020-05-01,2.983273983001709,3.0414841175079346,2.917788028717041,2.9468929767608643,2.106673002243042,23544730,False
ITUB,2020-05-04,2.859576940536499,2.9396159648895264,2.845025062561035,2.932339906692505,2.096269369125366,53457000,False
ITUB,2020-05-05,2.8886818885803223,3.0924179553985596,2.88140606880188,2.9687209129333496,2.1222763061523438,46259227,False
ITUB,2020-05-06,2.917788028717041,2.9396159648895264,2.830471992492676,2.845025062561035,2.0338494777679443,42232580,False
ITUB,2020-05-07,2.764986038208008,2.7795379161834717,2.6340129375457764,2.721328020095825,1.945421576499939,75021597,False
ITUB,2020-05-08,2.7722620964050293,2.917788028717041,2.764986038208008,2.89595890045166,2.0702602863311768,46890869,False
ITUB,2020-05-11,2.859576940536499,2.917788028717041,2.808643102645874,2.8231959342956543,2.0182433128356934,65070080,False
ITUB,2020-05-12,2.815920114517212,2.8886818885803223,2.692223072052002,2.6994988918304443,1.9298151731491089,66293371,False
ITUB,2020-05-13,2.721328020095825,2.7358810901641846,2.6121840476989746,2.6849470138549805,1.9194117784500122,43966296,False
ITUB,2020-05-14,2.604907989501953,2.830471992492676,2.5321450233459473,2.8231959342956543,2.0182433128356934,78493976,False
ITUB,2020-05-15,2.815920114517212,2.88140606880188,2.6994988918304443,2.7286040782928467,1.9506218433380127,41920608,False
ITUB,2020-05-18,2.8523008823394775,2.9250640869140625,2.7722620964050293,2.89595890045166,2.0702602863311768,44819892,False
ITUB,2020-05-19,2.866853952407837,2.866853952407837,2.721328020095825,2.743156909942627,1.9610261917114258,56475027,False
ITUB,2020-05-20,2.7868149280548096,2.808643102645874,2.7140519618988037,2.7722620964050293,1.9818328619003296,61482532,False
ITUB,2020-05-21,2.8886818885803223,2.9759979248046875,2.8741300106048584,2.9614450931549072,2.1170742511749268,73019337,False
ITUB,2020-05-22,2.9687209129333496,3.056036949157715,2.88140606880188,2.9687209129333496,2.1222763061523438,43967121,False
ITUB,2020-05-26,3.2524960041046143,3.259773015975952,3.056036949157715,3.070589065551758,2.1951000690460205,72569931,False
ITUB,2020-05-27,3.2452199459075928,3.274324893951416,3.1651809215545654,3.2670490741729736,2.335545301437378,48394659,False
ITUB,2020-05-28,3.2524960041046143,3.259773015975952,3.1433520317077637,3.150628089904785,2.2523183822631836,34767088,False
ITUB,2020-05-29,3.0778660774230957,3.1651809215545654,3.0414841175079346,3.0924179553985596,2.2107059955596924,51581591,False
ITUB,2020-06-01,3.150628089904785,3.2306671142578125,3.1287999153137207,3.1942861080169678,2.2851412296295166,49150403,False
ITUB,2020-06-02,3.3179829120635986,3.5289950370788574,3.3179829120635986,3.514441967010498,2.514176368713379,74478049,False
ITUB,2020-06-03,3.7982170581817627,3.8200459480285645,3.689073085784912,3.7036259174346924,2.649515151977539,63162649,False
ITUB,2020-06-04,3.689073085784912,3.834599018096924,3.616309881210327,3.8200459480285645,2.732799768447876,73603976,False
ITUB,2020-06-05,4.162031173706055,4.21296501159668,3.9655721187591553,4.023781776428223,2.878549337387085,54132346,False
ITUB,2020-06-08,4.081992149353027,4.278451919555664,4.052886962890625,4.256622791290283,3.04512095451355,41494153,False
ITUB,2020-06-09,4.0601630210876465,4.21296501159668,4.052886962890625,4.118372917175293,2.9462175369262695,36084657,False
ITUB,2020-06-10,4.176583766937256,4.183859825134277,3.900084972381592,3.900084972381592,2.7900593280792236,51398530,False
ITUB,2020-06-11,3.6745200157165527,3.761836051940918,3.521718978881836,3.5944809913635254,2.57143497467041,55454862,False
ITUB,2020-06-12,3.776387929916382,3.8418750762939453,3.6599678993225098,3.7472829818725586,2.6807470321655273,52002410,False
ITUB,2020-06-15,3.57265305519104,3.7181780338287354,3.499890089035034,3.638139009475708,2.6026666164398193,51936030,False
ITUB,2020-06-16,3.761836051940918,3.790940999984741,3.6017580032348633,3.6526920795440674,2.6130778789520264,45109463,False
ITUB,2020-06-17,3.689073085784912,3.75455904006958,3.6308629512786865,3.6817970275878906,2.6338987350463867,26882837,False
ITUB,2020-06-18,3.638139009475708,3.812769889831543,3.6308629512786865,3.7036259174346924,2.649515151977539,49790840,False
ITUB,2020-06-19,3.812769889831543,3.856426954269409,3.725454092025757,3.834599018096924,2.7432117462158203,54489259,False
ITUB,2020-06-22,3.885533094406128,3.9073610305786133,3.7036259174346924,3.7472829818725586,2.6807470321655273,26603848,False
ITUB,2020-06-23,3.790940999984741,3.8928089141845703,3.740006923675537,3.805493116378784,2.722390651702881,42695729,False
ITUB,2020-06-24,3.710901975631714,3.710901975631714,3.499890089035034,3.521718978881836,2.519381523132324,72733064,False
ITUB,2020-06-25,3.587204933166504,3.6017580032348633,3.4416799545288086,3.5580999851226807,2.5454084873199463,68854020,False
ITUB,2020-06-26,3.4562320709228516,3.4780609607696533,3.398021936416626,3.412574052810669,2.441300868988037,28203705,False
ITUB,2020-06-29,3.4926130771636963,3.550823926925659,3.427126884460449,3.536271095275879,2.5297930240631104,24891297,False
ITUB,2020-06-30,3.470784902572632,3.485337018966675,3.398021936416626,3.412574052810669,2.441300868988037,34456764,False
ITUB,2020-07-01,3.427126884460449,3.5799291133880615,3.427126884460449,3.565376043319702,2.552245616912842,26101256,False
ITUB,2020-07-02,3.638139009475708,3.75455904006958,3.5799291133880615,3.587204933166504,2.5678722858428955,35408075,False
ITUB,2020-07-06,3.725454092025757,3.805493116378784,3.710901975631714,3.7472829818725586,2.682462453842163,30719002,False
ITUB,2020-07-07,3.75455904006958,3.7982170581817627,3.536271095275879,3.536271095275879,2.5314109325408936,71998073,False
ITUB,2020-07-08,3.6090340614318848,3.6817970275878906,3.5944809913635254,3.6526920795440674,2.614751100540161,28705610,False
ITUB,2020-07-09,3.689073085784912,3.7181780338287354,3.616309881210327,3.6745200157165527,2.6303746700286865,31725698,False
ITUB,2020-07-10,3.616309881210327,3.725454092025757,3.5944809913635254,3.7036259174346924,2.651211738586426,26338191,False
ITUB,2020-07-13,3.7181780338287354,3.725454092025757,3.6235859394073486,3.6235859394073486,2.5939152240753174,18799584,False
ITUB,2020-07-14,3.5799291133880615,3.725454092025757,3.521718978881836,3.7181780338287354,2.6616272926330566,28702449,False
ITUB,2020-07-15,3.761836051940918,3.7982170581817627,3.6526920795440674,3.6963489055633545,2.6460015773773193,20206072,False
ITUB,2020-07-16,3.6672439575195312,3.710901975631714,3.6454150676727295,3.6526920795440674,2.614751100540161,23714459,False
ITUB,2020-07-17,3.689073085784912,3.710901975631714,3.6454150676727295,3.6526920795440674,2.614751100540161,18207798,False
ITUB,2020-07-20,3.638139009475708,3.740006923675537,3.6308629512786865,3.7036259174346924,2.651211738586426,24780251,False
ITUB,2020-07-21,3.834599018096924,3.929189920425415,3.805493116378784,3.863703966140747,2.7658021450042725,36508638,False
ITUB,2020-07-22,3.8709800243377686,3.8928089141845703,3.7982170581817627,3.8709800243377686,2.7710111141204834,24576163,False
ITUB,2020-07-23,3.790940999984741,3.8200459480285645,3.689073085784912,3.6963489055633545,2.6460015773773193,22504775,False
ITUB,2020-07-24,3.6745200157165527,3.761836051940918,3.6090340614318848,3.7036259174346924,2.651211738586426,20947110,False
ITUB,2020-07-27,3.7036259174346924,3.9219141006469727,3.7036259174346924,3.900084972381592,2.7918448448181152,36353064,False
ITUB,2020-07-28,3.863703966140747,3.9655721187591553,3.863703966140747,3.885533094406128,2.7814273834228516,22203247,False
ITUB,2020-07-29,3.9582951068878174,4.001953125,3.929189920425415,3.9655721187591553,2.83872389793396,24942560,False
ITUB,2020-07-30,3.9219141006469727,3.951019048690796,3.8200459480285645,3.914638042449951,2.8022632598876953,19429439,False
ITUB,2020-07-31,3.8418750762939453,3.8418750762939453,3.7036259174346924,3.710901975631714,2.6564202308654785,23005855,False
ITUB,2020-08-03,3.6672439575195312,3.7691121101379395,3.6017580032348633,3.6454150676727295,2.6110782623291016,39185418,False
ITUB,2020-08-04,3.5799291133880615,3.6308629512786865,3.4416799545288086,3.5435469150543213,2.5381124019622803,48357278,False
ITUB,2020-08-05,3.57265305519104,3.6090340614318848,3.4562320709228516,3.514441967010498,2.5172650814056396,45371685,False
ITUB,2020-08-06,3.4926130771636963,3.565376043319702,3.4562320709228516,3.521718978881836,2.5224785804748535,30594350,False
ITUB,2020-08-07,3.44895601272583,3.5435469150543213,3.3907461166381836,3.412574052810669,2.4443016052246094,47795727,False
ITUB,2020-08-10,3.44895601272583,3.4926130771636963,3.398021936416626,3.44895601272583,2.470360279083252,27960724,False
ITUB,2020-08-11,3.485337018966675,3.499890089035034,3.427126884460449,3.427126884460449,2.4547250270843506,31946415,False
ITUB,2020-08-12,3.4562320709228516,3.4562320709228516,3.3034300804138184,3.3543639183044434,2.4026076793670654,35402303,False
ITUB,2020-08-13,3.398021936416626,3.463507890701294,3.3034300804138184,3.3179829120635986,2.3765487670898438,34580729,False
ITUB,2020-08-14,3.3034300804138184,3.376193046569824,3.2888779640197754,3.3034300804138184,2.3661255836486816,32662166,False
ITUB,2020-08-17,3.296154022216797,3.3034300804138184,3.1433520317077637,3.172456979751587,2.2723138332366943,38256922,False
ITUB,2020-08-18,3.2524960041046143,3.2816009521484375,3.1651809215545654,3.20156192779541,2.2984328269958496,61403233,False
ITUB,2020-08-19,3.1942861080169678,3.2161149978637695,3.157905101776123,3.1651809215545654,2.27231502532959,30835270,False
ITUB,2020-08-20,3.056036949157715,3.157905101776123,3.00510311126709,3.136075973510742,2.25141978263855,40351399,False
ITUB,2020-08-21,3.121522903442383,3.121522903442383,3.070589065551758,3.099694013595581,2.2253005504608154,34345993,False
ITUB,2020-08-24,3.172456979751587,3.2161149978637695,3.1433520317077637,3.1651809215545654,2.27231502532959,41208018,False
ITUB,2020-08-25,3.179733991622925,3.1942861080169678,3.106971025466919,3.172456979751587,2.2775375843048096,55420779,False
ITUB,2020-08-26,3.172456979751587,3.172456979751587,3.0196549892425537,3.070589065551758,2.204406499862671,33279102,False
ITUB,2020-08-27,3.121522903442383,3.179733991622925,3.0924179553985596,3.1287999153137207,2.246196746826172,37589822,False
ITUB,2020-08-28,3.1942861080169678,3.274324893951416,3.179733991622925,3.259773015975952,2.3402230739593506,167273431,False
ITUB,2020-08-31,3.20156192779541,3.20156192779541,3.099694013595581,3.099694013595581,2.2253005504608154,58052482,False
ITUB,2020-09-01,3.1942861080169678,3.274324893951416,3.179733991622925,3.2524960041046143,2.3366451263427734,90094000,False
ITUB,2020-09-02,3.2379438877105713,3.2816009521484375,3.2161149978637695,3.259773015975952,2.341872453689575,31960433,False
ITUB,2020-09-03,3.3398120403289795,3.470784902572632,3.3398120403289795,3.3907461166381836,2.4359655380249023,82754396,False
ITUB,2020-09-04,3.419851064682007,3.4562320709228516,3.3398120403289795,3.3834691047668457,2.4307384490966797,56766659,False
ITUB,2020-09-08,3.3179829120635986,3.3398120403289795,3.274324893951416,3.274324893951416,2.3523263931274414,34067692,False
ITUB,2020-09-09,3.3398120403289795,3.3543639183044434,3.2888779640197754,3.32525897026062,2.388918399810791,29478670,False
ITUB,2020-09-10,3.3398120403289795,3.376193046569824,3.2452199459075928,3.2452199459075928,2.3314175605773926,30736731,False
ITUB,2020-09-11,3.2379438877105713,3.2670490741729736,3.172456979751587,3.208838939666748,2.305281400680542,16829758,False
ITUB,2020-09-14,3.20156192779541,3.3179829120635986,3.172456979751587,3.2888779640197754,2.362781524658203,33441822,False
ITUB,2020-09-15,3.3034300804138184,3.3325350284576416,3.223391056060791,3.259773015975952,2.341872453689575,29915569,False
ITUB,2020-09-16,3.259773015975952,3.32525897026062,3.2306671142578125,3.2524960041046143,2.3366451263427734,27635145,False
ITUB,2020-09-17,3.20156192779541,3.2816009521484375,3.1942861080169678,3.2816009521484375,2.3575539588928223,25494902,False
ITUB,2020-09-18,3.20156192779541,3.2161149978637695,3.056036949157715,3.085141897201538,2.2164146900177,61377808,False
ITUB,2020-09-21,3.0123789310455322,3.085141897201538,2.9759979248046875,3.034208059310913,2.179823160171509,34922662,False
ITUB,2020-09-22,3.099694013595581,3.121522903442383,3.00510311126709,3.070589065551758,2.2059600353240967,30670213,False
ITUB,2020-09-23,3.00510311126709,3.0414841175079346,2.89595890045166,2.9032349586486816,2.085728883743286,28936085,False
ITUB,2020-09-24,2.932339906692505,3.0633130073547363,2.9032349586486816,2.9978270530700684,2.153686761856079,44761346,False
ITUB,2020-09-25,2.9541690349578857,2.983273983001709,2.917788028717041,2.9759979248046875,2.138005018234253,33172454,False
ITUB,2020-09-28,3.0924179553985596,3.1142470836639404,2.88140606880188,2.917788028717041,2.0961852073669434,33890266,False
ITUB,2020-09-29,2.8886818885803223,2.9468929767608643,2.830471992492676,2.830471992492676,2.033456325531006,30120069,False
ITUB,2020-09-30,2.859576940536499,2.917788028717041,2.8523008823394775,2.89595890045166,2.080502510070801,23814373,False
ITUB,2020-10-01,2.8741300106048584,2.88140606880188,2.830471992492676,2.8741300106048584,2.066378355026245,17258686,False
ITUB,2020-10-02,2.866853952407837,2.9978270530700684,2.859576940536499,2.89595890045166,2.0820720195770264,40435370,False
ITUB,2020-10-05,2.8741300106048584,2.9905500411987305,2.859576940536499,2.9759979248046875,2.139618158340454,21750818,False
ITUB,2020-10-06,3.00510311126709,3.0778660774230957,2.917788028717041,2.9614450931549072,2.1291534900665283,43050306,False
ITUB,2020-10-07,2.9687209129333496,2.983273983001709,2.89595890045166,2.9032349586486816,2.0873024463653564,31948751,False
ITUB,2020-10-08,2.932339906692505,3.136075973510742,2.910511016845703,3.106971025466919,2.233781099319458,50058147,False
ITUB,2020-10-09,3.0924179553985596,3.223391056060791,3.070589065551758,3.136075973510742,2.2547059059143066,56202772,False
ITUB,2020-10-12,3.1287999153137207,3.179733991622925,3.099694013595581,3.157905101776123,2.2704005241394043,17842639,False
ITUB,2020-10-13,3.099694013595581,3.136075973510742,3.0487608909606934,3.0924179553985596,2.2233176231384277,42743831,False
ITUB,2020-10-14,3.0924179553985596,3.121522903442383,3.056036949157715,3.0778660774230957,2.212855577468872,23077458,False
ITUB,2020-10-15,3.0123789310455322,3.070589065551758,2.9978270530700684,3.034208059310913,2.1814675331115723,27995494,False
ITUB,2020-10-16,2.9978270530700684,3.0123789310455322,2.9614450931549072,2.9687209129333496,2.1343839168548584,30354805,False
ITUB,2020-10-19,2.9978270530700684,3.1142470836639404,2.9614450931549072,2.9978270530700684,2.155311346054077,39378374,False
ITUB,2020-10-20,3.0924179553985596,3.179733991622925,3.0924179553985596,3.136075973510742,2.2547059059143066,39807439,False
ITUB,2020-10-21,3.106971025466919,3.2379438877105713,3.106971025466919,3.157905101776123,2.2704005241394043,60365477,False
ITUB,2020-10-22,3.1870100498199463,3.347088098526001,3.1870100498199463,3.3325350284576416,2.3959522247314453,47978925,False
ITUB,2020-10-23,3.3834691047668457,3.412574052810669,3.2670490741729736,3.2670490741729736,2.348870277404785,38860527,False
ITUB,2020-10-26,3.274324893951416,3.3325350284576416,3.223391056060791,3.2888779640197754,2.3645639419555664,41075121,False
ITUB,2020-10-27,3.274324893951416,3.3034300804138184,3.150628089904785,3.179733991622925,2.286095142364502,53295929,False
ITUB,2020-10-28,3.034208059310913,3.0778660774230957,2.9468929767608643,2.9541690349578857,2.1239233016967773,42181181,False
ITUB,2020-10-29,2.932339906692505,3.0269320011138916,2.88140606880188,3.0123789310455322,2.165773630142212,57743120,False
ITUB,2020-10-30,2.9759979248046875,2.9978270530700684,2.910511016845703,2.9759979248046875,2.139618158340454,52081572,False
ITUB,2020-11-02,2.9759979248046875,3.0196549892425537,2.9541690349578857,2.983273983001709,2.146423101425171,15811380,False
ITUB,2020-11-03,3.070589065551758,3.099694013595581,2.9978270530700684,3.034208059310913,2.1830689907073975,48490175,False
ITUB,2020-11-04,3.1433520317077637,3.2524960041046143,3.1433520317077637,3.179733991622925,2.287773370742798,70273702,False
ITUB,2020-11-05,3.347088098526001,3.3834691047668457,3.296154022216797,3.3689169883728027,2.423887252807617,66515600,False
ITUB,2020-11-06,3.3689169883728027,3.463507890701294,3.3179829120635986,3.44895601272583,2.481473922729492,49533291,False
ITUB,2020-11-09,3.776387929916382,3.812769889831543,3.6308629512786865,3.7327311038970947,2.6856465339660645,98315649,False
ITUB,2020-11-10,3.790940999984741,3.929189920425415,3.75455904006958,3.9219141006469727,2.8217613697052,92661109,False
ITUB,2020-11-11,3.8200459480285645,3.9073610305786133,3.7982170581817627,3.856426954269409,2.774643659591675,67414823,False
ITUB,2020-11-12,3.7836649417877197,3.827322006225586,3.6526920795440674,3.710901975631714,2.6699411869049072,60598014,False
ITUB,2020-11-13,3.7181780338287354,3.805493116378784,3.7036259174346924,3.790940999984741,2.727527618408203,47406654,False
ITUB,2020-11-16,3.929189920425415,3.9728479385375977,3.87825608253479,3.9364659786224365,2.8322298526763916,65799849,False
ITUB,2020-11-17,3.8928089141845703,4.031057834625244,3.885533094406128,4.016506195068359,2.8898184299468994,62387802,False
ITUB,2020-11-18,3.9728479385375977,4.023781776428223,3.8928089141845703,3.9219141006469727,2.8217613697052,64832734,False
ITUB,2020-11-19,3.9437429904937744,4.0092291831970215,3.900084972381592,3.929189920425415,2.826996088027954,63157289,False
ITUB,2020-11-20,3.8928089141845703,3.9219141006469727,3.8200459480285645,3.8491508960723877,2.769408702850342,35283561,False
ITUB,2020-11-23,3.900084972381592,3.914638042449951,3.8418750762939453,3.8928089141845703,2.800818920135498,59170361,False
ITUB,2020-11-24,4.0092291831970215,4.089268207550049,3.9874000549316406,4.052886962890625,2.91599440574646,61559219,False
ITUB,2020-11-25,3.9582951068878174,4.074716091156006,3.951019048690796,4.038333892822266,2.905522584915161,89690635,False
ITUB,2020-11-27,3.9946770668029785,4.074716091156006,3.9874000549316406,4.001953125,2.879347324371338,49508553,False
ITUB,2020-11-30,3.9437429904937744,4.016506195068359,3.863703966140747,3.8928089141845703,2.800818920135498,64559655,False
ITUB,2020-12-01,4.023781776428223,4.2347941398620605,4.016506195068359,4.169307231903076,3.0014395713806152,79776363,False
ITUB,2020-12-02,4.1110968589782715,4.220241069793701,4.089268207550049,4.19841194152832,3.022392988204956,51043679,False
ITUB,2020-12-03,4.271174907684326,4.394872188568115,4.227518081665039,4.256622791290283,3.0642974376678467,64790404,False
ITUB,2020-12-04,4.2347941398620605,4.343937873840332,4.227518081665039,4.322109222412109,3.111440658569336,52644909,False
ITUB,2020-12-07,4.416700839996338,4.474911212921143,4.307557106018066,4.365767002105713,3.1428680419921875,63433254,False
ITUB,2020-12-08,4.4021477699279785,4.467635154724121,4.314833164215088,4.329384803771973,3.1166775226593018,47023904,False
ITUB,2020-12-09,4.373043060302734,4.409424781799316,4.2857279777526855,4.343937873840332,3.127154588699341,52738638,False
ITUB,2020-12-10,4.431252956390381,4.605884075164795,4.394872188568115,4.584054946899414,3.30001163482666,68842476,False
ITUB,2020-12-11,4.489463806152344,4.547674179077148,4.467635154724121,4.540398120880127,3.274301290512085,54234596,False
ITUB,2020-12-14,4.525845050811768,4.55495023727417,4.4021477699279785,4.4021477699279785,3.1746022701263428,48807233,False
ITUB,2020-12-15,4.431252956390381,4.504015922546387,4.409424781799316,4.496739864349365,3.242816686630249,41767782,False
ITUB,2020-12-16,4.474911212921143,4.5913310050964355,4.409424781799316,4.569502830505371,3.2952890396118164,51528129,False
ITUB,2020-12-17,4.598608016967773,4.634988784790039,4.518568992614746,4.576778888702393,3.3005378246307373,41535933,False
ITUB,2020-12-18,4.55495023727417,4.605884075164795,4.533121109008789,4.55495023727417,3.284794569015503,60718405,False
ITUB,2020-12-21,4.453082084655762,4.489463806152344,4.394872188568115,4.423976898193359,3.1903440952301025,61344274,False
ITUB,2020-12-22,4.44580602645874,4.489463806152344,4.380319118499756,4.409424781799316,3.1798501014709473,51789115,False
ITUB,2020-12-23,4.44580602645874,4.496739864349365,4.431252956390381,4.482186794281006,3.232320785522461,45613567,False
ITUB,2020-12-24,4.489463806152344,4.511291980743408,4.431252956390381,4.504015922546387,3.2480649948120117,11750925,False
ITUB,2020-12-28,4.489463806152344,4.489463806152344,4.409424781799316,4.460358142852783,3.2165801525115967,35874110,False
ITUB,2020-12-29,4.504015922546387,4.525845050811768,4.460358142852783,4.482186794281006,3.232320785522461,49343221,False
ITUB,2020-12-30,4.467635154724121,4.533121109008789,4.44580602645874,4.460358142852783,3.2165801525115967,40697043,False
ITUB,2020-12-31,4.474911212921143,4.474911212921143,4.416700839996338,4.431252956390381,3.1955909729003906,11290937,False
ITUB,2021-01-04,4.44580602645874,4.460358142852783,4.263898849487305,4.2857279777526855,3.0921690464019775,44521251,False
ITUB,2021-01-05,4.169307231903076,4.293004035949707,4.147479057312012,4.256622791290283,3.071169137954712,50452854,False
ITUB,2021-01-06,4.2857279777526855,4.438529968261719,4.263898849487305,4.365767002105713,3.1499176025390625,63433667,False
ITUB,2021-01-07,4.44580602645874,4.467635154724121,4.358490943908691,4.44580602645874,3.2076663970947266,51802446,False
ITUB,2021-01-08,4.474911212921143,4.496739864349365,4.380319118499756,4.416700839996338,3.1866660118103027,60024231,False
ITUB,2021-01-11,4.278451919555664,4.322109222412109,4.21296501159668,4.293004035949707,3.097419023513794,59967472,False
ITUB,2021-01-12,4.278451919555664,4.431252956390381,4.256622791290283,4.387596130371094,3.16566801071167,48492786,False
ITUB,2021-01-13,4.416700839996338,4.423976898193359,4.2857279777526855,4.3366618156433105,3.128917932510376,52597357,False
ITUB,2021-01-14,4.394872188568115,4.620437145233154,4.380319118499756,4.584054946899414,3.3074145317077637,65299868,False
ITUB,2021-01-15,4.416700839996338,4.438529968261719,4.314833164215088,4.3366618156433105,3.128917932510376,43816907,False
ITUB,2021-01-19,4.307557106018066,4.329384803771973,4.176583766937256,4.220241069793701,3.044919729232788,51372693,False
ITUB,2021-01-20,4.205688953399658,4.220241069793701,4.140202045440674,4.169307231903076,3.0081710815429688,28931412,False
ITUB,2021-01-21,4.118372917175293,4.132925987243652,4.031057834625244,4.0601630210876465,2.9294233322143555,38195489,False
ITUB,2021-01-22,3.9655721187591553,3.980123996734619,3.8709800243377686,3.929189920425415,2.834926128387451,48643825,False
ITUB,2021-01-25,3.8928089141845703,3.8928089141845703,3.790940999984741,3.812769889831543,2.7555229663848877,39174149,False
ITUB,2021-01-26,4.001953125,4.0092291831970215,3.8418750762939453,3.8491508960723877,2.7818145751953125,49567787,False
ITUB,2021-01-27,3.8418750762939453,3.9219141006469727,3.761836051940918,3.827322006225586,2.766038179397583,50847837,False
ITUB,2021-01-28,3.8928089141845703,3.980123996734619,3.856426954269409,3.9364659786224365,2.8449172973632812,62191273,False
ITUB,2021-01-29,3.863703966140747,3.885533094406128,3.75455904006958,3.7982170581817627,2.745004177093506,66585965,False
ITUB,2021-02-01,3.914638042449951,3.9364659786224365,3.8200459480285645,3.8928089141845703,2.814984083175659,58523327,False
ITUB,2021-02-02,3.9364659786224365,3.9655721187591553,3.827322006225586,3.8709800243377686,2.799199342727661,63157564,False
ITUB,2021-02-03,3.9073610305786133,3.9437429904937744,3.8200459480285645,3.834599018096924,2.7728919982910156,44646177,False
ITUB,2021-02-04,3.812769889831543,3.8200459480285645,3.7691121101379395,3.805493116378784,2.751843214035034,48183288,False
ITUB,2021-02-05,3.8200459480285645,3.8491508960723877,3.761836051940918,3.805493116378784,2.751843214035034,56448777,False
ITUB,2021-02-08,3.776387929916382,3.8418750762939453,3.7181780338287354,3.7327311038970947,2.699228286743164,60470476,False
ITUB,2021-02-09,3.6817970275878906,3.8418750762939453,3.6599678993225098,3.761836051940918,2.720273971557617,49179264,False
ITUB,2021-02-10,3.75455904006958,3.776387929916382,3.689073085784912,3.75455904006958,2.715012550354004,36334373,False
ITUB,2021-02-11,3.805493116378784,3.8200459480285645,3.710901975631714,3.761836051940918,2.720273971557617,29130415,False
ITUB,2021-02-12,3.725454092025757,3.8200459480285645,3.7181780338287354,3.761836051940918,2.720273971557617,35962342,False
ITUB,2021-02-16,3.7836649417877197,3.812769889831543,3.725454092025757,3.7691121101379395,2.725536823272705,20298702,False
ITUB,2021-02-17,3.7691121101379395,3.812769889831543,3.725454092025757,3.805493116378784,2.751843214035034,43289989,False
ITUB,2021-02-18,3.790940999984741,3.834599018096924,3.725454092025757,3.7472829818725586,2.7097508907318115,48263548,False
ITUB,2021-02-19,3.7691121101379395,3.834599018096924,3.6817970275878906,3.7327311038970947,2.699228286743164,58694980,False
ITUB,2021-02-22,3.4926130771636963,3.5071659088134766,3.3834691047668457,3.3834691047668457,2.446668863296509,143717294,True
ITUB,2021-02-23,3.536271095275879,3.6454150676727295,3.4780609607696533,3.638139009475708,2.630826234817505,106206221,False
ITUB,2021-02-24,3.565376043319702,3.6090340614318848,3.5435469150543213,3.6017580032348633,2.6045186519622803,53182684,False
ITUB,2021-02-25,3.57265305519104,3.587204933166504,3.4052979946136475,3.419851064682007,2.472977638244629,66190983,False
ITUB,2021-02-26,3.463507890701294,3.485337018966675,3.296154022216797,3.296154022216797,2.39678692817688,68001112,False
ITUB,2021-03-01,3.3107070922851562,3.361639976501465,3.2161149978637695,3.223391056060791,2.3454318046569824,60815020,False
ITUB,2021-03-02,3.1942861080169678,3.3907461166381836,3.150628089904785,3.3107070922851562,2.4089653491973877,101140719,False
ITUB,2021-03-03,3.2306671142578125,3.376193046569824,3.136075973510742,3.3034300804138184,2.403669834136963,132924689,False
ITUB,2021-03-04,3.4926130771636963,3.536271095275879,3.3689169883728027,3.398021936416626,2.4724972248077393,109160204,False
ITUB,2021-03-05,3.5435469150543213,3.5435469150543213,3.427126884460449,3.521718978881836,2.562502145767212,91580887,False
ITUB,2021-03-08,3.5071659088134766,3.550823926925659,3.32525897026062,3.347088098526001,2.435436248779297,101520446,False
ITUB,2021-03-09,3.3543639183044434,3.4562320709228516,3.3034300804138184,3.419851064682007,2.4883806705474854,81078402,False
ITUB,2021-03-10,3.470784902572632,3.521718978881836,3.376193046569824,3.4780609607696533,2.5307364463806152,104971799,False
ITUB,2021-03-11,3.57265305519104,3.5944809913635254,3.485337018966675,3.5799291133880615,2.604858636856079,71650230,False
ITUB,2021-03-12,3.550823926925659,3.587204933166504,3.521718978881836,3.536271095275879,2.5730910301208496,49886356,False
ITUB,2021-03-15,3.514441967010498,3.565376043319702,3.4780609607696533,3.5289950370788574,2.567796468734741,53841950,False
ITUB,2021-03-16,3.5435469150543213,3.550823926925659,3.44895601272583,3.463507890701294,2.5201473236083984,41730401,False
ITUB,2021-03-17,3.4562320709228516,3.638139009475708,3.4416799545288086,3.6090340614318848,2.6260359287261963,66828534,False
ITUB,2021-03-18,3.6963489055633545,3.7472829818725586,3.6308629512786865,3.6454150676727295,2.6525089740753174,62765056,False
ITUB,2021-03-19,3.6817970275878906,3.75455904006958,3.6235859394073486,3.689073085784912,2.684274673461914,61952278,False
ITUB,2021-03-22,3.6235859394073486,3.725454092025757,3.587204933166504,3.7036259174346924,2.694864273071289,60374823,False
ITUB,2021-03-23,3.6745200157165527,3.776387929916382,3.6235859394073486,3.6235859394073486,2.636624813079834,71369455,False
ITUB,2021-03-24,3.6090340614318848,3.6454150676727295,3.4926130771636963,3.5071659088134766,2.5519137382507324,73274000,False
ITUB,2021-03-25,3.463507890701294,3.536271095275879,3.44895601272583,3.5289950370788574,2.567796468734741,66028675,False
ITUB,2021-03-26,3.536271095275879,3.57265305519104,3.4780609607696533,3.5435469150543213,2.583711862564087,39218952,False
ITUB,2021-03-29,3.499890089035034,3.5435469150543213,3.44895601272583,3.5071659088134766,2.557185173034668,47117083,False
ITUB,2021-03-30,3.521718978881836,3.6090340614318848,3.5071659088134766,3.5799291133880615,2.6102395057678223,39267053,False
ITUB,2021-03-31,3.57265305519104,3.638139009475708,3.536271095275879,3.6090340614318848,2.6314620971679688,58178370,False
ITUB,2021-04-01,3.565376043319702,3.587204933166504,3.4416799545288086,3.470784902572632,2.5321907997131348,53226663,False
ITUB,2021-04-05,3.499890089035034,3.550823926925659,3.463507890701294,3.514441967010498,2.564042091369629,47561816,False
ITUB,2021-04-06,3.521718978881836,3.5580999851226807,3.485337018966675,3.5071659088134766,2.558734178543091,39765110,False
ITUB,2021-04-07,3.5289950370788574,3.5580999851226807,3.4416799545288086,3.4780609607696533,2.5374999046325684,48670350,False
ITUB,2021-04-08,3.470784902572632,3.521718978881836,3.44895601272583,3.44895601272583,2.516265869140625,49532466,False
ITUB,2021-04-09,3.419851064682007,3.463507890701294,3.398021936416626,3.427126884460449,2.5003387928009033,32916142,False
ITUB,2021-04-12,3.4344029426574707,3.463507890701294,3.4052979946136475,3.4344029426574707,2.505647897720337,27528909,False
ITUB,2021-04-13,3.398021936416626,3.5071659088134766,3.3907461166381836,3.470784902572632,2.5321907997131348,34213920,False
ITUB,2021-04-14,3.427126884460449,3.587204933166504,3.427126884460449,3.5435469150543213,2.5852768421173096,49662203,False
ITUB,2021-04-15,3.5944809913635254,3.616309881210327,3.521718978881836,3.550823926925659,2.590585947036743,44502147,False
ITUB,2021-04-16,3.521718978881836,3.638139009475708,3.514441967010498,3.6090340614318848,2.6330530643463135,43078068,False
ITUB,2021-04-19,3.57265305519104,3.638139009475708,3.5580999851226807,3.6090340614318848,2.6330530643463135,43588356,False
ITUB,2021-04-20,3.6235859394073486,3.6235859394073486,3.550823926925659,3.565376043319702,2.601203441619873,49095705,False
ITUB,2021-04-21,3.5435469150543213,3.5580999851226807,3.5071659088134766,3.536271095275879,2.579967737197876,15128614,False
ITUB,2021-04-22,3.6235859394073486,3.6526920795440674,3.5799291133880615,3.6308629512786865,2.648979425430298,48335838,False
ITUB,2021-04-23,3.6526920795440674,3.6963489055633545,3.5944809913635254,3.6090340614318848,2.6330530643463135,36361310,False
ITUB,2021-04-26,3.6526920795440674,3.6817970275878906,3.6235859394073486,3.6454150676727295,2.6595959663391113,40588333,False
ITUB,2021-04-27,3.6454150676727295,3.689073085784912,3.5799291133880615,3.587204933166504,2.6171278953552246,40147036,False
ITUB,2021-04-28,3.6599678993225098,3.8200459480285645,3.6454150676727295,3.790940999984741,2.771953582763672,58595067,False
ITUB,2021-04-29,3.7691121101379395,3.790940999984741,3.6599678993225098,3.6817970275878906,2.6921472549438477,49017093,False
ITUB,2021-04-30,3.6672439575195312,3.6963489055633545,3.6235859394073486,3.638139009475708,2.660224199295044,46474035,False
ITUB,2021-05-03,3.7036259174346924,3.776387929916382,3.6817970275878906,3.689073085784912,2.6990864276885986,75485570,False
ITUB,2021-05-04,3.6308629512786865,3.6454150676727295,3.521718978881836,3.565376043319702,2.6085846424102783,65937144,False
ITUB,2021-05-05,3.587204933166504,3.7181780338287354,3.565376043319702,3.6963489055633545,2.7044103145599365,46333303,False
ITUB,2021-05-06,3.710901975631714,3.75455904006958,3.6963489055633545,3.7327311038970947,2.7310287952423096,56853792,False
ITUB,2021-05-07,3.761836051940918,3.834599018096924,3.7472829818725586,3.827322006225586,2.8002350330352783,28459605,False
ITUB,2021-05-10,3.827322006225586,3.900084972381592,3.8200459480285645,3.87825608253479,2.837501049041748,42007053,False
ITUB,2021-05-11,3.812769889831543,3.8928089141845703,3.805493116378784,3.8709800243377686,2.8321774005889893,35676207,False
ITUB,2021-05-12,3.805493116378784,3.834599018096924,3.7327311038970947,3.740006923675537,2.7363524436950684,32537926,False
ITUB,2021-05-13,3.761836051940918,3.900084972381592,3.75455904006958,3.856426954269409,2.82153058052063,56375800,False
ITUB,2021-05-14,3.9655721187591553,4.001953125,3.87825608253479,3.980123996734619,2.912031650543213,56671693,False
ITUB,2021-05-17,3.8928089141845703,3.9946770668029785,3.8709800243377686,3.9728479385375977,2.9067089557647705,47518662,False
ITUB,2021-05-18,3.9874000549316406,4.031057834625244,3.9582951068878174,3.9728479385375977,2.9067089557647705,29312651,False
ITUB,2021-05-19,3.9073610305786133,4.0092291831970215,3.8928089141845703,3.9582951068878174,2.8960604667663574,48949476,False
ITUB,2021-05-20,3.9946770668029785,4.0601630210876465,3.9728479385375977,4.016506195068359,2.9386508464813232,61528984,False
ITUB,2021-05-21,3.9946770668029785,4.001953125,3.914638042449951,3.9728479385375977,2.9067089557647705,62904413,False
ITUB,2021-05-24,3.980123996734619,4.001953125,3.9582951068878174,3.980123996734619,2.912031650543213,24620554,False
ITUB,2021-05-25,3.980123996734619,3.9874000549316406,3.900084972381592,3.9073610305786133,2.863508462905884,29109113,False
ITUB,2021-05-26,3.9437429904937744,4.023781776428223,3.9364659786224365,4.016506195068359,2.943495035171509,24756750,False
ITUB,2021-05-27,4.023781776428223,4.0601630210876465,3.951019048690796,4.0456109046936035,2.9648234844207764,37855480,False
ITUB,2021-05-28,4.031057834625244,4.154755115509033,4.023781776428223,4.147479057312012,3.039477586746216,40150335,False
ITUB,2021-06-01,4.227518081665039,4.2857279777526855,4.205688953399658,4.271174907684326,3.1317760944366455,48814929,False
ITUB,2021-06-02,4.293004035949707,4.533121109008789,4.2857279777526855,4.467635154724121,3.2758281230926514,71170589,False
ITUB,2021-06-03,4.460358142852783,4.547674179077148,4.431252956390381,4.460358142852783,3.270493268966675,39681001,False
ITUB,2021-06-04,4.496739864349365,4.649541854858398,4.489463806152344,4.613160133361816,3.3825316429138184,59005441,False
ITUB,2021-06-07,4.605884075164795,4.773238182067871,4.540398120880127,4.729580879211426,3.4678955078125,106990001,False
ITUB,2021-06-08,4.664093971252441,4.780515193939209,4.613160133361816,4.751410007476807,3.4839026927948,107120562,False
ITUB,2021-06-09,4.729580879211426,4.8896589279174805,4.693199157714844,4.751410007476807,3.4839026927948,85628256,False
ITUB,2021-06-10,4.816895961761475,4.846001148223877,4.685923099517822,4.722303867340088,3.4625608921051025,71465245,False
ITUB,2021-06-11,4.707752227783203,4.707752227783203,4.569502830505371,4.634988784790039,3.398538589477539,53359011,False
ITUB,2021-06-14,4.678647041320801,4.729580879211426,4.613160133361816,4.634988784790039,3.398538589477539,46595113,False
ITUB,2021-06-15,4.671370983123779,4.693199157714844,4.5913310050964355,4.693199157714844,3.4412195682525635,40248737,False
ITUB,2021-06-16,4.671370983123779,4.875105857849121,4.664093971252441,4.758686065673828,3.4892385005950928,102789364,False
ITUB,2021-06-17,4.8896589279174805,4.918764114379883,4.729580879211426,4.744132995605469,3.478567361831665,71498504,False
ITUB,2021-06-18,4.729580879211426,4.76596212387085,4.576778888702393,4.620437145233154,3.3878679275512695,51650445,False
ITUB,2021-06-21,4.685923099517822,4.700476169586182,4.605884075164795,4.671370983123779,3.4252138137817383,35252226,False
ITUB,2021-06-22,4.634988784790039,4.700476169586182,4.584054946899414,4.671370983123779,3.4252138137817383,53958905,False
ITUB,2021-06-23,4.693199157714844,4.780515193939209,4.613160133361816,4.620437145233154,3.3878679275512695,48008885,False
ITUB,2021-06-24,4.671370983123779,4.729580879211426,4.620437145233154,4.707752227783203,3.451889753341675,51749534,False
ITUB,2021-06-25,4.671370983123779,4.693199157714844,4.460358142852783,4.518568992614746,3.313175916671753,70258585,False
ITUB,2021-06-28,4.496739864349365,4.518568992614746,4.387596130371094,4.482186794281006,3.2864975929260254,49642000,False
ITUB,2021-06-29,4.44580602645874,4.453082084655762,4.3512139320373535,4.416700839996338,3.2384817600250244,40039839,False
ITUB,2021-06-30,4.322109222412109,4.394872188568115,4.3002800941467285,4.373043060302734,3.206470251083374,39479937,False
ITUB,2021-07-01,4.365767002105713,4.365767002105713,4.205688953399658,4.256622791290283,3.1226656436920166,41912087,False
ITUB,2021-07-02,4.322109222412109,4.322109222412109,4.220241069793701,4.307557106018066,3.1600310802459717,41623478,False
ITUB,2021-07-06,4.176583766937256,4.191135883331299,4.0456109046936035,4.052886962890625,2.9732038974761963,46914644,False
ITUB,2021-07-07,4.0601630210876465,4.140202045440674,3.9946770668029785,4.074716091156006,2.989218235015869,60042647,False
ITUB,2021-07-08,4.001953125,4.081992149353027,3.951019048690796,4.0456109046936035,2.9678664207458496,65247781,False
ITUB,2021-07-09,4.089268207550049,4.10382080078125,4.031057834625244,4.038333892822266,2.9625284671783447,35128124,False
ITUB,2021-07-12,4.0456109046936035,4.176583766937256,4.038333892822266,4.140202045440674,3.0372581481933594,53440233,False
ITUB,2021-07-13,4.10382080078125,4.191135883331299,4.067439079284668,4.154755115509033,3.0479350090026855,67041693,False
ITUB,2021-07-14,4.343937873840332,4.3512139320373535,4.220241069793701,4.2347941398620605,3.106651544570923,84000225,False
ITUB,2021-07-15,4.227518081665039,4.271174907684326,4.132925987243652,4.169307231903076,3.0586109161376953,55034180,False
ITUB,2021-07-16,4.19841194152832,4.220241069793701,4.096545219421387,4.10382080078125,3.0105690956115723,45565328,False
ITUB,2021-07-19,4.038333892822266,4.0601630210876465,3.9437429904937744,3.9655721187591553,2.9091503620147705,54998997,False
ITUB,2021-07-20,3.929189920425415,4.074716091156006,3.9073610305786133,4.038333892822266,2.9625284671783447,58416816,False
ITUB,2021-07-21,4.038333892822266,4.1110968589782715,4.023781776428223,4.10382080078125,3.0105690956115723,29670939,False
ITUB,2021-07-22,4.089268207550049,4.089268207550049,4.0092291831970215,4.038333892822266,2.9625284671783447,31986545,False
ITUB,2021-07-23,4.067439079284668,4.10382080078125,3.980123996734619,4.016506195068359,2.946516990661621,33517136,False
ITUB,2021-07-26,4.052886962890625,4.154755115509033,4.0456109046936035,4.140202045440674,3.0372581481933594,33743350,False
ITUB,2021-07-27,4.118372917175293,4.205688953399658,4.089268207550049,4.176583766937256,3.063948631286621,50687590,False
ITUB,2021-07-28,4.249345779418945,4.4021477699279785,4.249345779418945,4.3512139320373535,3.192056179046631,69711464,False
ITUB,2021-07-29,4.380319118499756,4.416700839996338,4.314833164215088,4.387596130371094,3.2187485694885254,38883066,False
ITUB,2021-07-30,4.343937873840332,4.416700839996338,4.169307231903076,4.19841194152832,3.0799622535705566,52721597,False
ITUB,2021-08-02,4.380319118499756,4.431252956390381,4.263898849487305,4.278451919555664,3.140312671661377,70786739,False
ITUB,2021-08-03,4.249345779418945,4.329384803771973,4.132925987243652,4.293004035949707,3.1509928703308105,58336968,False
ITUB,2021-08-04,4.2347941398620605,4.2857279777526855,4.1110968589782715,4.162031173706055,3.054860830307007,56069325,False
ITUB,2021-08-05,4.249345779418945,4.322109222412109,4.1110968589782715,4.176583766937256,3.065542459487915,82447508,False
ITUB,2021-08-06,4.183859825134277,4.293004035949707,4.147479057312012,4.249345779418945,3.1189489364624023,50495734,False
ITUB,2021-08-09,4.293004035949707,4.3512139320373535,4.249345779418945,4.2857279777526855,3.145653009414673,40267565,False
ITUB,2021-08-10,4.2347941398620605,4.329384803771973,4.220241069793701,4.271174907684326,3.1349711418151855,42675664,False
ITUB,2021-08-11,4.2347941398620605,4.3366618156433105,4.191135883331299,4.322109222412109,3.172356128692627,35568597,False
ITUB,2021-08-12,4.271174907684326,4.307557106018066,4.19841194152832,4.205688953399658,3.086905002593994,38319591,False
ITUB,2021-08-13,4.220241069793701,4.256622791290283,4.140202045440674,4.249345779418945,3.1189489364624023,42710572,False
ITUB,2021-08-16,4.256622791290283,4.278451919555664,4.132925987243652,4.140202045440674,3.0492820739746094,41380496,False
ITUB,2021-08-17,4.096545219421387,4.205688953399658,4.0601630210876465,4.147479057312012,3.0546412467956543,53350077,False
ITUB,2021-08-18,4.118372917175293,4.220241069793701,4.067439079284668,4.067439079284668,2.9956915378570557,54381786,False
ITUB,2021-08-19,4.074716091156006,4.096545219421387,3.951019048690796,3.9874000549316406,2.9367430210113525,64378243,False
ITUB,2021-08-20,3.900084972381592,4.0092291831970215,3.885533094406128,4.0092291831970215,2.95281982421875,43397462,False
ITUB,2021-08-23,4.031057834625244,4.067439079284668,3.9946770668029785,4.0601630210876465,2.990333080291748,33533628,False
ITUB,2021-08-24,4.10382080078125,4.271174907684326,4.096545219421387,4.249345779418945,3.1296658515930176,36454901,False
ITUB,2021-08-25,4.227518081665039,4.307557106018066,4.191135883331299,4.307557106018066,3.1725404262542725,27974742,False
ITUB,2021-08-26,4.2347941398620605,4.263898849487305,4.154755115509033,4.169307231903076,3.0707180500030518,39170850,False
ITUB,2021-08-27,4.169307231903076,4.3002800941467285,4.147479057312012,4.293004035949707,3.1618218421936035,34867414,False
ITUB,2021-08-30,4.256622791290283,4.293004035949707,4.21296501159668,4.249345779418945,3.1296658515930176,26478097,False
ITUB,2021-08-31,4.307557106018066,4.409424781799316,4.278451919555664,4.314833164215088,3.1778993606567383,53178286,False
ITUB,2021-09-01,4.373043060302734,4.431252956390381,4.314833164215088,4.322109222412109,3.1848692893981934,36935916,False
ITUB,2021-09-02,4.256622791290283,4.3002800941467285,4.147479057312012,4.183859825134277,3.082995891571045,52395469,False
ITUB,2021-09-03,4.191135883331299,4.205688953399658,4.089268207550049,4.125649929046631,3.040102243423462,38122375,False
ITUB,2021-09-07,4.125649929046631,4.242070198059082,4.1110968589782715,4.176583766937256,3.07763409614563,22066914,False
ITUB,2021-09-08,4.089268207550049,4.125649929046631,3.885533094406128,3.8928089141845703,2.8685266971588135,59753763,False
ITUB,2021-09-09,3.9073610305786133,4.0601630210876465,3.856426954269409,3.9582951068878174,2.9167823791503906,97190898,False
ITUB,2021-09-10,4.023781776428223,4.052886962890625,3.9219141006469727,3.9364659786224365,2.900695562362671,47504644,False
ITUB,2021-09-13,4.031057834625244,4.081992149353027,3.9874000549316406,4.031057834625244,2.9703991413116455,49976787,False
ITUB,2021-09-14,4.038333892822266,4.0601630210876465,3.9655721187591553,3.9946770668029785,2.9435911178588867,40438256,False
ITUB,2021-09-15,3.9582951068878174,3.9946770668029785,3.9219141006469727,3.9437429904937744,2.906059741973877,35412198,False
ITUB,2021-09-16,3.914638042449951,3.9364659786224365,3.8491508960723877,3.9073610305786133,2.8792502880096436,30240460,False
ITUB,2021-09-17,3.856426954269409,3.863703966140747,3.7982170581817627,3.812769889831543,2.8095483779907227,37952920,False
ITUB,2021-09-20,3.7472829818725586,3.75455904006958,3.6235859394073486,3.6745200157165527,2.7076737880706787,57984452,False
ITUB,2021-09-21,3.6963489055633545,3.761836051940918,3.6745200157165527,3.710901975631714,2.734483480453491,43686071,False
ITUB,2021-09-22,3.776387929916382,3.834599018096924,3.7472829818725586,3.7691121101379395,2.7773773670196533,41254058,False
ITUB,2021-09-23,3.8200459480285645,3.951019048690796,3.8200459480285645,3.9219141006469727,2.8899738788604736,40350712,False
ITUB,2021-09-24,3.8418750762939453,3.885533094406128,3.8200459480285645,3.8418750762939453,2.8309950828552246,33034609,False
ITUB,2021-09-27,3.8200459480285645,3.9364659786224365,3.790940999984741,3.929189920425415,2.8953354358673096,52281399,False
ITUB,2021-09-28,3.9437429904937744,3.9728479385375977,3.761836051940918,3.761836051940918,2.7720158100128174,54949247,False
ITUB,2021-09-29,3.827322006225586,3.863703966140747,3.7691121101379395,3.8491508960723877,2.836355209350586,42858312,False
ITUB,2021-09-30,3.8709800243377686,3.900084972381592,3.7982170581817627,3.834599018096924,2.825634002685547,36704754,False
ITUB,2021-10-01,3.8928089141845703,4.023781776428223,3.87825608253479,4.0092291831970215,2.9559974670410156,40637122,False
ITUB,2021-10-04,3.9364519119262695,4.007061004638672,3.830538034439087,3.927625894546509,2.8958311080932617,50199718,False
ITUB,2021-10-05,3.9364519119262695,4.068843841552734,3.8923211097717285,3.998234987258911,2.9478909969329834,44080385,False
ITUB,2021-10-06,3.9452779293060303,4.033538818359375,3.848191022872925,4.024713039398193,2.9674136638641357,48274977,False
ITUB,2021-10-07,3.998234987258911,4.0158867835998535,3.8834950923919678,3.9099740982055664,2.882816791534424,37692304,False
ITUB,2021-10-08,3.9805829524993896,4.024713039398193,3.9099740982055664,3.918800115585327,2.8893239498138428,28584004,False
ITUB,2021-10-11,3.918800115585327,3.9452779293060303,3.821712017059326,3.830538034439087,2.824248790740967,25930744,False
ITUB,2021-10-12,3.874669075012207,3.874669075012207,3.8040599822998047,3.8128859996795654,2.81123423576355,12562704,False
ITUB,2021-10-13,3.839365005493164,3.874669075012207,3.751102924346924,3.8570170402526855,2.843770980834961,26458043,False
ITUB,2021-10-14,3.8570170402526855,3.874669075012207,3.786407947540283,3.8128859996795654,2.81123423576355,22709172,False
ITUB,2021-10-15,3.839365005493164,3.998234987258911,3.830538034439087,3.9805829524993896,2.9348769187927246,33487854,False
ITUB,2021-10-18,3.90114688873291,3.9805829524993896,3.848191022872925,3.954103946685791,2.915353298187256,35190527,False
ITUB,2021-10-19,3.874669075012207,3.90114688873291,3.7687559127807617,3.7775819301605225,2.7852044105529785,47517227,False
ITUB,2021-10-20,3.839365005493164,3.9717559814453125,3.821712017059326,3.927625894546509,2.8958311080932617,36725515,False
ITUB,2021-10-21,3.874669075012207,3.9099740982055664,3.71579909324646,3.795233964920044,2.7982189655303955,66707754,False
ITUB,2021-10-22,3.67166805267334,3.6893200874328613,3.503972053527832,3.6451900005340576,2.687592029571533,102154679,False
ITUB,2021-10-25,3.751102924346924,3.8128859996795654,3.71579909324646,3.786407947540283,2.7917120456695557,46827570,False
ITUB,2021-10-26,3.6981470584869385,3.7599289417266846,3.6804940700531006,3.71579909324646,2.7396514415740967,36514551,False
ITUB,2021-10-27,3.786407947540283,3.8570170402526855,3.7246251106262207,3.7334508895874023,2.7526657581329346,47245194,False
ITUB,2021-10-28,3.706973075866699,3.742276906967163,3.627537965774536,3.71579909324646,2.7396514415740967,48244046,False
ITUB,2021-10-29,3.7246251106262207,3.751102924346924,3.5745809078216553,3.5922329425811768,2.648547410964966,52414733,False
ITUB,2021-11-01,3.6451900005340576,3.751102924346924,3.6451900005340576,3.7334508895874023,2.754696846008301,34504382,False
ITUB,2021-11-02,3.6893200874328613,3.71579909324646,3.6451900005340576,3.6804940700531006,2.7156219482421875,20568142,False
ITUB,2021-11-03,3.706973075866699,3.8834950923919678,3.6893200874328613,3.795233964920044,2.800283432006836,68087295,False
ITUB,2021-11-04,3.795233964920044,3.795233964920044,3.5657548904418945,3.583406925201416,2.6439878940582275,63863018,False
ITUB,2021-11-05,3.6451900005340576,3.6804940700531006,3.556929111480713,3.618710994720459,2.670037031173706,79485502,False
ITUB,2021-11-08,3.5922329425811768,3.6540160179138184,3.5657548904418945,3.5745809078216553,2.6374764442443848,25519012,False
ITUB,2021-11-09,3.6540160179138184,3.6540160179138184,3.556929111480713,3.5745809078216553,2.6374764442443848,37774673,False
ITUB,2021-11-10,3.627537965774536,3.751102924346924,3.627537965774536,3.67166805267334,2.709111213684082,64712541,False
ITUB,2021-11-11,3.706973075866699,3.7775819301605225,3.6804940700531006,3.7334508895874023,2.754696846008301,37362261,False
ITUB,2021-11-12,3.7334508895874023,3.7334508895874023,3.662842035293579,3.6981470584869385,2.7286484241485596,37790082,False
ITUB,2021-11-15,3.706973075866699,3.7246251106262207,3.6804940700531006,3.6981470584869385,2.7286484241485596,15270574,False
ITUB,2021-11-16,3.6540160179138184,3.662842035293579,3.583406925201416,3.6098849773406982,2.663524866104126,32858813,False
ITUB,2021-11-17,3.618710994720459,3.662842035293579,3.5922329425811768,3.618710994720459,2.670037031173706,43060232,False
ITUB,2021-11-18,3.5745809078216553,3.583406925201416,3.4863200187683105,3.5127980709075928,2.591891288757324,53151863,False
ITUB,2021-11-19,3.5127980709075928,3.5481019020080566,3.4421889781951904,3.4686670303344727,2.559328079223633,39816679,False
ITUB,2021-11-22,3.4774930477142334,3.5304501056671143,3.415710926055908,3.4421889781951904,2.570533275604248,37422084,False
ITUB,2021-11-23,3.4333629608154297,3.503972053527832,3.380405902862549,3.459841012954712,2.5837156772613525,74059338,False
ITUB,2021-11-24,3.503972053527832,3.6098849773406982,3.4686670303344727,3.5922329425811768,2.6825830936431885,64338765,False
ITUB,2021-11-26,3.5481019020080566,3.5657548904418945,3.5127980709075928,3.556929111480713,2.6562182903289795,26866149,False
ITUB,2021-11-29,3.583406925201416,3.5922329425811768,3.503972053527832,3.539275884628296,2.6430368423461914,47187864,False
ITUB,2021-11-30,3.5304501056671143,3.539275884628296,3.406883955001831,3.459841012954712,2.5837156772613525,69627042,False
ITUB,2021-12-01,3.539275884628296,3.5481019020080566,3.3892319202423096,3.3892319202423096,2.5329253673553467,47343765,False
ITUB,2021-12-02,3.503972053527832,3.583406925201416,3.4863200187683105,3.583406925201416,2.6780409812927246,76428101,False
ITUB,2021-12-03,3.6451900005340576,3.6451900005340576,3.4951460361480713,3.5127980709075928,2.625272035598755,64454444,False
ITUB,2021-12-06,3.5481019020080566,3.6540160179138184,3.5304501056671143,3.5657548904418945,2.6648480892181396,59250575,False
ITUB,2021-12-07,3.5657548904418945,3.5922329425811768,3.5216240882873535,3.5657548904418945,2.6648480892181396,48745965,False
ITUB,2021-12-08,3.5657548904418945,3.618710994720459,3.5304501056671143,3.556929111480713,2.658252716064453,105598433,False
ITUB,2021-12-09,3.5216240882873535,3.5304501056671143,3.424536943435669,3.424536943435669,2.5593111515045166,37573906,False
ITUB,2021-12-10,3.4333629608154297,3.459841012954712,3.3980579376220703,3.424536943435669,2.5593111515045166,29551586,False
ITUB,2021-12-13,3.451014995574951,3.459841012954712,3.292145013809204,3.300971031188965,2.4669642448425293,41027743,False
ITUB,2021-12-14,3.3627541065216064,3.424536943435669,3.3097970485687256,3.3097970485687256,2.473560333251953,74810177,False
ITUB,2021-12-15,3.3097970485687256,3.345102071762085,3.2568399906158447,3.3097970485687256,2.473560333251953,83874517,False
ITUB,2021-12-16,3.3186230659484863,3.3980579376220703,3.300971031188965,3.380405902862549,2.5263288021087646,77116739,False
ITUB,2021-12-17,3.327449083328247,3.336275100708008,3.2568399906158447,3.2656660079956055,2.4405789375305176,68400003,False
ITUB,2021-12-20,3.2391879558563232,3.248013973236084,3.1774051189422607,3.1862308979034424,2.381213665008545,43052301,False
ITUB,2021-12-21,3.203882932662964,3.2391879558563232,3.1862308979034424,3.195056915283203,2.3878095149993896,37550792,False
ITUB,2021-12-22,3.1774051189422607,3.2833189964294434,3.1774051189422607,3.2833189964294434,2.4537715911865234,36132050,False
ITUB,2021-12-23,3.2568399906158447,3.3097970485687256,3.248013973236084,3.300971031188965,2.4669642448425293,26463708,False
ITUB,2021-12-27,3.300971031188965,3.3539280891418457,3.274492025375366,3.345102071762085,2.4999449253082275,18362758,False
ITUB,2021-12-28,3.3097970485687256,3.3627541065216064,3.3097970485687256,3.327449083328247,2.4867522716522217,29571413,False
ITUB,2021-12-29,3.3097970485687256,3.336275100708008,3.2656660079956055,3.2833189964294434,2.4537715911865234,22865753,False
ITUB,2021-12-30,3.2833189964294434,3.327449083328247,3.274492025375366,3.300971031188965,2.4669642448425293,30299592,False
ITUB,2021-12-31,3.3186230659484863,3.336275100708008,3.292145013809204,3.3097970485687256,2.473560333251953,14770808,False
ITUB,2022-01-03,3.300971031188965,3.3627541065216064,3.2833189964294434,3.336275100708008,2.4953441619873047,38177341,False
ITUB,2022-01-04,3.3627541065216064,3.4421889781951904,3.336275100708008,3.371579885482788,2.52174973487854,48076476,False
ITUB,2022-01-05,3.3892319202423096,3.4333629608154297,3.2833189964294434,3.300971031188965,2.4689385890960693,42291378,False
ITUB,2022-01-06,3.3539280891418457,3.424536943435669,3.336275100708008,3.3980579376220703,2.5415539741516113,32095397,False
ITUB,2022-01-07,3.3892319202423096,3.5127980709075928,3.3892319202423096,3.5127980709075928,2.6273744106292725,41405032,False
ITUB,2022-01-10,3.503972053527832,3.5304501056671143,3.451014995574951,3.5216240882873535,2.633975028991699,48111146,False
ITUB,2022-01-11,3.5216240882873535,3.6451900005340576,3.5216240882873535,3.636363983154297,2.7197940349578857,45664319,False
ITUB,2022-01-12,3.636363983154297,3.6804940700531006,3.6098849773406982,3.662842035293579,2.739598035812378,48911950,False
ITUB,2022-01-13,3.6804940700531006,3.8040599822998047,3.6804940700531006,3.7334508895874023,2.792410135269165,58367175,False
ITUB,2022-01-14,3.7246251106262207,3.7687559127807617,3.6981470584869385,3.751102924346924,2.805612087249756,55393390,False
ITUB,2022-01-18,3.742276906967163,3.795233964920044,3.6804940700531006,3.706973075866699,2.7726047039031982,64635611,False
ITUB,2022-01-19,3.786407947540283,3.8040599822998047,3.71579909324646,3.751102924346924,2.805612087249756,46859860,False
ITUB,2022-01-20,3.7687559127807617,3.8040599822998047,3.7246251106262207,3.7246251106262207,2.7858080863952637,37417438,False
ITUB,2022-01-21,3.795233964920044,3.795233964920044,3.706973075866699,3.7246251106262207,2.7858080863952637,47497853,False
ITUB,2022-01-24,3.6893200874328613,3.71579909324646,3.6098849773406982,3.706973075866699,2.7726047039031982,74649518,False
ITUB,2022-01-25,3.71579909324646,3.8834950923919678,3.6893200874328613,3.874669075012207,2.898031711578369,52317975,False
ITUB,2022-01-26,3.8570170402526855,3.954103946685791,3.821712017059326,3.927625894546509,2.9376425743103027,86268546,False
ITUB,2022-01-27,3.998234987258911,4.033538818359375,3.8834950923919678,3.9364519119262695,2.9442427158355713,63540113,False
ITUB,2022-01-28,3.9805829524993896,4.024713039398193,3.9364519119262695,4.024713039398193,3.0102572441101074,56736901,False
ITUB,2022-01-31,4.033538818359375,4.192409992218018,4.007061004638672,4.165931224822998,3.115880012512207,57915561,False
ITUB,2022-02-01,4.192409992218018,4.254191875457764,4.192409992218018,4.2277140617370605,3.1641013622283936,43329659,False
ITUB,2022-02-02,4.148279190063477,4.183582782745361,4.104147911071777,4.165931224822998,3.1178622245788574,44364088,False
ITUB,2022-02-03,4.112974166870117,4.210062026977539,4.086495876312256,4.183582782745361,3.131072759628296,57537252,False
ITUB,2022-02-04,4.17475700378418,4.218887805938721,4.148279190063477,4.192409992218018,3.1376795768737793,39908339,False
ITUB,2022-02-07,4.183582782745361,4.218887805938721,4.165931224822998,4.201235771179199,3.144284725189209,36551373,False
ITUB,2022-02-08,4.210062026977539,4.271844863891602,4.139452934265137,4.245366096496582,3.1773123741149902,49754449,False
ITUB,2022-02-09,4.130627155303955,4.157104969024658,4.077670097351074,4.086495876312256,3.058411121368408,56632665,False
ITUB,2022-02-10,4.148279190063477,4.26301908493042,4.139452934265137,4.148279190063477,3.1046512126922607,56635384,False
ITUB,2022-02-11,4.404236793518066,4.563107013702393,4.368931770324707,4.413063049316406,3.3028202056884766,154819691,False
ITUB,2022-02-14,4.421888828277588,4.49249792098999,4.404236793518066,4.466019153594971,3.342454195022583,54094632,False
ITUB,2022-02-15,4.510149955749512,4.545454978942871,4.474845886230469,4.536627769470215,3.395298719406128,46536955,False
ITUB,2022-02-16,4.527801990509033,4.563107013702393,4.474845886230469,4.510149955749512,3.3754818439483643,47418429,False
ITUB,2022-02-17,4.457192897796631,4.49249792098999,4.395410060882568,4.421888828277588,3.3094253540039062,75807670,False
ITUB,2022-02-18,4.483672142028809,4.518976211547852,4.439540863037109,4.466019153594971,3.342454195022583,66875098,False
ITUB,2022-02-22,4.457192897796631,4.474845886230469,4.395410060882568,4.448367118835449,3.3312177658081055,42653371,False
ITUB,2022-02-23,4.545454978942871,4.545454978942871,4.430715084075928,4.430715084075928,3.3179991245269775,35657549,False
ITUB,2022-02-24,4.201235771179199,4.315975189208984,4.121800899505615,4.298323154449463,3.218855142593384,73149313,False
ITUB,2022-02-25,4.245366096496582,4.333628177642822,4.245366096496582,4.298323154449463,3.218855142593384,52884588,False
ITUB,2022-02-28,4.218887805938721,4.271844863891602,4.17475700378418,4.26301908493042,3.1950411796569824,28191079,False
ITUB,2022-03-01,4.236539840698242,4.3071489334106445,4.130627155303955,4.183582782745361,3.135505199432373,39905960,False
ITUB,2022-03-02,4.192409992218018,4.324800968170166,4.17475700378418,4.289496898651123,3.214885711669922,56041692,False
ITUB,2022-03-03,4.457192897796631,4.466019153594971,4.333628177642822,4.351280212402344,3.2611918449401855,60045374,False
ITUB,2022-03-04,4.236539840698242,4.289496898651123,4.17475700378418,4.271844863891602,3.2016565799713135,65456469,False
ITUB,2022-03-07,4.218887805938721,4.2277140617370605,4.112974166870117,4.121800899505615,3.089200973510742,62539561,False
ITUB,2022-03-08,4.148279190063477,4.2277140617370605,4.086495876312256,4.148279190063477,3.109046220779419,62340266,False
ITUB,2022-03-09,4.324800968170166,4.421888828277588,4.315975189208984,4.368931770324707,3.2744202613830566,49085186,False
ITUB,2022-03-10,4.26301908493042,4.3865838050842285,4.245366096496582,4.3865838050842285,3.2876510620117188,44537097,False
ITUB,2022-03-11,4.3865838050842285,4.413063049316406,4.271844863891602,4.280671119689941,3.2082712650299072,56610118,False
ITUB,2022-03-14,4.351280212402344,4.421888828277588,4.280671119689941,4.280671119689941,3.2082712650299072,54190597,False
ITUB,2022-03-15,4.26301908493042,4.315975189208984,4.201235771179199,4.271844863891602,3.2016565799713135,54343325,False
ITUB,2022-03-16,4.298323154449463,4.395410060882568,4.289496898651123,4.3865838050842285,3.2876510620117188,47697714,False
ITUB,2022-03-17,4.421888828277588,4.554281234741211,4.360105991363525,4.536627769470215,3.4001049995422363,60444757,False
ITUB,2022-03-18,4.536627769470215,4.616064071655273,4.527801990509033,4.607236862182617,3.4530251026153564,59344387,False
ITUB,2022-03-21,4.6778459548950195,4.801412105560303,4.651368141174316,4.783760070800781,3.5853261947631836,59887774,False
ITUB,2022-03-22,4.854369163513184,4.898499965667725,4.827890872955322,4.872021198272705,3.6514759063720703,56440622,False
ITUB,2022-03-23,4.872021198272705,4.986761093139648,4.854369163513184,4.924977779388428,3.69116473197937,48257982,False
ITUB,2022-03-24,4.960281848907471,5.0926737785339355,4.933804035186768,4.977934837341309,3.7308549880981445,56110126,False
ITUB,2022-03-25,4.960281848907471,5.066195964813232,4.960281848907471,5.048543930053711,3.7837767601013184,69976233,False
ITUB,2022-03-28,5.022065162658691,5.030890941619873,4.933804035186768,5.013238906860352,3.757317543029785,41378066,False
ITUB,2022-03-29,5.057370185852051,5.127978801727295,5.048543930053711,5.119153022766113,3.836695671081543,43898991,False
ITUB,2022-03-30,5.0926737785339355,5.136805057525635,5.030890941619873,5.101500034332275,3.823465347290039,58897192,False
ITUB,2022-03-31,5.136805057525635,5.180935859680176,5.039718151092529,5.039718151092529,3.777160406112671,57101274,False
ITUB,2022-04-01,5.154457092285156,5.180935859680176,5.110326766967773,5.163282871246338,3.8724827766418457,48958176,False
ITUB,2022-04-04,5.180935859680176,5.198587894439697,5.119153022766113,5.172109127044678,3.8791027069091797,40291519,False
ITUB,2022-04-05,5.101500034332275,5.136805057525635,4.99558687210083,4.99558687210083,3.7467103004455566,51060571,False
ITUB,2022-04-06,4.951456069946289,5.022065162658691,4.916152000427246,4.951456069946289,3.7136123180389404,58911581,False
ITUB,2022-04-07,4.924977779388428,4.942629814147949,4.845542907714844,4.924977779388428,3.6937527656555176,48192495,False
ITUB,2022-04-08,4.9073262214660645,4.969109058380127,4.854369163513184,4.924977779388428,3.6937527656555176,45668171,False
ITUB,2022-04-11,4.942629814147949,4.969109058380127,4.9073262214660645,4.969109058380127,3.726850986480713,49669474,False
ITUB,2022-04-12,5.030890941619873,5.030890941619873,4.854369163513184,4.863194942474365,3.647414445877075,50536105,False
ITUB,2022-04-13,4.863194942474365,4.924977779388428,4.836717128753662,4.9073262214660645,3.6805152893066406,41509721,False
ITUB,2022-04-14,4.872021198272705,4.916152000427246,4.836717128753662,4.889673233032227,3.6672728061676025,36493364,False
ITUB,2022-04-18,4.924977779388428,4.99558687210083,4.916152000427246,4.951456069946289,3.7136123180389404,38361794,False
ITUB,2022-04-19,4.951456069946289,4.986761093139648,4.819064140319824,4.880846977233887,3.6606547832489014,51953942,False
ITUB,2022-04-20,4.872021198272705,4.969109058380127,4.863194942474365,4.942629814147949,3.7069921493530273,39131214,False
ITUB,2022-04-21,4.942629814147949,4.960281848907471,4.774933815002441,4.783760070800781,3.5878405570983887,30719935,False
ITUB,2022-04-22,4.801412105560303,4.810237884521484,4.624889850616455,4.651368141174316,3.4885449409484863,49668907,False
ITUB,2022-04-25,4.580759048461914,4.607236862182617,4.448367118835449,4.571932792663574,3.4289662837982178,61940204,False
ITUB,2022-04-26,4.448367118835449,4.457192897796631,4.324800968170166,4.333628177642822,3.2502384185791016,54238636,False
ITUB,2022-04-27,4.315975189208984,4.360105991363525,4.26301908493042,4.3071489334106445,3.2303781509399414,47715729,False
ITUB,2022-04-28,4.26301908493042,4.324800968170166,4.183582782745361,4.3071489334106445,3.2303781509399414,55579768,False
ITUB,2022-04-29,4.439540863037109,4.448367118835449,4.210062026977539,4.2277140617370605,3.1708016395568848,47194549,False
ITUB,2022-05-02,4.165931224822998,4.192409992218018,4.033538818359375,4.095322132110596,3.074073076248169,65342149,False
ITUB,2022-05-03,4.17475700378418,4.236539840698242,4.139452934265137,4.201235771179199,3.153576135635376,53715417,False
ITUB,2022-05-04,4.095322132110596,4.2277140617370605,4.068843841552734,4.218887805938721,3.1668264865875244,92120944,False
ITUB,2022-05-05,4.086495876312256,4.095322132110596,3.9717559814453125,4.060018062591553,3.0475730895996094,70733757,False
ITUB,2022-05-06,4.060018062591553,4.201235771179199,3.998234987258911,4.104147911071777,3.0806992053985596,92168757,False
ITUB,2022-05-09,4.024713039398193,4.051191806793213,3.90114688873291,3.9452779293060303,2.961446523666382,96323921,False
ITUB,2022-05-10,3.9717559814453125,4.0158867835998535,3.927625894546509,3.9805829524993896,2.987947463989258,73539065,False
ITUB,2022-05-11,4.033538818359375,4.130627155303955,4.0158867835998535,4.077670097351074,3.060823678970337,70488915,False
ITUB,2022-05-12,4.112974166870117,4.218887805938721,4.060018062591553,4.17475700378418,3.1337008476257324,80168927,False
ITUB,2022-05-13,4.183582782745361,4.3071489334106445,4.165931224822998,4.280671119689941,3.213202714920044,56497385,False
ITUB,2022-05-16,4.280671119689941,4.377758026123047,4.26301908493042,4.351280212402344,3.266204357147217,51098753,False
ITUB,2022-05-17,4.439540863037109,4.510149955749512,4.421888828277588,4.448367118835449,3.3390800952911377,48677872,False
ITUB,2022-05-18,4.413063049316406,4.457192897796631,4.351280212402344,4.368931770324707,3.279452085494995,62751205,False
ITUB,2022-05-19,4.421888828277588,4.474845886230469,4.368931770324707,4.421888828277588,3.319204807281494,55007490,False
ITUB,2022-05-20,4.474845886230469,4.510149955749512,4.448367118835449,4.49249792098999,3.372206449508667,53644151,False
ITUB,2022-05-23,4.624889850616455,4.7308030128479,4.624889850616455,4.6778459548950195,3.5113348960876465,47761615,False
ITUB,2022-05-24,4.721977233886719,4.783760070800781,4.624889850616455,4.75728178024292,3.5709619522094727,67988951,False
ITUB,2022-05-25,4.660193920135498,4.713150978088379,4.616064071655273,4.669020175933838,3.504709482192993,46335621,False
ITUB,2022-05-26,4.695498943328857,4.810237884521484,4.6778459548950195,4.774933815002441,3.5842113494873047,39610586,False
ITUB,2022-05-27,4.76610803604126,4.880846977233887,4.76610803604126,4.819064140319824,3.6173360347747803,45906554,False
ITUB,2022-05-31,4.827890872955322,4.889673233032227,4.792585849761963,4.836717128753662,3.6305885314941406,46249740,False
ITUB,2022-06-01,4.810237884521484,4.827890872955322,4.686673164367676,4.713150978088379,3.5397725105285645,48344883,False
ITUB,2022-06-02,4.7308030128479,4.739628791809082,4.642541885375977,4.739628791809082,3.5596582889556885,45668624,False
ITUB,2022-06-03,4.6778459548950195,4.748455047607422,4.669020175933838,4.704325199127197,3.5331454277038574,53444743,False
ITUB,2022-06-06,4.748455047607422,4.75728178024292,4.660193920135498,4.660193920135498,3.500000476837158,41137417,False
ITUB,2022-06-07,4.563107013702393,4.616064071655273,4.527801990509033,4.616064071655273,3.466856002807617,40801709,False
ITUB,2022-06-08,4.589584827423096,4.616064071655273,4.466019153594971,4.50132417678833,3.3806822299957275,56711862,False
ITUB,2022-06-09,4.439540863037109,4.483672142028809,4.360105991363525,4.368931770324707,3.2812485694885254,51816169,False
ITUB,2022-06-10,4.245366096496582,4.254191875457764,4.183582782745361,4.210062026977539,3.1619322299957275,64072963,False
ITUB,2022-06-13,4.121800899505615,4.121800899505615,3.9894089698791504,4.033538818359375,3.02935528755188,67680322,False
ITUB,2022-06-14,4.068843841552734,4.086495876312256,3.9805829524993896,4.007061004638672,3.0094707012176514,60328738,False
ITUB,2022-06-15,4.086495876312256,4.148279190063477,4.0158867835998535,4.095322132110596,3.075756788253784,70209517,False
ITUB,2022-06-16,4.007061004638672,4.024713039398193,3.8834950923919678,3.9099740982055664,2.936554193496704,46225607,False
ITUB,2022-06-17,3.9629299640655518,4.007061004638672,3.8923211097717285,3.9629299640655518,2.976325750350952,69729919,False
ITUB,2022-06-21,4.148279190063477,4.157104969024658,4.095322132110596,4.104147911071777,3.0823864936828613,73466099,False
ITUB,2022-06-22,4.060018062591553,4.121800899505615,4.033538818359375,4.033538818359375,3.02935528755188,51413501,False
ITUB,2022-06-23,3.998234987258911,4.007061004638672,3.90114688873291,3.90114688873291,2.9299237728118896,47983570,False
ITUB,2022-06-24,3.8923211097717285,3.9717559814453125,3.874669075012207,3.874669075012207,2.9100375175476074,34306900,False
ITUB,2022-06-27,3.918800115585327,3.9717559814453125,3.8923211097717285,3.9452779293060303,2.963068723678589,43099773,False
ITUB,2022-06-28,3.9717559814453125,3.998234987258911,3.8128859996795654,3.8570170402526855,2.8967812061309814,59837809,False
ITUB,2022-06-29,3.9364519119262695,3.9452779293060303,3.848191022872925,3.8658430576324463,2.903409004211426,69881287,False
ITUB,2022-06-30,3.795233964920044,3.848191022872925,3.7599289417266846,3.7775819301605225,2.8371214866638184,68521687,False
ITUB,2022-07-01,3.6981470584869385,3.7775819301605225,3.6540160179138184,3.751102924346924,2.81921124458313,60038916,False
ITUB,2022-07-05,3.6451900005340576,3.706973075866699,3.5922329425811768,3.6981470584869385,2.779411554336548,56724891,False
ITUB,2022-07-06,3.67166805267334,3.6981470584869385,3.5745809078216553,3.6451900005340576,2.7396106719970703,59969350,False
ITUB,2022-07-07,3.706973075866699,3.7687559127807617,3.706973075866699,3.742276906967163,2.812577724456787,38871757,False
ITUB,2022-07-08,3.786407947540283,3.8128859996795654,3.742276906967163,3.786407947540283,2.8457441329956055,41061959,False
ITUB,2022-07-11,3.6804940700531006,3.71579909324646,3.636363983154297,3.6540160179138184,2.7462425231933594,53721762,False
ITUB,2022-07-12,3.5922329425811768,3.67166805267334,3.556929111480713,3.6010589599609375,2.7064428329467773,39023239,False
ITUB,2022-07-13,3.618710994720459,3.6981470584869385,3.583406925201416,3.618710994720459,2.719710111618042,62513275,False
ITUB,2022-07-14,3.4951460361480713,3.5657548904418945,3.4421889781951904,3.5304501056671143,2.6533753871917725,75841547,False
ITUB,2022-07-15,3.5657548904418945,3.6893200874328613,3.5481019020080566,3.6451900005340576,2.7396106719970703,49045191,False
ITUB,2022-07-18,3.6804940700531006,3.751102924346924,3.67166805267334,3.6981470584869385,2.779411554336548,64254583,False
ITUB,2022-07-19,3.71579909324646,3.830538034439087,3.71579909324646,3.8040599822998047,2.8590121269226074,64701211,False
ITUB,2022-07-20,3.7687559127807617,3.8040599822998047,3.71579909324646,3.7599289417266846,2.825843572616577,50992138,False
ITUB,2022-07-21,3.6893200874328613,3.7599289417266846,3.6451900005340576,3.7599289417266846,2.825843572616577,49302382,False
ITUB,2022-07-22,3.7687559127807617,3.8128859996795654,3.662842035293579,3.6981470584869385,2.779411554336548,55751644,False
ITUB,2022-07-25,3.7687559127807617,3.8658430576324463,3.71579909324646,3.839365005493164,2.885545492172241,62817939,False
ITUB,2022-07-26,3.821712017059326,3.9099740982055664,3.795233964920044,3.830538034439087,2.8789114952087402,50757607,False
ITUB,2022-07-27,3.8834950923919678,3.9364519119262695,3.848191022872925,3.918800115585327,2.945246696472168,69207379,False
ITUB,2022-07-28,3.9805829524993896,4.024713039398193,3.90114688873291,4.024713039398193,3.024847984313965,42419520,False
ITUB,2022-07-29,3.9629299640655518,4.051191806793213,3.954103946685791,3.9717559814453125,2.9850473403930664,49869222,False
ITUB,2022-08-01,3.954103946685791,4.0158867835998535,3.9099740982055664,3.9629299640655518,2.980400323867798,59187240,False
ITUB,2022-08-02,3.9364519119262695,3.9894089698791504,3.9099740982055664,3.918800115585327,2.947211742401123,37268562,False
ITUB,2022-08-03,3.9364519119262695,3.9717559814453125,3.9099740982055664,3.954103946685791,2.9737629890441895,30688438,False
ITUB,2022-08-04,4.051191806793213,4.112974166870117,4.024713039398193,4.104147911071777,3.086606979370117,37203188,False
ITUB,2022-08-05,4.060018062591553,4.245366096496582,4.042365074157715,4.2277140617370605,3.1795363426208496,50906483,False
ITUB,2022-08-08,4.26301908493042,4.324800968170166,4.218887805938721,4.315975189208984,3.245915651321411,47426700,False
ITUB,2022-08-09,4.351280212402344,4.421888828277588,4.298323154449463,4.413063049316406,3.318932056427002,63281562,False
ITUB,2022-08-10,4.50132417678833,4.589584827423096,4.49249792098999,4.536627769470215,3.4118614196777344,70659318,False
ITUB,2022-08-11,4.536627769470215,4.5984110832214355,4.457192897796631,4.474845886230469,3.3653974533081055,54999559,False
ITUB,2022-08-12,4.536627769470215,4.624889850616455,4.510149955749512,4.5984110832214355,3.4583263397216797,38391932,False
ITUB,2022-08-15,4.536627769470215,4.660193920135498,4.518976211547852,4.633716106414795,3.4848792552948,35182143,False
ITUB,2022-08-16,4.5984110832214355,4.660193920135498,4.589584827423096,4.633716106414795,3.4848792552948,38062342,False
ITUB,2022-08-17,4.571932792663574,4.660193920135498,4.563107013702393,4.633716106414795,3.4848792552948,42879405,False
ITUB,2022-08-18,4.669020175933838,4.6778459548950195,4.563107013702393,4.5984110832214355,3.4583263397216797,35545836,False
ITUB,2022-08-19,4.50132417678833,4.510149955749512,4.439540863037109,4.50132417678833,3.4254164695739746,32105594,False
ITUB,2022-08-22,4.430715084075928,4.474845886230469,4.404236793518066,4.466019153594971,3.3985507488250732,23970541,False
ITUB,2022-08-23,4.50132417678833,4.571932792663574,4.49249792098999,4.518976211547852,3.4388492107391357,22862354,False
ITUB,2022-08-24,4.536627769470215,4.580759048461914,4.518976211547852,4.536627769470215,3.4522809982299805,18963927,False
ITUB,2022-08-25,4.545454978942871,4.616064071655273,4.518976211547852,4.5984110832214355,3.4992969036102295,20414961,False
ITUB,2022-08-26,4.616064071655273,4.6778459548950195,4.571932792663574,4.580759048461914,3.485865831375122,30445296,False
ITUB,2022-08-29,4.580759048461914,4.669020175933838,4.571932792663574,4.633716106414795,3.5261640548706055,27929017,False
ITUB,2022-08-30,4.642541885375977,4.660193920135498,4.527801990509033,4.527801990509033,3.4455647468566895,35864095,False
ITUB,2022-08-31,4.448367118835449,4.518976211547852,4.333628177642822,4.360105991363525,3.3179521560668945,49329800,False
ITUB,2022-09-01,4.3865838050842285,4.395410060882568,4.280671119689941,4.3865838050842285,3.340129852294922,51220098,False
ITUB,2022-09-02,4.466019153594971,4.536627769470215,4.430715084075928,4.474845886230469,3.4073357582092285,43689726,False
ITUB,2022-09-06,4.510149955749512,4.527801990509033,4.430715084075928,4.466019153594971,3.4006147384643555,49119176,False
ITUB,2022-09-07,4.421888828277588,4.545454978942871,4.368931770324707,4.527801990509033,3.447657346725464,24885552,False
ITUB,2022-09-08,4.483672142028809,4.554281234741211,4.457192897796631,4.457192897796631,3.393895149230957,41105240,False
ITUB,2022-09-09,4.527801990509033,4.589584827423096,4.510149955749512,4.563107013702393,3.474540948867798,37363847,False
ITUB,2022-09-12,4.616064071655273,4.686673164367676,4.607236862182617,4.651368141174316,3.541747808456421,26317551,False
ITUB,2022-09-13,4.545454978942871,4.624889850616455,4.50132417678833,4.518976211547852,3.4409382343292236,40347716,False
ITUB,2022-09-14,4.510149955749512,4.545454978942871,4.474845886230469,4.527801990509033,3.447657346725464,25906385,False
ITUB,2022-09-15,4.510149955749512,4.563107013702393,4.457192897796631,4.483672142028809,3.414057731628418,26767578,False
ITUB,2022-09-16,4.413063049316406,4.474845886230469,4.3865838050842285,4.457192897796631,3.393895149230957,41875907,False
ITUB,2022-09-19,4.421888828277588,4.713150978088379,4.404236793518066,4.686673164367676,3.568629503250122,37998894,False
ITUB,2022-09-20,4.713150978088379,4.889673233032227,4.695498943328857,4.836717128753662,3.682879686355591,56241554,False
ITUB,2022-09-21,4.827890872955322,4.898499965667725,4.76610803604126,4.76610803604126,3.6291158199310303,55708250,False
ITUB,2022-09-22,4.845542907714844,4.977934837341309,4.783760070800781,4.942629814147949,3.76352858543396,52508432,False
ITUB,2022-09-23,4.792585849761963,4.810237884521484,4.6778459548950195,4.739628791809082,3.608952522277832,63966234,False
ITUB,2022-09-26,4.589584827423096,4.633716106414795,4.466019153594971,4.536627769470215,3.4543800354003906,62305030,False
ITUB,2022-09-27,4.536627769470215,4.589584827423096,4.466019153594971,4.518976211547852,3.4409382343292236,63764674,False
ITUB,2022-09-28,4.49249792098999,4.5984110832214355,4.466019153594971,4.510149955749512,3.4342188835144043,70828929,False
ITUB,2022-09-29,4.50132417678833,4.5984110832214355,4.430715084075928,4.589584827423096,3.4947023391723633,68703307,False
ITUB,2022-09-30,4.536627769470215,4.607236862182617,4.50132417678833,4.563107013702393,3.474540948867798,46037756,False
ITUB,2022-10-03,4.819064140319824,5.066195964813232,4.76610803604126,5.057370185852051,3.853131055831909,69190497,True
ITUB,2022-10-04,5.075022220611572,5.101500034332275,4.986761093139648,5.057370185852051,3.853131055831909,55391124,False
ITUB,2022-10-05,4.986761093139648,5.083847999572754,4.977934837341309,5.066195964813232,3.8598546981811523,42645327,False
ITUB,2022-10-06,5.030890941619873,5.066195964813232,4.9073262214660645,4.924977779388428,3.752262592315674,46414931,False
ITUB,2022-10-07,4.916152000427246,4.924977779388428,4.827890872955322,4.9073262214660645,3.738813638687134,45566767,False
ITUB,2022-10-10,4.916152000427246,4.977934837341309,4.872021198272705,4.880846977233887,3.7186408042907715,38089194,False
ITUB,2022-10-11,4.880846977233887,4.924977779388428,4.783760070800781,4.801412105560303,3.6581199169158936,46465010,False
ITUB,2022-10-12,4.819064140319824,4.819064140319824,4.6778459548950195,4.704325199127197,3.5841503143310547,25835006,False
ITUB,2022-10-13,4.695498943328857,4.863194942474365,4.695498943328857,4.75728178024292,3.6244990825653076,55900407,False
ITUB,2022-10-14,4.801412105560303,4.845542907714844,4.695498943328857,4.713150978088379,3.590876340866089,42723164,False
ITUB,2022-10-17,4.792585849761963,4.854369163513184,4.783760070800781,4.783760070800781,3.6446707248687744,35015478,False
ITUB,2022-10-18,4.880846977233887,4.933804035186768,4.827890872955322,4.924977779388428,3.752262592315674,45110622,False
ITUB,2022-10-19,4.889673233032227,4.951456069946289,4.880846977233887,4.924977779388428,3.752262592315674,32801030,False
ITUB,2022-10-20,5.030890941619873,5.083847999572754,5.022065162658691,5.048543930053711,3.846405029296875,63454911,False
ITUB,2022-10-21,5.022065162658691,5.330979824066162,5.022065162658691,5.286849021911621,4.027967929840088,71579428,False
ITUB,2022-10-24,5.066195964813232,5.083847999572754,4.872021198272705,4.9073262214660645,3.738813638687134,78484383,False
ITUB,2022-10-25,4.863194942474365,4.951456069946289,4.845542907714844,4.854369163513184,3.6984670162200928,41362204,False
ITUB,2022-10-26,4.792585849761963,4.845542907714844,4.704325199127197,4.704325199127197,3.5841503143310547,57853133,False
ITUB,2022-10-27,4.792585849761963,4.951456069946289,4.783760070800781,4.854369163513184,3.6984670162200928,61549545,False
ITUB,2022-10-28,4.783760070800781,4.898499965667725,4.774933815002441,4.872021198272705,3.711916208267212,54950160,False
ITUB,2022-10-31,4.872021198272705,5.154457092285156,4.863194942474365,5.136805057525635,3.9136502742767334,87421374,False
ITUB,2022-11-01,5.172109127044678,5.295674800872803,5.083847999572754,5.23389196395874,3.9896764755249023,73112037,False
ITUB,2022-11-02,5.180935859680176,5.207414150238037,5.048543930053711,5.048543930053711,3.8483893871307373,25257403,False
ITUB,2022-11-03,5.030890941619873,5.216239929199219,5.030890941619873,5.198587894439697,3.962766408920288,37772860,False
ITUB,2022-11-04,5.330979824066162,5.357458114624023,5.24271821975708,5.2691969871521,4.016589641571045,57078387,False
ITUB,2022-11-07,5.207414150238037,5.24271821975708,4.99558687210083,5.030890941619873,3.8349339962005615,54498320,False
ITUB,2022-11-08,4.99558687210083,5.075022220611572,4.969109058380127,5.048543930053711,3.8483893871307373,60405895,False
ITUB,2022-11-09,4.916152000427246,4.933804035186768,4.713150978088379,4.739628791809082,3.612910032272339,81247543,False
ITUB,2022-11-10,4.49249792098999,4.527801990509033,4.404236793518066,4.457192897796631,3.3976171016693115,78752451,False
ITUB,2022-11-11,4.430715084075928,4.554281234741211,4.368931770324707,4.3865838050842285,3.3437929153442383,75787050,False
ITUB,2022-11-14,4.421888828277588,4.430715084075928,4.333628177642822,4.368931770324707,3.330336093902588,65545296,False
ITUB,2022-11-15,4.439540863037109,4.448367118835449,4.360105991363525,4.413063049316406,3.3639774322509766,27696978,False
ITUB,2022-11-16,4.377758026123047,4.404236793518066,4.236539840698242,4.271844863891602,3.2563304901123047,64311686,False
ITUB,2022-11-17,4.165931224822998,4.289496898651123,4.157104969024658,4.271844863891602,3.2563304901123047,79059267,False
ITUB,2022-11-18,4.3865838050842285,4.413063049316406,4.3071489334106445,4.360105991363525,3.3236093521118164,83755779,False
ITUB,2022-11-21,4.439540863037109,4.457192897796631,4.298323154449463,4.404236793518066,3.3572499752044678,70464329,False
ITUB,2022-11-22,4.404236793518066,4.430715084075928,4.26301908493042,4.289496898651123,3.2697856426239014,106646231,False
ITUB,2022-11-23,4.236539840698242,4.289496898651123,4.210062026977539,4.26301908493042,3.2496025562286377,54865865,False
ITUB,2022-11-25,4.324800968170166,4.342453956604004,4.245366096496582,4.289496898651123,3.2697856426239014,25035448,False
ITUB,2022-11-28,4.218887805938721,4.271844863891602,4.157104969024658,4.183582782745361,3.18904972076416,36286704,False
ITUB,2022-11-29,4.245366096496582,4.324800968170166,4.2277140617370605,4.245366096496582,3.236145496368408,36356157,False
ITUB,2022-11-30,4.271844863891602,4.404236793518066,4.245366096496582,4.395410060882568,3.3505215644836426,51898651,False
ITUB,2022-12-01,4.395410060882568,4.421888828277588,4.342453956604004,4.3865838050842285,3.345808267593384,56797063,False
ITUB,2022-12-02,4.439540863037109,4.50132417678833,4.368931770324707,4.448367118835449,3.3929333686828613,60324319,False
ITUB,2022-12-05,4.333628177642822,4.368931770324707,4.218887805938721,4.236539840698242,3.2313642501831055,65718532,False
ITUB,2022-12-06,4.280671119689941,4.368931770324707,4.271844863891602,4.360105991363525,3.325613260269165,47942215,False
ITUB,2022-12-07,4.368931770324707,4.430715084075928,4.342453956604004,4.360105991363525,3.325613260269165,52549673,False
ITUB,2022-12-08,4.324800968170166,4.351280212402344,4.17475700378418,4.17475700378418,3.1842398643493652,49658144,False
ITUB,2022-12-09,4.112974166870117,4.112974166870117,4.042365074157715,4.042365074157715,3.1450977325439453,23933719,False
ITUB,2022-12-12,3.954103946685791,4.007061004638672,3.9099740982055664,4.007061004638672,3.1176300048828125,66618587,False
ITUB,2022-12-13,4.007061004638672,4.024713039398193,3.821712017059326,3.821712017059326,2.9734225273132324,65942753,False
ITUB,2022-12-14,3.795233964920044,3.9099740982055664,3.71579909324646,3.848191022872925,2.994023561477661,70301517,False
ITUB,2022-12-15,3.8834950923919678,3.9452779293060303,3.830538034439087,3.848191022872925,2.994023561477661,37731506,False
ITUB,2022-12-16,3.90114688873291,3.9629299640655518,3.874669075012207,3.9099740982055664,3.042092800140381,44119360,False
ITUB,2022-12-19,3.9717559814453125,4.051191806793213,3.9364519119262695,4.042365074157715,3.1450977325439453,27678624,False
ITUB,2022-12-20,4.192409992218018,4.2277140617370605,4.130627155303955,4.165931224822998,3.2412362098693848,32009629,False
ITUB,2022-12-21,4.157104969024658,4.2277140617370605,4.139452934265137,4.201235771179199,3.268704652786255,40585306,False
ITUB,2022-12-22,4.218887805938721,4.26301908493042,4.139452934265137,4.210062026977539,3.2755722999572754,25118044,False
ITUB,2022-12-23,4.333628177642822,4.360105991363525,4.271844863891602,4.298323154449463,3.344241142272949,20034273,False
ITUB,2022-12-27,4.060018062591553,4.095322132110596,4.024713039398193,4.051191806793213,3.151965618133545,22700448,False
ITUB,2022-12-28,4.121800899505615,4.218887805938721,4.121800899505615,4.192409992218018,3.261838436126709,18419181,False
ITUB,2022-12-29,4.26301908493042,4.271844863891602,4.148279190063477,4.165931224822998,3.2412362098693848,20013652,False
ITUB,2022-12-30,4.130627155303955,4.201235771179199,4.130627155303955,4.157104969024658,3.2364275455474854,11966293,False
ITUB,2023-01-03,3.954103946685791,3.998234987258911,3.8128859996795654,3.830538034439087,2.9821853637695312,35651998,False
ITUB,2023-01-04,3.8834950923919678,3.90114688873291,3.821712017059326,3.8570170402526855,3.0027995109558105,53745328,False
ITUB,2023-01-05,3.918800115585327,4.077670097351074,3.9099740982055664,4.060018062591553,3.160841941833496,35145320,False
ITUB,2023-01-06,4.148279190063477,4.236539840698242,4.112974166870117,4.218887805938721,3.2845261096954346,35398772,False
ITUB,2023-01-09,4.157104969024658,4.271844863891602,4.130627155303955,4.254191875457764,3.312011957168579,25074876,False
ITUB,2023-01-10,4.298323154449463,4.3865838050842285,4.280671119689941,4.3865838050842285,3.4150824546813965,31752552,False
ITUB,2023-01-11,4.421888828277588,4.483672142028809,4.377758026123047,4.474845886230469,3.483797311782837,30890792,False
ITUB,2023-01-12,4.421888828277588,4.536627769470215,4.342453956604004,4.466019153594971,3.4769256114959717,48550863,False
ITUB,2023-01-13,4.404236793518066,4.457192897796631,4.377758026123047,4.439540863037109,3.4563112258911133,21375745,False
ITUB,2023-01-17,4.404236793518066,4.510149955749512,4.377758026123047,4.50132417678833,3.504411220550537,22530951,False
ITUB,2023-01-18,4.571932792663574,4.5984110832214355,4.466019153594971,4.510149955749512,3.5112829208374023,36152331,False
ITUB,2023-01-19,4.430715084075928,4.518976211547852,4.377758026123047,4.50132417678833,3.504411220550537,32588932,False
ITUB,2023-01-20,4.3865838050842285,4.457192897796631,4.377758026123047,4.377758026123047,3.4082114696502686,33716947,False
ITUB,2023-01-23,4.3071489334106445,4.404236793518066,4.26301908493042,4.289496898651123,3.3394980430603027,50966985,False
ITUB,2023-01-24,4.368931770324707,4.3865838050842285,4.3071489334106445,4.333628177642822,3.3738560676574707,30496621,False
ITUB,2023-01-25,4.315975189208984,4.457192897796631,4.289496898651123,4.430715084075928,3.4494409561157227,28625245,False
ITUB,2023-01-26,4.421888828277588,4.430715084075928,4.360105991363525,4.404236793518066,3.4288268089294434,24237363,False
ITUB,2023-01-27,4.324800968170166,4.351280212402344,4.26301908493042,4.280671119689941,3.3326261043548584,26274270,False
ITUB,2023-01-30,4.254191875457764,4.271844863891602,4.210062026977539,4.26301908493042,3.3188846111297607,23550085,False
ITUB,2023-01-31,4.377758026123047,4.421888828277588,4.368931770324707,4.395410060882568,3.42195463180542,16902774,False
ITUB,2023-02-01,4.368931770324707,4.3865838050842285,4.26301908493042,4.333628177642822,3.375889778137207,40236229,False
ITUB,2023-02-02,4.474845886230469,4.483672142028809,4.377758026123047,4.395410060882568,3.4240174293518066,47348523,False
ITUB,2023-02-03,4.333628177642822,4.368931770324707,4.280671119689941,4.298323154449463,3.34838604927063,37509665,False
ITUB,2023-02-06,4.218887805938721,4.315975189208984,4.165931224822998,4.298323154449463,3.34838604927063,39227293,False
ITUB,2023-02-07,4.218887805938721,4.236539840698242,4.095322132110596,4.121800899505615,3.2108750343322754,33385091,False
ITUB,2023-02-08,4.368931770324707,4.50132417678833,4.360105991363525,4.49249792098999,3.4996488094329834,53223921,False
ITUB,2023-02-09,4.404236793518066,4.430715084075928,4.298323154449463,4.298323154449463,3.34838604927063,47259583,False
ITUB,2023-02-10,4.298323154449463,4.377758026123047,4.254191875457764,4.342453956604004,3.3827645778656006,50702090,False
ITUB,2023-02-13,4.439540863037109,4.563107013702393,4.413063049316406,4.545454978942871,3.5409018993377686,30815901,False
ITUB,2023-02-14,4.554281234741211,4.580759048461914,4.439540863037109,4.457192897796631,3.4721460342407227,53625457,False
ITUB,2023-02-15,4.518976211547852,4.580759048461914,4.466019153594971,4.527801990509033,3.5271501541137695,52103724,False
ITUB,2023-02-16,4.466019153594971,4.554281234741211,4.439540863037109,4.527801990509033,3.5271501541137695,25078502,False
ITUB,2023-02-17,4.527801990509033,4.589584827423096,4.518976211547852,4.545454978942871,3.5409018993377686,26621195,False
ITUB,2023-02-21,4.527801990509033,4.563107013702393,4.404236793518066,4.421888828277588,3.444643020629883,33860838,False
ITUB,2023-02-22,4.430715084075928,4.49249792098999,4.404236793518066,4.457192897796631,3.4721460342407227,42643174,False
ITUB,2023-02-23,4.616064071655273,4.642541885375977,4.49249792098999,4.518976211547852,3.520275592803955,26403999,False
ITUB,2023-02-24,4.3865838050842285,4.404236793518066,4.298323154449463,4.315975189208984,3.362138032913208,33357899,False
ITUB,2023-02-27,4.342453956604004,4.351280212402344,4.254191875457764,4.26301908493042,3.320884943008423,23901768,False
ITUB,2023-02-28,4.289496898651123,4.298323154449463,4.218887805938721,4.245366096496582,3.3071324825286865,31634946,False
ITUB,2023-03-01,4.192409992218018,4.3071489334106445,4.121800899505615,4.3071489334106445,3.3573555946350098,51206162,False
ITUB,2023-03-02,4.201235771179199,4.201235771179199,4.042365074157715,4.042365074157715,3.150960922241211,65561498,False
ITUB,2023-03-03,4.095322132110596,4.148279190063477,4.060018062591553,4.060018062591553,3.164721727371216,67750454,False
ITUB,2023-03-06,4.068843841552734,4.254191875457764,4.060018062591553,4.210062026977539,3.2816781997680664,36475236,False
ITUB,2023-03-07,4.157104969024658,4.201235771179199,4.086495876312256,4.192409992218018,3.267918825149536,29627270,False
ITUB,2023-03-08,4.26301908493042,4.351280212402344,4.254191875457764,4.289496898651123,3.3435959815979004,23662705,False
ITUB,2023-03-09,4.254191875457764,4.289496898651123,4.17475700378418,4.201235771179199,3.2747976779937744,34941607,False
ITUB,2023-03-10,4.086495876312256,4.148279190063477,4.007061004638672,4.024713039398193,3.137202501296997,36702402,False
ITUB,2023-03-13,3.9629299640655518,4.051191806793213,3.90114688873291,3.954103946685791,3.0821633338928223,51061704,False
ITUB,2023-03-14,3.954103946685791,4.007061004638672,3.927625894546509,3.954103946685791,3.0821633338928223,47717995,False
ITUB,2023-03-15,3.8834950923919678,3.927625894546509,3.795233964920044,3.8923211097717285,3.0340049266815186,74566242,False
ITUB,2023-03-16,3.927625894546509,4.033538818359375,3.8834950923919678,4.007061004638672,3.1234421730041504,42503702,False
ITUB,2023-03-17,3.9805829524993896,3.9805829524993896,3.8570170402526855,3.8923211097717285,3.0340049266815186,46282370,False
ITUB,2023-03-20,3.954103946685791,3.9717559814453125,3.8570170402526855,3.8834950923919678,3.0271241664886475,34152359,False
ITUB,2023-03-21,3.9629299640655518,4.042365074157715,3.954103946685791,3.9805829524993896,3.1028025150299072,33686923,False
ITUB,2023-03-22,3.9805829524993896,4.060018062591553,3.954103946685791,3.954103946685791,3.0821633338928223,38651955,False
ITUB,2023-03-23,4.024713039398193,4.042365074157715,3.7775819301605225,3.821712017059326,2.9789652824401855,56678098,False
ITUB,2023-03-24,3.7775819301605225,3.9099740982055664,3.742276906967163,3.8570170402526855,3.0444533824920654,31938364,False
ITUB,2023-03-27,3.9452779293060303,3.998234987258911,3.9099740982055664,3.9894089698791504,3.148953676223755,37394665,False
ITUB,2023-03-28,4.0158867835998535,4.077670097351074,4.0158867835998535,4.024713039398193,3.176820993423462,29071647,False
ITUB,2023-03-29,4.024713039398193,4.112974166870117,4.007061004638672,4.095322132110596,3.2325539588928223,25654519,False
ITUB,2023-03-30,4.236539840698242,4.289496898651123,4.121800899505615,4.236539840698242,3.3440210819244385,32125422,False
ITUB,2023-03-31,4.298323154449463,4.342453956604004,4.236539840698242,4.298323154449463,3.3927884101867676,80508148,False
ITUB,2023-04-03,4.183582782745361,4.218887805938721,4.112974166870117,4.157104969024658,3.2840170860290527,28145986,False
ITUB,2023-04-04,4.218887805938721,4.26301908493042,4.192409992218018,4.254191875457764,3.3607144355773926,23889872,False
ITUB,2023-04-05,4.271844863891602,4.315975189208984,4.192409992218018,4.254191875457764,3.3607144355773926,33129373,False
ITUB,2023-04-06,4.26301908493042,4.271844863891602,4.192409992218018,4.236539840698242,3.3467695713043213,21720856,False
ITUB,2023-04-10,4.236539840698242,4.289496898651123,4.218887805938721,4.26301908493042,3.367687940597534,19245138,False
ITUB,2023-04-11,4.3865838050842285,4.50132417678833,4.377758026123047,4.474845886230469,3.5350253582000732,50439687,False
ITUB,2023-04-12,4.563107013702393,4.651368141174316,4.518976211547852,4.589584827423096,3.625667095184326,40413317,False
ITUB,2023-04-13,4.571932792663574,4.642541885375977,4.545454978942871,4.554281234741211,3.5977776050567627,35683155,False
ITUB,2023-04-14,4.518976211547852,4.660193920135498,4.510149955749512,4.642541885375977,3.667501449584961,30547833,False
ITUB,2023-04-17,4.651368141174316,4.6778459548950195,4.563107013702393,4.5984110832214355,3.6326396465301514,24804656,False
ITUB,2023-04-18,4.554281234741211,4.607236862182617,4.510149955749512,4.554281234741211,3.5977776050567627,23278958,False
ITUB,2023-04-19,4.49249792098999,4.510149955749512,4.404236793518066,4.413063049316406,3.4862189292907715,22328144,False
ITUB,2023-04-20,4.3865838050842285,4.466019153594971,4.3865838050842285,4.430715084075928,3.500164747238159,17663243,False
ITUB,2023-04-21,4.430715084075928,4.439540863037109,4.377758026123047,4.439540863037109,3.5071356296539307,6341288,False
ITUB,2023-04-24,4.404236793518066,4.466019153594971,4.342453956604004,4.413063049316406,3.4862189292907715,18537580,False
ITUB,2023-04-25,4.413063049316406,4.457192897796631,4.377758026123047,4.430715084075928,3.500164747238159,23945389,False
ITUB,2023-04-26,4.430715084075928,4.466019153594971,4.3865838050842285,4.404236793518066,3.479246139526367,14191278,False
ITUB,2023-04-27,4.483672142028809,4.545454978942871,4.457192897796631,4.536627769470215,3.5838327407836914,19528275,False
ITUB,2023-04-28,4.49249792098999,4.563107013702393,4.466019153594971,4.545454978942871,3.5908055305480957,19740939,False
ITUB,2023-05-01,4.510149955749512,4.571932792663574,4.510149955749512,4.536627769470215,3.5838327407836914,6988344,False
ITUB,2023-05-02,4.518976211547852,4.545454978942871,4.324800968170166,4.333628177642822,3.426133394241333,25942074,False
ITUB,2023-05-03,4.342453956604004,4.404236793518066,4.315975189208984,4.351280212402344,3.440089464187622,22225948,False
ITUB,2023-05-04,4.404236793518066,4.421888828277588,4.280671119689941,4.368931770324707,3.45404314994812,40415470,False
ITUB,2023-05-05,4.439540863037109,4.633716106414795,4.413063049316406,4.607236862182617,3.642446517944336,41261707,False
ITUB,2023-05-08,4.5984110832214355,4.695498943328857,4.571932792663574,4.580759048461914,3.6215131282806396,39583281,False
ITUB,2023-05-09,4.580759048461914,4.7308030128479,4.571932792663574,4.669020175933838,3.691290855407715,31618631,False
ITUB,2023-05-10,4.686673164367676,4.801412105560303,4.651368141174316,4.792585849761963,3.7889811992645264,25645455,False
ITUB,2023-05-11,4.739628791809082,4.872021198272705,4.7308030128479,4.810237884521484,3.802936315536499,33606140,False
ITUB,2023-05-12,4.774933815002441,4.836717128753662,4.75728178024292,4.783760070800781,3.78200364112854,16146156,False
ITUB,2023-05-15,4.810237884521484,4.854369163513184,4.75728178024292,4.845542907714844,3.8308491706848145,20039598,False
ITUB,2023-05-16,4.854369163513184,4.898499965667725,4.774933815002441,4.774933815002441,3.7750256061553955,28086617,False
ITUB,2023-05-17,4.845542907714844,4.854369163513184,4.774933815002441,4.845542907714844,3.8308491706848145,21034938,False
ITUB,2023-05-18,4.774933815002441,4.801412105560303,4.721977233886719,4.792585849761963,3.7889811992645264,16213003,False
ITUB,2023-05-19,4.695498943328857,4.7308030128479,4.669020175933838,4.713150978088379,3.726181983947754,24319732,False
ITUB,2023-05-22,4.76610803604126,4.76610803604126,4.642541885375977,4.642541885375977,3.670358180999756,22845585,False
ITUB,2023-05-23,4.695498943328857,4.774933815002441,4.651368141174316,4.651368141174316,3.6773362159729004,30336302,False
ITUB,2023-05-24,4.695498943328857,4.7308030128479,4.651368141174316,4.6778459548950195,3.698270320892334,23756744,False
ITUB,2023-05-25,4.75728178024292,4.783760070800781,4.6778459548950195,4.76610803604126,3.768048048019409,27469358,False
ITUB,2023-05-26,4.810237884521484,4.872021198272705,4.686673164367676,4.748455047607422,3.75409197807312,32900847,False
ITUB,2023-05-30,4.633716106414795,4.642541885375977,4.527801990509033,4.616064071655273,3.6494252681732178,45232419,False
ITUB,2023-05-31,4.571932792663574,4.5984110832214355,4.483672142028809,4.536627769470215,3.586623430252075,22434873,False
ITUB,2023-06-01,4.589584827423096,4.704325199127197,4.571932792663574,4.669020175933838,3.694166421890259,22531405,False
ITUB,2023-06-02,4.792585849761963,4.810237884521484,4.739628791809082,4.774933815002441,3.7779672145843506,20313217,False
ITUB,2023-06-05,4.774933815002441,4.854369163513184,4.774933815002441,4.819064140319824,3.812883138656616,22836521,False
ITUB,2023-06-06,4.801412105560303,4.9073262214660645,4.801412105560303,4.863194942474365,3.8478002548217773,19260660,False
ITUB,2023-06-07,4.9073262214660645,4.942629814147949,4.845542907714844,4.863194942474365,3.8478002548217773,17233383,False
ITUB,2023-06-08,4.872021198272705,4.933804035186768,4.854369163513184,4.916152000427246,3.8896982669830322,9468708,False
ITUB,2023-06-09,4.9073262214660645,5.00441312789917,4.889673233032227,5.00441312789917,3.959531784057617,17661431,False
ITUB,2023-06-12,5.022065162658691,5.048543930053711,4.933804035186768,4.960281848907471,3.924614906311035,20079366,False
ITUB,2023-06-13,4.986761093139648,5.039718151092529,4.960281848907471,5.013238906860352,3.966513156890869,25466441,False
ITUB,2023-06-14,5.030890941619873,5.127978801727295,5.013238906860352,5.119153022766113,4.0503153800964355,37344020,False
ITUB,2023-06-15,5.136805057525635,5.216239929199219,5.136805057525635,5.207414150238037,4.120146751403809,29713152,False
ITUB,2023-06-16,5.119153022766113,5.251544952392578,5.110326766967773,5.207414150238037,4.120146751403809,20730388,False
ITUB,2023-06-20,5.251544952392578,5.286849021911621,5.180935859680176,5.278022766113281,4.214587688446045,24132447,False
ITUB,2023-06-21,5.2691969871521,5.366283893585205,5.2691969871521,5.348631858825684,4.270970344543457,19208089,False
ITUB,2023-06-22,5.313326835632324,5.3221540451049805,5.251544952392578,5.286849021911621,4.2216362953186035,20356158,False
ITUB,2023-06-23,5.23389196395874,5.304501056671143,5.207414150238037,5.24271821975708,4.186394691467285,19050829,False
ITUB,2023-06-26,5.286849021911621,5.330979824066162,5.225066184997559,5.260371208190918,4.200493335723877,10214335,False
ITUB,2023-06-27,5.207414150238037,5.24271821975708,5.110326766967773,5.172109127044678,4.130014896392822,23521986,False
ITUB,2023-06-28,5.110326766967773,5.127978801727295,5.057370185852051,5.066195964813232,4.045440196990967,20180543,False
ITUB,2023-06-29,5.101500034332275,5.154457092285156,5.0926737785339355,5.136805057525635,4.101823806762695,14740897,False
ITUB,2023-06-30,5.207414150238037,5.24271821975708,5.172109127044678,5.207414150238037,4.158205032348633,18446826,False
ITUB,2023-07-03,5.24271821975708,5.278022766113281,5.225066184997559,5.260371208190918,4.203342914581299,8147630,False
ITUB,2023-07-05,5.198587894439697,5.295674800872803,5.180935859680176,5.24271821975708,4.189234733581543,19878372,False
ITUB,2023-07-06,5.172109127044678,5.198587894439697,5.066195964813232,5.110326766967773,4.08344841003418,17317225,False
ITUB,2023-07-07,5.189762115478516,5.313326835632324,5.189762115478516,5.295674800872803,4.231552600860596,21249528,False
ITUB,2023-07-10,5.251544952392578,5.2691969871521,5.180935859680176,5.189762115478516,4.146923065185547,14098712,False
ITUB,2023-07-11,5.075022220611572,5.154457092285156,5.00441312789917,5.145630836486816,4.111656665802002,22118879,False
ITUB,2023-07-12,5.180935859680176,5.23389196395874,5.136805057525635,5.136805057525635,4.104605674743652,16383633,False
ITUB,2023-07-13,5.207414150238037,5.278022766113281,5.180935859680176,5.23389196395874,4.182183265686035,16912518,False
ITUB,2023-07-14,5.24271821975708,5.260371208190918,5.145630836486816,5.154457092285156,4.118710517883301,21411887,False
ITUB,2023-07-17,5.145630836486816,5.24271821975708,5.119153022766113,5.24271821975708,4.189234733581543,14139500,False
ITUB,2023-07-18,5.251544952392578,5.278022766113281,5.145630836486816,5.145630836486816,4.111656665802002,19127533,False
ITUB,2023-07-19,5.172109127044678,5.198587894439697,5.0926737785339355,5.110326766967773,4.08344841003418,27232222,False
ITUB,2023-07-20,5.127978801727295,5.207414150238037,5.0926737785339355,5.198587894439697,4.153974533081055,38658187,False
ITUB,2023-07-21,5.304501056671143,5.339806079864502,5.260371208190918,5.3221540451049805,4.252710819244385,29372912,False
ITUB,2023-07-24,5.313326835632324,5.428067207336426,5.260371208190918,5.278022766113281,4.217446327209473,30987210,False
ITUB,2023-07-25,5.304501056671143,5.330979824066162,5.24271821975708,5.295674800872803,4.231552600860596,26794770,False
ITUB,2023-07-26,5.304501056671143,5.348631858825684,5.24271821975708,5.339806079864502,4.266815185546875,25468594,False
ITUB,2023-07-27,5.278022766113281,5.304501056671143,5.189762115478516,5.207414150238037,4.161025524139404,17623135,False
ITUB,2023-07-28,5.260371208190918,5.295674800872803,5.216239929199219,5.295674800872803,4.231552600860596,15335268,False
ITUB,2023-07-31,5.313326835632324,5.357458114624023,5.286849021911621,5.304501056671143,4.238603115081787,13769576,False
ITUB,2023-08-01,5.23389196395874,5.2691969871521,5.189762115478516,5.24271821975708,4.192025184631348,15898483,False
ITUB,2023-08-02,5.24271821975708,5.260371208190918,5.154457092285156,5.225066184997559,4.177910804748535,19060799,False
ITUB,2023-08-03,5.189762115478516,5.251544952392578,5.075022220611572,5.075022220611572,4.057937145233154,15710518,False
ITUB,2023-08-04,5.0926737785339355,5.163282871246338,5.00441312789917,5.013238906860352,4.008535861968994,27945105,False
ITUB,2023-08-07,5.039718151092529,5.048543930053711,4.951456069946289,4.960281848907471,3.9661927223205566,25463495,False
ITUB,2023-08-08,4.880846977233887,5.00441312789917,4.854369163513184,4.916152000427246,3.9309070110321045,31582602,False
ITUB,2023-08-09,4.889673233032227,4.924977779388428,4.801412105560303,4.898499965667725,3.9167933464050293,28521349,False
ITUB,2023-08-10,4.969109058380127,5.066195964813232,4.951456069946289,4.951456069946289,3.959134817123413,28612669,False
ITUB,2023-08-11,4.960281848907471,4.99558687210083,4.916152000427246,4.924977779388428,3.93796443939209,16133127,False
ITUB,2023-08-14,4.880846977233887,4.880846977233887,4.801412105560303,4.810237884521484,3.8462188243865967,12220878,False
ITUB,2023-08-15,4.76610803604126,4.801412105560303,4.721977233886719,4.774933815002441,3.817990779876709,24081575,False
ITUB,2023-08-16,4.801412105560303,4.863194942474365,4.748455047607422,4.76610803604126,3.810931921005249,26547210,False
ITUB,2023-08-17,4.783760070800781,4.810237884521484,4.704325199127197,4.713150978088379,3.768589496612549,21993683,False
ITUB,2023-08-18,4.6778459548950195,4.810237884521484,4.6778459548950195,4.774933815002441,3.817990779876709,15625316,False
ITUB,2023-08-21,4.7308030128479,4.76610803604126,4.695498943328857,4.7308030128479,3.7827041149139404,17278590,False
ITUB,2023-08-22,4.792585849761963,4.863194942474365,4.76610803604126,4.836717128753662,3.8673925399780273,17698366,False
ITUB,2023-08-23,4.863194942474365,5.022065162658691,4.845542907714844,5.00441312789917,4.0014801025390625,28251355,False
ITUB,2023-08-24,4.924977779388428,4.960281848907471,4.880846977233887,4.898499965667725,3.9167933464050293,15334702,False
ITUB,2023-08-25,4.880846977233887,4.889673233032227,4.792585849761963,4.845542907714844,3.874448537826538,19503689,False
ITUB,2023-08-28,4.801412105560303,5.022065162658691,4.783760070800781,5.00441312789917,4.0014801025390625,29395572,False
ITUB,2023-08-29,5.066195964813232,5.154457092285156,5.048543930053711,5.127978801727295,4.100281238555908,25984109,False
ITUB,2023-08-30,5.075022220611572,5.083847999572754,4.969109058380127,4.977934837341309,3.980308771133423,21624551,False
ITUB,2023-08-31,4.889673233032227,4.9073262214660645,4.810237884521484,4.854369163513184,3.8815057277679443,31037969,False
ITUB,2023-09-01,4.977934837341309,4.986761093139648,4.9073262214660645,4.924977779388428,3.9401133060455322,29987791,False
ITUB,2023-09-05,4.801412105560303,4.854369163513184,4.748455047607422,4.75728178024292,3.805953025817871,21225509,False
ITUB,2023-09-06,4.748455047607422,4.810237884521484,4.686673164367676,4.704325199127197,3.763585090637207,13322494,False
ITUB,2023-09-07,4.713150978088379,4.713150978088379,4.651368141174316,4.6778459548950195,3.7424027919769287,11861037,False
ITUB,2023-09-08,4.704325199127197,4.783760070800781,4.6778459548950195,4.713150978088379,3.7706470489501953,13557251,False
ITUB,2023-09-11,4.810237884521484,4.898499965667725,4.783760070800781,4.872021198272705,3.8977460861206055,15581809,False
ITUB,2023-09-12,4.854369163513184,4.916152000427246,4.845542907714844,4.872021198272705,3.8977460861206055,13737965,False
ITUB,2023-09-13,4.942629814147949,5.013238906860352,4.933804035186768,4.951456069946289,3.9612972736358643,17034315,False
ITUB,2023-09-14,4.977934837341309,5.022065162658691,4.951456069946289,4.977934837341309,3.982481002807617,16499539,False
ITUB,2023-09-15,5.00441312789917,5.013238906860352,4.942629814147949,4.969109058380127,3.9754204750061035,24617484,False
ITUB,2023-09-18,4.99558687210083,5.030890941619873,4.942629814147949,4.960281848907471,3.968358039855957,12793156,False
ITUB,2023-09-19,4.933804035186768,4.960281848907471,4.872021198272705,4.880846977233887,3.942690372467041,16057103,False
ITUB,2023-09-20,4.951456069946289,5.039718151092529,4.942629814147949,4.960281848907471,4.006856918334961,15509864,False
ITUB,2023-09-21,4.845542907714844,4.863194942474365,4.792585849761963,4.801412105560303,3.878523826599121,12995170,False
ITUB,2023-09-22,4.810237884521484,4.854369163513184,4.792585849761963,4.810237884521484,3.885653257369995,19889249,False
ITUB,2023-09-25,4.792585849761963,4.827890872955322,4.75728178024292,4.76610803604126,3.850005626678467,11020125,False
ITUB,2023-09-26,4.721977233886719,4.76610803604126,4.669020175933838,4.6778459548950195,3.77871036529541,10916795,False
ITUB,2023-09-27,4.713150978088379,4.713150978088379,4.571932792663574,4.607236862182617,3.721673011779785,20465492,False
ITUB,2023-09-28,4.616064071655273,4.76610803604126,4.607236862182617,4.721977233886719,3.8143582344055176,17266014,False
ITUB,2023-09-29,4.76610803604126,4.792585849761963,4.721977233886719,4.739628791809082,3.828615188598633,17386452,False
ITUB,2023-10-02,4.713150978088379,4.7308030128479,4.633716106414795,4.6778459548950195,3.7815263271331787,11503576,False
ITUB,2023-10-03,4.616064071655273,4.651368141174316,4.518976211547852,4.536627769470215,3.6673662662506104,19408743,False
ITUB,2023-10-04,4.563107013702393,4.660193920135498,4.536627769470215,4.660193920135498,3.767256021499634,17459643,False
ITUB,2023-10-05,4.669020175933838,4.739628791809082,4.616064071655273,4.721977233886719,3.8172011375427246,40319618,False
ITUB,2023-10-06,4.624889850616455,4.836717128753662,4.5984110832214355,4.75728178024292,3.845742702484131,30760950,False
ITUB,2023-10-09,4.721977233886719,4.7308030128479,4.660193920135498,4.713150978088379,3.8100666999816895,18897080,False
ITUB,2023-10-10,4.774933815002441,4.845542907714844,4.76610803604126,4.774933815002441,3.8600101470947266,24444475,False
ITUB,2023-10-11,4.827890872955322,4.872021198272705,4.783760070800781,4.863194942474365,3.9313607215881348,17222053,False
ITUB,2023-10-12,4.836717128753662,4.880846977233887,4.739628791809082,4.774933815002441,3.8600101470947266,10177173,False
ITUB,2023-10-13,4.819064140319824,4.872021198272705,4.75728178024292,4.774933815002441,3.8600101470947266,15639252,False
ITUB,2023-10-16,4.819064140319824,4.854369163513184,4.783760070800781,4.819064140319824,3.8956854343414307,14443144,False
ITUB,2023-10-17,4.76610803604126,4.845542907714844,4.748455047607422,4.783760070800781,3.8671445846557617,16923168,False
ITUB,2023-10-18,4.713150978088379,4.75728178024292,4.633716106414795,4.651368141174316,3.7601206302642822,26118709,False
ITUB,2023-10-19,4.642541885375977,4.792585849761963,4.633716106414795,4.713150978088379,3.8100666999816895,15283943,False
ITUB,2023-10-20,4.713150978088379,4.7308030128479,4.651368141174316,4.713150978088379,3.8100666999816895,18294778,False
ITUB,2023-10-23,4.695498943328857,4.801412105560303,4.6778459548950195,4.7308030128479,3.8243350982666016,13429222,False
ITUB,2023-10-24,4.76610803604126,4.819064140319824,4.721977233886719,4.75728178024292,3.845742702484131,11187015,False
ITUB,2023-10-25,4.783760070800781,4.819064140319824,4.748455047607422,4.748455047607422,3.8386051654815674,12296449,False
ITUB,2023-10-26,4.75728178024292,4.9073262214660645,4.75728178024292,4.898499965667725,3.9599006175994873,16357461,False
ITUB,2023-10-27,4.942629814147949,4.951456069946289,4.774933815002441,4.792585849761963,3.8742787837982178,11305641,False
ITUB,2023-10-30,4.836717128753662,4.854369163513184,4.704325199127197,4.76610803604126,3.8528754711151123,26402752,False
ITUB,2023-10-31,4.713150978088379,4.748455047607422,4.651368141174316,4.686673164367676,3.7886617183685303,16751972,False
ITUB,2023-11-01,4.721977233886719,4.836717128753662,4.721977233886719,4.792585849761963,3.877199649810791,15642198,False
ITUB,2023-11-02,4.854369163513184,4.969109058380127,4.827890872955322,4.960281848907471,4.012866020202637,12943732,False
ITUB,2023-11-03,4.969109058380127,5.075022220611572,4.960281848907471,5.030890941619873,4.0699896812438965,15573312,False
ITUB,2023-11-06,5.039718151092529,5.075022220611572,5.013238906860352,5.048543930053711,4.08427095413208,11864323,False
ITUB,2023-11-07,5.180935859680176,5.286849021911621,5.180935859680176,5.23389196395874,4.234216690063477,25800223,False
ITUB,2023-11-08,5.260371208190918,5.260371208190918,5.172109127044678,5.207414150238037,4.212795257568359,14854990,False
ITUB,2023-11-09,5.198587894439697,5.286849021911621,5.189762115478516,5.225066184997559,4.227077007293701,22108909,False
ITUB,2023-11-10,5.2691969871521,5.366283893585205,5.260371208190918,5.330979824066162,4.3127617835998535,21470690,False
ITUB,2023-11-13,5.251544952392578,5.286849021911621,5.225066184997559,5.251544952392578,4.248499393463135,13993230,False
ITUB,2023-11-14,5.4015889167785645,5.428067207336426,5.357458114624023,5.392763137817383,4.362744331359863,16090073,False
ITUB,2023-11-15,5.445718765258789,5.472198009490967,5.410415172576904,5.428067207336426,4.391305446624756,11562718,False
ITUB,2023-11-16,5.419240951538086,5.525154113769531,5.410415172576904,5.472198009490967,4.42700719833374,18006429,False
ITUB,2023-11-17,5.445718765258789,5.50750207901001,5.428067207336426,5.481023788452148,4.434146404266357,12822274,False
ITUB,2023-11-20,5.50750207901001,5.604589939117432,5.49867582321167,5.586936950683594,4.519829750061035,16429973,False
ITUB,2023-11-21,5.560459136962891,5.586936950683594,5.489850044250488,5.50750207901001,4.455567359924316,15644237,False
ITUB,2023-11-22,5.586936950683594,5.604589939117432,5.525154113769531,5.560459136962891,4.498408794403076,19531674,False
ITUB,2023-11-24,5.525154113769531,5.551632881164551,5.454545021057129,5.481023788452148,4.434146404266357,12125479,False
ITUB,2023-11-27,5.516327857971191,5.551632881164551,5.454545021057129,5.489850044250488,4.441287040710449,13998328,False
ITUB,2023-11-28,5.525154113769531,5.639894008636475,5.50750207901001,5.631068229675293,4.555531978607178,24800690,False
ITUB,2023-11-29,5.586936950683594,5.657546043395996,5.586936950683594,5.622241973876953,4.548391819000244,17903893,False
ITUB,2023-11-30,5.604589939117432,5.675199031829834,5.569284915924072,5.648719787597656,4.5698113441467285,15456386,False
ITUB,2023-12-01,5.595763206481934,5.6928510665893555,5.569284915924072,5.675199031829834,4.594105243682861,12947697,False
ITUB,2023-12-04,5.648719787597656,5.6928510665893555,5.586936950683594,5.6134161949157715,4.544090747833252,9211290,False
ITUB,2023-12-05,5.604589939117432,5.728155136108398,5.604589939117432,5.701676845550537,4.61553955078125,13195145,False
ITUB,2023-12-06,5.719328880310059,5.728155136108398,5.6134161949157715,5.648719787597656,4.572668075561523,20056366,False
ITUB,2023-12-07,5.639894008636475,5.701676845550537,5.595763206481934,5.701676845550537,4.651149749755859,25613731,False
ITUB,2023-12-08,5.639894008636475,5.763460159301758,5.639894008636475,5.745808124542236,4.687150478363037,20177597,False
ITUB,2023-12-11,5.675199031829834,5.710503101348877,5.657546043395996,5.666371822357178,4.622348785400391,10434477,False
ITUB,2023-12-12,5.639894008636475,5.648719787597656,5.569284915924072,5.6134161949157715,4.5791497230529785,11383251,False
ITUB,2023-12-13,5.684024810791016,5.851720809936523,5.648719787597656,5.842895030975342,4.766348361968994,24214816,False
ITUB,2023-12-14,5.895852088928223,5.957634925842285,5.82524299621582,5.878199100494385,4.79514741897583,26945119,False
ITUB,2023-12-15,5.869372844696045,5.878199100494385,5.789937973022461,5.807590007781982,4.737548351287842,15905734,False
ITUB,2023-12-18,5.860547065734863,5.948808193206787,5.82524299621582,5.931156158447266,4.8383469581604,13172485,False
ITUB,2023-12-19,6.01059103012085,6.0282440185546875,5.957634925842285,5.966461181640625,4.867147922515869,11775836,False
ITUB,2023-12-20,5.931156158447266,5.939981937408447,5.851720809936523,5.851720809936523,4.7735490798950195,14055205,False
ITUB,2023-12-21,5.931156158447266,5.957634925842285,5.887025833129883,5.931156158447266,4.8383469581604,11894007,False
ITUB,2023-12-22,5.9841132164001465,6.090025901794434,5.975286960601807,6.019416809082031,4.910345554351807,17530229,False
ITUB,2023-12-26,6.054721832275391,6.1871137619018555,6.045896053314209,6.169462203979492,5.0327467918396,18694953,False
ITUB,2023-12-27,6.169462203979492,6.222417831420898,6.151809215545654,6.213592052459717,5.0687456130981445,16431786,False
ITUB,2023-12-28,6.160634994506836,6.195940017700195,6.134157180786133,6.169462203979492,5.0327467918396,13089889,False
ITUB,2023-12-29,6.1429829597473145,6.160634994506836,6.081200122833252,6.134157180786133,5.006810188293457,7108555,False
ITUB,2024-01-02,6.0635480880737305,6.090025901794434,5.975286960601807,6.01059103012085,4.905954360961914,11228936,False
ITUB,2024-01-03,6.019416809082031,6.054721832275391,5.948808193206787,5.957634925842285,4.862729072570801,19508221,False
ITUB,2024-01-04,5.869372844696045,5.966461181640625,5.851720809936523,5.922329902648926,4.833913803100586,18648614,False
ITUB,2024-01-05,6.00176477432251,6.09885311126709,5.9841132164001465,6.081200122833252,4.96358585357666,21800846,False
ITUB,2024-01-08,6.045896053314209,6.072373867034912,6.01059103012085,6.054721832275391,4.9419732093811035,12273449,False
ITUB,2024-01-09,6.00176477432251,6.01059103012085,5.939981937408447,5.966461181640625,4.869933605194092,28913594,False
ITUB,2024-01-10,6.00176477432251,6.019416809082031,5.966461181640625,6.01059103012085,4.905954360961914,9251965,False
ITUB,2024-01-11,6.054721832275391,6.0635480880737305,5.966461181640625,6.0282440185546875,4.920363426208496,13506380,False
ITUB,2024-01-12,6.037069797515869,6.081200122833252,6.019416809082031,6.045896053314209,4.934770107269287,12607118,False
ITUB,2024-01-16,6.0282440185546875,6.037069797515869,5.895852088928223,5.904677867889404,4.8195061683654785,21085810,False
ITUB,2024-01-17,5.878199100494385,5.913504123687744,5.860547065734863,5.887025833129883,4.805097579956055,14755739,False
ITUB,2024-01-18,5.851720809936523,5.887025833129883,5.82524299621582,5.878199100494385,4.797893524169922,16596637,False
ITUB,2024-01-19,5.842895030975342,5.904677867889404,5.842895030975342,5.878199100494385,4.797893524169922,25662223,False
ITUB,2024-01-22,5.834068775177002,5.887025833129883,5.648719787597656,5.701676845550537,4.653812408447266,28381423,False
ITUB,2024-01-23,5.73698091506958,5.781112194061279,5.684024810791016,5.763460159301758,4.704241752624512,17184778,False
ITUB,2024-01-24,5.904677867889404,5.913504123687744,5.763460159301758,5.763460159301758,4.704241752624512,23450268,False
ITUB,2024-01-25,5.798764228820801,5.82524299621582,5.763460159301758,5.7722859382629395,4.7114434242248535,16914784,False
ITUB,2024-01-26,5.851720809936523,5.887025833129883,5.834068775177002,5.860547065734863,4.783485412597656,10838618,False
ITUB,2024-01-29,5.834068775177002,5.851720809936523,5.754633903503418,5.807590007781982,4.740261077880859,12572448,False
ITUB,2024-01-30,5.763460159301758,5.798764228820801,5.745808124542236,5.745808124542236,4.689833164215088,14337322,False
ITUB,2024-01-31,5.869372844696045,5.948808193206787,5.816417217254639,5.82524299621582,4.754669189453125,22062909,False
ITUB,2024-02-01,5.851720809936523,5.878199100494385,5.7722859382629395,5.851720809936523,4.779176235198975,20609610,False
ITUB,2024-02-02,5.728155136108398,5.82524299621582,5.701676845550537,5.789937973022461,4.7287187576293945,14832103,False
ITUB,2024-02-05,5.798764228820801,5.895852088928223,5.754633903503418,5.842895030975342,4.771968364715576,16950813,False
ITUB,2024-02-06,5.904677867889404,6.222417831420898,5.887025833129883,6.222417831420898,5.081929683685303,72132445,False
ITUB,2024-02-07,6.0635480880737305,6.1429829597473145,6.045896053314209,6.134157180786133,5.009845733642578,48634705,False
ITUB,2024-02-08,6.134157180786133,6.160634994506836,5.966461181640625,5.9841132164001465,4.887304782867432,28086277,False
ITUB,2024-02-09,6.01059103012085,6.1076788902282715,5.966461181640625,6.09885311126709,4.981012344360352,16765001,False
ITUB,2024-02-12,6.081200122833252,6.178287982940674,6.0635480880737305,6.151809215545654,5.02426290512085,9004744,False
ITUB,2024-02-13,6.0282440185546875,6.081200122833252,5.948808193206787,6.01059103012085,4.908929347991943,23909699,False
ITUB,2024-02-14,6.019416809082031,6.134157180786133,5.966461181640625,6.054721832275391,4.944970607757568,22133948,False
ITUB,2024-02-15,6.0635480880737305,6.134157180786133,6.054721832275391,6.116505146026611,4.9954304695129395,23047373,False
ITUB,2024-02-16,6.09885311126709,6.169462203979492,6.081200122833252,6.134157180786133,5.009845733642578,22690818,False
ITUB,2024-02-20,6.293026924133301,6.416593074798584,6.275374889373779,6.381289005279541,5.211680889129639,34712174,False
ITUB,2024-02-21,6.372461795806885,6.381289005279541,6.32833194732666,6.32833194732666,5.168431282043457,21043889,False
ITUB,2024-02-22,6.125330924987793,6.178287982940674,6.081200122833252,6.09885311126709,5.142385482788086,18606693,False
ITUB,2024-02-23,6.01059103012085,6.09885311126709,6.00176477432251,6.045896053314209,5.097733020782471,26246738,False
ITUB,2024-02-26,6.072373867034912,6.1076788902282715,6.054721832275391,6.09885311126709,5.142385482788086,11940007,False
ITUB,2024-02-27,6.134157180786133,6.240070819854736,6.116505146026611,6.213592052459717,5.23913049697876,13939639,False
ITUB,2024-02-28,6.169462203979492,6.213592052459717,6.1429829597473145,6.1871137619018555,5.2168049812316895,14830517,False
ITUB,2024-02-29,6.045896053314209,6.072373867034912,5.9841132164001465,6.019416809082031,5.075405597686768,28909288,False
ITUB,2024-03-01,6.090025901794434,6.116505146026611,6.0282440185546875,6.090025901794434,5.134941577911377,19162429,False
ITUB,2024-03-04,6.054721832275391,6.116505146026611,6.045896053314209,6.054721832275391,5.105174541473389,15037629,False
ITUB,2024-03-05,6.045896053314209,6.072373867034912,5.992938995361328,6.00176477432251,5.060523509979248,12904417,False
ITUB,2024-03-06,6.081200122833252,6.134157180786133,6.037069797515869,6.090025901794434,5.134941577911377,18217734,False
ITUB,2024-03-07,6.116505146026611,6.116505146026611,6.00176477432251,6.045896053314209,5.097733020782471,15549632,False
ITUB,2024-03-08,6.01059103012085,6.090025901794434,6.01059103012085,6.037069797515869,5.092522144317627,11512640,False
ITUB,2024-03-11,6.054721832275391,6.09885311126709,6.0282440185546875,6.045896053314209,5.099967002868652,13398178,False
ITUB,2024-03-12,6.081200122833252,6.1429829597473145,6.045896053314209,6.116505146026611,5.1595282554626465,12824880,False
ITUB,2024-03-13,6.09885311126709,6.213592052459717,6.081200122833252,6.204765796661377,5.233980178833008,22298346,False
ITUB,2024-03-14,6.195940017700195,6.213592052459717,6.1076788902282715,6.134157180786133,5.17441987991333,18805307,False
ITUB,2024-03-15,6.125330924987793,6.151809215545654,6.072373867034912,6.072373867034912,5.122302532196045,12706595,False
ITUB,2024-03-18,6.169462203979492,6.178287982940674,6.045896053314209,6.090025901794434,5.1371917724609375,14515090,False
ITUB,2024-03-19,6.081200122833252,6.125330924987793,6.072373867034912,6.081200122833252,5.129746913909912,9721027,False
ITUB,2024-03-20,6.116505146026611,6.204765796661377,6.081200122833252,6.178287982940674,5.211644649505615,18587432,False
ITUB,2024-03-21,6.169462203979492,6.169462203979492,6.0635480880737305,6.0635480880737305,5.114856719970703,11108612,False
ITUB,2024-03-22,6.00176477432251,6.019416809082031,5.931156158447266,5.957634925842285,5.092977046966553,11201858,False
ITUB,2024-03-25,5.939981937408447,5.9841132164001465,5.939981937408447,5.948808193206787,5.085431098937988,8597431,False
ITUB,2024-03-26,5.992938995361328,6.081200122833252,5.9841132164001465,6.072373867034912,5.191062927246094,10634905,False
ITUB,2024-03-27,6.072373867034912,6.1429829597473145,6.045896053314209,6.125330924987793,5.236334323883057,9558555,False
ITUB,2024-03-28,6.09885311126709,6.160634994506836,6.081200122833252,6.116505146026611,5.231051445007324,9949893,False
ITUB,2024-04-01,6.09885311126709,6.1076788902282715,5.82524299621582,5.851720809936523,5.0045976638793945,14509198,False
ITUB,2024-04-02,5.82524299621582,5.887025833129883,5.789937973022461,5.842895030975342,4.997049808502197,14977920,False
ITUB,2024-04-03,5.816417217254639,5.860547065734863,5.754633903503418,5.807590007781982,4.966856002807617,21855004,False
ITUB,2024-04-04,5.887025833129883,5.904677867889404,5.710503101348877,5.728155136108398,4.898919105529785,30974974,False
ITUB,2024-04-05,5.763460159301758,5.7722859382629395,5.675199031829834,5.719328880310059,4.891371726989746,23793113,False
ITUB,2024-04-08,5.7722859382629395,5.895852088928223,5.7722859382629395,5.82524299621582,4.981952667236328,13822034,False
ITUB,2024-04-09,5.904677867889404,5.948808193206787,5.869372844696045,5.948808193206787,5.087630748748779,22057244,False
ITUB,2024-04-10,5.834068775177002,5.851720809936523,5.684024810791016,5.701676845550537,4.876276016235352,24511322,False
ITUB,2024-04-11,5.684024810791016,5.728155136108398,5.657546043395996,5.6928510665893555,4.86872673034668,14075146,False
ITUB,2024-04-12,5.622241973876953,5.631068229675293,5.569284915924072,5.604589939117432,4.793243408203125,18551176,False
ITUB,2024-04-15,5.525154113769531,5.578111171722412,5.410415172576904,5.419240951538086,4.634725570678711,36919825,False
ITUB,2024-04-16,5.330979824066162,5.357458114624023,5.251544952392578,5.295674800872803,4.529048442840576,42076561,False
ITUB,2024-04-17,5.313326835632324,5.348631858825684,5.24271821975708,5.339806079864502,4.56679105758667,26436176,False
ITUB,2024-04-18,5.366283893585205,5.4015889167785645,5.251544952392578,5.3221540451049805,4.551693916320801,20631703,False
ITUB,2024-04-19,5.3221540451049805,5.410415172576904,5.3221540451049805,5.339806079864502,4.56679105758667,16556529,False
ITUB,2024-04-22,5.330979824066162,5.419240951538086,5.304501056671143,5.383935928344727,4.604532718658447,13126372,False
ITUB,2024-04-23,5.4015889167785645,5.569284915924072,5.383935928344727,5.516327857971191,4.717758655548096,32994093,False
ITUB,2024-04-24,5.463372230529785,5.50750207901001,5.419240951538086,5.481023788452148,4.687564373016357,20616635,False
ITUB,2024-04-25,5.4015889167785645,5.472198009490967,5.375110149383545,5.392763137817383,4.612081527709961,16023792,False
ITUB,2024-04-26,5.472198009490967,5.586936950683594,5.472198009490967,5.560459136962891,4.755500316619873,21707374,False
ITUB,2024-04-29,5.551632881164551,5.551632881164551,5.472198009490967,5.49867582321167,4.702661991119385,13929215,False
ITUB,2024-04-30,5.481023788452148,5.50750207901001,5.3221540451049805,5.339806079864502,4.56679105758667,28030647,False
ITUB,2024-05-01,5.330979824066162,5.472198009490967,5.313326835632324,5.383935928344727,4.604532718658447,13298927,False
ITUB,2024-05-02,5.489850044250488,5.542807102203369,5.436892986297607,5.516327857971191,4.720080852508545,23368125,False
ITUB,2024-05-03,5.622241973876953,5.666371822357178,5.578111171722412,5.595763206481934,4.788049221038818,18930051,False
ITUB,2024-05-06,5.631068229675293,5.6928510665893555,5.595763206481934,5.631068229675293,4.818258762359619,15670636,False
ITUB,2024-05-07,5.657546043395996,5.798764228820801,5.631068229675293,5.763460159301758,4.931540012359619,24023339,False
ITUB,2024-05-08,5.6928510665893555,5.789937973022461,5.684024810791016,5.7722859382629395,4.939091205596924,14223455,False
ITUB,2024-05-09,5.586936950683594,5.604589939117432,5.50750207901001,5.551632881164551,4.750288009643555,21465591,False
ITUB,2024-05-10,5.631068229675293,5.657546043395996,5.595763206481934,5.595763206481934,4.788049221038818,23027885,False
ITUB,2024-05-13,5.639894008636475,5.719328880310059,5.604589939117432,5.666371822357178,4.848465919494629,23897009,False
ITUB,2024-05-14,5.684024810791016,5.7722859382629395,5.666371822357178,5.745808124542236,4.916436195373535,21915959,False
ITUB,2024-05-15,5.745808124542236,5.763460159301758,5.684024810791016,5.719328880310059,4.893778324127197,23782463,False
ITUB,2024-05-16,5.781112194061279,5.789937973022461,5.701676845550537,5.710503101348877,4.886227130889893,19570309,False
ITUB,2024-05-17,5.719328880310059,5.7722859382629395,5.701676845550537,5.763460159301758,4.931540012359619,13098386,False
ITUB,2024-05-20,5.719328880310059,5.789937973022461,5.710503101348877,5.73698091506958,4.9088826179504395,11504709,False
ITUB,2024-05-21,5.73698091506958,5.763460159301758,5.657546043395996,5.6928510665893555,4.871121883392334,15586001,False
ITUB,2024-05-22,5.595763206481934,5.631068229675293,5.542807102203369,5.542807102203369,4.742735385894775,14702035,False
ITUB,2024-05-23,5.533980846405029,5.560459136962891,5.489850044250488,5.50750207901001,4.712526798248291,12398759,False
ITUB,2024-05-24,5.50750207901001,5.533980846405029,5.428067207336426,5.445718765258789,4.65966272354126,13642793,False
ITUB,2024-05-28,5.481023788452148,5.49867582321167,5.4015889167785645,5.428067207336426,4.644557476043701,22434986,False
ITUB,2024-05-29,5.295674800872803,5.357458114624023,5.278022766113281,5.339806079864502,4.569038391113281,18397767,False
ITUB,2024-05-30,5.357458114624023,5.4015889167785645,5.313326835632324,5.357458114624023,4.584142208099365,12019317,False
ITUB,2024-05-31,5.278022766113281,5.313326835632324,5.216239929199219,5.286849021911621,4.52372407913208,32031043,False
ITUB,2024-06-03,5.260371208190918,5.366283893585205,5.225066184997559,5.348631858825684,4.576590538024902,22109362,False
ITUB,2024-06-04,5.251544952392578,5.313326835632324,5.23389196395874,5.295674800872803,4.5335211753845215,17531022,False
ITUB,2024-06-05,5.304501056671143,5.304501056671143,5.225066184997559,5.278022766113281,4.518409729003906,16202806,False
ITUB,2024-06-06,5.3221540451049805,5.392763137817383,5.313326835632324,5.383935928344727,4.609079837799072,16715262,False
ITUB,2024-06-07,5.286849021911621,5.339806079864502,5.207414150238037,5.24271821975708,4.488185405731201,17097763,False
ITUB,2024-06-10,5.145630836486816,5.163282871246338,5.0926737785339355,5.136805057525635,4.397514820098877,35924258,False
ITUB,2024-06-11,5.189762115478516,5.24271821975708,5.154457092285156,5.189762115478516,4.442850112915039,12673965,False
ITUB,2024-06-12,5.189762115478516,5.225066184997559,5.083847999572754,5.180935859680176,4.4352946281433105,47318272,False
ITUB,2024-06-13,5.172109127044678,5.198587894439697,5.0926737785339355,5.136805057525635,4.397514820098877,22012377,False
ITUB,2024-06-14,5.101500034332275,5.172109127044678,5.083847999572754,5.119153022766113,4.382404804229736,19061819,False
ITUB,2024-06-17,5.136805057525635,5.23389196395874,5.136805057525635,5.23389196395874,4.480630874633789,25407072,False
ITUB,2024-06-18,5.180935859680176,5.286849021911621,5.180935859680176,5.189762115478516,4.442850112915039,20037785,False
ITUB,2024-06-20,5.260371208190918,5.295674800872803,5.163282871246338,5.198587894439697,4.4504075050354,27134670,False
ITUB,2024-06-21,5.172109127044678,5.278022766113281,5.172109127044678,5.260371208190918,4.503298759460449,31755271,False
ITUB,2024-06-24,5.330979824066162,5.410415172576904,5.304501056671143,5.3221540451049805,4.590075969696045,25704824,False
ITUB,2024-06-25,5.286849021911621,5.330979824066162,5.251544952392578,5.260371208190918,4.536791801452637,14416859,False
ITUB,2024-06-26,5.136805057525635,5.189762115478516,5.110326766967773,5.189762115478516,4.475894451141357,15520287,False
ITUB,2024-06-27,5.216239929199219,5.251544952392578,5.163282871246338,5.207414150238037,4.49111795425415,17919641,False
ITUB,2024-06-28,5.145630836486816,5.172109127044678,5.083847999572754,5.154457092285156,4.445446491241455,27205143,False
ITUB,2024-07-01,5.154457092285156,5.189762115478516,5.048543930053711,5.057370185852051,4.361713886260986,16401195,False
ITUB,2024-07-02,5.030890941619873,5.110326766967773,5.022065162658691,5.110326766967773,4.409695625305176,25473012,False
ITUB,2024-07-03,5.198587894439697,5.304501056671143,5.198587894439697,5.295674800872803,4.569632053375244,18256596,False
ITUB,2024-07-05,5.295674800872803,5.348631858825684,5.225066184997559,5.3221540451049805,4.592479705810547,23189678,False
ITUB,2024-07-08,5.295674800872803,5.330979824066162,5.24271821975708,5.278022766113281,4.5543999671936035,23790734,False
ITUB,2024-07-09,5.295674800872803,5.410415172576904,5.286849021911621,5.392763137817383,4.653409957885742,16496027,False
ITUB,2024-07-10,5.481023788452148,5.49867582321167,5.410415172576904,5.472198009490967,4.721954345703125,16402101,False
ITUB,2024-07-11,5.481023788452148,5.50750207901001,5.428067207336426,5.463372230529785,4.714338302612305,15763656,False
ITUB,2024-07-12,5.454545021057129,5.472198009490967,5.4015889167785645,5.463372230529785,4.714338302612305,12591709,False
ITUB,2024-07-15,5.445718765258789,5.463372230529785,5.4015889167785645,5.436892986297607,4.691488742828369,16647396,False
ITUB,2024-07-16,5.489850044250488,5.525154113769531,5.445718765258789,5.49867582321167,4.744801044464111,22202041,False
ITUB,2024-07-17,5.436892986297607,5.533980846405029,5.428067207336426,5.50750207901001,4.752415657043457,13873698,False
ITUB,2024-07-18,5.445718765258789,5.454545021057129,5.357458114624023,5.357458114624023,4.622943878173828,13293716,False
ITUB,2024-07-19,5.489850044250488,5.516327857971191,5.410415172576904,5.419240951538086,4.676257133483887,16294126,False
ITUB,2024-07-22,5.463372230529785,5.50750207901001,5.428067207336426,5.436892986297607,4.691488742828369,12477842,False
ITUB,2024-07-23,5.4015889167785645,5.472198009490967,5.392763137817383,5.410415172576904,4.668641090393066,12711807,False
ITUB,2024-07-24,5.348631858825684,5.4015889167785645,5.339806079864502,5.339806079864502,4.607712268829346,14640853,False
ITUB,2024-07-25,5.3221540451049805,5.383935928344727,5.295674800872803,5.3221540451049805,4.592479705810547,15718222,False
ITUB,2024-07-26,5.330979824066162,5.357458114624023,5.295674800872803,5.348631858825684,4.615328788757324,11091617,False
ITUB,2024-07-29,5.383935928344727,5.428067207336426,5.339806079864502,5.392763137817383,4.653409957885742,17310541,False
ITUB,2024-07-30,5.392763137817383,5.436892986297607,5.339806079864502,5.410415172576904,4.668641090393066,16549278,False
ITUB,2024-07-31,5.357458114624023,5.392763137817383,5.295674800872803,5.313326835632324,4.58486270904541,17595263,False
ITUB,2024-08-01,5.304501056671143,5.313326835632324,5.127978801727295,5.136805057525635,4.432541847229004,14312736,False
ITUB,2024-08-02,5.145630836486816,5.154457092285156,5.066195964813232,5.083847999572754,4.389110088348389,22363154,False
ITUB,2024-08-05,4.960281848907471,5.110326766967773,4.960281848907471,5.066195964813232,4.3738694190979,34409210,False
ITUB,2024-08-06,5.189762115478516,5.3221540451049805,5.172109127044678,5.251544952392578,4.533888816833496,33013581,False
ITUB,2024-08-07,5.286849021911621,5.339806079864502,5.225066184997559,5.313326835632324,4.587227821350098,27692673,False
ITUB,2024-08-08,5.339806079864502,5.383935928344727,5.313326835632324,5.330979824066162,4.602468967437744,21443611,False
ITUB,2024-08-09,5.445718765258789,5.560459136962891,5.410415172576904,5.533980846405029,4.777729034423828,22695916,False
ITUB,2024-08-12,5.578111171722412,5.604589939117432,5.542807102203369,5.551632881164551,4.792968273162842,16572504,False
ITUB,2024-08-13,5.595763206481934,5.781112194061279,5.595763206481934,5.781112194061279,4.991087913513184,31062668,False
ITUB,2024-08-14,5.834068775177002,5.939981937408447,5.816417217254639,5.922329902648926,5.11300802230835,34090610,False
ITUB,2024-08-15,5.913504123687744,6.01059103012085,5.904677867889404,5.975286960601807,5.158726692199707,23855088,False
ITUB,2024-08-16,6.054721832275391,6.0635480880737305,5.922329902648926,5.948808193206787,5.135866165161133,27348921,False
ITUB,2024-08-19,5.992938995361328,6.116505146026611,5.975286960601807,6.0635480880737305,5.234926700592041,20962426,False
ITUB,2024-08-20,6.00176477432251,6.037069797515869,5.957634925842285,6.0282440185546875,5.2044477462768555,21467291,False
ITUB,2024-08-21,6.045896053314209,6.054721832275391,5.948808193206787,6.00176477432251,5.181586265563965,21066209,False
ITUB,2024-08-22,5.789937973022461,5.851720809936523,5.754633903503418,5.807590007781982,5.013947486877441,32396436,False
ITUB,2024-08-23,5.887025833129883,5.948808193206787,5.860547065734863,5.913504123687744,5.105387210845947,24775084,False
ITUB,2024-08-26,5.851720809936523,5.913504123687744,5.851720809936523,5.895852088928223,5.090147018432617,14418105,False
ITUB,2024-08-27,5.869372844696045,5.904677867889404,5.842895030975342,5.887025833129883,5.082528591156006,15265249,False
ITUB,2024-08-28,5.816417217254639,5.975286960601807,5.807590007781982,5.948808193206787,5.135866165161133,21802432,False
ITUB,2024-08-29,5.851720809936523,5.860547065734863,5.807590007781982,5.816417217254639,5.021567344665527,17840558,False
ITUB,2024-08-30,5.6928510665893555,5.798764228820801,5.675199031829834,5.754633903503418,4.968228816986084,22043421,False
ITUB,2024-09-03,5.7722859382629395,5.798764228820801,5.710503101348877,5.781112194061279,4.993385314941406,18196660,False
ITUB,2024-09-04,5.860547065734863,5.948808193206787,5.842895030975342,5.851720809936523,5.054373741149902,18676259,False
ITUB,2024-09-05,5.878199100494385,5.957634925842285,5.860547065734863,5.948808193206787,5.13823127746582,16384086,False
ITUB,2024-09-06,5.957634925842285,5.966461181640625,5.816417217254639,5.834068775177002,5.039126396179199,17588126,False
ITUB,2024-09-09,5.834068775177002,5.922329902648926,5.834068775177002,5.913504123687744,5.1077375411987305,15991049,False
ITUB,2024-09-10,5.860547065734863,5.878199100494385,5.798764228820801,5.851720809936523,5.054373741149902,19348014,False
ITUB,2024-09-11,5.860547065734863,5.895852088928223,5.807590007781982,5.842895030975342,5.046749591827393,18408871,False
ITUB,2024-09-12,5.798764228820801,5.869372844696045,5.728155136108398,5.842895030975342,5.046749591827393,19050035,False
ITUB,2024-09-13,5.895852088928223,5.931156158447266,5.816417217254639,5.887025833129883,5.08486795425415,15954906,False
ITUB,2024-09-16,5.939981937408447,5.966461181640625,5.895852088928223,5.939981937408447,5.130608558654785,12507527,False
ITUB,2024-09-17,5.895852088928223,5.948808193206787,5.887025833129883,5.931156158447266,5.122984409332275,11928224,False
ITUB,2024-09-18,5.975286960601807,6.019416809082031,5.895852088928223,5.939981937408447,5.130608558654785,17011655,False
ITUB,2024-09-19,5.992938995361328,6.00176477432251,5.913504123687744,5.931156158447266,5.122984409332275,16044753,False
ITUB,2024-09-20,5.895852088928223,5.913504123687744,5.73698091506958,5.745808124542236,4.962893009185791,20835530,False
ITUB,2024-09-23,5.701676845550537,5.754633903503418,5.666371822357178,5.728155136108398,4.983623504638672,23502839,False
ITUB,2024-09-24,5.842895030975342,5.895852088928223,5.754633903503418,5.781112194061279,5.029698848724365,20910308,False
ITUB,2024-09-25,5.816417217254639,5.834068775177002,5.781112194061279,5.82524299621582,5.068093299865723,24250052,False
ITUB,2024-09-26,5.913504123687744,6.00176477432251,5.913504123687744,5.957634925842285,5.183276653289795,50935148,False
ITUB,2024-09-27,5.957634925842285,6.00176477432251,5.931156158447266,5.9841132164001465,5.206313133239746,28069962,False
ITUB,2024-09-30,5.957634925842285,6.019416809082031,5.869372844696045,5.869372844696045,5.1064863204956055,39908905,False
ITUB,2024-10-01,5.869372844696045,5.878199100494385,5.728155136108398,5.754633903503418,5.006661415100098,34185782,False
ITUB,2024-10-02,5.895852088928223,5.904677867889404,5.781112194061279,5.798764228820801,5.047379016876221,25591071,False
ITUB,2024-10-03,5.657546043395996,5.675199031829834,5.569284915924072,5.631068229675293,4.901412487030029,27349940,False
ITUB,2024-10-04,5.622241973876953,5.701676845550537,5.6134161949157715,5.684024810791016,4.947505950927734,19395261,False
ITUB,2024-10-07,5.639894008636475,5.73698091506958,5.639894008636475,5.684024810791016,4.947505950927734,19905224,False
ITUB,2024-10-08,5.622241973876953,5.701676845550537,5.622241973876953,5.666371822357178,4.932140827178955,21607556,False
ITUB,2024-10-09,5.542807102203369,5.578111171722412,5.472198009490967,5.49867582321167,4.7861738204956055,19186902,False
ITUB,2024-10-10,5.50750207901001,5.551632881164551,5.472198009490967,5.533980846405029,4.816905498504639,38396124,False
ITUB,2024-10-11,5.481023788452148,5.489850044250488,5.419240951538086,5.463372230529785,4.755446434020996,20189947,False
ITUB,2024-10-14,5.463372230529785,5.560459136962891,5.454545021057129,5.533980846405029,4.816905498504639,16100383,False
ITUB,2024-10-15,5.472198009490967,5.525154113769531,5.445718765258789,5.489850044250488,4.778491973876953,21105524,False
ITUB,2024-10-16,5.481023788452148,5.516327857971191,5.428067207336426,5.472198009490967,4.76312780380249,31320539,False
ITUB,2024-10-17,5.4015889167785645,5.525154113769531,5.4015889167785645,5.481023788452148,4.770809650421143,16940276,False
ITUB,2024-10-18,5.516327857971191,5.525154113769531,5.445718765258789,5.454545021057129,4.747762203216553,13472390,False
ITUB,2024-10-21,5.445718765258789,5.481023788452148,5.419240951538086,5.436892986297607,4.732397079467773,12019431,False
ITUB,2024-10-22,5.436892986297607,5.481023788452148,5.4015889167785645,5.472198009490967,4.76312780380249,17145349,False
ITUB,2024-10-23,5.428067207336426,5.50750207901001,5.419240951538086,5.49867582321167,4.7861738204956055,18042232,False
ITUB,2024-10-24,5.49867582321167,5.586936950683594,5.472198009490967,5.560459136962891,4.839951992034912,20854565,False
ITUB,2024-10-25,5.533980846405029,5.542807102203369,5.454545021057129,5.463372230529785,4.755446434020996,14463651,False
ITUB,2024-10-28,5.542807102203369,5.578111171722412,5.516327857971191,5.551632881164551,4.832267761230469,22832443,False
ITUB,2024-10-29,5.551632881164551,5.560459136962891,5.410415172576904,5.419240951538086,4.717032432556152,24097550,False
ITUB,2024-10-30,5.392763137817383,5.436892986297607,5.383935928344727,5.419240951538086,4.717032432556152,12316050,False
ITUB,2024-10-31,5.392763137817383,5.428067207336426,5.330979824066162,5.339806079864502,4.647891521453857,15685705,False
ITUB,2024-11-01,5.348631858825684,5.375110149383545,5.23389196395874,5.24271821975708,4.563382148742676,26954863,False
ITUB,2024-11-04,5.410415172576904,5.445718765258789,5.339806079864502,5.366283893585205,4.670937538146973,31949694,False
ITUB,2024-11-05,5.49867582321167,5.639894008636475,5.463372230529785,5.551632881164551,4.832267761230469,67373845,False
ITUB,2024-11-06,5.49867582321167,5.666371822357178,5.419240951538086,5.6134161949157715,4.886048316955566,38389666,False
ITUB,2024-11-07,5.639894008636475,5.648719787597656,5.49867582321167,5.516327857971191,4.801539897918701,25991360,False
ITUB,2024-11-08,5.392763137817383,5.419240951538086,5.3221540451049805,5.392763137817383,4.693985939025879,22378676,False
ITUB,2024-11-11,5.348631858825684,5.419240951538086,5.330979824066162,5.366283893585205,4.670937538146973,21759605,False
ITUB,2024-11-12,5.357458114624023,5.375110149383545,5.304501056671143,5.3221540451049805,4.634812831878662,18895608,False
ITUB,2024-11-13,5.2691969871521,5.278022766113281,5.198587894439697,5.23389196395874,4.557950019836426,24951493,False
ITUB,2024-11-14,5.260371208190918,5.278022766113281,5.198587894439697,5.216239929199219,4.542576789855957,35871007,False
ITUB,2024-11-15,5.23389196395874,5.3221540451049805,5.23389196395874,5.260371208190918,4.581009864807129,15491962,False
ITUB,2024-11-18,5.251544952392578,5.295674800872803,5.24271821975708,5.260371208190918,4.581009864807129,20789757,False
ITUB,2024-11-19,5.2691969871521,5.304501056671143,5.251544952392578,5.278022766113281,4.596381664276123,16643883,False
ITUB,2024-11-20,5.260371208190918,5.2691969871521,5.23389196395874,5.260371208190918,4.581009864807129,7484485,False
ITUB,2024-11-21,5.189762115478516,5.225066184997559,5.163282871246338,5.172109127044678,4.504146099090576,28257360,False
ITUB,2024-11-22,5.154457092285156,5.198587894439697,5.145630836486816,5.163282871246338,4.496458530426025,15322579,False
ITUB,2024-11-25,5.198587894439697,5.216239929199219,5.154457092285156,5.163282871246338,4.496458530426025,20562251,False
ITUB,2024-11-26,5.225066184997559,5.339806079864502,5.216239929199219,5.286849021911621,4.604067325592041,24127802,False
ITUB,2024-11-27,5.260371208190918,5.2691969871521,5.030890941619873,5.066195964813232,4.411911487579346,38829270,False
ITUB,2024-11-29,4.704325199127197,4.810237884521484,4.660193920135498,4.7308030128479,4.119833469390869,31744734,False
ITUB,2024-12-02,4.686673164367676,4.7308030128479,4.633716106414795,4.686673164367676,4.083688259124756,35879504,False
ITUB,2024-12-03,4.695498943328857,4.7308030128479,4.651368141174316,4.721977233886719,4.114450931549072,30408360,False
ITUB,2024-12-04,4.748455047607422,4.801412105560303,4.721977233886719,4.748455047607422,4.1375226974487305,47008850,False
ITUB,2024-12-05,4.889673233032227,4.916152000427246,4.854369163513184,4.880846977233887,4.252879619598389,42793070,False
ITUB,2024-12-06,4.845542907714844,4.863194942474365,4.7308030128479,4.739628791809082,4.129830837249756,32774744,False
ITUB,2024-12-09,4.792585849761963,4.836717128753662,4.739628791809082,4.739628791809082,4.129830837249756,19067144,False
ITUB,2024-12-10,4.783760070800781,4.880846977233887,4.783760070800781,4.854369163513184,4.229808807373047,29722669,False
ITUB,2024-12-11,4.819064140319824,4.960281848907471,4.748455047607422,4.9073262214660645,4.318350791931152,67287850,False
ITUB,2024-12-12,4.863194942474365,4.872021198272705,4.695498943328857,4.748455047607422,4.178548336029053,45163986,False
ITUB,2024-12-13,4.7308030128479,4.739628791809082,4.642541885375977,4.651368141174316,4.093112945556641,37485872,False
ITUB,2024-12-16,4.633716106414795,4.6778459548950195,4.563107013702393,4.5984110832214355,4.046511173248291,34031581,False
ITUB,2024-12-17,4.545454978942871,4.6778459548950195,4.527801990509033,4.616064071655273,4.062046051025391,48851448,False
ITUB,2024-12-18,4.545454978942871,4.545454978942871,4.324800968170166,4.377758026123047,3.8523409366607666,58504155,False
ITUB,2024-12-19,4.483672142028809,4.518976211547852,4.413063049316406,4.430715084075928,3.898941993713379,99944309,False
ITUB,2024-12-20,4.536627769470215,4.563107013702393,4.457192897796631,4.474845886230469,3.9377760887145996,52890933,False
ITUB,2024-12-23,4.413063049316406,4.421888828277588,4.360105991363525,4.3865838050842285,3.8601083755493164,20095568,False
ITUB,2024-12-24,4.395410060882568,4.421888828277588,4.395410060882568,4.404236793518066,3.8756420612335205,7322466,False
ITUB,2024-12-26,4.360105991363525,4.439540863037109,4.360105991363525,4.413063049316406,3.883408308029175,24407086,False
ITUB,2024-12-27,4.360105991363525,4.439540863037109,4.360105991363525,4.395410060882568,3.8678743839263916,18254103,False
ITUB,2024-12-30,4.404236793518066,4.439540863037109,4.377758026123047,4.413063049316406,3.883408308029175,22152756,False
ITUB,2024-12-31,4.404236793518066,4.404236793518066,4.351280212402344,4.377758026123047,3.8523409366607666,8225127,False
ITUB,2025-01-02,4.298323154449463,4.430715084075928,4.289496898651123,4.368931770324707,3.846900224685669,29507625,False
ITUB,2025-01-03,4.360105991363525,4.377758026123047,4.289496898651123,4.298323154449463,3.784729480743408,26377146,False
ITUB,2025-01-06,4.404236793518066,4.510149955749512,4.395410060882568,4.474845886230469,3.940159559249878,25869562,False
ITUB,2025-01-07,4.571932792663574,4.642541885375977,4.536627769470215,4.563107013702393,4.017874717712402,27144414,False
ITUB,2025-01-08,4.474845886230469,4.50132417678833,4.439540863037109,4.50132417678833,3.9634740352630615,30327011,False
ITUB,2025-01-10,4.457192897796631,4.483672142028809,4.421888828277588,4.448367118835449,3.9168450832366943,36432295,False
ITUB,2025-01-13,4.439540863037109,4.518976211547852,4.439540863037109,4.49249792098999,3.9557032585144043,18597968,False
ITUB,2025-01-14,4.448367118835449,4.518976211547852,4.430715084075928,4.50132417678833,3.9634740352630615,21008766,False
ITUB,2025-01-15,4.633716106414795,4.739628791809082,4.607236862182617,4.7308030128479,4.165533542633057,43961306,False
ITUB,2025-01-16,4.721977233886719,4.739628791809082,4.633716106414795,4.686673164367676,4.126676082611084,18321630,False
ITUB,2025-01-17,4.704325199127197,4.76610803604126,4.686673164367676,4.695498943328857,4.134446620941162,23573085,False
ITUB,2025-01-21,4.76610803604126,4.801412105560303,4.748455047607422,4.774933815002441,4.204390525817871,19223045,False
ITUB,2025-01-22,4.836717128753662,4.872021198272705,4.819064140319824,4.827890872955322,4.251020431518555,17541559,False
ITUB,2025-01-23,4.836717128753662,4.880846977233887,4.792585849761963,4.819064140319824,4.243247985839844,33917035,False
ITUB,2025-01-24,4.836717128753662,4.872021198272705,4.801412105560303,4.827890872955322,4.251020431518555,14527779,False
ITUB,2025-01-27,4.854369163513184,4.986761093139648,4.827890872955322,4.960281848907471,4.367592811584473,40750045,False
ITUB,2025-01-28,4.933804035186768,5.039718151092529,4.933804035186768,5.022065162658691,4.421994209289551,35293403,False
ITUB,2025-01-29,5.022065162658691,5.039718151092529,4.977934837341309,4.99558687210083,4.398679733276367,20960273,False
ITUB,2025-01-30,5.030890941619873,5.145630836486816,5.013238906860352,5.119153022766113,4.507480621337891,46396123,False
ITUB,2025-01-31,5.163282871246338,5.180935859680176,5.101500034332275,5.119153022766113,4.507480621337891,26982962,False
ITUB,2025-02-03,5.00441312789917,5.119153022766113,4.986761093139648,5.083847999572754,4.476393699645996,22989476,False
ITUB,2025-02-04,5.101500034332275,5.189762115478516,5.057370185852051,5.163282871246338,4.548706531524658,36326246,False
ITUB,2025-02-05,5.127978801727295,5.260371208190918,5.127978801727295,5.23389196395874,4.610910892486572,44423117,False
ITUB,2025-02-06,5.180935859680176,5.260371208190918,5.154457092285156,5.260371208190918,4.6342387199401855,29798240,False
ITUB,2025-02-07,5.225066184997559,5.278022766113281,5.127978801727295,5.163282871246338,4.548706531524658,58802473,False
ITUB,2025-02-10,5.207414150238037,5.260371208190918,5.198587894439697,5.23389196395874,4.610910892486572,28869407,False
ITUB,2025-02-11,5.313326835632324,5.339806079864502,5.260371208190918,5.330979824066162,4.696442604064941,30795393,False
ITUB,2025-02-12,5.251544952392578,5.260371208190918,5.119153022766113,5.172109127044678,4.556482791900635,38573212,False
ITUB,2025-02-13,5.101500034332275,5.189762115478516,5.101500034332275,5.189762115478516,4.5720343589782715,21649704,False
ITUB,2025-02-14,5.2691969871521,5.4015889167785645,5.2691969871521,5.375110149383545,4.735321044921875,26270191,False
ITUB,2025-02-18,5.3221540451049805,5.392763137817383,5.3221540451049805,5.330979824066162,4.696442604064941,30020421,False
ITUB,2025-02-19,5.075022220611572,5.119153022766113,5.066195964813232,5.083847999572754,4.691555976867676,26120635,False
ITUB,2025-02-20,5.083847999572754,5.101500034332275,5.057370185852051,5.083847999572754,4.691555976867676,21872792,False
ITUB,2025-02-21,5.057370185852051,5.075022220611572,5.022065162658691,5.057370185852051,4.667121410369873,28115168,False
ITUB,2025-02-24,5.057370185852051,5.083847999572754,4.960281848907471,4.986761093139648,4.601959705352783,26344969,False
ITUB,2025-02-25,5.039718151092529,5.0926737785339355,5.022065162658691,5.039718151092529,4.65083122253418,31978132,False
ITUB,2025-02-26,5.013238906860352,5.039718151092529,4.969109058380127,4.977934837341309,4.593815326690674,22632921,False
ITUB,2025-02-27,5.00441312789917,5.022065162658691,4.969109058380127,4.977934837341309,4.593815326690674,13675763,False
ITUB,2025-02-28,4.9073262214660645,4.942629814147949,4.801412105560303,4.845542907714844,4.471639156341553,29508192,False
ITUB,2025-03-03,4.898499965667725,4.99558687210083,4.845542907714844,4.863194942474365,4.487929821014404,13518729,False
ITUB,2025-03-04,4.827890872955322,4.880846977233887,4.7308030128479,4.827890872955322,4.4577765464782715,24444928,False
ITUB,2025-03-05,4.898499965667725,4.99558687210083,4.889673233032227,4.977934837341309,4.596318244934082,28236626,False
ITUB,2025-03-06,4.977934837341309,5.039718151092529,4.951456069946289,5.00441312789917,4.620766639709473,24852582,False
ITUB,2025-03-07,4.986761093139648,5.039718151092529,4.969109058380127,5.013238906860352,4.6289167404174805,20735146,False
ITUB,2025-03-10,4.924977779388428,5.00441312789917,4.924977779388428,4.969109058380127,4.588168144226074,38758231,False
ITUB,2025-03-11,4.951456069946289,4.986761093139648,4.9073262214660645,4.986761093139648,4.604466915130615,35227689,False
ITUB,2025-03-12,4.951456069946289,4.99558687210083,4.916152000427246,4.986761093139648,4.604466915130615,27842569,False
ITUB,2025-03-13,4.969109058380127,5.083847999572754,4.969109058380127,5.048543930053711,4.6615142822265625,37359315,False
ITUB,2025-03-14,5.172109127044678,5.330979824066162,5.154457092285156,5.286849021911621,4.881550312042236,37580817,False
ITUB,2025-03-17,5.339806079864502,5.542807102203369,5.339806079864502,5.525154113769531,5.101586818695068,42925065,False
ITUB,2025-03-18,5.525154113769531,5.604589939117432,5.489850044250488,5.542807102203369,5.117886066436768,40648641,False
ITUB,2025-03-19,5.572815895080566,5.631068229675293,5.5242719650268555,5.563107013702393,5.136629581451416,12795072,False
ITUB,2025-03-20,5.582523822784424,5.582523822784424,5.446601867675781,5.495145797729492,5.073878288269043,23804124,False
ITUB,2025-03-21,5.456311225891113,5.504854202270508,5.427184104919434,5.495145797729492,5.073878288269043,17489194,False
ITUB,2025-03-24,5.417476177215576,5.485436916351318,5.39805793762207,5.427184104919434,5.011127471923828,15166853,False
ITUB,2025-03-25,5.504854202270508,5.631068229675293,5.504854202270508,5.514563083648682,5.0918073654174805,14987324,False
ITUB,2025-03-26,5.504854202270508,5.5242719650268555,5.427184104919434,5.456311225891113,5.038021564483643,16601746,False
ITUB,2025-03-27,5.417476177215576,5.456311225891113,5.39805793762207,5.436892986297607,5.0200910568237305,19053146,False
ITUB,2025-03-28,5.388350009918213,5.436892986297607,5.300971031188965,5.359222888946533,4.948376655578613,14211631,False
ITUB,2025-03-31,5.271844863891602,5.368931770324707,5.271844863891602,5.339806079864502,4.930448055267334,12866966,False
ITUB,2025-04-01,5.330097198486328,5.407766819000244,5.320387840270996,5.359222888946533,4.948376655578613,14804808,False
ITUB,2025-04-02,5.388350009918213,5.407766819000244,5.310679912567139,5.368931770324707,4.960036754608154,10948797,False
ITUB,2025-04-03,5.466019153594971,5.60194206237793,5.466019153594971,5.5242719650268555,5.103546142578125,39863060,False
ITUB,2025-04-04,5.320387840270996,5.339806079864502,5.155340194702148,5.17475700378418,4.780649662017822,25863300,False
ITUB,2025-04-07,5.0679612159729,5.271844863891602,5.029126167297363,5.145630836486816,4.7537407875061035,41270246,False
ITUB,2025-04-08,5.223300933837891,5.262135982513428,5.029126167297363,5.087378978729248,4.699926376342773,52701495,False
ITUB,2025-04-09,4.970873832702637,5.359222888946533,4.970873832702637,5.349514961242676,4.942098617553711,51260525,False
ITUB,2025-04-10,5.2330098152160645,5.310679912567139,5.087378978729248,5.213592052459717,4.8165283203125,41166319,False
ITUB,2025-04-11,5.203883171081543,5.349514961242676,5.194174766540527,5.310679912567139,4.906221389770508,33551941,False
ITUB,2025-04-14,5.378641128540039,5.417476177215576,5.310679912567139,5.39805793762207,4.986944198608398,25962489,False
ITUB,2025-04-15,5.407766819000244,5.446601867675781,5.368931770324707,5.427184104919434,5.013852596282959,24529656,False
ITUB,2025-04-16,5.407766819000244,5.4757280349731445,5.378641128540039,5.427184104919434,5.013852596282959,22391170,False
ITUB,2025-04-17,5.368931770324707,5.514563083648682,5.368931770324707,5.495145797729492,5.0766377449035645,21868445,False
ITUB,2025-04-21,5.514563083648682,5.543688774108887,5.456311225891113,5.5242719650268555,5.103546142578125,14064959,False
ITUB,2025-04-22,5.533980846405029,5.718447208404541,5.533980846405029,5.679612159729004,5.247055530548096,26531358,False
ITUB,2025-04-23,5.7669901847839355,5.844659805297852,5.7669901847839355,5.805825233459473,5.363656044006348,35354132,False
ITUB,2025-04-24,5.912621021270752,5.970873832702637,5.834950923919678,5.961164951324463,5.50716495513916,32650176,False
ITUB,2025-04-25,5.941748142242432,5.980583190917969,5.912621021270752,5.961164951324463,5.50716495513916,21951875,False
ITUB,2025-04-28,5.970873832702637,6.048543930053711,5.951456069946289,6.029126167297363,5.569950580596924,22932023,False
ITUB,2025-04-29,6.038835048675537,6.135921955108643,6.019416809082031,6.126214027404785,5.659645080566406,37440500,False
ITUB,2025-04-30,6.077670097351074,6.135921955108643,6.038835048675537,6.126214027404785,5.659645080566406,25678003,False
ITUB,2025-05-01,6.116505146026611,6.126214027404785,6.038835048675537,6.106795787811279,5.641705513000488,19323315,False
ITUB,2025-05-02,6.165049076080322,6.1844658851623535,5.980583190917969,6.019416809082031,5.560980796813965,17516180,False
ITUB,2025-05-05,6.087378978729248,6.087378978729248,5.951456069946289,5.970873832702637,5.518805027008057,20567040,False
ITUB,2025-05-06,5.893204212188721,5.951456069946289,5.873785972595215,5.9320387840271,5.48291015625,22655056,False
ITUB,2025-05-07,5.922329902648926,5.970873832702637,5.893204212188721,5.922329902648926,5.473936557769775,17682216,False
ITUB,2025-05-08,6.0679612159729,6.165049076080322,6.038835048675537,6.038835048675537,5.581620693206787,26396840,False
ITUB,2025-05-09,6.213592052459717,6.427184104919434,6.213592052459717,6.417476177215576,5.931593894958496,66149175,False
ITUB,2025-05-12,6.330097198486328,6.359222888946533,6.203883171081543,6.262135982513428,5.788015365600586,52014279,False
ITUB,2025-05-13,6.339806079864502,6.446601867675781,6.300971031188965,6.427184104919434,5.940567493438721,27986027,False
ITUB,2025-05-14,6.436892986297607,6.466019153594971,6.407766819000244,6.446601867675781,5.958515644073486,25967433,False
ITUB,2025-05-15,6.4757280349731445,6.504854202270508,6.378641128540039,6.446601867675781,5.958515644073486,59180916,False
ITUB,2025-05-16,6.417476177215576,6.533980846405029,6.378641128540039,6.5242719650268555,6.030304431915283,42152132,False
ITUB,2025-05-19,6.533980846405029,6.650485038757324,6.5242719650268555,6.611649990081787,6.111067295074463,38146153,False
ITUB,2025-05-20,6.582523822784424,6.60194206237793,6.4757280349731445,6.563107013702393,6.066198825836182,31704018,False
ITUB,2025-05-21,6.533980846405029,6.543688774108887,6.39805793762207,6.456311225891113,5.967489719390869,29816028,False
ITUB,2025-05-22,6.436892986297607,6.543688774108887,6.39805793762207,6.417476177215576,5.931593894958496,56712521,False
ITUB,2025-05-23,6.2330098152160645,6.485436916351318,6.203883171081543,6.456311225891113,5.967489719390869,39590522,False
ITUB,2025-05-27,6.543688774108887,6.640777111053467,6.504854202270508,6.533980846405029,6.039278984069824,41274366,False
ITUB,2025-05-28,6.4757280349731445,6.5242719650268555,6.427184104919434,6.446601867675781,5.958515644073486,49839228,False
ITUB,2025-05-29,6.485436916351318,6.495145797729492,6.407766819000244,6.436892986297607,5.9495415687561035,38385834,False
ITUB,2025-05-30,6.388350009918213,6.427184104919434,6.310679912567139,6.39805793762207,5.913646221160889,38312807,False
ITUB,2025-06-02,6.417476177215576,6.427184104919434,6.320387840270996,6.349514961242676,5.86877965927124,27429724,False
ITUB,2025-06-03,6.349514961242676,6.407766819000244,6.310679912567139,6.39805793762207,5.916360855102539,28526571,False
ITUB,2025-06-04,6.427184104919434,6.446601867675781,6.330097198486328,6.339806079864502,5.862493991851807,29429160,False
ITUB,2025-06-05,6.39805793762207,6.417476177215576,6.330097198486328,6.330097198486328,5.853516101837158,26135117,False
ITUB,2025-06-06,6.359222888946533,6.39805793762207,6.320387840270996,6.368931770324707,5.889427661895752,24594752,False
ITUB,2025-06-09,6.330097198486328,6.39805793762207,6.24271821975708,6.368931770324707,5.889427661895752,27520570,False
ITUB,2025-06-10,6.388350009918213,6.456311225891113,6.330097198486328,6.349514961242676,5.8714728355407715,20780868,False
ITUB,2025-06-11,6.291262149810791,6.436892986297607,6.252427101135254,6.388350009918213,5.961162090301514,36159077,False
ITUB,2025-06-12,6.388350009918213,6.466019153594971,6.388350009918213,6.417476177215576,5.988340377807617,27756852,False
ITUB,2025-06-13,6.291262149810791,6.378641128540039,6.271844863891602,6.368931770324707,5.943042755126953,29168570,False
ITUB,2025-06-16,6.4757280349731445,6.572815895080566,6.4757280349731445,6.543688774108887,6.106113910675049,21041458,False
ITUB,2025-06-17,6.5242719650268555,6.582523822784424,6.5242719650268555,6.543688774108887,6.106113910675049,15391702,False
ITUB,2025-06-18,6.553398132324219,6.572815895080566,6.485436916351318,6.485436916351318,6.051756858825684,26765168,False
ITUB,2025-06-20,6.495145797729492,6.514563083648682,6.417476177215576,6.436892986297607,6.006458759307861,18076294,False
ITUB,2025-06-23,6.407766819000244,6.466019153594971,6.359222888946533,6.456311225891113,6.02457857131958,18913890,False
ITUB,2025-06-24,6.485436916351318,6.650485038757324,6.485436916351318,6.592233180999756,6.151412487030029,32953305,False
ITUB,2025-06-25,6.514563083648682,6.514563083648682,6.378641128540039,6.39805793762207,5.970221042633057,35039879,False
ITUB,2025-06-26,6.446601867675781,6.466019153594971,6.39805793762207,6.407766819000244,5.9792799949646,40830127,False
ITUB,2025-06-27,6.407766819000244,6.456311225891113,6.388350009918213,6.427184104919434,5.997398853302002,23519535,False
ITUB,2025-06-30,6.388350009918213,6.621358871459961,6.388350009918213,6.592233180999756,6.151412487030029,47892631,False
ITUB,2025-07-01,6.60194206237793,6.660193920135498,6.563107013702393,6.592233180999756,6.151412487030029,19790729,False
ITUB,2025-07-02,6.543688774108887,6.640777111053467,6.514563083648682,6.611649990081787,6.172257423400879,25958884,False
ITUB,2025-07-03,6.640777111053467,6.747572898864746,6.640777111053467,6.718447208404541,6.271957874298096,17431823,False
ITUB,2025-07-07,6.699028968811035,6.718447208404541,6.592233180999756,6.640777111053467,6.199449062347412,22437829,False
ITUB,2025-07-08,6.611649990081787,6.640777111053467,6.553398132324219,6.611649990081787,6.172257423400879,22037777,False
ITUB,2025-07-09,6.611649990081787,6.611649990081787,6.427184104919434,6.456311225891113,6.027242183685303,21482710,False
ITUB,2025-07-10,6.262135982513428,6.271844863891602,6.165049076080322,6.1844658851623535,5.773463726043701,53999089,False
ITUB,2025-07-11,6.106795787811279,6.155340194702148,6.0679612159729,6.116505146026611,5.710019111633301,42011537,False
ITUB,2025-07-14,6.106795787811279,6.135921955108643,6.058251857757568,6.087378978729248,5.682828426361084,24755947,False
ITUB,2025-07-15,6.116505146026611,6.155340194702148,6.048543930053711,6.106795787811279,5.700954914093018,26335555,False
ITUB,2025-07-16,6.135921955108643,6.17475700378418,6.0970869064331055,6.145630836486816,5.737207889556885,41243157,False
ITUB,2025-07-17,6.155340194702148,6.281552791595459,6.145630836486816,6.262135982513428,5.84597110748291,34158199,False
ITUB,2025-07-18,6.2330098152160645,6.281552791595459,6.0970869064331055,6.116505146026611,5.710019111633301,30225968,False
ITUB,2025-07-21,6.145630836486816,6.2330098152160645,6.126214027404785,6.203883171081543,5.791590690612793,21927876,False
ITUB,2025-07-22,6.213592052459717,6.24271821975708,6.106795787811279,6.126214027404785,5.719082832336426,28687663,False
ITUB,2025-07-23,6.126214027404785,6.271844863891602,6.116505146026611,6.262135982513428,5.84597110748291,34811322,False
ITUB,2025-07-24,6.203883171081543,6.203883171081543,6.126214027404785,6.165049076080322,5.755336284637451,19197758,False
ITUB,2025-07-25,6.213592052459717,6.2330098152160645,6.165049076080322,6.1844658851623535,5.773463726043701,27838840,False
ITUB,2025-07-28,6.106795787811279,6.106795787811279,5.9320387840271,6.0,5.601256847381592,27539419,False
ITUB,2025-07-29,6.0,6.0970869064331055,6.0,6.0679612159729,5.664701461791992,26274167,False
ITUB,2025-07-30,6.009708881378174,6.165049076080322,5.941748142242432,6.0970869064331055,5.691891670227051,34305592,False
ITUB,2025-07-31,6.019416809082031,6.135921955108643,6.0,6.087378978729248,5.682828426361084,19048511,False
ITUB,2025-08-01,6.2330098152160645,6.271844863891602,6.087378978729248,6.106795787811279,5.700954914093018,25840022,False
ITUB,2025-08-04,6.24271821975708,6.271844863891602,6.1844658851623535,6.24271821975708,5.830626010894775,34915455,False
ITUB,2025-08-05,6.2330098152160645,6.349514961242676,6.213592052459717,6.291262149810791,5.875965118408203,45212674,False
ITUB,2025-08-06,6.485436916351318,6.621358871459961,6.407766819000244,6.456311225891113,6.030118942260742,37056413,False
ITUB,2025-08-07,6.4757280349731445,6.640777111053467,6.456311225891113,6.631068229675293,6.193339824676514,36170716,False
ITUB,2025-08-08,6.650485038757324,6.669902801513672,6.582523822784424,6.660193920135498,6.220542907714844,28884084,False
ITUB,2025-08-11,6.611649990081787,6.679612159729004,6.582523822784424,6.660193920135498,6.220542907714844,26910810,False
ITUB,2025-08-12,6.708737850189209,6.922329902648926,6.708737850189209,6.893204212188721,6.438171863555908,52323794,False
ITUB,2025-08-13,6.82524299621582,6.883494853973389,6.786407947540283,6.805825233459473,6.356561183929443,26041078,False
ITUB,2025-08-14,6.747572898864746,6.854369163513184,6.708737850189209,6.7669901847839355,6.32028865814209,30037272,False
ITUB,2025-08-15,6.786407947540283,6.834950923919678,6.718447208404541,6.7669901847839355,6.32028865814209,27858616,False
ITUB,2025-08-18,6.796116828918457,6.844659805297852,6.747572898864746,6.7669901847839355,6.32028865814209,20772422,False
ITUB,2025-08-19,6.5242719650268555,6.582523822784424,6.427184104919434,6.456311225891113,6.030118942260742,37425050,False
ITUB,2025-08-20,6.407766819000244,6.495145797729492,6.407766819000244,6.436892986297607,6.073171138763428,28858849,False
ITUB,2025-08-21,6.427184104919434,6.4757280349731445,6.388350009918213,6.446601867675781,6.08233118057251,20414291,False
ITUB,2025-08-22,6.5242719650268555,6.708737850189209,6.495145797729492,6.679612159729004,6.302175521850586,35120013,False
ITUB,2025-08-25,6.699028968811035,6.737864017486572,6.660193920135498,6.669902801513672,6.2930145263671875,24858432,False
ITUB,2025-08-26,6.660193920135498,6.679612159729004,6.553398132324219,6.60194206237793,6.228894233703613,31781268,False
ITUB,2025-08-27,6.572815895080566,6.7669901847839355,6.543688774108887,6.75728178024292,6.3754563331604,39578059,False
ITUB,2025-08-28,6.8155341148376465,6.970873832702637,6.776699066162109,6.9029130935668945,6.512858867645264,30784949,False
ITUB,2025-08-29,6.893204212188721,6.951456069946289,6.873785972595215,6.9320387840271,6.540339469909668,20059559,False
ITUB,2025-09-02,6.776699066162109,6.864078044891357,6.737864017486572,6.805825233459473,6.423956394195557,34437535,False
ITUB,2025-09-03,6.8155341148376465,6.854369163513184,6.699028968811035,6.737864017486572,6.359807968139648,24819498,False
ITUB,2025-09-04,6.737864017486572,6.834950923919678,6.679612159729004,6.786407947540283,6.405628681182861,33227491,False
ITUB,2025-09-05,6.961164951324463,7.019416809082031,6.864078044891357,6.893204212188721,6.506433010101318,23365756,False
ITUB,2025-09-08,6.873785972595215,6.873785972595215,6.75728178024292,6.844659805297852,6.460611820220947,23023487,False
ITUB,2025-09-09,6.796116828918457,6.864078044891357,6.7669901847839355,6.786407947540283,6.405628681182861,17360341,False
ITUB,2025-09-10,6.8155341148376465,6.893204212188721,6.805825233459473,6.834950923919678,6.4514479637146,25366428,False
ITUB,2025-09-11,6.854369163513184,7.0,6.834950923919678,6.873785972595215,6.488103866577148,34092897,False
ITUB,2025-09-12,6.776699066162109,6.834950923919678,6.75728178024292,6.7669901847839355,6.387300491333008,29587986,False
ITUB,2025-09-15,6.844659805297852,7.0,6.82524299621582,6.9320387840271,6.543088912963867,30932857,False
ITUB,2025-09-16,7.0,7.019416809082031,6.9029130935668945,6.9320387840271,6.543088912963867,36648945,False
ITUB,2025-09-17,6.980583190917969,7.145630836486816,6.961164951324463,7.058251857757568,6.6622185707092285,31227540,False
ITUB,2025-09-18,7.058251857757568,7.0679612159729,6.990291118621826,7.019416809082031,6.625563144683838,25008297,False
ITUB,2025-09-19,7.038835048675537,7.165049076080322,7.029126167297363,7.116505146026611,6.7172040939331055,39105186,False
ITUB,2025-09-22,7.038835048675537,7.087378978729248,6.941748142242432,7.029126167297363,6.6347270011901855,28107670,False
ITUB,2025-09-23,7.077670097351074,7.223300933837891,7.058251857757568,7.194174766540527,6.790515899658203,22669270,False
ITUB,2025-09-24,7.106795787811279,7.135921955108643,7.0679612159729,7.077670097351074,6.680547714233398,32691376,False
ITUB,2025-09-25,7.038835048675537,7.106795787811279,6.970873832702637,6.990291118621826,6.598072052001953,36256824,False
ITUB,2025-09-26,7.058251857757568,7.058251857757568,6.990291118621826,7.029126167297363,6.6347270011901855,25272904,False
ITUB,2025-09-29,7.145630836486816,7.194174766540527,7.0970869064331055,7.116505146026611,6.7172040939331055,26564112,False
ITUB,2025-09-30,7.1844658851623535,7.203883171081543,7.048543930053711,7.126214027404785,6.726368427276611,53526731,False
ITUB,2025-10-01,7.1844658851623535,7.2330098152160645,6.970873832702637,6.980583190917969,6.5889081954956055,33785339,False
ITUB,2025-10-02,7.009708881378174,7.058251857757568,6.854369163513184,6.912621021270752,6.527483940124512,31426639,False
ITUB,2025-10-03,6.9029130935668945,6.961164951324463,6.834950923919678,6.961164951324463,6.5733232498168945,28587547,False
ITUB,2025-10-06,6.970873832702637,6.980583190917969,6.893204212188721,6.922329902648926,6.536651611328125,26420942,False
ITUB,2025-10-07,6.796116828918457,6.82524299621582,6.708737850189209,6.737864017486572,6.362462997436523,29124795,False
ITUB,2025-10-08,6.82524299621582,6.82524299621582,6.728155136108398,6.75728178024292,6.380799293518066,24403584,False
ITUB,2025-10-09,6.776699066162109,6.805825233459473,6.699028968811035,6.728155136108398,6.35329532623291,32990694,False
ITUB,2025-10-10,6.737864017486572,6.747572898864746,6.543688774108887,6.563107013702393,6.197443008422852,43173274,False
ITUB,2025-10-13,6.679612159729004,6.708737850189209,6.631068229675293,6.669902801513672,6.298288345336914,21056084,False
ITUB,2025-10-14,6.611649990081787,6.718447208404541,6.592233180999756,6.660193920135498,6.289120674133301,27623673,False
ITUB,2025-10-15,6.650485038757324,6.747572898864746,6.650485038757324,6.669902801513672,6.298288345336914,26013989,False
ITUB,2025-10-16,6.669902801513672,6.786407947540283,6.631068229675293,6.660193920135498,6.289120674133301,28538313,False
ITUB,2025-10-17,6.631068229675293,6.75728178024292,6.631068229675293,6.728155136108398,6.35329532623291,22915234,False
ITUB,2025-10-20,6.834950923919678,6.951456069946289,6.8155341148376465,6.912621021270752,6.527483940124512,27493378,False
ITUB,2025-10-21,6.844659805297852,6.912621021270752,6.8155341148376465,6.82524299621582,6.444974422454834,20444367,False
ITUB,2025-10-22,6.82524299621582,6.883494853973389,6.796116828918457,6.864078044891357,6.481645584106445,26293634,False
ITUB,2025-10-23,6.922329902648926,6.9320387840271,6.834950923919678,6.893204212188721,6.509149074554443,17965981,False
ITUB,2025-10-24,6.9320387840271,6.970873832702637,6.854369163513184,6.864078044891357,6.481645584106445,17863599,False
ITUB,2025-10-27,6.961164951324463,7.0,6.912621021270752,6.9320387840271,6.545820236206055,21810353,False
ITUB,2025-10-28,6.922329902648926,6.980583190917969,6.9029130935668945,6.961164951324463,6.5733232498168945,16458576,False
ITUB,2025-10-29,7.038835048675537,7.17475700378418,7.038835048675537,7.135921955108643,6.738343238830566,27647775,False
ITUB,2025-10-30,7.087378978729248,7.17475700378418,7.077670097351074,7.116505146026611,6.720008373260498,23675580,False
ITUB,2025-10-31,7.145630836486816,7.1844658851623535,7.116505146026611,7.145630836486816,6.74751091003418,18426082,False
ITUB,2025-11-03,7.223300933837891,7.300971031188965,7.213592052459717,7.252427101135254,6.848357200622559,15600071,False
ITUB,2025-11-04,7.213592052459717,7.252427101135254,7.165049076080322,7.165049076080322,6.768566131591797,20513274,False
ITUB,2025-11-05,7.155340194702148,7.291262149810791,7.0970869064331055,7.262135982513428,6.860280990600586,27090854,False
ITUB,2025-11-06,7.349514961242676,7.436892986297607,7.252427101135254,7.271844863891602,6.869452476501465,25135193,False
ITUB,2025-11-07,7.223300933837891,7.359222888946533,7.213592052459717,7.349514961242676,6.942824840545654,21486418,False
ITUB,2025-11-10,7.388350009918213,7.436892986297607,7.368931770324707,7.407766819000244,6.9978532791137695,14261998,False
ITUB,2025-11-11,7.553398132324219,7.631068229675293,7.533980846405029,7.60194206237793,7.181283950805664,23294377,False
ITUB,2025-11-12,7.572815895080566,7.572815895080566,7.368931770324707,7.417476177215576,7.007025241851807,30930179,False
ITUB,2025-11-13,7.514563083648682,7.543688774108887,7.349514961242676,7.368931770324707,6.961167335510254,22966528,False
ITUB,2025-11-14,7.427184104919434,7.485436916351318,7.368931770324707,7.417476177215576,7.007025241851807,12517796,False
ITUB,2025-11-17,7.427184104919434,7.446601867675781,7.320387840270996,7.339806079864502,6.933653354644775,13990799,False
ITUB,2025-11-18,7.300971031188965,7.368931770324707,7.252427101135254,7.300971031188965,6.896966934204102,17657599,False
ITUB,2025-11-19,7.24271821975708,7.339806079864502,7.223300933837891,7.24271821975708,6.84193754196167,19668674,False
ITUB,2025-11-20,7.281552791595459,7.330097198486328,7.135921955108643,7.135921955108643,6.741050720214844,20125273,False
ITUB,2025-11-21,7.126214027404785,7.203883171081543,7.106795787811279,7.165049076080322,6.768566131591797,20344972,False
ITUB,2025-11-24,7.223300933837891,7.252427101135254,7.155340194702148,7.165049076080322,6.768566131591797,14007073,False
ITUB,2025-11-25,7.1844658851623535,7.2330098152160645,7.155340194702148,7.203883171081543,6.805251598358154,19351846,False
ITUB,2025-11-26,7.310679912567139,7.446601867675781,7.300971031188965,7.436892986297607,7.025367736816406,26459773,False
ITUB,2025-11-28,7.60194206237793,7.631068229675293,7.543688774108887,7.572815895080566,7.153769493103027,17479100,False
ITUB,2025-12-01,7.563107013702393,7.572815895080566,7.446601867675781,7.466019153594971,7.052882194519043,25140446,False
ITUB,2025-12-02,7.582523822784424,7.669902801513672,7.504854202270508,7.660193920135498,7.239136695861816,37401772,False
ITUB,2025-12-03,7.679612159729004,7.718447208404541,7.631068229675293,7.689320087432861,7.266662120819092,22471304,False
ITUB,2025-12-04,7.8155341148376465,7.893204212188721,7.805825233459473,7.834950923919678,7.404287815093994,29944881,False
ITUB,2025-12-05,7.8155341148376465,7.873785972595215,7.291262149810791,7.330097198486328,6.927184104919434,59821576,False
ITUB,2025-12-08,7.466019153594971,7.495145797729492,7.320387840270996,7.349514961242676,6.945534706115723,22876403,False
ITUB,2025-12-09,7.213592052459717,7.378641128540039,7.1844658851623535,7.378641128540039,6.973060131072998,21112425,False
ITUB,2025-12-10,7.281552791595459,7.378641128540039,7.252427101135254,7.291262149810791,6.890483856201172,16073459,False
ITUB,2025-12-11,7.029126167297363,7.126214027404785,7.019416809082031,7.058251857757568,7.050502300262451,18019232,False
ITUB,2025-12-12,7.17475700378418,7.1844658851623535,7.029126167297363,7.106795787811279,7.098992347717285,16176150,False
ITUB,2025-12-15,7.203883171081543,7.291262149810791,7.165049076080322,7.2330098152160645,7.22506856918335,18116876,False
ITUB,2025-12-16,7.0970869064331055,7.126214027404785,6.970873832702637,6.980583190917969,6.972918510437012,21707971,False
ITUB,2025-12-17,6.844659805297852,6.9320387840271,6.8155341148376465,6.834950923919678,6.827445983886719,30389841,False
ITUB,2025-12-18,6.844659805297852,6.9320387840271,6.8155341148376465,6.9029130935668945,6.895333766937256,15761678,False
ITUB,2025-12-19,7.019416809082031,7.058251857757568,6.893204212188721,6.912621021270752,6.905030727386475,18409911,False
ITUB,2025-12-22,6.912621021270752,6.922329902648926,6.854369163513184,6.9029130935668945,6.895333766937256,16814544,False
ITUB,2025-12-23,6.951456069946289,7.087378978729248,6.9320387840271,7.058251857757568,7.050502300262451,11358428,False
ITUB,2025-12-24,7.0679612159729,7.0970869064331055,7.058251857757568,7.0679612159729,7.0602006912231445,4231652,False
ITUB,2025-12-26,7.038835048675537,7.116505146026611,7.0,7.0970869064331055,7.08929443359375,7077233,False
ITUB,2025-12-29,7.010000228881836,7.050000190734863,6.96999979019165,7.019999980926514,7.012292385101318,9105400,False
ITUB,2025-12-30,7.199999809265137,7.239999771118164,7.159999847412109,7.199999809265137,7.192094326019287,12728300,False
ITUB,2025-12-31,7.21999979019165,7.230000019073486,7.150000095367432,7.159999847412109,7.152137756347656,4320100,False
ITUB,2026-01-02,7.28000020980835,7.309999942779541,7.230000019073486,7.230000019073486,7.222061634063721,8485700,False
ITUB,2026-01-05,7.230000019073486,7.449999809265137,7.210000038146973,7.369999885559082,7.364964008331299,24901300,False
ITUB,2026-01-06,7.489999771118164,7.510000228881836,7.429999828338623,7.449999809265137,7.44490909576416,24279900,False
ITUB,2026-01-07,7.340000152587891,7.349999904632568,7.269999980926514,7.300000190734863,7.2950119972229,16684400,False
ITUB,2026-01-08,7.360000133514404,7.460000038146973,7.340000152587891,7.409999847412109,7.404936790466309,23564300,False
ITUB,2026-01-09,7.449999809265137,7.5,7.420000076293945,7.46999979019165,7.464895248413086,17491900,False
ITUB,2026-01-12,7.389999866485596,7.449999809265137,7.349999904632568,7.389999866485596,7.384950160980225,13719900,False
ITUB,2026-01-13,7.389999866485596,7.389999866485596,7.289999961853027,7.300000190734863,7.2950119972229,17623200,False
ITUB,2026-01-14,7.340000152587891,7.369999885559082,7.300000190734863,7.360000133514404,7.354970932006836,19725000,False
ITUB,2026-01-15,7.380000114440918,7.519999980926514,7.369999885559082,7.440000057220459,7.434916019439697,21679900,False
ITUB,2026-01-16,7.349999904632568,7.409999847412109,7.329999923706055,7.380000114440918,7.374957084655762,10231700,False
ITUB,2026-01-20,7.28000020980835,7.5,7.28000020980835,7.449999809265137,7.44490909576416,24422600,False
ITUB,2026-01-21,7.630000114440918,7.869999885559082,7.630000114440918,7.860000133514404,7.854629039764404,25929700,False
ITUB,2026-01-22,7.980000019073486,8.229999542236328,7.940000057220459,8.210000038146973,8.204390525817871,40713900,False
ITUB,2026-01-23,8.15999984741211,8.3100004196167,8.119999885559082,8.289999961853027,8.28433609008789,32606900,False
ITUB,2026-01-26,8.270000457763672,8.40999984741211,8.260000228881836,8.390000343322754,8.38426685333252,17770900,False
ITUB,2026-01-27,8.680000305175781,8.859999656677246,8.649999618530273,8.779999732971191,8.77400016784668,35707400,False
ITUB,2026-01-28,8.869999885559082,8.949999809265137,8.8100004196167,8.880000114440918,8.873931884765625,67236400,False
ITUB,2026-01-29,9.020000457763672,9.109999656677246,8.729999542236328,8.930000305175781,8.923897743225098,35563400,False
ITUB,2026-01-30,8.850000381469727,8.899999618530273,8.529999732971191,8.59000015258789,8.58413028717041,41981100,False
ITUB,2026-02-02,8.65999984741211,8.75,8.609999656677246,8.699999809265137,8.69405460357666,16936800,False
ITUB,2026-02-03,8.9399995803833,8.989999771118164,8.75,8.789999961853027,8.787023544311523,30776800,False
ITUB,2026-02-04,8.649999618530273,8.670000076293945,8.369999885559082,8.489999771118164,8.487125396728516,39701100,False
ITUB,2026-02-05,8.59000015258789,8.770000457763672,8.569999694824219,8.680000305175781,8.677061080932617,35801700,False
ITUB,2026-02-06,8.770000457763672,9.020000457763672,8.75,8.989999771118164,8.986955642700195,29313000,False
ITUB,2026-02-09,9.050000190734863,9.34000015258789,9.050000190734863,9.319999694824219,9.31684398651123,26413100,False
ITUB,2026-02-10,9.369999885559082,9.4399995803833,9.260000228881836,9.300000190734863,9.29685115814209,25947200,False
ITUB,2026-02-11,9.520000457763672,9.600000381469727,9.420000076293945,9.569999694824219,9.56675910949707,38063700,False
ITUB,2026-02-12,9.479999542236328,9.5,9.1899995803833,9.279999732971191,9.276857376098633,30247100,False
ITUB,2026-02-13,9.050000190734863,9.15999984741211,8.869999885559082,9.15999984741211,9.156898498535156,24309800,False
ITUB,2026-02-17,9.220000267028809,9.220000267028809,9.029999732971191,9.170000076293945,9.166894912719727,23494200,False
ITUB,2026-02-18,9.220000267028809,9.3100004196167,9.069999694824219,9.170000076293945,9.166894912719727,25359700,False
ITUB,2026-02-19,9.1899995803833,9.40999984741211,9.180000305175781,9.270000457763672,9.266861915588379,27652800,False
ITUB,2026-02-20,9.3100004196167,9.520000457763672,9.260000228881836,9.510000228881836,9.506779670715332,21995900,False
ITUB,2026-02-23,9.40999984741211,9.470000267028809,9.130000114440918,9.170000076293945,9.166894912719727,26030200,False
ITUB,2026-02-24,9.170000076293945,9.350000381469727,9.109999656677246,9.329999923706055,9.3268404006958,29787300,False
ITUB,2026-02-25,9.329999923706055,9.359999656677246,9.149999618530273,9.260000228881836,9.256864547729492,28581000,False
ITUB,2026-02-26,9.260000228881836,9.289999961853027,9.119999885559082,9.260000228881836,9.256864547729492,20238300,False
ITUB,2026-02-27,9.119999885559082,9.1899995803833,9.0,9.050000190734863,9.04693603515625,14299700,False
ITUB,2026-03-02,8.84000015258789,8.949999809265137,8.800000190734863,8.859999656677246,8.856999397277832,38856200,False
ITUB,2026-03-03,8.350000381469727,8.520000457763672,8.119999885559082,8.399999618530273,8.399999618530273,40625200,False
ITUB,2026-03-04,8.5600004196167,8.670000076293945,8.529999732971191,8.609999656677246,8.609999656677246,34517300,False
ITUB,2026-03-05,8.399999618530273,8.430000305175781,8.1899995803833,8.260000228881836,8.260000228881836,26476800,False
ITUB,2026-03-06,8.069999694824219,8.210000038146973,8.050000190734863,8.140000343322754,8.140000343322754,26417800,False
ITUB,2026-03-09,8.130000114440918,8.350000381469727,8.069999694824219,8.289999961853027,8.289999961853027,40223900,False
ITUB,2026-03-10,8.350000381469727,8.609999656677246,8.260000228881836,8.479999542236328,8.479999542236328,36102500,False
ITUB,2026-03-11,8.460000038146973,8.609999656677246,8.380000114440918,8.449999809265137,8.449999809265137,24459000,False
ITUB,2026-03-12,8.1899995803833,8.260000228881836,8.079999923706055,8.100000381469727,8.100000381469727,27881000,False
ITUB,2026-03-13,8.229999542236328,8.270000457763672,7.949999809265137,7.980000019073486,7.980000019073486,20422200,False
ITUB,2026-03-16,8.180000305175781,8.25,8.119999885559082,8.199999809265137,8.199999809265137,21071000,False
ITUB,2026-03-17,8.329999923706055,8.329999923706055,8.09000015258789,8.140000343322754,8.140000343322754,26234600,False
ITUB,2026-03-18,8.130000114440918,8.260000228881836,8.050000190734863,8.0600004196167,8.0600004196167,38659200,False
ITUB,2026-03-19,7.809999942779541,8.15999984741211,7.809999942779541,8.119999885559082,8.119999885559082,58161900,False
ITUB,2026-03-20,8.0,8.020000457763672,7.789999961853027,7.840000152587891,7.840000152587891,32058500,False
ITUB,2026-03-23,8.0600004196167,8.239999771118164,7.949999809265137,8.140000343322754,8.140000343322754,30268300,False
ITUB,2026-03-24,7.96999979019165,8.149999618530273,7.949999809265137,8.050000190734863,8.050000190734863,38487600,False
ITUB,2026-03-25,8.229999542236328,8.34000015258789,8.180000305175781,8.210000038146973,8.210000038146973,31211300,False
ITUB,2026-03-26,8.130000114440918,8.170000076293945,7.949999809265137,7.960000038146973,7.960000038146973,18705900,False
ITUB,2026-03-27,7.909999847412109,7.980000019073486,7.820000171661377,7.869999885559082,7.869999885559082,31278400,False
