ticker,fecha,open,high,low,close,adj_close,volume,anomalia
PBR,2019-01-02,13.1899995803833,14.109999656677246,13.09000015258789,14.010000228881836,4.186341285705566,31001800,False
PBR,2019-01-03,14.399999618530273,14.420000076293945,13.930000305175781,14.260000228881836,4.261044025421143,25681900,False
PBR,2019-01-04,14.430000305175781,14.800000190734863,14.3100004196167,14.760000228881836,4.410450458526611,21083900,False
PBR,2019-01-07,14.90999984741211,15.539999961853027,14.449999809265137,15.0600004196167,4.50009298324585,37305100,False
PBR,2019-01-08,15.34000015258789,15.430000305175781,15.069999694824219,15.199999809265137,4.541927814483643,17556900,False
PBR,2019-01-09,15.569999694824219,15.710000038146973,15.510000228881836,15.619999885559082,4.667428493499756,19822300,False
PBR,2019-01-10,15.420000076293945,15.569999694824219,15.25,15.479999542236328,4.625593662261963,15290900,False
PBR,2019-01-11,15.220000267028809,15.359999656677246,15.119999885559082,15.289999961853027,4.568819046020508,10191300,False
PBR,2019-01-14,15.170000076293945,15.520000457763672,15.140000343322754,15.329999923706055,4.580772876739502,9270400,False
PBR,2019-01-15,15.34000015258789,15.420000076293945,15.09000015258789,15.239999771118164,4.553879261016846,12807300,False
PBR,2019-01-16,15.100000381469727,15.350000381469727,15.010000228881836,15.300000190734863,4.571808338165283,14210400,False
PBR,2019-01-17,15.100000381469727,15.510000228881836,15.079999923706055,15.420000076293945,4.607666015625,15210300,False
PBR,2019-01-18,15.600000381469727,15.619999885559082,15.289999961853027,15.399999618530273,4.601689338684082,16033100,False
PBR,2019-01-22,15.380000114440918,15.460000038146973,15.029999732971191,15.180000305175781,4.535951614379883,11906100,False
PBR,2019-01-23,15.329999923706055,15.479999542236328,15.170000076293945,15.479999542236328,4.625593662261963,11565300,False
PBR,2019-01-24,15.430000305175781,15.649999618530273,15.359999656677246,15.520000457763672,4.637547016143799,10608600,False
PBR,2019-01-25,15.630000114440918,15.859999656677246,15.609999656677246,15.819999694824219,4.727188587188721,12509700,False
PBR,2019-01-28,15.430000305175781,15.449999809265137,14.970000267028809,15.09000015258789,4.509058475494385,24560400,False
PBR,2019-01-29,15.5600004196167,15.729999542236328,15.4399995803833,15.569999694824219,4.652486324310303,13686800,False
PBR,2019-01-30,15.8100004196167,16.0,15.65999984741211,16.0,4.780974864959717,15787300,False
PBR,2019-01-31,16.239999771118164,16.389999389648438,16.100000381469727,16.299999237060547,4.87061882019043,24818100,False
PBR,2019-02-01,16.18000030517578,16.440000534057617,16.149999618530273,16.43000030517578,4.909463405609131,15004900,False
PBR,2019-02-04,16.170000076293945,16.579999923706055,16.139999389648438,16.489999771118164,4.927392959594727,15855800,False
PBR,2019-02-05,16.399999618530273,16.700000762939453,16.3700008392334,16.6299991607666,4.969226360321045,11779100,False
PBR,2019-02-06,16.229999542236328,16.360000610351562,16.100000381469727,16.219999313354492,4.846712589263916,19404100,False
PBR,2019-02-07,16.229999542236328,16.270000457763672,15.630000114440918,15.880000114440918,4.745118141174316,20246000,False
PBR,2019-02-08,15.829999923706055,15.850000381469727,15.399999618530273,15.6899995803833,4.6883440017700195,10686100,False
PBR,2019-02-11,15.5,15.5,15.25,15.319999694824219,4.577784061431885,13448200,False
PBR,2019-02-12,15.890000343322754,16.149999618530273,15.829999923706055,16.040000915527344,4.792928218841553,16769000,False
PBR,2019-02-13,16.110000610351562,16.3799991607666,16.09000015258789,16.260000228881836,4.858666896820068,15030400,False
PBR,2019-02-14,16.209999084472656,16.799999237060547,16.149999618530273,16.719999313354492,4.996119976043701,18571100,False
PBR,2019-02-15,16.790000915527344,16.829999923706055,16.579999923706055,16.75,5.005083084106445,11342000,False
PBR,2019-02-19,16.6299991607666,16.90999984741211,16.6200008392334,16.799999237060547,5.020023345947266,11174000,False
PBR,2019-02-20,16.700000762939453,17.079999923706055,16.649999618530273,16.719999313354492,4.996119976043701,16370700,False
PBR,2019-02-21,16.6299991607666,16.790000915527344,16.40999984741211,16.649999618530273,4.975202560424805,13823400,False
PBR,2019-02-22,16.700000762939453,16.75,16.530000686645508,16.6299991607666,4.969226360321045,11548800,False
PBR,2019-02-25,16.549999237060547,16.579999923706055,16.239999771118164,16.239999771118164,4.852689743041992,15846400,False
PBR,2019-02-26,16.3799991607666,16.510000228881836,16.149999618530273,16.270000457763672,4.8616557121276855,12902000,False
PBR,2019-02-27,16.350000381469727,16.56999969482422,16.219999313354492,16.420000076293945,4.9064764976501465,12406000,False
PBR,2019-02-28,16.389999389648438,16.399999618530273,15.569999694824219,15.720000267028809,4.697308540344238,27927100,False
PBR,2019-03-01,15.680000305175781,15.850000381469727,15.430000305175781,15.489999771118164,4.628581523895264,14622800,False
PBR,2019-03-04,15.630000114440918,15.699999809265137,15.40999984741211,15.5600004196167,4.649497985839844,8322800,False
PBR,2019-03-05,15.479999542236328,15.6899995803833,15.430000305175781,15.65999984741211,4.679379463195801,6169300,False
PBR,2019-03-06,15.5600004196167,15.609999656677246,15.15999984741211,15.289999961853027,4.568819046020508,11150800,False
PBR,2019-03-07,15.3100004196167,15.3100004196167,14.949999809265137,15.039999961853027,4.494116306304932,10543300,False
PBR,2019-03-08,14.869999885559082,15.010000228881836,14.75,14.979999542236328,4.476188659667969,12613200,False
PBR,2019-03-11,15.369999885559082,15.970000267028809,15.350000381469727,15.869999885559082,4.742129802703857,20210200,False
PBR,2019-03-12,15.930000305175781,16.170000076293945,15.779999732971191,15.819999694824219,4.727188587188721,11024700,False
PBR,2019-03-13,15.75,16.360000610351562,15.739999771118164,16.25,4.855678558349609,13786500,False
PBR,2019-03-14,16.25,16.420000076293945,16.1200008392334,16.25,4.855678558349609,14013700,False
PBR,2019-03-15,16.280000686645508,16.6299991607666,16.270000457763672,16.59000015258789,4.957274913787842,24297800,False
PBR,2019-03-18,16.6200008392334,17.110000610351562,16.600000381469727,17.110000610351562,5.112656116485596,22896400,False
PBR,2019-03-19,17.190000534057617,17.559999465942383,17.100000381469727,17.3700008392334,5.190346717834473,32183400,False
PBR,2019-03-20,17.350000381469727,17.899999618530273,17.31999969482422,17.6299991607666,5.268037796020508,21208900,False
PBR,2019-03-21,17.270000457763672,17.469999313354492,16.610000610351562,17.049999237060547,5.094727039337158,30482800,False
PBR,2019-03-22,16.329999923706055,16.510000228881836,15.779999732971191,15.819999694824219,4.727188587188721,35511900,False
PBR,2019-03-25,15.90999984741211,16.049999237060547,15.649999618530273,15.880000114440918,4.745118141174316,19599500,False
PBR,2019-03-26,16.200000762939453,16.440000534057617,16.06999969482422,16.389999389648438,4.897512435913086,17771500,False
PBR,2019-03-27,15.920000076293945,16.020000457763672,15.4399995803833,15.489999771118164,4.628581523895264,23959700,False
PBR,2019-03-28,15.279999732971191,15.899999618530273,15.25,15.800000190734863,4.721212387084961,19276800,False
PBR,2019-03-29,16.049999237060547,16.190000534057617,15.8100004196167,15.920000076293945,4.757071018218994,14067200,False
PBR,2019-04-01,16.149999618530273,16.229999542236328,15.869999885559082,15.9399995803833,4.763047218322754,15011700,False
PBR,2019-04-02,15.970000267028809,16.040000915527344,15.770000457763672,16.020000457763672,4.786952495574951,14331100,False
PBR,2019-04-03,16.1299991607666,16.209999084472656,15.670000076293945,15.720000267028809,4.697308540344238,17728300,False
PBR,2019-04-04,15.5600004196167,16.25,15.550000190734863,16.170000076293945,4.831773281097412,16270800,False
PBR,2019-04-05,16.1299991607666,16.610000610351562,16.110000610351562,16.5,4.930381774902344,20962800,False
PBR,2019-04-08,16.690000534057617,17.170000076293945,16.68000030517578,16.989999771118164,5.076797962188721,27438400,False
PBR,2019-04-09,16.93000030517578,16.959999084472656,16.639999389648438,16.8799991607666,5.043929100036621,14970800,False
PBR,2019-04-10,16.850000381469727,17.139999389648438,16.780000686645508,16.989999771118164,5.076797962188721,19349300,False
PBR,2019-04-11,16.739999771118164,16.809999465942383,16.3700008392334,16.469999313354492,4.921414852142334,21872800,False
PBR,2019-04-12,15.710000038146973,15.779999732971191,14.890000343322754,14.9399995803833,4.464235305786133,62158200,False
PBR,2019-04-15,15.390000343322754,15.399999618530273,14.930000305175781,15.020000457763672,4.48814058303833,29316600,False
PBR,2019-04-16,14.920000076293945,15.600000381469727,14.90999984741211,15.369999885559082,4.5927252769470215,23810100,False
PBR,2019-04-17,15.630000114440918,15.640000343322754,15.029999732971191,15.300000190734863,4.571808338165283,20409400,False
PBR,2019-04-18,15.65999984741211,15.850000381469727,15.4399995803833,15.619999885559082,4.667428493499756,25562300,False
PBR,2019-04-22,15.710000038146973,15.859999656677246,15.609999656677246,15.6899995803833,4.6883440017700195,11953700,False
PBR,2019-04-23,15.859999656677246,15.9399995803833,15.680000305175781,15.800000190734863,4.721212387084961,13804200,False
PBR,2019-04-24,15.739999771118164,15.739999771118164,15.119999885559082,15.34000015258789,4.583760738372803,16465700,False
PBR,2019-04-25,15.329999923706055,15.640000343322754,15.229999542236328,15.470000267028809,4.622605800628662,12961900,False
PBR,2019-04-26,15.4399995803833,15.529999732971191,15.25,15.380000114440918,4.595712661743164,10893700,False
PBR,2019-04-29,15.510000228881836,15.5600004196167,15.359999656677246,15.369999885559082,4.5927252769470215,9135800,False
PBR,2019-04-30,15.520000457763672,15.569999694824219,15.15999984741211,15.229999542236328,4.550890922546387,12911200,False
PBR,2019-05-01,15.300000190734863,15.300000190734863,14.899999618530273,14.930000305175781,4.461247444152832,11287500,False
PBR,2019-05-02,14.829999923706055,15.010000228881836,14.739999771118164,14.90999984741211,4.4552717208862305,15573700,False
PBR,2019-05-03,15.109999656677246,15.1899995803833,15.0,15.010000228881836,4.485152721405029,9813900,False
PBR,2019-05-06,14.640000343322754,14.90999984741211,14.630000114440918,14.859999656677246,4.440330505371094,11335100,False
PBR,2019-05-07,14.600000381469727,14.720000267028809,14.350000381469727,14.710000038146973,4.395508766174316,13871200,False
PBR,2019-05-08,15.010000228881836,15.470000267028809,14.960000038146973,15.260000228881836,4.559855937957764,21063000,False
PBR,2019-05-09,14.90999984741211,14.989999771118164,14.670000076293945,14.779999732971191,4.416425704956055,17390300,False
PBR,2019-05-10,14.800000190734863,14.859999656677246,14.470000267028809,14.8100004196167,4.425390243530273,11401500,False
PBR,2019-05-13,14.430000305175781,14.579999923706055,14.220000267028809,14.350000381469727,4.287937641143799,14187100,False
PBR,2019-05-14,14.34000015258789,14.489999771118164,14.260000228881836,14.359999656677246,4.290925025939941,12956000,False
PBR,2019-05-15,13.989999771118164,14.199999809265137,13.979999542236328,14.15999984741211,4.231163024902344,12869700,False
PBR,2019-05-16,14.0,14.140000343322754,13.8100004196167,13.850000381469727,4.138532638549805,19905700,False
PBR,2019-05-17,13.609999656677246,13.800000190734863,13.350000381469727,13.460000038146973,4.0219950675964355,17738600,False
PBR,2019-05-20,13.470000267028809,13.680000305175781,13.329999923706055,13.680000305175781,4.087734222412109,14474900,False
PBR,2019-05-21,13.680000305175781,14.170000076293945,13.619999885559082,14.100000381469727,4.213234901428223,14535600,False
PBR,2019-05-22,14.149999618530273,14.329999923706055,14.020000457763672,14.220000267028809,4.264517307281494,15955300,False
PBR,2019-05-23,13.869999885559082,13.960000038146973,13.649999618530273,13.90999984741211,4.171548843383789,15275400,False
PBR,2019-05-24,14.170000076293945,14.199999809265137,13.960000038146973,14.100000381469727,4.228529930114746,7448000,False
PBR,2019-05-28,14.260000228881836,14.470000267028809,14.109999656677246,14.319999694824219,4.294506072998047,10866200,False
PBR,2019-05-29,14.279999732971191,14.59000015258789,14.220000267028809,14.550000190734863,4.3634819984436035,8950600,False
PBR,2019-05-30,14.5600004196167,14.779999732971191,14.420000076293945,14.5,4.34848690032959,14211500,False
PBR,2019-05-31,14.40999984741211,14.779999732971191,14.34000015258789,14.430000305175781,4.327495098114014,14241800,False
PBR,2019-06-03,14.6899995803833,14.949999809265137,14.640000343322754,14.770000457763672,4.429460048675537,12957600,False
PBR,2019-06-04,14.890000343322754,15.039999961853027,14.850000381469727,15.029999732971191,4.507431983947754,8787600,False
PBR,2019-06-05,15.029999732971191,15.0600004196167,14.550000190734863,14.710000038146973,4.411465167999268,14076100,False
PBR,2019-06-06,14.859999656677246,15.149999618530273,14.680000305175781,14.949999809265137,4.483440399169922,10725700,False
PBR,2019-06-07,15.079999923706055,15.390000343322754,15.079999923706055,15.380000114440918,4.612396717071533,13682100,False
PBR,2019-06-10,15.220000267028809,15.350000381469727,14.979999542236328,15.069999694824219,4.519428253173828,16234000,False
PBR,2019-06-11,15.199999809265137,15.579999923706055,15.15999984741211,15.520000457763672,4.654381275177002,13796700,False
PBR,2019-06-12,15.359999656677246,15.539999961853027,15.140000343322754,15.210000038146973,4.561413288116455,12604700,False
PBR,2019-06-13,15.569999694824219,15.65999984741211,15.430000305175781,15.470000267028809,4.639386177062988,12689600,False
PBR,2019-06-14,15.380000114440918,15.489999771118164,15.25,15.399999618530273,4.618394374847412,11567100,False
PBR,2019-06-17,15.430000305175781,15.670000076293945,15.399999618530273,15.460000038146973,4.636387825012207,8463400,False
PBR,2019-06-18,15.630000114440918,15.890000343322754,15.619999885559082,15.789999961853027,4.735352516174316,11106900,False
PBR,2019-06-19,15.680000305175781,15.9399995803833,15.640000343322754,15.9399995803833,4.780337333679199,11434400,False
PBR,2019-06-20,16.079999923706055,16.5,16.079999923706055,16.3700008392334,4.9092936515808105,15275300,False
PBR,2019-06-21,16.420000076293945,16.709999084472656,16.420000076293945,16.6200008392334,4.984267711639404,17336400,False
PBR,2019-06-24,16.520000457763672,16.65999984741211,16.450000762939453,16.59000015258789,4.975269317626953,14795700,False
PBR,2019-06-25,16.31999969482422,16.350000381469727,15.850000381469727,15.979999542236328,4.792334079742432,21493200,False
PBR,2019-06-26,15.960000038146973,16.059999465942383,15.779999732971191,15.859999656677246,4.756345272064209,58240700,False
PBR,2019-06-27,15.680000305175781,15.720000267028809,15.270000457763672,15.539999961853027,4.660378932952881,30350500,False
PBR,2019-06-28,15.710000038146973,15.869999885559082,15.4399995803833,15.569999694824219,4.669375896453857,11905200,False
PBR,2019-07-01,15.970000267028809,16.0,15.470000267028809,15.489999771118164,4.645384788513184,17152400,False
PBR,2019-07-02,15.4399995803833,15.470000267028809,15.130000114440918,15.229999542236328,4.567410469055176,18061600,False
PBR,2019-07-03,15.279999732971191,15.449999809265137,15.239999771118164,15.329999923706055,4.597401142120361,7403100,False
PBR,2019-07-05,15.609999656677246,15.8100004196167,15.550000190734863,15.680000305175781,4.702364444732666,10830300,False
PBR,2019-07-08,15.779999732971191,16.030000686645508,15.710000038146973,16.0,4.798331260681152,17642000,False
PBR,2019-07-09,15.899999618530273,16.110000610351562,15.779999732971191,16.049999237060547,4.813325881958008,13560300,False
PBR,2019-07-10,16.350000381469727,16.420000076293945,16.239999771118164,16.280000686645508,4.8823018074035645,23702400,False
PBR,2019-07-11,16.420000076293945,16.709999084472656,16.389999389648438,16.690000534057617,5.005259990692139,23231200,False
PBR,2019-07-12,16.690000534057617,16.950000762939453,16.65999984741211,16.829999923706055,5.047244548797607,19439900,False
PBR,2019-07-15,16.809999465942383,16.8799991607666,16.469999313354492,16.489999771118164,4.945280075073242,12330400,False
PBR,2019-07-16,16.450000762939453,16.549999237060547,16.1299991607666,16.190000534057617,4.855311393737793,12981500,False
PBR,2019-07-17,16.270000457763672,16.270000457763672,16.030000686645508,16.15999984741211,4.846313953399658,11388200,False
PBR,2019-07-18,16.170000076293945,16.190000534057617,15.949999809265137,16.1299991607666,4.83731746673584,10354200,False
PBR,2019-07-19,16.100000381469727,16.110000610351562,15.899999618530273,15.989999771118164,4.795332431793213,10866200,False
PBR,2019-07-22,16.1200008392334,16.170000076293945,15.960000038146973,15.989999771118164,4.795332431793213,9424200,False
PBR,2019-07-23,16.030000686645508,16.079999923706055,15.899999618530273,16.06999969482422,4.819323539733887,16055000,False
PBR,2019-07-24,16.06999969482422,16.200000762939453,15.850000381469727,15.859999656677246,4.756345272064209,11108700,False
PBR,2019-07-25,15.819999694824219,15.829999923706055,15.460000038146973,15.479999542236328,4.642385005950928,13285100,False
PBR,2019-07-26,15.430000305175781,15.4399995803833,15.0,15.069999694824219,4.519428253173828,19329100,False
PBR,2019-07-29,15.020000457763672,15.260000228881836,14.949999809265137,15.229999542236328,4.567410469055176,10817700,False
PBR,2019-07-30,15.210000038146973,15.260000228881836,15.079999923706055,15.130000114440918,4.537421226501465,13177100,False
PBR,2019-07-31,15.300000190734863,15.319999694824219,14.880000114440918,15.050000190734863,4.513430118560791,16161400,False
PBR,2019-08-01,14.989999771118164,15.229999542236328,14.430000305175781,14.720000267028809,4.414465427398682,23904100,False
PBR,2019-08-02,15.229999542236328,15.350000381469727,14.819999694824219,14.949999809265137,4.483440399169922,22373900,False
PBR,2019-08-05,14.460000038146973,14.479999542236328,14.09000015258789,14.180000305175781,4.252520561218262,22565800,False
PBR,2019-08-06,14.479999542236328,14.529999732971191,14.199999809265137,14.319999694824219,4.294506072998047,21047900,False
PBR,2019-08-07,13.859999656677246,14.220000267028809,13.739999771118164,14.1899995803833,4.255519866943359,24318200,False
PBR,2019-08-08,14.479999542236328,14.640000343322754,14.329999923706055,14.630000114440918,4.387474536895752,18616200,False
PBR,2019-08-09,14.640000343322754,14.8100004196167,14.470000267028809,14.510000228881836,4.351486682891846,11900200,False
PBR,2019-08-12,14.039999961853027,14.079999923706055,13.899999618530273,14.0,4.198538780212402,11298300,False
PBR,2019-08-13,13.699999809265137,14.229999542236328,13.630000114440918,14.09000015258789,4.225531101226807,12920600,False
PBR,2019-08-14,13.630000114440918,13.680000305175781,13.350000381469727,13.390000343322754,4.015603065490723,17874900,False
PBR,2019-08-15,13.300000190734863,13.4399995803833,13.0,13.350000381469727,4.003606796264648,15936100,False
PBR,2019-08-16,13.399999618530273,13.489999771118164,13.109999656677246,13.229999542236328,3.9676196575164795,14542700,False
PBR,2019-08-19,13.380000114440918,13.4399995803833,13.010000228881836,13.119999885559082,3.934631824493408,16040500,False
PBR,2019-08-20,12.979999542236328,13.25,12.930000305175781,13.079999923706055,3.922635555267334,13600100,False
PBR,2019-08-21,13.380000114440918,14.119999885559082,13.210000038146973,13.8100004196167,4.1415605545043945,35671400,False
PBR,2019-08-22,13.880000114440918,13.899999618530273,13.510000228881836,13.600000381469727,4.078580856323242,11898000,False
PBR,2019-08-23,13.359999656677246,13.600000381469727,12.930000305175781,12.970000267028809,3.8896477222442627,22167500,False
PBR,2019-08-26,13.029999732971191,13.079999923706055,12.680000305175781,12.789999961853027,3.8356659412384033,17463000,False
PBR,2019-08-27,12.9399995803833,13.149999618530273,12.720000267028809,12.920000076293945,3.8746531009674072,17806800,False
PBR,2019-08-28,13.029999732971191,13.170000076293945,12.899999618530273,13.079999923706055,3.922635555267334,11361500,False
PBR,2019-08-29,13.260000228881836,13.479999542236328,13.109999656677246,13.399999618530273,4.0186028480529785,15625300,False
PBR,2019-08-30,13.630000114440918,13.6899995803833,13.4399995803833,13.550000190734863,4.063587188720703,10814700,False
PBR,2019-09-03,13.300000190734863,13.510000228881836,13.239999771118164,13.399999618530273,4.0186028480529785,14793000,False
PBR,2019-09-04,13.890000343322754,14.100000381469727,13.829999923706055,13.979999542236328,4.192542552947998,18704300,False
PBR,2019-09-05,14.270000457763672,14.369999885559082,14.119999885559082,14.140000343322754,4.240525245666504,14098000,False
PBR,2019-09-06,14.220000267028809,14.470000267028809,14.140000343322754,14.300000190734863,4.288508415222168,11194700,False
PBR,2019-09-09,14.4399995803833,14.619999885559082,14.40999984741211,14.520000457763672,4.354485988616943,20136200,False
PBR,2019-09-10,14.489999771118164,14.789999961853027,14.350000381469727,14.609999656677246,4.381475448608398,19732300,False
PBR,2019-09-11,14.75,14.880000114440918,14.460000038146973,14.569999694824219,4.369479656219482,16005900,False
PBR,2019-09-12,14.529999732971191,14.75,14.420000076293945,14.710000038146973,4.411465167999268,10100100,False
PBR,2019-09-13,14.75,14.829999923706055,14.470000267028809,14.539999961853027,4.360483646392822,8697300,False
PBR,2019-09-16,14.9399995803833,15.289999961853027,14.850000381469727,15.079999923706055,4.522426605224609,29350600,False
PBR,2019-09-17,14.880000114440918,14.960000038146973,14.579999923706055,14.9399995803833,4.480441093444824,14433600,False
PBR,2019-09-18,14.75,14.84000015258789,14.609999656677246,14.619999885559082,4.384474277496338,8453800,False
PBR,2019-09-19,14.8100004196167,14.880000114440918,14.510000228881836,14.529999732971191,4.357484340667725,9960300,False
PBR,2019-09-20,14.479999542236328,14.569999694824219,14.369999885559082,14.539999961853027,4.360483646392822,9077900,False
PBR,2019-09-23,14.4399995803833,14.649999618530273,14.430000305175781,14.5600004196167,4.366482734680176,7422400,False
PBR,2019-09-24,14.579999923706055,14.579999923706055,14.319999694824219,14.399999618530273,4.3184990882873535,5972000,False
PBR,2019-09-25,14.15999984741211,14.479999542236328,14.079999923706055,14.460000038146973,4.336491584777832,10888800,False
PBR,2019-09-26,14.569999694824219,14.609999656677246,14.399999618530273,14.569999694824219,4.369479656219482,8985700,False
PBR,2019-09-27,14.510000228881836,14.84000015258789,14.5,14.600000381469727,4.378477573394775,9034100,False
PBR,2019-09-30,14.539999961853027,14.579999923706055,14.4399995803833,14.470000267028809,4.33949089050293,5271200,False
PBR,2019-10-01,14.479999542236328,14.510000228881836,14.289999961853027,14.350000381469727,4.303503036499023,12300100,False
PBR,2019-10-02,14.210000038146973,14.210000038146973,13.859999656677246,14.020000457763672,4.204538345336914,14073600,False
PBR,2019-10-03,13.949999809265137,14.180000305175781,13.859999656677246,14.149999618530273,4.243524551391602,15622900,False
PBR,2019-10-04,14.229999542236328,14.279999732971191,13.960000038146973,14.1899995803833,4.255519866943359,13709200,False
PBR,2019-10-07,14.079999923706055,14.210000038146973,13.779999732971191,13.819999694824219,4.144559383392334,10889000,False
PBR,2019-10-08,13.84000015258789,14.050000190734863,13.75,13.770000457763672,4.12956428527832,13718200,False
PBR,2019-10-09,13.989999771118164,14.1899995803833,13.819999694824219,14.109999656677246,4.2315287590026855,9755100,False
PBR,2019-10-10,14.079999923706055,14.25,13.949999809265137,14.09000015258789,4.225531101226807,12014200,False
PBR,2019-10-11,14.279999732971191,14.520000457763672,14.279999732971191,14.399999618530273,4.3184990882873535,13278700,False
PBR,2019-10-14,14.199999809265137,14.380000114440918,14.130000114440918,14.369999885559082,4.309501647949219,8464100,False
PBR,2019-10-15,14.390000343322754,14.579999923706055,14.289999961853027,14.399999618530273,4.3184990882873535,9794500,False
PBR,2019-10-16,14.279999732971191,14.649999618530273,14.260000228881836,14.649999618530273,4.393472194671631,11891300,False
PBR,2019-10-17,14.729999542236328,14.770000457763672,14.34000015258789,14.430000305175781,4.327495098114014,16252800,False
PBR,2019-10-18,14.59000015258789,14.729999542236328,14.489999771118164,14.529999732971191,4.357484340667725,15068700,False
PBR,2019-10-21,14.479999542236328,14.649999618530273,14.4399995803833,14.640000343322754,4.39047384262085,9162200,False
PBR,2019-10-22,14.789999961853027,15.430000305175781,14.779999732971191,15.260000228881836,4.576408386230469,25726000,False
PBR,2019-10-23,15.289999961853027,15.600000381469727,15.25,15.579999923706055,4.672374725341797,19977700,False
PBR,2019-10-24,15.6899995803833,15.710000038146973,15.140000343322754,15.25,4.5734100341796875,21364400,False
PBR,2019-10-25,15.720000267028809,16.049999237060547,15.680000305175781,15.850000381469727,4.7533464431762695,25418700,False
PBR,2019-10-28,15.920000076293945,16.09000015258789,15.800000190734863,16.0,4.798331260681152,16640700,False
PBR,2019-10-29,15.829999923706055,16.209999084472656,15.829999923706055,16.040000915527344,4.810328483581543,17416800,False
PBR,2019-10-30,15.930000305175781,16.280000686645508,15.789999961853027,16.239999771118164,4.870306015014648,24623400,False
PBR,2019-10-31,16.209999084472656,16.309999465942383,15.9399995803833,16.239999771118164,4.870306015014648,22749200,False
PBR,2019-11-01,16.450000762939453,16.84000015258789,16.200000762939453,16.440000534057617,4.930285453796387,36600800,False
PBR,2019-11-04,16.479999542236328,16.6299991607666,16.229999542236328,16.389999389648438,4.915289402008057,33084500,False
PBR,2019-11-05,16.239999771118164,16.40999984741211,16.219999313354492,16.360000610351562,4.90629243850708,25375200,False
PBR,2019-11-06,15.65999984741211,16.260000228881836,15.529999732971191,15.949999809265137,4.783336162567139,37914100,False
PBR,2019-11-07,15.949999809265137,16.43000030517578,15.930000305175781,16.329999923706055,4.897296905517578,19478700,False
PBR,2019-11-08,15.930000305175781,16.149999618530273,15.739999771118164,15.819999694824219,4.744349002838135,24048500,False
PBR,2019-11-11,15.760000228881836,16.049999237060547,15.720000267028809,16.0,4.798331260681152,12258900,False
PBR,2019-11-12,15.779999732971191,15.930000305175781,15.59000015258789,15.640000343322754,4.719570636749268,18275200,False
PBR,2019-11-13,15.40999984741211,15.569999694824219,15.3100004196167,15.399999618530273,4.6471476554870605,20613800,False
PBR,2019-11-14,15.460000038146973,15.510000228881836,15.069999694824219,15.119999885559082,4.562654495239258,19077400,False
PBR,2019-11-15,15.180000305175781,15.510000228881836,15.180000305175781,15.4399995803833,4.659217834472656,7297400,False
PBR,2019-11-18,15.270000457763672,15.319999694824219,15.050000190734863,15.100000381469727,4.556619167327881,12656200,False
PBR,2019-11-19,15.069999694824219,15.09000015258789,14.819999694824219,14.850000381469727,4.4811787605285645,19430800,False
PBR,2019-11-20,14.899999618530273,15.050000190734863,14.859999656677246,14.869999885559082,4.487213611602783,15963000,False
PBR,2019-11-21,14.899999618530273,15.210000038146973,14.8100004196167,15.199999809265137,4.586796283721924,24467800,False
PBR,2019-11-22,15.399999618530273,15.5600004196167,15.210000038146973,15.25,4.601883411407471,19382300,False
PBR,2019-11-25,15.229999542236328,15.279999732971191,15.09000015258789,15.220000267028809,4.592830657958984,11056900,False
PBR,2019-11-26,14.960000038146973,14.970000267028809,14.569999694824219,14.760000228881836,4.454019546508789,20629700,False
PBR,2019-11-27,14.789999961853027,14.880000114440918,14.630000114440918,14.800000190734863,4.466090202331543,14182500,False
PBR,2019-11-29,14.880000114440918,14.880000114440918,14.640000343322754,14.729999542236328,4.444966793060303,9071600,False
PBR,2019-12-02,14.920000076293945,14.930000305175781,14.720000267028809,14.729999542236328,4.444966793060303,12078900,False
PBR,2019-12-03,14.699999809265137,14.789999961853027,14.550000190734863,14.680000305175781,4.429879188537598,11834000,False
PBR,2019-12-04,14.880000114440918,14.970000267028809,14.800000190734863,14.84000015258789,4.478160858154297,18338600,False
PBR,2019-12-05,15.010000228881836,15.390000343322754,14.970000267028809,15.220000267028809,4.592830657958984,19538900,False
PBR,2019-12-06,15.369999885559082,15.59000015258789,15.350000381469727,15.510000228881836,4.680342674255371,12016100,False
PBR,2019-12-09,15.279999732971191,15.649999618530273,15.279999732971191,15.5600004196167,4.695430278778076,13185900,False
PBR,2019-12-10,15.579999923706055,15.600000381469727,15.460000038146973,15.59000015258789,4.704483509063721,11455300,False
PBR,2019-12-11,15.729999542236328,15.800000190734863,15.630000114440918,15.710000038146973,4.740694522857666,14980800,False
PBR,2019-12-12,15.789999961853027,16.1200008392334,15.779999732971191,16.059999465942383,4.846312522888184,13028100,False
PBR,2019-12-13,15.470000267028809,15.729999542236328,15.199999809265137,15.3100004196167,4.61998987197876,31002700,False
PBR,2019-12-16,15.210000038146973,15.609999656677246,15.210000038146973,15.390000343322754,4.644130229949951,20585900,False
PBR,2019-12-17,15.359999656677246,15.600000381469727,15.329999923706055,15.479999542236328,4.67128849029541,12608100,False
PBR,2019-12-18,15.579999923706055,15.979999542236328,15.569999694824219,15.880000114440918,4.791994571685791,21844500,False
PBR,2019-12-19,15.829999923706055,15.949999809265137,15.8100004196167,15.859999656677246,4.785958290100098,10588500,False
PBR,2019-12-20,15.640000343322754,15.760000228881836,15.550000190734863,15.5600004196167,4.695430278778076,14233600,False
PBR,2019-12-23,15.6899995803833,15.890000343322754,15.649999618530273,15.880000114440918,4.791994571685791,12685600,False
PBR,2019-12-24,15.859999656677246,15.970000267028809,15.789999961853027,15.869999885559082,4.788976669311523,2875700,False
PBR,2019-12-26,16.040000915527344,16.1299991607666,15.979999542236328,16.1299991607666,4.867434501647949,9118300,False
PBR,2019-12-27,16.079999923706055,16.1200008392334,15.920000076293945,15.920000076293945,4.804064750671387,10012400,False
PBR,2019-12-30,16.09000015258789,16.110000610351562,15.880000114440918,15.899999618530273,4.79802942276001,9106300,False
PBR,2019-12-31,15.779999732971191,15.970000267028809,15.75,15.9399995803833,4.810100555419922,6602600,False
PBR,2020-01-02,16.040000915527344,16.280000686645508,15.979999542236328,16.270000457763672,4.909682273864746,13764800,False
PBR,2020-01-03,16.170000076293945,16.290000915527344,15.970000267028809,15.989999771118164,4.825187683105469,17661700,False
PBR,2020-01-06,15.84000015258789,16.299999237060547,15.84000015258789,16.219999313354492,4.894593238830566,16614500,False
PBR,2020-01-07,16.020000457763672,16.110000610351562,15.890000343322754,16.059999465942383,4.846312522888184,11277300,False
PBR,2020-01-08,15.970000267028809,16.020000457763672,15.619999885559082,15.699999809265137,4.737676620483398,22534200,False
PBR,2020-01-09,15.720000267028809,15.859999656677246,15.600000381469727,15.75,4.75276517868042,13372500,False
PBR,2020-01-10,15.760000228881836,15.880000114440918,15.600000381469727,15.640000343322754,4.719570636749268,10099200,False
PBR,2020-01-13,15.539999961853027,15.59000015258789,15.390000343322754,15.479999542236328,4.67128849029541,19171900,False
PBR,2020-01-14,15.390000343322754,15.430000305175781,15.210000038146973,15.369999885559082,4.638095378875732,12522800,False
PBR,2020-01-15,15.180000305175781,15.229999542236328,14.84000015258789,14.869999885559082,4.487213611602783,18859300,False
PBR,2020-01-16,14.960000038146973,14.960000038146973,14.729999542236328,14.890000343322754,4.493248462677002,16989500,False
PBR,2020-01-17,15.010000228881836,15.210000038146973,14.949999809265137,15.15999984741211,4.574725151062012,18986400,False
PBR,2020-01-21,15.100000381469727,15.100000381469727,14.729999542236328,14.770000457763672,4.457037448883057,18235400,False
PBR,2020-01-22,14.8100004196167,14.859999656677246,14.699999809265137,14.770000457763672,4.457037448883057,11145500,False
PBR,2020-01-23,14.630000114440918,14.9399995803833,14.4399995803833,14.90999984741211,4.499284267425537,20195400,False
PBR,2020-01-24,14.949999809265137,14.949999809265137,14.550000190734863,14.770000457763672,4.457037448883057,19882500,False
PBR,2020-01-27,14.170000076293945,14.3100004196167,14.100000381469727,14.210000038146973,4.288049697875977,21233900,False
PBR,2020-01-28,14.4399995803833,14.699999809265137,14.329999923706055,14.5,4.3755621910095215,18520900,False
PBR,2020-01-29,14.649999618530273,14.670000076293945,14.319999694824219,14.369999885559082,4.336332321166992,17033300,False
PBR,2020-01-30,14.010000228881836,14.510000228881836,14.010000228881836,14.489999771118164,4.372542858123779,20339800,False
PBR,2020-01-31,14.199999809265137,14.260000228881836,14.010000228881836,14.109999656677246,4.257874011993408,17441700,False
PBR,2020-02-03,14.239999771118164,14.420000076293945,14.119999885559082,14.199999809265137,4.285032272338867,13380100,False
PBR,2020-02-04,14.420000076293945,14.720000267028809,14.350000381469727,14.369999885559082,4.336332321166992,23990800,False
PBR,2020-02-05,14.680000305175781,14.710000038146973,14.319999694824219,14.430000305175781,4.354438304901123,32985300,False
PBR,2020-02-06,14.829999923706055,14.979999542236328,14.460000038146973,14.630000114440918,4.414791584014893,104398900,False
PBR,2020-02-07,14.739999771118164,14.760000228881836,14.289999961853027,14.579999923706055,4.399702548980713,39589600,False
PBR,2020-02-10,14.449999809265137,14.489999771118164,14.229999542236328,14.399999618530273,4.345385551452637,29054300,False
PBR,2020-02-11,14.729999542236328,14.869999885559082,14.630000114440918,14.819999694824219,4.47212553024292,26408400,False
PBR,2020-02-12,14.8100004196167,15.020000457763672,14.8100004196167,14.920000076293945,4.502302646636963,24175400,False
PBR,2020-02-13,14.90999984741211,14.90999984741211,14.5600004196167,14.630000114440918,4.414791584014893,21952600,False
PBR,2020-02-14,14.829999923706055,14.850000381469727,14.579999923706055,14.640000343322754,4.41780948638916,14207900,False
PBR,2020-02-18,14.319999694824219,14.6899995803833,14.3100004196167,14.5600004196167,4.3936686515808105,20754800,False
PBR,2020-02-19,14.770000457763672,14.9399995803833,14.729999542236328,14.890000343322754,4.493248462677002,16214300,False
PBR,2020-02-20,14.770000457763672,14.930000305175781,14.369999885559082,14.399999618530273,4.345385551452637,21453600,False
PBR,2020-02-21,14.170000076293945,14.180000305175781,13.890000343322754,14.029999732971191,4.233732223510742,22637200,False
PBR,2020-02-24,13.140000343322754,13.279999732971191,12.710000038146973,13.079999923706055,3.9470577239990234,38318000,False
PBR,2020-02-25,13.199999809265137,13.300000190734863,12.619999885559082,12.819999694824219,3.8685998916625977,26389700,False
PBR,2020-02-26,12.84000015258789,13.100000381469727,12.449999809265137,12.550000190734863,3.787123918533325,41263500,False
PBR,2020-02-27,12.0,12.550000190734863,11.710000038146973,12.079999923706055,3.6452958583831787,41795900,False
PBR,2020-02-28,11.5600004196167,12.109999656677246,11.510000228881836,12.100000381469727,3.651332378387451,46881600,False
PBR,2020-03-02,12.199999809265137,12.569999694824219,12.020000457763672,12.489999771118164,3.7690179347991943,29931200,False
PBR,2020-03-03,12.510000228881836,12.90999984741211,12.0,12.15999984741211,3.669436454772949,37360900,False
PBR,2020-03-04,12.449999809265137,12.449999809265137,12.100000381469727,12.329999923706055,3.7207353115081787,23901800,False
PBR,2020-03-05,12.010000228881836,12.050000190734863,11.3100004196167,11.739999771118164,3.542696475982666,42527900,False
PBR,2020-03-06,10.699999809265137,10.869999885559082,10.270000457763672,10.520000457763672,3.1745452880859375,52078200,False
PBR,2020-03-09,7.550000190734863,8.260000228881836,7.039999961853027,7.260000228881836,2.190798282623291,95745000,True
PBR,2020-03-10,8.5,8.569999694824219,7.349999904632568,8.010000228881836,2.417120933532715,54755700,False
PBR,2020-03-11,7.519999980926514,7.769999980926514,6.639999866485596,6.849999904632568,2.067075729370117,55715500,True
PBR,2020-03-12,5.75,5.889999866485596,4.829999923706055,5.449999809265137,1.6446077823638916,86571700,True
PBR,2020-03-13,6.690000057220459,6.739999771118164,5.570000171661377,6.579999923706055,1.9855997562408447,59809100,True
PBR,2020-03-16,5.400000095367432,5.960000038146973,5.130000114440918,5.25,1.5842552185058594,35275300,True
PBR,2020-03-17,5.409999847412109,5.659999847412109,5.139999866485596,5.400000095367432,1.6295192241668701,51896200,False
PBR,2020-03-18,4.559999942779541,4.820000171661377,4.010000228881836,4.309999942779541,1.30059814453125,49017000,True
PBR,2020-03-19,4.400000095367432,5.119999885559082,4.099999904632568,5.059999942779541,1.526919960975647,56339600,True
PBR,2020-03-20,5.340000152587891,5.389999866485596,4.71999979019165,4.849999904632568,1.4635496139526367,38227800,False
PBR,2020-03-23,4.610000133514404,4.889999866485596,4.449999809265137,4.460000038146973,1.3458623886108398,35837600,False
PBR,2020-03-24,5.059999942779541,5.480000019073486,4.920000076293945,5.429999828338623,1.6385726928710938,40989000,True
PBR,2020-03-25,5.420000076293945,6.050000190734863,5.210000038146973,5.800000190734863,1.7502243518829346,48862700,False
PBR,2020-03-26,5.96999979019165,6.159999847412109,5.570000171661377,5.809999942779541,1.7532421350479126,41292300,False
PBR,2020-03-27,5.349999904632568,5.369999885559082,5.159999847412109,5.190000057220459,1.566149115562439,35197200,False
PBR,2020-03-30,5.150000095367432,5.300000190734863,4.880000114440918,5.21999979019165,1.575202226638794,25862600,False
PBR,2020-03-31,5.320000171661377,5.730000019073486,5.320000171661377,5.5,1.6596958637237549,37015700,False
PBR,2020-04-01,5.179999828338623,5.53000020980835,5.139999866485596,5.409999847412109,1.6325368881225586,26865900,False
PBR,2020-04-02,5.809999942779541,6.420000076293945,5.670000076293945,5.809999942779541,1.7532421350479126,60850400,False
PBR,2020-04-03,6.090000152587891,6.159999847412109,5.579999923706055,5.760000228881836,1.738154411315918,37905400,False
PBR,2020-04-06,5.949999809265137,6.179999828338623,5.860000133514404,6.139999866485596,1.8528238534927368,38784400,False
PBR,2020-04-07,6.659999847412109,6.699999809265137,6.309999942779541,6.320000171661377,1.9071416854858398,41449700,False
PBR,2020-04-08,6.400000095367432,6.940000057220459,6.400000095367432,6.809999942779541,2.055004835128784,31724500,False
PBR,2020-04-09,7.090000152587891,7.460000038146973,6.579999923706055,6.71999979019165,2.027846097946167,53332400,False
PBR,2020-04-13,6.679999828338623,6.730000019073486,6.449999809265137,6.710000038146973,2.0248289108276367,29172000,False
PBR,2020-04-14,6.760000228881836,6.880000114440918,6.550000190734863,6.679999828338623,2.015775680541992,24979900,False
PBR,2020-04-15,6.289999961853027,6.460000038146973,6.190000057220459,6.320000171661377,1.9071416854858398,25391400,False
PBR,2020-04-16,6.400000095367432,6.400000095367432,6.050000190734863,6.139999866485596,1.8528238534927368,20187500,False
PBR,2020-04-17,6.269999980926514,6.460000038146973,6.090000152587891,6.449999809265137,1.9463706016540527,36342800,False
PBR,2020-04-20,6.03000020980835,6.460000038146973,5.989999771118164,6.269999980926514,1.8920530080795288,50129100,False
PBR,2020-04-21,6.0,6.110000133514404,5.909999847412109,6.050000190734863,1.8256661891937256,36410800,False
PBR,2020-04-22,6.190000057220459,6.380000114440918,6.179999828338623,6.340000152587891,1.9131765365600586,32269600,False
PBR,2020-04-23,6.480000019073486,6.599999904632568,6.25,6.309999942779541,1.9041236639022827,30422000,False
PBR,2020-04-24,6.050000190734863,6.119999885559082,5.510000228881836,5.659999847412109,1.7079778909683228,53720500,False
PBR,2020-04-27,5.829999923706055,6.0,5.690000057220459,6.0,1.8105772733688354,23890600,False
PBR,2020-04-28,6.269999980926514,6.579999923706055,6.150000095367432,6.559999942779541,1.9795646667480469,40582100,False
PBR,2020-04-29,6.760000228881836,7.21999979019165,6.760000228881836,7.139999866485596,2.1545870304107666,38428500,False
PBR,2020-04-30,7.0,7.099999904632568,6.829999923706055,6.909999847412109,2.085181474685669,32703300,False
PBR,2020-05-01,6.75,6.75,6.380000114440918,6.570000171661377,1.9825820922851562,20857400,False
PBR,2020-05-04,6.449999809265137,6.619999885559082,6.400000095367432,6.539999961853027,1.9735288619995117,19880800,False
PBR,2020-05-05,6.809999942779541,6.96999979019165,6.670000076293945,6.730000019073486,2.0308642387390137,27466300,False
PBR,2020-05-06,6.590000152587891,6.679999828338623,6.309999942779541,6.329999923706055,1.9101587533950806,25828000,False
PBR,2020-05-07,6.28000020980835,6.46999979019165,6.230000019073486,6.329999923706055,1.9101587533950806,32219500,False
PBR,2020-05-08,6.5,6.880000114440918,6.480000019073486,6.860000133514404,2.0700933933258057,26792800,False
PBR,2020-05-11,6.739999771118164,6.869999885559082,6.550000190734863,6.559999942779541,1.9795646667480469,26111400,False
PBR,2020-05-12,6.760000228881836,6.800000190734863,6.460000038146973,6.460000038146973,1.9493885040283203,24931300,False
PBR,2020-05-13,6.46999979019165,6.46999979019165,6.090000152587891,6.119999885559082,1.8467885255813599,24260900,False
PBR,2020-05-14,5.929999828338623,6.079999923706055,5.739999771118164,6.039999961853027,1.8226479291915894,52660600,False
PBR,2020-05-15,6.25,6.53000020980835,6.099999904632568,6.099999904632568,1.8407533168792725,29547500,False
PBR,2020-05-18,6.650000095367432,6.860000133514404,6.550000190734863,6.840000152587891,2.0640580654144287,39704900,False
PBR,2020-05-19,6.860000133514404,6.900000095367432,6.710000038146973,6.71999979019165,2.027846097946167,28879000,False
PBR,2020-05-20,6.940000057220459,7.130000114440918,6.929999828338623,6.989999771118164,2.1093223094940186,24482300,False
PBR,2020-05-21,7.230000019073486,7.340000152587891,7.03000020980835,7.179999828338623,2.166656970977783,24158500,False
PBR,2020-05-22,6.949999809265137,7.130000114440918,6.820000171661377,7.059999942779541,2.130445718765259,23153400,False
PBR,2020-05-26,7.760000228881836,7.769999980926514,7.519999980926514,7.610000133514404,2.296415328979492,28735600,False
PBR,2020-05-27,7.829999923706055,7.889999866485596,7.480000019073486,7.840000152587891,2.3658204078674316,25581300,False
PBR,2020-05-28,7.809999942779541,7.860000133514404,7.579999923706055,7.619999885559082,2.2994332313537598,22364900,False
PBR,2020-05-29,7.550000190734863,7.730000019073486,7.389999866485596,7.630000114440918,2.30245041847229,28670000,False
PBR,2020-06-01,7.699999809265137,7.880000114440918,7.630000114440918,7.809999942779541,2.3567681312561035,20565300,False
PBR,2020-06-02,8.020000457763672,8.399999618530273,7.96999979019165,8.380000114440918,2.528773069381714,30439000,False
PBR,2020-06-03,8.770000457763672,8.890000343322754,8.649999618530273,8.770000457763672,2.6464602947235107,34278000,False
PBR,2020-06-04,8.59000015258789,8.890000343322754,8.40999984741211,8.720000267028809,2.6313719749450684,37424000,False
PBR,2020-06-05,9.34000015258789,9.40999984741211,9.15999984741211,9.289999961853027,2.8033769130706787,32100800,False
PBR,2020-06-08,9.34000015258789,9.720000267028809,9.15999984741211,9.720000267028809,2.933135509490967,31333600,False
PBR,2020-06-09,9.239999771118164,9.369999885559082,9.15999984741211,9.289999961853027,2.8033769130706787,29185100,False
PBR,2020-06-10,9.359999656677246,9.359999656677246,8.890000343322754,8.890000343322754,2.6826720237731934,33793500,False
PBR,2020-06-11,8.199999809265137,8.550000190734863,8.029999732971191,8.09000015258789,2.4412617683410645,43265600,False
PBR,2020-06-12,8.5,8.710000038146973,8.149999618530273,8.479999542236328,2.558948516845703,33620800,False
PBR,2020-06-15,7.809999942779541,8.529999732971191,7.539999961853027,8.380000114440918,2.528773069381714,31250200,False
PBR,2020-06-16,8.800000190734863,8.949999809265137,8.479999542236328,8.539999961853027,2.577054262161255,31029900,False
PBR,2020-06-17,8.529999732971191,8.720000267028809,8.399999618530273,8.510000228881836,2.5680017471313477,16590400,False
PBR,2020-06-18,8.279999732971191,8.529999732971191,8.270000457763672,8.430000305175781,2.543860912322998,13821400,False
PBR,2020-06-19,8.649999618530273,8.649999618530273,8.300000190734863,8.40999984741211,2.537825107574463,20771400,False
PBR,2020-06-22,8.520000457763672,8.59000015258789,8.289999961853027,8.329999923706055,2.5136849880218506,19376000,False
PBR,2020-06-23,8.550000190734863,8.949999809265137,8.489999771118164,8.75,2.640424966812134,24729800,False
PBR,2020-06-24,8.600000381469727,8.600000381469727,8.140000343322754,8.220000267028809,2.4804909229278564,22209100,False
PBR,2020-06-25,8.239999771118164,8.399999618530273,8.109999656677246,8.399999618530273,2.5348076820373535,16884400,False
PBR,2020-06-26,8.229999542236328,8.260000228881836,7.980000019073486,8.029999732971191,2.423156261444092,21574100,False
PBR,2020-06-29,8.1899995803833,8.319999694824219,8.069999694824219,8.279999732971191,2.4985969066619873,12311100,False
PBR,2020-06-30,8.109999656677246,8.350000381469727,7.989999771118164,8.270000457763672,2.4955787658691406,16117200,False
PBR,2020-07-01,8.369999885559082,8.609999656677246,8.350000381469727,8.449999809265137,2.549896478652954,19239700,False
PBR,2020-07-02,8.520000457763672,8.6899995803833,8.430000305175781,8.479999542236328,2.558948516845703,20518600,False
PBR,2020-07-06,8.729999542236328,8.930000305175781,8.569999694824219,8.670000076293945,2.616284132003784,23552400,False
PBR,2020-07-07,8.619999885559082,8.729999542236328,8.449999809265137,8.460000038146973,2.552913188934326,18439400,False
PBR,2020-07-08,8.619999885559082,8.779999732971191,8.609999656677246,8.760000228881836,2.6434431076049805,14069700,False
PBR,2020-07-09,8.859999656677246,8.880000114440918,8.479999542236328,8.529999732971191,2.5740370750427246,20634800,False
PBR,2020-07-10,8.489999771118164,8.710000038146973,8.430000305175781,8.699999809265137,2.6253368854522705,15849900,False
PBR,2020-07-13,8.640000343322754,8.75,8.510000228881836,8.520000457763672,2.5710196495056152,21534400,False
PBR,2020-07-14,8.34000015258789,8.9399995803833,8.289999961853027,8.859999656677246,2.673618793487549,23180300,False
PBR,2020-07-15,9.020000457763672,9.079999923706055,8.84000015258789,8.989999771118164,2.712847948074341,19705900,False
PBR,2020-07-16,8.899999618530273,9.0,8.789999961853027,8.829999923706055,2.6645660400390625,16486000,False
PBR,2020-07-17,8.949999809265137,9.0,8.75,8.779999732971191,2.64947772026062,19855900,False
PBR,2020-07-20,8.720000267028809,8.890000343322754,8.65999984741211,8.819999694824219,2.661547899246216,15777500,False
PBR,2020-07-21,9.109999656677246,9.380000114440918,9.100000381469727,9.180000305175781,2.7701833248138428,39696000,False
PBR,2020-07-22,9.260000228881836,9.359999656677246,9.199999809265137,9.300000190734863,2.806394338607788,21068100,False
PBR,2020-07-23,9.1899995803833,9.220000267028809,8.90999984741211,8.960000038146973,2.7293272018432617,21949200,False
PBR,2020-07-24,8.979999542236328,9.140000343322754,8.789999961853027,9.0,2.7415122985839844,16933400,False
PBR,2020-07-27,8.90999984741211,9.3100004196167,8.84000015258789,9.300000190734863,2.8328957557678223,16362900,False
PBR,2020-07-28,9.079999923706055,9.220000267028809,9.0600004196167,9.140000343322754,2.7841577529907227,11541200,False
PBR,2020-07-29,9.220000267028809,9.289999961853027,9.100000381469727,9.270000457763672,2.823758125305176,14563100,False
PBR,2020-07-30,9.079999923706055,9.100000381469727,8.869999885559082,9.079999923706055,2.765880823135376,19479000,False
PBR,2020-07-31,9.079999923706055,9.140000343322754,8.649999618530273,8.670000076293945,2.6409900188446045,22468300,False
PBR,2020-08-03,8.630000114440918,8.630000114440918,8.390000343322754,8.390000343322754,2.555698871612549,24082600,False
PBR,2020-08-04,8.3100004196167,8.529999732971191,8.239999771118164,8.420000076293945,2.5648372173309326,31166100,False
PBR,2020-08-05,8.9399995803833,9.079999923706055,8.819999694824219,8.930000305175781,2.720189332962036,24291800,False
PBR,2020-08-06,8.970000267028809,9.029999732971191,8.84000015258789,8.890000343322754,2.708005428314209,13933400,False
PBR,2020-08-07,8.630000114440918,8.6899995803833,8.529999732971191,8.619999885559082,2.6257593631744385,13290600,False
PBR,2020-08-10,8.779999732971191,8.84000015258789,8.5600004196167,8.829999923706055,2.689728021621704,26035200,False
PBR,2020-08-11,9.0600004196167,9.069999694824219,8.779999732971191,8.779999732971191,2.674497365951538,18359100,False
PBR,2020-08-12,8.890000343322754,8.930000305175781,8.65999984741211,8.789999961853027,2.6775431632995605,16799300,False
PBR,2020-08-13,8.90999984741211,9.0,8.670000076293945,8.6899995803833,2.647082567214966,15852000,False
PBR,2020-08-14,8.65999984741211,8.779999732971191,8.569999694824219,8.609999656677246,2.622713327407837,13593000,False
PBR,2020-08-17,8.600000381469727,8.649999618530273,8.34000015258789,8.449999809265137,2.5739760398864746,16793700,False
PBR,2020-08-18,8.649999618530273,8.819999694824219,8.609999656677246,8.65999984741211,2.637943983078003,12460200,False
PBR,2020-08-19,8.670000076293945,8.779999732971191,8.510000228881836,8.520000457763672,2.5952987670898438,14317400,False
PBR,2020-08-20,8.229999542236328,8.4399995803833,8.100000381469727,8.380000114440918,2.552652359008789,27922000,False
PBR,2020-08-21,8.289999961853027,8.300000190734863,8.140000343322754,8.25,2.5130527019500732,11050000,False
PBR,2020-08-24,8.380000114440918,8.479999542236328,8.350000381469727,8.449999809265137,2.5739760398864746,14780100,False
PBR,2020-08-25,8.470000267028809,8.529999732971191,8.329999923706055,8.489999771118164,2.5861597061157227,9712200,False
PBR,2020-08-26,8.479999542236328,8.479999542236328,8.0600004196167,8.119999885559082,2.4734532833099365,16977600,False
PBR,2020-08-27,8.25,8.260000228881836,8.069999694824219,8.180000305175781,2.491729259490967,16403800,False
PBR,2020-08-28,8.260000228881836,8.539999961853027,8.210000038146973,8.5,2.5892059803009033,19391200,False
PBR,2020-08-31,8.359999656677246,8.390000343322754,8.149999618530273,8.170000076293945,2.4886839389801025,16515000,False
PBR,2020-09-01,8.470000267028809,8.729999542236328,8.380000114440918,8.680000305175781,2.644036293029785,21387300,False
PBR,2020-09-02,8.720000267028809,8.739999771118164,8.5600004196167,8.699999809265137,2.650128126144409,20711300,False
PBR,2020-09-03,8.800000190734863,8.970000267028809,8.680000305175781,8.800000190734863,2.6805899143218994,28646600,False
PBR,2020-09-04,8.859999656677246,8.9399995803833,8.640000343322754,8.8100004196167,2.683635950088501,26057000,False
PBR,2020-09-08,8.390000343322754,8.479999542236328,8.220000267028809,8.399999618530273,2.5587449073791504,19531700,False
PBR,2020-09-09,8.640000343322754,8.729999542236328,8.579999923706055,8.65999984741211,2.637943983078003,14444500,False
PBR,2020-09-10,8.609999656677246,8.640000343322754,8.329999923706055,8.34000015258789,2.540468692779541,21914700,False
PBR,2020-09-11,8.359999656677246,8.449999809265137,8.239999771118164,8.279999732971191,2.522190809249878,24911100,False
PBR,2020-09-14,8.279999732971191,8.319999694824219,8.100000381469727,8.279999732971191,2.522190809249878,20571500,False
PBR,2020-09-15,8.390000343322754,8.449999809265137,8.210000038146973,8.270000457763672,2.5191454887390137,18203800,False
PBR,2020-09-16,8.319999694824219,8.550000190734863,8.25,8.420000076293945,2.5648372173309326,16936600,False
PBR,2020-09-17,8.260000228881836,8.579999923706055,8.229999542236328,8.579999923706055,2.6135752201080322,26578000,False
PBR,2020-09-18,8.40999984741211,8.479999542236328,8.149999618530273,8.210000038146973,2.500868558883667,28460200,False
PBR,2020-09-21,7.940000057220459,7.949999809265137,7.75,7.889999866485596,2.4033920764923096,20085100,False
PBR,2020-09-22,7.989999771118164,8.069999694824219,7.75,7.840000152587891,2.3881616592407227,16624700,False
PBR,2020-09-23,7.690000057220459,7.769999980926514,7.449999809265137,7.460000038146973,2.272409200668335,27661300,False
PBR,2020-09-24,7.460000038146973,7.710000038146973,7.320000171661377,7.630000114440918,2.3241934776306152,25846000,False
PBR,2020-09-25,7.360000133514404,7.519999980926514,7.320000171661377,7.460000038146973,2.272409200668335,25956500,False
PBR,2020-09-28,7.559999942779541,7.619999885559082,7.190000057220459,7.199999809265137,2.1932098865509033,25892400,False
PBR,2020-09-29,7.130000114440918,7.21999979019165,6.949999809265137,6.989999771118164,2.129241466522217,24890200,False
PBR,2020-09-30,7.099999904632568,7.190000057220459,7.03000020980835,7.119999885559082,2.1688408851623535,26777500,False
PBR,2020-10-01,6.949999809265137,7.119999885559082,6.829999923706055,7.070000171661377,2.1536102294921875,33171000,False
PBR,2020-10-02,6.900000095367432,7.0,6.800000190734863,6.840000152587891,2.083549737930298,27393800,False
PBR,2020-10-05,6.960000038146973,7.289999961853027,6.880000114440918,7.210000038146973,2.196255922317505,30156000,False
PBR,2020-10-06,7.510000228881836,7.519999980926514,7.130000114440918,7.170000076293945,2.1840715408325195,19169100,False
PBR,2020-10-07,7.139999866485596,7.199999809265137,6.96999979019165,7.110000133514404,2.165794610977173,15091500,False
PBR,2020-10-08,7.130000114440918,7.389999866485596,7.110000133514404,7.380000114440918,2.248040199279785,18404200,False
PBR,2020-10-09,7.349999904632568,7.369999885559082,7.190000057220459,7.25,2.2084407806396484,20611800,False
PBR,2020-10-12,7.25,7.320000171661377,7.159999847412109,7.300000190734863,2.2236714363098145,7573400,False
PBR,2020-10-13,7.150000095367432,7.260000228881836,7.059999942779541,7.230000019073486,2.202347755432129,14253500,False
PBR,2020-10-14,7.269999980926514,7.349999904632568,7.150000095367432,7.150000095367432,2.1779792308807373,17813000,False
PBR,2020-10-15,7.0,7.079999923706055,6.940000057220459,7.010000228881836,2.135333776473999,19157000,False
PBR,2020-10-16,7.019999980926514,7.03000020980835,6.849999904632568,6.860000133514404,2.089641809463501,20611300,False
PBR,2020-10-19,6.909999847412109,7.150000095367432,6.860000133514404,6.960000038146973,2.120102882385254,23320100,False
PBR,2020-10-20,7.03000020980835,7.269999980926514,7.010000228881836,7.230000019073486,2.202347755432129,25849900,False
PBR,2020-10-21,7.159999847412109,7.25,7.059999942779541,7.190000057220459,2.1901636123657227,20563600,False
PBR,2020-10-22,7.210000038146973,7.449999809265137,7.179999828338623,7.449999809265137,2.2693629264831543,18347500,False
PBR,2020-10-23,7.510000228881836,7.53000020980835,7.260000228881836,7.320000171661377,2.2297632694244385,16959600,False
PBR,2020-10-26,7.260000228881836,7.269999980926514,7.070000171661377,7.190000057220459,2.1901636123657227,16123700,False
PBR,2020-10-27,7.070000171661377,7.079999923706055,6.96999979019165,6.980000019073486,2.126195192337036,18336600,False
PBR,2020-10-28,6.71999979019165,6.760000228881836,6.460000038146973,6.46999979019165,1.970842719078064,35790500,False
PBR,2020-10-29,6.239999771118164,6.769999980926514,6.150000095367432,6.690000057220459,2.0378575325012207,40394500,False
PBR,2020-10-30,6.650000095367432,6.769999980926514,6.599999904632568,6.630000114440918,2.019580602645874,23101400,False
PBR,2020-11-02,6.710000038146973,6.78000020980835,6.539999961853027,6.71999979019165,2.0469958782196045,15856000,False
PBR,2020-11-03,6.96999979019165,6.989999771118164,6.769999980926514,6.880000114440918,2.095733642578125,26670200,False
PBR,2020-11-04,6.889999866485596,7.099999904632568,6.75,6.96999979019165,2.1231486797332764,18854800,False
PBR,2020-11-05,7.130000114440918,7.239999771118164,7.099999904632568,7.190000057220459,2.1901636123657227,16712400,False
PBR,2020-11-06,7.179999828338623,7.400000095367432,7.139999866485596,7.369999885559082,2.2449934482574463,16560700,False
PBR,2020-11-09,8.34000015258789,8.399999618530273,7.96999979019165,8.1899995803833,2.4947752952575684,50456700,False
PBR,2020-11-10,8.420000076293945,8.800000190734863,8.380000114440918,8.789999961853027,2.6775431632995605,51354800,False
PBR,2020-11-11,8.600000381469727,8.789999961853027,8.539999961853027,8.779999732971191,2.674497365951538,27626000,False
PBR,2020-11-12,8.529999732971191,8.630000114440918,8.229999542236328,8.279999732971191,2.522190809249878,21011100,False
PBR,2020-11-13,8.329999923706055,8.59000015258789,8.289999961853027,8.529999732971191,2.598344326019287,26882500,False
PBR,2020-11-16,8.970000267028809,9.010000228881836,8.75,8.84000015258789,2.692775011062622,25153300,False
PBR,2020-11-17,8.779999732971191,9.279999732971191,8.770000457763672,9.119999885559082,2.7780654430389404,28084800,False
PBR,2020-11-18,9.25,9.359999656677246,9.069999694824219,9.069999694824219,2.7628350257873535,27630000,False
PBR,2020-11-19,9.130000114440918,9.270000457763672,9.079999923706055,9.199999809265137,2.8024344444274902,15046700,False
PBR,2020-11-20,9.130000114440918,9.210000038146973,9.010000228881836,9.069999694824219,2.7628350257873535,14427600,False
PBR,2020-11-23,9.319999694824219,9.380000114440918,9.210000038146973,9.350000381469727,2.8481264114379883,25540200,False
PBR,2020-11-24,9.850000381469727,10.09000015258789,9.739999771118164,10.0,3.0461249351501465,43398800,False
PBR,2020-11-25,9.949999809265137,10.15999984741211,9.84000015258789,10.029999732971191,3.055263042449951,22298400,False
PBR,2020-11-27,9.720000267028809,9.9399995803833,9.699999809265137,9.9399995803833,3.027848243713379,16310700,False
PBR,2020-11-30,9.800000190734863,9.9399995803833,9.539999961853027,9.569999694824219,2.9151413440704346,30115800,False
PBR,2020-12-01,9.880000114440918,10.109999656677246,9.859999656677246,10.100000381469727,3.0765860080718994,24243400,False
PBR,2020-12-02,9.979999542236328,10.430000305175781,9.970000267028809,10.1899995803833,3.1040003299713135,29829100,False
PBR,2020-12-03,10.399999618530273,10.779999732971191,10.369999885559082,10.550000190734863,3.2136616706848145,25754300,False
PBR,2020-12-04,10.770000457763672,11.010000228881836,10.770000457763672,10.920000076293945,3.3263680934906006,29540300,False
PBR,2020-12-07,10.960000038146973,11.020000457763672,10.65999984741211,10.770000457763672,3.2806758880615234,34896100,False
PBR,2020-12-08,10.75,10.960000038146973,10.609999656677246,10.630000114440918,3.238029718399048,18420700,False
PBR,2020-12-09,10.720000267028809,10.8100004196167,10.420000076293945,10.5600004196167,3.216707944869995,26335400,False
PBR,2020-12-10,10.779999732971191,11.390000343322754,10.6899995803833,11.260000228881836,3.429936408996582,32580100,False
PBR,2020-12-11,11.0600004196167,11.170000076293945,10.949999809265137,11.130000114440918,3.3903372287750244,23718200,False
PBR,2020-12-14,11.199999809265137,11.289999961853027,10.869999885559082,10.899999618530273,3.3202755451202393,19330200,False
PBR,2020-12-15,10.989999771118164,11.1899995803833,10.890000343322754,11.140000343322754,3.3933825492858887,16748400,False
PBR,2020-12-16,11.069999694824219,11.329999923706055,10.9399995803833,11.289999961853027,3.439075231552124,19360500,False
PBR,2020-12-17,11.40999984741211,11.529999732971191,11.3100004196167,11.369999885559082,3.4634439945220947,19572200,False
PBR,2020-12-18,11.359999656677246,11.4399995803833,11.239999771118164,11.289999961853027,3.439075231552124,14711200,False
PBR,2020-12-21,10.729999542236328,10.949999809265137,10.65999984741211,10.760000228881836,3.277630090713501,21454400,False
PBR,2020-12-22,10.850000381469727,10.899999618530273,10.720000267028809,10.829999923706055,3.29895281791687,14460900,False
PBR,2020-12-23,10.880000114440918,11.15999984741211,10.859999656677246,10.9399995803833,3.3324599266052246,12348400,False
PBR,2020-12-24,10.979999542236328,10.979999542236328,10.770000457763672,10.970000267028809,3.3415989875793457,7408900,False
PBR,2020-12-28,10.989999771118164,11.100000381469727,10.90999984741211,10.989999771118164,3.3476905822753906,13948000,False
PBR,2020-12-29,11.109999656677246,11.149999618530273,10.960000038146973,11.050000190734863,3.3659679889678955,13216100,False
PBR,2020-12-30,11.039999961853027,11.25,11.039999961853027,11.210000038146973,3.414705514907837,17277200,False
PBR,2020-12-31,11.180000305175781,11.270000457763672,11.140000343322754,11.229999542236328,3.420797348022461,11681200,False
PBR,2021-01-04,11.430000305175781,11.600000381469727,11.079999923706055,11.1899995803833,3.408613920211792,30198200,False
PBR,2021-01-05,10.920000076293945,11.640000343322754,10.90999984741211,11.520000457763672,3.509136199951172,27312900,False
PBR,2021-01-06,11.640000343322754,11.890000343322754,11.510000228881836,11.619999885559082,3.5395967960357666,26415900,False
PBR,2021-01-07,11.819999694824219,11.84000015258789,11.569999694824219,11.6899995803833,3.560919761657715,21690900,False
PBR,2021-01-08,11.859999656677246,11.880000114440918,11.520000457763672,11.6899995803833,3.560919761657715,19692000,False
PBR,2021-01-11,11.380000114440918,11.539999961853027,11.270000457763672,11.399999618530273,3.4725825786590576,15140400,False
PBR,2021-01-12,11.569999694824219,11.760000228881836,11.449999809265137,11.720000267028809,3.5700581073760986,29407700,False
PBR,2021-01-13,11.59000015258789,11.619999885559082,11.149999618530273,11.210000038146973,3.414705514907837,25981400,False
PBR,2021-01-14,11.239999771118164,11.59000015258789,11.15999984741211,11.529999732971191,3.512181520462036,27792900,False
PBR,2021-01-15,11.039999961853027,11.140000343322754,10.850000381469727,10.899999618530273,3.3202755451202393,35725700,False
PBR,2021-01-19,10.9399995803833,10.970000267028809,10.699999809265137,10.880000114440918,3.314183473587036,21975800,False
PBR,2021-01-20,11.050000190734863,11.069999694824219,10.800000190734863,10.829999923706055,3.29895281791687,17514800,False
PBR,2021-01-21,10.850000381469727,10.859999656677246,10.430000305175781,10.529999732971191,3.207568407058716,14824300,False
PBR,2021-01-22,10.149999618530273,10.329999923706055,10.039999961853027,10.1899995803833,3.1040003299713135,32292300,False
PBR,2021-01-25,10.109999656677246,10.119999885559082,9.8100004196167,10.09000015258789,3.0735397338867188,18169400,False
PBR,2021-01-26,10.399999618530273,10.569999694824219,10.289999961853027,10.350000381469727,3.1527395248413086,32797000,False
PBR,2021-01-27,10.279999732971191,10.680000305175781,10.029999732971191,10.34000015258789,3.1496927738189697,31334300,False
PBR,2021-01-28,10.630000114440918,10.729999542236328,10.399999618530273,10.550000190734863,3.2136616706848145,22840300,False
PBR,2021-01-29,10.239999771118164,10.319999694824219,10.020000457763672,10.050000190734863,3.0613558292388916,19114400,False
PBR,2021-02-01,10.180000305175781,10.420000076293945,10.050000190734863,10.279999732971191,3.131415843963623,23136200,False
PBR,2021-02-02,11.0,11.149999618530273,10.699999809265137,10.829999923706055,3.29895281791687,32416100,False
PBR,2021-02-03,10.920000076293945,11.050000190734863,10.800000190734863,10.949999809265137,3.3355069160461426,19259800,False
PBR,2021-02-04,10.789999961853027,10.899999618530273,10.630000114440918,10.859999656677246,3.308091640472412,14509100,False
PBR,2021-02-05,11.300000190734863,11.479999542236328,10.8100004196167,11.069999694824219,3.3720598220825195,32690200,False
PBR,2021-02-08,10.880000114440918,11.039999961853027,10.470000267028809,10.609999656677246,3.231938123703003,54335300,False
PBR,2021-02-09,10.399999618530273,10.449999809265137,10.15999984741211,10.279999732971191,3.131415843963623,42541500,False
PBR,2021-02-10,10.199999809265137,10.529999732971191,10.130000114440918,10.420000076293945,3.1740617752075195,22318200,False
PBR,2021-02-11,10.609999656677246,10.670000076293945,10.430000305175781,10.529999732971191,3.207568407058716,20314600,False
PBR,2021-02-12,10.369999885559082,10.640000343322754,10.359999656677246,10.550000190734863,3.2136616706848145,17809300,False
PBR,2021-02-16,10.699999809265137,10.880000114440918,10.619999885559082,10.699999809265137,3.259352922439575,19243400,False
PBR,2021-02-17,10.699999809265137,10.979999542236328,10.479999542236328,10.920000076293945,3.3263680934906006,24975500,False
PBR,2021-02-18,11.069999694824219,11.09000015258789,10.729999542236328,10.819999694824219,3.2959067821502686,28441800,False
PBR,2021-02-19,10.359999656677246,10.399999618530273,9.930000305175781,10.050000190734863,3.0613558292388916,74804600,False
PBR,2021-02-22,7.880000114440918,8.100000381469727,7.769999980926514,7.940000057220459,2.418623208999634,207564100,True
PBR,2021-02-23,8.449999809265137,8.699999809265137,8.220000267028809,8.470000267028809,2.5800676345825195,121505800,False
PBR,2021-02-24,8.640000343322754,8.84000015258789,8.5600004196167,8.720000267028809,2.6562206745147705,63580700,False
PBR,2021-02-25,8.930000305175781,9.050000190734863,8.199999809265137,8.270000457763672,2.5191454887390137,63403900,False
PBR,2021-02-26,8.319999694824219,8.319999694824219,7.849999904632568,7.929999828338623,2.4155771732330322,60631600,False
PBR,2021-03-01,7.949999809265137,8.220000267028809,7.800000190734863,7.809999942779541,2.379023551940918,60675100,False
PBR,2021-03-02,7.519999980926514,7.829999923706055,7.480000019073486,7.739999771118164,2.3577001094818115,86987600,False
PBR,2021-03-03,7.380000114440918,7.550000190734863,7.159999847412109,7.429999828338623,2.263270616531372,107820600,False
PBR,2021-03-04,7.769999980926514,7.929999828338623,7.53000020980835,7.630000114440918,2.3241934776306152,75285600,False
PBR,2021-03-05,7.949999809265137,7.949999809265137,7.619999885559082,7.760000228881836,2.363792657852173,58628900,False
PBR,2021-03-08,7.610000133514404,7.679999828338623,7.159999847412109,7.210000038146973,2.196255922317505,60985600,False
PBR,2021-03-09,7.239999771118164,7.53000020980835,7.059999942779541,7.269999980926514,2.2145321369171143,57849800,False
PBR,2021-03-10,7.610000133514404,7.860000133514404,7.489999771118164,7.840000152587891,2.3881616592407227,52459300,False
PBR,2021-03-11,8.100000381469727,8.34000015258789,7.96999979019165,8.25,2.5130527019500732,51723400,False
PBR,2021-03-12,8.170000076293945,8.199999809265137,8.029999732971191,8.119999885559082,2.4734532833099365,25990100,False
PBR,2021-03-15,8.130000114440918,8.199999809265137,8.0,8.1899995803833,2.4947752952575684,23119000,False
PBR,2021-03-16,8.270000457763672,8.279999732971191,8.069999694824219,8.109999656677246,2.470407247543335,25282600,False
PBR,2021-03-17,8.020000457763672,8.470000267028809,7.989999771118164,8.430000305175781,2.567883253097534,31789000,False
PBR,2021-03-18,8.3100004196167,8.489999771118164,8.140000343322754,8.229999542236328,2.506960391998291,35546000,False
PBR,2021-03-19,8.279999732971191,8.609999656677246,8.180000305175781,8.489999771118164,2.5861597061157227,29644800,False
PBR,2021-03-22,8.34000015258789,8.4399995803833,8.199999809265137,8.369999885559082,2.5496065616607666,23507200,False
PBR,2021-03-23,8.260000228881836,8.449999809265137,8.130000114440918,8.149999618530273,2.482591390609741,30057300,False
PBR,2021-03-24,8.210000038146973,8.390000343322754,7.980000019073486,8.010000228881836,2.439945936203003,29194400,False
PBR,2021-03-25,7.829999923706055,8.119999885559082,7.739999771118164,8.109999656677246,2.470407247543335,31080800,False
PBR,2021-03-26,8.170000076293945,8.329999923706055,7.960000038146973,8.109999656677246,2.470407247543335,31146800,False
PBR,2021-03-29,7.980000019073486,8.180000305175781,7.960000038146973,8.149999618530273,2.482591390609741,26098500,False
PBR,2021-03-30,8.149999618530273,8.25,8.100000381469727,8.149999618530273,2.482591390609741,21915600,False
PBR,2021-03-31,8.239999771118164,8.529999732971191,8.220000267028809,8.479999542236328,2.583113193511963,27791600,False
PBR,2021-04-01,8.420000076293945,8.489999771118164,8.220000267028809,8.270000457763672,2.5191454887390137,31407300,False
PBR,2021-04-05,8.399999618530273,8.430000305175781,8.270000457763672,8.380000114440918,2.552652359008789,19332600,False
PBR,2021-04-06,8.430000305175781,8.529999732971191,8.359999656677246,8.40999984741211,2.561791181564331,21520300,False
PBR,2021-04-07,8.460000038146973,8.529999732971191,8.359999656677246,8.420000076293945,2.5648372173309326,27152700,False
PBR,2021-04-08,8.40999984741211,8.449999809265137,8.25,8.369999885559082,2.5496065616607666,30380500,False
PBR,2021-04-09,8.229999542236328,8.300000190734863,8.210000038146973,8.289999961853027,2.5252373218536377,46909100,False
PBR,2021-04-12,8.449999809265137,8.5,8.229999542236328,8.270000457763672,2.5191454887390137,26566500,False
PBR,2021-04-13,8.220000267028809,8.380000114440918,8.180000305175781,8.270000457763672,2.5191454887390137,32407700,False
PBR,2021-04-14,8.239999771118164,8.569999694824219,8.229999542236328,8.489999771118164,2.5861597061157227,34627500,False
PBR,2021-04-15,8.289999961853027,8.34000015258789,8.09000015258789,8.100000381469727,2.5533761978149414,22142200,False
PBR,2021-04-16,7.980000019073486,8.15999984741211,7.909999847412109,8.119999885559082,2.559680700302124,30800200,False
PBR,2021-04-19,8.039999961853027,8.729999542236328,8.020000457763672,8.539999961853027,2.692077159881592,57340900,False
PBR,2021-04-20,8.529999732971191,8.569999694824219,8.279999732971191,8.329999923706055,2.6258792877197266,33159300,False
PBR,2021-04-21,8.220000267028809,8.359999656677246,8.1899995803833,8.329999923706055,2.6258792877197266,16128700,False
PBR,2021-04-22,8.479999542236328,8.529999732971191,8.380000114440918,8.489999771118164,2.676316261291504,31262400,False
PBR,2021-04-23,8.510000228881836,8.539999961853027,8.319999694824219,8.4399995803833,2.6605541706085205,27208600,False
PBR,2021-04-26,8.510000228881836,8.630000114440918,8.460000038146973,8.539999961853027,2.692077159881592,18826700,False
PBR,2021-04-27,8.59000015258789,8.65999984741211,8.260000228881836,8.3100004196167,2.619574785232544,25524400,False
PBR,2021-04-28,8.5,8.800000190734863,8.489999771118164,8.800000190734863,2.7740378379821777,30890200,False
PBR,2021-04-29,8.829999923706055,8.84000015258789,8.470000267028809,8.5600004196167,2.6983823776245117,30050300,False
PBR,2021-04-30,8.529999732971191,8.65999984741211,8.460000038146973,8.479999542236328,2.6731631755828857,29681500,False
PBR,2021-05-03,8.489999771118164,8.569999694824219,8.390000343322754,8.479999542236328,2.6731631755828857,37676200,False
PBR,2021-05-04,8.479999542236328,8.489999771118164,8.25,8.25,2.6006603240966797,22326900,False
PBR,2021-05-05,8.479999542236328,8.729999542236328,8.420000076293945,8.680000305175781,2.7362098693847656,28189700,False
PBR,2021-05-06,8.729999542236328,8.779999732971191,8.65999984741211,8.760000228881836,2.7614293098449707,33589800,False
PBR,2021-05-07,8.789999961853027,9.100000381469727,8.739999771118164,9.069999694824219,2.8591501712799072,31156300,False
PBR,2021-05-10,9.220000267028809,9.34000015258789,9.15999984741211,9.220000267028809,2.906435012817383,38146200,False
PBR,2021-05-11,9.079999923706055,9.399999618530273,9.029999732971191,9.350000381469727,2.9474151134490967,38058000,False
PBR,2021-05-12,9.420000076293945,9.470000267028809,9.119999885559082,9.119999885559082,2.8749115467071533,42520500,False
PBR,2021-05-13,9.170000076293945,9.25,8.949999809265137,9.220000267028809,2.906435012817383,33217000,False
PBR,2021-05-14,9.520000457763672,9.729999542236328,9.479999542236328,9.680000305175781,3.0514416694641113,39981600,False
PBR,2021-05-17,9.640000343322754,9.84000015258789,9.609999656677246,9.8100004196167,3.092421293258667,26117800,False
PBR,2021-05-18,9.8100004196167,9.859999656677246,9.630000114440918,9.720000267028809,3.064051866531372,26138300,False
PBR,2021-05-19,9.569999694824219,9.670000076293945,9.430000305175781,9.5600004196167,3.0136141777038574,27309600,False
PBR,2021-05-20,9.59000015258789,9.609999656677246,9.40999984741211,9.489999771118164,2.991547107696533,32457300,False
PBR,2021-05-21,9.520000457763672,9.619999885559082,9.40999984741211,9.420000076293945,2.9694817066192627,26837900,False
PBR,2021-05-24,9.520000457763672,9.649999618530273,9.449999809265137,9.579999923706055,3.019918441772461,20720000,False
PBR,2021-05-25,9.65999984741211,9.670000076293945,9.380000114440918,9.390000343322754,2.960024833679199,24265400,False
PBR,2021-05-26,9.380000114440918,9.5600004196167,9.34000015258789,9.550000190734863,3.0104622840881348,26154000,False
PBR,2021-05-27,9.59000015258789,9.640000343322754,9.470000267028809,9.579999923706055,3.019918441772461,22938100,False
PBR,2021-05-28,9.850000381469727,10.239999771118164,9.789999961853027,10.210000038146973,3.2185144424438477,54008400,False
PBR,2021-06-01,10.539999961853027,10.649999618530273,10.329999923706055,10.630000114440918,3.3509109020233154,62865000,False
PBR,2021-06-02,10.520000457763672,11.319999694824219,10.510000228881836,11.300000190734863,3.562117338180542,110221400,False
PBR,2021-06-03,11.199999809265137,11.359999656677246,11.079999923706055,11.279999732971191,3.555812358856201,61888700,False
PBR,2021-06-04,11.350000381469727,11.619999885559082,11.279999732971191,11.59000015258789,3.653534412384033,57259400,False
PBR,2021-06-07,11.350000381469727,11.600000381469727,11.239999771118164,11.430000305175781,3.6030967235565186,62577100,False
PBR,2021-06-08,11.319999694824219,11.760000228881836,11.220000267028809,11.75,3.703970432281494,87842300,False
PBR,2021-06-09,11.729999542236328,11.869999885559082,11.579999923706055,11.710000038146973,3.691361904144287,72794600,False
PBR,2021-06-10,11.779999732971191,11.880000114440918,11.579999923706055,11.670000076293945,3.6787526607513428,35406200,False
PBR,2021-06-11,11.65999984741211,11.680000305175781,11.369999885559082,11.460000038146973,3.612553596496582,37540100,False
PBR,2021-06-14,11.739999771118164,11.859999656677246,11.460000038146973,11.520000457763672,3.6314685344696045,27223300,False
PBR,2021-06-15,11.5600004196167,11.739999771118164,11.420000076293945,11.699999809265137,3.688209295272827,20327000,False
PBR,2021-06-16,11.75,11.84000015258789,11.479999542236328,11.800000190734863,3.7197329998016357,31998700,False
PBR,2021-06-17,11.779999732971191,11.829999923706055,11.300000190734863,11.40999984741211,3.596792459487915,35145200,False
PBR,2021-06-18,11.369999885559082,11.40999984741211,11.199999809265137,11.369999885559082,3.5841832160949707,35908000,False
PBR,2021-06-21,11.550000190734863,11.739999771118164,11.4399995803833,11.6899995803833,3.6850574016571045,23217200,False
PBR,2021-06-22,11.649999618530273,11.920000076293945,11.5,11.819999694824219,3.7260372638702393,31471500,False
PBR,2021-06-23,11.880000114440918,12.100000381469727,11.760000228881836,11.920000076293945,3.757560968399048,32095900,False
PBR,2021-06-24,11.989999771118164,12.25,11.90999984741211,12.15999984741211,3.8332161903381348,31999300,False
PBR,2021-06-25,12.149999618530273,12.25,11.850000381469727,11.949999809265137,3.767017126083374,44478800,False
PBR,2021-06-28,11.930000305175781,11.960000038146973,11.739999771118164,11.880000114440918,3.7449512481689453,28835100,False
PBR,2021-06-29,11.890000343322754,12.0600004196167,11.699999809265137,12.0600004196167,3.8016929626464844,32933900,False
PBR,2021-06-30,11.829999923706055,12.279999732971191,11.800000190734863,12.229999542236328,3.8552818298339844,47153500,False
PBR,2021-07-01,12.380000114440918,12.380000114440918,11.760000228881836,11.789999961853027,3.7165799140930176,37910700,False
PBR,2021-07-02,11.859999656677246,11.970000267028809,11.619999885559082,11.920000076293945,3.757560968399048,19329800,False
PBR,2021-07-06,11.4399995803833,11.520000457763672,11.029999732971191,11.050000190734863,3.483309030532837,37175600,False
PBR,2021-07-07,11.039999961853027,11.079999923706055,10.770000457763672,11.020000457763672,3.4738519191741943,35695900,False
PBR,2021-07-08,10.75,10.899999618530273,10.59000015258789,10.779999732971191,3.3981964588165283,25261300,False
PBR,2021-07-09,10.869999885559082,10.970000267028809,10.739999771118164,10.890000343322754,3.4328715801239014,15095000,False
PBR,2021-07-12,10.800000190734863,11.050000190734863,10.699999809265137,11.029999732971191,3.477004289627075,18279900,False
PBR,2021-07-13,10.949999809265137,11.109999656677246,10.859999656677246,11.0600004196167,3.4864614009857178,16181300,False
PBR,2021-07-14,11.3100004196167,11.390000343322754,11.109999656677246,11.170000076293945,3.521136999130249,23993300,False
PBR,2021-07-15,11.039999961853027,11.180000305175781,10.779999732971191,10.829999923706055,3.4139585494995117,22301600,False
PBR,2021-07-16,10.970000267028809,10.979999542236328,10.539999961853027,10.680000305175781,3.366672992706299,20860300,False
PBR,2021-07-19,10.359999656677246,10.430000305175781,10.100000381469727,10.1899995803833,3.212209463119507,30192900,False
PBR,2021-07-20,10.079999923706055,10.579999923706055,9.979999542236328,10.460000038146973,3.2973222732543945,25425700,False
PBR,2021-07-21,10.479999542236328,10.779999732971191,10.449999809265137,10.699999809265137,3.3729777336120605,21620500,False
PBR,2021-07-22,10.680000305175781,10.760000228881836,10.529999732971191,10.65999984741211,3.3603687286376953,15158600,False
PBR,2021-07-23,10.75,10.789999961853027,10.489999771118164,10.539999961853027,3.322540760040283,14076800,False
PBR,2021-07-26,10.550000190734863,10.869999885559082,10.550000190734863,10.859999656677246,3.423414945602417,17078600,False
PBR,2021-07-27,10.75,10.869999885559082,10.640000343322754,10.829999923706055,3.4139585494995117,17476400,False
PBR,2021-07-28,10.869999885559082,11.109999656677246,10.75,11.069999694824219,3.4896137714385986,21586200,False
PBR,2021-07-29,11.109999656677246,11.279999732971191,11.029999732971191,11.180000305175781,3.5242888927459717,16613300,False
PBR,2021-07-30,11.029999732971191,11.130000114440918,10.609999656677246,10.670000076293945,3.3635213375091553,24680200,False
PBR,2021-08-02,10.8100004196167,11.020000457763672,10.600000381469727,10.640000343322754,3.3540642261505127,21876000,False
PBR,2021-08-03,10.300000190734863,10.720000267028809,10.149999618530273,10.6899995803833,3.3698251247406006,29757200,False
PBR,2021-08-04,10.550000190734863,10.569999694824219,10.119999885559082,10.319999694824219,3.253190040588379,33094900,False
PBR,2021-08-05,11.289999961853027,11.6899995803833,11.119999885559082,11.270000457763672,3.552659511566162,76120800,False
PBR,2021-08-06,11.229999542236328,11.25,11.010000228881836,11.180000305175781,3.5242888927459717,35484500,False
PBR,2021-08-09,11.0,11.069999694824219,10.729999542236328,11.050000190734863,3.483309030532837,27139200,False
PBR,2021-08-10,11.109999656677246,11.34000015258789,11.050000190734863,11.130000114440918,3.5085275173187256,31379900,False
PBR,2021-08-11,11.050000190734863,11.350000381469727,11.0,11.279999732971191,3.555812358856201,20633400,False
PBR,2021-08-12,11.239999771118164,11.390000343322754,11.130000114440918,11.260000228881836,3.5495073795318604,22488400,False
PBR,2021-08-13,11.220000267028809,11.479999542236328,11.170000076293945,11.34000015258789,3.5747265815734863,18640500,False
PBR,2021-08-16,11.239999771118164,11.270000457763672,11.039999961853027,11.149999618530273,3.51483154296875,23517600,False
PBR,2021-08-17,10.5,10.859999656677246,10.359999656677246,10.5600004196167,3.5251808166503906,26993300,False
PBR,2021-08-18,10.479999542236328,10.5600004196167,10.239999771118164,10.239999771118164,3.41835618019104,20308600,False
PBR,2021-08-19,10.020000457763672,10.180000305175781,9.90999984741211,10.09000015258789,3.368283987045288,21073900,False
PBR,2021-08-20,9.819999694824219,10.119999885559082,9.760000228881836,10.100000381469727,3.3716211318969727,27666700,False
PBR,2021-08-23,10.239999771118164,10.460000038146973,10.210000038146973,10.420000076293945,3.478444814682007,29732100,False
PBR,2021-08-24,10.550000190734863,10.8100004196167,10.520000457763672,10.800000190734863,3.6052985191345215,14495600,False
PBR,2021-08-25,10.770000457763672,10.930000305175781,10.680000305175781,10.890000343322754,3.6353421211242676,14743200,False
PBR,2021-08-26,10.899999618530273,10.960000038146973,10.739999771118164,10.770000457763672,3.5952835083007812,18014400,False
PBR,2021-08-27,10.850000381469727,11.220000267028809,10.850000381469727,11.210000038146973,3.74216628074646,30691200,False
PBR,2021-08-30,11.1899995803833,11.260000228881836,11.0,11.029999732971191,3.6820778846740723,29425000,False
PBR,2021-08-31,11.0600004196167,11.109999656677246,10.739999771118164,10.84000015258789,3.618651866912842,30317200,False
PBR,2021-09-01,10.670000076293945,10.899999618530273,10.600000381469727,10.770000457763672,3.5952835083007812,26040200,False
PBR,2021-09-02,10.649999618530273,11.010000228881836,10.550000190734863,10.600000381469727,3.5385334491729736,27197300,False
PBR,2021-09-03,10.630000114440918,10.649999618530273,10.420000076293945,10.449999809265137,3.4884607791900635,18771900,False
PBR,2021-09-07,10.430000305175781,10.84000015258789,10.430000305175781,10.550000190734863,3.5218420028686523,20882500,False
PBR,2021-09-08,10.369999885559082,10.489999771118164,9.710000038146973,9.75,3.2547829151153564,46894600,False
PBR,2021-09-09,9.8100004196167,10.1899995803833,9.479999542236328,9.970000267028809,3.3282248973846436,63860100,False
PBR,2021-09-10,10.149999618530273,10.260000228881836,9.920000076293945,9.9399995803833,3.318209648132324,24739800,False
PBR,2021-09-13,10.15999984741211,10.399999618530273,10.079999923706055,10.3100004196167,3.441725015640259,21644000,False
PBR,2021-09-14,10.270000457763672,10.329999923706055,10.069999694824219,10.180000305175781,3.3983280658721924,19886000,False
PBR,2021-09-15,10.210000038146973,10.420000076293945,10.149999618530273,10.279999732971191,3.4317095279693604,20237400,False
PBR,2021-09-16,10.229999542236328,10.239999771118164,9.970000267028809,10.180000305175781,3.3983280658721924,19472000,False
PBR,2021-09-17,9.989999771118164,10.039999961853027,9.699999809265137,9.710000038146973,3.2414302825927734,33463800,False
PBR,2021-09-20,9.420000076293945,9.539999961853027,9.199999809265137,9.520000457763672,3.178004026412964,35366400,False
PBR,2021-09-21,9.670000076293945,9.800000190734863,9.460000038146973,9.710000038146973,3.2414302825927734,23984000,False
PBR,2021-09-22,9.9399995803833,10.180000305175781,9.90999984741211,9.979999542236328,3.3315625190734863,25128800,False
PBR,2021-09-23,10.09000015258789,10.40999984741211,10.039999961853027,10.390000343322754,3.468430519104004,20048000,False
PBR,2021-09-24,10.210000038146973,10.460000038146973,10.1899995803833,10.300000190734863,3.4383862018585205,17546800,False
PBR,2021-09-27,10.460000038146973,10.619999885559082,10.180000305175781,10.449999809265137,3.4884607791900635,39604800,False
PBR,2021-09-28,10.569999694824219,10.710000038146973,10.15999984741211,10.25,3.4216957092285156,35124800,False
PBR,2021-09-29,10.300000190734863,10.539999961853027,10.140000343322754,10.380000114440918,3.4650919437408447,22279900,False
PBR,2021-09-30,10.40999984741211,10.5,10.25,10.34000015258789,3.4517388343811035,20380100,False
PBR,2021-10-01,10.430000305175781,10.760000228881836,10.430000305175781,10.739999771118164,3.5852696895599365,22651600,False
PBR,2021-10-04,10.6899995803833,10.880000114440918,10.640000343322754,10.8100004196167,3.6086373329162598,30276200,False
PBR,2021-10-05,10.979999542236328,11.079999923706055,10.859999656677246,10.970000267028809,3.662048816680908,30582600,False
PBR,2021-10-06,10.680000305175781,10.770000457763672,10.520000457763672,10.680000305175781,3.565239429473877,22002400,False
PBR,2021-10-07,10.649999618530273,10.739999771118164,10.4399995803833,10.640000343322754,3.551886796951294,17954900,False
PBR,2021-10-08,10.819999694824219,11.0,10.720000267028809,10.819999694824219,3.6119742393493652,22101700,False
PBR,2021-10-11,11.0,11.069999694824219,10.720000267028809,10.720000267028809,3.578592538833618,26382600,False
PBR,2021-10-12,10.789999961853027,10.920000076293945,10.579999923706055,10.720000267028809,3.578592538833618,14853700,False
PBR,2021-10-13,10.760000228881836,11.069999694824219,10.720000267028809,11.050000190734863,3.6887543201446533,22862100,False
PBR,2021-10-14,11.170000076293945,11.1899995803833,10.890000343322754,10.930000305175781,3.648695468902588,24375800,False
PBR,2021-10-15,10.989999771118164,11.149999618530273,10.930000305175781,11.09000015258789,3.7021074295043945,16793900,False
PBR,2021-10-18,10.90999984741211,11.050000190734863,10.829999923706055,10.960000038146973,3.658710479736328,19382400,False
PBR,2021-10-19,10.789999961853027,10.819999694824219,10.260000228881836,10.34000015258789,3.4517388343811035,51401200,False
PBR,2021-10-20,10.40999984741211,10.779999732971191,10.350000381469727,10.680000305175781,3.565239429473877,28107600,False
PBR,2021-10-21,10.34000015258789,10.390000343322754,9.84000015258789,10.050000190734863,3.3549301624298096,42524000,False
PBR,2021-10-22,9.8100004196167,10.050000190734863,9.359999656677246,9.949999809265137,3.3215479850769043,88262200,False
PBR,2021-10-25,10.260000228881836,10.739999771118164,10.260000228881836,10.710000038146973,3.575254201889038,49922100,False
PBR,2021-10-26,10.569999694824219,10.729999542236328,10.5,10.539999961853027,3.5185039043426514,29401100,False
PBR,2021-10-27,10.600000381469727,10.65999984741211,10.4399995803833,10.489999771118164,3.5018134117126465,26063200,False
PBR,2021-10-28,10.390000343322754,10.600000381469727,10.359999656677246,10.5600004196167,3.5251808166503906,31521600,False
PBR,2021-10-29,10.329999923706055,10.430000305175781,9.760000228881836,9.819999694824219,3.2781503200531006,58632500,False
PBR,2021-11-01,9.989999771118164,10.289999961853027,9.90999984741211,10.199999809265137,3.4050040245056152,40052600,False
PBR,2021-11-02,10.109999656677246,10.149999618530273,9.9399995803833,10.069999694824219,3.3616068363189697,17395600,False
PBR,2021-11-03,9.9399995803833,10.130000114440918,9.819999694824219,9.899999618530273,3.304856300354004,35914400,False
PBR,2021-11-04,9.869999885559082,9.899999618530273,9.479999542236328,9.529999732971191,3.181342124938965,40785600,False
PBR,2021-11-05,9.75,9.869999885559082,9.600000381469727,9.720000267028809,3.2447688579559326,25260000,False
PBR,2021-11-08,9.739999771118164,9.970000267028809,9.739999771118164,9.84000015258789,3.284827470779419,25218500,False
PBR,2021-11-09,10.069999694824219,10.15999984741211,9.970000267028809,10.079999923706055,3.3649446964263916,26494600,False
PBR,2021-11-10,10.15999984741211,10.239999771118164,9.880000114440918,10.029999732971191,3.3482537269592285,26926900,False
PBR,2021-11-11,10.109999656677246,10.25,10.069999694824219,10.180000305175781,3.3983280658721924,19157700,False
PBR,2021-11-12,10.050000190734863,10.229999542236328,9.899999618530273,10.229999542236328,3.4150185585021973,20201400,False
PBR,2021-11-15,10.25,10.420000076293945,10.119999885559082,10.329999923706055,3.44840145111084,14921000,False
PBR,2021-11-16,10.229999542236328,10.350000381469727,10.069999694824219,10.289999961853027,3.4350481033325195,20904200,False
PBR,2021-11-17,10.260000228881836,10.34000015258789,9.979999542236328,10.039999961853027,3.351592779159546,19627000,False
PBR,2021-11-18,9.949999809265137,10.010000228881836,9.739999771118164,9.880000114440918,3.298180341720581,22475600,False
PBR,2021-11-19,9.84000015258789,9.880000114440918,9.670000076293945,9.739999771118164,3.2514452934265137,19360700,False
PBR,2021-11-22,9.949999809265137,10.140000343322754,9.760000228881836,9.770000457763672,3.2614598274230957,25327600,False
PBR,2021-11-23,9.949999809265137,10.350000381469727,9.90999984741211,10.289999961853027,3.4350481033325195,26624900,False
PBR,2021-11-24,10.220000267028809,10.5,10.180000305175781,10.479999542236328,3.4984748363494873,20753100,False
PBR,2021-11-26,10.600000381469727,10.600000381469727,10.25,10.470000267028809,3.495136022567749,30237100,False
PBR,2021-11-29,10.710000038146973,10.880000114440918,10.449999809265137,10.8100004196167,3.6086373329162598,31877100,False
PBR,2021-11-30,10.699999809265137,10.84000015258789,10.4399995803833,10.670000076293945,3.561901330947876,34344900,False
PBR,2021-12-01,11.0,11.140000343322754,10.630000114440918,10.640000343322754,3.551886796951294,37496000,False
PBR,2021-12-02,9.619999885559082,10.5,9.579999923706055,10.470000267028809,3.9281978607177734,53022100,False
PBR,2021-12-03,10.59000015258789,10.6899995803833,10.380000114440918,10.630000114440918,3.988227128982544,45500600,False
PBR,2021-12-06,10.670000076293945,10.829999923706055,10.569999694824219,10.75,4.033250331878662,32820600,False
PBR,2021-12-07,10.880000114440918,11.170000076293945,10.819999694824219,11.149999618530273,4.183324337005615,36297200,False
PBR,2021-12-08,11.3100004196167,11.430000305175781,11.25,11.3100004196167,4.243354320526123,35445000,False
PBR,2021-12-09,11.050000190734863,11.220000267028809,11.020000457763672,11.199999809265137,4.202084064483643,18557900,False
PBR,2021-12-10,11.229999542236328,11.3100004196167,11.149999618530273,11.270000457763672,4.228346347808838,13605100,False
PBR,2021-12-13,11.270000457763672,11.3100004196167,10.979999542236328,11.050000190734863,4.145806312561035,20998100,False
PBR,2021-12-14,11.140000343322754,11.270000457763672,10.869999885559082,10.890000343322754,4.085776329040527,21008600,False
PBR,2021-12-15,10.8100004196167,10.90999984741211,10.65999984741211,10.869999885559082,4.078272819519043,21843400,False
PBR,2021-12-16,11.09000015258789,11.270000457763672,11.029999732971191,11.109999656677246,4.168316841125488,27798100,False
PBR,2021-12-17,10.920000076293945,10.979999542236328,10.760000228881836,10.789999961853027,4.048257827758789,20468400,False
PBR,2021-12-20,10.420000076293945,10.640000343322754,10.390000343322754,10.579999923706055,3.969468355178833,29264700,False
PBR,2021-12-21,10.720000267028809,10.770000457763672,10.550000190734863,10.569999694824219,3.9657161235809326,23557300,False
PBR,2021-12-22,10.539999961853027,10.75,10.5,10.699999809265137,4.014490604400635,18132300,False
PBR,2021-12-23,10.720000267028809,10.850000381469727,10.600000381469727,10.789999961853027,4.048257827758789,20405100,False
PBR,2021-12-27,10.800000190734863,11.109999656677246,10.699999809265137,11.079999923706055,4.157061576843262,21628900,False
PBR,2021-12-28,11.0600004196167,11.15999984741211,11.020000457763672,11.100000381469727,4.164565563201904,15797700,False
PBR,2021-12-29,10.979999542236328,11.09000015258789,10.829999923706055,10.899999618530273,4.089527606964111,20433000,False
PBR,2021-12-30,11.029999732971191,11.180000305175781,10.989999771118164,10.989999771118164,4.123293876647949,19316200,False
PBR,2021-12-31,11.0600004196167,11.079999923706055,10.960000038146973,10.979999542236328,4.119542598724365,10765100,False
PBR,2022-01-03,11.020000457763672,11.220000267028809,10.970000267028809,11.149999618530273,4.183324337005615,20664900,False
PBR,2022-01-04,11.069999694824219,11.390000343322754,11.0600004196167,11.279999732971191,4.232098579406738,24812500,False
PBR,2022-01-05,11.220000267028809,11.289999961853027,10.720000267028809,10.729999542236328,4.0257463455200195,34076900,False
PBR,2022-01-06,10.979999542236328,11.079999923706055,10.770000457763672,10.829999923706055,4.063265323638916,25474500,False
PBR,2022-01-07,10.84000015258789,11.050000190734863,10.819999694824219,11.010000228881836,4.130799293518066,22490800,False
PBR,2022-01-10,10.930000305175781,10.979999542236328,10.720000267028809,10.829999923706055,4.063265323638916,30335200,False
PBR,2022-01-11,10.920000076293945,11.59000015258789,10.890000343322754,11.579999923706055,4.344654560089111,42595400,False
PBR,2022-01-12,11.720000267028809,12.069999694824219,11.699999809265137,12.020000457763672,4.509736061096191,49174800,False
PBR,2022-01-13,12.149999618530273,12.539999961853027,12.140000343322754,12.300000190734863,4.614789009094238,53631500,False
PBR,2022-01-14,12.279999732971191,12.619999885559082,12.199999809265137,12.609999656677246,4.731095790863037,39166400,False
PBR,2022-01-18,12.569999694824219,12.649999618530273,12.140000343322754,12.460000038146973,4.674818992614746,41079300,False
PBR,2022-01-19,12.65999984741211,12.880000114440918,12.569999694824219,12.609999656677246,4.731095790863037,33856700,False
PBR,2022-01-20,12.779999732971191,12.930000305175781,12.619999885559082,12.649999618530273,4.746103763580322,37785700,False
PBR,2022-01-21,12.680000305175781,12.890000343322754,12.630000114440918,12.670000076293945,4.753607273101807,30354200,False
PBR,2022-01-24,12.520000457763672,12.649999618530273,12.100000381469727,12.640000343322754,4.74235200881958,45880700,False
PBR,2022-01-25,12.569999694824219,13.270000457763672,12.449999809265137,13.15999984741211,4.937448978424072,49105600,False
PBR,2022-01-26,13.430000305175781,13.850000381469727,13.380000114440918,13.609999656677246,5.106281757354736,62929300,False
PBR,2022-01-27,13.949999809265137,13.989999771118164,13.5,13.779999732971191,5.170063018798828,46722900,False
PBR,2022-01-28,13.779999732971191,14.0600004196167,13.180000305175781,13.380000114440918,5.019989013671875,52073800,False
PBR,2022-01-31,13.279999732971191,13.460000038146973,13.09000015258789,13.350000381469727,5.008734226226807,34129500,False
PBR,2022-02-01,13.239999771118164,13.880000114440918,13.239999771118164,13.850000381469727,5.196327209472656,31445300,False
PBR,2022-02-02,13.680000305175781,13.680000305175781,13.34000015258789,13.529999732971191,5.076267242431641,24897600,False
PBR,2022-02-03,13.25,13.420000076293945,13.109999656677246,13.34000015258789,5.0049824714660645,33698400,False
PBR,2022-02-04,13.520000457763672,13.760000228881836,13.380000114440918,13.5600004196167,5.087522029876709,32862600,False
PBR,2022-02-07,13.470000267028809,13.649999618530273,13.34000015258789,13.5600004196167,5.087522029876709,24239600,False
PBR,2022-02-08,13.289999961853027,13.329999923706055,13.079999923706055,13.300000190734863,4.989974498748779,45302000,False
PBR,2022-02-09,13.430000305175781,13.670000076293945,13.329999923706055,13.420000076293945,5.034996032714844,27741800,False
PBR,2022-02-10,13.489999771118164,13.920000076293945,13.489999771118164,13.59000015258789,5.098779201507568,30712200,False
PBR,2022-02-11,13.75,14.3100004196167,13.670000076293945,14.1899995803833,5.323889255523682,44724900,False
PBR,2022-02-14,14.180000305175781,14.210000038146973,13.789999961853027,13.979999542236328,5.245102405548096,35718100,False
PBR,2022-02-15,13.720000267028809,13.779999732971191,13.470000267028809,13.770000457763672,5.166312217712402,27568600,False
PBR,2022-02-16,14.039999961853027,14.4399995803833,14.029999732971191,14.210000038146973,5.331394195556641,30170000,False
PBR,2022-02-17,14.069999694824219,14.140000343322754,13.869999885559082,13.970000267028809,5.241349220275879,21535700,False
PBR,2022-02-18,13.960000038146973,14.050000190734863,13.800000190734863,14.010000228881836,5.256356239318848,24577200,False
PBR,2022-02-22,14.710000038146973,14.720000267028809,14.140000343322754,14.319999694824219,5.372663974761963,39064300,False
PBR,2022-02-23,14.619999885559082,14.6899995803833,14.40999984741211,14.5600004196167,5.462709426879883,40071500,False
PBR,2022-02-24,14.630000114440918,14.670000076293945,13.569999694824219,13.949999809265137,5.2338457107543945,54054500,False
PBR,2022-02-25,13.859999656677246,14.199999809265137,13.720000267028809,14.1899995803833,5.323889255523682,37419400,False
PBR,2022-02-28,14.140000343322754,14.34000015258789,13.9399995803833,14.289999961853027,5.361408233642578,31919700,False
PBR,2022-03-01,14.270000457763672,15.100000381469727,14.260000228881836,14.680000305175781,5.507730960845947,51834900,False
PBR,2022-03-02,14.949999809265137,15.119999885559082,14.460000038146973,14.680000305175781,5.507730960845947,42679500,False
PBR,2022-03-03,14.649999618530273,15.079999923706055,14.619999885559082,14.800000190734863,5.5527544021606445,28176700,False
PBR,2022-03-04,14.6899995803833,14.6899995803833,14.270000457763672,14.510000228881836,5.4439496994018555,35690900,False
PBR,2022-03-07,14.5,14.520000457763672,13.260000228881836,13.359999656677246,5.012486934661865,67666100,False
PBR,2022-03-08,13.8100004196167,13.850000381469727,13.25,13.710000038146973,5.143800735473633,48377100,False
PBR,2022-03-09,13.800000190734863,13.979999542236328,13.609999656677246,13.859999656677246,5.20007848739624,28818300,False
PBR,2022-03-10,13.819999694824219,14.25,13.739999771118164,14.170000076293945,5.316386699676514,35434300,False
PBR,2022-03-11,14.1899995803833,14.239999771118164,13.670000076293945,13.760000228881836,5.162559986114502,42727400,False
PBR,2022-03-14,13.720000267028809,13.829999923706055,13.289999961853027,13.479999542236328,5.057507514953613,25360300,False
PBR,2022-03-15,13.09000015258789,13.239999771118164,12.75,13.069999694824219,4.903681755065918,27489000,False
PBR,2022-03-16,13.1899995803833,13.270000457763672,12.9399995803833,13.260000228881836,4.974967002868652,26765600,False
PBR,2022-03-17,13.149999618530273,13.300000190734863,12.65999984741211,13.020000457763672,4.884923458099365,44397100,False
PBR,2022-03-18,13.0600004196167,13.350000381469727,12.930000305175781,13.260000228881836,4.974967002868652,31191100,False
PBR,2022-03-21,13.5600004196167,13.960000038146973,13.520000457763672,13.800000190734863,5.177567481994629,28004800,False
PBR,2022-03-22,14.010000228881836,14.010000228881836,13.579999923706055,13.75,5.158807754516602,22982300,False
PBR,2022-03-23,13.979999542236328,14.449999809265137,13.9399995803833,14.1899995803833,5.323889255523682,29392800,False
PBR,2022-03-24,14.170000076293945,14.5600004196167,14.050000190734863,14.460000038146973,5.425189971923828,22399200,False
PBR,2022-03-25,14.479999542236328,14.84000015258789,14.430000305175781,14.6899995803833,5.511483192443848,20020200,False
PBR,2022-03-28,14.239999771118164,14.34000015258789,14.039999961853027,14.180000305175781,5.320138931274414,35117600,False
PBR,2022-03-29,14.520000457763672,14.649999618530273,14.180000305175781,14.489999771118164,5.436446189880371,40652100,False
PBR,2022-03-30,14.600000381469727,14.75,14.5,14.670000076293945,5.503979682922363,29211400,False
PBR,2022-03-31,14.510000228881836,14.989999771118164,14.510000228881836,14.800000190734863,5.5527544021606445,30413700,False
PBR,2022-04-01,14.989999771118164,15.220000267028809,14.890000343322754,15.100000381469727,5.665308952331543,27697100,False
PBR,2022-04-04,15.100000381469727,15.1899995803833,14.869999885559082,15.149999618530273,5.684069633483887,26067000,False
PBR,2022-04-05,15.079999923706055,15.329999923706055,14.880000114440918,14.90999984741211,5.594024181365967,28140800,False
PBR,2022-04-06,14.960000038146973,15.069999694824219,14.630000114440918,14.779999732971191,5.545248508453369,26711400,False
PBR,2022-04-07,14.920000076293945,15.5,14.920000076293945,15.430000305175781,5.789120674133301,29397000,False
PBR,2022-04-08,15.390000343322754,15.739999771118164,15.279999732971191,15.6899995803833,5.886669635772705,26444300,False
PBR,2022-04-11,15.6899995803833,15.6899995803833,15.420000076293945,15.550000190734863,5.834142684936523,20950800,False
PBR,2022-04-12,15.949999809265137,15.989999771118164,15.630000114440918,15.65999984741211,5.87541389465332,29529600,False
PBR,2022-04-13,15.84000015258789,16.09000015258789,15.710000038146973,15.960000038146973,5.987969398498535,32413000,False
PBR,2022-04-14,14.680000305175781,14.930000305175781,14.529999732971191,14.710000038146973,5.975376605987549,42065300,False
PBR,2022-04-18,14.710000038146973,14.8100004196167,14.5600004196167,14.65999984741211,5.955065727233887,27350000,False
PBR,2022-04-19,14.739999771118164,15.0600004196167,14.59000015258789,14.899999618530273,6.052557468414307,19633500,False
PBR,2022-04-20,14.949999809265137,15.199999809265137,14.779999732971191,15.15999984741211,6.158171653747559,18373900,False
PBR,2022-04-21,15.199999809265137,15.239999771118164,14.420000076293945,14.579999923706055,5.92257022857666,25522000,False
PBR,2022-04-22,14.539999961853027,14.5600004196167,13.84000015258789,13.880000114440918,5.638220310211182,28323800,False
PBR,2022-04-25,13.430000305175781,13.75,13.149999618530273,13.630000114440918,5.53666877746582,29705500,False
PBR,2022-04-26,13.470000267028809,13.619999885559082,13.1899995803833,13.260000228881836,5.386369705200195,30238800,False
PBR,2022-04-27,13.300000190734863,13.470000267028809,13.149999618530273,13.3100004196167,5.406681537628174,23975800,False
PBR,2022-04-28,13.420000076293945,13.59000015258789,13.220000267028809,13.510000228881836,5.487922668457031,16601900,False
PBR,2022-04-29,13.960000038146973,14.300000190734863,13.5600004196167,13.569999694824219,5.512294769287109,33158100,False
PBR,2022-05-02,13.199999809265137,13.260000228881836,12.729999542236328,13.010000228881836,5.284816741943359,41391500,False
PBR,2022-05-03,13.09000015258789,13.390000343322754,13.039999961853027,13.3100004196167,5.406681537628174,37905200,False
PBR,2022-05-04,13.380000114440918,14.09000015258789,13.15999984741211,14.010000228881836,5.691028594970703,34501700,False
PBR,2022-05-05,14.0,14.020000457763672,13.25,13.649999618530273,5.544792175292969,41869500,False
PBR,2022-05-06,13.800000190734863,14.220000267028809,13.40999984741211,14.079999923706055,5.719464302062988,37991300,False
PBR,2022-05-09,13.760000228881836,13.770000457763672,13.199999809265137,13.239999771118164,5.378244876861572,42898700,False
PBR,2022-05-10,13.470000267028809,13.619999885559082,13.239999771118164,13.460000038146973,5.467612266540527,37395600,False
PBR,2022-05-11,13.789999961853027,14.4399995803833,13.779999732971191,14.079999923706055,5.719464302062988,39065400,False
PBR,2022-05-12,14.069999694824219,14.350000381469727,13.850000381469727,14.119999885559082,5.735711574554443,35733000,False
PBR,2022-05-13,14.239999771118164,14.630000114440918,14.229999542236328,14.510000228881836,5.894134521484375,38489000,False
PBR,2022-05-16,14.5600004196167,14.979999542236328,14.550000190734863,14.850000381469727,6.0322465896606445,29493000,False
PBR,2022-05-17,15.109999656677246,15.220000267028809,14.9399995803833,15.15999984741211,6.158171653747559,22947000,False
PBR,2022-05-18,15.0600004196167,15.140000343322754,14.609999656677246,14.75,5.991625785827637,22708200,False
PBR,2022-05-19,14.869999885559082,15.199999809265137,14.779999732971191,15.069999694824219,6.121613502502441,23754500,False
PBR,2022-05-20,15.210000038146973,15.489999771118164,15.079999923706055,15.420000076293945,6.263786315917969,25960200,False
PBR,2022-05-23,15.789999961853027,16.299999237060547,15.6899995803833,16.260000228881836,6.605005741119385,37523000,False
PBR,2022-05-24,14.390000343322754,14.470000267028809,13.949999809265137,14.229999542236328,6.354057312011719,47042600,True
PBR,2022-05-25,14.25,14.630000114440918,14.25,14.550000190734863,6.496945858001709,35194200,False
PBR,2022-05-26,14.550000190734863,14.880000114440918,14.550000190734863,14.800000190734863,6.608577728271484,23802000,False
PBR,2022-05-27,14.510000228881836,14.5600004196167,14.210000038146973,14.260000228881836,6.367453098297119,34337200,False
PBR,2022-05-31,14.170000076293945,14.34000015258789,13.84000015258789,13.880000114440918,6.197773456573486,34374000,False
PBR,2022-06-01,14.0,14.109999656677246,13.699999809265137,13.829999923706055,6.175447463989258,16872500,False
PBR,2022-06-02,13.800000190734863,13.890000343322754,13.65999984741211,13.75,6.139726161956787,16046100,False
PBR,2022-06-03,13.649999618530273,14.1899995803833,13.649999618530273,14.180000305175781,6.331732749938965,28694700,False
PBR,2022-06-06,14.25,14.260000228881836,13.90999984741211,14.020000457763672,6.260288238525391,18413700,False
PBR,2022-06-07,13.949999809265137,14.100000381469727,13.859999656677246,13.899999618530273,6.206704616546631,26784100,False
PBR,2022-06-08,13.920000076293945,14.050000190734863,13.75,13.789999961853027,6.15758752822876,20700000,False
PBR,2022-06-09,13.680000305175781,13.819999694824219,13.5,13.510000228881836,6.032559871673584,24629300,False
PBR,2022-06-10,13.0600004196167,13.289999961853027,12.90999984741211,13.210000038146973,5.898603439331055,34411300,False
PBR,2022-06-13,12.760000228881836,12.880000114440918,12.369999885559082,12.59000015258789,5.621755599975586,50334000,False
PBR,2022-06-14,12.920000076293945,12.979999542236328,12.569999694824219,12.710000038146973,5.675339698791504,31282300,False
PBR,2022-06-15,12.859999656677246,12.9399995803833,12.449999809265137,12.760000228881836,5.697665214538574,36820000,False
PBR,2022-06-16,12.40999984741211,12.449999809265137,11.850000381469727,12.079999923706055,5.394029140472412,44575900,False
PBR,2022-06-17,12.09000015258789,12.130000114440918,11.229999542236328,11.609999656677246,5.184161186218262,72525700,False
PBR,2022-06-21,11.729999542236328,11.859999656677246,11.5,11.550000190734863,5.157370090484619,37478000,False
PBR,2022-06-22,11.279999732971191,11.760000228881836,11.180000305175781,11.449999809265137,5.112717151641846,32909100,False
PBR,2022-06-23,11.600000381469727,11.649999618530273,10.989999771118164,11.100000381469727,4.956432819366455,31107300,False
PBR,2022-06-24,11.260000228881836,11.34000015258789,10.920000076293945,10.949999809265137,4.889454364776611,28032500,False
PBR,2022-06-27,11.210000038146973,11.859999656677246,11.15999984741211,11.779999732971191,5.260069847106934,41058600,False
PBR,2022-06-28,12.140000343322754,12.210000038146973,11.770000457763672,11.890000343322754,5.309187412261963,27676300,False
PBR,2022-06-29,12.079999923706055,12.1899995803833,11.779999732971191,11.829999923706055,5.2823967933654785,26189100,False
PBR,2022-06-30,11.59000015258789,11.800000190734863,11.449999809265137,11.680000305175781,5.215418338775635,29035700,False
PBR,2022-07-01,11.529999732971191,11.789999961853027,11.220000267028809,11.760000228881836,5.251140594482422,35391700,False
PBR,2022-07-05,11.449999809265137,11.489999771118164,11.0,11.34000015258789,5.063600540161133,33996100,False
PBR,2022-07-06,11.180000305175781,11.239999771118164,10.75,11.100000381469727,4.956432819366455,24208300,False
PBR,2022-07-07,11.460000038146973,11.65999984741211,11.460000038146973,11.5600004196167,5.161835193634033,20206800,False
PBR,2022-07-08,11.800000190734863,11.869999885559082,11.579999923706055,11.789999961853027,5.264535903930664,16868800,False
PBR,2022-07-11,11.579999923706055,11.6899995803833,11.470000267028809,11.550000190734863,5.157370090484619,30857100,False
PBR,2022-07-12,11.25,11.380000114440918,11.170000076293945,11.229999542236328,5.014481067657471,18786100,False
PBR,2022-07-13,11.170000076293945,11.5,11.140000343322754,11.34000015258789,5.063600540161133,22946600,False
PBR,2022-07-14,10.930000305175781,11.029999732971191,10.75,10.899999618530273,4.867128372192383,26475800,False
PBR,2022-07-15,10.979999542236328,11.239999771118164,10.920000076293945,11.229999542236328,5.014481067657471,17739200,False
PBR,2022-07-18,11.4399995803833,11.670000076293945,11.430000305175781,11.470000267028809,5.121648788452148,19365800,False
PBR,2022-07-19,11.550000190734863,11.800000190734863,11.550000190734863,11.65999984741211,5.20648717880249,16166200,False
PBR,2022-07-20,11.649999618530273,11.770000457763672,11.520000457763672,11.630000114440918,5.193091869354248,20702400,False
PBR,2022-07-21,11.34000015258789,11.489999771118164,11.119999885559082,11.470000267028809,5.121648788452148,21380300,False
PBR,2022-07-22,11.5600004196167,11.720000267028809,11.510000228881836,11.640000343322754,5.19755744934082,21128700,False
PBR,2022-07-25,11.949999809265137,12.390000343322754,11.869999885559082,12.390000343322754,5.53245210647583,26161600,False
PBR,2022-07-26,12.670000076293945,12.789999961853027,12.40999984741211,12.609999656677246,5.6306867599487305,21026800,False
PBR,2022-07-27,12.729999542236328,12.960000038146973,12.460000038146973,12.949999809265137,5.782505989074707,30888400,False
PBR,2022-07-28,13.270000457763672,13.479999542236328,12.930000305175781,13.390000343322754,5.978976249694824,36476600,False
PBR,2022-07-29,13.90999984741211,14.4399995803833,13.90999984741211,14.279999732971191,6.376385688781738,45111800,False
PBR,2022-08-01,14.079999923706055,14.34000015258789,13.890000343322754,14.100000381469727,6.2960100173950195,32740800,False
PBR,2022-08-02,14.039999961853027,14.199999809265137,13.8100004196167,13.84000015258789,6.179913520812988,25736900,False
PBR,2022-08-03,13.90999984741211,13.979999542236328,13.699999809265137,13.760000228881836,6.144190788269043,22954700,False
PBR,2022-08-04,13.850000381469727,14.199999809265137,13.619999885559082,14.149999618530273,6.31833553314209,29549500,False
PBR,2022-08-05,14.0,14.550000190734863,13.979999542236328,14.449999809265137,6.452293872833252,26415700,False
PBR,2022-08-08,14.869999885559082,15.369999885559082,14.800000190734863,15.34000015258789,6.849702835083008,41374800,False
PBR,2022-08-09,15.5600004196167,15.65999984741211,15.329999923706055,15.4399995803833,6.89435338973999,33934300,False
PBR,2022-08-10,15.649999618530273,15.729999542236328,15.449999809265137,15.539999961853027,6.93900728225708,52324500,False
PBR,2022-08-11,15.770000457763672,15.829999923706055,15.010000228881836,15.09000015258789,6.7380690574646,54602100,False
PBR,2022-08-12,12.640000343322754,13.720000267028809,12.609999656677246,13.619999885559082,7.341800212860107,63305100,False
PBR,2022-08-15,13.119999885559082,13.859999656677246,13.0600004196167,13.680000305175781,7.374144554138184,43816500,False
PBR,2022-08-16,13.609999656677246,13.760000228881836,13.529999732971191,13.729999542236328,7.401095867156982,21414800,False
PBR,2022-08-17,13.529999732971191,14.100000381469727,13.510000228881836,14.050000190734863,7.573591232299805,30050100,False
PBR,2022-08-18,14.260000228881836,14.40999984741211,14.0600004196167,14.210000038146973,7.65983772277832,22801400,False
PBR,2022-08-19,14.020000457763672,14.0600004196167,13.579999923706055,13.65999984741211,7.363363742828369,32685500,False
PBR,2022-08-22,13.449999809265137,14.010000228881836,13.279999732971191,13.930000305175781,7.508906364440918,30116200,False
PBR,2022-08-23,14.220000267028809,14.65999984741211,14.220000267028809,14.619999885559082,7.880846977233887,35544300,False
PBR,2022-08-24,14.470000267028809,14.890000343322754,14.390000343322754,14.6899995803833,7.9185791015625,28212900,False
PBR,2022-08-25,14.819999694824219,14.829999923706055,14.25,14.579999923706055,7.8592848777771,43531500,False
PBR,2022-08-26,14.430000305175781,14.760000228881836,14.319999694824219,14.739999771118164,7.945531845092773,23499700,False
PBR,2022-08-29,14.899999618530273,15.449999809265137,14.800000190734863,15.130000114440918,8.155759811401367,29301000,False
PBR,2022-08-30,14.779999732971191,14.84000015258789,14.09000015258789,14.229999542236328,7.670617580413818,39055900,False
PBR,2022-08-31,13.800000190734863,14.449999809265137,13.729999542236328,14.289999961853027,7.702960968017578,44892600,False
PBR,2022-09-01,14.390000343322754,14.5,14.0600004196167,14.4399995803833,7.783818244934082,27636600,False
PBR,2022-09-02,14.760000228881836,14.880000114440918,14.359999656677246,14.4399995803833,7.783818244934082,26358700,False
PBR,2022-09-06,13.899999618530273,13.930000305175781,13.550000190734863,13.739999771118164,7.406485557556152,30301500,False
PBR,2022-09-07,13.510000228881836,13.90999984741211,13.430000305175781,13.770000457763672,7.422657012939453,22355600,False
PBR,2022-09-08,13.779999732971191,14.0600004196167,13.479999542236328,13.630000114440918,7.34719181060791,26359700,False
PBR,2022-09-09,13.960000038146973,13.960000038146973,13.779999732971191,13.800000190734863,7.438828945159912,21181900,False
PBR,2022-09-12,14.09000015258789,14.15999984741211,13.869999885559082,13.899999618530273,7.492733478546143,23498500,False
PBR,2022-09-13,13.479999542236328,13.649999618530273,13.210000038146973,13.239999771118164,7.136963367462158,31133600,False
PBR,2022-09-14,13.399999618530273,13.600000381469727,13.359999656677246,13.420000076293945,7.233992099761963,20202600,False
PBR,2022-09-15,13.270000457763672,13.40999984741211,13.140000343322754,13.239999771118164,7.136963367462158,20872300,False
PBR,2022-09-16,13.020000457763672,13.140000343322754,12.850000381469727,13.100000381469727,7.061498165130615,27541600,False
PBR,2022-09-19,12.880000114440918,13.619999885559082,12.84000015258789,13.520000457763672,7.287897109985352,26546500,False
PBR,2022-09-20,13.420000076293945,13.6899995803833,13.390000343322754,13.539999961853027,7.29867696762085,23318200,False
PBR,2022-09-21,13.670000076293945,13.729999542236328,13.34000015258789,13.430000305175781,7.239381790161133,25307100,False
PBR,2022-09-22,13.579999923706055,13.920000076293945,13.420000076293945,13.819999694824219,7.449609756469727,25083700,False
PBR,2022-09-23,13.25,13.279999732971191,12.470000267028809,12.550000190734863,6.765022277832031,43210900,False
PBR,2022-09-26,12.329999923706055,12.479999542236328,12.010000228881836,12.15999984741211,6.554795265197754,39167600,False
PBR,2022-09-27,12.359999656677246,12.510000228881836,12.1899995803833,12.25,6.603309154510498,28769700,False
PBR,2022-09-28,12.34000015258789,12.350000381469727,11.949999809265137,12.260000228881836,6.608698844909668,37504900,False
PBR,2022-09-29,11.979999542236328,12.229999542236328,11.850000381469727,12.140000343322754,6.544013023376465,33330700,False
PBR,2022-09-30,12.039999961853027,12.600000381469727,12.0,12.34000015258789,6.651823043823242,36385800,False
PBR,2022-10-03,13.729999542236328,13.949999809265137,13.529999732971191,13.899999618530273,7.492733478546143,63172900,False
PBR,2022-10-04,14.220000267028809,14.25,13.600000381469727,13.670000076293945,7.368752956390381,34259900,False
PBR,2022-10-05,13.670000076293945,14.229999542236328,13.65999984741211,14.109999656677246,7.605935096740723,29996000,False
PBR,2022-10-06,14.149999618530273,14.510000228881836,14.100000381469727,14.510000228881836,7.821552276611328,30531500,False
PBR,2022-10-07,14.5,14.75,14.25,14.350000381469727,7.735304355621338,30981800,False
PBR,2022-10-10,14.460000038146973,14.630000114440918,14.210000038146973,14.239999771118164,7.676009654998779,24259600,False
PBR,2022-10-11,14.010000228881836,14.34000015258789,13.949999809265137,14.0,7.546637058258057,27825800,False
PBR,2022-10-12,13.920000076293945,14.010000228881836,13.680000305175781,13.890000343322754,7.487344741821289,21681000,False
PBR,2022-10-13,13.75,14.75,13.670000076293945,14.430000305175781,7.7784271240234375,41672800,False
PBR,2022-10-14,14.319999694824219,14.359999656677246,13.9399995803833,13.949999809265137,7.519686698913574,28354700,False
PBR,2022-10-17,14.020000457763672,14.300000190734863,13.8100004196167,13.979999542236328,7.5358567237854,33764800,False
PBR,2022-10-18,14.09000015258789,14.390000343322754,13.869999885559082,14.350000381469727,7.735304355621338,29747100,False
PBR,2022-10-19,14.350000381469727,14.890000343322754,14.329999923706055,14.869999885559082,8.015607833862305,34953100,False
PBR,2022-10-20,15.180000305175781,15.4399995803833,15.09000015258789,15.4399995803833,8.322863578796387,35179500,False
PBR,2022-10-21,15.390000343322754,16.31999969482422,15.329999923706055,16.049999237060547,8.651681900024414,57591800,False
PBR,2022-10-24,15.369999885559082,15.430000305175781,14.119999885559082,14.1899995803833,7.649057865142822,60590800,False
PBR,2022-10-25,13.970000267028809,14.229999542236328,13.8100004196167,13.920000076293945,7.503515720367432,33885800,False
PBR,2022-10-26,13.319999694824219,13.90999984741211,13.270000457763672,13.529999732971191,7.293286323547363,45635700,False
PBR,2022-10-27,13.680000305175781,13.989999771118164,13.59000015258789,13.6899995803833,7.3795342445373535,37745700,False
PBR,2022-10-28,13.489999771118164,13.59000015258789,13.270000457763672,13.449999809265137,7.250164031982422,49455500,False
PBR,2022-10-31,12.5,13.289999961853027,12.489999771118164,12.819999694824219,6.91056489944458,98105300,False
PBR,2022-11-01,12.960000038146973,13.279999732971191,12.789999961853027,13.029999732971191,7.023764133453369,60920100,False
PBR,2022-11-02,13.020000457763672,13.149999618530273,12.739999771118164,12.75,6.872831344604492,27093000,False
PBR,2022-11-03,12.729999542236328,13.289999961853027,12.720000267028809,13.050000190734863,7.034543991088867,50444200,False
PBR,2022-11-04,13.510000228881836,13.5600004196167,12.479999542236328,12.649999618530273,6.81892728805542,84382800,False
PBR,2022-11-07,12.449999809265137,12.619999885559082,11.800000190734863,11.859999656677246,6.393081188201904,60305600,False
PBR,2022-11-08,11.90999984741211,11.970000267028809,11.619999885559082,11.90999984741211,6.4200334548950195,37010100,False
PBR,2022-11-09,11.880000114440918,11.979999542236328,11.5600004196167,11.600000381469727,6.2529296875,26882400,False
PBR,2022-11-10,11.109999656677246,11.3100004196167,10.819999694824219,11.010000228881836,5.934892654418945,55673800,False
PBR,2022-11-11,11.119999885559082,11.699999809265137,11.079999923706055,11.5600004196167,6.231368541717529,49238000,False
PBR,2022-11-14,11.699999809265137,12.069999694824219,11.65999984741211,11.899999618530273,6.414642810821533,33344400,False
PBR,2022-11-15,12.1899995803833,12.229999542236328,11.819999694824219,11.970000267028809,6.452375411987305,24813100,False
PBR,2022-11-16,11.829999923706055,11.9399995803833,11.479999542236328,11.579999923706055,6.242147922515869,35343800,False
PBR,2022-11-17,11.279999732971191,11.510000228881836,11.180000305175781,11.460000038146973,6.177462577819824,33379600,False
PBR,2022-11-18,11.300000190734863,11.479999542236328,11.180000305175781,11.350000381469727,6.118167877197266,50744100,False
PBR,2022-11-21,11.449999809265137,11.510000228881836,11.010000228881836,11.399999618530273,6.145120620727539,42926600,False
PBR,2022-11-22,9.779999732971191,10.15999984741211,9.5600004196167,10.15999984741211,6.179177761077881,83824800,False
PBR,2022-11-23,10.020000457763672,10.220000267028809,9.970000267028809,10.140000343322754,6.167015552520752,34874100,False
PBR,2022-11-25,10.380000114440918,10.449999809265137,10.1899995803833,10.300000190734863,6.264325141906738,16085600,False
PBR,2022-11-28,10.210000038146973,10.600000381469727,10.1899995803833,10.539999961853027,6.4102888107299805,29069400,False
PBR,2022-11-29,10.9399995803833,11.359999656677246,10.90999984741211,11.140000343322754,6.77520227432251,43221700,False
PBR,2022-11-30,11.489999771118164,11.720000267028809,11.289999961853027,11.6899995803833,7.10970401763916,35182600,False
PBR,2022-12-01,11.569999694824219,11.6899995803833,11.270000457763672,11.279999732971191,6.860346794128418,21058600,False
PBR,2022-12-02,11.5600004196167,11.789999961853027,11.350000381469727,11.399999618530273,6.93333101272583,26652000,False
PBR,2022-12-05,11.430000305175781,11.479999542236328,11.050000190734863,11.079999923706055,6.738709926605225,25600000,False
PBR,2022-12-06,11.229999542236328,11.479999542236328,11.020000457763672,11.09000015258789,6.744791507720947,20444800,False
PBR,2022-12-07,11.199999809265137,11.350000381469727,10.979999542236328,11.079999923706055,6.738709926605225,22293100,False
PBR,2022-12-08,11.100000381469727,11.180000305175781,10.720000267028809,10.779999732971191,6.556255340576172,27308200,False
PBR,2022-12-09,10.680000305175781,10.84000015258789,10.609999656677246,10.710000038146973,6.513681411743164,16446300,False
PBR,2022-12-12,10.279999732971191,10.380000114440918,9.989999771118164,10.329999923706055,6.2825703620910645,34565700,False
PBR,2022-12-13,10.34000015258789,10.510000228881836,10.140000343322754,10.140000343322754,6.167015552520752,41830800,False
PBR,2022-12-14,9.729999542236328,9.770000457763672,8.880000114440918,9.140000343322754,5.558828353881836,122767300,False
PBR,2022-12-15,9.350000381469727,9.579999923706055,9.149999618530273,9.390000343322754,5.710875034332275,43705300,False
PBR,2022-12-16,9.279999732971191,9.449999809265137,9.1899995803833,9.369999885559082,5.6987104415893555,25793600,False
PBR,2022-12-19,9.380000114440918,9.670000076293945,9.329999923706055,9.65999984741211,5.87508487701416,28210100,False
PBR,2022-12-20,9.739999771118164,10.15999984741211,9.710000038146973,9.989999771118164,6.075786113739014,30559300,False
PBR,2022-12-21,10.130000114440918,10.300000190734863,9.930000305175781,10.300000190734863,6.264325141906738,22213900,False
PBR,2022-12-22,10.5,10.680000305175781,10.279999732971191,10.5,6.385961055755615,26423000,False
PBR,2022-12-23,10.680000305175781,11.09000015258789,10.649999618530273,11.09000015258789,6.744791507720947,26880100,False
PBR,2022-12-27,10.649999618530273,10.869999885559082,10.619999885559082,10.850000381469727,6.598827838897705,22063900,False
PBR,2022-12-28,10.949999809265137,11.0600004196167,10.760000228881836,10.850000381469727,6.598827838897705,20329000,False
PBR,2022-12-29,10.989999771118164,11.029999732971191,10.579999923706055,10.680000305175781,6.495434284210205,23822000,False
PBR,2022-12-30,10.680000305175781,10.9399995803833,10.579999923706055,10.649999618530273,6.4771904945373535,16007200,False
PBR,2023-01-03,9.770000457763672,9.920000076293945,9.399999618530273,9.5,5.777774810791016,46412200,False
PBR,2023-01-04,9.460000038146973,9.890000343322754,9.270000457763672,9.710000038146973,5.905494213104248,32807900,False
PBR,2023-01-05,9.850000381469727,10.210000038146973,9.789999961853027,10.130000114440918,6.160933017730713,27395900,False
PBR,2023-01-06,10.34000015258789,10.380000114440918,10.15999984741211,10.279999732971191,6.252161026000977,17669800,False
PBR,2023-01-09,10.220000267028809,10.34000015258789,10.130000114440918,10.239999771118164,6.227832794189453,19106100,False
PBR,2023-01-10,10.300000190734863,10.479999542236328,10.100000381469727,10.449999809265137,6.355553150177002,14703900,False
PBR,2023-01-11,10.649999618530273,10.65999984741211,10.460000038146973,10.609999656677246,6.4528632164001465,21875500,False
PBR,2023-01-12,10.59000015258789,10.9399995803833,10.5600004196167,10.899999618530273,6.629236221313477,21875200,False
PBR,2023-01-13,10.779999732971191,10.920000076293945,10.760000228881836,10.84000015258789,6.592746257781982,13486800,False
PBR,2023-01-17,10.739999771118164,11.329999923706055,10.739999771118164,11.3100004196167,6.878593921661377,27792900,False
PBR,2023-01-18,11.460000038146973,11.529999732971191,10.979999542236328,10.979999542236328,6.677891731262207,33252200,False
PBR,2023-01-19,11.010000228881836,11.390000343322754,10.979999542236328,11.350000381469727,6.902921199798584,24176600,False
PBR,2023-01-20,11.15999984741211,11.489999771118164,11.100000381469727,11.460000038146973,6.969821453094482,17955700,False
PBR,2023-01-23,11.569999694824219,12.069999694824219,11.550000190734863,11.729999542236328,7.134032249450684,29135600,False
PBR,2023-01-24,12.350000381469727,12.350000381469727,11.65999984741211,11.779999732971191,7.164440631866455,16408700,False
PBR,2023-01-25,11.680000305175781,11.960000038146973,11.470000267028809,11.930000305175781,7.255669116973877,19518000,False
PBR,2023-01-26,11.930000305175781,11.970000267028809,11.350000381469727,11.65999984741211,7.091459274291992,26390400,False
PBR,2023-01-27,11.479999542236328,11.550000190734863,11.210000038146973,11.289999961853027,6.866429805755615,23555800,False
PBR,2023-01-30,11.489999771118164,11.489999771118164,11.229999542236328,11.279999732971191,6.860346794128418,21754100,False
PBR,2023-01-31,11.3100004196167,11.619999885559082,11.260000228881836,11.600000381469727,7.05496883392334,21190900,False
PBR,2023-02-01,11.59000015258789,11.770000457763672,11.15999984741211,11.420000076293945,6.945493221282959,26299500,False
PBR,2023-02-02,11.489999771118164,11.529999732971191,10.819999694824219,10.920000076293945,6.6414008140563965,34490400,False
PBR,2023-02-03,10.90999984741211,11.119999885559082,10.729999542236328,10.84000015258789,6.592746257781982,22173200,False
PBR,2023-02-06,10.84000015258789,11.220000267028809,10.710000038146973,11.1899995803833,6.805610656738281,27402100,False
PBR,2023-02-07,11.199999809265137,11.289999961853027,10.899999618530273,11.050000190734863,6.720465660095215,20381700,False
PBR,2023-02-08,11.100000381469727,11.289999961853027,10.970000267028809,11.199999809265137,6.811692237854004,21963700,False
PBR,2023-02-09,11.170000076293945,11.260000228881836,11.029999732971191,11.050000190734863,6.720465660095215,33568600,False
PBR,2023-02-10,11.300000190734863,11.569999694824219,11.25,11.529999732971191,7.012394905090332,33941300,False
PBR,2023-02-13,11.489999771118164,11.720000267028809,11.430000305175781,11.699999809265137,7.115787029266357,19174700,False
PBR,2023-02-14,11.649999618530273,11.800000190734863,11.520000457763672,11.630000114440918,7.073212623596191,17979700,False
PBR,2023-02-15,11.520000457763672,11.649999618530273,11.40999984741211,11.619999885559082,7.0671305656433105,17252900,False
PBR,2023-02-16,11.479999542236328,11.680000305175781,11.479999542236328,11.640000343322754,7.0792951583862305,12330000,False
PBR,2023-02-17,11.5,11.630000114440918,11.390000343322754,11.550000190734863,7.024558067321777,17387900,False
PBR,2023-02-21,11.5,11.649999618530273,11.220000267028809,11.270000457763672,6.854266166687012,10352700,False
PBR,2023-02-22,11.239999771118164,11.359999656677246,11.1899995803833,11.270000457763672,6.854266166687012,15409000,False
PBR,2023-02-23,11.539999961853027,11.84000015258789,11.5,11.6899995803833,7.10970401763916,20401800,False
PBR,2023-02-24,11.449999809265137,11.619999885559082,11.329999923706055,11.380000114440918,6.921166896820068,19002400,False
PBR,2023-02-27,11.420000076293945,11.739999771118164,11.319999694824219,11.5,6.9941487312316895,25699900,False
PBR,2023-02-28,11.710000038146973,11.710000038146973,11.020000457763672,11.09000015258789,6.744791507720947,49057700,False
PBR,2023-03-01,10.880000114440918,11.100000381469727,10.460000038146973,11.09000015258789,6.744791507720947,51054600,False
PBR,2023-03-02,10.789999961853027,11.149999618530273,10.630000114440918,10.760000228881836,6.544090270996094,34028600,False
PBR,2023-03-03,10.729999542236328,11.15999984741211,10.630000114440918,11.15999984741211,6.787365436553955,22583700,False
PBR,2023-03-06,11.100000381469727,11.430000305175781,11.039999961853027,11.430000305175781,6.951577186584473,21378800,False
PBR,2023-03-07,11.229999542236328,11.270000457763672,10.859999656677246,10.979999542236328,6.677891731262207,24411000,False
PBR,2023-03-08,11.199999809265137,11.5,11.170000076293945,11.279999732971191,6.860346794128418,20411800,False
PBR,2023-03-09,11.460000038146973,11.609999656677246,11.0,11.039999961853027,6.714384078979492,30532500,False
PBR,2023-03-10,10.949999809265137,11.1899995803833,10.850000381469727,10.880000114440918,6.6170735359191895,16375000,False
PBR,2023-03-13,10.539999961853027,10.770000457763672,10.380000114440918,10.430000305175781,6.34338903427124,22280300,False
PBR,2023-03-14,10.550000190734863,10.729999542236328,10.210000038146973,10.25,6.233915328979492,18429400,False
PBR,2023-03-15,10.020000457763672,10.100000381469727,9.640000343322754,9.979999542236328,6.069704055786133,40117600,False
PBR,2023-03-16,9.920000076293945,10.050000190734863,9.789999961853027,10.020000457763672,6.0940327644348145,21424000,False
PBR,2023-03-17,9.930000305175781,10.029999732971191,9.720000267028809,9.989999771118164,6.075786113739014,23413400,False
PBR,2023-03-20,9.949999809265137,10.010000228881836,9.760000228881836,9.770000457763672,5.941985607147217,28083500,False
PBR,2023-03-21,9.90999984741211,10.100000381469727,9.899999618530273,10.0,6.081869602203369,18549000,False
PBR,2023-03-22,9.960000038146973,10.140000343322754,9.819999694824219,9.90999984741211,6.027131080627441,14526400,False
PBR,2023-03-23,10.069999694824219,10.109999656677246,9.600000381469727,9.630000114440918,5.856838703155518,25095300,False
PBR,2023-03-24,9.579999923706055,9.859999656677246,9.5600004196167,9.699999809265137,5.899412631988525,19828700,False
PBR,2023-03-27,9.880000114440918,10.010000228881836,9.75,9.979999542236328,6.069704055786133,21918500,False
PBR,2023-03-28,10.039999961853027,10.25,10.0,10.210000038146973,6.209587574005127,12357800,False
PBR,2023-03-29,10.25,10.4399995803833,10.180000305175781,10.399999618530273,6.3251423835754395,13150800,False
PBR,2023-03-30,10.5600004196167,10.609999656677246,10.319999694824219,10.529999732971191,6.404207229614258,14119700,False
PBR,2023-03-31,10.670000076293945,10.699999809265137,10.34000015258789,10.430000305175781,6.34338903427124,21188700,False
PBR,2023-04-03,10.619999885559082,10.930000305175781,10.609999656677246,10.920000076293945,6.6414008140563965,20931000,False
PBR,2023-04-04,10.960000038146973,10.989999771118164,10.65999984741211,10.760000228881836,6.544090270996094,12803500,False
PBR,2023-04-05,10.760000228881836,10.899999618530273,10.489999771118164,10.869999885559082,6.610992431640625,19135200,False
PBR,2023-04-06,10.800000190734863,10.819999694824219,10.649999618530273,10.6899995803833,6.5015177726745605,12795400,False
PBR,2023-04-10,10.779999732971191,10.960000038146973,10.760000228881836,10.899999618530273,6.629236221313477,14805700,False
PBR,2023-04-11,11.199999809265137,11.609999656677246,11.149999618530273,11.569999694824219,7.036722183227539,23356200,False
PBR,2023-04-12,11.6899995803833,11.90999984741211,11.579999923706055,11.75,7.146194934844971,18964700,False
PBR,2023-04-13,11.869999885559082,11.979999542236328,11.8100004196167,11.890000343322754,7.2313408851623535,13568700,False
PBR,2023-04-14,11.859999656677246,12.100000381469727,11.850000381469727,12.0600004196167,7.334732532501221,16852800,False
PBR,2023-04-17,12.109999656677246,12.140000343322754,12.0,12.109999656677246,7.365143299102783,16075800,False
PBR,2023-04-18,12.010000228881836,12.40999984741211,11.949999809265137,12.289999961853027,7.4746174812316895,27060100,False
PBR,2023-04-19,12.039999961853027,12.0600004196167,11.640000343322754,11.65999984741211,7.091459274291992,27611000,False
PBR,2023-04-20,11.649999618530273,11.920000076293945,11.600000381469727,11.760000228881836,7.152276992797852,16229600,False
PBR,2023-04-21,11.739999771118164,11.800000190734863,11.539999961853027,11.600000381469727,7.05496883392334,12849900,False
PBR,2023-04-24,11.760000228881836,11.970000267028809,11.640000343322754,11.949999809265137,7.267833232879639,19775900,False
PBR,2023-04-25,11.979999542236328,12.050000190734863,11.670000076293945,11.819999694824219,7.188769340515137,22653200,False
PBR,2023-04-26,11.819999694824219,11.880000114440918,11.6899995803833,11.739999771118164,7.140113353729248,23313900,False
PBR,2023-04-27,11.930000305175781,11.9399995803833,11.420000076293945,11.5,6.9941487312316895,35693000,False
PBR,2023-04-28,10.539999961853027,10.819999694824219,10.3100004196167,10.619999885559082,7.181462287902832,37538600,False
PBR,2023-05-01,10.5600004196167,10.8100004196167,10.479999542236328,10.510000228881836,7.107079029083252,14166400,False
PBR,2023-05-02,10.5,10.520000457763672,10.010000228881836,10.119999885559082,6.843350887298584,25490300,False
PBR,2023-05-03,10.109999656677246,10.300000190734863,10.010000228881836,10.130000114440918,6.850114345550537,24811100,False
PBR,2023-05-04,10.350000381469727,10.430000305175781,10.039999961853027,10.270000457763672,6.944784164428711,17398600,False
PBR,2023-05-05,10.479999542236328,10.859999656677246,10.399999618530273,10.819999694824219,7.316705226898193,21446300,False
PBR,2023-05-08,10.970000267028809,11.079999923706055,10.8100004196167,10.859999656677246,7.34375524520874,15334300,False
PBR,2023-05-09,10.739999771118164,11.0600004196167,10.729999542236328,11.010000228881836,7.445188522338867,14440400,False
PBR,2023-05-10,11.0600004196167,11.1899995803833,10.90999984741211,11.109999656677246,7.512810230255127,21228900,False
PBR,2023-05-11,10.880000114440918,11.510000228881836,10.770000457763672,11.3100004196167,7.648054599761963,39401800,False
PBR,2023-05-12,11.539999961853027,12.079999923706055,10.640000343322754,11.859999656677246,8.019976615905762,33419000,False
PBR,2023-05-15,11.670000076293945,11.770000457763672,11.489999771118164,11.6899995803833,7.9050188064575195,24686900,False
PBR,2023-05-16,11.850000381469727,12.210000038146973,11.770000457763672,11.779999732971191,7.965877532958984,32015800,False
PBR,2023-05-17,11.859999656677246,11.869999885559082,11.649999618530273,11.75,7.945591449737549,22621500,False
PBR,2023-05-18,11.630000114440918,11.739999771118164,11.510000228881836,11.710000038146973,7.91854190826416,18480900,False
PBR,2023-05-19,11.729999542236328,11.819999694824219,11.670000076293945,11.710000038146973,7.91854190826416,15294800,False
PBR,2023-05-22,11.800000190734863,11.800000190734863,11.529999732971191,11.550000190734863,7.810347080230713,13505800,False
PBR,2023-05-23,11.720000267028809,11.970000267028809,11.619999885559082,11.789999961853027,7.972639560699463,13511000,False
PBR,2023-05-24,11.949999809265137,12.050000190734863,11.770000457763672,11.970000267028809,8.0943603515625,15163700,False
PBR,2023-05-25,11.84000015258789,11.90999984741211,11.680000305175781,11.75,7.945591449737549,17164400,False
PBR,2023-05-26,11.890000343322754,12.039999961853027,11.789999961853027,11.970000267028809,8.0943603515625,13145100,False
PBR,2023-05-30,11.800000190734863,11.84000015258789,11.579999923706055,11.729999542236328,7.932067394256592,17059300,False
PBR,2023-05-31,11.520000457763672,11.59000015258789,11.470000267028809,11.539999961853027,7.803584575653076,15827300,False
PBR,2023-06-01,11.609999656677246,12.0,11.579999923706055,11.979999542236328,8.101120948791504,18589800,False
PBR,2023-06-02,12.289999961853027,12.369999885559082,12.170000076293945,12.239999771118164,8.27694034576416,19589000,False
PBR,2023-06-05,12.470000267028809,12.510000228881836,12.279999732971191,12.350000381469727,8.351323127746582,15118200,False
PBR,2023-06-06,12.229999542236328,12.729999542236328,12.199999809265137,12.649999618530273,8.554190635681152,20975700,False
PBR,2023-06-07,13.0,13.09000015258789,12.880000114440918,13.010000228881836,8.797628402709961,27943500,False
PBR,2023-06-08,13.0600004196167,13.180000305175781,12.920000076293945,13.149999618530273,8.89229965209961,18612900,False
PBR,2023-06-09,13.149999618530273,13.8100004196167,13.130000114440918,13.760000228881836,9.304793357849121,31179400,False
PBR,2023-06-12,13.789999961853027,14.050000190734863,13.670000076293945,13.979999542236328,9.453563690185547,29494900,False
PBR,2023-06-13,13.279999732971191,13.4399995803833,13.15999984741211,13.270000457763672,9.491469383239746,32261300,False
PBR,2023-06-14,13.359999656677246,13.930000305175781,13.329999923706055,13.890000343322754,9.934931755065918,34606500,False
PBR,2023-06-15,14.210000038146973,14.260000228881836,13.75,13.789999961853027,9.863404273986816,30404200,False
PBR,2023-06-16,13.6899995803833,13.949999809265137,13.649999618530273,13.899999618530273,9.942083358764648,15220800,False
PBR,2023-06-20,14.220000267028809,14.3100004196167,13.930000305175781,14.229999542236328,10.178117752075195,26362900,False
PBR,2023-06-21,14.510000228881836,15.0,14.510000228881836,14.9399995803833,10.685951232910156,36407900,False
PBR,2023-06-22,14.710000038146973,14.779999732971191,14.510000228881836,14.680000305175781,10.499984741210938,26233300,False
PBR,2023-06-23,14.4399995803833,14.5,14.069999694824219,14.09000015258789,10.077982902526855,23307500,False
PBR,2023-06-26,14.329999923706055,14.539999961853027,14.279999732971191,14.420000076293945,10.314017295837402,17584100,False
PBR,2023-06-27,14.529999732971191,14.539999961853027,14.100000381469727,14.239999771118164,10.185271263122559,18343200,False
PBR,2023-06-28,14.170000076293945,14.359999656677246,14.109999656677246,14.180000305175781,10.142355918884277,18639400,False
PBR,2023-06-29,14.25,14.350000381469727,14.149999618530273,14.329999923706055,10.24964427947998,16081300,False
PBR,2023-06-30,14.229999542236328,14.350000381469727,13.760000228881836,13.829999923706055,9.892014503479004,31850700,False
PBR,2023-07-03,14.020000457763672,14.15999984741211,13.920000076293945,13.970000267028809,9.992151260375977,9452600,False
PBR,2023-07-05,13.9399995803833,14.020000457763672,13.680000305175781,13.90999984741211,9.949236869812012,22911900,False
PBR,2023-07-06,13.699999809265137,13.8100004196167,13.350000381469727,13.510000228881836,9.66313362121582,22770400,False
PBR,2023-07-07,13.770000457763672,13.829999923706055,13.569999694824219,13.609999656677246,9.734660148620605,17071600,False
PBR,2023-07-10,13.569999694824219,13.710000038146973,13.529999732971191,13.600000381469727,9.727505683898926,15597800,False
PBR,2023-07-11,13.420000076293945,13.569999694824219,13.3100004196167,13.5600004196167,9.698895454406738,14981700,False
PBR,2023-07-12,13.720000267028809,13.949999809265137,13.579999923706055,13.609999656677246,9.734660148620605,13704000,False
PBR,2023-07-13,13.729999542236328,13.869999885559082,13.6899995803833,13.819999694824219,9.884862899780273,11689400,False
PBR,2023-07-14,13.760000228881836,13.800000190734863,13.5,13.529999732971191,9.677438735961914,15566300,False
PBR,2023-07-17,13.029999732971191,13.579999923706055,13.020000457763672,13.5,9.655981063842773,20918100,False
PBR,2023-07-18,13.449999809265137,13.5600004196167,13.319999694824219,13.390000343322754,9.577302932739258,23187300,False
PBR,2023-07-19,13.399999618530273,13.600000381469727,13.3100004196167,13.529999732971191,9.677438735961914,23866900,False
PBR,2023-07-20,13.550000190734863,13.670000076293945,13.449999809265137,13.600000381469727,9.727505683898926,17448500,False
PBR,2023-07-21,13.779999732971191,14.039999961853027,13.720000267028809,13.930000305175781,9.963541030883789,16233500,False
PBR,2023-07-24,14.069999694824219,14.390000343322754,14.039999961853027,14.319999694824219,10.24249267578125,23304200,False
PBR,2023-07-25,14.300000190734863,14.579999923706055,14.220000267028809,14.5600004196167,10.414155006408691,16448200,False
PBR,2023-07-26,14.550000190734863,14.649999618530273,14.329999923706055,14.539999961853027,10.399847984313965,15736800,False
PBR,2023-07-27,14.289999961853027,14.319999694824219,13.649999618530273,13.6899995803833,9.791879653930664,25733300,False
PBR,2023-07-28,13.869999885559082,14.029999732971191,13.819999694824219,13.930000305175781,9.963541030883789,10642500,False
PBR,2023-07-31,14.279999732971191,14.710000038146973,14.220000267028809,14.680000305175781,10.499984741210938,33928800,False
PBR,2023-08-01,14.470000267028809,14.529999732971191,13.920000076293945,14.1899995803833,10.149508476257324,24219000,False
PBR,2023-08-02,14.039999961853027,14.140000343322754,13.800000190734863,14.050000190734863,10.049373626708984,22685700,False
PBR,2023-08-03,14.050000190734863,14.130000114440918,13.90999984741211,14.029999732971191,10.035067558288574,16908400,False
PBR,2023-08-04,13.90999984741211,13.9399995803833,13.220000267028809,13.520000457763672,9.670286178588867,37894500,False
PBR,2023-08-07,13.479999542236328,13.5600004196167,13.34000015258789,13.470000267028809,9.634523391723633,19412100,False
PBR,2023-08-08,13.25,13.609999656677246,13.180000305175781,13.489999771118164,9.648828506469727,14557400,False
PBR,2023-08-09,13.479999542236328,13.710000038146973,13.460000038146973,13.600000381469727,9.727505683898926,15841900,False
PBR,2023-08-10,13.579999923706055,13.84000015258789,13.520000457763672,13.680000305175781,9.784727096557617,14819500,False
PBR,2023-08-11,13.779999732971191,13.90999984741211,13.470000267028809,13.630000114440918,9.7489652633667,18340600,False
PBR,2023-08-14,13.5600004196167,13.609999656677246,13.390000343322754,13.5,9.655981063842773,14103300,False
PBR,2023-08-15,14.069999694824219,14.069999694824219,13.40999984741211,13.430000305175781,9.605913162231445,37294400,False
PBR,2023-08-16,13.680000305175781,14.0600004196167,13.670000076293945,13.84000015258789,9.899168968200684,31503100,False
PBR,2023-08-17,14.039999961853027,14.140000343322754,13.729999542236328,13.739999771118164,9.827643394470215,16431700,False
PBR,2023-08-18,13.609999656677246,13.90999984741211,13.600000381469727,13.890000343322754,9.934931755065918,14686400,False
PBR,2023-08-21,13.949999809265137,13.989999771118164,13.550000190734863,13.680000305175781,9.784727096557617,17267500,False
PBR,2023-08-22,13.460000038146973,13.5600004196167,13.359999656677246,13.520000457763672,10.015106201171875,11548500,False
PBR,2023-08-23,13.960000038146973,14.550000190734863,13.960000038146973,14.539999961853027,10.770682334899902,43122300,False
PBR,2023-08-24,14.579999923706055,14.670000076293945,14.34000015258789,14.489999771118164,10.733643531799316,15296100,False
PBR,2023-08-25,14.5,14.5,14.199999809265137,14.3100004196167,10.600306510925293,21185700,False
PBR,2023-08-28,14.279999732971191,14.529999732971191,14.220000267028809,14.5,10.741050720214844,18657700,False
PBR,2023-08-29,14.4399995803833,14.630000114440918,14.350000381469727,14.579999923706055,10.800312995910645,16231400,False
PBR,2023-08-30,14.579999923706055,14.65999984741211,14.539999961853027,14.539999961853027,10.770682334899902,11264100,False
PBR,2023-08-31,14.380000114440918,14.390000343322754,13.970000267028809,14.050000190734863,10.407708168029785,26393300,False
PBR,2023-09-01,14.260000228881836,14.5,14.09000015258789,14.489999771118164,10.733643531799316,25533700,False
PBR,2023-09-05,14.229999542236328,14.899999618530273,14.199999809265137,14.800000190734863,10.96328067779541,35648000,False
PBR,2023-09-06,14.800000190734863,15.119999885559082,14.789999961853027,14.930000305175781,11.059579849243164,28217400,False
PBR,2023-09-07,14.84000015258789,14.920000076293945,14.510000228881836,14.5600004196167,10.785497665405273,13367900,False
PBR,2023-09-08,14.8100004196167,14.920000076293945,14.680000305175781,14.680000305175781,10.8743896484375,21015700,False
PBR,2023-09-11,14.949999809265137,14.989999771118164,14.710000038146973,14.739999771118164,10.91883373260498,21737000,False
PBR,2023-09-12,14.779999732971191,14.989999771118164,14.770000457763672,14.819999694824219,10.978095054626465,10487900,False
PBR,2023-09-13,14.890000343322754,15.020000457763672,14.8100004196167,14.8100004196167,10.970687866210938,13699700,False
PBR,2023-09-14,15.020000457763672,15.390000343322754,15.0,15.369999885559082,11.385514259338379,25285200,False
PBR,2023-09-15,15.34000015258789,15.40999984741211,15.180000305175781,15.199999809265137,11.2595853805542,15994400,False
PBR,2023-09-18,15.510000228881836,15.710000038146973,15.319999694824219,15.390000343322754,11.400327682495117,14585300,False
PBR,2023-09-19,15.579999923706055,15.59000015258789,15.270000457763672,15.279999732971191,11.318845748901367,28990300,False
PBR,2023-09-20,15.300000190734863,15.550000190734863,15.279999732971191,15.329999923706055,11.355883598327637,16380100,False
PBR,2023-09-21,15.069999694824219,15.239999771118164,14.9399995803833,14.979999542236328,11.096616744995117,18099600,False
PBR,2023-09-22,15.09000015258789,15.270000457763672,15.010000228881836,15.079999923706055,11.170694351196289,8987600,False
PBR,2023-09-25,15.0,15.140000343322754,14.949999809265137,15.039999961853027,11.14106273651123,9710100,False
PBR,2023-09-26,14.899999618530273,14.949999809265137,14.619999885559082,14.65999984741211,10.859573364257812,16180400,False
PBR,2023-09-27,14.75,14.949999809265137,14.680000305175781,14.9399995803833,11.066986083984375,21724100,False
PBR,2023-09-28,14.819999694824219,14.970000267028809,14.770000457763672,14.84000015258789,10.992910385131836,16015100,False
PBR,2023-09-29,14.979999542236328,15.140000343322754,14.949999809265137,14.989999771118164,11.104024887084961,16904000,False
PBR,2023-10-02,15.029999732971191,15.050000190734863,14.579999923706055,14.680000305175781,10.8743896484375,17701500,False
PBR,2023-10-03,14.5600004196167,14.680000305175781,14.210000038146973,14.300000190734863,10.59289836883545,20817700,False
PBR,2023-10-04,14.109999656677246,14.149999618530273,13.720000267028809,13.859999656677246,10.266963005065918,21140400,False
PBR,2023-10-05,13.819999694824219,13.869999885559082,13.640000343322754,13.779999732971191,10.207700729370117,13356900,False
PBR,2023-10-06,13.670000076293945,14.239999771118164,13.569999694824219,14.09000015258789,10.437338829040527,27402300,False
PBR,2023-10-09,14.460000038146973,14.829999923706055,14.4399995803833,14.710000038146973,10.896612167358398,17638900,False
PBR,2023-10-10,14.859999656677246,15.119999885559082,14.789999961853027,15.079999923706055,11.170694351196289,18924800,False
PBR,2023-10-11,15.0600004196167,15.140000343322754,14.789999961853027,15.069999694824219,11.163285255432129,14184200,False
PBR,2023-10-12,15.15999984741211,15.300000190734863,14.920000076293945,15.020000457763672,11.12624740600586,19855700,False
PBR,2023-10-13,15.420000076293945,15.579999923706055,15.369999885559082,15.4399995803833,11.43736743927002,25399400,False
PBR,2023-10-16,15.470000267028809,15.84000015258789,15.329999923706055,15.789999961853027,11.696635246276855,22530500,False
PBR,2023-10-17,15.770000457763672,16.219999313354492,15.760000228881836,16.15999984741211,11.97071647644043,22529100,False
PBR,2023-10-18,16.299999237060547,16.549999237060547,16.260000228881836,16.520000457763672,12.237390518188477,29855100,False
PBR,2023-10-19,16.270000457763672,16.459999084472656,16.18000030517578,16.360000610351562,12.118868827819824,20131300,False
PBR,2023-10-20,16.270000457763672,16.399999618530273,16.0,16.209999084472656,12.007753372192383,18686000,False
PBR,2023-10-23,15.729999542236328,15.829999923706055,15.25,15.350000381469727,11.370697975158691,36776700,False
PBR,2023-10-24,15.430000305175781,15.670000076293945,15.3100004196167,15.550000190734863,11.518850326538086,20066800,False
PBR,2023-10-25,15.630000114440918,15.720000267028809,15.449999809265137,15.600000381469727,11.555890083312988,12797300,False
PBR,2023-10-26,15.350000381469727,15.520000457763672,15.210000038146973,15.460000038146973,11.45218276977539,14446700,False
PBR,2023-10-27,15.970000267028809,16.06999969482422,15.260000228881836,15.329999923706055,11.355883598327637,17764600,False
PBR,2023-10-30,15.470000267028809,15.579999923706055,15.0,15.109999656677246,11.192915916442871,20249200,False
PBR,2023-10-31,14.989999771118164,15.140000343322754,14.800000190734863,15.0,11.111432075500488,17683100,False
PBR,2023-11-01,15.149999618530273,15.470000267028809,15.09000015258789,15.329999923706055,11.355883598327637,16234500,False
PBR,2023-11-02,15.449999809265137,15.75,15.289999961853027,15.680000305175781,11.615150451660156,12139100,False
PBR,2023-11-03,15.6899995803833,15.869999885559082,15.539999961853027,15.680000305175781,11.615150451660156,13855700,False
PBR,2023-11-06,15.90999984741211,15.989999771118164,15.699999809265137,15.710000038146973,11.637374877929688,13426300,False
PBR,2023-11-07,15.65999984741211,15.65999984741211,15.319999694824219,15.430000305175781,11.429959297180176,19535200,False
PBR,2023-11-08,15.25,15.350000381469727,14.850000381469727,14.960000038146973,11.081802368164062,19372100,False
PBR,2023-11-09,15.210000038146973,15.449999809265137,15.069999694824219,15.199999809265137,11.2595853805542,20897200,False
PBR,2023-11-10,15.3100004196167,15.359999656677246,15.140000343322754,15.229999542236328,11.281805992126465,13551600,False
PBR,2023-11-13,15.270000457763672,15.600000381469727,15.210000038146973,15.520000457763672,11.49662971496582,11697400,False
PBR,2023-11-14,15.800000190734863,15.920000076293945,15.680000305175781,15.829999923706055,11.726265907287598,15488600,False
PBR,2023-11-15,15.90999984741211,15.9399995803833,15.680000305175781,15.779999732971191,11.689226150512695,9840100,False
PBR,2023-11-16,15.880000114440918,15.970000267028809,15.449999809265137,15.550000190734863,11.518850326538086,21360700,False
PBR,2023-11-17,15.699999809265137,16.270000457763672,15.6899995803833,16.040000915527344,11.881826400756836,20559000,False
PBR,2023-11-20,16.200000762939453,16.3799991607666,15.890000343322754,16.100000381469727,11.926270484924316,29329300,False
PBR,2023-11-21,15.949999809265137,16.020000457763672,15.710000038146973,15.850000381469727,11.741079330444336,19819100,False
PBR,2023-11-22,15.170000076293945,15.319999694824219,14.970000267028809,15.300000190734863,11.739545822143555,22134400,False
PBR,2023-11-24,15.359999656677246,15.739999771118164,15.289999961853027,15.329999923706055,11.762563705444336,15477300,False
PBR,2023-11-27,15.399999618530273,15.4399995803833,15.100000381469727,15.239999771118164,11.69350814819336,13847000,False
PBR,2023-11-28,15.380000114440918,15.609999656677246,15.380000114440918,15.489999771118164,11.885332107543945,17698200,False
PBR,2023-11-29,15.4399995803833,15.470000267028809,15.15999984741211,15.220000267028809,11.678162574768066,13779600,False
PBR,2023-11-30,15.390000343322754,15.449999809265137,15.039999961853027,15.270000457763672,11.716526985168457,22230200,False
PBR,2023-12-01,15.220000267028809,15.4399995803833,15.119999885559082,15.210000038146973,11.670490264892578,9950500,False
PBR,2023-12-04,15.039999961853027,15.119999885559082,14.680000305175781,14.760000228881836,11.325209617614746,18747000,False
PBR,2023-12-05,14.75,14.779999732971191,14.539999961853027,14.649999618530273,11.240806579589844,18861500,False
PBR,2023-12-06,14.670000076293945,14.729999542236328,14.380000114440918,14.420000076293945,11.064330101013184,19244200,False
PBR,2023-12-07,14.5,14.710000038146973,14.300000190734863,14.399999618530273,11.048983573913574,19915700,False
PBR,2023-12-08,14.449999809265137,14.920000076293945,14.430000305175781,14.880000114440918,11.41728401184082,19778400,False
PBR,2023-12-11,14.800000190734863,14.869999885559082,14.720000267028809,14.75,11.317536354064941,8709300,False
PBR,2023-12-12,14.649999618530273,14.65999984741211,14.359999656677246,14.5,11.125714302062988,9741500,False
PBR,2023-12-13,14.630000114440918,14.760000228881836,14.430000305175781,14.75,11.317536354064941,19312300,False
PBR,2023-12-14,15.0,15.270000457763672,14.930000305175781,15.180000305175781,11.64747142791748,23450000,False
PBR,2023-12-15,15.329999923706055,15.34000015258789,14.899999618530273,14.949999809265137,11.470993995666504,13816800,False
PBR,2023-12-18,15.289999961853027,15.489999771118164,15.270000457763672,15.350000381469727,11.777910232543945,18857300,False
PBR,2023-12-19,15.550000190734863,15.630000114440918,15.380000114440918,15.630000114440918,11.992751121520996,14042600,False
PBR,2023-12-20,15.630000114440918,15.770000457763672,15.479999542236328,15.479999542236328,11.877657890319824,17544600,False
PBR,2023-12-21,15.59000015258789,15.75,15.460000038146973,15.5600004196167,11.939041137695312,12495200,False
PBR,2023-12-22,15.729999542236328,15.899999618530273,15.6899995803833,15.779999732971191,12.107845306396484,10378000,False
PBR,2023-12-26,16.06999969482422,16.260000228881836,16.0,16.190000534057617,12.422435760498047,10112200,False
PBR,2023-12-27,16.209999084472656,16.25,16.110000610351562,16.18000030517578,12.414763450622559,7815400,False
PBR,2023-12-28,16.030000686645508,16.149999618530273,16.020000457763672,16.030000686645508,12.299668312072754,10931900,False
PBR,2023-12-29,16.059999465942383,16.100000381469727,15.90999984741211,15.970000267028809,12.253629684448242,4984900,False
PBR,2024-01-02,16.09000015258789,16.219999313354492,15.920000076293945,16.0,12.276649475097656,10100000,False
PBR,2024-01-03,16.040000915527344,16.639999389648438,16.0,16.579999923706055,12.721678733825684,18366800,False
PBR,2024-01-04,16.540000915527344,16.790000915527344,16.350000381469727,16.350000381469727,12.54520034790039,13954700,False
PBR,2024-01-05,16.56999969482422,16.649999618530273,16.3700008392334,16.540000915527344,12.690987586975098,9873100,False
PBR,2024-01-08,16.229999542236328,16.280000686645508,15.970000267028809,16.280000686645508,12.491490364074707,14011800,False
PBR,2024-01-09,16.280000686645508,16.290000915527344,15.979999542236328,15.989999771118164,12.268976211547852,12193300,False
PBR,2024-01-10,16.1200008392334,16.139999389648438,15.850000381469727,15.9399995803833,12.230609893798828,14768500,False
PBR,2024-01-11,16.100000381469727,16.270000457763672,15.9399995803833,16.25,12.46847152709961,14558100,False
PBR,2024-01-12,16.420000076293945,16.540000915527344,16.290000915527344,16.34000015258789,12.537528038024902,10015300,False
PBR,2024-01-16,16.299999237060547,16.34000015258789,16.049999237060547,16.079999923706055,12.338032722473145,11735500,False
PBR,2024-01-17,15.920000076293945,16.0,15.829999923706055,15.899999618530273,12.199920654296875,12433800,False
PBR,2024-01-18,15.899999618530273,15.920000076293945,15.65999984741211,15.819999694824219,12.138537406921387,10469000,False
PBR,2024-01-19,15.829999923706055,15.850000381469727,15.640000343322754,15.739999771118164,12.077152252197266,8871300,False
PBR,2024-01-22,15.75,15.760000228881836,15.579999923706055,15.65999984741211,12.01577091217041,9107000,False
PBR,2024-01-23,15.6899995803833,16.040000915527344,15.579999923706055,15.9399995803833,12.230609893798828,14224000,False
PBR,2024-01-24,16.18000030517578,16.25,15.829999923706055,15.890000343322754,12.192249298095703,16737800,False
PBR,2024-01-25,16.170000076293945,16.729999542236328,16.09000015258789,16.670000076293945,12.79073429107666,20257200,False
PBR,2024-01-26,16.719999313354492,17.209999084472656,16.649999618530273,17.049999237060547,13.082304000854492,17252800,False
PBR,2024-01-29,17.0,17.219999313354492,16.860000610351562,17.15999984741211,13.166707038879395,12986800,False
PBR,2024-01-30,17.09000015258789,17.209999084472656,16.959999084472656,17.040000915527344,13.07463264465332,10986100,False
PBR,2024-01-31,17.110000610351562,17.389999389648438,16.969999313354492,17.06999969482422,13.097649574279785,22212100,False
PBR,2024-02-01,17.440000534057617,17.760000228881836,17.18000030517578,17.489999771118164,13.41991138458252,23719200,False
PBR,2024-02-02,17.34000015258789,17.420000076293945,16.989999771118164,17.010000228881836,13.05161190032959,16527100,False
PBR,2024-02-05,17.010000228881836,17.1299991607666,16.739999771118164,16.920000076293945,12.982556343078613,22361000,False
PBR,2024-02-06,17.239999771118164,17.469999313354492,17.110000610351562,17.229999542236328,13.220416069030762,15849500,False
PBR,2024-02-07,17.389999389648438,17.43000030517578,17.18000030517578,17.389999389648438,13.343182563781738,10846300,False
PBR,2024-02-08,17.3799991607666,17.489999771118164,17.200000762939453,17.239999771118164,13.228090286254883,9196200,False
PBR,2024-02-09,17.34000015258789,17.399999618530273,17.1299991607666,17.190000534057617,13.189724922180176,14156200,False
PBR,2024-02-12,17.209999084472656,17.56999969482422,17.209999084472656,17.270000457763672,13.251108169555664,9160900,False
PBR,2024-02-13,17.190000534057617,17.219999313354492,16.850000381469727,16.959999084472656,13.0132474899292,13025500,False
PBR,2024-02-14,17.030000686645508,17.290000915527344,16.889999389648438,16.920000076293945,12.982556343078613,15286500,False
PBR,2024-02-15,16.93000030517578,17.459999084472656,16.90999984741211,17.399999618530273,13.350854873657227,13493900,False
PBR,2024-02-16,17.540000915527344,17.799999237060547,17.510000228881836,17.700000762939453,13.581043243408203,17091300,False
PBR,2024-02-20,17.84000015258789,17.90999984741211,17.540000915527344,17.639999389648438,13.535005569458008,21850500,False
PBR,2024-02-21,17.700000762939453,17.829999923706055,17.559999465942383,17.639999389648438,13.535005569458008,15517900,False
PBR,2024-02-22,17.649999618530273,17.649999618530273,17.350000381469727,17.579999923706055,13.488967895507812,19237800,False
PBR,2024-02-23,17.389999389648438,17.520000457763672,17.200000762939453,17.360000610351562,13.320165634155273,18771400,False
PBR,2024-02-26,17.56999969482422,17.75,17.43000030517578,17.649999618530273,13.542678833007812,14817200,False
PBR,2024-02-27,17.760000228881836,17.90999984741211,17.579999923706055,17.700000762939453,13.581043243408203,16694500,False
PBR,2024-02-28,17.719999313354492,17.829999923706055,16.559999465942383,16.719999313354492,12.82909870147705,40559700,False
PBR,2024-02-29,16.829999923706055,16.850000381469727,16.34000015258789,16.520000457763672,12.675641059875488,26290900,False
PBR,2024-03-01,16.790000915527344,16.899999618530273,16.649999618530273,16.68000030517578,12.798408508300781,18367600,False
PBR,2024-03-04,16.739999771118164,16.809999465942383,16.5,16.530000686645508,12.683313369750977,15334100,False
PBR,2024-03-05,16.510000228881836,16.6200008392334,16.290000915527344,16.3700008392334,12.560546875,17226600,False
PBR,2024-03-06,16.600000381469727,16.760000228881836,16.59000015258789,16.690000534057617,12.80608081817627,13903900,False
PBR,2024-03-07,16.690000534057617,16.889999389648438,16.6299991607666,16.700000762939453,12.813754081726074,18059500,False
PBR,2024-03-08,14.59000015258789,15.239999771118164,14.319999694824219,14.779999732971191,11.340555191040039,103160600,False
PBR,2024-03-11,14.600000381469727,15.270000457763672,14.489999771118164,14.5600004196167,11.171751022338867,40707200,False
PBR,2024-03-12,14.850000381469727,15.140000343322754,14.699999809265137,15.039999961853027,11.540050506591797,29455900,False
PBR,2024-03-13,15.09000015258789,15.149999618530273,14.789999961853027,14.8100004196167,11.363574028015137,24154200,False
PBR,2024-03-14,15.0,15.020000457763672,14.619999885559082,14.720000267028809,11.29451847076416,26314000,False
PBR,2024-03-15,14.699999809265137,14.739999771118164,14.520000457763672,14.539999961853027,11.156405448913574,20604300,False
PBR,2024-03-18,14.75,14.75,14.210000038146973,14.59000015258789,11.194769859313965,23883800,False
PBR,2024-03-19,14.59000015258789,14.90999984741211,14.390000343322754,14.529999732971191,11.148731231689453,24588200,False
PBR,2024-03-20,14.5,15.0,14.40999984741211,14.930000305175781,11.455648422241211,22177200,False
PBR,2024-03-21,15.020000457763672,15.029999732971191,14.59000015258789,14.630000114440918,11.22546100616455,23436400,False
PBR,2024-03-22,14.609999656677246,14.779999732971191,14.489999771118164,14.6899995803833,11.271499633789062,13792100,False
PBR,2024-03-25,14.859999656677246,15.050000190734863,14.850000381469727,14.9399995803833,11.4633207321167,14868800,False
PBR,2024-03-26,14.899999618530273,14.9399995803833,14.729999542236328,14.739999771118164,11.309863090515137,13337400,False
PBR,2024-03-27,14.729999542236328,14.960000038146973,14.649999618530273,14.930000305175781,11.455648422241211,14331200,False
PBR,2024-03-28,14.9399995803833,15.25,14.869999885559082,15.210000038146973,11.670490264892578,27590300,False
PBR,2024-04-01,15.220000267028809,15.260000228881836,15.050000190734863,15.220000267028809,11.678162574768066,15177000,False
PBR,2024-04-02,15.390000343322754,15.65999984741211,15.369999885559082,15.630000114440918,11.992751121520996,20988900,False
PBR,2024-04-03,15.5600004196167,15.680000305175781,15.390000343322754,15.59000015258789,11.96205997467041,15800800,False
PBR,2024-04-04,15.819999694824219,16.270000457763672,15.350000381469727,15.520000457763672,11.908349990844727,62785600,False
PBR,2024-04-05,15.15999984741211,15.579999923706055,15.130000114440918,15.489999771118164,11.885332107543945,23338300,False
PBR,2024-04-08,15.40999984741211,15.760000228881836,15.260000228881836,15.640000343322754,12.000425338745117,17792700,False
PBR,2024-04-09,15.899999618530273,15.949999809265137,15.600000381469727,15.880000114440918,12.184576034545898,16402000,False
PBR,2024-04-10,15.800000190734863,16.170000076293945,15.729999542236328,16.15999984741211,12.39941692352295,22557200,False
PBR,2024-04-11,16.110000610351562,16.149999618530273,15.9399995803833,16.0,12.276649475097656,14406400,False
PBR,2024-04-12,16.079999923706055,16.1200008392334,15.550000190734863,15.720000267028809,12.061808586120605,24038500,False
PBR,2024-04-15,15.609999656677246,15.819999694824219,15.529999732971191,15.789999961853027,12.115518569946289,23600300,False
PBR,2024-04-16,15.460000038146973,15.710000038146973,15.34000015258789,15.649999618530273,12.008097648620605,16355800,False
PBR,2024-04-17,15.699999809265137,15.84000015258789,15.539999961853027,15.6899995803833,12.038788795471191,14199500,False
PBR,2024-04-18,15.90999984741211,16.0,15.539999961853027,15.579999923706055,11.954387664794922,13208800,False
PBR,2024-04-19,15.65999984741211,16.520000457763672,15.649999618530273,16.469999313354492,12.637274742126465,34331700,False
PBR,2024-04-22,16.479999542236328,16.950000762939453,16.420000076293945,16.940000534057617,12.997903823852539,29321600,False
PBR,2024-04-23,16.829999923706055,17.049999237060547,16.700000762939453,16.959999084472656,13.0132474899292,21971400,False
PBR,2024-04-24,16.959999084472656,17.0,16.719999313354492,16.809999465942383,12.898154258728027,19890400,False
PBR,2024-04-25,16.770000457763672,17.170000076293945,16.65999984741211,17.049999237060547,13.082304000854492,15895200,False
PBR,2024-04-26,16.850000381469727,17.149999618530273,16.81999969482422,17.049999237060547,13.42562198638916,20004600,False
PBR,2024-04-29,17.030000686645508,17.329999923706055,17.0,17.329999923706055,13.646103858947754,21800800,False
PBR,2024-04-30,17.049999237060547,17.200000762939453,16.860000610351562,16.969999313354492,13.362627983093262,19659200,False
PBR,2024-05-01,16.989999771118164,17.079999923706055,16.670000076293945,16.940000534057617,13.339005470275879,13542600,False
PBR,2024-05-02,17.270000457763672,17.440000534057617,17.15999984741211,17.34000015258789,13.653976440429688,19639100,False
PBR,2024-05-03,16.860000610351562,16.860000610351562,16.299999237060547,16.43000030517578,13.460627555847168,26048400,False
PBR,2024-05-06,16.5,16.770000457763672,16.479999542236328,16.6299991607666,13.624481201171875,12963700,False
PBR,2024-05-07,16.65999984741211,17.040000915527344,16.65999984741211,17.010000228881836,13.935807228088379,18159600,False
PBR,2024-05-08,16.829999923706055,17.200000762939453,16.81999969482422,17.1200008392334,14.025925636291504,13419100,False
PBR,2024-05-09,16.850000381469727,17.290000915527344,16.81999969482422,17.219999313354492,14.107852935791016,15606200,False
PBR,2024-05-10,17.3799991607666,17.40999984741211,17.059999465942383,17.079999923706055,13.993154525756836,11029000,False
PBR,2024-05-13,17.270000457763672,17.3700008392334,17.030000686645508,17.040000915527344,13.960384368896484,10985700,False
PBR,2024-05-14,16.719999313354492,16.920000076293945,16.459999084472656,16.690000534057617,13.673640251159668,20396200,False
PBR,2024-05-15,15.279999732971191,15.710000038146973,15.039999961853027,15.5600004196167,12.747861862182617,69656000,False
PBR,2024-05-16,15.539999961853027,15.579999923706055,15.100000381469727,15.229999542236328,12.47750186920166,32019400,False
PBR,2024-05-17,15.279999732971191,15.300000190734863,14.979999542236328,15.020000457763672,12.305455207824707,26830600,False
PBR,2024-05-20,15.140000343322754,15.1899995803833,15.0,15.119999885559082,12.387382507324219,16645800,False
PBR,2024-05-21,15.220000267028809,15.229999542236328,14.970000267028809,15.020000457763672,12.305455207824707,20720100,False
PBR,2024-05-22,14.920000076293945,15.050000190734863,14.800000190734863,15.0,12.289070129394531,22250400,False
PBR,2024-05-23,15.199999809265137,15.279999732971191,14.859999656677246,14.890000343322754,12.198949813842773,15732200,False
PBR,2024-05-24,14.970000267028809,15.029999732971191,14.75,14.819999694824219,12.141600608825684,11539600,False
PBR,2024-05-28,15.170000076293945,15.359999656677246,15.100000381469727,15.25,12.493887901306152,19438400,False
PBR,2024-05-29,15.100000381469727,15.229999542236328,14.9399995803833,15.130000114440918,12.395575523376465,19738300,False
PBR,2024-05-30,15.1899995803833,15.520000457763672,15.180000305175781,15.329999923706055,12.559428215026855,12585200,False
PBR,2024-05-31,15.3100004196167,15.569999694824219,15.229999542236328,15.550000190734863,12.739668846130371,17922900,False
PBR,2024-06-03,15.449999809265137,15.539999961853027,15.3100004196167,15.4399995803833,12.649548530578613,13166100,False
PBR,2024-06-04,15.079999923706055,15.170000076293945,14.890000343322754,15.170000076293945,12.428346633911133,15690800,False
PBR,2024-06-05,15.199999809265137,15.239999771118164,15.0600004196167,15.130000114440918,12.395575523376465,10591500,False
PBR,2024-06-06,15.170000076293945,15.350000381469727,15.119999885559082,15.170000076293945,12.428346633911133,13755700,False
PBR,2024-06-07,15.039999961853027,15.119999885559082,14.460000038146973,14.539999961853027,11.91220474243164,31687400,False
PBR,2024-06-10,14.489999771118164,14.75,14.449999809265137,14.59000015258789,11.953169822692871,17821800,False
PBR,2024-06-11,14.6899995803833,14.739999771118164,14.520000457763672,14.600000381469727,11.9613618850708,15562200,False
PBR,2024-06-12,14.59000015258789,14.649999618530273,14.130000114440918,14.170000076293945,11.609075546264648,24098000,False
PBR,2024-06-13,13.930000305175781,13.970000267028809,13.600000381469727,13.800000190734863,11.618335723876953,23212700,False
PBR,2024-06-14,13.670000076293945,13.84000015258789,13.479999542236328,13.59000015258789,11.441534042358398,21339800,False
PBR,2024-06-17,13.399999618530273,13.550000190734863,13.359999656677246,13.5,11.365762710571289,17965400,False
PBR,2024-06-18,13.619999885559082,13.9399995803833,13.609999656677246,13.819999694824219,11.635173797607422,18064200,False
PBR,2024-06-20,14.020000457763672,14.270000457763672,13.930000305175781,14.010000228881836,11.795136451721191,15894000,False
PBR,2024-06-21,14.09000015258789,14.149999618530273,14.020000457763672,14.09000015258789,11.862489700317383,14591300,False
PBR,2024-06-24,14.239999771118164,14.390000343322754,14.140000343322754,14.34000015258789,12.072965621948242,15500500,False
PBR,2024-06-25,14.350000381469727,14.350000381469727,14.199999809265137,14.300000190734863,12.039289474487305,11892900,False
PBR,2024-06-26,14.039999961853027,14.239999771118164,14.010000228881836,14.210000038146973,11.963518142700195,12038800,False
PBR,2024-06-27,14.510000228881836,14.550000190734863,14.279999732971191,14.489999771118164,12.199252128601074,18276500,False
PBR,2024-06-28,14.489999771118164,14.539999961853027,14.350000381469727,14.489999771118164,12.199252128601074,16110700,False
PBR,2024-07-01,14.609999656677246,14.75,14.470000267028809,14.5,12.207671165466309,19794300,False
PBR,2024-07-02,14.539999961853027,14.649999618530273,14.369999885559082,14.550000190734863,12.249767303466797,12865900,False
PBR,2024-07-03,14.59000015258789,14.859999656677246,14.569999694824219,14.649999618530273,12.33395767211914,12589500,False
PBR,2024-07-05,14.449999809265137,14.789999961853027,14.40999984741211,14.729999542236328,12.401310920715332,26906300,False
PBR,2024-07-08,14.579999923706055,15.149999618530273,14.539999961853027,15.130000114440918,12.73807430267334,21115200,False
PBR,2024-07-09,15.140000343322754,15.229999542236328,15.020000457763672,15.149999618530273,12.754911422729492,17970400,False
PBR,2024-07-10,15.220000267028809,15.220000267028809,14.989999771118164,15.140000343322754,12.746492385864258,16319000,False
PBR,2024-07-11,15.15999984741211,15.239999771118164,15.039999961853027,15.1899995803833,12.78858757019043,13482600,False
PBR,2024-07-12,15.130000114440918,15.170000076293945,15.0,15.09000015258789,12.704398155212402,9251400,False
PBR,2024-07-15,15.100000381469727,15.350000381469727,15.029999732971191,15.199999809265137,12.797006607055664,13618700,False
PBR,2024-07-16,15.300000190734863,15.329999923706055,15.050000190734863,15.1899995803833,12.78858757019043,10732200,False
PBR,2024-07-17,15.119999885559082,15.220000267028809,15.079999923706055,15.130000114440918,12.73807430267334,11504900,False
PBR,2024-07-18,14.989999771118164,15.050000190734863,14.850000381469727,14.949999809265137,12.586530685424805,14211200,False
PBR,2024-07-19,15.029999732971191,15.130000114440918,14.899999618530273,14.9399995803833,12.578109741210938,12467400,False
PBR,2024-07-22,15.010000228881836,15.0600004196167,14.720000267028809,14.75,12.4181489944458,12439300,False
PBR,2024-07-23,14.600000381469727,14.710000038146973,14.520000457763672,14.569999694824219,12.266605377197266,10196000,False
PBR,2024-07-24,14.460000038146973,14.729999542236328,14.4399995803833,14.470000267028809,12.182415008544922,9711900,False
PBR,2024-07-25,14.4399995803833,14.5,14.279999732971191,14.460000038146973,12.173995018005371,13431600,False
PBR,2024-07-26,14.460000038146973,14.550000190734863,14.359999656677246,14.470000267028809,12.182415008544922,10104200,False
PBR,2024-07-29,14.399999618530273,14.470000267028809,13.9399995803833,14.180000305175781,11.938261032104492,15309200,False
PBR,2024-07-30,13.979999542236328,14.100000381469727,13.960000038146973,14.0600004196167,11.837231636047363,11374900,False
PBR,2024-07-31,14.1899995803833,14.319999694824219,14.15999984741211,14.270000457763672,12.014033317565918,11162100,False
PBR,2024-08-01,14.40999984741211,14.460000038146973,13.90999984741211,13.970000267028809,11.761459350585938,14100000,False
PBR,2024-08-02,13.789999961853027,13.800000190734863,13.510000228881836,13.59000015258789,11.441534042358398,18067200,False
PBR,2024-08-05,13.029999732971191,13.399999618530273,12.899999618530273,13.3100004196167,11.20580005645752,20162200,False
PBR,2024-08-06,13.550000190734863,13.989999771118164,13.430000305175781,13.760000228881836,11.584659576416016,20292600,False
PBR,2024-08-07,14.0600004196167,14.100000381469727,13.8100004196167,13.84000015258789,11.652012825012207,13471300,False
PBR,2024-08-08,13.859999656677246,14.260000228881836,13.800000190734863,14.180000305175781,11.938261032104492,17494100,False
PBR,2024-08-09,14.050000190734863,14.4399995803833,13.819999694824219,14.210000038146973,11.963518142700195,16591900,False
PBR,2024-08-12,14.539999961853027,14.800000190734863,14.520000457763672,14.6899995803833,12.367634773254395,18349600,False
PBR,2024-08-13,14.699999809265137,14.800000190734863,14.5600004196167,14.770000457763672,12.43498706817627,14757900,False
PBR,2024-08-14,14.829999923706055,14.920000076293945,14.75,14.859999656677246,12.510757446289062,11476600,False
PBR,2024-08-15,15.039999961853027,15.1899995803833,14.970000267028809,15.050000190734863,12.670721054077148,14074800,False
PBR,2024-08-16,15.069999694824219,15.180000305175781,14.970000267028809,15.15999984741211,12.763330459594727,19246900,False
PBR,2024-08-19,15.25,15.369999885559082,15.199999809265137,15.279999732971191,12.864358901977539,20272300,False
PBR,2024-08-20,15.140000343322754,15.15999984741211,14.850000381469727,14.989999771118164,12.620206832885742,13764900,False
PBR,2024-08-21,15.09000015258789,15.119999885559082,14.800000190734863,14.859999656677246,12.510757446289062,14668100,False
PBR,2024-08-22,14.65999984741211,14.680000305175781,14.550000190734863,14.630000114440918,12.317119598388672,13789200,False
PBR,2024-08-23,14.5,14.539999961853027,14.390000343322754,14.399999618530273,12.45201587677002,13707300,False
PBR,2024-08-26,14.770000457763672,15.729999542236328,14.739999771118164,15.649999618530273,13.532920837402344,48602100,False
PBR,2024-08-27,15.460000038146973,15.609999656677246,15.369999885559082,15.470000267028809,13.377270698547363,18491000,False
PBR,2024-08-28,15.380000114440918,15.699999809265137,15.319999694824219,15.600000381469727,13.48968505859375,25906000,False
PBR,2024-08-29,15.359999656677246,15.5,15.199999809265137,15.279999732971191,13.212971687316895,15856500,False
PBR,2024-08-30,15.020000457763672,15.329999923706055,14.989999771118164,15.229999542236328,13.1697359085083,15142700,False
PBR,2024-09-03,15.170000076293945,15.170000076293945,14.890000343322754,14.899999618530273,12.884377479553223,21659900,False
PBR,2024-09-04,14.989999771118164,15.130000114440918,14.9399995803833,15.010000228881836,12.979497909545898,18748400,False
PBR,2024-09-05,15.119999885559082,15.199999809265137,14.989999771118164,15.010000228881836,12.979497909545898,18718200,False
PBR,2024-09-06,15.0600004196167,15.09000015258789,14.6899995803833,14.75,12.754669189453125,25934700,False
PBR,2024-09-09,14.6899995803833,15.0600004196167,14.680000305175781,14.989999771118164,12.962203025817871,18471900,False
PBR,2024-09-10,14.829999923706055,14.869999885559082,14.289999961853027,14.430000305175781,12.477958679199219,18918500,False
PBR,2024-09-11,14.619999885559082,14.630000114440918,14.3100004196167,14.5600004196167,12.590372085571289,20916300,False
PBR,2024-09-12,14.479999542236328,14.529999732971191,14.229999542236328,14.4399995803833,12.486604690551758,17532500,False
PBR,2024-09-13,14.609999656677246,14.789999961853027,14.510000228881836,14.529999732971191,12.56442928314209,19257900,False
PBR,2024-09-16,14.890000343322754,15.0,14.739999771118164,14.779999732971191,12.780611038208008,15643200,False
PBR,2024-09-17,14.710000038146973,14.760000228881836,14.59000015258789,14.739999771118164,12.74602222442627,11974600,False
PBR,2024-09-18,14.65999984741211,14.75,14.40999984741211,14.579999923706055,12.607666015625,15101100,False
PBR,2024-09-19,14.770000457763672,14.8100004196167,14.569999694824219,14.640000343322754,12.659551620483398,13294500,False
PBR,2024-09-20,14.5,14.5600004196167,14.390000343322754,14.399999618530273,12.45201587677002,14654700,False
PBR,2024-09-23,14.470000267028809,14.670000076293945,14.4399995803833,14.569999694824219,12.599019050598145,12179400,False
PBR,2024-09-24,14.90999984741211,15.010000228881836,14.779999732971191,14.850000381469727,12.841140747070312,15479700,False
PBR,2024-09-25,14.920000076293945,15.039999961853027,14.819999694824219,14.850000381469727,12.841140747070312,12729400,False
PBR,2024-09-26,14.680000305175781,14.720000267028809,14.5,14.5600004196167,12.590372085571289,16773600,False
PBR,2024-09-27,14.520000457763672,14.640000343322754,14.510000228881836,14.579999923706055,12.607666015625,17118400,False
PBR,2024-09-30,14.529999732971191,14.550000190734863,14.3100004196167,14.40999984741211,12.460663795471191,13290200,False
PBR,2024-10-01,14.359999656677246,14.899999618530273,14.329999923706055,14.779999732971191,12.780611038208008,17747300,False
PBR,2024-10-02,15.149999618530273,15.25,14.930000305175781,14.949999809265137,12.927614212036133,12580700,False
PBR,2024-10-03,14.84000015258789,15.180000305175781,14.760000228881836,15.149999618530273,13.100558280944824,15528900,False
PBR,2024-10-04,15.09000015258789,15.239999771118164,15.010000228881836,15.1899995803833,13.135147094726562,9388100,False
PBR,2024-10-07,15.199999809265137,15.34000015258789,15.170000076293945,15.329999923706055,13.256208419799805,11901500,False
PBR,2024-10-08,15.09000015258789,15.100000381469727,14.75,14.90999984741211,12.893024444580078,16641600,False
PBR,2024-10-09,14.670000076293945,14.739999771118164,14.569999694824219,14.640000343322754,12.659551620483398,11496300,False
PBR,2024-10-10,14.800000190734863,14.930000305175781,14.729999542236328,14.880000114440918,12.867082595825195,9648600,False
PBR,2024-10-11,14.710000038146973,14.789999961853027,14.640000343322754,14.739999771118164,12.74602222442627,9405700,False
PBR,2024-10-14,14.699999809265137,14.930000305175781,14.670000076293945,14.829999923706055,12.823847770690918,11916900,False
PBR,2024-10-15,14.520000457763672,14.550000190734863,14.390000343322754,14.420000076293945,12.469310760498047,15793200,False
PBR,2024-10-16,14.420000076293945,14.529999732971191,14.390000343322754,14.399999618530273,12.45201587677002,9343700,False
PBR,2024-10-17,14.289999961853027,14.359999656677246,14.25,14.300000190734863,12.365543365478516,9715700,False
PBR,2024-10-18,14.380000114440918,14.430000305175781,14.119999885559082,14.15999984741211,12.244482040405273,11358600,False
PBR,2024-10-21,14.149999618530273,14.15999984741211,13.920000076293945,13.960000038146973,12.071537017822266,13119100,False
PBR,2024-10-22,13.949999809265137,14.010000228881836,13.8100004196167,13.880000114440918,12.002359390258789,12556200,False
PBR,2024-10-23,13.729999542236328,13.760000228881836,13.619999885559082,13.649999618530273,11.803473472595215,11046300,False
PBR,2024-10-24,13.579999923706055,13.779999732971191,13.569999694824219,13.729999542236328,11.872651100158691,11412700,False
PBR,2024-10-25,13.800000190734863,13.90999984741211,13.680000305175781,13.789999961853027,11.924534797668457,14402400,False
PBR,2024-10-28,13.600000381469727,13.800000190734863,13.539999961853027,13.789999961853027,11.924534797668457,15437300,False
PBR,2024-10-29,13.760000228881836,13.859999656677246,13.59000015258789,13.619999885559082,11.777531623840332,14801500,False
PBR,2024-10-30,13.619999885559082,13.710000038146973,13.449999809265137,13.470000267028809,11.64782428741455,10522900,False
PBR,2024-10-31,13.470000267028809,13.550000190734863,13.359999656677246,13.449999809265137,11.63052749633789,12882300,False
PBR,2024-11-01,13.460000038146973,13.520000457763672,13.039999961853027,13.109999656677246,11.336523056030273,18147100,False
PBR,2024-11-04,13.34000015258789,13.40999984741211,13.180000305175781,13.180000305175781,11.397053718566895,17004500,False
PBR,2024-11-05,13.180000305175781,13.319999694824219,13.050000190734863,13.25,11.457584381103516,11424100,False
PBR,2024-11-06,13.069999694824219,13.460000038146973,13.010000228881836,13.399999618530273,11.587291717529297,16073100,False
PBR,2024-11-07,13.489999771118164,13.630000114440918,13.4399995803833,13.479999542236328,11.65647029876709,18757200,False
PBR,2024-11-08,13.5600004196167,13.720000267028809,13.329999923706055,13.680000305175781,11.829416275024414,19741000,False
PBR,2024-11-11,13.539999961853027,13.630000114440918,13.350000381469727,13.619999885559082,11.777531623840332,15875800,False
PBR,2024-11-12,13.619999885559082,13.84000015258789,13.619999885559082,13.720000267028809,11.864004135131836,22438600,False
PBR,2024-11-13,13.729999542236328,13.859999656677246,13.579999923706055,13.8100004196167,11.941829681396484,16085100,False
PBR,2024-11-14,13.850000381469727,14.100000381469727,13.850000381469727,13.989999771118164,12.097478866577148,16441100,False
PBR,2024-11-15,14.069999694824219,14.260000228881836,14.029999732971191,14.109999656677246,12.201245307922363,14584000,False
PBR,2024-11-18,14.270000457763672,14.489999771118164,14.229999542236328,14.449999809265137,12.49525260925293,16457300,False
PBR,2024-11-19,14.359999656677246,14.449999809265137,14.180000305175781,14.210000038146973,12.287718772888184,17647300,False
PBR,2024-11-20,14.25,14.449999809265137,14.170000076293945,14.279999732971191,12.348248481750488,9870200,False
PBR,2024-11-21,14.119999885559082,14.3100004196167,14.039999961853027,14.149999618530273,12.235834121704102,15162600,False
PBR,2024-11-22,14.4399995803833,15.100000381469727,14.420000076293945,14.899999618530273,12.884377479553223,37510700,False
PBR,2024-11-25,14.970000267028809,15.079999923706055,14.670000076293945,14.789999961853027,12.789257049560547,16104100,False
PBR,2024-11-26,14.760000228881836,14.770000457763672,14.600000381469727,14.670000076293945,12.685490608215332,12433100,False
PBR,2024-11-27,14.670000076293945,14.75,14.34000015258789,14.359999656677246,12.417427062988281,15799900,False
PBR,2024-11-29,13.90999984741211,14.390000343322754,13.869999885559082,14.279999732971191,12.348248481750488,14362500,False
PBR,2024-12-02,14.069999694824219,14.220000267028809,14.010000228881836,14.140000343322754,12.227187156677246,15242500,False
PBR,2024-12-03,14.050000190734863,14.180000305175781,14.029999732971191,14.15999984741211,12.244482040405273,11684100,False
PBR,2024-12-04,14.25,14.34000015258789,13.960000038146973,14.029999732971191,12.132068634033203,16738500,False
PBR,2024-12-05,14.220000267028809,14.470000267028809,14.15999984741211,14.289999961853027,12.356897354125977,15100600,False
PBR,2024-12-06,14.100000381469727,14.119999885559082,13.800000190734863,13.859999656677246,11.985065460205078,15649000,False
PBR,2024-12-09,14.09000015258789,14.289999961853027,14.039999961853027,14.180000305175781,12.2617769241333,13513800,False
PBR,2024-12-10,14.390000343322754,14.489999771118164,14.329999923706055,14.329999923706055,12.391484260559082,11242900,False
PBR,2024-12-11,14.569999694824219,14.729999542236328,14.239999771118164,14.600000381469727,12.624961853027344,20013900,False
PBR,2024-12-12,14.550000190734863,14.65999984741211,14.15999984741211,14.260000228881836,12.330955505371094,17434100,False
PBR,2024-12-13,13.770000457763672,13.8100004196167,13.449999809265137,13.609999656677246,12.226743698120117,15543200,False
PBR,2024-12-16,13.489999771118164,13.609999656677246,13.25,13.289999961853027,11.9392671585083,12906800,False
PBR,2024-12-17,13.329999923706055,13.670000076293945,13.210000038146973,13.520000457763672,12.145892143249512,16972600,False
PBR,2024-12-18,13.380000114440918,13.420000076293945,12.770000457763672,12.84000015258789,11.535003662109375,24674500,False
PBR,2024-12-19,13.119999885559082,13.170000076293945,12.899999618530273,12.949999809265137,11.63382339477539,16353200,False
PBR,2024-12-20,13.0,13.170000076293945,12.960000038146973,13.039999961853027,11.714674949645996,15185900,False
PBR,2024-12-23,12.979999542236328,13.0,12.800000190734863,12.930000305175781,11.615857124328613,12786800,False
PBR,2024-12-24,12.890000343322754,13.109999656677246,12.829999923706055,13.029999732971191,11.705692291259766,5292300,False
PBR,2024-12-26,12.970000267028809,13.15999984741211,12.890000343322754,13.09000015258789,11.759593963623047,13939300,False
PBR,2024-12-27,12.59000015258789,12.6899995803833,12.550000190734863,12.609999656677246,11.743762016296387,13744700,False
PBR,2024-12-30,12.699999809265137,12.829999923706055,12.619999885559082,12.75,11.8741455078125,12529200,False
PBR,2024-12-31,12.789999961853027,12.949999809265137,12.770000457763672,12.859999656677246,11.976588249206543,8197500,False
PBR,2025-01-02,12.789999961853027,13.25,12.779999732971191,13.239999771118164,12.330484390258789,15980200,False
PBR,2025-01-03,13.119999885559082,13.199999809265137,12.930000305175781,13.020000457763672,12.125597953796387,11002600,False
PBR,2025-01-06,13.15999984741211,13.329999923706055,13.079999923706055,13.130000114440918,12.228041648864746,14312100,False
PBR,2025-01-07,13.329999923706055,13.670000076293945,13.279999732971191,13.489999771118164,12.563311576843262,13837400,False
PBR,2025-01-08,13.329999923706055,13.420000076293945,13.260000228881836,13.399999618530273,12.479493141174316,11216700,False
PBR,2025-01-10,13.609999656677246,13.739999771118164,13.4399995803833,13.479999542236328,12.553997993469238,13318600,False
PBR,2025-01-13,13.489999771118164,13.6899995803833,13.449999809265137,13.520000457763672,12.591251373291016,8787000,False
PBR,2025-01-14,13.470000267028809,13.649999618530273,13.380000114440918,13.5600004196167,12.628503799438477,8771600,False
PBR,2025-01-15,13.699999809265137,13.84000015258789,13.579999923706055,13.800000190734863,12.85201644897461,10992100,False
PBR,2025-01-16,13.75,13.880000114440918,13.670000076293945,13.779999732971191,12.833390235900879,9435600,False
PBR,2025-01-17,13.779999732971191,13.920000076293945,13.65999984741211,13.720000267028809,12.777512550354004,9979600,False
PBR,2025-01-21,13.65999984741211,13.84000015258789,13.569999694824219,13.8100004196167,12.861330032348633,10194000,False
PBR,2025-01-22,13.979999542236328,14.069999694824219,13.859999656677246,13.869999885559082,12.917207717895508,12166100,False
PBR,2025-01-23,14.010000228881836,14.010000228881836,13.739999771118164,13.800000190734863,12.85201644897461,10526800,False
PBR,2025-01-24,13.75,13.84000015258789,13.680000305175781,13.729999542236328,12.786825180053711,7894400,False
PBR,2025-01-27,13.800000190734863,13.960000038146973,13.6899995803833,13.880000114440918,12.926520347595215,11919300,False
PBR,2025-01-28,13.949999809265137,14.010000228881836,13.779999732971191,13.949999809265137,12.991710662841797,12208900,False
PBR,2025-01-29,13.819999694824219,13.979999542236328,13.789999961853027,13.890000343322754,12.935833930969238,9070400,False
PBR,2025-01-30,13.770000457763672,14.180000305175781,13.770000457763672,14.130000114440918,13.159346580505371,11700700,False
PBR,2025-01-31,14.25,14.5600004196167,14.140000343322754,14.210000038146973,13.233851432800293,20042200,False
PBR,2025-02-03,14.010000228881836,14.25,13.989999771118164,14.220000267028809,13.243165016174316,12032600,False
PBR,2025-02-04,13.979999542236328,14.229999542236328,13.970000267028809,14.130000114440918,13.159346580505371,14645000,False
PBR,2025-02-05,13.989999771118164,14.029999732971191,13.880000114440918,13.920000076293945,12.963772773742676,10368000,False
PBR,2025-02-06,14.0,14.0600004196167,13.829999923706055,13.869999885559082,12.917207717895508,15006500,False
PBR,2025-02-07,13.90999984741211,13.930000305175781,13.619999885559082,13.720000267028809,12.777512550354004,16505800,False
PBR,2025-02-10,13.819999694824219,13.960000038146973,13.800000190734863,13.890000343322754,12.935833930969238,10602200,False
PBR,2025-02-11,14.0,14.0,13.789999961853027,14.0,13.038276672363281,16452400,False
PBR,2025-02-12,13.800000190734863,13.859999656677246,13.619999885559082,13.6899995803833,12.74957275390625,13678900,False
PBR,2025-02-13,13.5,13.75,13.489999771118164,13.710000038146973,12.76819896697998,9945100,False
PBR,2025-02-14,13.949999809265137,14.449999809265137,13.920000076293945,14.319999694824219,13.336294174194336,20755600,False
PBR,2025-02-18,14.579999923706055,14.850000381469727,14.5600004196167,14.760000228881836,13.74606990814209,19504800,False
PBR,2025-02-19,14.760000228881836,14.979999542236328,14.760000228881836,14.829999923706055,13.811261177062988,13178600,False
PBR,2025-02-20,14.869999885559082,14.979999542236328,14.779999732971191,14.920000076293945,13.8950777053833,14469500,False
PBR,2025-02-21,14.90999984741211,14.949999809265137,14.710000038146973,14.760000228881836,13.74606990814209,12841300,False
PBR,2025-02-24,14.760000228881836,14.779999732971191,14.5,14.550000190734863,13.550495147705078,21804200,False
PBR,2025-02-25,14.630000114440918,14.670000076293945,14.380000114440918,14.4399995803833,13.448051452636719,12996900,False
PBR,2025-02-26,14.399999618530273,14.420000076293945,14.270000457763672,14.319999694824219,13.336294174194336,14101000,False
PBR,2025-02-27,13.65999984741211,13.720000267028809,12.90999984741211,13.510000228881836,12.581937789916992,62500300,False
PBR,2025-02-28,13.270000457763672,13.529999732971191,13.199999809265137,13.350000381469727,12.432929039001465,25702000,False
PBR,2025-03-03,13.4399995803833,13.729999542236328,13.0600004196167,13.140000343322754,12.237354278564453,16642400,False
PBR,2025-03-04,13.039999961853027,13.09000015258789,12.6899995803833,12.960000038146973,12.069720268249512,18112900,False
PBR,2025-03-05,13.079999923706055,13.149999618530273,12.760000228881836,12.970000267028809,12.079033851623535,20139800,False
PBR,2025-03-06,12.960000038146973,13.0,12.789999961853027,12.850000381469727,11.967276573181152,13181800,False
PBR,2025-03-07,12.850000381469727,13.039999961853027,12.779999732971191,12.970000267028809,12.079033851623535,17513400,False
PBR,2025-03-10,12.869999885559082,12.90999984741211,12.619999885559082,12.779999732971191,11.902084350585938,16506700,False
PBR,2025-03-11,12.760000228881836,12.819999694824219,12.449999809265137,12.609999656677246,11.743762016296387,15933800,False
PBR,2025-03-12,12.59000015258789,12.739999771118164,12.510000228881836,12.670000076293945,11.799641609191895,16002900,False
PBR,2025-03-13,12.670000076293945,12.899999618530273,12.619999885559082,12.729999542236328,11.855518341064453,14733100,False
PBR,2025-03-14,12.869999885559082,13.5,12.84000015258789,13.430000305175781,12.50743293762207,25623500,False
PBR,2025-03-17,13.569999694824219,13.989999771118164,13.520000457763672,13.899999618530273,12.945146560668945,19904300,False
PBR,2025-03-18,13.930000305175781,13.949999809265137,13.770000457763672,13.880000114440918,12.926520347595215,9539100,False
PBR,2025-03-19,13.880000114440918,14.119999885559082,13.850000381469727,14.029999732971191,13.066215515136719,14381100,False
PBR,2025-03-20,13.970000267028809,14.300000190734863,13.829999923706055,14.029999732971191,13.066215515136719,40793400,False
PBR,2025-03-21,13.989999771118164,14.300000190734863,13.90999984741211,14.15999984741211,13.187285423278809,38991200,False
PBR,2025-03-24,14.050000190734863,14.15999984741211,13.899999618530273,13.970000267028809,13.010337829589844,11860000,False
PBR,2025-03-25,14.079999923706055,14.600000381469727,14.079999923706055,14.270000457763672,13.289730072021484,24015700,False
PBR,2025-03-26,14.3100004196167,14.479999542236328,14.289999961853027,14.329999923706055,13.34560775756836,8256000,False
PBR,2025-03-27,14.300000190734863,14.5600004196167,14.300000190734863,14.390000343322754,13.40148639678955,9927800,False
PBR,2025-03-28,14.430000305175781,14.510000228881836,14.130000114440918,14.380000114440918,13.392173767089844,13874800,False
PBR,2025-03-31,14.319999694824219,14.529999732971191,14.180000305175781,14.34000015258789,13.354921340942383,15328200,False
PBR,2025-04-01,14.380000114440918,14.890000343322754,14.369999885559082,14.460000038146973,13.466678619384766,26465100,False
PBR,2025-04-02,14.350000381469727,14.430000305175781,14.270000457763672,14.390000343322754,13.40148639678955,9399300,False
PBR,2025-04-03,13.970000267028809,14.199999809265137,13.9399995803833,14.010000228881836,13.047590255737305,22162400,False
PBR,2025-04-04,13.1899995803833,13.1899995803833,12.539999961853027,13.130000114440918,12.228041648864746,54177400,False
PBR,2025-04-07,12.59000015258789,12.890000343322754,12.0,12.010000228881836,11.184979438781738,56239000,False
PBR,2025-04-08,12.390000343322754,12.390000343322754,11.369999885559082,11.460000038146973,10.672760963439941,37786100,False
PBR,2025-04-09,11.119999885559082,12.329999923706055,11.029999732971191,12.210000038146973,11.37123966217041,39184100,False
PBR,2025-04-10,11.760000228881836,11.890000343322754,11.220000267028809,11.300000190734863,10.523752212524414,50046700,False
PBR,2025-04-11,11.270000457763672,11.670000076293945,11.09000015258789,11.5600004196167,10.765892028808594,37626700,False
PBR,2025-04-14,11.949999809265137,11.949999809265137,11.420000076293945,11.59000015258789,10.793831825256348,26843200,False
PBR,2025-04-15,11.579999923706055,11.670000076293945,11.270000457763672,11.270000457763672,10.495813369750977,22368100,False
PBR,2025-04-16,11.369999885559082,11.430000305175781,11.1899995803833,11.220000267028809,10.449248313903809,32858100,False
PBR,2025-04-17,11.34000015258789,11.789999961853027,11.34000015258789,11.619999885559082,10.821769714355469,32521800,False
PBR,2025-04-21,11.5600004196167,11.569999694824219,11.3100004196167,11.510000228881836,10.719326972961426,22472200,False
PBR,2025-04-22,11.319999694824219,11.619999885559082,11.260000228881836,11.489999771118164,10.948978424072266,27378500,False
PBR,2025-04-23,11.710000038146973,11.829999923706055,11.40999984741211,11.470000267028809,10.929920196533203,39695500,False
PBR,2025-04-24,11.579999923706055,11.59000015258789,11.239999771118164,11.420000076293945,10.882274627685547,37237400,False
PBR,2025-04-25,11.350000381469727,11.579999923706055,11.300000190734863,11.479999542236328,10.939449310302734,15717100,False
PBR,2025-04-28,11.520000457763672,11.649999618530273,11.399999618530273,11.510000228881836,10.968037605285645,15904800,False
PBR,2025-04-29,11.460000038146973,11.649999618530273,11.380000114440918,11.520000457763672,10.977566719055176,20650700,False
PBR,2025-04-30,11.430000305175781,11.449999809265137,11.210000038146973,11.289999961853027,10.75839614868164,21378500,False
PBR,2025-05-01,11.229999542236328,11.479999542236328,11.180000305175781,11.350000381469727,10.815570831298828,17873200,False
PBR,2025-05-02,11.4399995803833,11.640000343322754,11.319999694824219,11.609999656677246,11.06332778930664,18290300,False
PBR,2025-05-05,11.529999732971191,11.529999732971191,11.170000076293945,11.199999809265137,10.67263412475586,26943200,False
PBR,2025-05-06,11.350000381469727,11.399999618530273,11.220000267028809,11.300000190734863,10.767925262451172,25464500,False
PBR,2025-05-07,11.260000228881836,11.359999656677246,11.180000305175781,11.319999694824219,10.786983489990234,23603200,False
PBR,2025-05-08,11.5,11.75,11.449999809265137,11.649999618530273,11.101444244384766,30349700,False
PBR,2025-05-09,11.720000267028809,11.829999923706055,11.619999885559082,11.800000190734863,11.24438190460205,21929400,False
PBR,2025-05-12,12.15999984741211,12.1899995803833,11.970000267028809,12.069999694824219,11.501668930053711,22112600,False
PBR,2025-05-13,12.029999732971191,12.319999694824219,11.949999809265137,12.1899995803833,11.61601734161377,31844300,False
PBR,2025-05-14,12.100000381469727,12.220000267028809,11.979999542236328,12.149999618530273,11.577900886535645,18220300,False
PBR,2025-05-15,12.0600004196167,12.119999885559082,11.970000267028809,12.050000190734863,11.482610702514648,21458000,False
PBR,2025-05-16,12.079999923706055,12.100000381469727,11.829999923706055,12.020000457763672,11.454023361206055,20993600,False
PBR,2025-05-19,11.920000076293945,12.100000381469727,11.899999618530273,12.039999961853027,11.473081588745117,13541800,False
PBR,2025-05-20,12.15999984741211,12.180000305175781,11.970000267028809,12.020000457763672,11.454023361206055,13017500,False
PBR,2025-05-21,12.069999694824219,12.100000381469727,11.899999618530273,11.90999984741211,11.349202156066895,15782400,False
PBR,2025-05-22,11.84000015258789,12.0,11.670000076293945,11.8100004196167,11.253911018371582,26920500,False
PBR,2025-05-23,11.59000015258789,11.859999656677246,11.5600004196167,11.84000015258789,11.282498359680176,19456400,False
PBR,2025-05-27,11.9399995803833,11.960000038146973,11.880000114440918,11.920000076293945,11.358732223510742,12110100,False
PBR,2025-05-28,11.9399995803833,11.949999809265137,11.699999809265137,11.729999542236328,11.177678108215332,18661800,False
PBR,2025-05-29,11.729999542236328,11.770000457763672,11.609999656677246,11.720000267028809,11.1681489944458,17255600,False
PBR,2025-05-30,11.670000076293945,11.6899995803833,11.510000228881836,11.539999961853027,10.996624946594238,14161500,False
PBR,2025-06-02,11.75,11.779999732971191,11.539999961853027,11.609999656677246,11.06332778930664,21484100,False
PBR,2025-06-03,11.369999885559082,11.760000228881836,11.260000228881836,11.699999809265137,11.149090766906738,26032200,False
PBR,2025-06-04,11.479999542236328,11.59000015258789,11.109999656677246,11.109999656677246,10.887438774108887,23478000,False
PBR,2025-06-05,11.270000457763672,11.270000457763672,11.119999885559082,11.15999984741211,10.936437606811523,20930100,False
PBR,2025-06-06,11.15999984741211,11.369999885559082,11.15999984741211,11.319999694824219,11.093232154846191,17766400,False
PBR,2025-06-09,11.069999694824219,11.300000190734863,11.039999961853027,11.229999542236328,11.005035400390625,23498100,False
PBR,2025-06-10,11.329999923706055,11.670000076293945,11.319999694824219,11.609999656677246,11.377422332763672,26602500,False
PBR,2025-06-11,11.800000190734863,12.09000015258789,11.699999809265137,12.069999694824219,11.828207969665527,30317700,False
PBR,2025-06-12,12.020000457763672,12.420000076293945,12.0,12.399999618530273,12.151597023010254,37139100,False
PBR,2025-06-13,12.699999809265137,12.8100004196167,12.520000457763672,12.699999809265137,12.445587158203125,44421700,False
PBR,2025-06-16,12.699999809265137,12.979999542236328,12.65999984741211,12.739999771118164,12.484786033630371,33706300,False
PBR,2025-06-17,12.930000305175781,13.229999542236328,12.899999618530273,13.069999694824219,12.808175086975098,34670900,False
PBR,2025-06-18,13.130000114440918,13.220000267028809,12.9399995803833,13.0,12.739578247070312,21225300,False
PBR,2025-06-20,13.029999732971191,13.229999542236328,13.010000228881836,13.069999694824219,12.808175086975098,26631400,False
PBR,2025-06-23,13.140000343322754,13.149999618530273,12.619999885559082,12.699999809265137,12.445587158203125,47220600,False
PBR,2025-06-24,12.430000305175781,12.699999809265137,12.369999885559082,12.40999984741211,12.161396980285645,35949900,False
PBR,2025-06-25,12.319999694824219,12.40999984741211,12.270000457763672,12.270000457763672,12.024202346801758,20626500,False
PBR,2025-06-26,12.350000381469727,12.5,12.319999694824219,12.460000038146973,12.210395812988281,14322700,False
PBR,2025-06-27,12.430000305175781,12.460000038146973,12.319999694824219,12.380000114440918,12.131998062133789,13639200,False
PBR,2025-06-30,12.359999656677246,12.680000305175781,12.319999694824219,12.510000228881836,12.259393692016602,30679000,False
PBR,2025-07-01,12.569999694824219,12.640000343322754,12.420000076293945,12.59000015258789,12.337791442871094,15712200,False
PBR,2025-07-02,12.670000076293945,12.989999771118164,12.579999923706055,12.949999809265137,12.690579414367676,20323300,False
PBR,2025-07-03,12.90999984741211,13.069999694824219,12.880000114440918,13.0600004196167,12.798376083374023,12658000,False
PBR,2025-07-07,12.850000381469727,12.979999542236328,12.75,12.829999923706055,12.572983741760254,18918300,False
PBR,2025-07-08,12.890000343322754,13.15999984741211,12.880000114440918,13.130000114440918,12.866973876953125,18484000,False
PBR,2025-07-09,13.050000190734863,13.100000381469727,12.829999923706055,12.880000114440918,12.621981620788574,18290000,False
PBR,2025-07-10,12.649999618530273,12.890000343322754,12.59000015258789,12.829999923706055,12.572983741760254,21527700,False
PBR,2025-07-11,12.84000015258789,12.890000343322754,12.770000457763672,12.819999694824219,12.563183784484863,11658100,False
PBR,2025-07-14,12.75,12.779999732971191,12.529999732971191,12.600000381469727,12.347591400146484,12115700,False
PBR,2025-07-15,12.619999885559082,12.680000305175781,12.399999618530273,12.5,12.249593734741211,11805400,False
PBR,2025-07-16,12.390000343322754,12.470000267028809,12.279999732971191,12.359999656677246,12.112398147583008,17317300,False
PBR,2025-07-17,12.25,12.369999885559082,12.229999542236328,12.300000190734863,12.053601264953613,12774800,False
PBR,2025-07-18,12.359999656677246,12.399999618530273,11.859999656677246,12.010000228881836,11.769410133361816,28399800,False
PBR,2025-07-21,12.039999961853027,12.25,12.039999961853027,12.140000343322754,11.896805763244629,17630300,False
PBR,2025-07-22,12.199999809265137,12.399999618530273,12.1899995803833,12.260000228881836,12.014402389526367,27295100,False
PBR,2025-07-23,12.300000190734863,12.680000305175781,12.300000190734863,12.649999618530273,12.396589279174805,19460200,False
PBR,2025-07-24,12.579999923706055,12.670000076293945,12.520000457763672,12.649999618530273,12.396589279174805,17092900,False
PBR,2025-07-25,12.680000305175781,12.699999809265137,12.579999923706055,12.600000381469727,12.347591400146484,12077100,False
PBR,2025-07-28,12.680000305175781,12.760000228881836,12.300000190734863,12.550000190734863,12.298592567443848,48901900,False
PBR,2025-07-29,12.510000228881836,12.880000114440918,12.489999771118164,12.84000015258789,12.582783699035645,23592000,False
PBR,2025-07-30,12.729999542236328,12.970000267028809,12.619999885559082,12.930000305175781,12.670980453491211,24777800,False
PBR,2025-07-31,12.720000267028809,12.850000381469727,12.680000305175781,12.739999771118164,12.484786033630371,18266700,False
PBR,2025-08-01,12.90999984741211,12.970000267028809,12.579999923706055,12.6899995803833,12.435787200927734,18807300,False
PBR,2025-08-04,12.720000267028809,12.829999923706055,12.670000076293945,12.760000228881836,12.504385948181152,14894400,False
PBR,2025-08-05,12.789999961853027,12.9399995803833,12.729999542236328,12.90999984741211,12.65138053894043,16745600,False
PBR,2025-08-06,13.0,13.260000228881836,12.869999885559082,13.010000228881836,12.749378204345703,56992900,False
PBR,2025-08-07,13.020000457763672,13.210000038146973,12.960000038146973,13.079999923706055,12.817975044250488,18068500,False
PBR,2025-08-08,12.850000381469727,12.850000381469727,12.0600004196167,12.119999885559082,11.877206802368164,61640500,False
PBR,2025-08-11,12.149999618530273,12.229999542236328,12.050000190734863,12.109999656677246,11.867406845092773,23352800,False
PBR,2025-08-12,12.25,12.430000305175781,12.15999984741211,12.239999771118164,11.994802474975586,17913300,False
PBR,2025-08-13,12.1899995803833,12.3100004196167,12.09000015258789,12.210000038146973,11.96540355682373,28911200,False
PBR,2025-08-14,12.109999656677246,12.140000343322754,11.960000038146973,12.079999923706055,11.838007926940918,15224600,False
PBR,2025-08-15,12.010000228881836,12.109999656677246,11.960000038146973,12.069999694824219,11.828207969665527,14802700,False
PBR,2025-08-18,12.069999694824219,12.229999542236328,12.020000457763672,12.119999885559082,11.877206802368164,14684700,False
PBR,2025-08-19,11.960000038146973,12.020000457763672,11.779999732971191,11.84000015258789,11.602815628051758,20636200,False
PBR,2025-08-20,11.90999984741211,12.0,11.899999618530273,11.920000076293945,11.68121337890625,17211700,False
PBR,2025-08-21,11.899999618530273,12.010000228881836,11.819999694824219,11.949999809265137,11.710612297058105,17640300,False
PBR,2025-08-22,12.020000457763672,12.359999656677246,12.010000228881836,12.329999923706055,12.082999229431152,27633700,False
PBR,2025-08-25,12.199999809265137,12.329999923706055,12.149999618530273,12.220000267028809,12.220000267028809,19395600,False
PBR,2025-08-26,12.149999618530273,12.170000076293945,11.970000267028809,12.09000015258789,12.09000015258789,16625300,False
PBR,2025-08-27,12.100000381469727,12.229999542236328,12.050000190734863,12.199999809265137,12.199999809265137,14193500,False
PBR,2025-08-28,12.270000457763672,12.449999809265137,12.25,12.359999656677246,12.359999656677246,17015000,False
PBR,2025-08-29,12.380000114440918,12.489999771118164,12.319999694824219,12.399999618530273,12.399999618530273,19648600,False
PBR,2025-09-02,12.289999961853027,12.40999984741211,12.25,12.40999984741211,12.40999984741211,14580100,False
PBR,2025-09-03,12.3100004196167,12.460000038146973,12.15999984741211,12.3100004196167,12.3100004196167,24830100,False
PBR,2025-09-04,12.319999694824219,12.449999809265137,12.239999771118164,12.380000114440918,12.380000114440918,21412200,False
PBR,2025-09-05,12.380000114440918,12.399999618530273,12.020000457763672,12.210000038146973,12.210000038146973,24078600,False
PBR,2025-09-08,12.25,12.34000015258789,12.100000381469727,12.239999771118164,12.239999771118164,15834100,False
PBR,2025-09-09,12.329999923706055,12.470000267028809,12.319999694824219,12.329999923706055,12.329999923706055,19658500,False
PBR,2025-09-10,12.380000114440918,12.770000457763672,12.380000114440918,12.760000228881836,12.760000228881836,28629800,False
PBR,2025-09-11,12.6899995803833,12.75,12.609999656677246,12.65999984741211,12.65999984741211,15088700,False
PBR,2025-09-12,12.729999542236328,12.859999656677246,12.609999656677246,12.630000114440918,12.630000114440918,16162600,False
PBR,2025-09-15,12.6899995803833,12.899999618530273,12.600000381469727,12.850000381469727,12.850000381469727,19903000,False
PBR,2025-09-16,12.930000305175781,12.979999542236328,12.789999961853027,12.9399995803833,12.9399995803833,21574300,False
PBR,2025-09-17,12.920000076293945,13.050000190734863,12.819999694824219,12.920000076293945,12.920000076293945,19504300,False
PBR,2025-09-18,12.979999542236328,13.0,12.680000305175781,12.8100004196167,12.8100004196167,16089500,False
PBR,2025-09-19,12.8100004196167,12.8100004196167,12.529999732971191,12.619999885559082,12.619999885559082,17222800,False
PBR,2025-09-22,12.520000457763672,12.789999961853027,12.5,12.720000267028809,12.720000267028809,17689600,False
PBR,2025-09-23,12.850000381469727,13.289999961853027,12.850000381469727,13.15999984741211,13.15999984741211,35481000,False
PBR,2025-09-24,13.229999542236328,13.489999771118164,13.220000267028809,13.449999809265137,13.449999809265137,27286200,False
PBR,2025-09-25,13.4399995803833,13.4399995803833,13.09000015258789,13.109999656677246,13.109999656677246,25172100,False
PBR,2025-09-26,13.210000038146973,13.369999885559082,13.0600004196167,13.079999923706055,13.079999923706055,21474900,False
PBR,2025-09-29,13.119999885559082,13.130000114440918,12.819999694824219,12.850000381469727,12.850000381469727,29893600,False
PBR,2025-09-30,12.859999656677246,12.880000114440918,12.510000228881836,12.65999984741211,12.65999984741211,30184300,False
PBR,2025-10-01,12.6899995803833,12.760000228881836,12.600000381469727,12.619999885559082,12.619999885559082,19330100,False
PBR,2025-10-02,12.609999656677246,12.670000076293945,12.369999885559082,12.4399995803833,12.4399995803833,27443900,False
PBR,2025-10-03,12.510000228881836,12.569999694824219,12.380000114440918,12.399999618530273,12.399999618530273,19361900,False
PBR,2025-10-06,12.460000038146973,12.529999732971191,12.329999923706055,12.359999656677246,12.359999656677246,19898400,False
PBR,2025-10-07,12.289999961853027,12.319999694824219,12.079999923706055,12.279999732971191,12.279999732971191,21608900,False
PBR,2025-10-08,12.329999923706055,12.329999923706055,12.130000114440918,12.199999809265137,12.199999809265137,18163000,False
PBR,2025-10-09,12.220000267028809,12.3100004196167,11.930000305175781,11.960000038146973,11.960000038146973,23832000,False
PBR,2025-10-10,11.84000015258789,11.84000015258789,11.5600004196167,11.600000381469727,11.600000381469727,30832200,False
PBR,2025-10-13,11.720000267028809,11.859999656677246,11.649999618530273,11.819999694824219,11.819999694824219,19649100,False
PBR,2025-10-14,11.649999618530273,11.899999618530273,11.649999618530273,11.789999961853027,11.789999961853027,21644600,False
PBR,2025-10-15,11.800000190734863,11.90999984741211,11.600000381469727,11.640000343322754,11.640000343322754,30198900,False
PBR,2025-10-16,11.600000381469727,11.6899995803833,11.510000228881836,11.5600004196167,11.5600004196167,17742900,False
PBR,2025-10-17,11.539999961853027,11.770000457763672,11.5,11.640000343322754,11.640000343322754,23279400,False
PBR,2025-10-20,11.65999984741211,11.800000190734863,11.579999923706055,11.6899995803833,11.6899995803833,29046700,False
PBR,2025-10-21,11.720000267028809,11.739999771118164,11.460000038146973,11.5600004196167,11.5600004196167,32663500,False
PBR,2025-10-22,11.619999885559082,11.8100004196167,11.550000190734863,11.729999542236328,11.729999542236328,30880000,False
PBR,2025-10-23,12.079999923706055,12.100000381469727,11.819999694824219,11.84000015258789,11.84000015258789,30680000,False
PBR,2025-10-24,11.949999809265137,12.010000228881836,11.720000267028809,11.739999771118164,11.739999771118164,29542000,False
PBR,2025-10-27,11.869999885559082,11.890000343322754,11.699999809265137,11.859999656677246,11.859999656677246,23913600,False
PBR,2025-10-28,11.84000015258789,12.020000457763672,11.800000190734863,11.869999885559082,11.869999885559082,28602600,False
PBR,2025-10-29,11.899999618530273,11.949999809265137,11.850000381469727,11.880000114440918,11.880000114440918,23171100,False
PBR,2025-10-30,11.760000228881836,11.899999618530273,11.670000076293945,11.720000267028809,11.720000267028809,24194100,False
PBR,2025-10-31,11.789999961853027,11.8100004196167,11.59000015258789,11.640000343322754,11.640000343322754,19224700,False
PBR,2025-11-03,11.800000190734863,12.050000190734863,11.760000228881836,11.819999694824219,11.819999694824219,34968800,False
PBR,2025-11-04,11.710000038146973,11.859999656677246,11.640000343322754,11.829999923706055,11.829999923706055,18870000,False
PBR,2025-11-05,11.930000305175781,12.25,11.920000076293945,12.140000343322754,12.140000343322754,26520000,False
PBR,2025-11-06,12.25,12.270000457763672,12.109999656677246,12.140000343322754,12.140000343322754,23423100,False
PBR,2025-11-07,12.1899995803833,12.869999885559082,12.119999885559082,12.859999656677246,12.859999656677246,53662000,False
PBR,2025-11-10,12.970000267028809,13.130000114440918,12.770000457763672,13.010000228881836,13.010000228881836,24175200,False
PBR,2025-11-11,13.220000267028809,13.619999885559082,13.220000267028809,13.470000267028809,13.470000267028809,29089400,False
PBR,2025-11-12,13.229999542236328,13.300000190734863,12.819999694824219,12.979999542236328,12.979999542236328,26744000,False
PBR,2025-11-13,13.039999961853027,13.239999771118164,12.979999542236328,13.029999732971191,13.029999732971191,16521300,False
PBR,2025-11-14,13.0600004196167,13.350000381469727,13.0600004196167,13.180000305175781,13.180000305175781,16138300,False
PBR,2025-11-17,13.1899995803833,13.260000228881836,13.039999961853027,13.119999885559082,13.119999885559082,12294400,False
PBR,2025-11-18,13.039999961853027,13.199999809265137,12.970000267028809,13.130000114440918,13.130000114440918,13169400,False
PBR,2025-11-19,12.930000305175781,13.130000114440918,12.890000343322754,13.020000457763672,13.020000457763672,13898200,False
PBR,2025-11-20,13.079999923706055,13.119999885559082,12.75,12.779999732971191,12.779999732971191,16231400,False
PBR,2025-11-21,12.84000015258789,12.869999885559082,12.670000076293945,12.760000228881836,12.760000228881836,16536400,False
PBR,2025-11-24,12.789999961853027,12.869999885559082,12.680000305175781,12.75,12.75,12416800,False
PBR,2025-11-25,12.699999809265137,12.710000038146973,12.510000228881836,12.619999885559082,12.619999885559082,11768400,False
PBR,2025-11-26,12.65999984741211,12.779999732971191,12.579999923706055,12.65999984741211,12.65999984741211,15291900,False
PBR,2025-11-28,12.479999542236328,12.539999961853027,12.430000305175781,12.539999961853027,12.539999961853027,12812000,False
PBR,2025-12-01,12.460000038146973,12.739999771118164,12.4399995803833,12.550000190734863,12.550000190734863,13725000,False
PBR,2025-12-02,12.569999694824219,12.630000114440918,12.359999656677246,12.609999656677246,12.609999656677246,15906100,False
PBR,2025-12-03,12.75,12.930000305175781,12.75,12.800000190734863,12.800000190734863,10893800,False
PBR,2025-12-04,12.979999542236328,13.010000228881836,12.819999694824219,12.880000114440918,12.880000114440918,12259700,False
PBR,2025-12-05,12.819999694824219,12.960000038146973,12.09000015258789,12.130000114440918,12.130000114440918,41176600,False
PBR,2025-12-08,12.260000228881836,12.399999618530273,12.180000305175781,12.239999771118164,12.239999771118164,24816600,False
PBR,2025-12-09,12.100000381469727,12.34000015258789,12.079999923706055,12.319999694824219,12.319999694824219,16250900,False
PBR,2025-12-10,12.25,12.289999961853027,12.100000381469727,12.229999542236328,12.229999542236328,12100100,False
PBR,2025-12-11,12.199999809265137,12.25,12.119999885559082,12.149999618530273,12.149999618530273,12727500,False
PBR,2025-12-12,12.300000190734863,12.359999656677246,12.119999885559082,12.180000305175781,12.180000305175781,19719900,False
PBR,2025-12-15,12.329999923706055,12.350000381469727,12.170000076293945,12.180000305175781,12.180000305175781,15998100,False
PBR,2025-12-16,11.989999771118164,12.0,11.670000076293945,11.789999961853027,11.789999961853027,31666600,False
PBR,2025-12-17,11.789999961853027,11.829999923706055,11.680000305175781,11.770000457763672,11.770000457763672,24094100,False
PBR,2025-12-18,11.770000457763672,11.869999885559082,11.649999618530273,11.720000267028809,11.720000267028809,19272400,False
PBR,2025-12-19,11.75,11.859999656677246,11.720000267028809,11.75,11.75,16457100,False
PBR,2025-12-22,11.84000015258789,11.899999618530273,11.699999809265137,11.720000267028809,11.720000267028809,16558800,False
PBR,2025-12-23,11.770000457763672,11.859999656677246,11.760000228881836,11.829999923706055,11.829999923706055,10895500,False
PBR,2025-12-24,11.84000015258789,11.869999885559082,11.770000457763672,11.829999923706055,11.829999923706055,5920100,False
PBR,2025-12-26,11.510000228881836,11.619999885559082,11.430000305175781,11.550000190734863,11.550000190734863,11492900,False
PBR,2025-12-29,11.5600004196167,11.65999984741211,11.520000457763672,11.59000015258789,11.59000015258789,13419300,False
PBR,2025-12-30,11.75,11.920000076293945,11.739999771118164,11.859999656677246,11.859999656677246,13398500,False
PBR,2025-12-31,11.84000015258789,11.890000343322754,11.800000190734863,11.850000381469727,11.850000381469727,7269200,False
PBR,2026-01-02,11.880000114440918,11.949999809265137,11.729999542236328,11.920000076293945,11.920000076293945,10001800,False
PBR,2026-01-05,11.829999923706055,11.890000343322754,11.489999771118164,11.739999771118164,11.739999771118164,28166500,False
PBR,2026-01-06,11.819999694824219,11.890000343322754,11.550000190734863,11.569999694824219,11.569999694824219,21177900,False
PBR,2026-01-07,11.539999961853027,11.59000015258789,11.479999542236328,11.539999961853027,11.539999961853027,15302100,False
PBR,2026-01-08,11.59000015258789,11.859999656677246,11.59000015258789,11.800000190734863,11.800000190734863,17034500,False
PBR,2026-01-09,11.850000381469727,12.069999694824219,11.850000381469727,11.880000114440918,11.880000114440918,13438100,False
PBR,2026-01-12,11.920000076293945,12.039999961853027,11.869999885559082,11.869999885559082,11.869999885559082,11864800,False
PBR,2026-01-13,11.989999771118164,12.369999885559082,11.989999771118164,12.300000190734863,12.300000190734863,32943900,False
PBR,2026-01-14,12.34000015258789,12.960000038146973,12.3100004196167,12.65999984741211,12.65999984741211,54822400,False
PBR,2026-01-15,12.520000457763672,12.6899995803833,12.430000305175781,12.609999656677246,12.609999656677246,18466100,False
PBR,2026-01-16,12.630000114440918,12.75,12.569999694824219,12.6899995803833,12.6899995803833,11851500,False
PBR,2026-01-20,12.6899995803833,12.9399995803833,12.6899995803833,12.829999923706055,12.829999923706055,14564200,False
PBR,2026-01-21,13.0,13.600000381469727,13.0,13.510000228881836,13.510000228881836,51506700,False
PBR,2026-01-22,13.600000381469727,13.930000305175781,13.600000381469727,13.770000457763672,13.770000457763672,41525800,False
PBR,2026-01-23,14.079999923706055,14.390000343322754,13.960000038146973,14.279999732971191,14.279999732971191,32111400,False
PBR,2026-01-26,14.420000076293945,14.5600004196167,14.260000228881836,14.34000015258789,14.34000015258789,25817600,False
PBR,2026-01-27,14.729999542236328,15.039999961853027,14.720000267028809,15.020000457763672,15.020000457763672,37161200,False
PBR,2026-01-28,15.270000457763672,15.399999618530273,15.069999694824219,15.380000114440918,15.380000114440918,37940600,False
PBR,2026-01-29,15.800000190734863,15.9399995803833,15.359999656677246,15.520000457763672,15.520000457763672,40418700,False
PBR,2026-01-30,15.479999542236328,15.529999732971191,15.069999694824219,15.34000015258789,15.34000015258789,37673100,False
PBR,2026-02-02,14.9399995803833,15.039999961853027,14.5,15.029999732971191,15.029999732971191,39216600,False
PBR,2026-02-03,15.420000076293945,15.550000190734863,15.020000457763672,15.279999732971191,15.279999732971191,33867100,False
PBR,2026-02-04,15.239999771118164,15.319999694824219,14.979999542236328,15.140000343322754,15.140000343322754,24711700,False
PBR,2026-02-05,15.069999694824219,15.270000457763672,14.829999923706055,14.899999618530273,14.899999618530273,21414400,False
PBR,2026-02-06,14.970000267028809,15.09000015258789,14.8100004196167,14.869999885559082,14.869999885559082,16386700,False
PBR,2026-02-09,14.890000343322754,15.300000190734863,14.880000114440918,15.270000457763672,15.270000457763672,17446700,False
PBR,2026-02-10,15.199999809265137,15.390000343322754,15.050000190734863,15.329999923706055,15.329999923706055,15943300,False
PBR,2026-02-11,15.609999656677246,16.030000686645508,15.59000015258789,15.829999923706055,15.829999923706055,33471300,False
PBR,2026-02-12,15.6899995803833,15.729999542236328,15.130000114440918,15.25,15.25,27706200,False
PBR,2026-02-13,15.079999923706055,15.220000267028809,14.949999809265137,15.1899995803833,15.1899995803833,17436500,False
PBR,2026-02-17,15.09000015258789,15.15999984741211,14.8100004196167,15.020000457763672,15.020000457763672,13193400,False
PBR,2026-02-18,15.170000076293945,15.40999984741211,15.130000114440918,15.289999961853027,15.289999961853027,18376300,False
PBR,2026-02-19,15.579999923706055,15.84000015258789,15.520000457763672,15.760000228881836,15.760000228881836,20225700,False
PBR,2026-02-20,15.779999732971191,15.859999656677246,15.529999732971191,15.789999961853027,15.789999961853027,14239700,False
PBR,2026-02-23,15.930000305175781,16.479999542236328,15.899999618530273,16.139999389648438,16.139999389648438,25638300,False
PBR,2026-02-24,16.299999237060547,16.579999923706055,16.200000762939453,16.540000915527344,16.540000915527344,26693500,False
PBR,2026-02-25,16.549999237060547,16.729999542236328,16.360000610351562,16.709999084472656,16.709999084472656,18988200,False
PBR,2026-02-26,16.520000457763672,16.709999084472656,16.34000015258789,16.610000610351562,16.610000610351562,17437400,False
PBR,2026-02-27,16.760000228881836,16.920000076293945,16.540000915527344,16.6299991607666,16.6299991607666,19928400,False
PBR,2026-03-02,17.100000381469727,17.34000015258789,16.889999389648438,17.31999969482422,17.31999969482422,44272500,False
PBR,2026-03-03,17.0,17.299999237060547,16.68000030517578,16.959999084472656,16.959999084472656,48125500,False
PBR,2026-03-04,16.81999969482422,17.010000228881836,16.610000610351562,16.770000457763672,16.770000457763672,19688300,False
PBR,2026-03-05,16.670000076293945,16.799999237060547,16.459999084472656,16.729999542236328,16.729999542236328,30014400,False
PBR,2026-03-06,17.25,17.829999923706055,17.170000076293945,17.600000381469727,17.600000381469727,42130700,False
PBR,2026-03-09,18.020000457763672,18.559999465942383,17.969999313354492,18.15999984741211,18.15999984741211,77185400,False
PBR,2026-03-10,17.90999984741211,18.209999084472656,17.719999313354492,17.989999771118164,17.989999771118164,34249600,False
PBR,2026-03-11,18.299999237060547,19.020000457763672,18.290000915527344,18.989999771118164,18.989999771118164,43659000,False
PBR,2026-03-12,19.15999984741211,19.290000915527344,18.520000457763672,18.969999313354492,18.969999313354492,54283500,False
PBR,2026-03-13,18.8700008392334,18.969999313354492,18.549999237060547,18.56999969482422,18.56999969482422,34245200,False
PBR,2026-03-16,18.829999923706055,19.290000915527344,18.700000762939453,19.170000076293945,19.170000076293945,28739900,False
PBR,2026-03-17,19.520000457763672,19.889999389648438,19.350000381469727,19.510000228881836,19.510000228881836,27263600,False
PBR,2026-03-18,19.610000610351562,19.8799991607666,19.610000610351562,19.770000457763672,19.770000457763672,28823300,False
PBR,2026-03-19,19.760000228881836,20.280000686645508,19.690000534057617,19.780000686645508,19.780000686645508,40763500,False
PBR,2026-03-20,19.420000076293945,19.43000030517578,18.690000534057617,18.799999237060547,18.799999237060547,40991600,False
PBR,2026-03-23,18.739999771118164,19.420000076293945,18.530000686645508,19.270000457763672,19.270000457763672,53003500,False
PBR,2026-03-24,19.420000076293945,20.0,19.360000610351562,19.75,19.75,29999200,False
PBR,2026-03-25,19.450000762939453,20.010000228881836,19.450000762939453,19.81999969482422,19.81999969482422,23012100,False
PBR,2026-03-26,19.969999313354492,20.610000610351562,19.940000534057617,20.329999923706055,20.329999923706055,33734800,False
PBR,2026-03-27,20.3799991607666,20.790000915527344,20.280000686645508,20.770000457763672,20.770000457763672,29808500,False
