ticker,fecha,open,high,low,close,adj_close,volume,anomalia
QQQ,2019-01-02,150.99000549316406,155.75,150.8800048828125,154.8800048828125,150.8800048828125,58576700,False
QQQ,2019-01-03,152.60000610351562,153.25999450683594,149.49000549316406,149.82000732421875,149.49000549316406,74820200,False
QQQ,2019-01-04,152.33999633789062,157.0,151.74000549316406,156.22999572753906,151.74000549316406,74709300,False
QQQ,2019-01-07,156.6199951171875,158.86000061035156,156.11000061035156,158.08999633789062,156.11000061035156,52059300,False
QQQ,2019-01-08,159.5399932861328,160.11000061035156,157.1999969482422,159.52000427246094,157.1999969482422,49388700,False
QQQ,2019-01-09,160.13999938964844,161.52000427246094,159.47000122070312,160.82000732421875,159.47000122070312,46491700,False
QQQ,2019-01-10,159.60000610351562,161.3699951171875,158.6999969482422,161.27999877929688,158.6999969482422,38943400,False
QQQ,2019-01-11,160.3300018310547,160.86000061035156,159.7899932861328,160.69000244140625,159.7899932861328,30176600,False
QQQ,2019-01-14,159.3300018310547,159.9600067138672,158.58999633789062,159.27000427246094,158.58999633789062,30710200,False
QQQ,2019-01-15,160.0,162.60000610351562,159.91000366210938,162.3800048828125,159.91000366210938,40874200,False
QQQ,2019-01-16,162.64999389648438,163.77999877929688,162.2899932861328,162.35000610351562,162.2899932861328,33812200,False
QQQ,2019-01-17,161.8300018310547,164.36000061035156,161.57000732421875,163.6300048828125,161.57000732421875,39329000,False
QQQ,2019-01-18,164.77999877929688,166.02000427246094,163.82000732421875,165.25,163.82000732421875,57183200,False
QQQ,2019-01-22,164.05999755859375,164.13999938964844,160.75999450683594,161.94000244140625,160.75999450683594,56711700,False
QQQ,2019-01-23,162.77000427246094,163.50999450683594,160.32000732421875,162.14999389648438,160.32000732421875,38106100,False
QQQ,2019-01-24,162.67999267578125,163.44000244140625,162.05999755859375,163.1999969482422,162.05999755859375,32417800,False
QQQ,2019-01-25,164.50999450683594,165.64999389648438,163.9499969482422,165.14999389648438,163.9499969482422,36515900,False
QQQ,2019-01-28,163.02000427246094,163.1199951171875,161.75,163.11000061035156,161.75,33491200,False
QQQ,2019-01-29,163.1999969482422,163.24000549316406,160.99000549316406,161.57000732421875,160.99000549316406,30784200,False
QQQ,2019-01-30,163.39999389648438,166.27999877929688,162.88999938964844,165.67999267578125,162.88999938964844,41346500,False
QQQ,2019-01-31,166.6999969482422,168.99000549316406,166.47000122070312,168.16000366210938,166.47000122070312,37258400,False
QQQ,2019-02-01,167.3300018310547,168.60000610351562,166.99000549316406,167.4499969482422,166.99000549316406,32143700,False
QQQ,2019-02-04,167.47999572753906,169.52999877929688,167.3300018310547,169.52999877929688,167.3300018310547,26718800,False
QQQ,2019-02-05,169.75999450683594,171.22999572753906,169.69000244140625,171.02999877929688,169.69000244140625,28156400,False
QQQ,2019-02-06,171.07000732421875,171.3699951171875,169.75,170.52000427246094,169.75,27970000,False
QQQ,2019-02-07,169.02999877929688,169.4499969482422,166.9499969482422,168.22999572753906,166.9499969482422,42036200,False
QQQ,2019-02-08,166.75999450683594,168.58999633789062,166.57000732421875,168.55999755859375,166.57000732421875,29020700,False
QQQ,2019-02-11,169.1699981689453,169.5800018310547,167.97999572753906,168.39999389648438,167.97999572753906,21434100,False
QQQ,2019-02-12,169.6300048828125,171.13999938964844,169.3300018310547,170.88999938964844,169.3300018310547,29722100,False
QQQ,2019-02-13,171.64999389648438,172.16000366210938,170.82000732421875,171.00999450683594,170.82000732421875,26094100,False
QQQ,2019-02-14,170.39999389648438,171.8300018310547,169.8300018310547,171.22000122070312,169.8300018310547,30326800,False
QQQ,2019-02-15,172.52000427246094,172.55999755859375,171.13999938964844,171.94000244140625,171.13999938964844,32521700,False
QQQ,2019-02-19,171.41000366210938,172.8000030517578,171.3800048828125,172.27999877929688,171.3800048828125,19487700,False
QQQ,2019-02-20,172.39999389648438,173.0800018310547,171.32000732421875,172.25,171.32000732421875,32593000,False
QQQ,2019-02-21,171.7899932861328,172.25999450683594,170.7100067138672,171.6199951171875,170.7100067138672,25207400,False
QQQ,2019-02-22,171.99000549316406,173.00999450683594,171.89999389648438,172.88999938964844,171.89999389648438,27735400,False
QQQ,2019-02-25,174.2100067138672,174.66000366210938,173.39999389648438,173.52000427246094,173.39999389648438,32608800,False
QQQ,2019-02-26,173.10000610351562,174.25,172.80999755859375,173.6999969482422,172.80999755859375,21939700,False
QQQ,2019-02-27,172.89999389648438,173.8000030517578,171.75999450683594,173.58999633789062,171.75999450683594,25162000,False
QQQ,2019-02-28,173.0500030517578,173.80999755859375,172.6999969482422,173.19000244140625,172.6999969482422,25085500,False
QQQ,2019-03-01,174.44000244140625,174.64999389648438,173.17999267578125,174.38999938964844,173.17999267578125,31431200,False
QQQ,2019-03-04,175.5399932861328,175.7899932861328,172.47000122070312,174.4199981689453,172.47000122070312,38063500,False
QQQ,2019-03-05,174.5500030517578,175.08999633789062,173.69000244140625,174.5500030517578,173.69000244140625,22319900,False
QQQ,2019-03-06,174.72000122070312,174.75,173.27999877929688,173.55999755859375,173.27999877929688,27194600,False
QQQ,2019-03-07,173.1199951171875,173.17999267578125,170.7899932861328,171.42999267578125,170.7899932861328,39407400,False
QQQ,2019-03-08,169.50999450683594,171.25999450683594,169.33999633789062,171.1699981689453,169.33999633789062,39303200,False
QQQ,2019-03-11,171.8800048828125,174.85000610351562,171.85000610351562,174.72999572753906,171.85000610351562,30518400,False
QQQ,2019-03-12,175.19000244140625,176.13999938964844,174.77000427246094,175.69000244140625,174.77000427246094,33953500,False
QQQ,2019-03-13,176.60000610351562,177.92999267578125,176.35000610351562,177.00999450683594,176.35000610351562,42426100,False
QQQ,2019-03-14,177.1300048828125,177.33999633789062,176.66000366210938,176.7100067138672,176.66000366210938,23751500,False
QQQ,2019-03-15,177.39999389648438,178.8800048828125,177.27999877929688,178.35000610351562,177.27999877929688,38192000,False
QQQ,2019-03-18,177.9499969482422,178.99000549316406,177.58999633789062,178.4499969482422,177.58999633789062,32935100,False
QQQ,2019-03-19,179.17999267578125,180.0,178.2899932861328,179.0500030517578,178.2899932861328,36893300,False
QQQ,2019-03-20,179.05999755859375,180.86000061035156,178.24000549316406,179.75999450683594,178.24000549316406,50105000,False
QQQ,2019-03-21,179.22000122070312,182.8300018310547,179.1999969482422,182.57000732421875,179.1999969482422,42428500,False
QQQ,2019-03-22,181.77999877929688,182.27000427246094,178.3699951171875,178.55999755859375,178.3699951171875,70794500,False
QQQ,2019-03-25,177.91000366210938,178.83999633789062,176.92999267578125,178.22000122070312,176.92999267578125,46336500,False
QQQ,2019-03-26,179.60000610351562,180.69000244140625,178.13999938964844,179.0500030517578,178.13999938964844,33248100,False
QQQ,2019-03-27,179.32000732421875,179.72000122070312,176.60000610351562,177.89999389648438,176.60000610351562,37096700,False
QQQ,2019-03-28,178.36000061035156,178.97999572753906,177.24000549316406,178.30999755859375,177.24000549316406,30368200,False
QQQ,2019-03-29,179.69000244140625,179.8300018310547,178.58999633789062,179.66000366210938,178.58999633789062,35205500,False
QQQ,2019-04-01,181.50999450683594,182.25999450683594,180.77000427246094,182.0399932861328,180.77000427246094,30969500,False
QQQ,2019-04-02,182.24000549316406,182.91000366210938,181.77999877929688,182.72999572753906,181.77999877929688,22645200,False
QQQ,2019-04-03,183.75999450683594,184.9199981689453,183.2100067138672,183.77999877929688,183.2100067138672,31633500,False
QQQ,2019-04-04,183.8300018310547,184.5,182.64999389648438,183.7100067138672,182.64999389648438,28530800,False
QQQ,2019-04-05,184.24000549316406,184.77000427246094,184.02000427246094,184.66000366210938,184.02000427246094,25674700,False
QQQ,2019-04-08,184.36000061035156,185.27999877929688,183.6300048828125,185.1300048828125,183.6300048828125,22697500,False
QQQ,2019-04-09,184.5,185.11000061035156,184.08999633789062,184.47999572753906,184.08999633789062,25631900,False
QQQ,2019-04-10,184.72000122070312,185.52999877929688,184.52000427246094,185.47000122070312,184.52000427246094,24563000,False
QQQ,2019-04-11,185.77999877929688,185.77999877929688,184.69000244140625,185.02999877929688,184.69000244140625,20654100,False
QQQ,2019-04-12,185.85000610351562,185.9499969482422,185.05999755859375,185.8300018310547,185.05999755859375,24989100,False
QQQ,2019-04-15,185.83999633789062,186.07000732421875,184.6199951171875,185.86000061035156,184.6199951171875,21073000,False
QQQ,2019-04-16,186.5399932861328,186.91000366210938,185.92999267578125,186.5,185.92999267578125,27195700,False
QQQ,2019-04-17,187.75,187.92999267578125,186.60000610351562,187.14999389648438,186.60000610351562,29651600,False
QQQ,2019-04-18,187.4600067138672,187.7899932861328,186.2899932861328,187.38999938964844,186.2899932861328,28580900,False
QQQ,2019-04-22,186.57000732421875,187.99000549316406,186.42999267578125,187.9199981689453,186.42999267578125,17936000,False
QQQ,2019-04-23,188.39999389648438,190.5399932861328,188.1300048828125,190.30999755859375,188.1300048828125,33665600,False
QQQ,2019-04-24,190.47000122070312,190.7100067138672,189.64999389648438,189.7100067138672,189.64999389648438,24977100,False
QQQ,2019-04-25,191.1300048828125,191.22000122070312,189.4499969482422,190.47999572753906,189.4499969482422,29517500,False
QQQ,2019-04-26,190.17999267578125,190.69000244140625,188.58999633789062,190.64999389648438,188.58999633789062,26359500,False
QQQ,2019-04-29,190.64999389648438,191.32000732421875,190.33999633789062,191.02000427246094,190.33999633789062,21716200,False
QQQ,2019-04-30,189.47999572753906,189.85000610351562,188.2100067138672,189.5399932861328,188.2100067138672,31495300,False
QQQ,2019-05-01,190.77999877929688,191.32000732421875,188.8000030517578,188.92999267578125,188.8000030517578,34797100,False
QQQ,2019-05-02,188.8699951171875,189.85000610351562,186.8699951171875,188.11000061035156,186.8699951171875,44110100,False
QQQ,2019-05-03,189.6699981689453,191.25,189.3300018310547,191.11000061035156,189.3300018310547,30386200,False
QQQ,2019-05-06,187.0500030517578,190.1999969482422,186.75999450683594,189.94000244140625,186.75999450683594,38371800,False
QQQ,2019-05-07,187.8699951171875,188.6699981689453,184.50999450683594,186.24000549316406,184.50999450683594,58818100,False
QQQ,2019-05-08,185.6300048828125,187.1699981689453,184.9600067138672,185.77000427246094,184.9600067138672,37165300,False
QQQ,2019-05-09,183.6999969482422,185.41000366210938,182.08999633789062,184.77000427246094,182.08999633789062,55351700,False
QQQ,2019-05-10,184.11000061035156,185.88999938964844,181.02999877929688,185.0,181.02999877929688,58526400,False
QQQ,2019-05-13,180.2899932861328,181.25999450683594,178.05999755859375,178.5800018310547,178.05999755859375,67185800,False
QQQ,2019-05-14,179.52000427246094,181.6300048828125,178.86000061035156,180.5399932861328,178.86000061035156,43360600,False
QQQ,2019-05-15,179.35000610351562,183.5500030517578,179.30999755859375,183.08999633789062,179.30999755859375,40944500,False
QQQ,2019-05-16,183.1699981689453,186.07000732421875,182.9499969482422,184.92999267578125,182.9499969482422,39281200,False
QQQ,2019-05-17,183.10000610351562,185.5800018310547,182.8800048828125,183.0399932861328,182.8800048828125,44702300,False
QQQ,2019-05-20,180.49000549316406,181.17999267578125,179.33999633789062,179.9499969482422,179.33999633789062,38608300,False
QQQ,2019-05-21,181.5,182.3300018310547,180.9199981689453,181.8300018310547,180.9199981689453,31613800,False
QQQ,2019-05-22,180.82000732421875,182.07000732421875,180.75,181.02000427246094,180.75,24332600,False
QQQ,2019-05-23,178.94000244140625,179.02000427246094,177.13999938964844,178.25,177.13999938964844,45351300,False
QQQ,2019-05-24,179.2100067138672,179.85000610351562,177.94000244140625,178.16000366210938,177.94000244140625,25903300,False
QQQ,2019-05-28,178.66000366210938,179.66000366210938,177.47000122070312,177.49000549316406,177.47000122070312,24763800,False
QQQ,2019-05-29,176.38999938964844,177.0,175.08999633789062,176.02999877929688,175.08999633789062,42178800,False
QQQ,2019-05-30,176.5,177.27000427246094,175.77000427246094,176.77000427246094,175.77000427246094,30354800,False
QQQ,2019-05-31,174.69000244140625,175.2899932861328,173.8699951171875,173.9499969482422,173.8699951171875,45446200,False
QQQ,2019-06-03,173.47999572753906,173.9499969482422,169.27000427246094,170.1199951171875,169.27000427246094,75842300,False
QQQ,2019-06-04,172.02999877929688,174.97000122070312,171.3699951171875,174.91000366210938,171.3699951171875,47797800,False
QQQ,2019-06-05,176.5800018310547,176.61000061035156,174.3800048828125,176.2100067138672,174.3800048828125,34412700,False
QQQ,2019-06-06,176.50999450683594,178.0399932861328,175.72999572753906,177.61000061035156,175.72999572753906,29913200,False
QQQ,2019-06-07,178.55999755859375,181.77000427246094,178.3300018310547,181.0399932861328,178.3300018310547,45888300,False
QQQ,2019-06-10,182.25,184.85000610351562,182.2100067138672,183.14999389648438,182.2100067138672,41385300,False
QQQ,2019-06-11,185.05999755859375,185.39999389648438,182.77999877929688,183.39999389648438,182.77999877929688,41260300,False
QQQ,2019-06-12,182.89999389648438,183.27999877929688,182.0,182.33999633789062,182.0,27758100,False
QQQ,2019-06-13,183.10000610351562,183.8699951171875,182.74000549316406,183.4199981689453,182.74000549316406,23715800,False
QQQ,2019-06-14,182.47999572753906,183.11000061035156,181.94000244140625,182.63999938964844,181.94000244140625,22844100,False
QQQ,2019-06-17,183.0399932861328,184.25,182.83999633789062,183.74000549316406,182.83999633789062,20379500,False
QQQ,2019-06-18,185.91000366210938,187.72000122070312,185.42999267578125,186.41000366210938,185.42999267578125,48177300,False
QQQ,2019-06-19,186.66000366210938,187.52999877929688,185.57000732421875,187.11000061035156,185.57000732421875,31672900,False
QQQ,2019-06-20,189.72000122070312,189.75999450683594,187.16000366210938,188.85000610351562,187.16000366210938,40922000,False
QQQ,2019-06-21,188.6300048828125,189.77000427246094,188.1699981689453,188.57000732421875,188.1699981689453,39980400,False
QQQ,2019-06-24,188.52999877929688,188.72000122070312,188.05999755859375,188.16000366210938,188.05999755859375,19375200,False
QQQ,2019-06-25,188.02999877929688,188.13999938964844,184.64999389648438,184.92999267578125,184.64999389648438,33921100,False
QQQ,2019-06-26,186.16000366210938,187.3300018310547,185.49000549316406,185.7899932861328,185.49000549316406,22595700,False
QQQ,2019-06-27,186.4600067138672,186.94000244140625,185.99000549316406,186.5,185.99000549316406,19709200,False
QQQ,2019-06-28,186.9499969482422,187.14999389648438,186.07000732421875,186.74000549316406,186.07000732421875,21179200,False
QQQ,2019-07-01,190.32000732421875,190.57000732421875,188.3800048828125,189.25999450683594,188.3800048828125,31025600,False
QQQ,2019-07-02,189.1999969482422,190.02999877929688,188.66000366210938,190.00999450683594,188.66000366210938,18035800,False
QQQ,2019-07-03,190.49000549316406,191.44000244140625,190.2899932861328,191.44000244140625,190.2899932861328,15792100,False
QQQ,2019-07-05,190.1300048828125,191.39999389648438,189.38999938964844,191.0500030517578,189.38999938964844,21415600,False
QQQ,2019-07-08,189.80999755859375,189.8699951171875,188.92999267578125,189.7100067138672,188.92999267578125,17598800,False
QQQ,2019-07-09,188.80999755859375,190.89999389648438,188.64999389648438,190.66000366210938,188.64999389648438,19193500,False
QQQ,2019-07-10,191.82000732421875,193.08999633789062,191.47000122070312,192.55999755859375,191.47000122070312,28374500,False
QQQ,2019-07-11,192.85000610351562,193.33999633789062,191.80999755859375,192.4199981689453,191.80999755859375,23736100,False
QQQ,2019-07-12,192.6300048828125,193.5399932861328,192.4499969482422,193.52999877929688,192.4499969482422,20211900,False
QQQ,2019-07-15,193.97999572753906,194.19000244140625,193.44000244140625,194.14999389648438,193.44000244140625,15606100,False
QQQ,2019-07-16,193.91000366210938,194.08999633789062,192.55999755859375,193.14999389648438,192.55999755859375,20190900,False
QQQ,2019-07-17,193.14999389648438,193.49000549316406,192.17999267578125,192.1999969482422,192.17999267578125,16765100,False
QQQ,2019-07-18,191.2899932861328,192.7899932861328,190.69000244140625,192.4199981689453,190.69000244140625,28877000,False
QQQ,2019-07-19,193.74000549316406,193.8300018310547,190.80999755859375,191.00999450683594,190.80999755859375,29387900,False
QQQ,2019-07-22,191.44000244140625,192.94000244140625,191.44000244140625,192.52999877929688,191.44000244140625,18954900,False
QQQ,2019-07-23,193.5800018310547,193.80999755859375,192.2899932861328,193.7899932861328,192.2899932861328,23786700,False
QQQ,2019-07-24,193.0500030517578,195.16000366210938,193.02999877929688,195.14999389648438,193.02999877929688,20422900,False
QQQ,2019-07-25,194.49000549316406,194.52000427246094,192.92999267578125,193.3000030517578,192.92999267578125,23434700,False
QQQ,2019-07-26,194.52999877929688,195.5500030517578,194.42999267578125,195.2899932861328,194.42999267578125,20431200,False
QQQ,2019-07-29,195.11000061035156,195.17999267578125,193.38999938964844,194.6199951171875,193.38999938964844,20451700,False
QQQ,2019-07-30,193.1300048828125,194.5399932861328,192.99000549316406,193.77999877929688,192.99000549316406,18705000,False
QQQ,2019-07-31,194.3000030517578,194.42999267578125,189.32000732421875,191.10000610351562,189.32000732421875,41627500,False
QQQ,2019-08-01,191.42999267578125,194.97999572753906,189.22999572753906,190.14999389648438,189.22999572753906,63251600,False
QQQ,2019-08-02,188.72000122070312,188.99000549316406,186.2100067138672,187.35000610351562,186.2100067138672,55214000,False
QQQ,2019-08-05,183.42999267578125,183.50999450683594,179.1999969482422,180.72999572753906,179.1999969482422,75040000,False
QQQ,2019-08-06,182.39999389648438,183.8000030517578,181.07000732421875,183.25999450683594,181.07000732421875,41897200,False
QQQ,2019-08-07,181.27000427246094,184.50999450683594,179.88999938964844,184.25,179.88999938964844,49990600,False
QQQ,2019-08-08,185.0800018310547,188.32000732421875,184.57000732421875,188.25999450683594,184.57000732421875,38418100,False
QQQ,2019-08-09,187.36000061035156,188.0,185.02999877929688,186.49000549316406,185.02999877929688,33608900,False
QQQ,2019-08-12,185.33999633789062,185.89999389648438,183.5,184.35000610351562,183.5,24642900,False
QQQ,2019-08-13,184.19000244140625,189.67999267578125,184.02000427246094,188.38999938964844,184.02000427246094,40241900,False
QQQ,2019-08-14,185.36000061035156,185.9499969482422,182.4199981689453,182.75999450683594,182.4199981689453,51000500,False
QQQ,2019-08-15,183.0,183.58999633789062,181.16000366210938,182.5500030517578,181.16000366210938,36685000,False
QQQ,2019-08-16,184.2100067138672,185.9499969482422,184.10000610351562,185.47999572753906,184.10000610351562,32781400,False
QQQ,2019-08-19,188.16000366210938,188.8300018310547,187.5,188.42999267578125,187.5,22494100,False
QQQ,2019-08-20,187.9600067138672,188.63999938964844,186.9199981689453,186.97000122070312,186.9199981689453,19902900,False
QQQ,2019-08-21,188.61000061035156,189.22999572753906,187.9600067138672,188.6300048828125,187.9600067138672,20418500,False
QQQ,2019-08-22,188.97999572753906,189.4600067138672,186.5399932861328,188.02000427246094,186.5399932861328,24243700,False
QQQ,2019-08-23,186.74000549316406,188.4499969482422,181.55999755859375,182.07000732421875,181.55999755859375,55372400,False
QQQ,2019-08-26,184.13999938964844,184.8699951171875,183.0800018310547,184.82000732421875,183.0800018310547,27598900,False
QQQ,2019-08-27,186.11000061035156,186.4199981689453,183.7100067138672,184.42999267578125,183.7100067138672,28012800,False
QQQ,2019-08-28,183.8300018310547,185.39999389648438,182.91000366210938,185.08999633789062,182.91000366210938,21792400,False
QQQ,2019-08-29,187.38999938964844,188.4600067138672,186.67999267578125,187.9199981689453,186.67999267578125,25358900,False
QQQ,2019-08-30,188.92999267578125,188.97000122070312,186.41000366210938,187.47000122070312,186.41000366210938,26319800,False
QQQ,2019-09-03,186.22000122070312,187.17999267578125,185.02999877929688,185.64999389648438,185.02999877929688,27964200,False
QQQ,2019-09-04,187.44000244140625,188.49000549316406,186.89999389648438,188.3300018310547,186.89999389648438,21592100,False
QQQ,2019-09-05,190.41000366210938,192.3300018310547,190.33999633789062,191.77999877929688,190.33999633789062,33932600,False
QQQ,2019-09-06,192.10000610351562,192.1699981689453,191.1699981689453,191.58999633789062,191.1699981689453,19487800,False
QQQ,2019-09-09,192.19000244140625,192.27000427246094,190.22000122070312,191.19000244140625,190.22000122070312,24407600,False
QQQ,2019-09-10,190.16000366210938,190.74000549316406,188.91000366210938,190.63999938964844,188.91000366210938,23744700,False
QQQ,2019-09-11,191.0,192.52999877929688,190.55999755859375,192.42999267578125,190.55999755859375,25063600,False
QQQ,2019-09-12,193.61000061035156,194.7100067138672,192.97000122070312,193.22999572753906,192.97000122070312,28689900,False
QQQ,2019-09-13,192.9499969482422,193.39999389648438,192.2899932861328,192.5399932861328,192.2899932861328,27669800,False
QQQ,2019-09-16,191.3000030517578,192.0800018310547,191.11000061035156,191.67999267578125,191.11000061035156,20319000,False
QQQ,2019-09-17,191.6999969482422,192.60000610351562,191.2899932861328,192.60000610351562,191.2899932861328,20953400,False
QQQ,2019-09-18,192.1999969482422,192.60000610351562,190.11000061035156,192.52000427246094,190.11000061035156,29781300,False
QQQ,2019-09-19,192.86000061035156,194.0399932861328,192.47000122070312,192.83999633789062,192.47000122070312,26039400,False
QQQ,2019-09-20,193.11000061035156,193.30999755859375,190.16000366210938,190.8000030517578,190.16000366210938,29086100,False
QQQ,2019-09-23,190.36000061035156,191.07000732421875,189.72000122070312,190.5,189.72000122070312,22485900,False
QQQ,2019-09-24,191.3699951171875,191.7899932861328,187.14999389648438,187.97000122070312,187.14999389648438,40820700,False
QQQ,2019-09-25,187.77999877929688,190.5800018310547,186.2100067138672,190.0800018310547,186.2100067138672,34704900,False
QQQ,2019-09-26,189.8300018310547,190.0,187.97999572753906,189.3800048828125,187.97999572753906,26826000,False
QQQ,2019-09-27,189.72999572753906,189.8300018310547,185.75,187.02999877929688,185.75,40773500,False
QQQ,2019-09-30,187.7899932861328,189.11000061035156,187.39999389648438,188.80999755859375,187.39999389648438,26307700,False
QQQ,2019-10-01,189.5,190.58999633789062,186.9600067138672,187.27000427246094,186.9600067138672,32367600,False
QQQ,2019-10-02,186.0,186.02999877929688,183.02000427246094,184.0500030517578,183.02000427246094,48544300,False
QQQ,2019-10-03,184.02999877929688,186.2100067138672,181.82000732421875,186.07000732421875,181.82000732421875,39392500,False
QQQ,2019-10-04,187.0800018310547,189.0800018310547,186.8800048828125,188.80999755859375,186.8800048828125,31887600,False
QQQ,2019-10-07,188.27000427246094,189.74000549316406,187.91000366210938,188.24000549316406,187.91000366210938,21216000,False
QQQ,2019-10-08,187.05999755859375,187.86000061035156,185.27000427246094,185.4199981689453,185.27000427246094,32379300,False
QQQ,2019-10-09,186.99000549316406,188.0800018310547,186.42999267578125,187.22999572753906,186.42999267578125,20147400,False
QQQ,2019-10-10,187.27999877929688,189.42999267578125,187.1199951171875,188.67999267578125,187.1199951171875,25177700,False
QQQ,2019-10-11,190.8300018310547,192.6300048828125,190.72000122070312,191.11000061035156,190.72000122070312,40976700,False
QQQ,2019-10-14,190.83999633789062,191.6999969482422,190.64999389648438,191.08999633789062,190.64999389648438,14975000,False
QQQ,2019-10-15,191.67999267578125,193.97000122070312,191.55999755859375,193.52000427246094,191.55999755859375,23234200,False
QQQ,2019-10-16,192.86000061035156,193.52999877929688,192.42999267578125,193.0399932861328,192.42999267578125,20457100,False
QQQ,2019-10-17,194.1999969482422,194.5,192.80999755859375,193.5500030517578,192.80999755859375,19045200,False
QQQ,2019-10-18,193.1999969482422,193.6699981689453,190.7100067138672,191.69000244140625,190.7100067138672,27700800,False
QQQ,2019-10-21,192.7100067138672,193.52000427246094,192.13999938964844,193.38999938964844,192.13999938964844,15801200,False
QQQ,2019-10-22,194.14999389648438,194.4199981689453,191.7899932861328,191.85000610351562,191.7899932861328,22392300,False
QQQ,2019-10-23,191.4600067138672,192.25999450683594,191.14999389648438,192.22000122070312,191.14999389648438,14828400,False
QQQ,2019-10-24,193.58999633789062,194.2100067138672,192.74000549316406,194.08999633789062,192.74000549316406,18998500,False
QQQ,2019-10-25,193.08999633789062,195.74000549316406,193.0500030517578,195.63999938964844,193.0500030517578,21507100,False
QQQ,2019-10-28,196.5500030517578,197.8300018310547,196.5500030517578,197.57000732421875,196.5500030517578,18818700,False
QQQ,2019-10-29,197.24000549316406,197.5399932861328,196.00999450683594,196.0399932861328,196.00999450683594,18569700,False
QQQ,2019-10-30,196.4199981689453,197.32000732421875,195.2899932861328,196.99000549316406,195.2899932861328,21764300,False
QQQ,2019-10-31,197.55999755859375,197.64999389648438,195.94000244140625,197.0800018310547,195.94000244140625,26801800,False
QQQ,2019-11-01,197.92999267578125,198.8800048828125,197.6300048828125,198.8699951171875,197.6300048828125,22131900,False
QQQ,2019-11-04,200.19000244140625,200.52999877929688,198.8699951171875,200.10000610351562,198.8699951171875,19015900,False
QQQ,2019-11-05,200.35000610351562,200.5500030517578,199.5500030517578,200.2100067138672,199.5500030517578,15048900,False
QQQ,2019-11-06,199.97999572753906,200.0,198.7899932861328,199.75999450683594,198.7899932861328,19725500,False
QQQ,2019-11-07,200.75999450683594,201.72000122070312,199.85000610351562,200.42999267578125,199.85000610351562,17832400,False
QQQ,2019-11-08,200.07000732421875,201.25,199.5399932861328,201.22999572753906,199.5399932861328,15258800,False
QQQ,2019-11-11,200.2100067138672,201.0399932861328,199.94000244140625,200.9600067138672,199.94000244140625,10147600,False
QQQ,2019-11-12,201.1300048828125,202.2100067138672,200.82000732421875,201.5399932861328,200.82000732421875,14778300,False
QQQ,2019-11-13,200.83999633789062,201.77999877929688,200.7100067138672,201.58999633789062,200.7100067138672,15774600,False
QQQ,2019-11-14,200.8300018310547,201.55999755859375,200.22000122070312,201.42999267578125,200.22000122070312,16945400,False
QQQ,2019-11-15,202.64999389648438,202.91000366210938,202.0,202.91000366210938,202.0,18427900,False
QQQ,2019-11-18,202.58999633789062,203.38999938964844,201.77000427246094,203.07000732421875,201.77000427246094,18365900,False
QQQ,2019-11-19,203.83999633789062,203.83999633789062,202.58999633789062,203.3699951171875,202.58999633789062,16923300,False
QQQ,2019-11-20,202.83999633789062,203.4499969482422,200.6199951171875,202.14999389648438,200.6199951171875,36629000,False
QQQ,2019-11-21,201.92999267578125,202.07000732421875,201.07000732421875,201.6999969482422,201.07000732421875,17883600,False
QQQ,2019-11-22,202.1999969482422,202.32000732421875,200.74000549316406,201.8300018310547,200.74000549316406,17189600,False
QQQ,2019-11-25,202.6999969482422,204.25999450683594,202.6699981689453,204.22000122070312,202.6699981689453,17752800,False
QQQ,2019-11-26,204.35000610351562,204.8699951171875,204.0500030517578,204.61000061035156,204.0500030517578,14780600,False
QQQ,2019-11-27,205.13999938964844,206.0500030517578,204.88999938964844,206.0399932861328,204.88999938964844,16963100,False
QQQ,2019-11-29,205.52000427246094,205.8300018310547,205.0,205.10000610351562,205.0,9854600,False
QQQ,2019-12-02,205.11000061035156,205.17999267578125,201.77999877929688,203.0,201.77999877929688,28007000,False
QQQ,2019-12-03,200.2100067138672,201.49000549316406,199.22999572753906,201.41000366210938,199.22999572753906,31104100,False
QQQ,2019-12-04,202.44000244140625,202.91000366210938,202.13999938964844,202.42999267578125,202.13999938964844,15300100,False
QQQ,2019-12-05,203.14999389648438,203.14999389648438,201.83999633789062,202.8300018310547,201.83999633789062,14962300,False
QQQ,2019-12-06,204.30999755859375,205.14999389648438,204.14999389648438,205.0,204.14999389648438,16555300,False
QQQ,2019-12-09,204.6300048828125,205.58999633789062,203.97999572753906,204.07000732421875,203.97999572753906,13984100,False
QQQ,2019-12-10,204.1699981689453,204.8800048828125,203.44000244140625,203.89999389648438,203.44000244140625,21799800,False
QQQ,2019-12-11,204.36000061035156,205.19000244140625,204.0399932861328,204.97999572753906,204.0399932861328,18780800,False
QQQ,2019-12-12,204.77000427246094,207.32000732421875,204.49000549316406,206.50999450683594,204.49000549316406,32612000,False
QQQ,2019-12-13,206.39999389648438,207.91000366210938,205.9600067138672,207.19000244140625,205.9600067138672,32519400,False
QQQ,2019-12-16,208.5500030517578,209.52999877929688,208.47999572753906,209.27000427246094,208.47999572753906,21296600,False
QQQ,2019-12-17,209.5399932861328,209.7100067138672,209.0399932861328,209.38999938964844,209.0399932861328,15996100,False
QQQ,2019-12-18,209.57000732421875,210.1300048828125,209.3300018310547,209.5500030517578,209.3300018310547,15443300,False
QQQ,2019-12-19,209.63999938964844,210.92999267578125,209.6199951171875,210.86000061035156,209.6199951171875,17865900,False
QQQ,2019-12-20,211.86000061035156,212.52000427246094,211.27000427246094,211.7100067138672,211.27000427246094,27672600,False
QQQ,2019-12-23,212.0,212.14999389648438,211.6300048828125,211.80999755859375,211.6300048828125,23774700,False
QQQ,2019-12-24,212.0,212.08999633789062,211.44000244140625,211.9199981689453,211.44000244140625,7089000,False
QQQ,2019-12-26,212.25999450683594,213.80999755859375,212.22999572753906,213.7899932861328,212.22999572753906,17067500,False
QQQ,2019-12-27,214.5399932861328,214.55999755859375,213.0399932861328,213.61000061035156,213.0399932861328,18134100,False
QQQ,2019-12-30,213.5,213.6300048828125,211.16000366210938,212.2100067138672,211.16000366210938,21815500,False
QQQ,2019-12-31,211.52999877929688,212.75999450683594,211.1999969482422,212.61000061035156,211.1999969482422,18170900,False
QQQ,2020-01-02,214.39999389648438,216.16000366210938,213.97999572753906,216.16000366210938,213.97999572753906,30969400,False
QQQ,2020-01-03,213.3000030517578,215.47000122070312,213.27999877929688,214.17999267578125,213.27999877929688,27518900,False
QQQ,2020-01-06,212.5,215.58999633789062,212.24000549316406,215.55999755859375,212.24000549316406,21655300,False
QQQ,2020-01-07,215.63999938964844,216.13999938964844,214.85000610351562,215.52999877929688,214.85000610351562,22139300,False
QQQ,2020-01-08,215.5,218.13999938964844,215.16000366210938,217.14999389648438,215.16000366210938,26397300,False
QQQ,2020-01-09,218.94000244140625,219.41000366210938,217.7100067138672,218.99000549316406,217.7100067138672,23547000,False
QQQ,2020-01-10,219.85000610351562,219.8699951171875,218.0399932861328,218.42999267578125,218.0399932861328,21898500,False
QQQ,2020-01-13,219.3300018310547,220.97999572753906,218.97999572753906,220.9499969482422,218.97999572753906,22756900,False
QQQ,2020-01-14,220.83999633789062,221.2100067138672,219.74000549316406,220.0800018310547,219.74000549316406,24418100,False
QQQ,2020-01-15,220.1999969482422,221.1999969482422,219.4499969482422,220.1699981689453,219.4499969482422,25742100,False
QQQ,2020-01-16,221.27000427246094,222.32000732421875,220.8000030517578,222.27999877929688,220.8000030517578,18805000,False
QQQ,2020-01-17,223.27999877929688,223.55999755859375,222.1199951171875,223.3800048828125,222.1199951171875,24325200,False
QQQ,2020-01-21,222.75999450683594,223.83999633789062,222.66000366210938,223.27999877929688,222.66000366210938,21146300,False
QQQ,2020-01-22,224.41000366210938,225.14999389648438,223.58999633789062,223.8699951171875,223.58999633789062,20736400,False
QQQ,2020-01-23,223.74000549316406,224.69000244140625,222.6999969482422,224.58999633789062,222.6999969482422,26496100,False
QQQ,2020-01-24,225.63999938964844,225.8800048828125,221.6699981689453,222.6999969482422,221.6699981689453,37436500,False
QQQ,2020-01-27,217.6699981689453,219.27999877929688,217.17999267578125,218.10000610351562,217.17999267578125,42264400,False
QQQ,2020-01-28,219.63999938964844,221.9600067138672,219.05999755859375,221.4499969482422,219.05999755859375,26731900,False
QQQ,2020-01-29,222.67999267578125,222.92999267578125,220.8300018310547,221.80999755859375,220.8300018310547,28924500,False
QQQ,2020-01-30,220.3800048828125,222.6999969482422,219.69000244140625,222.60000610351562,219.69000244140625,39568100,False
QQQ,2020-01-31,223.52999877929688,223.55999755859375,218.2899932861328,219.07000732421875,218.2899932861328,52015800,False
QQQ,2020-02-03,220.13999938964844,222.88999938964844,219.99000549316406,222.3800048828125,219.99000549316406,25408600,False
QQQ,2020-02-04,225.4199981689453,227.86000061035156,224.64999389648438,227.47000122070312,224.64999389648438,30691200,False
QQQ,2020-02-05,230.2100067138672,230.25,226.85000610351562,228.22000122070312,226.85000610351562,38534800,False
QQQ,2020-02-06,228.7899932861328,230.25,227.97999572753906,230.19000244140625,227.97999572753906,22467100,False
QQQ,2020-02-07,229.16000366210938,230.44000244140625,228.5399932861328,229.1999969482422,228.5399932861328,25884900,False
QQQ,2020-02-10,228.44000244140625,231.97999572753906,228.3800048828125,231.97000122070312,228.3800048828125,21478900,False
QQQ,2020-02-11,233.25,234.02000427246094,231.39999389648438,232.00999450683594,231.39999389648438,30198000,False
QQQ,2020-02-12,233.3800048828125,234.3800048828125,232.8000030517578,234.27000427246094,232.8000030517578,24471300,False
QQQ,2020-02-13,232.63999938964844,234.92999267578125,232.36000061035156,233.97000122070312,232.36000061035156,22773200,False
QQQ,2020-02-14,234.33999633789062,234.86000061035156,233.5500030517578,234.63999938964844,233.5500030517578,23438500,False
QQQ,2020-02-18,233.5,235.1699981689453,233.25,234.72999572753906,233.25,24394500,False
QQQ,2020-02-19,236.1300048828125,237.47000122070312,235.85000610351562,236.97999572753906,235.85000610351562,22230500,False
QQQ,2020-02-20,236.4600067138672,236.9499969482422,231.8800048828125,234.77999877929688,231.8800048828125,42604000,False
QQQ,2020-02-21,233.61000061035156,234.00999450683594,229.32000732421875,230.27000427246094,229.32000732421875,66017200,False
QQQ,2020-02-24,221.67999267578125,224.25,220.25999450683594,221.38999938964844,220.25999450683594,84522600,False
QQQ,2020-02-25,223.25,223.99000549316406,214.74000549316406,215.3699951171875,214.74000549316406,97743000,False
QQQ,2020-02-26,216.7100067138672,220.27999877929688,214.89999389648438,216.47999572753906,214.89999389648438,79537700,False
QQQ,2020-02-27,210.89999389648438,216.4199981689453,205.5,205.63999938964844,205.5,121822600,True
QQQ,2020-02-28,198.63999938964844,207.1699981689453,198.1699981689453,205.8000030517578,198.3334197998047,148173700,False
QQQ,2020-03-02,208.8800048828125,216.57000732421875,205.94000244140625,216.4199981689453,208.56809997558594,112933900,True
QQQ,2020-03-03,217.11000061035156,219.61000061035156,207.6199951171875,209.47999572753906,207.6199951171875,131953500,False
QQQ,2020-03-04,213.32000732421875,218.3300018310547,211.3699951171875,218.22000122070312,211.3699951171875,73086200,False
QQQ,2020-03-05,212.69000244140625,216.36000061035156,210.10000610351562,211.58999633789062,210.10000610351562,78705500,False
QQQ,2020-03-06,204.6699981689453,209.14999389648438,202.91000366210938,208.02000427246094,202.91000366210938,89828400,False
QQQ,2020-03-09,193.47999572753906,201.16000366210938,192.11000061035156,193.57000732421875,192.11000061035156,116424000,True
QQQ,2020-03-10,201.11000061035156,204.3000030517578,193.67999267578125,204.11000061035156,196.7047119140625,100599200,True
QQQ,2020-03-11,199.35000610351562,200.75,192.72999572753906,195.22000122070312,192.72999572753906,89168800,True
QQQ,2020-03-12,182.08999633789062,190.77999877929688,176.94000244140625,177.32000732421875,176.94000244140625,137820700,True
QQQ,2020-03-13,187.07000732421875,194.47999572753906,178.1300048828125,192.33999633789062,185.36175537109375,134882000,True
QQQ,2020-03-16,174.14999389648438,184.67999267578125,169.16000366210938,169.3000030517578,169.16000366210938,92054400,True
QQQ,2020-03-17,175.47000122070312,184.38999938964844,169.77999877929688,182.13999938964844,175.5318145751953,121257100,True
QQQ,2020-03-18,171.61000061035156,179.22000122070312,166.8000030517578,176.60000610351562,170.1928253173828,114156300,False
QQQ,2020-03-19,175.69000244140625,183.49000549316406,171.6300048828125,177.66000366210938,171.6300048828125,120896500,False
QQQ,2020-03-20,181.74000549316406,182.8699951171875,170.10000610351562,170.6999969482422,170.10000610351562,118983900,False
QQQ,2020-03-23,170.9199981689453,174.2100067138672,164.92999267578125,170.4600067138672,164.92999267578125,124639800,False
QQQ,2020-03-24,179.91000366210938,183.8300018310547,177.9499969482422,183.66000366210938,177.9499969482422,94881800,True
QQQ,2020-03-25,184.4199981689453,189.50999450683594,179.97999572753906,182.3000030517578,179.97999572753906,88754900,False
QQQ,2020-03-26,183.8699951171875,192.72000122070312,183.61000061035156,191.89999389648438,185.33181762695312,79887600,True
QQQ,2020-03-27,186.92999267578125,190.50999450683594,184.66000366210938,185.3000030517578,184.66000366210938,58845000,False
QQQ,2020-03-30,187.05999755859375,192.49000549316406,186.33999633789062,192.0399932861328,186.33999633789062,49356900,False
QQQ,2020-03-31,191.72000122070312,195.25,189.1999969482422,190.39999389648438,189.1999969482422,62659300,False
QQQ,2020-04-01,184.77000427246094,187.66000366210938,180.86000061035156,182.30999755859375,180.86000061035156,53715400,True
QQQ,2020-04-02,181.24000549316406,190.10000610351562,180.97000122070312,186.00999450683594,180.97000122070312,56465300,False
QQQ,2020-04-03,185.5500030517578,187.07000732421875,181.2899932861328,183.3699951171875,181.2899932861328,47487600,False
QQQ,2020-04-06,190.47999572753906,197.64999389648438,189.19000244140625,196.47999572753906,189.7550811767578,64763500,True
QQQ,2020-04-07,202.3699951171875,202.66000366210938,196.0,196.39999389648438,196.0,69904500,False
QQQ,2020-04-08,198.14999389648438,201.1699981689453,196.1699981689453,200.57000732421875,196.1699981689453,45940400,False
QQQ,2020-04-09,202.35000610351562,203.22000122070312,199.02999877929688,200.86000061035156,199.02999877929688,68252600,False
QQQ,2020-04-13,200.0,203.4199981689453,198.75,203.02999877929688,198.75,42853900,False
QQQ,2020-04-14,207.22999572753906,212.5,206.4199981689453,211.86000061035156,206.4199981689453,63959600,False
QQQ,2020-04-15,208.47999572753906,211.8300018310547,207.1199951171875,209.42999267578125,207.1199951171875,47036000,False
QQQ,2020-04-16,211.69000244140625,214.3699951171875,209.69000244140625,213.25,209.69000244140625,64657400,False
QQQ,2020-04-17,216.1699981689453,216.50999450683594,212.0800018310547,215.2899932861328,212.0800018310547,62863200,False
QQQ,2020-04-20,213.36000061035156,215.8800048828125,212.57000732421875,212.74000549316406,212.57000732421875,38249100,False
QQQ,2020-04-21,210.60000610351562,211.16000366210938,203.6300048828125,204.88999938964844,203.6300048828125,72932800,False
QQQ,2020-04-22,209.10000610351562,212.35000610351562,208.3300018310547,210.97000122070312,208.3300018310547,40089100,False
QQQ,2020-04-23,211.7899932861328,214.44000244140625,210.10000610351562,210.52000427246094,210.10000610351562,43278500,False
QQQ,2020-04-24,210.97000122070312,214.3000030517578,209.5,213.83999633789062,209.5,34231900,False
QQQ,2020-04-27,216.19000244140625,216.6300048828125,214.5,215.55999755859375,214.5,36451700,False
QQQ,2020-04-28,217.32000732421875,217.32000732421875,211.2100067138672,211.5,211.2100067138672,46862800,False
QQQ,2020-04-29,216.19000244140625,219.97000122070312,215.13999938964844,219.0,215.13999938964844,48716400,False
QQQ,2020-04-30,219.9499969482422,220.0399932861328,217.35000610351562,218.91000366210938,217.35000610351562,43359500,False
QQQ,2020-05-01,214.5,216.6699981689453,211.67999267578125,212.74000549316406,211.67999267578125,48795000,False
QQQ,2020-05-04,211.4600067138672,215.4499969482422,211.1199951171875,215.22000122070312,211.1199951171875,32841000,False
QQQ,2020-05-05,217.44000244140625,220.13999938964844,216.85000610351562,217.66000366210938,216.85000610351562,37783100,False
QQQ,2020-05-06,219.39999389648438,221.0399932861328,218.11000061035156,219.0,218.11000061035156,36455200,False
QQQ,2020-05-07,221.82000732421875,222.72999572753906,220.4199981689453,221.82000732421875,220.4199981689453,38624800,False
QQQ,2020-05-08,223.5500030517578,225.0,222.47999572753906,224.86000061035156,222.47999572753906,31852300,False
QQQ,2020-05-11,223.49000549316406,227.92999267578125,223.25,226.8699951171875,223.25,35714100,False
QQQ,2020-05-12,227.49000549316406,228.10000610351562,222.08999633789062,222.1199951171875,222.08999633789062,41054100,False
QQQ,2020-05-13,222.66000366210938,224.61000061035156,216.7100067138672,219.33999633789062,216.7100067138672,65521200,False
QQQ,2020-05-14,217.97000122070312,221.8699951171875,215.99000549316406,221.8300018310547,215.99000549316406,51549300,False
QQQ,2020-05-15,218.77999877929688,223.3300018310547,218.3300018310547,223.27000427246094,218.3300018310547,55747200,False
QQQ,2020-05-18,226.27999877929688,228.67999267578125,225.47000122070312,227.42999267578125,225.47000122070312,42398100,False
QQQ,2020-05-19,227.6999969482422,229.85000610351562,226.7100067138672,226.86000061035156,226.7100067138672,36237300,False
QQQ,2020-05-20,229.5,231.75999450683594,229.47999572753906,231.38999938964844,229.47999572753906,37417000,False
QQQ,2020-05-21,231.44000244140625,232.13999938964844,228.33999633789062,228.8699951171875,228.33999633789062,43642900,False
QQQ,2020-05-22,228.4499969482422,229.8699951171875,227.5,229.66000366210938,227.5,28762400,False
QQQ,2020-05-26,233.36000061035156,233.57000732421875,228.7899932861328,229.0399932861328,228.7899932861328,33055300,False
QQQ,2020-05-27,228.69000244140625,230.41000366210938,223.94000244140625,230.2899932861328,223.94000244140625,55665600,False
QQQ,2020-05-28,229.11000061035156,233.47000122070312,229.0500030517578,229.99000549316406,229.0500030517578,42784300,False
QQQ,2020-05-29,230.3800048828125,233.60000610351562,228.75999450683594,233.36000061035156,228.75999450683594,50691800,False
QQQ,2020-06-01,232.4600067138672,234.4499969482422,232.0,234.05999755859375,232.0,25776000,False
QQQ,2020-06-02,234.5,235.69000244140625,232.00999450683594,235.6300048828125,232.00999450683594,33383400,False
QQQ,2020-06-03,236.25999450683594,237.47000122070312,235.35000610351562,236.69000244140625,235.35000610351562,37228700,False
QQQ,2020-06-04,236.3300018310547,237.7899932861328,233.67999267578125,235.02999877929688,233.67999267578125,38716100,False
QQQ,2020-06-05,236.22000122070312,240.3000030517578,235.6300048828125,239.69000244140625,235.6300048828125,47365600,False
QQQ,2020-06-08,239.5399932861328,241.67999267578125,237.91000366210938,241.5500030517578,237.91000366210938,32937300,False
QQQ,2020-06-09,240.66000366210938,244.17999267578125,240.47000122070312,243.3000030517578,240.47000122070312,35046300,False
QQQ,2020-06-10,245.0500030517578,247.82000732421875,244.50999450683594,246.22000122070312,244.50999450683594,58084400,False
QQQ,2020-06-11,242.16000366210938,243.58999633789062,233.9600067138672,234.02000427246094,233.9600067138672,72919400,True
QQQ,2020-06-12,239.08999633789062,240.39999389648438,231.74000549316406,235.8800048828125,231.74000549316406,72034800,False
QQQ,2020-06-15,232.44000244140625,239.4499969482422,231.47000122070312,238.75,231.47000122070312,45307400,False
QQQ,2020-06-16,243.77999877929688,244.38999938964844,239.10000610351562,242.85000610351562,239.10000610351562,48890100,False
QQQ,2020-06-17,244.39999389648438,245.5,242.72999572753906,243.6199951171875,242.72999572753906,34749300,False
QQQ,2020-06-18,243.2899932861328,244.52999877929688,242.49000549316406,244.27999877929688,242.49000549316406,30578600,False
QQQ,2020-06-19,246.72999572753906,247.0,242.4499969482422,244.24000549316406,242.4499969482422,49422100,False
QQQ,2020-06-22,243.67999267578125,246.8699951171875,243.3800048828125,246.74000549316406,243.3800048828125,24068700,False
QQQ,2020-06-23,248.38999938964844,251.14999389648438,247.82000732421875,248.83999633789062,247.82000732421875,32767400,False
QQQ,2020-06-24,248.05999755859375,249.3300018310547,242.16000366210938,243.7100067138672,242.16000366210938,46032400,False
QQQ,2020-06-25,243.8000030517578,246.33999633789062,241.13999938964844,246.02999877929688,241.13999938964844,36940800,False
QQQ,2020-06-26,245.77999877929688,245.9600067138672,239.67999267578125,240.22000122070312,239.67999267578125,52824600,False
QQQ,2020-06-29,239.97000122070312,242.85000610351562,237.35000610351562,242.83999633789062,237.35000610351562,34377800,False
QQQ,2020-06-30,242.77000427246094,248.16000366210938,242.5800018310547,247.60000610351562,242.5800018310547,38909200,False
QQQ,2020-07-01,247.63999938964844,251.52000427246094,247.0800018310547,250.49000549316406,247.0800018310547,34689200,False
QQQ,2020-07-02,253.02000427246094,254.27000427246094,251.7100067138672,252.19000244140625,251.7100067138672,31956500,False
QQQ,2020-07-06,255.4499969482422,258.92999267578125,255.42999267578125,258.3900146484375,255.42999267578125,34589000,False
QQQ,2020-07-07,258.1300048828125,260.8800048828125,256.29998779296875,256.6099853515625,256.29998779296875,36578200,False
QQQ,2020-07-08,257.9800109863281,260.0199890136719,256.5,259.989990234375,256.5,30426300,False
QQQ,2020-07-09,261.9700012207031,262.8699951171875,257.6300048828125,262.17999267578125,257.6300048828125,40312900,False
QQQ,2020-07-10,262.0299987792969,264.2300109863281,259.260009765625,263.9700012207031,259.260009765625,32885300,False
QQQ,2020-07-13,266.9100036621094,269.7900085449219,257.69000244140625,258.5400085449219,257.69000244140625,64108100,False
QQQ,2020-07-14,255.92999267578125,260.7900085449219,252.75999450683594,260.3699951171875,252.75999450683594,72230500,False
QQQ,2020-07-15,261.8299865722656,262.69000244140625,257.489990234375,260.8999938964844,257.489990234375,54523900,False
QQQ,2020-07-16,258.0199890136719,259.7799987792969,255.6199951171875,259.1199951171875,255.6199951171875,47594100,False
QQQ,2020-07-17,259.5899963378906,260.30999755859375,257.1700134277344,259.4200134277344,257.1700134277344,35137900,False
QQQ,2020-07-20,260.0799865722656,267.42999267578125,258.7900085449219,266.7799987792969,258.7900085449219,40610100,False
QQQ,2020-07-21,268.3999938964844,268.4100036621094,263.1300048828125,264.0,263.1300048828125,43243800,False
QQQ,2020-07-22,264.510009765625,265.8900146484375,262.54998779296875,264.92999267578125,262.54998779296875,29865500,False
QQQ,2020-07-23,264.510009765625,265.239990234375,256.54998779296875,258.010009765625,256.54998779296875,51363500,False
QQQ,2020-07-24,254.0399932861328,256.92999267578125,251.32000732421875,255.55999755859375,251.32000732421875,54054500,False
QQQ,2020-07-27,257.260009765625,260.5199890136719,256.45001220703125,260.1199951171875,256.45001220703125,36445700,False
QQQ,2020-07-28,259.30999755859375,259.8500061035156,256.510009765625,256.80999755859375,256.510009765625,31302400,False
QQQ,2020-07-29,258.3999938964844,260.6600036621094,257.9100036621094,259.7699890136719,257.9100036621094,27556900,False
QQQ,2020-07-30,257.739990234375,261.7099914550781,256.54998779296875,261.1300048828125,256.54998779296875,41774500,False
QQQ,2020-07-31,265.9100036621094,265.95001220703125,260.8500061035156,265.7900085449219,260.8500061035156,53686300,False
QQQ,2020-08-03,268.0,270.1499938964844,267.8699951171875,269.3800048828125,267.8699951171875,32081600,False
QQQ,2020-08-04,268.8599853515625,270.4800109863281,268.0899963378906,270.3800048828125,268.0899963378906,24911300,False
QQQ,2020-08-05,270.8800048828125,271.5199890136719,269.9599914550781,271.04998779296875,269.9599914550781,21612100,False
QQQ,2020-08-06,270.8500061035156,274.9800109863281,270.19000244140625,274.6400146484375,270.19000244140625,28048200,False
QQQ,2020-08-07,274.0799865722656,274.8800048828125,269.25,271.4700012207031,269.25,44969400,False
QQQ,2020-08-10,271.7699890136719,271.9800109863281,266.6700134277344,270.30999755859375,266.6700134277344,35088400,False
QQQ,2020-08-11,269.1099853515625,270.44000244140625,264.6300048828125,265.19000244140625,264.6300048828125,43104300,False
QQQ,2020-08-12,267.4200134277344,272.8399963378906,267.3699951171875,271.8599853515625,267.3699951171875,38773400,False
QQQ,2020-08-13,272.6600036621094,274.8299865722656,271.510009765625,272.4800109863281,271.510009765625,31895700,False
QQQ,2020-08-14,273.1199951171875,273.3999938964844,270.7200012207031,272.1600036621094,270.7200012207031,30799500,False
QQQ,2020-08-17,273.92999267578125,275.8399963378906,272.20001220703125,275.32000732421875,272.20001220703125,24803000,False
QQQ,2020-08-18,276.4200134277344,278.4599914550781,274.9100036621094,277.9700012207031,274.9100036621094,23529500,False
QQQ,2020-08-19,277.92999267578125,279.0199890136719,275.57000732421875,276.1000061035156,275.57000732421875,31999400,False
QQQ,2020-08-20,275.2799987792969,280.42999267578125,274.8599853515625,279.92999267578125,274.8599853515625,27723400,False
QQQ,2020-08-21,280.1300048828125,282.3399963378906,279.4599914550781,281.8699951171875,279.4599914550781,34748900,False
QQQ,2020-08-24,285.25,286.0,281.2699890136719,283.6300048828125,281.2699890136719,36418500,False
QQQ,2020-08-25,282.8299865722656,286.05999755859375,282.3699951171875,285.8599853515625,282.3699951171875,34866600,False
QQQ,2020-08-26,287.1499938964844,292.2200012207031,285.8299865722656,291.9599914550781,285.8299865722656,42216700,False
QQQ,2020-08-27,292.9700012207031,293.8500061035156,288.7099914550781,291.04998779296875,288.7099914550781,49482700,False
QQQ,2020-08-28,292.3299865722656,293.17999267578125,290.92999267578125,292.5299987792969,290.92999267578125,28021000,False
QQQ,2020-08-31,293.07000732421875,296.75,292.6199951171875,294.8800048828125,292.6199951171875,36321000,False
QQQ,2020-09-01,297.6199951171875,300.0400085449219,295.7900085449219,299.9200134277344,295.7900085449219,36216200,False
QQQ,2020-09-02,303.2799987792969,303.5,296.8900146484375,302.760009765625,296.8900146484375,50836800,False
QQQ,2020-09-03,298.1000061035156,298.6199951171875,284.4100036621094,287.4100036621094,284.4100036621094,110083300,True
QQQ,2020-09-04,285.55999755859375,288.92999267578125,271.79998779296875,283.5799865722656,274.35015869140625,123959000,False
QQQ,2020-09-08,272.2200012207031,278.2200012207031,269.6600036621094,269.95001220703125,269.6600036621094,99568600,True
QQQ,2020-09-09,275.6400146484375,280.04998779296875,273.0,277.8800048828125,273.0,64837900,False
QQQ,2020-09-10,280.94000244140625,282.20001220703125,270.55999755859375,272.3399963378906,270.55999755859375,69667500,False
QQQ,2020-09-11,274.1499938964844,275.2200012207031,266.8999938964844,270.45001220703125,266.8999938964844,71809000,False
QQQ,2020-09-14,274.3599853515625,277.2200012207031,272.9599914550781,275.1600036621094,272.9599914550781,38525200,False
QQQ,2020-09-15,279.0299987792969,280.45001220703125,275.1300048828125,279.05999755859375,275.1300048828125,41849900,False
QQQ,2020-09-16,279.8800048828125,280.3599853515625,274.25,274.6099853515625,274.25,42321000,False
QQQ,2020-09-17,267.54998779296875,274.3999938964844,266.67999267578125,270.32000732421875,266.67999267578125,81570800,False
QQQ,2020-09-18,271.7900085449219,272.0899963378906,262.6300048828125,266.8699951171875,262.6300048828125,86251100,False
QQQ,2020-09-21,262.4700012207031,267.6499938964844,260.1099853515625,267.510009765625,260.1099853515625,57168600,False
QQQ,2020-09-22,269.989990234375,273.0799865722656,266.5400085449219,272.4800109863281,266.5400085449219,41128900,False
QQQ,2020-09-23,272.1499938964844,272.3399963378906,263.25,264.1600036621094,263.25,48837300,False
QQQ,2020-09-24,261.3900146484375,268.70001220703125,261.2200012207031,265.3900146484375,261.2200012207031,70631700,False
QQQ,2020-09-25,265.9100036621094,272.3999938964844,264.29998779296875,271.55999755859375,264.29998779296875,55242400,False
QQQ,2020-09-28,276.5799865722656,277.20001220703125,271.6700134277344,277.20001220703125,271.6700134277344,58438300,False
QQQ,2020-09-29,276.6199951171875,277.7099914550781,275.3699951171875,275.95001220703125,275.3699951171875,27050000,False
QQQ,2020-09-30,276.1499938964844,281.0899963378906,275.8699951171875,277.8399963378906,275.8699951171875,49380800,False
QQQ,2020-10-01,281.7900085449219,282.8800048828125,279.8399963378906,282.25,279.8399963378906,50020200,False
QQQ,2020-10-02,276.0199890136719,282.239990234375,273.44000244140625,274.30999755859375,273.44000244140625,75497400,False
QQQ,2020-10-05,276.3399963378906,280.489990234375,276.2300109863281,280.1600036621094,276.2300109863281,28184600,False
QQQ,2020-10-06,279.45001220703125,281.19000244140625,274.25,275.1600036621094,274.25,49704200,False
QQQ,2020-10-07,277.8900146484375,280.739990234375,277.2799987792969,279.9200134277344,277.2799987792969,27539700,False
QQQ,2020-10-08,282.3999938964844,282.4700012207031,280.30999755859375,281.4100036621094,280.30999755859375,25443300,False
QQQ,2020-10-09,283.1099853515625,285.7900085449219,282.7099914550781,285.7099914550781,282.7099914550781,30201100,False
QQQ,2020-10-12,290.54998779296875,297.4599914550781,289.4700012207031,294.5299987792969,289.4700012207031,79370700,False
QQQ,2020-10-13,296.3900146484375,297.04998779296875,293.1099853515625,294.5199890136719,293.1099853515625,64240000,False
QQQ,2020-10-14,295.3500061035156,296.3500061035156,290.260009765625,292.05999755859375,290.260009765625,36949100,False
QQQ,2020-10-15,287.20001220703125,290.7099914550781,286.5400085449219,290.1000061035156,286.5400085449219,42514200,False
QQQ,2020-10-16,291.79998779296875,293.2699890136719,288.1499938964844,288.510009765625,288.1499938964844,40570700,False
QQQ,2020-10-19,290.489990234375,291.4800109863281,282.7900085449219,283.79998779296875,282.7900085449219,36756800,False
QQQ,2020-10-20,284.55999755859375,287.6199951171875,282.95001220703125,284.4100036621094,282.95001220703125,32195400,False
QQQ,2020-10-21,284.6700134277344,287.32000732421875,283.69000244140625,284.19000244140625,283.69000244140625,29306100,False
QQQ,2020-10-22,285.04998779296875,285.9800109863281,280.82000732421875,284.17999267578125,280.82000732421875,32196200,False
QQQ,2020-10-23,284.7699890136719,284.9100036621094,281.7799987792969,284.739990234375,281.7799987792969,24658500,False
QQQ,2020-10-26,282.3800048828125,285.29998779296875,276.760009765625,280.4700012207031,276.760009765625,38421100,False
QQQ,2020-10-27,281.5,283.510009765625,280.20001220703125,282.6600036621094,280.20001220703125,30559100,False
QQQ,2020-10-28,278.010009765625,278.6400146484375,271.3800048828125,271.6400146484375,271.3800048828125,53413500,False
QQQ,2020-10-29,273.0,279.489990234375,272.5199890136719,276.3900146484375,272.5199890136719,43246300,False
QQQ,2020-10-30,274.3399963378906,275.239990234375,267.07000732421875,269.3800048828125,267.07000732421875,65838300,False
QQQ,2020-11-02,271.8500061035156,273.5199890136719,266.9700012207031,269.9800109863281,266.9700012207031,39987400,False
QQQ,2020-11-03,271.9599914550781,276.82000732421875,270.8399963378906,274.6499938964844,270.8399963378906,43604100,False
QQQ,2020-11-04,283.5899963378906,288.7699890136719,281.8699951171875,286.9100036621094,281.8699951171875,75728200,False
QQQ,2020-11-05,293.5299987792969,295.3900146484375,292.0,294.3900146484375,292.0,52054200,False
QQQ,2020-11-06,293.7099914550781,295.3599853515625,289.8299865722656,294.6099853515625,289.8299865722656,40959800,False
QQQ,2020-11-09,297.6499938964844,299.1400146484375,288.1199951171875,288.5899963378906,288.1199951171875,86537100,False
QQQ,2020-11-10,285.1700134277344,286.6600036621094,280.6199951171875,283.4200134277344,280.6199951171875,69024900,False
QQQ,2020-11-11,286.0299987792969,290.25,283.3800048828125,289.760009765625,283.3800048828125,36102900,False
QQQ,2020-11-12,290.760009765625,292.07000732421875,287.25,288.3999938964844,287.25,34414600,False
QQQ,2020-11-13,290.1700134277344,291.57000732421875,287.8699951171875,290.92999267578125,287.8699951171875,24806900,False
QQQ,2020-11-16,290.6199951171875,293.510009765625,289.989990234375,293.20001220703125,289.989990234375,30168400,False
QQQ,2020-11-17,293.3999938964844,293.739990234375,291.6099853515625,292.2699890136719,291.6099853515625,21843500,False
QQQ,2020-11-18,291.70001220703125,293.3699951171875,290.0199890136719,290.1099853515625,290.0199890136719,28069600,False
QQQ,2020-11-19,289.5400085449219,292.70001220703125,288.8500061035156,292.3800048828125,288.8500061035156,22718400,False
QQQ,2020-11-20,292.29998779296875,293.07000732421875,290.2900085449219,290.3800048828125,290.2900085449219,25907300,False
QQQ,2020-11-23,291.4100036621094,292.75,288.07000732421875,290.3900146484375,288.07000732421875,26875600,False
QQQ,2020-11-24,291.489990234375,294.9800109863281,289.6300048828125,294.4700012207031,289.6300048828125,24516800,False
QQQ,2020-11-25,295.57000732421875,296.94000244140625,294.5899963378906,296.2799987792969,294.5899963378906,23326800,False
QQQ,2020-11-27,298.30999755859375,300.1700134277344,297.8999938964844,299.010009765625,297.8999938964844,17163100,False
QQQ,2020-11-30,299.3399963378906,299.9700012207031,294.7799987792969,299.6199951171875,294.7799987792969,27836200,False
QQQ,2020-12-01,301.9700012207031,305.1400146484375,300.8299865722656,303.4599914550781,300.8299865722656,27521300,False
QQQ,2020-12-02,302.25,304.20001220703125,300.3500061035156,303.8500061035156,300.3500061035156,23620000,False
QQQ,2020-12-03,304.1700134277344,305.8800048828125,303.5299987792969,304.2799987792969,303.5299987792969,22828700,False
QQQ,2020-12-04,304.3299865722656,305.6700134277344,303.6300048828125,305.5199890136719,303.6300048828125,19332100,False
QQQ,2020-12-07,305.7099914550781,307.6300048828125,305.5199890136719,307.25,305.5199890136719,20851000,False
QQQ,2020-12-08,306.760009765625,308.6000061035156,304.95001220703125,308.2900085449219,304.95001220703125,18341500,False
QQQ,2020-12-09,308.07000732421875,308.3599853515625,300.2099914550781,301.30999755859375,300.2099914550781,48839300,False
QQQ,2020-12-10,299.2099914550781,303.67999267578125,298.0899963378906,302.5199890136719,298.0899963378906,27519500,False
QQQ,2020-12-11,300.80999755859375,301.9800109863281,298.4700012207031,301.8500061035156,298.4700012207031,26760400,False
QQQ,2020-12-14,303.0799865722656,306.04998779296875,303.010009765625,304.0400085449219,303.010009765625,28804800,False
QQQ,2020-12-15,306.3699951171875,307.2900085449219,304.1099853515625,307.2900085449219,304.1099853515625,25709000,False
QQQ,2020-12-16,307.70001220703125,309.7900085449219,306.6199951171875,308.9800109863281,306.6199951171875,25461900,False
QQQ,2020-12-17,310.6300048828125,311.239990234375,309.3900146484375,311.0,309.3900146484375,23730500,False
QQQ,2020-12-18,311.6600036621094,311.9800109863281,307.6099853515625,310.05999755859375,307.6099853515625,41173400,False
QQQ,2020-12-21,306.4599914550781,309.4700012207031,303.6000061035156,308.9200134277344,303.6000061035156,37095500,False
QQQ,2020-12-22,309.8500061035156,310.7099914550781,306.8500061035156,309.760009765625,306.8500061035156,26176300,False
QQQ,2020-12-23,309.80999755859375,310.17999267578125,308.0400085449219,308.20001220703125,308.0400085449219,21201300,False
QQQ,2020-12-24,308.4700012207031,310.0199890136719,308.3900146484375,309.55999755859375,308.3900146484375,16785000,False
QQQ,2020-12-28,312.25,313.1700134277344,310.3599853515625,312.67999267578125,310.3599853515625,22497700,False
QQQ,2020-12-29,314.04998779296875,314.69000244140625,312.0299987792969,312.9599914550781,312.0299987792969,25871900,False
QQQ,2020-12-30,314.1600036621094,314.489990234375,312.3299865722656,312.9700012207031,312.3299865722656,18138100,False
QQQ,2020-12-31,312.8699951171875,314.239990234375,311.760009765625,313.739990234375,311.760009765625,21611400,False
QQQ,2021-01-04,315.1099853515625,315.2900085449219,305.17999267578125,309.30999755859375,305.17999267578125,45305900,False
QQQ,2021-01-05,308.2900085449219,312.1400146484375,308.2900085449219,311.8599853515625,308.2900085449219,29323400,False
QQQ,2021-01-06,307.0,311.8800048828125,305.9800109863281,307.5400085449219,305.9800109863281,52809600,False
QQQ,2021-01-07,310.2799987792969,315.8399963378906,310.25,314.9800109863281,310.25,30394800,False
QQQ,2021-01-08,317.3399963378906,319.3900146484375,315.0799865722656,319.0299987792969,315.0799865722656,33955800,False
QQQ,2021-01-11,315.9800109863281,317.19000244140625,313.75,314.4200134277344,313.75,32746400,False
QQQ,2021-01-12,314.4599914550781,315.5799865722656,311.20001220703125,313.9200134277344,311.20001220703125,29266800,False
QQQ,2021-01-13,314.19000244140625,316.8599853515625,313.57000732421875,316.0400085449219,313.57000732421875,22898400,False
QQQ,2021-01-14,316.5,317.5299987792969,313.8599853515625,314.3500061035156,313.8599853515625,23500100,False
QQQ,2021-01-15,314.1300048828125,315.1199951171875,310.5799865722656,311.8599853515625,310.5799865722656,35118700,False
QQQ,2021-01-19,314.25,316.92999267578125,313.1199951171875,316.4100036621094,313.1199951171875,24537000,False
QQQ,2021-01-20,320.1400146484375,324.739990234375,316.510009765625,323.7699890136719,316.510009765625,30728100,False
QQQ,2021-01-21,325.1499938964844,327.1300048828125,323.7300109863281,326.3599853515625,323.7300109863281,25130600,False
QQQ,2021-01-22,325.2900085449219,326.4599914550781,324.7099914550781,325.4200134277344,324.7099914550781,21609400,False
QQQ,2021-01-25,328.9100036621094,330.32000732421875,321.4100036621094,328.1099853515625,321.4100036621094,39080600,False
QQQ,2021-01-26,328.8500061035156,329.760009765625,327.2200012207031,328.5899963378906,327.2200012207031,25498100,False
QQQ,2021-01-27,326.260009765625,326.2699890136719,317.3599853515625,319.42999267578125,317.3599853515625,55264000,False
QQQ,2021-01-28,320.6700134277344,326.4200134277344,320.0299987792969,321.32000732421875,320.0299987792969,42836300,False
QQQ,2021-01-29,319.5799865722656,320.7200012207031,312.760009765625,314.55999755859375,312.760009765625,55259000,False
QQQ,2021-02-01,318.1099853515625,323.5400085449219,316.0199890136719,322.4200134277344,316.0199890136719,35646000,False
QQQ,2021-02-02,325.4800109863281,328.8699951171875,325.30999755859375,327.67999267578125,325.30999755859375,33930800,False
QQQ,2021-02-03,329.82000732421875,330.20001220703125,326.32000732421875,326.3800048828125,326.32000732421875,24824500,False
QQQ,2021-02-04,327.82000732421875,330.3299865722656,326.4599914550781,330.239990234375,326.4599914550781,22350900,False
QQQ,2021-02-05,331.2200012207031,332.3999938964844,329.5299987792969,331.3599853515625,329.5299987792969,22732000,False
QQQ,2021-02-08,333.1000061035156,333.739990234375,331.4100036621094,333.5799865722656,331.4100036621094,20462800,False
QQQ,2021-02-09,332.6199951171875,334.80999755859375,332.6099853515625,333.510009765625,332.6099853515625,17597500,False
QQQ,2021-02-10,334.989990234375,335.4599914550781,329.5,332.75,329.5,28068700,False
QQQ,2021-02-11,334.3299865722656,335.0,332.1199951171875,334.5799865722656,332.1199951171875,22046100,False
QQQ,2021-02-12,333.7099914550781,336.6199951171875,332.6300048828125,336.45001220703125,332.6300048828125,20346800,False
QQQ,2021-02-16,337.2699890136719,338.19000244140625,334.3399963378906,335.5400085449219,334.3399963378906,27080800,False
QQQ,2021-02-17,332.4700012207031,335.6600036621094,330.1700134277344,333.92999267578125,330.1700134277344,31360300,False
QQQ,2021-02-18,330.2300109863281,333.8699951171875,328.3599853515625,332.4700012207031,328.3599853515625,32236200,False
QQQ,2021-02-19,333.8599853515625,333.989990234375,329.9700012207031,331.0199890136719,329.9700012207031,39157700,False
QQQ,2021-02-22,326.5,327.79998779296875,322.2300109863281,322.44000244140625,322.2300109863281,47256900,False
QQQ,2021-02-23,317.0,323.20001220703125,311.0,321.4800109863281,311.58038330078125,97241900,False
QQQ,2021-02-24,318.739990234375,324.45001220703125,315.9599914550781,324.1300048828125,315.9599914550781,58206300,False
QQQ,2021-02-25,321.3900146484375,324.0299987792969,311.239990234375,312.8299865722656,311.239990234375,110182600,False
QQQ,2021-02-26,315.8500061035156,319.1099853515625,310.8800048828125,314.1400146484375,310.8800048828125,104739800,False
QQQ,2021-03-01,319.2699890136719,323.94000244140625,317.94000244140625,323.5899963378906,317.94000244140625,49164500,False
QQQ,2021-03-02,324.25,324.3299865722656,318.1400146484375,318.3999938964844,318.1400146484375,48370000,False
QQQ,2021-03-03,317.2699890136719,318.239990234375,309.1000061035156,309.1600036621094,309.1000061035156,86301100,False
QQQ,2021-03-04,308.7799987792969,312.0400085449219,300.1099853515625,304.1000061035156,300.1099853515625,139131600,False
QQQ,2021-03-05,306.79998779296875,309.6099853515625,297.45001220703125,308.67999267578125,299.17449951171875,121523700,False
QQQ,2021-03-08,308.1199951171875,310.05999755859375,299.510009765625,299.94000244140625,299.510009765625,88409800,False
QQQ,2021-03-09,307.4700012207031,313.7300109863281,306.9200134277344,311.7699890136719,306.9200134277344,80391100,False
QQQ,2021-03-10,316.1600036621094,316.4700012207031,310.1700134277344,310.8800048828125,310.1700134277344,76798100,False
QQQ,2021-03-11,315.7699890136719,319.8599853515625,314.8500061035156,318.0400085449219,314.8500061035156,53484800,False
QQQ,2021-03-12,313.8599853515625,318.2300109863281,311.3900146484375,315.4599914550781,311.3900146484375,69315600,False
QQQ,2021-03-15,315.7900085449219,319.0,314.1000061035156,318.8299865722656,314.1000061035156,42955700,False
QQQ,2021-03-16,321.0899963378906,324.20001220703125,319.1000061035156,320.5799865722656,319.1000061035156,54925900,False
QQQ,2021-03-17,317.45001220703125,323.8500061035156,315.67999267578125,321.8999938964844,315.67999267578125,78258700,False
QQQ,2021-03-18,316.8699951171875,317.8800048828125,311.57000732421875,312.0400085449219,311.57000732421875,82718100,False
QQQ,2021-03-19,311.8699951171875,314.7300109863281,309.6600036621094,313.1400146484375,309.6600036621094,78446200,False
QQQ,2021-03-22,315.2099914550781,320.739990234375,315.2099914550781,318.6099853515625,315.2099914550781,56194800,False
QQQ,2021-03-23,319.7300109863281,321.0899963378906,316.3800048828125,317.2200012207031,316.3800048828125,53455400,False
QQQ,2021-03-24,318.6300048828125,318.6700134277344,311.7200012207031,311.8699951171875,311.7200012207031,64803700,False
QQQ,2021-03-25,309.9700012207031,312.8900146484375,307.3900146484375,311.3299865722656,307.3900146484375,78729000,False
QQQ,2021-03-26,311.1099853515625,316.3299865722656,309.6700134277344,316.0,309.6700134277344,63519600,False
QQQ,2021-03-29,315.45001220703125,316.989990234375,312.4700012207031,315.9100036621094,312.4700012207031,54608000,False
QQQ,2021-03-30,313.8900146484375,314.9100036621094,311.5400085449219,314.32000732421875,311.5400085449219,44635700,False
QQQ,2021-03-31,316.1600036621094,320.739990234375,315.80999755859375,319.1300048828125,315.80999755859375,55032500,False
QQQ,2021-04-01,323.07000732421875,324.7099914550781,322.80999755859375,324.57000732421875,322.80999755859375,55685600,False
QQQ,2021-04-05,327.1300048828125,331.8399963378906,326.8800048828125,331.04998779296875,326.8800048828125,42172500,False
QQQ,2021-04-06,330.7300109863281,332.8299865722656,330.0199890136719,330.82000732421875,330.0199890136719,33537200,False
QQQ,2021-04-07,330.3299865722656,332.4800109863281,329.3699951171875,331.6199951171875,329.3699951171875,32046400,False
QQQ,2021-04-08,334.55999755859375,335.2699890136719,333.739990234375,335.0799865722656,333.739990234375,29940800,False
QQQ,2021-04-09,333.67999267578125,337.32000732421875,332.9200134277344,337.1099853515625,332.9200134277344,36664900,False
QQQ,2021-04-12,336.0400085449219,337.1000061035156,334.7300109863281,336.6700134277344,334.7300109863281,25833000,False
QQQ,2021-04-13,338.239990234375,341.0799865722656,338.0199890136719,340.6000061035156,338.0199890136719,30374000,False
QQQ,2021-04-14,340.8500061035156,340.9800109863281,335.6700134277344,336.510009765625,335.6700134277344,42564300,False
QQQ,2021-04-15,339.4700012207031,342.010009765625,336.2200012207031,341.6099853515625,336.2200012207031,36342800,False
QQQ,2021-04-16,342.1499938964844,342.2300109863281,340.0799865722656,342.010009765625,340.0799865722656,40860100,False
QQQ,2021-04-19,340.3900146484375,341.5799865722656,336.8999938964844,338.8800048828125,336.8999938964844,34533100,False
QQQ,2021-04-20,338.20001220703125,339.5199890136719,334.3800048828125,336.4100036621094,334.3800048828125,38081800,False
QQQ,2021-04-21,335.0899963378906,339.4800109863281,333.9700012207031,339.2900085449219,333.9700012207031,36598100,False
QQQ,2021-04-22,338.8900146484375,339.8999938964844,334.010009765625,335.20001220703125,334.010009765625,45936100,False
QQQ,2021-04-23,335.8500061035156,340.7699890136719,335.8500061035156,339.4200134277344,335.8500061035156,36381900,False
QQQ,2021-04-26,339.6700134277344,341.9200134277344,338.8999938964844,341.6300048828125,338.8999938964844,30812000,False
QQQ,2021-04-27,341.92999267578125,342.1499938964844,339.1700134277344,340.1499938964844,339.1700134277344,33187200,False
QQQ,2021-04-28,339.80999755859375,340.8500061035156,338.3299865722656,339.0,338.3299865722656,33615700,False
QQQ,2021-04-29,342.3699951171875,342.79998779296875,336.8999938964844,340.2200012207031,336.8999938964844,37708900,False
QQQ,2021-04-30,337.70001220703125,340.260009765625,337.04998779296875,337.989990234375,337.04998779296875,38263400,False
QQQ,2021-05-03,339.2300109863281,340.0,335.7300109863281,336.19000244140625,335.7300109863281,29729700,False
QQQ,2021-05-04,333.55999755859375,333.8900146484375,326.2099914550781,330.1400146484375,326.2099914550781,65147000,False
QQQ,2021-05-05,332.25,333.1400146484375,328.2300109863281,329.0299987792969,328.2300109863281,46219300,False
QQQ,2021-05-06,328.760009765625,331.6700134277344,326.45001220703125,331.510009765625,326.45001220703125,46814300,False
QQQ,2021-05-07,334.3699951171875,336.6499938964844,331.69000244140625,334.20001220703125,331.69000244140625,53324500,False
QQQ,2021-05-10,332.7799987792969,332.9599914550781,325.54998779296875,325.760009765625,325.54998779296875,60700500,False
QQQ,2021-05-11,319.70001220703125,326.1300048828125,319.0199890136719,325.30999755859375,319.0199890136719,71963600,False
QQQ,2021-05-12,320.2300109863281,322.6199951171875,316.0,316.8900146484375,316.0,91164900,False
QQQ,2021-05-13,319.9200134277344,322.3999938964844,316.8999938964844,319.3399963378906,316.8999938964844,69877800,False
QQQ,2021-05-14,322.6000061035156,327.3299865722656,322.0799865722656,326.3900146484375,322.0799865722656,44370000,False
QQQ,2021-05-17,324.6300048828125,326.3699951171875,321.45001220703125,324.4100036621094,321.45001220703125,39395000,False
QQQ,2021-05-18,325.3900146484375,326.6499938964844,321.94000244140625,322.2200012207031,321.94000244140625,36528500,False
QQQ,2021-05-19,316.6600036621094,322.8999938964844,316.29998779296875,322.5899963378906,316.29998779296875,66319100,False
QQQ,2021-05-20,324.1199951171875,329.7099914550781,323.8900146484375,328.8299865722656,323.8900146484375,46466100,False
QQQ,2021-05-21,330.42999267578125,330.8599853515625,326.6400146484375,327.010009765625,326.6400146484375,50330400,False
QQQ,2021-05-24,329.3699951171875,333.6700134277344,326.8999938964844,332.510009765625,326.8999938964844,32475800,False
QQQ,2021-05-25,334.07000732421875,334.80999755859375,331.760009765625,332.9700012207031,331.760009765625,31280300,False
QQQ,2021-05-26,333.6600036621094,334.6099853515625,332.95001220703125,334.1300048828125,332.95001220703125,25444900,False
QQQ,2021-05-27,333.6700134277344,334.5400085449219,332.6700134277344,332.8800048828125,332.6700134277344,27931700,False
QQQ,2021-05-28,334.1199951171875,335.57000732421875,333.6000061035156,333.92999267578125,333.6000061035156,29927400,False
QQQ,2021-06-01,335.29998779296875,335.7900085449219,331.42999267578125,332.82000732421875,331.42999267578125,31145400,False
QQQ,2021-06-02,333.25,334.3399963378906,331.70001220703125,333.4700012207031,331.70001220703125,22047900,False
QQQ,2021-06-03,330.54998779296875,331.8599853515625,328.2799987792969,330.0,328.2799987792969,37057800,False
QQQ,2021-06-04,331.8500061035156,336.05999755859375,331.7799987792969,335.6000061035156,331.7799987792969,38736500,False
QQQ,2021-06-07,335.04998779296875,336.6600036621094,334.3399963378906,336.6000061035156,334.3399963378906,32611900,False
QQQ,2021-06-08,338.3999938964844,339.2900085449219,335.0299987792969,336.760009765625,335.0299987792969,27282800,False
QQQ,2021-06-09,338.1700134277344,338.9700012207031,336.6499938964844,336.8399963378906,336.6499938964844,21485300,False
QQQ,2021-06-10,337.19000244140625,340.4599914550781,336.7300109863281,340.3500061035156,336.7300109863281,33702100,False
QQQ,2021-06-11,340.3599853515625,341.25,339.69000244140625,341.239990234375,339.69000244140625,21222800,False
QQQ,2021-06-14,341.67999267578125,344.5199890136719,340.4599914550781,344.510009765625,340.4599914550781,27827700,False
QQQ,2021-06-15,344.1499938964844,344.4700012207031,341.5199890136719,342.260009765625,341.5199890136719,35963800,False
QQQ,2021-06-16,342.739990234375,343.8399963378906,337.45001220703125,341.010009765625,337.45001220703125,55399500,False
QQQ,2021-06-17,339.9700012207031,346.3800048828125,339.9200134277344,345.3399963378906,339.9200134277344,59722700,False
QQQ,2021-06-18,343.6300048828125,344.80999755859375,341.8599853515625,342.6300048828125,341.8599853515625,55414900,False
QQQ,2021-06-21,342.42999267578125,344.69000244140625,340.1499938964844,344.3599853515625,340.1499938964844,32992600,False
QQQ,2021-06-22,344.1499938964844,348.0299987792969,343.8399963378906,347.57000732421875,343.8399963378906,28941600,False
QQQ,2021-06-23,347.510009765625,348.9200134277344,346.8800048828125,347.739990234375,346.8800048828125,27188500,False
QQQ,2021-06-24,349.7300109863281,351.4599914550781,349.1700134277344,349.8900146484375,349.1700134277344,32581600,False
QQQ,2021-06-25,350.4700012207031,350.7200012207031,348.8399963378906,349.4599914550781,348.8399963378906,28682800,False
QQQ,2021-06-28,350.7799987792969,353.8500061035156,350.7200012207031,353.7099914550781,350.7200012207031,39130300,False
QQQ,2021-06-29,353.5299987792969,355.0199890136719,352.6700134277344,354.989990234375,352.6700134277344,29426000,False
QQQ,2021-06-30,354.8299865722656,355.2300109863281,353.8299865722656,354.42999267578125,353.8299865722656,32724000,False
QQQ,2021-07-01,354.07000732421875,355.0899963378906,352.67999267578125,354.57000732421875,352.67999267578125,29290000,False
QQQ,2021-07-02,356.5199890136719,358.9700012207031,356.2799987792969,358.6400146484375,356.2799987792969,32727200,False
QQQ,2021-07-06,359.260009765625,360.4800109863281,356.489990234375,360.19000244140625,356.489990234375,38842400,False
QQQ,2021-07-07,362.45001220703125,362.760009765625,358.94000244140625,360.95001220703125,358.94000244140625,35265200,False
QQQ,2021-07-08,355.739990234375,359.6499938964844,354.4200134277344,358.7699890136719,354.4200134277344,50890000,False
QQQ,2021-07-09,358.1700134277344,361.5,357.57000732421875,361.010009765625,357.57000732421875,35184500,False
QQQ,2021-07-12,362.45001220703125,362.8900146484375,360.8299865722656,362.4200134277344,360.8299865722656,25717700,False
QQQ,2021-07-13,362.0299987792969,365.4700012207031,361.5400085449219,362.4200134277344,361.5400085449219,39723000,False
QQQ,2021-07-14,364.8299865722656,365.489990234375,362.2200012207031,363.07000732421875,362.2200012207031,35336400,False
QQQ,2021-07-15,362.9800109863281,363.19000244140625,358.4599914550781,360.5199890136719,358.4599914550781,53391600,False
QQQ,2021-07-16,361.3999938964844,362.4100036621094,357.239990234375,357.6000061035156,357.239990234375,47262000,False
QQQ,2021-07-19,354.04998779296875,355.17999267578125,352.0400085449219,354.6700134277344,352.0400085449219,64404600,False
QQQ,2021-07-20,355.6300048828125,360.2799987792969,353.79998779296875,358.7900085449219,353.79998779296875,42183700,False
QQQ,2021-07-21,358.3500061035156,361.55999755859375,358.1199951171875,361.55999755859375,358.1199951171875,30259900,False
QQQ,2021-07-22,361.7699890136719,363.9599914550781,361.7699890136719,363.95001220703125,361.7699890136719,30252200,False
QQQ,2021-07-23,365.30999755859375,368.489990234375,363.9200134277344,368.20001220703125,363.9200134277344,31960800,False
QQQ,2021-07-26,367.489990234375,368.8900146484375,366.6000061035156,368.489990234375,366.6000061035156,28438100,False
QQQ,2021-07-27,368.2200012207031,368.2200012207031,360.1600036621094,364.42999267578125,360.1600036621094,57933100,False
QQQ,2021-07-28,365.6000061035156,367.45001220703125,363.239990234375,365.8299865722656,363.239990234375,42066200,False
QQQ,2021-07-29,365.25,367.67999267578125,365.25,366.4800109863281,365.25,25672500,False
QQQ,2021-07-30,362.44000244140625,365.1700134277344,362.4100036621094,364.57000732421875,362.4100036621094,36484600,False
QQQ,2021-08-02,366.2799987792969,366.8800048828125,363.8699951171875,364.6000061035156,363.8699951171875,27334100,False
QQQ,2021-08-03,365.2799987792969,366.92999267578125,362.0,366.80999755859375,362.0,35558500,False
QQQ,2021-08-04,366.7699890136719,368.32000732421875,365.6300048828125,367.3399963378906,365.6300048828125,29602200,False
QQQ,2021-08-05,368.17999267578125,369.9100036621094,367.45001220703125,369.6700134277344,367.45001220703125,21443900,False
QQQ,2021-08-06,368.3699951171875,369.3699951171875,366.9100036621094,368.04998779296875,366.9100036621094,33332100,False
QQQ,2021-08-09,368.5199890136719,369.2699890136719,367.3900146484375,368.7300109863281,367.3900146484375,25960200,False
QQQ,2021-08-10,369.260009765625,369.55999755859375,365.6199951171875,366.8399963378906,365.6199951171875,35130800,False
QQQ,2021-08-11,368.1400146484375,368.6499938964844,364.8399963378906,366.2099914550781,364.8399963378906,34249800,False
QQQ,2021-08-12,365.69000244140625,367.8999938964844,364.29998779296875,367.5299987792969,364.29998779296875,25969200,False
QQQ,2021-08-13,367.8900146484375,369.1600036621094,367.3800048828125,368.82000732421875,367.3800048828125,19336200,False
QQQ,2021-08-16,367.6700134277344,369.0199890136719,363.70001220703125,368.9800109863281,363.70001220703125,34856900,False
QQQ,2021-08-17,366.1499938964844,367.1499938964844,363.2300109863281,365.7300109863281,363.2300109863281,44793900,False
QQQ,2021-08-18,365.17999267578125,366.6199951171875,361.8699951171875,362.2099914550781,361.8699951171875,38541900,False
QQQ,2021-08-19,360.2200012207031,365.67999267578125,359.9599914550781,363.9599914550781,359.9599914550781,48499400,False
QQQ,2021-08-20,365.05999755859375,368.1400146484375,364.739990234375,367.7300109863281,364.739990234375,39486000,False
QQQ,2021-08-23,368.79998779296875,373.94000244140625,368.7900085449219,373.2300109863281,368.7900085449219,34034700,False
QQQ,2021-08-24,373.8399963378906,374.989990234375,373.3599853515625,374.3699951171875,373.3599853515625,21732900,False
QQQ,2021-08-25,374.6300048828125,375.3900146484375,373.8599853515625,374.79998779296875,373.8599853515625,20441900,False
QQQ,2021-08-26,373.9200134277344,374.6199951171875,371.9700012207031,372.4200134277344,371.9700012207031,29133300,False
QQQ,2021-08-27,373.07000732421875,376.55999755859375,372.57000732421875,376.0400085449219,372.57000732421875,27104700,False
QQQ,2021-08-30,376.8500061035156,380.760009765625,376.8299865722656,380.260009765625,376.8299865722656,27295700,False
QQQ,2021-08-31,380.510009765625,380.5799865722656,378.3599853515625,379.95001220703125,378.3599853515625,29628200,False
QQQ,2021-09-01,381.0400085449219,382.7099914550781,380.3699951171875,380.5799865722656,380.3699951171875,28138300,False
QQQ,2021-09-02,381.9700012207031,382.30999755859375,379.1499938964844,380.3999938964844,379.1499938964844,25453400,False
QQQ,2021-09-03,379.2200012207031,381.9800109863281,379.20001220703125,381.57000732421875,379.20001220703125,24605400,False
QQQ,2021-09-07,381.67999267578125,382.7799987792969,380.489990234375,382.1099853515625,380.489990234375,23970200,False
QQQ,2021-09-08,381.92999267578125,381.92999267578125,378.45001220703125,380.7799987792969,378.45001220703125,32949200,False
QQQ,2021-09-09,381.010009765625,382.1499938964844,379.2200012207031,379.4700012207031,379.2200012207031,29399000,False
QQQ,2021-09-10,381.2300109863281,381.9700012207031,376.25,376.5899963378906,376.25,40249400,False
QQQ,2021-09-13,378.989990234375,379.42999267578125,374.2200012207031,376.3299865722656,374.2200012207031,48741800,False
QQQ,2021-09-14,377.8599853515625,378.6099853515625,374.2799987792969,375.260009765625,374.2799987792969,41826600,False
QQQ,2021-09-15,375.7300109863281,378.4100036621094,373.3699951171875,378.04998779296875,373.3699951171875,34097900,False
QQQ,2021-09-16,376.67999267578125,378.8999938964844,374.70001220703125,378.30999755859375,374.70001220703125,35193100,False
QQQ,2021-09-17,377.82000732421875,377.8699951171875,372.760009765625,373.8299865722656,372.760009765625,60912300,False
QQQ,2021-09-20,367.4599914550781,369.25,360.92999267578125,365.70001220703125,360.92999267578125,76203200,False
QQQ,2021-09-21,367.5799865722656,368.80999755859375,364.989990234375,366.1499938964844,364.989990234375,41927500,False
QQQ,2021-09-22,367.0899963378906,371.07000732421875,365.9599914550781,369.57000732421875,365.9599914550781,46972900,False
QQQ,2021-09-23,370.760009765625,374.0400085449219,370.1000061035156,372.9800109863281,370.1000061035156,44652000,False
QQQ,2021-09-24,370.6499938964844,373.760009765625,370.2699890136719,373.3299865722656,370.2699890136719,36056800,False
QQQ,2021-09-27,370.20001220703125,371.25,367.7300109863281,370.3500061035156,367.7300109863281,43338100,False
QQQ,2021-09-28,365.6700134277344,370.29998779296875,359.3500061035156,359.8699951171875,359.3500061035156,97701600,False
QQQ,2021-09-29,361.1700134277344,363.3699951171875,358.6400146484375,359.2799987792969,358.6400146484375,58076600,False
QQQ,2021-09-30,360.9700012207031,362.67999267578125,357.1000061035156,357.9599914550781,357.1000061035156,61384600,False
QQQ,2021-10-01,358.6000061035156,361.25,354.3800048828125,360.17999267578125,354.3800048828125,56375500,False
QQQ,2021-10-04,358.5199890136719,358.8599853515625,350.32000732421875,352.6199951171875,350.32000732421875,76766000,False
QQQ,2021-10-05,353.7099914550781,359.69000244140625,353.4800109863281,357.3800048828125,353.4800109863281,47232900,False
QQQ,2021-10-06,354.0799865722656,359.95001220703125,353.1499938964844,359.6700134277344,353.1499938964844,56806500,False
QQQ,2021-10-07,362.79998779296875,365.69000244140625,362.25,362.9700012207031,362.25,39411200,False
QQQ,2021-10-08,364.0799865722656,364.32000732421875,360.6099853515625,361.1600036621094,360.6099853515625,41822300,False
QQQ,2021-10-11,359.5799865722656,363.20001220703125,358.29998779296875,358.3900146484375,358.29998779296875,34847200,False
QQQ,2021-10-12,359.8800048828125,360.3299865722656,356.4800109863281,357.1400146484375,356.4800109863281,43905100,False
QQQ,2021-10-13,359.510009765625,360.69000244140625,357.42999267578125,360.0,357.42999267578125,40120800,False
QQQ,2021-10-14,363.69000244140625,366.8500061035156,363.010009765625,366.6300048828125,363.010009765625,43433900,False
QQQ,2021-10-15,367.8800048828125,369.05999755859375,366.82000732421875,368.94000244140625,366.82000732421875,40419900,False
QQQ,2021-10-18,367.6099853515625,372.8699951171875,366.989990234375,372.6499938964844,366.989990234375,34513500,False
QQQ,2021-10-19,373.75,375.5199890136719,372.70001220703125,375.4700012207031,372.70001220703125,29091000,False
QQQ,2021-10-20,375.94000244140625,376.57000732421875,373.4599914550781,374.9800109863281,373.4599914550781,31390300,False
QQQ,2021-10-21,374.1600036621094,377.4700012207031,373.8500061035156,377.2699890136719,373.8500061035156,25469300,False
QQQ,2021-10-22,375.9800109863281,376.9700012207031,372.3900146484375,374.1000061035156,372.3900146484375,36275800,False
QQQ,2021-10-25,375.55999755859375,378.8699951171875,373.55999755859375,377.92999267578125,373.55999755859375,32597800,False
QQQ,2021-10-26,380.2300109863281,382.7099914550781,377.9100036621094,379.1199951171875,377.9100036621094,47191300,False
QQQ,2021-10-27,379.5799865722656,383.1499938964844,379.30999755859375,380.0,379.30999755859375,45760500,False
QQQ,2021-10-28,381.95001220703125,384.4800109863281,381.1600036621094,384.2200012207031,381.1600036621094,38007000,False
QQQ,2021-10-29,381.05999755859375,386.2799987792969,380.70001220703125,386.1099853515625,380.70001220703125,37310100,False
QQQ,2021-11-01,386.55999755859375,387.55999755859375,384.4200134277344,387.42999267578125,384.4200134277344,30765300,False
QQQ,2021-11-02,386.79998779296875,389.5400085449219,386.75,389.04998779296875,386.75,25135300,False
QQQ,2021-11-03,389.54998779296875,393.6099853515625,388.4800109863281,393.17999267578125,388.4800109863281,33748900,False
QQQ,2021-11-04,394.4800109863281,399.20001220703125,393.9200134277344,398.2200012207031,393.9200134277344,40265300,False
QQQ,2021-11-05,400.0400085449219,400.989990234375,397.1600036621094,398.6000061035156,397.1600036621094,43383800,False
QQQ,2021-11-08,398.57000732421875,399.6199951171875,397.3999938964844,398.05999755859375,397.3999938964844,29256300,False
QQQ,2021-11-09,399.1600036621094,399.57000732421875,393.9200134277344,395.32000732421875,393.9200134277344,50490700,False
QQQ,2021-11-10,392.4700012207031,395.3599853515625,387.5299987792969,389.510009765625,387.5299987792969,54937400,False
QQQ,2021-11-11,392.57000732421875,392.75,390.239990234375,390.5899963378906,390.239990234375,32243000,False
QQQ,2021-11-12,391.7699890136719,395.25,390.1300048828125,394.70001220703125,390.1300048828125,34730600,False
QQQ,2021-11-15,395.9100036621094,396.239990234375,392.1000061035156,394.6099853515625,392.1000061035156,33716900,False
QQQ,2021-11-16,393.8599853515625,397.92999267578125,393.6600036621094,397.4200134277344,393.6600036621094,27872900,False
QQQ,2021-11-17,397.75,399.7200012207031,396.6400146484375,397.6300048828125,396.6400146484375,28703300,False
QQQ,2021-11-18,399.7300109863281,402.2699890136719,397.45001220703125,401.75,397.45001220703125,45721500,False
QQQ,2021-11-19,403.42999267578125,405.29998779296875,402.5799865722656,403.989990234375,402.5799865722656,45191700,False
QQQ,2021-11-22,405.57000732421875,408.7099914550781,399.19000244140625,399.29998779296875,399.19000244140625,61715400,False
QQQ,2021-11-23,398.1099853515625,400.2300109863281,392.9200134277344,397.4800109863281,392.9200134277344,70098700,False
QQQ,2021-11-24,394.92999267578125,399.04998779296875,392.5400085449219,398.760009765625,392.5400085449219,46954400,False
QQQ,2021-11-26,396.1099853515625,397.5400085449219,389.7699890136719,391.20001220703125,389.7699890136719,51533300,False
QQQ,2021-11-29,395.8900146484375,400.7300109863281,395.1400146484375,399.69000244140625,395.1400146484375,54447100,False
QQQ,2021-11-30,398.7799987792969,401.19000244140625,391.75,393.82000732421875,391.75,81332700,False
QQQ,2021-12-01,398.2799987792969,400.4800109863281,386.6400146484375,387.1199951171875,386.6400146484375,77766500,False
QQQ,2021-12-02,385.79998779296875,391.739990234375,384.3399963378906,389.9100036621094,384.3399963378906,84416600,False
QQQ,2021-12-03,391.30999755859375,392.3399963378906,378.8999938964844,383.1300048828125,378.8999938964844,105349100,False
QQQ,2021-12-06,383.6300048828125,387.6000061035156,379.29998779296875,386.20001220703125,379.29998779296875,67588800,False
QQQ,2021-12-07,393.0299987792969,398.4599914550781,392.989990234375,397.8299865722656,392.989990234375,56005300,False
QQQ,2021-12-08,398.1700134277344,399.82000732421875,396.2200012207031,399.6099853515625,396.2200012207031,39204000,False
QQQ,2021-12-09,398.3500061035156,400.20001220703125,393.5299987792969,393.7300109863281,393.5299987792969,49973700,False
QQQ,2021-12-10,396.6199951171875,398.2799987792969,393.3599853515625,398.010009765625,393.3599853515625,52545800,False
QQQ,2021-12-13,398.0,398.3299865722656,391.8800048828125,392.260009765625,391.8800048828125,50166400,False
QQQ,2021-12-14,387.29998779296875,390.0899963378906,383.6300048828125,388.20001220703125,383.6300048828125,75199200,False
QQQ,2021-12-15,387.94000244140625,397.4200134277344,383.8800048828125,397.04998779296875,386.1839599609375,73858000,False
QQQ,2021-12-16,398.0400085449219,398.4800109863281,385.2099914550781,386.8399963378906,385.2099914550781,82591400,False
QQQ,2021-12-17,383.3299865722656,389.19000244140625,381.7699890136719,384.9100036621094,381.7699890136719,80492500,False
QQQ,2021-12-20,379.57000732421875,381.5,377.4700012207031,380.69000244140625,377.4700012207031,65336800,False
QQQ,2021-12-21,384.04998779296875,389.5299987792969,380.20001220703125,389.2099914550781,380.20001220703125,48899500,False
QQQ,2021-12-22,388.9100036621094,394.1600036621094,388.2300109863281,393.95001220703125,388.2300109863281,37042200,False
QQQ,2021-12-23,394.30999755859375,398.42999267578125,394.1400146484375,396.9200134277344,394.1400146484375,29595500,False
QQQ,2021-12-27,398.25,403.4800109863281,398.2200012207031,403.4800109863281,398.2200012207031,32820700,False
QQQ,2021-12-28,404.3999938964844,404.5799865722656,400.7099914550781,401.6099853515625,400.7099914550781,33113700,False
QQQ,2021-12-29,401.75,403.04998779296875,399.1099853515625,401.54998779296875,399.1099853515625,32248500,False
QQQ,2021-12-30,401.3299865722656,403.57000732421875,399.75,400.3500061035156,399.75,23850100,False
QQQ,2021-12-31,399.6600036621094,401.05999755859375,397.3399963378906,397.8500061035156,397.3399963378906,34752900,False
QQQ,2022-01-03,399.04998779296875,401.94000244140625,396.8800048828125,401.67999267578125,396.8800048828125,40575900,False
QQQ,2022-01-04,402.239990234375,402.2799987792969,393.2900085449219,396.4700012207031,393.2900085449219,58027200,False
QQQ,2022-01-05,394.739990234375,395.8900146484375,384.0299987792969,384.2900085449219,384.0299987792969,75739800,False
QQQ,2022-01-06,382.4200134277344,387.3500061035156,380.1300048828125,384.0199890136719,380.1300048828125,70814300,False
QQQ,2022-01-07,384.0299987792969,385.760009765625,378.0400085449219,379.8599853515625,378.0400085449219,72652300,False
QQQ,2022-01-10,374.82000732421875,380.6400146484375,369.30999755859375,380.1099853515625,370.1796875,91770500,False
QQQ,2022-01-11,379.3599853515625,385.989990234375,377.2200012207031,385.82000732421875,377.2200012207031,68295700,False
QQQ,2022-01-12,388.4599914550781,390.20001220703125,385.010009765625,387.3500061035156,385.010009765625,54576400,False
QQQ,2022-01-13,388.7699890136719,389.4700012207031,376.70001220703125,377.6600036621094,376.70001220703125,77994000,False
QQQ,2022-01-14,375.07000732421875,380.3500061035156,374.8599853515625,380.010009765625,374.8599853515625,80121200,False
QQQ,2022-01-18,374.0400085449219,376.2200012207031,369.7699890136719,370.54998779296875,369.7699890136719,75450900,False
QQQ,2022-01-19,372.1499938964844,374.69000244140625,366.2099914550781,366.4800109863281,366.2099914550781,81791500,False
QQQ,2022-01-20,369.7900085449219,373.8699951171875,361.1700134277344,361.7200012207031,361.1700134277344,88610700,False
QQQ,2022-01-21,359.4700012207031,362.17999267578125,351.3999938964844,351.69000244140625,351.3999938964844,143388900,False
QQQ,2022-01-24,345.9100036621094,353.9800109863281,334.1499938964844,353.29998779296875,344.070068359375,198685800,False
QQQ,2022-01-25,346.6700134277344,351.0299987792969,341.67999267578125,345.1099853515625,341.67999267578125,124398400,False
QQQ,2022-01-26,352.9100036621094,356.8800048828125,340.7799987792969,344.57000732421875,340.7799987792969,146559500,False
QQQ,2022-01-27,349.3999938964844,351.2699890136719,340.04998779296875,341.1000061035156,340.04998779296875,95255700,False
QQQ,2022-01-28,343.0299987792969,352.0199890136719,337.95001220703125,351.79998779296875,342.6093444824219,108167900,False
QQQ,2022-01-31,353.20001220703125,363.6499938964844,351.5199890136719,363.04998779296875,353.5653991699219,94326400,False
QQQ,2022-02-01,364.42999267578125,366.19000244140625,359.1400146484375,365.5199890136719,359.1400146484375,74433000,False
QQQ,2022-02-02,369.760009765625,370.1000061035156,364.2900085449219,368.489990234375,364.2900085449219,78777100,False
QQQ,2022-02-03,358.5299987792969,361.92999267578125,352.4599914550781,353.54998779296875,352.4599914550781,95384800,False
QQQ,2022-02-04,354.0799865722656,361.3999938964844,351.9700012207031,358.010009765625,351.9700012207031,86318300,False
QQQ,2022-02-07,358.6199951171875,361.04998779296875,353.8399963378906,355.1300048828125,353.8399963378906,58198100,False
QQQ,2022-02-08,353.9599914550781,360.239990234375,352.79998779296875,359.1199951171875,352.79998779296875,64720900,False
QQQ,2022-02-09,363.760009765625,366.80999755859375,362.1199951171875,366.7300109863281,362.1199951171875,55766400,False
QQQ,2022-02-10,359.5199890136719,366.489990234375,356.5400085449219,358.42999267578125,356.5400085449219,112468500,False
QQQ,2022-02-11,358.42999267578125,360.07000732421875,345.79998779296875,347.05999755859375,345.79998779296875,101569100,False
QQQ,2022-02-14,346.489990234375,350.9800109863281,343.8900146484375,347.489990234375,343.8900146484375,80254400,False
QQQ,2022-02-15,352.9100036621094,356.3699951171875,351.82000732421875,356.1300048828125,351.82000732421875,55128800,False
QQQ,2022-02-16,353.82000732421875,357.0899963378906,350.7099914550781,356.0400085449219,350.7099914550781,58947100,False
QQQ,2022-02-17,352.739990234375,353.4599914550781,345.0199890136719,345.45001220703125,345.0199890136719,61801400,False
QQQ,2022-02-18,346.4100036621094,346.80999755859375,339.1400146484375,341.510009765625,339.1400146484375,80001500,False
QQQ,2022-02-22,338.489990234375,344.0400085449219,334.3500061035156,338.0799865722656,334.3500061035156,85967100,False
QQQ,2022-02-23,341.32000732421875,342.17999267578125,329.1000061035156,329.4200134277344,329.1000061035156,86215400,False
QQQ,2022-02-24,318.8399963378906,341.0400085449219,318.260009765625,340.489990234375,331.5948181152344,130614100,False
QQQ,2022-02-25,341.30999755859375,345.9800109863281,337.3900146484375,345.7699890136719,337.3900146484375,78842100,False
QQQ,2022-02-28,342.510009765625,348.5400085449219,341.32000732421875,346.79998779296875,341.32000732421875,77515500,False
QQQ,2022-03-01,345.75,348.0799865722656,338.8999938964844,341.489990234375,338.8999938964844,67407000,False
QQQ,2022-03-02,343.0799865722656,348.5899963378906,340.239990234375,347.2200012207031,340.239990234375,70609000,False
QQQ,2022-03-03,349.92999267578125,350.0400085449219,340.3500061035156,342.260009765625,340.3500061035156,71089400,False
QQQ,2022-03-04,339.8399963378906,341.30999755859375,334.9200134277344,337.29998779296875,334.9200134277344,76936300,False
QQQ,2022-03-07,337.2900085449219,338.4800109863281,324.6499938964844,324.8599853515625,324.6499938964844,89933800,False
QQQ,2022-03-08,324.04998779296875,333.2099914550781,319.94000244140625,323.3500061035156,319.94000244140625,116153900,False
QQQ,2022-03-09,331.75,336.3800048828125,329.0899963378906,334.989990234375,329.0899963378906,64723400,False
QQQ,2022-03-10,330.82000732421875,332.510009765625,326.7099914550781,331.2699890136719,326.7099914550781,69362700,False
QQQ,2022-03-11,334.32000732421875,334.6400146484375,323.8999938964844,324.3999938964844,323.8999938964844,66228400,False
QQQ,2022-03-14,323.1300048828125,326.5899963378906,317.45001220703125,318.1700134277344,317.45001220703125,79802600,False
QQQ,2022-03-15,320.8800048828125,328.95001220703125,319.2300109863281,328.1499938964844,319.5771789550781,76471000,False
QQQ,2022-03-16,332.1700134277344,340.44000244140625,328.3999938964844,340.32000732421875,331.42919921875,105243000,False
QQQ,2022-03-17,338.3699951171875,344.5,337.0400085449219,344.44000244140625,337.0400085449219,67810000,False
QQQ,2022-03-18,342.739990234375,351.7900085449219,341.54998779296875,351.489990234375,342.3074035644531,85446300,False
QQQ,2022-03-21,350.20001220703125,352.4800109863281,345.5799865722656,350.0799865722656,345.5799865722656,73799100,False
QQQ,2022-03-22,350.5899963378906,357.8500061035156,350.20001220703125,356.9599914550781,350.20001220703125,63345900,False
QQQ,2022-03-23,354.010009765625,357.6600036621094,351.7699890136719,351.8299865722656,351.7699890136719,70615500,False
QQQ,2022-03-24,353.79998779296875,359.70001220703125,351.5899963378906,359.6499938964844,351.5899963378906,53555300,False
QQQ,2022-03-25,359.5899963378906,360.6700134277344,354.94000244140625,359.3500061035156,354.94000244140625,57584200,False
QQQ,2022-03-28,359.3399963378906,365.010009765625,358.07000732421875,364.9100036621094,358.07000732421875,56833900,False
QQQ,2022-03-29,368.8999938964844,371.8299865722656,366.05999755859375,371.19000244140625,366.05999755859375,68073000,False
QQQ,2022-03-30,369.2799987792969,370.9800109863281,365.57000732421875,367.0899963378906,365.57000732421875,68757700,False
QQQ,2022-03-31,367.239990234375,367.6000061035156,361.67999267578125,362.5400085449219,361.67999267578125,67011400,False
QQQ,2022-04-01,362.80999755859375,363.6099853515625,358.5899963378906,361.8500061035156,358.5899963378906,54527800,False
QQQ,2022-04-04,362.7099914550781,369.30999755859375,362.44000244140625,369.29998779296875,362.44000244140625,45950200,False
QQQ,2022-04-05,367.80999755859375,368.5400085449219,359.92999267578125,361.1000061035156,359.92999267578125,62738700,False
QQQ,2022-04-06,355.6499938964844,356.7799987792969,350.55999755859375,353.260009765625,350.55999755859375,90077100,False
QQQ,2022-04-07,352.239990234375,356.3500061035156,348.69000244140625,354.1000061035156,348.69000244140625,63777400,False
QQQ,2022-04-08,352.32000732421875,353.0899963378906,348.5,349.1499938964844,348.5,61956100,False
QQQ,2022-04-11,344.80999755859375,345.75,340.5400085449219,340.8900146484375,340.5400085449219,66107400,False
QQQ,2022-04-12,345.760009765625,347.69000244140625,338.0400085449219,339.45001220703125,338.0400085449219,72790200,False
QQQ,2022-04-13,339.79998779296875,347.42999267578125,339.05999755859375,346.3500061035156,339.05999755859375,61367800,False
QQQ,2022-04-14,346.44000244140625,346.9700012207031,338.2099914550781,338.42999267578125,338.2099914550781,73519400,False
QQQ,2022-04-18,337.3500061035156,341.0400085449219,335.7900085449219,338.69000244140625,335.7900085449219,58560600,False
QQQ,2022-04-19,338.0299987792969,346.8500061035156,336.9800109863281,346.260009765625,337.6309814453125,56515700,False
QQQ,2022-04-20,347.0899963378906,347.55999755859375,339.9599914550781,341.2099914550781,339.9599914550781,65500000,False
QQQ,2022-04-21,345.19000244140625,347.8699951171875,333.20001220703125,334.1499938964844,333.20001220703125,75801000,False
QQQ,2022-04-22,334.30999755859375,335.55999755859375,324.9599914550781,325.3999938964844,324.9599914550781,82562100,False
QQQ,2022-04-25,323.7300109863281,329.8999938964844,322.42999267578125,329.5799865722656,322.42999267578125,101755900,False
QQQ,2022-04-26,327.4700012207031,327.6600036621094,316.8599853515625,317.1400146484375,316.8599853515625,105819600,False
QQQ,2022-04-27,317.239990234375,322.8800048828125,315.0,316.760009765625,315.0,111204200,False
QQQ,2022-04-28,321.8500061035156,329.8900146484375,317.5199890136719,328.010009765625,319.8357238769531,99450000,False
QQQ,2022-04-29,323.70001220703125,327.2300109863281,312.6000061035156,313.25,312.6000061035156,91977900,True
QQQ,2022-05-02,312.8299865722656,318.7200012207031,309.6499938964844,318.4800109863281,310.54327392578125,115511800,False
QQQ,2022-05-03,318.5,321.1700134277344,315.9800109863281,318.82000732421875,315.9800109863281,78185500,False
QQQ,2022-05-04,319.30999755859375,330.2900085449219,313.8900146484375,329.6000061035156,321.3861083984375,116083400,False
QQQ,2022-05-05,325.1700134277344,325.25,309.6199951171875,313.0,309.6199951171875,154607400,True
QQQ,2022-05-06,310.95001220703125,315.0899963378906,305.1099853515625,309.25,305.1099853515625,139572800,False
QQQ,2022-05-09,303.4800109863281,309.3500061035156,295.7200012207031,297.1499938964844,295.7200012207031,113387300,False
QQQ,2022-05-10,304.510009765625,305.760009765625,296.57000732421875,300.760009765625,296.57000732421875,124124600,False
QQQ,2022-05-11,298.44000244140625,304.0899963378906,290.95001220703125,291.8399963378906,290.95001220703125,140326100,False
QQQ,2022-05-12,287.45001220703125,295.75,284.94000244140625,291.1499938964844,284.94000244140625,120910900,False
QQQ,2022-05-13,295.7200012207031,303.0,294.0799865722656,301.94000244140625,294.41546630859375,83684900,False
QQQ,2022-05-16,300.1499938964844,302.260009765625,297.1300048828125,298.44000244140625,297.1300048828125,59190400,False
QQQ,2022-05-17,304.45001220703125,306.55999755859375,300.54998779296875,306.1700134277344,300.54998779296875,62715300,False
QQQ,2022-05-18,301.5400085449219,302.25,289.8500061035156,291.1400146484375,289.8500061035156,79477100,True
QQQ,2022-05-19,289.2900085449219,294.3900146484375,287.5799865722656,289.5799865722656,287.5799865722656,79920700,False
QQQ,2022-05-20,293.1300048828125,293.79998779296875,280.2099914550781,288.67999267578125,281.4859313964844,91764200,False
QQQ,2022-05-23,289.75,293.8699951171875,287.2900085449219,293.4800109863281,287.2900085449219,63648400,False
QQQ,2022-05-24,288.1300048828125,288.8599853515625,282.25,287.239990234375,282.25,73491100,False
QQQ,2022-05-25,285.7099914550781,293.3900146484375,285.5,291.260009765625,285.5,67144500,False
QQQ,2022-05-26,290.44000244140625,300.9200134277344,290.1499938964844,299.3299865722656,291.8704528808594,59462200,False
QQQ,2022-05-27,302.5400085449219,309.25,302.4200134277344,309.1000061035156,302.4200134277344,66985600,False
QQQ,2022-05-31,309.07000732421875,311.3299865722656,304.3299865722656,308.2799987792969,304.3299865722656,60968300,False
QQQ,2022-06-01,310.4700012207031,312.6499938964844,303.7300109863281,306.0,303.7300109863281,65341700,False
QQQ,2022-06-02,304.8500061035156,314.55999755859375,303.3999938964844,314.3800048828125,306.5454406738281,59291300,False
QQQ,2022-06-03,309.0299987792969,310.4700012207031,304.9200134277344,306.20001220703125,304.9200134277344,60914700,False
QQQ,2022-06-06,310.75,312.3500061035156,305.6199951171875,307.2200012207031,305.6199951171875,51785000,False
QQQ,2022-06-07,303.80999755859375,310.6700134277344,302.69000244140625,309.8699951171875,302.69000244140625,44900300,False
QQQ,2022-06-08,309.04998779296875,311.7200012207031,306.7699890136719,307.6400146484375,306.7699890136719,38342100,False
QQQ,2022-06-09,305.9100036621094,309.04998779296875,299.2300109863281,299.3999938964844,299.2300109863281,55900500,False
QQQ,2022-06-10,293.6499938964844,294.8699951171875,288.3800048828125,288.8399963378906,288.3800048828125,85963500,False
QQQ,2022-06-13,279.75,282.3399963378906,274.5299987792969,275.4100036621094,274.5299987792969,94442000,True
QQQ,2022-06-14,277.6600036621094,278.6600036621094,273.3399963378906,275.9100036621094,273.3399963378906,64697500,False
QQQ,2022-06-15,279.4200134277344,286.8299865722656,276.6099853515625,282.79998779296875,276.6099853515625,86051400,False
QQQ,2022-06-16,275.5899963378906,276.05999755859375,269.2799987792969,271.3900146484375,269.2799987792969,81910300,False
QQQ,2022-06-17,272.17999267578125,277.19000244140625,270.510009765625,274.69000244140625,270.510009765625,82703400,False
QQQ,2022-06-21,278.75,283.45001220703125,278.6400146484375,281.0799865722656,278.6400146484375,51633700,False
QQQ,2022-06-22,278.5199890136719,285.17999267578125,277.9100036621094,280.6700134277344,277.9100036621094,67472900,False
QQQ,2022-06-23,283.2099914550781,285.7200012207031,280.30999755859375,284.8500061035156,280.30999755859375,57457800,False
QQQ,2022-06-24,287.739990234375,295.0400085449219,287.5,294.6099853515625,287.82025146484375,58422300,False
QQQ,2022-06-27,296.0,296.5799865722656,291.2900085449219,292.45001220703125,291.2900085449219,54151500,False
QQQ,2022-06-28,293.0,295.6499938964844,283.3500061035156,283.5400085449219,283.3500061035156,61609800,False
QQQ,2022-06-29,283.3999938964844,285.3399963378906,280.8399963378906,283.79998779296875,280.8399963378906,57302700,False
QQQ,2022-06-30,280.75,283.94000244140625,275.7799987792969,280.2799987792969,275.7799987792969,79313600,False
QQQ,2022-07-01,278.95001220703125,282.5299987792969,277.0299987792969,282.1300048828125,277.0299987792969,56675100,False
QQQ,2022-07-05,278.30999755859375,287.0799865722656,276.75,286.9599914550781,280.3465576171875,61829300,False
QQQ,2022-07-06,287.3500061035156,290.95001220703125,285.5899963378906,288.79998779296875,285.5899963378906,63194700,False
QQQ,2022-07-07,289.6300048828125,295.70001220703125,289.6300048828125,294.9800109863281,289.6300048828125,56620100,False
QQQ,2022-07-08,292.0799865722656,296.75,291.1199951171875,295.3500061035156,291.1199951171875,59895500,False
QQQ,2022-07-11,292.8800048828125,293.1099853515625,288.1400146484375,289.0400085449219,288.1400146484375,55273900,False
QQQ,2022-07-12,290.32000732421875,292.2799987792969,284.6099853515625,286.239990234375,284.6099853515625,55797100,False
QQQ,2022-07-13,280.6000061035156,288.04998779296875,280.0199890136719,285.6499938964844,280.0199890136719,73939400,False
QQQ,2022-07-14,282.989990234375,287.55999755859375,279.79998779296875,286.6700134277344,280.0633239746094,63741800,False
QQQ,2022-07-15,289.7300109863281,291.9800109863281,288.0799865722656,291.8699951171875,288.0799865722656,63818100,False
QQQ,2022-07-18,294.7200012207031,296.1600036621094,288.20001220703125,289.3999938964844,288.20001220703125,59519600,False
QQQ,2022-07-19,293.1099853515625,298.6000061035156,291.4700012207031,298.29998779296875,291.4700012207031,55172600,False
QQQ,2022-07-20,298.7300109863281,304.239990234375,297.92999267578125,303.0299987792969,297.92999267578125,67769400,False
QQQ,2022-07-21,303.5,307.44000244140625,300.7799987792969,307.3800048828125,300.7799987792969,55049400,False
QQQ,2022-07-22,306.42999267578125,308.54998779296875,300.1199951171875,301.989990234375,300.1199951171875,57127700,False
QQQ,2022-07-25,302.0199890136719,302.5,298.2200012207031,300.2699890136719,298.2200012207031,40582400,False
QQQ,2022-07-26,298.5299987792969,298.7900085449219,293.5400085449219,294.3699951171875,293.5400085449219,50074100,False
QQQ,2022-07-27,299.0400085449219,308.5400085449219,298.4599914550781,306.80999755859375,299.7391662597656,69304400,False
QQQ,2022-07-28,306.5899963378906,310.3999938964844,302.75,309.80999755859375,302.75,55139900,False
QQQ,2022-07-29,311.3900146484375,316.3900146484375,309.92999267578125,315.4599914550781,309.92999267578125,57501000,False
QQQ,2022-08-01,313.6499938964844,318.80999755859375,312.5299987792969,315.2699890136719,312.5299987792969,46358800,False
QQQ,2022-08-02,312.9200134277344,318.54998779296875,311.8399963378906,314.3299865722656,311.8399963378906,48676500,False
QQQ,2022-08-03,316.04998779296875,323.7300109863281,315.989990234375,322.8900146484375,315.989990234375,53735700,False
QQQ,2022-08-04,322.9700012207031,324.7200012207031,320.7699890136719,324.3999938964844,320.7699890136719,38973700,False
QQQ,2022-08-05,319.19000244140625,323.8299865722656,318.3900146484375,321.75,318.3900146484375,53894000,False
QQQ,2022-08-08,322.69000244140625,326.4700012207031,319.2099914550781,320.7099914550781,319.2099914550781,43878500,False
QQQ,2022-08-09,318.7699890136719,319.0299987792969,315.4200134277344,317.0799865722656,315.4200134277344,39764200,False
QQQ,2022-08-10,324.5899963378906,326.2300109863281,322.05999755859375,325.92999267578125,322.05999755859375,51459600,False
QQQ,2022-08-11,328.30999755859375,330.3599853515625,323.3599853515625,324.0799865722656,323.3599853515625,45897700,False
QQQ,2022-08-12,326.17999267578125,330.5899963378906,325.1000061035156,330.3900146484375,325.1000061035156,40928400,False
QQQ,2022-08-15,329.4200134277344,333.57000732421875,329.3999938964844,333.05999755859375,329.3999938964844,38266600,False
QQQ,2022-08-16,332.05999755859375,334.4200134277344,329.1600036621094,332.2799987792969,329.1600036621094,41186900,False
QQQ,2022-08-17,329.07000732421875,331.42999267578125,326.3599853515625,328.489990234375,326.3599853515625,47842200,False
QQQ,2022-08-18,328.44000244140625,330.489990234375,326.7900085449219,329.2799987792969,326.7900085449219,41937200,False
QQQ,2022-08-19,326.1700134277344,326.8399963378906,322.0799865722656,322.8599853515625,322.0799865722656,51770600,False
QQQ,2022-08-22,318.5,318.739990234375,313.5299987792969,314.3599853515625,313.5299987792969,51098900,False
QQQ,2022-08-23,314.1199951171875,317.0,313.3299865722656,314.1000061035156,313.3299865722656,39497100,False
QQQ,2022-08-24,313.6099853515625,316.8699951171875,312.989990234375,315.010009765625,312.989990234375,38057100,False
QQQ,2022-08-25,316.8299865722656,320.6000061035156,315.760009765625,320.5799865722656,315.760009765625,38098300,False
QQQ,2022-08-26,320.2799987792969,321.510009765625,307.3500061035156,307.44000244140625,307.3500061035156,69047700,False
QQQ,2022-08-29,304.6199951171875,307.2200012207031,303.2799987792969,304.4100036621094,303.2799987792969,48321900,False
QQQ,2022-08-30,306.1000061035156,306.7300109863281,298.44000244140625,301.0199890136719,298.44000244140625,51184500,False
QQQ,2022-08-31,303.989990234375,304.9100036621094,299.1600036621094,299.2699890136719,299.1600036621094,50044000,False
QQQ,2022-09-01,296.7200012207031,299.7799987792969,292.95001220703125,299.3999938964844,292.95001220703125,57990700,False
QQQ,2022-09-02,302.3399963378906,303.75,293.5199890136719,295.1700134277344,293.5199890136719,64666800,False
QQQ,2022-09-06,295.6600036621094,296.6000061035156,290.8699951171875,293.04998779296875,290.8699951171875,57005400,False
QQQ,2022-09-07,293.5400085449219,299.989990234375,293.2699890136719,298.9700012207031,293.2699890136719,49260400,False
QQQ,2022-09-08,296.8500061035156,301.8699951171875,295.45001220703125,300.5199890136719,295.45001220703125,55649800,False
QQQ,2022-09-09,302.8299865722656,307.6000061035156,300.5199890136719,307.0899963378906,300.5199890136719,56125200,False
QQQ,2022-09-12,308.5,311.0799865722656,308.17999267578125,310.739990234375,308.17999267578125,45905700,False
QQQ,2022-09-13,301.79998779296875,303.0199890136719,292.7900085449219,293.70001220703125,292.7900085449219,79562200,True
QQQ,2022-09-14,294.8699951171875,296.92999267578125,293.05999755859375,296.0299987792969,293.05999755859375,54907200,False
QQQ,2022-09-15,294.07000732421875,296.5299987792969,289.4599914550781,291.1000061035156,289.4599914550781,65299400,False
QQQ,2022-09-16,287.7200012207031,289.7200012207031,285.6199951171875,289.32000732421875,285.6199951171875,79920400,False
QQQ,2022-09-19,286.1000061035156,291.2099914550781,286.0400085449219,291.04998779296875,286.0400085449219,52613800,False
QQQ,2022-09-20,288.489990234375,291.07000732421875,286.3800048828125,288.7300109863281,286.3800048828125,51271100,False
QQQ,2022-09-21,289.5899963378906,293.95001220703125,283.4200134277344,283.55999755859375,283.4200134277344,82931000,False
QQQ,2022-09-22,282.0,283.0299987792969,278.82000732421875,280.07000732421875,278.82000732421875,62757100,False
QQQ,2022-09-23,277.54998779296875,277.8500061035156,272.0199890136719,275.510009765625,272.0199890136719,74815200,False
QQQ,2022-09-26,275.0299987792969,279.489990234375,273.55999755859375,274.3699951171875,273.55999755859375,71176700,False
QQQ,2022-09-27,277.80999755859375,280.2099914550781,272.1099853515625,274.4800109863281,272.1099853515625,69780100,False
QQQ,2022-09-28,274.4599914550781,281.25,272.95001220703125,279.94000244140625,273.97991943359375,79652100,False
QQQ,2022-09-29,275.8599853515625,276.25,268.8399963378906,271.8699951171875,268.8399963378906,81216000,False
QQQ,2022-09-30,271.0299987792969,275.19000244140625,267.1000061035156,267.260009765625,267.1000061035156,78482400,False
QQQ,2022-10-03,269.07000732421875,275.1600036621094,267.5299987792969,273.5299987792969,267.706298828125,61267400,False
QQQ,2022-10-04,278.989990234375,282.8500061035156,278.989990234375,282.1300048828125,278.989990234375,66696900,False
QQQ,2022-10-05,278.2799987792969,283.80999755859375,275.4200134277344,281.9800109863281,275.9764404296875,55766300,False
QQQ,2022-10-06,280.9599914550781,284.17999267578125,279.42999267578125,279.760009765625,279.42999267578125,53489400,False
QQQ,2022-10-07,275.0199890136719,275.1499938964844,267.739990234375,269.1000061035156,267.739990234375,71354700,False
QQQ,2022-10-10,269.29998779296875,269.70001220703125,263.6400146484375,266.4100036621094,263.6400146484375,60393000,False
QQQ,2022-10-11,264.70001220703125,267.6300048828125,261.0299987792969,262.75,261.0299987792969,66522500,False
QQQ,2022-10-12,263.3999938964844,265.3599853515625,261.95001220703125,262.6600036621094,261.95001220703125,50580200,False
QQQ,2022-10-13,255.16000366210938,270.1700134277344,254.25999450683594,268.82000732421875,263.09661865234375,112894100,False
QQQ,2022-10-14,271.20001220703125,271.80999755859375,260.1400146484375,260.739990234375,260.1400146484375,77244300,False
QQQ,2022-10-17,266.8399963378906,270.239990234375,266.739990234375,269.3500061035156,266.739990234375,64576500,False
QQQ,2022-10-18,276.5299987792969,277.2099914550781,268.739990234375,271.4800109863281,268.739990234375,69781000,False
QQQ,2022-10-19,269.92999267578125,273.67999267578125,268.07000732421875,270.489990234375,268.07000732421875,53115400,False
QQQ,2022-10-20,269.5799865722656,274.8399963378906,267.9200134277344,269.1099853515625,267.9200134277344,60605500,False
QQQ,2022-10-21,267.9800109863281,275.9700012207031,266.82000732421875,275.4200134277344,269.5560607910156,77897700,False
QQQ,2022-10-24,275.69000244140625,279.3999938964844,271.9700012207031,278.45001220703125,272.5215759277344,63963600,False
QQQ,2022-10-25,279.4100036621094,284.6000061035156,277.8999938964844,284.2099914550781,278.1589050292969,59014500,False
QQQ,2022-10-26,278.4599914550781,283.9800109863281,277.42999267578125,277.92999267578125,277.42999267578125,63492400,False
QQQ,2022-10-27,276.7900085449219,278.2799987792969,272.3399963378906,272.8699951171875,272.3399963378906,57760300,False
QQQ,2022-10-28,272.2300109863281,281.70001220703125,272.05999755859375,281.2200012207031,275.232666015625,62651300,False
QQQ,2022-10-31,278.9200134277344,279.760009765625,275.989990234375,277.95001220703125,275.989990234375,47742000,False
QQQ,2022-11-01,281.5,282.07000732421875,274.739990234375,275.1099853515625,274.739990234375,45895900,False
QQQ,2022-11-02,275.0799865722656,278.2099914550781,265.6099853515625,265.67999267578125,265.6099853515625,79803100,False
QQQ,2022-11-03,263.010009765625,264.5,260.1000061035156,260.489990234375,260.1000061035156,70038900,False
QQQ,2022-11-04,265.5299987792969,266.6099853515625,259.0799865722656,264.67999267578125,259.0799865722656,78313200,False
QQQ,2022-11-07,265.75,268.1400146484375,263.57000732421875,267.5899963378906,263.57000732421875,47333800,False
QQQ,2022-11-08,269.1400146484375,272.8500061035156,265.5199890136719,269.5400085449219,265.5199890136719,63213800,False
QQQ,2022-11-09,267.760009765625,268.55999755859375,263.0299987792969,263.32000732421875,263.0299987792969,64862100,False
QQQ,2022-11-10,276.010009765625,283.04998779296875,273.8500061035156,282.75,276.73004150390625,99256700,True
QQQ,2022-11-11,282.55999755859375,288.6400146484375,281.19000244140625,287.9599914550781,281.8291015625,66961800,False
QQQ,2022-11-14,285.8599853515625,289.2099914550781,284.44000244140625,285.44000244140625,284.44000244140625,55290700,False
QQQ,2022-11-15,292.2099914550781,293.260009765625,285.9700012207031,289.3900146484375,285.9700012207031,73985400,False
QQQ,2022-11-16,287.3900146484375,289.4800109863281,284.6000061035156,285.44000244140625,284.6000061035156,48859800,False
QQQ,2022-11-17,280.8800048828125,286.32000732421875,280.7200012207031,284.80999755859375,280.7200012207031,55462100,False
QQQ,2022-11-18,287.8900146484375,287.989990234375,282.32000732421875,284.82000732421875,282.32000732421875,53588600,False
QQQ,2022-11-21,283.3999938964844,284.5799865722656,281.0400085449219,281.8900146484375,281.0400085449219,40083500,False
QQQ,2022-11-22,282.6400146484375,286.1099853515625,280.4599914550781,285.95001220703125,280.4599914550781,41873400,False
QQQ,2022-11-23,285.9700012207031,289.4599914550781,285.7900085449219,288.82000732421875,285.7900085449219,46390000,False
QQQ,2022-11-25,287.19000244140625,287.9100036621094,286.4200134277344,286.9200134277344,286.4200134277344,15498800,False
QQQ,2022-11-28,284.8999938964844,286.9599914550781,281.760009765625,282.7099914550781,281.760009765625,38714200,False
QQQ,2022-11-29,282.94000244140625,283.3500061035156,279.1700134277344,280.57000732421875,279.1700134277344,35618900,False
QQQ,2022-11-30,280.8399963378906,293.4700012207031,279.9700012207031,293.3599853515625,287.1141052246094,74718100,False
QQQ,2022-12-01,293.69000244140625,295.75,290.8800048828125,293.7200012207031,290.8800048828125,51547300,False
QQQ,2022-12-02,288.5400085449219,293.45001220703125,288.3599853515625,292.54998779296875,288.3599853515625,53583200,False
QQQ,2022-12-05,290.3800048828125,291.67999267578125,286.1499938964844,287.6400146484375,286.1499938964844,41482100,False
QQQ,2022-12-06,287.4800109863281,287.6199951171875,280.260009765625,281.67999267578125,280.260009765625,53937600,False
QQQ,2022-12-07,280.4700012207031,282.57000732421875,278.7799987792969,280.5299987792969,278.7799987792969,45614300,False
QQQ,2022-12-08,281.9100036621094,284.8399963378906,279.7900085449219,283.8500061035156,279.7900085449219,42594900,False
QQQ,2022-12-09,282.80999755859375,285.6400146484375,281.5899963378906,282.0400085449219,281.5899963378906,47860500,False
QQQ,2022-12-12,282.2200012207031,285.6400146484375,281.1600036621094,285.5799865722656,281.1600036621094,35732500,False
QQQ,2022-12-13,296.6499938964844,296.8800048828125,285.9100036621094,288.6499938964844,285.9100036621094,80667700,False
QQQ,2022-12-14,288.04998779296875,291.4100036621094,283.19000244140625,286.510009765625,283.19000244140625,64984400,False
QQQ,2022-12-15,282.3299865722656,283.010009765625,275.6700134277344,276.8900146484375,275.6700134277344,60554100,False
QQQ,2022-12-16,276.20001220703125,277.7699890136719,272.6099853515625,274.25,272.6099853515625,68300400,False
QQQ,2022-12-19,273.8699951171875,273.9599914550781,268.489990234375,269.75,268.489990234375,44167900,False
QQQ,2022-12-20,268.55999755859375,271.32000732421875,266.95001220703125,269.5400085449219,266.95001220703125,51064200,False
QQQ,2022-12-21,270.6000061035156,274.7799987792969,269.739990234375,273.45001220703125,269.739990234375,46394700,False
QQQ,2022-12-22,270.3800048828125,270.510009765625,262.4599914550781,266.760009765625,262.4599914550781,60278400,False
QQQ,2022-12-23,265.4700012207031,268.0400085449219,263.5299987792969,267.3599853515625,263.5299987792969,39373600,False
QQQ,2022-12-27,266.739990234375,266.8500061035156,263.0299987792969,263.5799865722656,263.0299987792969,38009000,False
QQQ,2022-12-28,263.1700134277344,265.4700012207031,259.7300109863281,260.1000061035156,259.7300109863281,47139000,False
QQQ,2022-12-29,262.9599914550781,267.3999938964844,262.25,266.44000244140625,262.25,45893600,False
QQQ,2022-12-30,263.6199951171875,266.4100036621094,262.2900085449219,266.2799987792969,262.2900085449219,37858300,False
QQQ,2023-01-03,268.6499938964844,270.1499938964844,262.1300048828125,264.4800109863281,262.1300048828125,42335300,False
QQQ,2023-01-04,266.6400146484375,267.45001220703125,262.5299987792969,265.739990234375,262.5299987792969,47754900,False
QQQ,2023-01-05,264.0400085449219,264.2099914550781,261.260009765625,261.5799865722656,261.260009765625,45396700,False
QQQ,2023-01-06,263.3500061035156,269.94000244140625,260.3399963378906,268.79998779296875,263.7068786621094,54659700,False
QQQ,2023-01-09,270.8299865722656,275.2900085449219,269.9200134277344,270.5400085449219,269.9200134277344,45568700,False
QQQ,2023-01-10,269.489990234375,272.94000244140625,268.9700012207031,272.8299865722656,268.9700012207031,35247800,False
QQQ,2023-01-11,273.9200134277344,277.6600036621094,273.1199951171875,277.54998779296875,273.1199951171875,44077000,False
QQQ,2023-01-12,278.1199951171875,280.1000061035156,273.739990234375,279.04998779296875,273.7626953125,60600000,False
QQQ,2023-01-13,276.5,281.2200012207031,276.1600036621094,280.9700012207031,276.1600036621094,44802900,False
QQQ,2023-01-17,280.7699890136719,282.8500061035156,279.5799865722656,281.5400085449219,279.5799865722656,36269700,False
QQQ,2023-01-18,283.1099853515625,284.69000244140625,277.6700134277344,277.8800048828125,277.6700134277344,47754500,False
QQQ,2023-01-19,276.2200012207031,277.3800048828125,273.8900146484375,275.1499938964844,273.8900146484375,44150400,False
QQQ,2023-01-20,276.7900085449219,283.0199890136719,275.7099914550781,282.67999267578125,277.3238830566406,60613600,False
QQQ,2023-01-23,283.5400085449219,290.2099914550781,282.7300109863281,288.9599914550781,283.4848937988281,52799900,False
QQQ,2023-01-24,287.30999755859375,289.54998779296875,286.7799987792969,288.3699951171875,286.7799987792969,44875100,False
QQQ,2023-01-25,283.7699890136719,288.3599853515625,281.17999267578125,287.7300109863281,282.27825927734375,50872000,False
QQQ,2023-01-26,291.2200012207031,293.5199890136719,288.5199890136719,293.3399963378906,288.5199890136719,51596300,False
QQQ,2023-01-27,292.0,298.260009765625,291.8800048828125,296.260009765625,291.8800048828125,56441900,False
QQQ,2023-01-30,292.92999267578125,294.3800048828125,289.8900146484375,290.2699890136719,289.8900146484375,49405800,False
QQQ,2023-01-31,290.30999755859375,294.7200012207031,290.20001220703125,294.6199951171875,290.20001220703125,46705100,False
QQQ,2023-02-01,294.4100036621094,303.42999267578125,292.29998779296875,300.9200134277344,295.21826171875,67562200,False
QQQ,2023-02-02,307.57000732421875,313.67999267578125,306.7300109863281,311.7200012207031,306.7300109863281,83070600,False
QQQ,2023-02-03,304.94000244140625,312.3900146484375,304.5400085449219,306.17999267578125,304.5400085449219,76170800,False
QQQ,2023-02-06,303.510009765625,305.9100036621094,302.2200012207031,303.5899963378906,302.2200012207031,40802300,False
QQQ,2023-02-07,303.4599914550781,311.0299987792969,302.32000732421875,309.8800048828125,304.0085144042969,67584000,False
QQQ,2023-02-08,308.5400085449219,309.5,303.6700134277344,304.3699951171875,303.6700134277344,56720900,False
QQQ,2023-02-09,308.8399963378906,308.989990234375,300.20001220703125,301.67999267578125,300.20001220703125,49137800,False
QQQ,2023-02-10,299.4800109863281,301.57000732421875,297.25,299.70001220703125,297.25,50050100,False
QQQ,2023-02-13,301.1300048828125,305.1000061035156,299.92999267578125,304.5,299.92999267578125,39636700,False
QQQ,2023-02-14,302.8900146484375,307.7200012207031,300.9100036621094,306.75,300.9377746582031,64079100,False
QQQ,2023-02-15,304.8999938964844,309.2699890136719,304.20001220703125,309.1000061035156,304.20001220703125,43100600,False
QQQ,2023-02-16,304.3800048828125,308.42999267578125,303.1499938964844,303.29998779296875,303.1499938964844,59498600,False
QQQ,2023-02-17,301.07000732421875,301.92999267578125,298.1000061035156,301.1600036621094,298.1000061035156,58230700,False
QQQ,2023-02-21,297.260009765625,298.7300109863281,293.8900146484375,294.0299987792969,293.8900146484375,46526700,False
QQQ,2023-02-22,294.6199951171875,296.3599853515625,292.55999755859375,294.25,292.55999755859375,51389200,False
QQQ,2023-02-23,297.9700012207031,298.1300048828125,292.54998779296875,296.82000732421875,292.54998779296875,69294400,False
QQQ,2023-02-24,291.760009765625,292.9700012207031,290.04998779296875,291.8500061035156,290.04998779296875,74332000,False
QQQ,2023-02-27,295.07000732421875,296.489990234375,293.3399963378906,293.94000244140625,293.3399963378906,48995000,False
QQQ,2023-02-28,293.29998779296875,296.1199951171875,292.9599914550781,293.55999755859375,292.9599914550781,48243100,False
QQQ,2023-03-01,293.260009765625,293.92999267578125,290.20001220703125,291.20001220703125,290.20001220703125,58287000,False
QQQ,2023-03-02,288.6600036621094,294.42999267578125,288.3699951171875,293.6099853515625,288.3699951171875,53565900,False
QQQ,2023-03-03,295.3900146484375,299.9200134277344,294.8699951171875,299.67999267578125,294.8699951171875,60511500,False
QQQ,2023-03-06,300.94000244140625,304.0,299.82000732421875,300.0199890136719,299.82000732421875,56736300,False
QQQ,2023-03-07,300.07000732421875,301.010009765625,295.7200012207031,296.3399963378906,295.7200012207031,65955800,False
QQQ,2023-03-08,296.7699890136719,298.42999267578125,294.8800048828125,297.82000732421875,294.8800048828125,50876300,False
QQQ,2023-03-09,298.3299865722656,300.9800109863281,291.8299865722656,292.6600036621094,291.8299865722656,71456700,False
QQQ,2023-03-10,292.8299865722656,294.3500061035156,287.3800048828125,288.54998779296875,287.3800048828125,98593600,False
QQQ,2023-03-13,286.7300109863281,294.4700012207031,285.19000244140625,290.69000244140625,285.19000244140625,97123600,False
QQQ,2023-03-14,294.30999755859375,297.92999267578125,293.45001220703125,297.3699951171875,293.45001220703125,73602500,False
QQQ,2023-03-15,294.7099914550781,299.2699890136719,293.239990234375,298.92999267578125,293.2659912109375,83631500,False
QQQ,2023-03-16,298.0,307.17999267578125,297.19000244140625,306.80999755859375,300.9966735839844,98198100,False
QQQ,2023-03-17,306.7200012207031,309.1499938964844,303.3699951171875,305.3599853515625,303.3699951171875,89923700,False
QQQ,2023-03-20,304.260009765625,306.29998779296875,302.010009765625,305.9700012207031,302.010009765625,56359500,False
QQQ,2023-03-21,307.94000244140625,310.79998779296875,306.3999938964844,310.3399963378906,306.3999938964844,49757000,False
QQQ,2023-03-22,310.2699890136719,315.25,305.95001220703125,306.1199951171875,305.95001220703125,75791900,False
QQQ,2023-03-23,309.9200134277344,314.1499938964844,307.010009765625,309.75,307.010009765625,74576000,False
QQQ,2023-03-24,309.32000732421875,310.989990234375,306.95001220703125,310.8900146484375,306.95001220703125,57195200,False
QQQ,2023-03-27,311.6000061035156,312.70001220703125,307.8900146484375,308.760009765625,307.8900146484375,50287400,False
QQQ,2023-03-28,308.1700134277344,308.20001220703125,304.7699890136719,307.1199951171875,304.7699890136719,48585900,False
QQQ,2023-03-29,310.8800048828125,313.3500061035156,310.04998779296875,312.7200012207031,310.04998779296875,53274300,False
QQQ,2023-03-30,315.239990234375,316.32000732421875,312.80999755859375,315.67999267578125,312.80999755859375,58354800,False
QQQ,2023-03-31,315.9100036621094,321.1700134277344,315.6000061035156,320.92999267578125,315.6000061035156,62138100,False
QQQ,2023-04-03,318.7699890136719,320.4200134277344,317.4200134277344,320.1499938964844,317.4200134277344,47126800,False
QQQ,2023-04-04,320.6000061035156,321.6300048828125,317.8299865722656,319.07000732421875,317.8299865722656,45875400,False
QQQ,2023-04-05,318.1000061035156,319.05999755859375,314.07000732421875,315.9200134277344,314.07000732421875,62795700,False
QQQ,2023-04-06,314.239990234375,318.54998779296875,312.82000732421875,318.04998779296875,312.82000732421875,46916500,False
QQQ,2023-04-10,315.07000732421875,317.9200134277344,313.25,317.8699951171875,313.25,45134700,False
QQQ,2023-04-11,317.8299865722656,317.8900146484375,315.30999755859375,315.8299865722656,315.30999755859375,40113600,False
QQQ,2023-04-12,317.82000732421875,318.4200134277344,312.57000732421875,313.0400085449219,312.57000732421875,62813300,False
QQQ,2023-04-13,314.8299865722656,319.6499938964844,313.6300048828125,319.1700134277344,313.6300048828125,54613800,False
QQQ,2023-04-14,317.5899963378906,320.3599853515625,315.6099853515625,318.57000732421875,315.6099853515625,56278300,False
QQQ,2023-04-17,318.1499938964844,319.20001220703125,316.0400085449219,318.8399963378906,316.0400085449219,43007000,False
QQQ,2023-04-18,320.989990234375,321.4200134277344,317.6400146484375,318.8599853515625,317.6400146484375,46746900,False
QQQ,2023-04-19,316.4100036621094,319.7900085449219,316.2799987792969,318.7099914550781,316.2799987792969,38960100,False
QQQ,2023-04-20,315.69000244140625,319.2699890136719,314.9700012207031,316.2799987792969,314.9700012207031,62462100,False
QQQ,2023-04-21,315.9100036621094,317.3999938964844,314.1000061035156,316.6099853515625,314.1000061035156,59002300,False
QQQ,2023-04-24,316.3800048828125,317.739990234375,313.739990234375,315.95001220703125,313.739990234375,44043100,False
QQQ,2023-04-25,314.2900085449219,314.9700012207031,309.8900146484375,309.989990234375,309.8900146484375,57121600,False
QQQ,2023-04-26,313.44000244140625,314.94000244140625,311.3399963378906,311.8699951171875,311.3399963378906,55400500,False
QQQ,2023-04-27,315.70001220703125,320.8599853515625,315.04998779296875,320.3500061035156,315.04998779296875,65430400,False
QQQ,2023-04-28,320.1099853515625,322.6499938964844,318.9599914550781,322.55999755859375,318.9599914550781,59712600,False
QQQ,2023-05-01,322.0899963378906,323.6300048828125,321.0899963378906,322.19000244140625,321.0899963378906,41013400,False
QQQ,2023-05-02,322.1199951171875,322.45001220703125,317.6099853515625,319.3800048828125,317.6099853515625,56519400,False
QQQ,2023-05-03,319.75,322.4700012207031,317.17999267578125,317.2900085449219,317.17999267578125,59882100,False
QQQ,2023-05-04,317.05999755859375,318.2300109863281,315.1199951171875,316.1700134277344,315.1199951171875,50224500,False
QQQ,2023-05-05,318.4700012207031,323.760009765625,316.2099914550781,322.8900146484375,317.2624206542969,51806100,False
QQQ,2023-05-08,322.4200134277344,324.0400085449219,321.32000732421875,323.69000244140625,321.32000732421875,36465800,False
QQQ,2023-05-09,322.0,322.8800048828125,321.32000732421875,321.6400146484375,321.32000732421875,31768800,False
QQQ,2023-05-10,324.1199951171875,326.010009765625,321.6000061035156,325.1400146484375,321.6000061035156,60446600,False
QQQ,2023-05-11,325.70001220703125,326.75,324.1199951171875,326.20001220703125,324.1199951171875,44278500,False
QQQ,2023-05-12,326.739990234375,327.1700134277344,322.94000244140625,325.0299987792969,322.94000244140625,48432800,False
QQQ,2023-05-15,325.510009765625,327.0299987792969,323.9599914550781,326.7900085449219,323.9599914550781,33375600,False
QQQ,2023-05-16,326.05999755859375,328.8999938964844,326.0199890136719,327.1600036621094,326.0199890136719,40019200,False
QQQ,2023-05-17,328.239990234375,331.7099914550781,327.0400085449219,331.1199951171875,327.0400085449219,47486100,False
QQQ,2023-05-18,331.5199890136719,337.489990234375,331.5,337.2699890136719,331.5,64213500,False
QQQ,2023-05-19,337.489990234375,338.2099914550781,335.42999267578125,336.510009765625,335.42999267578125,61554900,False
QQQ,2023-05-22,336.25,338.6700134277344,336.239990234375,337.6400146484375,336.239990234375,43015900,False
QQQ,2023-05-23,335.8900146484375,337.05999755859375,333.0,333.3599853515625,333.0,48216700,False
QQQ,2023-05-24,331.3699951171875,332.9100036621094,329.55999755859375,331.6499938964844,329.55999755859375,62891200,False
QQQ,2023-05-25,339.1400146484375,341.010009765625,336.6700134277344,339.7200012207031,336.6700134277344,66862800,False
QQQ,2023-05-26,340.760009765625,349.25,340.6600036621094,348.3999938964844,342.3277282714844,63007000,False
QQQ,2023-05-30,352.7099914550781,353.92999267578125,348.5299987792969,349.9800109863281,348.5299987792969,72652200,False
QQQ,2023-05-31,348.3699951171875,350.6000061035156,346.510009765625,347.989990234375,346.510009765625,65105400,False
QQQ,2023-06-01,347.7300109863281,353.3599853515625,346.6600036621094,352.010009765625,346.6600036621094,50488600,False
QQQ,2023-06-02,353.79998779296875,355.8299865722656,352.010009765625,354.6499938964844,352.010009765625,53372100,False
QQQ,2023-06-05,354.42999267578125,357.5,353.8500061035156,354.8999938964844,353.8500061035156,47266200,False
QQQ,2023-06-06,354.2799987792969,355.82000732421875,352.92999267578125,354.8399963378906,352.92999267578125,41390400,False
QQQ,2023-06-07,355.1300048828125,357.1199951171875,348.17999267578125,348.82000732421875,348.17999267578125,69225900,False
QQQ,2023-06-08,349.1199951171875,353.6199951171875,348.8900146484375,353.1499938964844,348.8900146484375,47153900,False
QQQ,2023-06-09,354.6300048828125,357.6600036621094,353.0299987792969,354.5,353.0299987792969,53196900,False
QQQ,2023-06-12,356.19000244140625,360.5899963378906,355.20001220703125,360.489990234375,355.20001220703125,44606500,False
QQQ,2023-06-13,363.2900085449219,364.1099853515625,360.0299987792969,363.260009765625,360.0299987792969,57097800,False
QQQ,2023-06-14,363.2699890136719,366.19000244140625,360.4200134277344,365.8999938964844,360.4200134277344,69525600,False
QQQ,2023-06-15,364.6099853515625,371.7699890136719,363.9800109863281,370.260009765625,363.9800109863281,71138800,False
QQQ,2023-06-16,372.7200012207031,372.8500061035156,367.4800109863281,367.92999267578125,367.4800109863281,80932000,False
QQQ,2023-06-20,365.95001220703125,368.32000732421875,363.8900146484375,366.8999938964844,363.8900146484375,49204700,False
QQQ,2023-06-21,365.739990234375,366.17999267578125,360.9599914550781,361.8999938964844,360.9599914550781,53378300,False
QQQ,2023-06-22,360.6300048828125,366.3299865722656,360.2200012207031,366.1700134277344,360.2816162109375,47603000,False
QQQ,2023-06-23,362.2099914550781,364.8800048828125,360.82000732421875,362.5400085449219,360.82000732421875,48922900,False
QQQ,2023-06-26,362.0,364.8399963378906,357.5899963378906,357.67999267578125,357.5899963378906,52685500,False
QQQ,2023-06-27,359.25,364.57000732421875,358.510009765625,363.8299865722656,358.510009765625,49428100,False
QQQ,2023-06-28,361.9800109863281,366.5199890136719,361.8999938964844,364.5400085449219,361.8999938964844,46498000,False
QQQ,2023-06-29,364.239990234375,364.8900146484375,362.1400146484375,363.80999755859375,362.1400146484375,46151000,False
QQQ,2023-06-30,367.54998779296875,370.489990234375,367.2300109863281,369.4200134277344,367.2300109863281,58712500,False
QQQ,2023-07-03,370.07000732421875,370.92999267578125,368.9700012207031,370.2900085449219,368.9700012207031,19432900,False
QQQ,2023-07-05,368.70001220703125,372.010009765625,368.6600036621094,370.2799987792969,368.6600036621094,34460900,False
QQQ,2023-07-06,366.510009765625,367.9100036621094,364.5199890136719,367.4599914550781,364.5199890136719,49374700,False
QQQ,2023-07-07,367.2300109863281,370.4800109863281,366.010009765625,366.239990234375,366.010009765625,47133700,False
QQQ,2023-07-10,365.9599914550781,367.04998779296875,363.4100036621094,366.3599853515625,363.4100036621094,48498800,False
QQQ,2023-07-11,366.7900085449219,368.6300048828125,364.6199951171875,368.1700134277344,364.6199951171875,38214100,False
QQQ,2023-07-12,372.3399963378906,374.19000244140625,370.29998779296875,372.82000732421875,370.29998779296875,61975400,False
QQQ,2023-07-13,376.04998779296875,379.989990234375,375.4599914550781,379.1499938964844,375.4599914550781,46960000,False
QQQ,2023-07-14,379.5899963378906,382.8599853515625,378.17999267578125,379.07000732421875,378.17999267578125,55148500,False
QQQ,2023-07-17,379.79998779296875,383.5,379.30999755859375,382.6099853515625,379.30999755859375,40868900,False
QQQ,2023-07-18,381.9599914550781,387.1300048828125,380.0,385.739990234375,380.0,55262000,False
QQQ,2023-07-19,386.82000732421875,387.9800109863281,384.29998779296875,385.6499938964844,384.29998779296875,54093000,False
QQQ,2023-07-20,382.6099853515625,384.1000061035156,375.7200012207031,376.760009765625,375.7200012207031,71941700,False
QQQ,2023-07-21,379.17999267578125,379.9200134277344,375.19000244140625,375.6300048828125,375.19000244140625,60499600,False
QQQ,2023-07-24,376.6199951171875,377.5799865722656,374.3399963378906,376.2300109863281,374.3399963378906,40380100,False
QQQ,2023-07-25,376.95001220703125,380.4700012207031,376.92999267578125,378.7799987792969,376.92999267578125,38894400,False
QQQ,2023-07-26,377.7200012207031,379.239990234375,375.17999267578125,377.5199890136719,375.17999267578125,47075700,False
QQQ,2023-07-27,383.07000732421875,384.7099914550781,375.30999755859375,376.6199951171875,375.30999755859375,63940200,False
QQQ,2023-07-28,380.739990234375,384.5199890136719,380.2200012207031,383.4800109863281,380.2200012207031,56902900,False
QQQ,2023-07-31,383.7900085449219,384.8800048828125,382.3399963378906,383.67999267578125,382.3399963378906,44019900,False
QQQ,2023-08-01,382.30999755859375,383.55999755859375,380.69000244140625,382.7900085449219,380.69000244140625,41060600,False
QQQ,2023-08-02,379.260009765625,379.260009765625,373.1300048828125,374.3900146484375,373.1300048828125,72687100,False
QQQ,2023-08-03,371.94000244140625,375.95001220703125,371.7699890136719,373.7900085449219,371.7699890136719,47666400,False
QQQ,2023-08-04,375.75,378.1000061035156,371.5299987792969,372.0400085449219,371.5299987792969,61702800,False
QQQ,2023-08-07,373.8800048828125,375.2900085449219,371.510009765625,375.19000244140625,371.510009765625,37230400,False
QQQ,2023-08-08,372.6400146484375,372.6600036621094,368.82000732421875,372.0,368.82000732421875,44726500,False
QQQ,2023-08-09,372.2900085449219,372.45001220703125,367.1400146484375,367.9100036621094,367.1400146484375,51150900,False
QQQ,2023-08-10,370.9700012207031,374.3599853515625,367.0400085449219,368.5899963378906,367.0400085449219,72035300,False
QQQ,2023-08-11,365.989990234375,368.0,364.69000244140625,366.239990234375,364.69000244140625,48707200,False
QQQ,2023-08-14,365.42999267578125,370.4700012207031,364.70001220703125,370.3500061035156,364.70001220703125,42130800,False
QQQ,2023-08-15,369.3599853515625,370.1700134277344,365.739990234375,366.4200134277344,365.739990234375,45539900,False
QQQ,2023-08-16,365.8699951171875,367.42999267578125,362.44000244140625,362.5400085449219,362.44000244140625,53190500,False
QQQ,2023-08-17,363.9599914550781,364.30999755859375,358.1600036621094,358.5799865722656,358.1600036621094,62604300,False
QQQ,2023-08-18,355.260009765625,359.4100036621094,354.7099914550781,358.1300048828125,354.7099914550781,61191400,False
QQQ,2023-08-21,359.6199951171875,364.5899963378906,359.1499938964844,363.8999938964844,359.1499938964844,50696500,False
QQQ,2023-08-22,366.54998779296875,366.55999755859375,362.67999267578125,363.3800048828125,362.67999267578125,44530200,False
QQQ,2023-08-23,364.5799865722656,370.2200012207031,364.3599853515625,369.1099853515625,364.3599853515625,51770600,False
QQQ,2023-08-24,372.6400146484375,372.739990234375,361.010009765625,361.2200012207031,361.010009765625,66842500,False
QQQ,2023-08-25,362.07000732421875,365.739990234375,358.5799865722656,364.0199890136719,358.5799865722656,69960500,False
QQQ,2023-08-28,366.989990234375,367.7099914550781,364.25,366.760009765625,364.25,40910000,False
QQQ,2023-08-29,366.55999755859375,375.1300048828125,366.2300109863281,374.7699890136719,368.7432861328125,58492400,False
QQQ,2023-08-30,374.8800048828125,377.45001220703125,373.8599853515625,376.8599853515625,373.8599853515625,41731500,False
QQQ,2023-08-31,376.94000244140625,379.7200012207031,376.8699951171875,377.989990234375,376.8699951171875,35730700,False
QQQ,2023-09-01,380.3999938964844,380.8299865722656,376.0799865722656,377.5899963378906,376.0799865722656,39801200,False
QQQ,2023-09-05,376.7699890136719,379.30999755859375,375.8299865722656,378.07000732421875,375.8299865722656,32344200,False
QQQ,2023-09-06,377.2799987792969,377.6300048828125,372.70001220703125,374.739990234375,372.70001220703125,42998700,False
QQQ,2023-09-07,370.2099914550781,372.8500061035156,369.1499938964844,372.05999755859375,369.1499938964844,52060700,False
QQQ,2023-09-08,372.010009765625,374.8500061035156,371.6000061035156,372.5799865722656,371.6000061035156,35800100,False
QQQ,2023-09-11,375.6600036621094,377.489990234375,373.6600036621094,376.9700012207031,373.6600036621094,39936600,False
QQQ,2023-09-12,375.2699890136719,376.95001220703125,372.5,372.7900085449219,372.5,41391000,False
QQQ,2023-09-13,373.0299987792969,375.8399963378906,371.8800048828125,374.2099914550781,371.8800048828125,46300700,False
QQQ,2023-09-14,375.989990234375,378.2699890136719,373.8900146484375,377.2699890136719,373.8900146484375,48039400,False
QQQ,2023-09-15,375.9100036621094,376.32000732421875,369.8599853515625,370.80999755859375,369.8599853515625,69811200,False
QQQ,2023-09-18,369.32000732421875,371.7900085449219,369.0299987792969,370.6600036621094,369.0299987792969,36903500,False
QQQ,2023-09-19,369.32000732421875,370.67999267578125,366.79998779296875,369.8699951171875,366.79998779296875,37621700,False
QQQ,2023-09-20,370.95001220703125,371.30999755859375,364.4599914550781,364.5400085449219,364.4599914550781,45514200,False
QQQ,2023-09-21,360.79998779296875,361.6000061035156,357.69000244140625,357.8599853515625,357.69000244140625,69734800,False
QQQ,2023-09-22,359.6300048828125,361.79998779296875,357.5899963378906,357.9100036621094,357.5899963378906,51589700,False
QQQ,2023-09-25,356.92999267578125,359.70001220703125,355.92999267578125,359.6099853515625,355.92999267578125,39168000,False
QQQ,2023-09-26,356.989990234375,357.5400085449219,353.2099914550781,354.2099914550781,353.2099914550781,53657700,False
QQQ,2023-09-27,355.3800048828125,356.9800109863281,351.3599853515625,355.0400085449219,351.3599853515625,56066000,False
QQQ,2023-09-28,354.1099853515625,360.1700134277344,353.239990234375,358.010009765625,353.239990234375,56453300,False
QQQ,2023-09-29,361.5400085449219,362.95001220703125,357.0199890136719,358.2699890136719,357.0199890136719,64829600,False
QQQ,2023-10-02,358.5400085449219,362.67999267578125,357.9200134277344,361.260009765625,357.9200134277344,51625100,False
QQQ,2023-10-03,358.7799987792969,361.010009765625,353.2799987792969,354.9200134277344,353.2799987792969,60478500,False
QQQ,2023-10-04,355.7699890136719,360.6099853515625,355.29998779296875,359.75,355.29998779296875,54786700,False
QQQ,2023-10-05,359.739990234375,360.1499938964844,355.1400146484375,358.69000244140625,355.1400146484375,45897400,False
QQQ,2023-10-06,355.6499938964844,365.9100036621094,354.8500061035156,364.70001220703125,359.3547058105469,75049100,False
QQQ,2023-10-09,362.29998779296875,367.1099853515625,360.7799987792969,366.55999755859375,361.1873779296875,45304800,False
QQQ,2023-10-10,366.8999938964844,371.2799987792969,366.3900146484375,368.5899963378906,366.3900146484375,46968800,False
QQQ,2023-10-11,369.94000244140625,371.4100036621094,368.19000244140625,371.2200012207031,368.19000244140625,38215100,False
QQQ,2023-10-12,371.7300109863281,373.739990234375,367.5,369.92999267578125,367.5,49587900,False
QQQ,2023-10-13,370.57000732421875,371.1600036621094,363.8599853515625,365.2799987792969,363.8599853515625,52469900,False
QQQ,2023-10-16,366.6199951171875,370.4800109863281,366.4700012207031,369.4100036621094,366.4700012207031,44201100,False
QQQ,2023-10-17,365.80999755859375,369.9200134277344,363.6600036621094,368.20001220703125,363.6600036621094,50999100,False
QQQ,2023-10-18,365.6700134277344,367.9100036621094,362.0199890136719,363.3699951171875,362.0199890136719,54280500,False
QQQ,2023-10-19,364.80999755859375,366.0199890136719,359.1600036621094,359.9700012207031,359.1600036621094,72274200,False
QQQ,2023-10-20,359.4599914550781,360.0400085449219,354.3699951171875,354.6000061035156,354.3699951171875,72559700,False
QQQ,2023-10-23,353.260009765625,359.260009765625,351.1199951171875,355.6700134277344,351.1199951171875,60665200,False
QQQ,2023-10-24,357.510009765625,359.9100036621094,355.7900085449219,359.1300048828125,355.7900085449219,47082100,False
QQQ,2023-10-25,356.70001220703125,356.8800048828125,349.75,350.3399963378906,349.75,71190500,False
QQQ,2023-10-26,349.1199951171875,350.07000732421875,342.3500061035156,343.6600036621094,342.3500061035156,78621400,False
QQQ,2023-10-27,346.42999267578125,348.8399963378906,344.0799865722656,345.30999755859375,344.0799865722656,63476700,False
QQQ,2023-10-30,347.8299865722656,350.5400085449219,346.45001220703125,349.20001220703125,346.45001220703125,55298500,False
QQQ,2023-10-31,349.2300109863281,351.25,346.6199951171875,350.8699951171875,346.6199951171875,47671900,False
QQQ,2023-11-01,351.7200012207031,357.5299987792969,351.6199951171875,356.9599914550781,351.7281494140625,58992700,False
QQQ,2023-11-02,361.5400085449219,363.67999267578125,360.29998779296875,363.44000244140625,360.29998779296875,58162400,False
QQQ,2023-11-03,364.75,369.0199890136719,364.5199890136719,367.7099914550781,364.5199890136719,53280500,False
QQQ,2023-11-06,368.489990234375,369.7799987792969,366.9100036621094,369.2099914550781,366.9100036621094,38848700,False
QQQ,2023-11-07,370.2699890136719,373.5799865722656,369.04998779296875,372.70001220703125,369.04998779296875,50777400,False
QQQ,2023-11-08,373.0799865722656,373.7900085449219,370.6199951171875,372.94000244140625,370.6199951171875,35663400,False
QQQ,2023-11-09,373.6400146484375,374.79998779296875,369.57000732421875,370.07000732421875,369.57000732421875,53859400,False
QQQ,2023-11-10,371.82000732421875,378.5400085449219,371.2799987792969,378.3900146484375,372.84405517578125,58309800,False
QQQ,2023-11-13,376.7900085449219,378.2799987792969,375.239990234375,377.2099914550781,375.239990234375,40733500,False
QQQ,2023-11-14,383.7099914550781,386.260009765625,383.17999267578125,385.3299865722656,383.17999267578125,67792600,False
QQQ,2023-11-15,387.25,387.75,384.239990234375,385.6199951171875,384.239990234375,54141400,False
QQQ,2023-11-16,384.8399963378906,386.19000244140625,383.55999755859375,385.95001220703125,383.55999755859375,45343500,False
QQQ,2023-11-17,385.2099914550781,387.07000732421875,384.2900085449219,386.0400085449219,384.2900085449219,46571900,False
QQQ,2023-11-20,386.04998779296875,391.4100036621094,386.04998779296875,390.739990234375,386.04998779296875,44429600,False
QQQ,2023-11-21,389.010009765625,389.2300109863281,386.70001220703125,388.4700012207031,386.70001220703125,43337000,False
QQQ,2023-11-22,390.57000732421875,393.07000732421875,389.0400085449219,390.05999755859375,389.0400085449219,44121000,False
QQQ,2023-11-24,389.6499938964844,390.25,388.5,389.510009765625,388.5,15718800,False
QQQ,2023-11-27,389.010009765625,391.1499938964844,388.2799987792969,389.1700134277344,388.2799987792969,34139700,False
QQQ,2023-11-28,388.4100036621094,390.7799987792969,388.04998779296875,390.19000244140625,388.04998779296875,35491100,False
QQQ,2023-11-29,392.69000244140625,394.1400146484375,389.4599914550781,389.80999755859375,389.4599914550781,38811700,False
QQQ,2023-11-30,390.0799865722656,390.54998779296875,385.82000732421875,388.8299865722656,385.82000732421875,52834400,False
QQQ,2023-12-01,387.75,390.5400085449219,386.07000732421875,389.94000244140625,386.07000732421875,40490100,False
QQQ,2023-12-04,386.0899963378906,386.6000061035156,382.6600036621094,386.32000732421875,382.6600036621094,51186900,False
QQQ,2023-12-05,384.3900146484375,388.5,384.2099914550781,387.2900085449219,384.2099914550781,42933000,False
QQQ,2023-12-06,390.2699890136719,390.3699951171875,384.70001220703125,385.04998779296875,384.70001220703125,41994100,False
QQQ,2023-12-07,388.07000732421875,391.2699890136719,386.9599914550781,390.42999267578125,386.9599914550781,49593500,False
QQQ,2023-12-08,388.6700134277344,392.6199951171875,388.4800109863281,392.1700134277344,388.4800109863281,46687500,False
QQQ,2023-12-11,391.739990234375,395.7900085449219,391.5299987792969,395.5199890136719,391.5299987792969,41198000,False
QQQ,2023-12-12,395.55999755859375,398.7900085449219,394.4100036621094,398.6700134277344,394.4100036621094,39221200,False
QQQ,2023-12-13,399.6199951171875,404.3599853515625,398.8399963378906,403.739990234375,398.8399963378906,55408100,False
QQQ,2023-12-14,404.9800109863281,406.29998779296875,400.3399963378906,403.3900146484375,400.3399963378906,55447800,False
QQQ,2023-12-15,404.17999267578125,406.5400085449219,403.57000732421875,405.3399963378906,403.57000732421875,62896600,False
QQQ,2023-12-18,404.92999267578125,407.989990234375,404.6000061035156,407.0799865722656,404.6000061035156,46610000,False
QQQ,2023-12-19,407.5400085449219,409.2799987792969,407.3500061035156,409.1600036621094,407.3500061035156,35711900,False
QQQ,2023-12-20,408.3500061035156,410.4700012207031,402.8999938964844,403.0799865722656,402.8999938964844,54042400,False
QQQ,2023-12-21,407.05999755859375,408.1400146484375,404.4700012207031,407.7699890136719,404.4700012207031,45568900,False
QQQ,2023-12-22,409.0,409.9700012207031,406.4800109863281,408.3800048828125,406.4800109863281,34314000,False
QQQ,2023-12-26,409.25,411.55999755859375,409.1499938964844,410.8800048828125,409.1499938964844,22722500,False
QQQ,2023-12-27,410.95001220703125,411.7900085449219,410.0799865722656,411.5,410.0799865722656,31980500,False
QQQ,2023-12-28,412.6700134277344,412.9200134277344,410.94000244140625,411.29998779296875,410.94000244140625,27029200,False
QQQ,2023-12-29,411.2799987792969,411.6400146484375,407.5799865722656,409.5199890136719,407.5799865722656,42662100,False
QQQ,2024-01-02,405.8399963378906,406.0899963378906,400.239990234375,402.5899963378906,400.239990234375,58026900,False
QQQ,2024-01-03,399.92999267578125,401.0,397.8900146484375,398.3299865722656,397.8900146484375,47002800,False
QQQ,2024-01-04,396.44000244140625,399.5899963378906,396.05999755859375,396.2799987792969,396.05999755859375,39432800,False
QQQ,2024-01-05,396.45001220703125,399.55999755859375,395.3399963378906,396.75,395.3399963378906,44922800,False
QQQ,2024-01-08,397.989990234375,405.239990234375,397.8399963378906,404.95001220703125,400.0220642089844,42473800,False
QQQ,2024-01-09,401.9100036621094,406.69000244140625,401.7099914550781,405.75,401.7099914550781,39132900,False
QQQ,2024-01-10,406.07000732421875,409.5199890136719,405.1700134277344,408.5,405.1700134277344,33962800,False
QQQ,2024-01-11,409.7900085449219,411.20001220703125,404.239990234375,409.3500061035156,404.3684997558594,54536200,False
QQQ,2024-01-12,410.3999938964844,411.25,408.1499938964844,409.55999755859375,408.1499938964844,39595000,False
QQQ,2024-01-16,408.30999755859375,411.1199951171875,406.8299865722656,409.5199890136719,406.8299865722656,43903000,False
QQQ,2024-01-17,406.1700134277344,407.5899963378906,402.9200134277344,407.2099914550781,402.9200134277344,54386000,False
QQQ,2024-01-18,410.5199890136719,413.5799865722656,409.1600036621094,412.989990234375,409.1600036621094,59562500,False
QQQ,2024-01-19,415.2200012207031,421.3399963378906,414.6300048828125,421.17999267578125,416.05450439453125,70325100,False
QQQ,2024-01-22,423.4100036621094,424.7300109863281,421.1199951171875,421.7300109863281,421.1199951171875,44880600,False
QQQ,2024-01-23,422.42999267578125,423.70001220703125,420.57000732421875,423.4800109863281,420.57000732421875,33003800,False
QQQ,2024-01-24,427.44000244140625,429.8500061035156,425.3299865722656,425.8299865722656,425.3299865722656,46948000,False
QQQ,2024-01-25,428.3599853515625,429.0400085449219,423.9800109863281,426.3500061035156,423.9800109863281,44367200,False
QQQ,2024-01-26,424.44000244140625,426.2099914550781,423.1499938964844,423.80999755859375,423.1499938964844,37137000,False
QQQ,2024-01-29,424.2699890136719,428.3500061035156,423.6099853515625,428.1499938964844,423.6099853515625,38694700,False
QQQ,2024-01-30,427.1000061035156,427.67999267578125,424.3800048828125,425.29998779296875,424.3800048828125,36739000,False
QQQ,2024-01-31,420.8500061035156,422.8699951171875,416.7900085449219,416.9700012207031,416.7900085449219,64010600,False
QQQ,2024-02-01,418.7900085449219,422.3800048828125,417.80999755859375,421.8800048828125,417.80999755859375,51008600,False
QQQ,2024-02-02,423.79998779296875,430.239990234375,422.7900085449219,429.010009765625,423.78924560546875,59602400,False
QQQ,2024-02-05,429.07000732421875,429.6099853515625,425.0,428.45001220703125,425.0,39889200,False
QQQ,2024-02-06,429.6099853515625,430.2200012207031,425.2200012207031,427.5899963378906,425.2200012207031,35846100,False
QQQ,2024-02-07,430.4100036621094,432.8299865722656,429.0899963378906,431.989990234375,429.0899963378906,37712700,False
QQQ,2024-02-08,432.1099853515625,433.55999755859375,431.4200134277344,432.7900085449219,431.4200134277344,29889900,False
QQQ,2024-02-09,433.94000244140625,437.8500061035156,433.1400146484375,437.04998779296875,433.1400146484375,36943900,False
QQQ,2024-02-12,436.94000244140625,439.1400146484375,434.6499938964844,435.3399963378906,434.6499938964844,33203300,False
QQQ,2024-02-13,427.2799987792969,431.2699890136719,425.3299865722656,428.54998779296875,425.3299865722656,64491700,False
QQQ,2024-02-14,431.260009765625,433.6499938964844,428.8800048828125,433.2200012207031,428.8800048828125,45092700,False
QQQ,2024-02-15,433.9200134277344,434.9800109863281,431.3299865722656,434.510009765625,431.3299865722656,38796100,False
QQQ,2024-02-16,434.8900146484375,434.989990234375,429.8500061035156,430.57000732421875,429.8500061035156,53716500,False
QQQ,2024-02-20,428.54998779296875,430.0799865722656,423.5,427.32000732421875,423.5,53999500,False
QQQ,2024-02-21,424.54998779296875,425.70001220703125,421.6300048828125,425.6099853515625,421.6300048828125,49779000,False
QQQ,2024-02-22,434.489990234375,439.1199951171875,433.7099914550781,438.07000732421875,433.7099914550781,53887800,False
QQQ,2024-02-23,439.6499938964844,440.5899963378906,435.7900085449219,436.7799987792969,435.7900085449219,39853900,False
QQQ,2024-02-26,437.6000061035156,438.6000061035156,436.3599853515625,436.54998779296875,436.3599853515625,33043200,False
QQQ,2024-02-27,437.6700134277344,437.989990234375,435.0299987792969,437.6000061035156,435.0299987792969,33713200,False
QQQ,2024-02-28,435.42999267578125,436.6700134277344,434.29998779296875,435.2699890136719,434.29998779296875,32938800,False
QQQ,2024-02-29,438.2300109863281,440.0899963378906,435.0199890136719,439.0,435.0199890136719,42495200,False
QQQ,2024-03-01,439.8999938964844,446.5799865722656,439.8399963378906,445.6099853515625,440.1872253417969,43853000,False
QQQ,2024-03-04,445.6099853515625,446.0400085449219,443.7699890136719,444.0199890136719,443.7699890136719,34325700,False
QQQ,2024-03-05,440.94000244140625,440.95001220703125,433.6499938964844,436.04998779296875,433.6499938964844,57917100,False
QQQ,2024-03-06,440.32000732421875,441.989990234375,436.8900146484375,438.7900085449219,436.8900146484375,46234500,False
QQQ,2024-03-07,442.4200134277344,446.7200012207031,440.8599853515625,445.45001220703125,440.8599853515625,44526700,False
QQQ,2024-03-08,445.80999755859375,448.6400146484375,438.3399963378906,439.0199890136719,438.3399963378906,72096000,False
QQQ,2024-03-11,437.510009765625,438.6600036621094,435.44000244140625,437.3900146484375,435.44000244140625,45860000,False
QQQ,2024-03-12,439.7300109863281,444.0199890136719,436.4599914550781,443.6600036621094,438.260986328125,55300900,False
QQQ,2024-03-13,442.6499938964844,442.6700134277344,439.1199951171875,440.25,439.1199951171875,37928700,False
QQQ,2024-03-14,441.5,442.0299987792969,436.3900146484375,439.1400146484375,436.3900146484375,52195200,False
QQQ,2024-03-15,436.07000732421875,438.8699951171875,432.739990234375,433.9200134277344,432.739990234375,73069800,False
QQQ,2024-03-18,438.7300109863281,441.0400085449219,437.239990234375,437.4800109863281,437.239990234375,47323800,False
QQQ,2024-03-19,435.45001220703125,438.9800109863281,433.3299865722656,438.57000732421875,433.8057556152344,43004100,False
QQQ,2024-03-20,439.7799987792969,444.1099853515625,438.05999755859375,443.7699890136719,438.9492492675781,43653500,False
QQQ,2024-03-21,448.8800048828125,449.3399963378906,445.6700134277344,445.8699951171875,445.6700134277344,39345700,False
QQQ,2024-03-22,445.3500061035156,447.489990234375,444.489990234375,446.3800048828125,444.489990234375,28253900,False
QQQ,2024-03-25,443.54998779296875,446.260009765625,442.5400085449219,444.760009765625,442.5400085449219,27789200,False
QQQ,2024-03-26,446.29998779296875,447.2300109863281,443.0899963378906,443.32000732421875,443.0899963378906,34142000,False
QQQ,2024-03-27,446.44000244140625,446.5400085449219,441.92999267578125,444.8299865722656,441.92999267578125,41359200,False
QQQ,2024-03-28,444.7799987792969,445.6400146484375,443.6499938964844,444.010009765625,443.6499938964844,36839600,False
QQQ,2024-04-01,444.9700012207031,447.5299987792969,443.0199890136719,444.95001220703125,443.0199890136719,38729000,False
QQQ,2024-04-02,440.0799865722656,441.42999267578125,438.0299987792969,441.1099853515625,438.0299987792969,44259700,False
QQQ,2024-04-03,438.9599914550781,444.0,438.95001220703125,442.1000061035156,438.95001220703125,39949800,False
QQQ,2024-04-04,446.3299865722656,446.95001220703125,435.1099853515625,435.3399963378906,435.1099853515625,57267700,False
QQQ,2024-04-05,436.7799987792969,443.1700134277344,435.9599914550781,440.4700012207031,435.9599914550781,54744600,False
QQQ,2024-04-08,441.4100036621094,442.5,439.20001220703125,440.6000061035156,439.20001220703125,28144900,False
QQQ,2024-04-09,442.9599914550781,443.239990234375,437.44000244140625,442.2300109863281,437.44000244140625,39443600,False
QQQ,2024-04-10,437.0,439.239990234375,436.2799987792969,438.3699951171875,436.2799987792969,61502200,False
QQQ,2024-04-11,440.260009765625,446.3299865722656,437.9599914550781,445.3699951171875,440.5318908691406,45474600,False
QQQ,2024-04-12,441.1000061035156,442.239990234375,436.8800048828125,438.2699890136719,436.8800048828125,53665000,False
QQQ,2024-04-15,442.05999755859375,442.1499938964844,430.2099914550781,431.05999755859375,430.2099914550781,63453600,False
QQQ,2024-04-16,430.8999938964844,433.760009765625,429.70001220703125,431.1000061035156,429.70001220703125,47619000,False
QQQ,2024-04-17,433.1000061035156,433.1199951171875,424.8999938964844,425.8399963378906,424.8999938964844,56880500,False
QQQ,2024-04-18,426.489990234375,428.239990234375,422.8299865722656,423.4100036621094,422.8299865722656,46549400,False
QQQ,2024-04-19,422.2200012207031,422.75,413.07000732421875,414.6499938964844,413.07000732421875,75231000,False
QQQ,2024-04-22,417.30999755859375,421.17999267578125,413.94000244140625,418.82000732421875,414.2702941894531,47807700,False
QQQ,2024-04-23,420.7699890136719,426.2799987792969,418.8699951171875,425.07000732421875,420.45245361328125,44384700,False
QQQ,2024-04-24,428.20001220703125,429.7300109863281,424.20001220703125,426.510009765625,424.20001220703125,48440300,False
QQQ,2024-04-25,419.239990234375,425.32000732421875,418.1400146484375,424.45001220703125,419.8392028808594,57392200,False
QQQ,2024-04-26,427.6199951171875,432.54998779296875,426.9200134277344,431.0,426.9200134277344,41874900,False
QQQ,2024-04-29,433.1300048828125,433.760009765625,429.9800109863281,432.75,429.9800109863281,30022200,False
QQQ,2024-04-30,431.1499938964844,432.55999755859375,424.510009765625,424.5899963378906,424.510009765625,43665900,False
QQQ,2024-05-01,423.1499938964844,430.1400146484375,420.6600036621094,421.5199890136719,420.6600036621094,52251700,False
QQQ,2024-05-02,425.29998779296875,427.80999755859375,420.6300048828125,426.8999938964844,422.2625427246094,36559000,False
QQQ,2024-05-03,434.44000244140625,436.4800109863281,432.6199951171875,435.4800109863281,432.6199951171875,48515300,False
QQQ,2024-05-06,437.29998779296875,440.3399963378906,436.5199890136719,440.25,436.5199890136719,30227200,False
QQQ,2024-05-07,440.70001220703125,441.9700012207031,439.5799865722656,440.32000732421875,439.5799865722656,30996100,False
QQQ,2024-05-08,437.6700134277344,441.4800109863281,437.54998779296875,440.05999755859375,437.54998779296875,24896700,False
QQQ,2024-05-09,440.3299865722656,441.6000061035156,438.4599914550781,441.0199890136719,438.4599914550781,24580100,False
QQQ,2024-05-10,442.5400085449219,444.30999755859375,440.5,442.05999755859375,440.5,27116600,False
QQQ,2024-05-13,443.989990234375,444.0899963378906,441.6499938964844,443.0799865722656,441.6499938964844,22994200,False
QQQ,2024-05-14,442.6499938964844,446.4700012207031,442.4599914550781,445.92999267578125,442.4599914550781,34478300,False
QQQ,2024-05-15,448.42999267578125,453.1499938964844,446.8999938964844,452.8999938964844,447.9801025390625,41464700,False
QQQ,2024-05-16,452.7099914550781,454.69000244140625,451.80999755859375,451.9800109863281,451.80999755859375,34780400,False
QQQ,2024-05-17,452.1099853515625,452.7200012207031,449.5400085449219,451.760009765625,449.5400085449219,35803700,False
QQQ,2024-05-20,451.9800109863281,455.5799865722656,451.7900085449219,454.9100036621094,451.7900085449219,24474200,False
QQQ,2024-05-21,453.0400085449219,455.989990234375,452.8399963378906,455.79998779296875,452.8399963378906,23167700,False
QQQ,2024-05-22,456.05999755859375,456.82000732421875,453.0799865722656,455.7099914550781,453.0799865722656,25120000,False
QQQ,2024-05-23,460.54998779296875,460.5799865722656,451.8500061035156,453.6600036621094,451.8500061035156,40899200,False
QQQ,2024-05-24,455.2900085449219,459.2300109863281,453.57000732421875,457.95001220703125,453.57000732421875,29669500,False
QQQ,2024-05-28,459.17999267578125,459.739990234375,456.69000244140625,459.67999267578125,456.69000244140625,26216800,False
QQQ,2024-05-29,455.4800109863281,458.239990234375,455.3399963378906,456.44000244140625,455.3399963378906,29739200,False
QQQ,2024-05-30,455.5,455.6400146484375,450.2099914550781,451.54998779296875,450.2099914550781,30536800,False
QQQ,2024-05-31,451.7799987792969,452.4800109863281,443.05999755859375,450.7099914550781,445.81390380859375,55941300,False
QQQ,2024-06-03,454.57000732421875,455.5799865722656,447.8999938964844,453.1300048828125,448.20758056640625,32997500,False
QQQ,2024-06-04,452.8699951171875,455.5799865722656,451.1300048828125,454.3699951171875,451.1300048828125,23767400,False
QQQ,2024-06-05,457.9800109863281,463.6099853515625,454.4100036621094,463.5299987792969,458.4945983886719,33817400,False
QQQ,2024-06-06,464.2200012207031,464.5400085449219,462.19000244140625,463.3699951171875,462.19000244140625,21966800,False
QQQ,2024-06-07,463.0,465.739990234375,461.8399963378906,462.9599914550781,461.8399963378906,25829700,False
QQQ,2024-06-10,461.82000732421875,465.19000244140625,461.5299987792969,464.8299865722656,461.5299987792969,20660800,False
QQQ,2024-06-11,463.5400085449219,468.1400146484375,462.0299987792969,468.0199890136719,462.9358215332031,22053300,False
QQQ,2024-06-12,471.989990234375,476.5,471.2900085449219,474.1499938964844,471.2900085449219,34532600,False
QQQ,2024-06-13,477.7200012207031,478.3900146484375,474.4200134277344,476.7200012207031,474.4200134277344,25859000,False
QQQ,2024-06-14,476.5199890136719,479.260009765625,476.04998779296875,479.19000244140625,476.04998779296875,23372600,False
QQQ,2024-06-17,479.4599914550781,486.8599853515625,478.1400146484375,485.05999755859375,479.79071044921875,37054500,False
QQQ,2024-06-18,485.010009765625,485.8999938964844,483.42999267578125,485.2099914550781,483.42999267578125,24438600,False
QQQ,2024-06-20,486.4200134277344,486.8399963378906,479.6199951171875,481.4700012207031,479.6199951171875,33918700,False
QQQ,2024-06-21,481.19000244140625,482.5400085449219,478.6700134277344,480.17999267578125,478.6700134277344,37456800,False
QQQ,2024-06-24,478.17999267578125,479.92999267578125,473.82000732421875,473.9599914550781,473.82000732421875,37751000,False
QQQ,2024-06-25,476.07000732421875,479.67999267578125,475.1199951171875,479.3800048828125,475.1199951171875,29014700,False
QQQ,2024-06-26,478.54998779296875,480.9200134277344,478.1300048828125,480.3699951171875,478.1300048828125,22737100,False
QQQ,2024-06-27,480.1199951171875,483.1000061035156,479.29998779296875,481.6099853515625,479.29998779296875,26222100,False
QQQ,2024-06-28,482.4100036621094,487.20001220703125,478.4599914550781,479.1099853515625,478.4599914550781,34881600,False
QQQ,2024-07-01,480.0400085449219,482.489990234375,476.260009765625,481.9200134277344,477.4425048828125,24898300,False
QQQ,2024-07-02,480.4100036621094,487.0400085449219,480.2799987792969,486.9800109863281,482.4554748535156,26723600,False
QQQ,2024-07-03,486.2200012207031,491.1700134277344,486.2200012207031,491.0400085449219,486.477783203125,18064900,False
QQQ,2024-07-05,491.8900146484375,496.6000061035156,491.5899963378906,496.1600036621094,491.5899963378906,28495900,False
QQQ,2024-07-08,496.5299987792969,497.8999938964844,495.5,497.3399963378906,495.5,22109400,False
QQQ,2024-07-09,498.8699951171875,500.0,496.239990234375,497.7699890136719,496.239990234375,25614500,False
QQQ,2024-07-10,499.7099914550781,503.5199890136719,498.3900146484375,502.9599914550781,498.3900146484375,28046900,False
QQQ,2024-07-11,503.07000732421875,503.2799987792969,490.7300109863281,491.92999267578125,490.7300109863281,49966600,False
QQQ,2024-07-12,492.510009765625,499.6199951171875,492.0400085449219,494.82000732421875,492.0400085449219,37109400,False
QQQ,2024-07-15,496.6099853515625,501.010009765625,494.0899963378906,496.1499938964844,494.0899963378906,31151400,False
QQQ,2024-07-16,497.6199951171875,498.44000244140625,493.1499938964844,496.3399963378906,493.1499938964844,25950600,False
QQQ,2024-07-17,488.2799987792969,488.79998779296875,481.70001220703125,481.7699890136719,481.70001220703125,56268800,False
QQQ,2024-07-18,485.5299987792969,485.7099914550781,476.2699890136719,479.489990234375,476.2699890136719,49347400,False
QQQ,2024-07-19,479.1499938964844,481.69000244140625,473.94000244140625,475.239990234375,473.94000244140625,42042900,False
QQQ,2024-07-22,481.1600036621094,483.3500061035156,477.7099914550781,482.32000732421875,477.83880615234375,40300000,False
QQQ,2024-07-23,481.4100036621094,484.42999267578125,480.1400146484375,480.6199951171875,480.1400146484375,23282500,False
QQQ,2024-07-24,473.82000732421875,474.19000244140625,462.510009765625,463.3800048828125,462.510009765625,58818600,False
QQQ,2024-07-25,463.7200012207031,467.94000244140625,455.6300048828125,458.2699890136719,455.6300048828125,59256800,False
QQQ,2024-07-26,462.6499938964844,465.92999267578125,459.7699890136719,462.9700012207031,459.7699890136719,39992100,False
QQQ,2024-07-29,465.7099914550781,467.9100036621094,461.6199951171875,463.8999938964844,461.6199951171875,28218500,False
QQQ,2024-07-30,465.8500061035156,466.55999755859375,454.1499938964844,457.5299987792969,454.1499938964844,41317200,False
QQQ,2024-07-31,467.8699951171875,472.7900085449219,466.4100036621094,471.07000732421875,466.69329833984375,44552100,False
QQQ,2024-08-01,471.760009765625,475.54998779296875,455.9800109863281,459.6600036621094,455.9800109863281,56653900,False
QQQ,2024-08-02,450.8900146484375,453.57000732421875,444.4700012207031,448.75,444.5806579589844,66323200,False
QQQ,2024-08-05,424.7099914550781,442.2900085449219,423.45001220703125,435.3699951171875,431.3249816894531,87483500,False
QQQ,2024-08-06,437.2300109863281,447.07000732421875,434.55999755859375,439.5299987792969,435.44635009765625,63164400,False
QQQ,2024-08-07,446.489990234375,449.0,434.3699951171875,434.7699890136719,434.3699951171875,54929200,False
QQQ,2024-08-08,441.05999755859375,448.989990234375,437.1499938964844,448.07000732421875,443.906982421875,47890100,False
QQQ,2024-08-09,446.739990234375,452.05999755859375,445.6099853515625,450.4100036621094,446.22528076171875,33574000,False
QQQ,2024-08-12,451.3900146484375,454.3699951171875,448.54998779296875,451.3800048828125,448.54998779296875,27795000,False
QQQ,2024-08-13,455.82000732421875,462.8500061035156,455.67999267578125,462.5799865722656,458.2821350097656,40084500,False
QQQ,2024-08-14,463.510009765625,465.1099853515625,458.3999938964844,462.7300109863281,458.4308166503906,34733700,False
QQQ,2024-08-15,468.760009765625,474.82000732421875,468.3800048828125,474.4200134277344,470.0121765136719,38280600,False
QQQ,2024-08-16,472.6199951171875,476.4100036621094,471.6499938964844,475.0299987792969,471.6499938964844,38383600,False
QQQ,2024-08-19,475.1700134277344,481.30999755859375,473.3699951171875,481.2699890136719,476.79852294921875,23737700,False
QQQ,2024-08-20,480.3500061035156,482.94000244140625,478.54998779296875,480.260009765625,478.54998779296875,29209300,False
QQQ,2024-08-21,481.04998779296875,484.3699951171875,479.32000732421875,482.5,479.32000732421875,25658800,False
QQQ,2024-08-22,484.8399963378906,485.5400085449219,473.80999755859375,474.8500061035156,473.80999755859375,37739600,False
QQQ,2024-08-23,479.239990234375,482.739990234375,475.2799987792969,480.0,475.54034423828125,36061500,False
QQQ,2024-08-26,479.45001220703125,480.3800048828125,473.239990234375,475.3399963378906,473.239990234375,27452600,False
QQQ,2024-08-27,473.69000244140625,477.8399963378906,471.7099914550781,476.760009765625,472.3304748535156,27510000,False
QQQ,2024-08-28,476.2900085449219,477.0199890136719,467.8900146484375,471.3500061035156,467.8900146484375,37372400,False
QQQ,2024-08-29,473.2799987792969,477.92999267578125,469.3699951171875,470.6600036621094,469.3699951171875,41081500,False
QQQ,2024-08-30,475.0400085449219,476.8999938964844,470.510009765625,476.2699890136719,471.844970703125,33466500,False
QQQ,2024-09-03,473.20001220703125,473.3299865722656,459.4100036621094,461.80999755859375,459.4100036621094,44985200,False
QQQ,2024-09-04,458.6700134277344,464.45001220703125,457.7300109863281,460.6099853515625,457.7300109863281,32505100,False
QQQ,2024-09-05,458.9700012207031,465.3599853515625,457.94000244140625,461.0400085449219,457.94000244140625,34452400,False
QQQ,2024-09-06,460.3299865722656,461.2200012207031,448.19000244140625,448.69000244140625,448.19000244140625,50624400,False
QQQ,2024-09-09,453.05999755859375,455.4599914550781,449.82000732421875,454.4599914550781,450.2376403808594,32981200,False
QQQ,2024-09-10,456.239990234375,459.1700134277344,452.2300109863281,458.6600036621094,454.3985900878906,29680300,False
QQQ,2024-09-11,459.9100036621094,469.3699951171875,451.2799987792969,468.6199951171875,464.2660827636719,57843000,False
QQQ,2024-09-12,468.6499938964844,474.0400085449219,466.8500061035156,473.2200012207031,468.82330322265625,40067800,False
QQQ,2024-09-13,472.4800109863281,476.5299987792969,472.25,475.3399963378906,472.25,29111800,False
QQQ,2024-09-16,473.19000244140625,473.8599853515625,469.8900146484375,473.239990234375,469.8900146484375,22585600,False
QQQ,2024-09-17,476.2900085449219,477.6000061035156,470.9700012207031,473.489990234375,470.9700012207031,30084400,False
QQQ,2024-09-18,474.70001220703125,478.8299865722656,470.8299865722656,471.44000244140625,470.8299865722656,39909200,False
QQQ,2024-09-19,482.6099853515625,486.2300109863281,480.489990234375,483.3599853515625,480.489990234375,52782500,False
QQQ,2024-09-20,482.489990234375,483.69000244140625,478.29998779296875,482.44000244140625,478.29998779296875,34577700,False
QQQ,2024-09-23,482.95001220703125,484.1400146484375,481.6000061035156,483.0400085449219,481.6000061035156,24843000,False
QQQ,2024-09-24,484.4599914550781,486.3299865722656,480.1700134277344,485.3699951171875,481.5361633300781,25952600,False
QQQ,2024-09-25,484.739990234375,487.7900085449219,484.55999755859375,485.82000732421875,484.55999755859375,26549900,False
QQQ,2024-09-26,493.3699951171875,493.70001220703125,485.79998779296875,489.4700012207031,485.79998779296875,32020200,False
QQQ,2024-09-27,490.5,490.6400146484375,485.55999755859375,486.75,485.55999755859375,22851100,False
QQQ,2024-09-30,485.7799987792969,488.4100036621094,482.9200134277344,488.07000732421875,484.2148742675781,30281100,False
QQQ,2024-10-01,487.70001220703125,488.0,477.3999938964844,481.2699890136719,477.4685363769531,42735400,False
QQQ,2024-10-02,480.3599853515625,483.8800048828125,477.7200012207031,481.95001220703125,478.1432189941406,23744000,False
QQQ,2024-10-03,479.739990234375,484.54998779296875,478.989990234375,481.5899963378906,478.989990234375,25337200,False
QQQ,2024-10-04,487.45001220703125,487.8800048828125,482.3900146484375,487.32000732421875,483.47076416015625,30686600,False
QQQ,2024-10-07,485.3900146484375,486.57000732421875,480.8699951171875,482.1000061035156,480.8699951171875,24975100,False
QQQ,2024-10-08,484.6600036621094,489.989990234375,483.8500061035156,489.29998779296875,485.43511962890625,28272000,False
QQQ,2024-10-09,489.0,493.7300109863281,487.95001220703125,493.1499938964844,489.2547607421875,24995000,False
QQQ,2024-10-10,490.8500061035156,494.4700012207031,489.5299987792969,492.5899963378906,489.5299987792969,25750400,False
QQQ,2024-10-11,490.739990234375,494.3900146484375,490.1700134277344,493.3599853515625,490.1700134277344,20644500,False
QQQ,2024-10-14,495.7699890136719,498.8299865722656,495.260009765625,497.5,495.260009765625,26060100,False
QQQ,2024-10-15,497.8299865722656,498.5,488.67999267578125,490.8500061035156,488.67999267578125,34784500,False
QQQ,2024-10-16,491.17999267578125,491.69000244140625,487.57000732421875,490.9100036621094,487.57000732421875,22996800,False
QQQ,2024-10-17,496.44000244140625,496.489990234375,491.19000244140625,491.25,491.19000244140625,27210700,False
QQQ,2024-10-18,494.05999755859375,495.57000732421875,493.29998779296875,494.4700012207031,493.29998779296875,25335000,False
QQQ,2024-10-21,493.25,496.2300109863281,491.30999755859375,495.4200134277344,491.5068359375,30336500,False
QQQ,2024-10-22,492.7300109863281,497.45001220703125,491.9700012207031,495.9599914550781,492.04254150390625,26685800,False
QQQ,2024-10-23,493.5899963378906,494.25,485.04998779296875,488.3599853515625,485.04998779296875,39346600,False
QQQ,2024-10-24,492.1099853515625,493.0,489.44000244140625,492.32000732421875,489.44000244140625,22024900,False
QQQ,2024-10-25,495.1400146484375,500.2799987792969,494.42999267578125,495.32000732421875,494.42999267578125,38762100,False
QQQ,2024-10-28,498.4599914550781,498.5199890136719,495.1000061035156,495.3999938964844,495.1000061035156,20477800,False
QQQ,2024-10-29,495.7200012207031,501.3500061035156,493.8500061035156,500.1600036621094,496.2093811035156,28014100,False
QQQ,2024-10-30,499.3900146484375,500.3500061035156,495.8900146484375,496.3800048828125,495.8900146484375,29756000,False
QQQ,2024-10-31,492.3800048828125,492.42999267578125,483.75,483.8500061035156,483.75,41245200,False
QQQ,2024-11-01,485.5,490.75,485.20001220703125,487.42999267578125,485.20001220703125,33655800,False
QQQ,2024-11-04,486.82000732421875,489.3800048828125,484.25,486.010009765625,484.25,23291600,False
QQQ,2024-11-05,487.6099853515625,492.8800048828125,487.5199890136719,492.2099914550781,488.3221435546875,24353600,False
QQQ,2024-11-06,500.55999755859375,506.4100036621094,499.6000061035156,505.5799865722656,501.5865173339844,43082200,False
QQQ,2024-11-07,508.3999938964844,514.3300170898438,508.3399963378906,513.5399780273438,509.48358154296875,32853100,False
QQQ,2024-11-08,513.0399780273438,514.9199829101562,512.4099731445312,514.1400146484375,512.4099731445312,22924500,False
QQQ,2024-11-11,515.3699951171875,515.5800170898438,510.9200134277344,513.8400268554688,510.9200134277344,24167500,False
QQQ,2024-11-12,513.77001953125,514.6599731445312,509.8299865722656,512.9099731445312,509.8299865722656,25835300,False
QQQ,2024-11-13,512.4000244140625,514.97998046875,509.95001220703125,512.25,509.95001220703125,24567400,False
QQQ,2024-11-14,511.9100036621094,512.7899780273438,507.7699890136719,508.69000244140625,507.7699890136719,28679500,False
QQQ,2024-11-15,502.94000244140625,503.3299865722656,494.489990234375,496.57000732421875,494.489990234375,51461100,False
QQQ,2024-11-18,498.1300048828125,502.1400146484375,496.7300109863281,500.0199890136719,496.7300109863281,27080800,False
QQQ,2024-11-19,497.4200134277344,503.95001220703125,497.0799865722656,503.4599914550781,499.4832763671875,24523000,False
QQQ,2024-11-20,503.1600036621094,503.4800109863281,496.55999755859375,503.1700134277344,499.1955871582031,29565500,False
QQQ,2024-11-21,506.239990234375,506.9599914550781,497.55999755859375,504.9800109863281,500.9913024902344,34526700,False
QQQ,2024-11-22,504.4200134277344,506.5299987792969,502.7799987792969,505.7900085449219,502.7799987792969,23826600,False
QQQ,2024-11-25,509.8999938964844,511.45001220703125,504.260009765625,506.5899963378906,504.260009765625,26375200,False
QQQ,2024-11-26,508.0799865722656,510.1400146484375,507.2300109863281,509.30999755859375,507.2300109863281,26557100,False
QQQ,2024-11-27,508.1700134277344,508.239990234375,501.92999267578125,505.29998779296875,501.92999267578125,24957400,False
QQQ,2024-11-29,505.92999267578125,510.3399963378906,505.30999755859375,509.739990234375,505.7136535644531,15334000,False
QQQ,2024-12-02,511.010009765625,516.260009765625,510.6199951171875,515.2899780273438,511.2198486328125,25147200,False
QQQ,2024-12-03,513.9500122070312,517.1500244140625,513.3699951171875,516.8699951171875,513.3699951171875,18597900,False
QQQ,2024-12-04,520.3200073242188,523.52001953125,519.5999755859375,523.260009765625,519.5999755859375,26086200,False
QQQ,2024-12-05,523.3099975585938,524.0399780273438,521.4199829101562,521.8099975585938,521.4199829101562,18169600,False
QQQ,2024-12-06,522.47998046875,526.719970703125,522.3499755859375,526.47998046875,522.3499755859375,23762600,False
QQQ,2024-12-09,525.5499877929688,526.3499755859375,521.219970703125,522.3800048828125,521.219970703125,20674400,False
QQQ,2024-12-10,523.6199951171875,525.3800048828125,519.1599731445312,520.5999755859375,519.1599731445312,24350000,False
QQQ,2024-12-11,525.0,530.6099853515625,524.5900268554688,529.9199829101562,525.7342529296875,32168600,False
QQQ,2024-12-12,527.6799926757812,528.9600219726562,526.02001953125,526.5,526.02001953125,23577500,False
QQQ,2024-12-13,530.4600219726562,533.1699829101562,527.2999877929688,530.530029296875,527.2999877929688,28780400,False
QQQ,2024-12-16,533.0800170898438,539.1500244140625,533.0,538.1699829101562,533.9191284179688,31979900,False
QQQ,2024-12-17,536.3599853515625,537.47998046875,534.1300048828125,535.7999877929688,534.1300048828125,28579100,False
QQQ,2024-12-18,535.1500244140625,536.8800048828125,515.010009765625,516.469970703125,515.010009765625,54703200,False
QQQ,2024-12-19,521.1900024414062,521.760009765625,513.8300170898438,514.1699829101562,513.8300170898438,46441800,False
QQQ,2024-12-20,510.44000244140625,524.8200073242188,509.2900085449219,518.6599731445312,514.563232421875,60530000,False
QQQ,2024-12-23,519.5499877929688,523.25,516.1300048828125,522.8699951171875,519.576416015625,29672800,False
QQQ,2024-12-24,524.8300170898438,530.0499877929688,524.1900024414062,529.9600219726562,526.6218872070312,17558200,False
QQQ,2024-12-26,528.3200073242188,531.239990234375,526.3099975585938,529.5999755859375,526.3099975585938,19090500,False
QQQ,2024-12-27,526.010009765625,526.4500122070312,517.8599853515625,522.5599975585938,519.2683715820312,33839600,False
QQQ,2024-12-30,515.510009765625,519.3599853515625,511.8299865722656,515.6099853515625,512.3621215820312,34584000,False
QQQ,2024-12-31,516.9000244140625,517.6599731445312,510.260009765625,511.2300109863281,510.260009765625,29117000,False
QQQ,2025-01-02,514.2999877929688,516.6400146484375,505.7099914550781,510.2300109863281,507.0160827636719,36389800,False
QQQ,2025-01-03,513.3499755859375,519.6500244140625,512.530029296875,518.5800170898438,515.3134765625,29059500,False
QQQ,2025-01-06,524.02001953125,527.9199829101562,522.030029296875,524.5399780273438,522.030029296875,36109700,False
QQQ,2025-01-07,525.5900268554688,525.989990234375,513.280029296875,515.1799926757812,513.280029296875,36690300,False
QQQ,2025-01-08,515.0800170898438,516.9199829101562,510.57000732421875,515.27001953125,512.0242919921875,30777800,False
QQQ,2025-01-10,511.4800109863281,511.5799865722656,503.9200134277344,507.19000244140625,503.9952392578125,40532500,False
QQQ,2025-01-13,501.20001220703125,506.0199890136719,499.70001220703125,505.55999755859375,502.3754577636719,31694200,False
QQQ,2025-01-14,508.739990234375,510.1600036621094,501.5899963378906,505.0799865722656,501.89849853515625,33737200,False
QQQ,2025-01-15,513.030029296875,517.8499755859375,511.4599914550781,516.7000122070312,513.4453125,34957600,False
QQQ,2025-01-16,518.97998046875,519.0599975585938,512.9500122070312,513.0800170898438,512.9500122070312,28229000,False
QQQ,2025-01-17,522.8499755859375,524.0700073242188,513.1099853515625,521.739990234375,518.4535522460938,51837900,False
QQQ,2025-01-21,524.47998046875,525.969970703125,520.0599975585938,524.7999877929688,521.4943237304688,23628000,False
QQQ,2025-01-22,529.5700073242188,533.8200073242188,529.260009765625,531.510009765625,529.260009765625,33593000,False
QQQ,2025-01-23,529.0399780273438,532.760009765625,528.4500122070312,532.6400146484375,529.284912109375,23096600,False
QQQ,2025-01-24,533.02001953125,533.7899780273438,528.1500244140625,529.6300048828125,528.1500244140625,19878300,False
QQQ,2025-01-27,511.0,517.989990234375,510.1499938964844,514.2100219726562,510.9710388183594,60771700,False
QQQ,2025-01-28,515.219970703125,523.0,511.7799987792969,521.8099975585938,518.5231323242188,33194200,False
QQQ,2025-01-29,522.4600219726562,522.5900268554688,516.9000244140625,520.8300170898438,517.54931640625,26649000,False
QQQ,2025-01-30,523.7100219726562,526.0999755859375,518.2100219726562,523.0499877929688,519.7553100585938,27431300,False
QQQ,2025-01-31,526.9199829101562,531.52001953125,521.1900024414062,522.2899780273438,521.1900024414062,38755200,False
QQQ,2025-02-03,513.469970703125,520.8499755859375,511.04998779296875,518.1099853515625,514.8463745117188,40580800,False
QQQ,2025-02-04,518.6300048828125,525.1099853515625,518.22998046875,524.469970703125,521.1663818359375,26046800,False
QQQ,2025-02-05,521.8200073242188,527.010009765625,520.6199951171875,526.8499755859375,523.5313720703125,21134100,False
QQQ,2025-02-06,527.3599853515625,529.8099975585938,525.739990234375,529.5999755859375,526.2640380859375,19434500,False
QQQ,2025-02-07,530.1400146484375,532.0999755859375,522.1900024414062,522.9199829101562,522.1900024414062,29605500,False
QQQ,2025-02-10,527.219970703125,530.3599853515625,526.75,529.25,526.75,20852800,False
QQQ,2025-02-11,525.9600219726562,529.9199829101562,525.8300170898438,527.989990234375,525.8300170898438,19325500,False
QQQ,2025-02-12,522.2999877929688,529.1900024414062,521.9500122070312,528.2999877929688,524.97216796875,25009400,False
QQQ,2025-02-13,529.97998046875,536.219970703125,529.1900024414062,535.9000244140625,532.5244140625,28714800,False
QQQ,2025-02-14,536.010009765625,538.8400268554688,535.6699829101562,538.1500244140625,535.6699829101562,17862600,False
QQQ,2025-02-18,539.72998046875,540.0,536.0399780273438,539.3699951171875,536.0399780273438,20565000,False
QQQ,2025-02-19,538.5700073242188,540.8099975585938,536.4600219726562,539.52001953125,536.4600219726562,19666900,False
QQQ,2025-02-20,538.72998046875,539.0999755859375,532.4600219726562,537.22998046875,533.8458862304688,26550800,False
QQQ,2025-02-21,538.3800048828125,538.4000244140625,525.7100219726562,526.0800170898438,525.7100219726562,47093800,False
QQQ,2025-02-24,527.8800048828125,529.0700073242188,519.530029296875,519.8699951171875,519.530029296875,39268400,False
QQQ,2025-02-25,519.239990234375,519.3200073242188,509.44000244140625,513.3200073242188,510.0866394042969,48940000,False
QQQ,2025-02-26,515.530029296875,519.6599731445312,511.3699951171875,514.5599975585938,511.3699951171875,34457600,False
QQQ,2025-02-27,518.1300048828125,519.0700073242188,500.04998779296875,500.2699890136719,500.04998779296875,52448000,False
QQQ,2025-02-28,500.1300048828125,508.7799987792969,496.92999267578125,508.1700134277344,504.9690856933594,47654000,False
QQQ,2025-03-03,511.5199890136719,513.0399780273438,493.5799865722656,497.04998779296875,493.9190368652344,44587200,False
QQQ,2025-03-04,494.17999267578125,503.739990234375,487.739990234375,495.54998779296875,492.42852783203125,67875400,False
QQQ,2025-03-05,496.20001220703125,503.6300048828125,491.260009765625,502.010009765625,498.84783935546875,46323700,False
QQQ,2025-03-06,493.69000244140625,498.5799865722656,486.20001220703125,488.20001220703125,486.20001220703125,57574300,False
QQQ,2025-03-07,487.1600036621094,493.2799987792969,480.5299987792969,491.7900085449219,488.6922302246094,54714700,False
QQQ,2025-03-10,483.45001220703125,483.9700012207031,468.6600036621094,472.7300109863281,469.75225830078125,76668000,False
QQQ,2025-03-11,472.3500061035156,478.80999755859375,467.010009765625,471.6000061035156,468.62939453125,68760800,False
QQQ,2025-03-12,479.1600036621094,481.05999755859375,471.7900085449219,476.9200134277344,473.9159240722656,46971100,False
QQQ,2025-03-13,476.25,476.2799987792969,466.42999267578125,468.3399963378906,466.42999267578125,46563300,False
QQQ,2025-03-14,473.7300109863281,480.55999755859375,473.1199951171875,479.6600036621094,476.6386413574219,43563000,False
QQQ,2025-03-17,479.6099853515625,485.8399963378906,477.79998779296875,482.7699890136719,479.72900390625,41744400,False
QQQ,2025-03-18,479.4100036621094,479.6099853515625,472.4100036621094,474.5400085449219,472.4100036621094,39072300,False
QQQ,2025-03-19,476.80999755859375,485.3299865722656,474.8699951171875,480.8900146484375,477.86090087890625,40430300,False
QQQ,2025-03-20,476.8800048828125,484.54998779296875,476.17999267578125,479.260009765625,476.2411804199219,36780500,False
QQQ,2025-03-21,474.0799865722656,481.6099853515625,472.9100036621094,480.8399963378906,477.8111877441406,42234900,False
QQQ,2025-03-24,487.739990234375,491.510009765625,484.3999938964844,490.6600036621094,488.2964172363281,34567200,False
QQQ,2025-03-25,491.3900146484375,493.6199951171875,490.4200134277344,493.4599914550781,491.08294677734375,26035200,False
QQQ,2025-03-26,492.29998779296875,493.1600036621094,482.82000732421875,484.3800048828125,482.82000732421875,34627100,False
QQQ,2025-03-27,482.4100036621094,486.5799865722656,480.25,481.6199951171875,480.25,33469800,False
QQQ,2025-03-28,479.80999755859375,480.5199890136719,468.04998779296875,468.94000244140625,468.04998779296875,46363800,False
QQQ,2025-03-31,461.9200134277344,469.8599853515625,457.3299865722656,468.9200134277344,466.6611633300781,53000300,False
QQQ,2025-04-01,467.29998779296875,473.6300048828125,464.4200134277344,472.70001220703125,470.4229736328125,41156200,False
QQQ,2025-04-02,466.1199951171875,479.55999755859375,465.8599853515625,476.1499938964844,473.8562927246094,49894500,False
QQQ,2025-04-03,456.44000244140625,460.07000732421875,450.1400146484375,450.6600036621094,450.1400146484375,70456300,True
QQQ,2025-04-04,438.1400146484375,440.3699951171875,422.6700134277344,422.6700134277344,422.6700134277344,117088400,True
QQQ,2025-04-07,408.6600036621094,443.1400146484375,402.3900146484375,423.69000244140625,421.6490478515625,161557000,False
QQQ,2025-04-08,438.1600036621094,443.1400146484375,409.7900085449219,416.05999755859375,414.0557861328125,101248100,False
QQQ,2025-04-09,415.57000732421875,467.8299865722656,415.42999267578125,466.0,463.7552185058594,142876900,True
QQQ,2025-04-10,453.55999755859375,455.5899963378906,432.6300048828125,446.17999267578125,444.03070068359375,108384100,True
QQQ,2025-04-11,444.6499938964844,455.7900085449219,441.3299865722656,454.3999938964844,452.2110900878906,52483800,False
QQQ,2025-04-14,464.4599914550781,465.04998779296875,452.6300048828125,457.4800109863281,455.2762756347656,43941200,False
QQQ,2025-04-15,458.5400085449219,462.3800048828125,456.1499938964844,457.989990234375,456.1499938964844,35404200,False
QQQ,2025-04-16,449.0299987792969,452.6199951171875,437.760009765625,444.17999267578125,442.0403137207031,48980600,False
QQQ,2025-04-17,447.1700134277344,447.75,441.3599853515625,444.1000061035156,441.9607238769531,44837000,False
QQQ,2025-04-21,438.2300109863281,439.0799865722656,427.92999267578125,433.1099853515625,431.0236511230469,44149300,False
QQQ,2025-04-22,438.82000732421875,447.5799865722656,437.6199951171875,444.4800109863281,442.33892822265625,52304400,False
QQQ,2025-04-23,458.1700134277344,463.3800048828125,452.8800048828125,454.55999755859375,452.8800048828125,55801100,False
QQQ,2025-04-24,456.4800109863281,467.6600036621094,455.8299865722656,467.3500061035156,465.0987243652344,45956100,False
QQQ,2025-04-25,466.9700012207031,473.0899963378906,465.3900146484375,472.55999755859375,470.2835998535156,38697100,False
QQQ,2025-04-28,473.0299987792969,474.80999755859375,466.0299987792969,472.4100036621094,470.1343688964844,33550800,False
QQQ,2025-04-29,470.1700134277344,476.4200134277344,469.5899963378906,475.5299987792969,473.23931884765625,30613100,False
QQQ,2025-04-30,467.1300048828125,477.20001220703125,462.42999267578125,475.4700012207031,473.1795959472656,46810600,False
QQQ,2025-05-01,483.4100036621094,487.17999267578125,480.739990234375,481.67999267578125,480.739990234375,43316500,False
QQQ,2025-05-02,486.5400085449219,490.9100036621094,484.8299865722656,488.8299865722656,486.4752502441406,39218100,False
QQQ,2025-05-05,484.6000061035156,489.0299987792969,484.1000061035156,485.92999267578125,484.1000061035156,28309500,False
QQQ,2025-05-06,479.55999755859375,485.04998779296875,478.19000244140625,481.4100036621094,479.09100341796875,32786300,False
QQQ,2025-05-07,482.0799865722656,485.79998779296875,476.7799987792969,483.29998779296875,480.9718933105469,38006300,False
QQQ,2025-05-08,488.5299987792969,492.70001220703125,484.1700134277344,488.2900085449219,485.9378967285156,39577600,False
QQQ,2025-05-09,490.2099914550781,491.5400085449219,486.20001220703125,487.9700012207031,486.20001220703125,27767400,False
QQQ,2025-05-12,506.989990234375,507.8900146484375,501.4800109863281,507.8500061035156,505.4036560058594,45090600,False
QQQ,2025-05-13,509.1600036621094,517.3900146484375,508.4200134277344,515.5900268554688,513.1063842773438,53269600,False
QQQ,2025-05-14,516.77001953125,519.22998046875,515.75,518.6799926757812,516.1814575195312,47014500,False
QQQ,2025-05-15,516.52001953125,521.9299926757812,515.1699829101562,519.25,516.7486572265625,50153300,False
QQQ,2025-05-16,520.6599731445312,521.7000122070312,517.0999755859375,521.510009765625,518.9978637695312,48394600,False
QQQ,2025-05-19,514.239990234375,522.530029296875,514.239990234375,522.010009765625,519.4954833984375,52536200,False
QQQ,2025-05-20,519.469970703125,520.9299926757812,516.6599731445312,520.27001953125,517.7637939453125,42517600,False
QQQ,2025-05-21,516.27001953125,523.0,511.239990234375,513.0399780273438,511.239990234375,71292800,False
QQQ,2025-05-22,513.6599731445312,517.7100219726562,512.2999877929688,514.0,512.2999877929688,55607200,False
QQQ,2025-05-23,506.17999267578125,511.8399963378906,505.5799865722656,509.239990234375,506.7868957519531,58368100,False
QQQ,2025-05-27,516.1500244140625,521.7100219726562,514.5900268554688,521.219970703125,518.709228515625,47226300,False
QQQ,2025-05-28,522.1799926757812,523.6799926757812,518.3900146484375,518.9099731445312,518.3900146484375,46637200,False
QQQ,2025-05-29,526.3300170898438,526.47998046875,517.3200073242188,519.9299926757812,517.4254150390625,58513300,False
QQQ,2025-05-30,519.4400024414062,520.6799926757812,511.92999267578125,519.1099853515625,516.609375,67662800,False
QQQ,2025-06-02,517.239990234375,523.4500122070312,515.969970703125,523.2100219726562,520.6896362304688,44762800,False
QQQ,2025-06-03,523.5599975585938,528.739990234375,522.6900024414062,527.2999877929688,524.7599487304688,44070300,False
QQQ,2025-06-04,528.010009765625,529.8400268554688,525.969970703125,528.77001953125,526.2228393554688,41359300,False
QQQ,2025-06-05,530.1799926757812,533.0499877929688,522.6599731445312,524.7899780273438,522.6599731445312,61031200,False
QQQ,2025-06-06,530.0,531.7999877929688,528.2100219726562,529.9199829101562,528.2100219726562,42467000,False
QQQ,2025-06-09,530.1400146484375,532.3499755859375,529.010009765625,530.7000122070312,529.010009765625,33688700,False
QQQ,2025-06-10,531.1699829101562,534.9000244140625,528.8900146484375,534.2100219726562,531.6366577148438,40664800,False
QQQ,2025-06-11,535.6199951171875,536.780029296875,530.1099853515625,532.4099731445312,530.1099853515625,53701000,False
QQQ,2025-06-12,531.0900268554688,534.6400146484375,530.8400268554688,533.6599731445312,531.0892333984375,34104900,False
QQQ,2025-06-13,527.6799926757812,531.8699951171875,525.72998046875,526.9600219726562,525.72998046875,55814400,False
QQQ,2025-06-16,530.5,535.3699951171875,530.4500122070312,534.2899780273438,531.7162475585938,37622100,False
QQQ,2025-06-17,531.7100219726562,533.3300170898438,527.9099731445312,529.0800170898438,527.9099731445312,42180900,False
QQQ,2025-06-18,530.0999755859375,532.5499877929688,527.4000244140625,528.989990234375,527.4000244140625,43983500,False
QQQ,2025-06-20,532.260009765625,533.5599975585938,524.8800048828125,526.8300170898438,524.8800048828125,61643500,False
QQQ,2025-06-23,526.8099975585938,532.1699829101562,523.6500244140625,531.6500244140625,529.6832275390625,50666100,False
QQQ,2025-06-24,536.8900146484375,540.7000122070312,536.27001953125,539.780029296875,537.783203125,45442000,False
QQQ,2025-06-25,542.0599975585938,543.3099975585938,539.3800048828125,541.1599731445312,539.3800048828125,44804200,False
QQQ,2025-06-26,543.3499755859375,546.6699829101562,541.52001953125,546.219970703125,544.1992797851562,43811400,False
QQQ,2025-06-27,547.260009765625,549.989990234375,544.5399780273438,548.0900268554688,546.0623779296875,57577100,False
QQQ,2025-06-30,551.260009765625,552.7999877929688,549.010009765625,551.6400146484375,549.5992431640625,45548700,False
QQQ,2025-07-01,549.72998046875,550.7100219726562,544.6599731445312,546.989990234375,544.9664306640625,56166700,False
QQQ,2025-07-02,546.1599731445312,551.0,546.1199951171875,550.7999877929688,548.7623291015625,36538300,False
QQQ,2025-07-03,553.1799926757812,557.2000122070312,553.1799926757812,556.219970703125,554.1622924804688,26443500,False
QQQ,2025-07-07,553.52001953125,554.3400268554688,549.5800170898438,552.030029296875,549.9878540039062,45349300,False
QQQ,2025-07-08,553.3800048828125,554.010009765625,551.0999755859375,552.3400268554688,551.0999755859375,36153300,False
QQQ,2025-07-09,554.47998046875,557.6300048828125,553.0999755859375,556.25,554.1921997070312,43045500,False
QQQ,2025-07-10,556.8900146484375,557.2999877929688,552.75,555.4500122070312,553.3952026367188,34710900,False
QQQ,2025-07-11,553.2999877929688,555.7899780273438,552.0499877929688,554.2000122070312,552.1497802734375,39618600,False
QQQ,2025-07-14,553.989990234375,556.9500122070312,551.6300048828125,556.2100219726562,554.1524047851562,36453300,False
QQQ,2025-07-15,560.25,560.7999877929688,556.6599731445312,556.719970703125,556.6599731445312,43277700,False
QQQ,2025-07-16,557.280029296875,560.2100219726562,551.5599975585938,557.2899780273438,555.2283325195312,52314700,False
QQQ,2025-07-17,558.02001953125,562.3099975585938,557.2100219726562,561.7999877929688,559.7216186523438,40423800,False
QQQ,2025-07-18,563.1199951171875,564.72998046875,559.97998046875,561.260009765625,559.97998046875,50484700,False
QQQ,2025-07-21,562.0900268554688,566.0599975585938,562.0599975585938,564.1699829101562,562.0828857421875,39595200,False
QQQ,2025-07-22,564.2999877929688,564.3499755859375,558.6099853515625,561.25,559.1737060546875,43270600,False
QQQ,2025-07-23,562.3400268554688,563.8499755859375,559.5800170898438,563.8099975585938,561.7242431640625,40215300,False
QQQ,2025-07-24,565.1300048828125,566.239990234375,563.2899780273438,565.010009765625,563.2899780273438,42275500,False
QQQ,2025-07-25,564.9299926757812,567.7000122070312,564.27001953125,566.3699951171875,564.2747192382812,30630800,False
QQQ,2025-07-28,567.739990234375,569.0399780273438,566.8699951171875,568.1400146484375,566.8699951171875,31498700,False
QQQ,2025-07-29,570.760009765625,572.1099853515625,566.530029296875,567.260009765625,566.530029296875,45463300,False
QQQ,2025-07-30,568.1799926757812,570.6199951171875,565.0499877929688,568.02001953125,565.9186401367188,43433800,False
QQQ,2025-07-31,574.5399780273438,574.6300048828125,563.8699951171875,565.010009765625,563.8699951171875,64613600,False
QQQ,2025-08-01,558.8300170898438,559.02001953125,551.6799926757812,553.8800048828125,551.8309936523438,69400800,False
QQQ,2025-08-04,559.0499877929688,564.3200073242188,558.9500122070312,564.0999755859375,562.0131225585938,47669800,False
QQQ,2025-08-05,565.3900146484375,566.5599975585938,559.72998046875,560.27001953125,559.72998046875,48666600,False
QQQ,2025-08-06,561.1099853515625,567.760009765625,560.6300048828125,567.3200073242188,565.2212524414062,41823700,False
QQQ,2025-08-07,571.6699829101562,573.3200073242188,565.1099853515625,569.239990234375,567.1340942382812,44463000,False
QQQ,2025-08-08,570.4500122070312,574.77001953125,570.1500244140625,574.5499877929688,572.4244995117188,35255500,False
QQQ,2025-08-11,574.6900024414062,576.7999877929688,571.5700073242188,572.8499755859375,571.5700073242188,33112900,False
QQQ,2025-08-12,575.1599731445312,580.3499755859375,572.489990234375,580.0499877929688,577.9041137695312,42143300,False
QQQ,2025-08-13,582.760009765625,583.3200073242188,578.9400024414062,580.3400268554688,578.9400024414062,41209300,False
QQQ,2025-08-14,578.280029296875,581.8800048828125,577.9099731445312,579.8900146484375,577.9099731445312,45425000,False
QQQ,2025-08-15,579.7999877929688,579.8400268554688,575.5700073242188,577.3400268554688,575.5700073242188,49480200,False
QQQ,2025-08-18,576.4400024414062,577.77001953125,575.239990234375,577.1099853515625,575.239990234375,29831000,False
QQQ,2025-08-19,576.3900146484375,576.5599975585938,568.25,569.280029296875,568.25,53752600,False
QQQ,2025-08-20,568.3300170898438,568.4500122070312,558.8400268554688,565.9000244140625,563.8065185546875,76781100,False
QQQ,2025-08-21,564.3499755859375,566.489990234375,560.97998046875,563.280029296875,561.1962280273438,46436900,False
QQQ,2025-08-22,564.6699829101562,573.989990234375,563.27001953125,571.969970703125,569.85400390625,51502100,False
QQQ,2025-08-25,570.4000244140625,573.2899780273438,569.1599731445312,570.3200073242188,569.1599731445312,34044700,False
QQQ,2025-08-26,569.8300170898438,572.9199829101562,568.7999877929688,572.6099853515625,570.4915771484375,34103000,False
QQQ,2025-08-27,571.5900268554688,574.4099731445312,570.3699951171875,573.489990234375,571.368408203125,36927100,False
QQQ,2025-08-28,574.1099853515625,578.0,572.4600219726562,577.0800170898438,574.9451293945312,46787900,False
QQQ,2025-08-29,574.6599731445312,575.030029296875,568.5399780273438,570.4000244140625,568.5399780273438,56030400,False
QQQ,2025-09-02,561.3099975585938,565.969970703125,559.5399780273438,565.6199951171875,563.527587890625,65876800,False
QQQ,2025-09-03,569.22998046875,571.7000122070312,566.72998046875,570.0700073242188,567.9610595703125,54230200,False
QQQ,2025-09-04,570.739990234375,575.5999755859375,569.030029296875,575.22998046875,573.1019287109375,47526300,False
QQQ,2025-09-05,580.489990234375,581.1199951171875,571.530029296875,576.0599975585938,573.9288940429688,68342500,False
QQQ,2025-09-08,578.3699951171875,580.8400268554688,577.77001953125,578.8699951171875,577.77001953125,46371400,False
QQQ,2025-09-09,579.6699829101562,580.9400024414062,577.0399780273438,580.510009765625,578.3624267578125,44007600,False
QQQ,2025-09-10,583.739990234375,583.77001953125,578.5499877929688,580.7000122070312,578.5517578125,49308000,False
QQQ,2025-09-11,583.239990234375,584.8800048828125,581.6199951171875,584.0800170898438,581.9192504882812,44745800,False
QQQ,2025-09-12,585.0399780273438,587.8599853515625,584.0999755859375,586.6599731445312,584.4896850585938,50745900,False
QQQ,2025-09-15,588.4400024414062,591.7899780273438,588.2899780273438,591.6799926757812,589.4910888671875,44360300,False
QQQ,2025-09-16,592.6099853515625,592.8599853515625,590.489990234375,591.1799926757812,590.489990234375,36942100,False
QQQ,2025-09-17,591.0999755859375,591.75,584.3699951171875,590.0,587.8173217773438,69384800,False
QQQ,2025-09-18,594.9099731445312,598.1400146484375,592.9600219726562,595.3200073242188,593.11767578125,61069300,False
QQQ,2025-09-19,597.3300170898438,600.0499877929688,595.8499755859375,599.3499755859375,597.1326904296875,58196100,False
QQQ,2025-09-22,597.739990234375,602.8699951171875,597.719970703125,602.2000122070312,600.667724609375,57154800,False
QQQ,2025-09-23,602.3699951171875,602.5700073242188,596.97998046875,598.2000122070312,596.97998046875,64635500,False
QQQ,2025-09-24,599.5800170898438,599.9000244140625,593.3599853515625,596.0999755859375,594.583251953125,49850300,False
QQQ,2025-09-25,592.2000122070312,595.1199951171875,588.5,593.530029296875,592.0198364257812,70920200,False
QQQ,2025-09-26,594.3499755859375,596.2999877929688,591.0599975585938,595.969970703125,594.4535522460938,54337400,False
QQQ,2025-09-29,599.1099853515625,602.0499877929688,597.4099731445312,598.72998046875,597.4099731445312,48332900,False
QQQ,2025-09-30,598.4299926757812,600.7100219726562,596.0999755859375,600.3699951171875,598.8424072265625,46533800,False
QQQ,2025-10-01,597.1699829101562,603.7899780273438,596.3400268554688,603.25,601.7150268554688,46899600,False
QQQ,2025-10-02,607.0599975585938,607.1599731445312,602.9299926757812,605.72998046875,604.188720703125,43765400,False
QQQ,2025-10-03,606.510009765625,607.3300170898438,601.3900146484375,603.1799926757812,601.645263671875,46482100,False
QQQ,2025-10-06,608.4500122070312,609.3599853515625,605.969970703125,607.7100219726562,606.1636962890625,41962100,False
QQQ,2025-10-07,609.02001953125,609.7100219726562,603.030029296875,604.510009765625,603.030029296875,58209500,False
QQQ,2025-10-08,605.4099731445312,611.75,605.260009765625,611.4400024414062,609.8842163085938,50629800,False
QQQ,2025-10-09,611.47998046875,611.6099853515625,607.47998046875,610.7000122070312,609.1461181640625,45551000,False
QQQ,2025-10-10,611.4000244140625,613.1799926757812,589.0499877929688,589.5,589.0499877929688,97614800,False
QQQ,2025-10-13,599.6799926757812,602.9500122070312,597.22998046875,602.010009765625,600.4782104492188,65872600,False
QQQ,2025-10-14,595.3099975585938,602.6900024414062,590.1300048828125,598.0,596.4784545898438,69203200,False
QQQ,2025-10-15,604.010009765625,606.7000122070312,595.9299926757812,602.219970703125,600.6876831054688,62805500,False
QQQ,2025-10-16,605.1099853515625,608.3099975585938,595.5,599.989990234375,598.46337890625,70982000,False
QQQ,2025-10-17,597.9500122070312,605.510009765625,596.3699951171875,603.9299926757812,602.393310546875,72024900,False
QQQ,2025-10-20,607.1400146484375,612.7999877929688,607.0700073242188,611.5399780273438,609.9839477539062,45761700,False
QQQ,2025-10-21,611.6400146484375,612.719970703125,609.3200073242188,611.3800048828125,609.8244018554688,44538200,False
QQQ,2025-10-22,610.8200073242188,611.4099731445312,599.739990234375,605.489990234375,603.9493408203125,61478800,False
QQQ,2025-10-23,604.9099731445312,611.3699951171875,604.52001953125,610.5800170898438,609.0264282226562,42844300,False
QQQ,2025-10-24,615.989990234375,618.4199829101562,615.1300048828125,617.0999755859375,615.52978515625,47632500,False
QQQ,2025-10-27,624.52001953125,628.5499877929688,624.030029296875,628.0900268554688,626.4918823242188,54098600,False
QQQ,2025-10-28,630.3599853515625,634.6799926757812,629.25,632.9199829101562,631.3095703125,61195700,False
QQQ,2025-10-29,635.5900268554688,637.010009765625,630.25,635.77001953125,634.15234375,67422800,False
QQQ,2025-10-30,632.1699829101562,633.5,625.9400024414062,626.0499877929688,625.9400024414062,61628600,False
QQQ,2025-10-31,634.1699829101562,634.2000122070312,626.6900024414062,629.0700073242188,627.4694213867188,66305100,False
QQQ,2025-11-03,635.1099853515625,635.8200073242188,629.8499755859375,632.0800170898438,630.4716796875,37154300,False
QQQ,2025-11-04,623.280029296875,626.9500122070312,618.4600219726562,619.25,618.4600219726562,63830800,False
QQQ,2025-11-05,618.489990234375,626.5999755859375,617.2100219726562,623.280029296875,621.6941528320312,48688500,False
QQQ,2025-11-06,621.7899780273438,622.0399780273438,610.2999877929688,611.6699829101562,610.2999877929688,72115100,False
QQQ,2025-11-07,608.3099975585938,609.9500122070312,598.6699829101562,609.739990234375,608.1885375976562,81835400,False
QQQ,2025-11-10,618.9199829101562,624.3099975585938,616.8900146484375,623.22998046875,621.6442260742188,55919900,False
QQQ,2025-11-11,620.5700073242188,622.719970703125,617.52001953125,621.5700073242188,619.9884643554688,44868800,False
QQQ,2025-11-12,624.8400268554688,624.8599853515625,617.8099975585938,621.0800170898438,619.4996948242188,47444400,False
QQQ,2025-11-13,617.5399780273438,618.1199951171875,606.0800170898438,608.4000244140625,606.8519897460938,71333600,False
QQQ,2025-11-14,599.5499877929688,613.3499755859375,597.1699829101562,608.8599853515625,607.310791015625,80087300,False
QQQ,2025-11-17,606.2999877929688,612.47998046875,599.8699951171875,603.6599731445312,602.1240234375,63850400,False
QQQ,2025-11-18,599.6199951171875,602.3099975585938,591.3400268554688,596.3099975585938,594.7926635742188,83327300,False
QQQ,2025-11-19,597.0700073242188,606.1599731445312,594.5900268554688,599.8699951171875,598.3436279296875,73111500,False
QQQ,2025-11-20,611.6199951171875,614.030029296875,584.75,585.6699829101562,584.75,117743200,False
QQQ,2025-11-21,587.469970703125,596.97998046875,580.739990234375,590.0700073242188,588.568603515625,103344200,False
QQQ,2025-11-24,595.280029296875,606.6799926757812,595.1599731445312,605.1599731445312,603.6201782226562,60168100,False
QQQ,2025-11-25,603.510009765625,610.260009765625,597.3200073242188,608.8900146484375,607.3407592773438,57560900,False
QQQ,2025-11-26,612.510009765625,616.1900024414062,610.3900146484375,614.27001953125,612.70703125,42393600,False
QQQ,2025-11-28,616.1099853515625,619.3200073242188,615.4199829101562,619.25,617.67431640625,23034400,False
QQQ,2025-12-01,613.6300048828125,619.4400024414062,612.52001953125,617.1699829101562,615.599609375,40957600,False
QQQ,2025-12-02,619.4600219726562,623.75,617.5900268554688,622.0,620.4172973632812,54541800,False
QQQ,2025-12-03,619.6199951171875,624.219970703125,618.030029296875,623.52001953125,621.9334716796875,47841600,False
QQQ,2025-12-04,624.9299926757812,624.9400024414062,619.5399780273438,622.9400024414062,621.35498046875,47067800,False
QQQ,2025-12-05,624.3800048828125,628.9199829101562,623.7100219726562,625.47998046875,623.8884887695312,53614200,False
QQQ,2025-12-08,627.2100219726562,628.8400268554688,621.6900024414062,624.280029296875,622.6915283203125,43462400,False
QQQ,2025-12-09,623.010009765625,625.8699951171875,621.0,625.0499877929688,623.4595336914062,37156000,False
QQQ,2025-12-10,623.8499755859375,629.2100219726562,620.989990234375,627.6099853515625,626.0130615234375,55031400,False
QQQ,2025-12-11,623.8200073242188,625.780029296875,617.719970703125,625.5800170898438,623.98828125,58272800,False
QQQ,2025-12-12,622.0800170898438,623.5399780273438,611.3599853515625,613.6199951171875,612.0586547851562,75158700,False
QQQ,2025-12-15,618.3699951171875,618.4199829101562,609.3200073242188,610.5399780273438,609.3200073242188,49538200,False
QQQ,2025-12-16,608.260009765625,613.510009765625,606.9099731445312,611.75,610.1934204101562,55152800,False
QQQ,2025-12-17,613.0599975585938,613.6500244140625,600.280029296875,600.4099731445312,600.280029296875,70654300,False
QQQ,2025-12-18,609.7999877929688,612.9299926757812,606.9199829101562,609.1099853515625,607.5601196289062,78875800,False
QQQ,2025-12-19,611.9500122070312,617.6199951171875,611.8699951171875,617.0499877929688,615.47998046875,60369800,False
QQQ,2025-12-22,621.3499755859375,621.6500244140625,617.77001953125,619.2100219726562,618.4302368164062,43703100,False
QQQ,2025-12-23,618.2000122070312,622.4099731445312,617.780029296875,622.1099853515625,621.3265380859375,41120400,False
QQQ,2025-12-24,621.989990234375,624.280029296875,621.719970703125,623.9299926757812,623.144287109375,18468700,False
QQQ,2025-12-26,624.6599731445312,625.52001953125,623.1400146484375,623.8900146484375,623.1400146484375,28959800,False
QQQ,2025-12-29,620.0999755859375,622.780029296875,618.72998046875,620.8699951171875,620.088134765625,32458300,False
QQQ,2025-12-30,619.8400268554688,622.1799926757812,619.219970703125,619.4299926757812,619.219970703125,31226800,False
QQQ,2025-12-31,619.6500244140625,619.9600219726562,614.0499877929688,614.3099975585938,614.0499877929688,40746500,False
QQQ,2026-01-02,620.0599975585938,622.8499755859375,610.1500244140625,613.1199951171875,612.347900390625,61859200,False
QQQ,2026-01-05,619.3200073242188,620.8099975585938,616.719970703125,617.989990234375,617.2117309570312,46828400,False
QQQ,2026-01-06,619.22998046875,624.02001953125,618.5399780273438,623.4199829101562,622.6348876953125,43137500,False
QQQ,2026-01-07,623.0399780273438,627.9400024414062,622.5599975585938,624.02001953125,623.2341918945312,44880300,False
QQQ,2026-01-08,623.030029296875,623.4199829101562,617.7999877929688,620.469970703125,619.6885986328125,50435900,False
QQQ,2026-01-09,621.4099731445312,627.8900146484375,619.0599975585938,626.6500244140625,625.86083984375,49688700,False
QQQ,2026-01-12,622.3099975585938,628.8499755859375,622.260009765625,627.1699829101562,626.3801879882812,37388700,False
QQQ,2026-01-13,627.27001953125,629.469970703125,623.7000122070312,626.239990234375,625.4513549804688,44481400,False
QQQ,2026-01-14,622.239990234375,623.4500122070312,614.5599975585938,619.5499877929688,618.769775390625,72598700,False
QQQ,2026-01-15,626.5999755859375,630.0,620.75,621.780029296875,620.9970092773438,53934900,False
QQQ,2026-01-16,625.5,626.0800170898438,618.8800048828125,621.260009765625,620.4776611328125,61058100,False
QQQ,2026-01-20,610.530029296875,615.0599975585938,607.0499877929688,608.0599975585938,607.2942504882812,81988900,False
QQQ,2026-01-21,609.469970703125,620.4199829101562,607.8599853515625,616.280029296875,615.50390625,79837900,False
QQQ,2026-01-22,622.3499755859375,622.4600219726562,617.780029296875,620.760009765625,619.978271484375,42254800,False
QQQ,2026-01-23,619.72998046875,625.4000244140625,618.6500244140625,622.719970703125,621.935791015625,43645800,False
QQQ,2026-01-26,623.2100219726562,627.6099853515625,622.1199951171875,625.4600219726562,624.67236328125,35983000,False
QQQ,2026-01-27,628.9099731445312,632.0399780273438,627.3400268554688,631.1300048828125,630.335205078125,38997200,False
QQQ,2026-01-28,635.4600219726562,636.5999755859375,631.8099975585938,633.219970703125,632.4225463867188,50691700,False
QQQ,2026-01-29,632.6500244140625,633.6699829101562,618.27001953125,629.4299926757812,628.6373291015625,79944000,False
QQQ,2026-01-30,625.7100219726562,628.260009765625,619.2999877929688,621.8699951171875,621.0868530273438,65650700,False
QQQ,2026-02-02,618.7000122070312,628.489990234375,618.6599731445312,626.1400146484375,625.3515014648438,49020300,False
QQQ,2026-02-03,628.2999877929688,629.97998046875,610.9600219726562,616.52001953125,615.7435913085938,81234000,False
QQQ,2026-02-04,615.02001953125,615.0999755859375,600.469970703125,605.75,604.9871826171875,81850700,False
QQQ,2026-02-05,600.2100219726562,604.8099975585938,594.760009765625,597.030029296875,596.2781982421875,89354500,False
QQQ,2026-02-06,600.1900024414062,611.4099731445312,598.77001953125,609.6500244140625,608.8822631835938,78019300,False
QQQ,2026-02-09,607.5399780273438,616.4600219726562,605.0700073242188,614.3200073242188,613.54638671875,56797600,False
QQQ,2026-02-10,615.3099975585938,617.02001953125,611.010009765625,611.469970703125,611.010009765625,53938900,False
QQQ,2026-02-11,616.3800048828125,617.52001953125,607.6900024414062,613.1099853515625,612.337890625,58575100,False
QQQ,2026-02-12,614.7100219726562,615.8099975585938,599.5700073242188,600.6400146484375,599.8836059570312,81378900,False
QQQ,2026-02-13,600.4299926757812,606.47998046875,596.4199829101562,601.9199829101562,601.1619873046875,69237500,False
QQQ,2026-02-17,598.3800048828125,603.9500122070312,593.3400268554688,601.2999877929688,600.542724609375,69013800,False
QQQ,2026-02-18,602.1099853515625,609.77001953125,600.719970703125,605.7899780273438,605.027099609375,64250700,False
QQQ,2026-02-19,602.8099975585938,605.8200073242188,600.75,603.469970703125,602.7100219726562,60960800,False
QQQ,2026-02-20,600.1199951171875,610.3499755859375,599.22998046875,608.8099975585938,608.0433349609375,74127300,False
QQQ,2026-02-23,606.6099853515625,608.010009765625,599.0499877929688,601.4099731445312,600.652587890625,63859100,False
QQQ,2026-02-24,602.4000244140625,608.989990234375,599.72998046875,607.8699951171875,607.1044921875,55023700,False
QQQ,2026-02-25,611.0700073242188,616.8300170898438,611.0,616.6799926757812,615.9033813476562,55710700,False
QQQ,2026-02-26,615.5900268554688,615.5900268554688,603.97998046875,609.239990234375,608.4727783203125,96178900,False
QQQ,2026-02-27,602.97998046875,608.3200073242188,602.1900024414062,607.2899780273438,606.5252075195312,68125200,False
QQQ,2026-03-02,598.8599853515625,609.9199829101562,597.989990234375,608.0900268554688,607.32421875,75264600,False
QQQ,2026-03-03,596.3300170898438,603.9600219726562,591.8699951171875,601.5800170898438,600.8224487304688,97015500,False
QQQ,2026-03-04,604.1599731445312,612.8800048828125,603.4299926757812,610.75,609.9808959960938,70943900,False
QQQ,2026-03-05,607.4000244140625,612.760009765625,602.260009765625,608.9099731445312,608.1431274414062,89602400,False
QQQ,2026-03-06,600.3099975585938,606.0,598.3300170898438,599.75,598.9946899414062,86302300,False
QQQ,2026-03-09,594.22998046875,609.27001953125,591.3300170898438,607.760009765625,606.99462890625,93068200,False
QQQ,2026-03-10,607.780029296875,613.2899780273438,605.4199829101562,607.77001953125,607.004638671875,64078900,False
QQQ,2026-03-11,608.9500122070312,612.4299926757812,605.030029296875,607.6900024414062,606.9247436523438,60114800,False
QQQ,2026-03-12,602.760009765625,604.1400146484375,597.0499877929688,597.260009765625,597.0499877929688,71836600,False
QQQ,2026-03-13,599.72998046875,603.5999755859375,592.5700073242188,593.719970703125,592.9722900390625,63145500,False
QQQ,2026-03-16,600.0399780273438,603.8599853515625,599.1099853515625,600.3800048828125,599.6239013671875,49077200,False
QQQ,2026-03-17,603.1400146484375,605.9000244140625,601.8699951171875,603.3099975585938,602.5502319335938,47106600,False
QQQ,2026-03-18,601.489990234375,603.1599731445312,594.5599975585938,594.9000244140625,594.5599975585938,56128000,False
QQQ,2026-03-19,589.510009765625,595.7999877929688,587.0800170898438,593.02001953125,592.273193359375,75597600,False
QQQ,2026-03-20,591.0599975585938,591.1699829101562,578.5399780273438,582.0599975585938,581.3269653320312,91964700,False
QQQ,2026-03-23,590.52001953125,595.0800170898438,585.9600219726562,588.0,588.0,89936100,False
QQQ,2026-03-24,584.8099975585938,587.9299926757812,581.9299926757812,583.97998046875,583.97998046875,57750900,False
QQQ,2026-03-25,589.1400146484375,591.3699951171875,585.6900024414062,587.8200073242188,587.8200073242188,60475500,False
QQQ,2026-03-26,582.5999755859375,584.6300048828125,573.4299926757812,573.7899780273438,573.7899780273438,81492100,False
QQQ,2026-03-27,570.8099975585938,571.02001953125,561.5700073242188,562.5800170898438,562.5800170898438,82702200,False
QQQ,2026-03-30,567.3800048828125,568.0499877929688,555.5999755859375,558.280029296875,558.280029296875,70602600,False
QQQ,2026-03-31,564.2899780273438,578.6400146484375,564.2100219726562,577.1799926757812,577.1799926757812,95878000,False
QQQ,2026-04-01,581.47998046875,587.739990234375,580.4199829101562,584.3099975585938,584.3099975585938,79435100,False
QQQ,2026-04-02,573.969970703125,586.0499877929688,571.9199829101562,584.97998046875,584.97998046875,50941700,False
QQQ,2026-04-06,586.22998046875,590.6099853515625,584.6900024414062,588.5,588.5,35108500,False
QQQ,2026-04-07,585.6400146484375,588.97998046875,578.4000244140625,588.5900268554688,588.5900268554688,49948200,False
QQQ,2026-04-08,608.7100219726562,609.9000244140625,602.1199951171875,606.0900268554688,606.0900268554688,63086000,False
QQQ,2026-04-09,605.9299926757812,610.5,603.030029296875,610.1900024414062,610.1900024414062,37837500,False
QQQ,2026-04-10,611.8400268554688,613.6699829101562,609.5800170898438,611.0700073242188,611.0700073242188,34038500,False
QQQ,2026-04-13,609.47998046875,626.739990234375,608.1099853515625,617.3900146484375,617.3900146484375,32972100,False
QQQ,2026-04-14,620.219970703125,628.5999755859375,620.0999755859375,628.5999755859375,628.5999755859375,49921100,False
QQQ,2026-04-15,629.0800170898438,637.8300170898438,628.2000122070312,637.4000244140625,637.4000244140625,50102400,False
QQQ,2026-04-16,639.2100219726562,642.1799926757812,635.260009765625,640.469970703125,640.469970703125,42320600,False
QQQ,2026-04-17,645.5900268554688,650.0,644.0700073242188,648.8499755859375,648.8499755859375,53488900,False
QQQ,2026-04-20,648.0399780273438,648.760009765625,642.52001953125,646.7899780273438,646.7899780273438,37138500,False
QQQ,2026-04-21,648.4099731445312,650.2000122070312,642.2100219726562,644.3300170898438,644.3300170898438,39580500,False
QQQ,2026-04-22,650.1500244140625,655.3300170898438,648.52001953125,655.1099853515625,655.1099853515625,37368400,False
QQQ,2026-04-23,653.5499877929688,656.9199829101562,645.52001953125,651.4199829101562,651.4199829101562,40099800,False
QQQ,2026-04-24,658.510009765625,664.510009765625,656.530029296875,663.8800048828125,663.8800048828125,45563100,False
QQQ,2026-04-27,663.4000244140625,664.4299926757812,660.6900024414062,664.22998046875,664.22998046875,32717000,False
QQQ,2026-04-28,657.4099731445312,659.6400146484375,653.8099975585938,657.5499877929688,657.5499877929688,34147900,False
QQQ,2026-04-29,658.6300048828125,661.719970703125,656.5900268554688,661.5700073242188,661.5700073242188,31724900,False
QQQ,2026-04-30,665.3499755859375,668.9000244140625,657.5599975585938,667.739990234375,667.739990234375,40622200,False
QQQ,2026-05-01,669.1599731445312,675.969970703125,668.7999877929688,674.1500244140625,674.1500244140625,39172600,False
QQQ,2026-05-04,674.6599731445312,676.72998046875,668.9000244140625,672.8800048828125,672.8800048828125,34542000,False
QQQ,2026-05-05,677.9600219726562,682.77001953125,677.510009765625,681.6099853515625,681.6099853515625,37101100,False
QQQ,2026-05-06,687.780029296875,695.9299926757812,686.47998046875,695.77001953125,695.77001953125,38778500,False
QQQ,2026-05-07,696.5800170898438,701.239990234375,691.77001953125,694.9400024414062,694.9400024414062,43779100,False
QQQ,2026-05-08,699.9199829101562,711.22998046875,699.5,711.22998046875,711.22998046875,44320400,False
QQQ,2026-05-11,710.3599853515625,714.5900268554688,708.9099731445312,713.2899780273438,713.2899780273438,35908200,False
