ticker,fecha,open,high,low,close,adj_close,volume,anomalia
SPY,2019-01-02,245.97999572753906,251.2100067138672,245.9499969482422,250.17999267578125,224.38253784179688,126925200,False
SPY,2019-01-03,248.22999572753906,248.57000732421875,243.6699981689453,244.2100067138672,219.0281219482422,144140700,False
SPY,2019-01-04,247.58999633789062,253.11000061035156,247.1699981689453,252.38999938964844,226.36460876464844,142628800,False
SPY,2019-01-07,252.69000244140625,255.9499969482422,251.69000244140625,254.3800048828125,228.14942932128906,103139100,False
SPY,2019-01-08,256.82000732421875,257.30999755859375,254.0,256.7699890136719,230.29299926757812,102512600,False
SPY,2019-01-09,257.55999755859375,258.9100036621094,256.19000244140625,257.9700012207031,231.3692626953125,95006600,False
SPY,2019-01-10,256.260009765625,259.1600036621094,255.5,258.8800048828125,232.18548583984375,96823900,False
SPY,2019-01-11,257.67999267578125,259.010009765625,257.0299987792969,258.9800109863281,232.27513122558594,73858100,False
SPY,2019-01-14,256.8599853515625,258.29998779296875,256.4100036621094,257.3999938964844,230.85801696777344,70908200,False
SPY,2019-01-15,257.82000732421875,260.70001220703125,257.80999755859375,260.3500061035156,233.50381469726562,85208300,False
SPY,2019-01-16,260.8299865722656,261.9700012207031,260.6000061035156,260.9800109863281,234.06890869140625,77636700,False
SPY,2019-01-17,260.010009765625,263.9200134277344,259.9599914550781,262.9599914550781,235.84469604492188,96118400,False
SPY,2019-01-18,264.9800109863281,266.9800109863281,263.0,266.4599914550781,238.9838104248047,127900300,False
SPY,2019-01-22,264.82000732421875,265.05999755859375,261.05999755859375,262.8599853515625,235.75502014160156,115531200,False
SPY,2019-01-23,264.010009765625,264.7900085449219,260.6600036621094,263.4100036621094,236.24832153320312,86030300,False
SPY,2019-01-24,263.2099914550781,264.20001220703125,262.0799865722656,263.54998779296875,236.37388610839844,59204100,False
SPY,2019-01-25,265.6099853515625,266.70001220703125,263.6600036621094,265.7799987792969,238.3739471435547,96883400,False
SPY,2019-01-28,263.3900146484375,263.8299865722656,261.7900085449219,263.760009765625,236.56219482421875,85613700,False
SPY,2019-01-29,263.9200134277344,264.54998779296875,262.4800109863281,263.4100036621094,236.24832153320312,66136300,False
SPY,2019-01-30,265.1000061035156,268.5199890136719,264.25,267.5799865722656,239.98826599121094,92473700,False
SPY,2019-01-31,267.510009765625,270.4700012207031,267.2699890136719,269.92999267578125,242.0959930419922,104012100,False
SPY,2019-02-01,270.1499938964844,271.20001220703125,269.17999267578125,270.05999755859375,242.21263122558594,85782500,False
SPY,2019-02-04,270.1099853515625,272.0299987792969,269.3599853515625,271.9599914550781,243.91671752929688,60744800,False
SPY,2019-02-05,272.44000244140625,273.44000244140625,271.8800048828125,273.1000061035156,244.9391326904297,79552800,False
SPY,2019-02-06,272.7900085449219,273.3399963378906,271.9200134277344,272.739990234375,244.6162567138672,58347800,False
SPY,2019-02-07,270.94000244140625,271.54998779296875,268.2900085449219,270.1400146484375,242.28436279296875,95482000,False
SPY,2019-02-08,268.75,270.5799865722656,267.8299865722656,270.4700012207031,242.58033752441406,75788900,False
SPY,2019-02-11,271.20001220703125,271.489990234375,270.0299987792969,270.6199951171875,242.71481323242188,68021400,False
SPY,2019-02-12,272.4200134277344,274.5199890136719,272.3399963378906,274.1000061035156,245.8360137939453,72270200,False
SPY,2019-02-13,275.0299987792969,275.92999267578125,274.55999755859375,274.989990234375,246.63426208496094,65277200,False
SPY,2019-02-14,273.7799987792969,275.6400146484375,272.8699951171875,274.3800048828125,246.087158203125,83234400,False
SPY,2019-02-15,276.3599853515625,277.4100036621094,276.1300048828125,277.3699951171875,248.76878356933594,97088700,False
SPY,2019-02-19,276.4800109863281,278.5799865722656,276.4700012207031,277.8500061035156,249.1993408203125,59120800,False
SPY,2019-02-20,277.80999755859375,278.9200134277344,277.25,278.4100036621094,249.70159912109375,76610800,False
SPY,2019-02-21,277.70001220703125,278.1000061035156,276.3500061035156,277.4200134277344,248.81370544433594,64214700,False
SPY,2019-02-22,278.1099853515625,279.3599853515625,277.3999938964844,279.1400146484375,250.35641479492188,78114600,False
SPY,2019-02-25,280.7300109863281,281.30999755859375,279.42999267578125,279.5199890136719,250.6970977783203,69030700,False
SPY,2019-02-26,279.1300048828125,280.29998779296875,278.8999938964844,279.32000732421875,250.51783752441406,56844100,False
SPY,2019-02-27,278.5199890136719,279.5899963378906,277.4800109863281,279.20001220703125,250.4100799560547,56921600,False
SPY,2019-02-28,278.9599914550781,279.45001220703125,278.32000732421875,278.67999267578125,249.94378662109375,69268300,False
SPY,2019-03-01,280.44000244140625,280.8800048828125,278.82000732421875,280.4200134277344,251.50437927246094,78880500,False
SPY,2019-03-04,281.6000061035156,281.8699951171875,276.8399963378906,279.3999938964844,250.58946228027344,106494600,False
SPY,2019-03-05,279.5400085449219,279.760009765625,278.4100036621094,279.0199890136719,250.24867248535156,59114600,False
SPY,2019-03-06,279.1499938964844,279.1600036621094,276.9700012207031,277.3299865722656,248.73287963867188,75039800,False
SPY,2019-03-07,276.8299865722656,276.989990234375,274.07000732421875,275.010009765625,246.65220642089844,94885100,False
SPY,2019-03-08,272.94000244140625,274.6499938964844,272.4200134277344,274.4599914550781,246.1588134765625,85795800,False
SPY,2019-03-11,275.260009765625,278.6199951171875,275.2300109863281,278.44000244140625,249.72857666015625,65098900,False
SPY,2019-03-12,279.05999755859375,280.07000732421875,278.8500061035156,279.489990234375,250.67019653320312,79667500,False
SPY,2019-03-13,280.4800109863281,282.3800048828125,280.29998779296875,281.3399963378906,252.32936096191406,80639200,False
SPY,2019-03-14,281.3699951171875,281.8399963378906,280.6700134277344,281.1600036621094,252.1680145263672,67518400,False
SPY,2019-03-15,280.5400085449219,282.2099914550781,280.3299865722656,281.30999755859375,253.41390991210938,81309000,False
SPY,2019-03-18,281.54998779296875,282.6600036621094,281.29998779296875,282.3299865722656,254.332763671875,62199800,False
SPY,2019-03-19,283.510009765625,284.3599853515625,281.4100036621094,282.3999938964844,254.39578247070312,90268100,False
SPY,2019-03-20,282.1600036621094,283.5,280.32000732421875,281.54998779296875,253.63006591796875,84609200,False
SPY,2019-03-21,280.6400146484375,285.17999267578125,280.5899963378906,284.7300109863281,256.4947509765625,79550400,False
SPY,2019-03-22,283.2200012207031,283.79998779296875,279.17999267578125,279.25,251.55810546875,122659300,False
SPY,2019-03-25,278.8699951171875,280.19000244140625,277.6400146484375,279.0400085449219,251.3690185546875,85575200,False
SPY,2019-03-26,280.989990234375,282.17999267578125,279.55999755859375,281.1199951171875,253.24270629882812,68125900,False
SPY,2019-03-27,281.1099853515625,281.760009765625,277.92999267578125,279.6499938964844,251.91844177246094,72224700,False
SPY,2019-03-28,280.3500061035156,281.2099914550781,279.07000732421875,280.7099914550781,252.8734893798828,56238500,False
SPY,2019-03-29,282.3900146484375,282.8399963378906,281.1400146484375,282.4800109863281,254.4678955078125,82186800,False
SPY,2019-04-01,284.70001220703125,286.1600036621094,284.3999938964844,285.8299865722656,257.485595703125,77617900,False
SPY,2019-04-02,286.0400085449219,286.2300109863281,285.0899963378906,285.9700012207031,257.6116943359375,40070400,False
SPY,2019-04-03,287.32000732421875,287.760009765625,285.75,286.4200134277344,258.0171813964844,68243200,False
SPY,2019-04-04,286.7799987792969,287.4599914550781,286.010009765625,287.17999267578125,258.7018737792969,48997500,False
SPY,2019-04-05,287.9200134277344,288.6300048828125,287.6000061035156,288.57000732421875,259.95391845703125,58621700,False
SPY,2019-04-08,288.1000061035156,288.9100036621094,287.3699951171875,288.7900085449219,260.1521301269531,53566300,False
SPY,2019-04-09,287.7200012207031,288.0799865722656,286.70001220703125,287.30999755859375,258.81890869140625,66142300,False
SPY,2019-04-10,287.7699890136719,288.3900146484375,287.30999755859375,288.2900085449219,259.70172119140625,52601500,False
SPY,2019-04-11,288.8299865722656,288.8399963378906,287.5799865722656,288.2099914550781,259.629638671875,55093100,False
SPY,2019-04-12,290.0,290.4700012207031,288.260009765625,290.1600036621094,261.38623046875,69727800,False
SPY,2019-04-15,290.239990234375,290.3500061035156,289.0799865722656,289.9700012207031,261.215087890625,49596700,False
SPY,2019-04-16,290.95001220703125,291.010009765625,289.5,290.1600036621094,261.38623046875,52153200,False
SPY,2019-04-17,291.3999938964844,291.42999267578125,288.989990234375,289.45001220703125,260.74664306640625,58268300,False
SPY,2019-04-18,290.1000061035156,290.32000732421875,288.6600036621094,290.0199890136719,261.2601623535156,68708500,False
SPY,2019-04-22,289.1700134277344,290.44000244140625,289.07000732421875,290.2699890136719,261.4853210449219,40160100,False
SPY,2019-04-23,290.67999267578125,293.1400146484375,290.4200134277344,292.8800048828125,263.8365783691406,52246600,False
SPY,2019-04-24,292.7900085449219,293.1600036621094,292.07000732421875,292.2300109863281,263.2510070800781,50392900,False
SPY,2019-04-25,292.1199951171875,292.7799987792969,290.7300109863281,292.04998779296875,263.0888977050781,57770900,False
SPY,2019-04-26,292.1000061035156,293.489990234375,291.239990234375,293.4100036621094,264.3139953613281,50916400,False
SPY,2019-04-29,293.510009765625,294.45001220703125,293.4100036621094,293.8699951171875,264.7284240722656,57197700,False
SPY,2019-04-30,293.489990234375,294.3399963378906,291.9200134277344,294.0199890136719,264.8634338378906,81111700,False
SPY,2019-05-01,294.7200012207031,294.95001220703125,291.79998779296875,291.80999755859375,262.87261962890625,71671900,False
SPY,2019-05-02,291.67999267578125,292.70001220703125,289.5199890136719,291.17999267578125,262.3051452636719,65030200,False
SPY,2019-05-03,292.82000732421875,294.3399963378906,291.29998779296875,294.0299987792969,264.8724670410156,56543700,False
SPY,2019-05-06,289.25,293.30999755859375,288.8999938964844,292.82000732421875,263.782470703125,107198100,False
SPY,2019-05-07,290.1499938964844,290.80999755859375,285.80999755859375,287.92999267578125,259.3774108886719,144729900,False
SPY,2019-05-08,287.5299987792969,289.42999267578125,286.8699951171875,287.5299987792969,259.0170593261719,91568300,False
SPY,2019-05-09,285.2300109863281,287.3299865722656,283.29998779296875,286.6600036621094,258.23333740234375,103471100,False
SPY,2019-05-10,285.6199951171875,288.94000244140625,282.29998779296875,288.1000061035156,259.5304870605469,112429300,False
SPY,2019-05-13,282.4200134277344,283.489990234375,279.92999267578125,280.8599853515625,253.00845336914062,127290500,False
SPY,2019-05-14,281.989990234375,285.1000061035156,281.8500061035156,283.3999938964844,255.29656982421875,77003200,False
SPY,2019-05-15,281.5899963378906,285.7699890136719,281.3599853515625,285.05999755859375,256.79205322265625,73956400,False
SPY,2019-05-16,285.8399963378906,289.2099914550781,285.760009765625,287.70001220703125,259.1702575683594,76749600,False
SPY,2019-05-17,285.1400146484375,288.6000061035156,285.1199951171875,285.8399963378906,257.4946594238281,100353000,False
SPY,2019-05-20,284.05999755859375,285.9599914550781,283.1199951171875,283.95001220703125,255.7921142578125,62877600,False
SPY,2019-05-21,285.8299865722656,286.92999267578125,285.54998779296875,286.510009765625,258.0981750488281,46847100,False
SPY,2019-05-22,285.45001220703125,286.69000244140625,285.1000061035156,285.6300048828125,257.3054504394531,49482500,False
SPY,2019-05-23,283.1600036621094,283.2099914550781,280.57000732421875,282.1400146484375,254.16160583496094,98733800,False
SPY,2019-05-24,283.739990234375,284.20001220703125,282.0899963378906,282.7799987792969,254.7380828857422,55268100,False
SPY,2019-05-28,283.0899963378906,284.1499938964844,280.1300048828125,280.1499938964844,252.36888122558594,70029400,False
SPY,2019-05-29,278.9100036621094,279.3599853515625,276.7099914550781,278.2699890136719,250.67538452148438,104972900,False
SPY,2019-05-30,279.1099853515625,280.0400085449219,277.80999755859375,279.0299987792969,251.35997009277344,62523800,False
SPY,2019-05-31,276.20001220703125,277.1199951171875,275.239990234375,275.2699890136719,247.97283935546875,86862800,False
SPY,2019-06-03,275.30999755859375,276.54998779296875,273.0899963378906,274.57000732421875,247.34228515625,96428000,False
SPY,2019-06-04,277.1199951171875,280.67999267578125,276.6199951171875,280.5299987792969,252.71112060546875,77231900,False
SPY,2019-06-05,282.3299865722656,282.989990234375,280.32000732421875,282.9599914550781,254.90028381347656,71169700,False
SPY,2019-06-06,283.2900085449219,285.54998779296875,282.57000732421875,284.79998779296875,256.5578308105469,69430400,False
SPY,2019-06-07,285.92999267578125,288.8500061035156,285.739990234375,287.6499938964844,259.1250915527344,74272200,False
SPY,2019-06-10,289.3699951171875,290.82000732421875,288.8699951171875,288.9700012207031,260.3143005371094,60799100,False
SPY,2019-06-11,290.989990234375,291.3999938964844,288.17999267578125,288.8999938964844,260.2511901855469,58641300,False
SPY,2019-06-12,288.6400146484375,289.260009765625,287.82000732421875,288.3900146484375,259.791748046875,47096300,False
SPY,2019-06-13,289.3999938964844,289.9800109863281,288.6199951171875,289.5799865722656,260.8638000488281,48945200,False
SPY,2019-06-14,289.260009765625,289.92999267578125,288.4100036621094,289.260009765625,260.57550048828125,52324700,False
SPY,2019-06-17,289.5199890136719,290.2200012207031,289.17999267578125,289.3699951171875,260.674560546875,39205700,False
SPY,2019-06-18,291.3900146484375,293.57000732421875,290.989990234375,292.3999938964844,263.4040832519531,85434800,False
SPY,2019-06-19,292.54998779296875,293.6499938964844,291.4700012207031,293.05999755859375,263.9986877441406,78674400,False
SPY,2019-06-20,296.0400085449219,296.30999755859375,293.1300048828125,295.8599853515625,266.5210876464844,116570000,False
SPY,2019-06-21,294.1300048828125,295.5199890136719,293.760009765625,294.0,266.1335754394531,83309500,False
SPY,2019-06-24,294.2300109863281,294.5799865722656,293.4700012207031,293.6400146484375,265.8077697753906,47582700,False
SPY,2019-06-25,293.70001220703125,293.7300109863281,290.6400146484375,290.760009765625,263.20074462890625,82028700,False
SPY,2019-06-26,291.75,292.30999755859375,290.3500061035156,290.4700012207031,262.9382019042969,51584900,False
SPY,2019-06-27,291.30999755859375,292.05999755859375,290.8900146484375,291.5,263.87054443359375,40355200,False
SPY,2019-06-28,292.5799865722656,293.54998779296875,292.010009765625,293.0,265.22833251953125,59350900,False
SPY,2019-07-01,296.67999267578125,296.9200134277344,294.3299865722656,295.6600036621094,267.6362609863281,78705600,False
SPY,2019-07-02,295.6099853515625,296.489990234375,294.67999267578125,296.42999267578125,268.3332214355469,61504500,False
SPY,2019-07-03,297.17999267578125,298.82000732421875,297.0199890136719,298.79998779296875,270.47857666015625,40898900,False
SPY,2019-07-05,297.44000244140625,298.6400146484375,296.010009765625,298.4599914550781,270.1708068847656,51677300,False
SPY,2019-07-08,297.010009765625,298.260009765625,296.2200012207031,296.82000732421875,268.6862487792969,45841800,False
SPY,2019-07-09,295.5400085449219,297.5199890136719,295.4800109863281,297.19000244140625,269.021240234375,41101300,False
SPY,2019-07-10,298.3699951171875,299.6600036621094,297.7799987792969,298.6099853515625,270.3066101074219,58448500,False
SPY,2019-07-11,299.32000732421875,299.5799865722656,298.20001220703125,299.30999755859375,270.9402160644531,50826100,False
SPY,2019-07-12,299.8500061035156,300.7300109863281,299.510009765625,300.6499938964844,272.1532287597656,40326000,False
SPY,2019-07-15,301.1300048828125,301.1300048828125,300.19000244140625,300.75,272.24383544921875,33900000,False
SPY,2019-07-16,300.6499938964844,300.8800048828125,299.44000244140625,299.7799987792969,271.3657531738281,36650100,False
SPY,2019-07-17,299.75,299.92999267578125,297.739990234375,297.739990234375,269.51898193359375,36036300,False
SPY,2019-07-18,297.19000244140625,299.25,296.70001220703125,298.8299865722656,270.50579833984375,51392600,False
SPY,2019-07-19,300.0400085449219,300.07000732421875,296.9800109863281,297.1700134277344,269.0030822753906,58678600,False
SPY,2019-07-22,297.6099853515625,298.5,297.0400085449219,297.8999938964844,269.6639099121094,43638100,False
SPY,2019-07-23,299.1400146484375,300.0299987792969,298.2200012207031,300.0299987792969,271.59210205078125,44564500,False
SPY,2019-07-24,299.19000244140625,301.44000244140625,299.0899963378906,301.44000244140625,272.8683776855469,47213200,False
SPY,2019-07-25,300.94000244140625,301.0,299.1099853515625,300.0,271.5648498535156,55394100,False
SPY,2019-07-26,300.760009765625,302.2300109863281,300.6199951171875,302.010009765625,273.3843994140625,45084100,False
SPY,2019-07-29,301.8800048828125,302.010009765625,300.8500061035156,301.4599914550781,272.886474609375,38126500,False
SPY,2019-07-30,299.9100036621094,301.1700134277344,299.489990234375,300.7200012207031,272.2166442871094,45849000,False
SPY,2019-07-31,300.989990234375,301.20001220703125,295.20001220703125,297.42999267578125,269.23846435546875,104245200,False
SPY,2019-08-01,297.6000061035156,300.8699951171875,293.9599914550781,294.8399963378906,266.8939514160156,142646600,False
SPY,2019-08-02,293.8500061035156,294.1199951171875,290.8999938964844,292.6199951171875,264.8843688964844,116749700,False
SPY,2019-08-05,288.0899963378906,288.2099914550781,281.7200012207031,283.82000732421875,256.9185791015625,178745400,False
SPY,2019-08-06,285.9100036621094,288.0400085449219,284.2799987792969,287.79998779296875,260.5212097167969,120711700,False
SPY,2019-08-07,284.3999938964844,288.82000732421875,282.0400085449219,287.9700012207031,260.6752014160156,140572300,False
SPY,2019-08-08,289.6199951171875,293.6199951171875,289.010009765625,293.6199951171875,265.7896423339844,87713900,False
SPY,2019-08-09,292.5799865722656,293.239990234375,289.6499938964844,291.6199951171875,263.9792175292969,93730000,False
SPY,2019-08-12,289.9599914550781,291.6099853515625,287.0199890136719,288.07000732421875,260.7656555175781,65527600,False
SPY,2019-08-13,287.739990234375,294.1499938964844,287.3599853515625,292.54998779296875,264.8210144042969,94299800,False
SPY,2019-08-14,288.07000732421875,288.739990234375,283.760009765625,283.8999938964844,256.9908752441406,135622100,False
SPY,2019-08-15,284.8800048828125,285.6400146484375,282.3900146484375,284.6499938964844,257.66973876953125,99556600,False
SPY,2019-08-16,286.4800109863281,289.3299865722656,284.7099914550781,288.8500061035156,261.4717102050781,83018300,False
SPY,2019-08-19,292.19000244140625,293.0799865722656,291.44000244140625,292.3299865722656,264.621826171875,53571800,False
SPY,2019-08-20,291.7699890136719,292.3599853515625,289.95001220703125,290.0899963378906,262.5942687988281,51596400,False
SPY,2019-08-21,292.4800109863281,292.8599853515625,291.7200012207031,292.45001220703125,264.73046875,49524700,False
SPY,2019-08-22,293.2300109863281,293.92999267578125,290.3999938964844,292.3599853515625,264.6490173339844,51666400,False
SPY,2019-08-23,290.9200134277344,292.760009765625,283.4700012207031,284.8500061035156,257.8509216308594,149161500,False
SPY,2019-08-26,287.2699890136719,288.0,285.5799865722656,288.0,260.70220947265625,72423800,False
SPY,2019-08-27,289.5400085449219,289.95001220703125,286.0299987792969,286.8699951171875,259.6794128417969,66668900,False
SPY,2019-08-28,286.1400146484375,289.07000732421875,285.25,288.8900146484375,261.5079650878906,59696700,False
SPY,2019-08-29,291.7200012207031,293.1600036621094,290.6099853515625,292.5799865722656,264.84814453125,57899400,False
SPY,2019-08-30,294.2200012207031,294.239990234375,291.4200134277344,292.45001220703125,264.73046875,62901200,False
SPY,2019-09-03,290.57000732421875,291.5799865722656,289.2699890136719,290.739990234375,263.1825256347656,69101400,False
SPY,2019-09-04,293.1400146484375,294.05999755859375,292.30999755859375,294.0400085449219,266.1697998046875,46887300,False
SPY,2019-09-05,296.7900085449219,298.8299865722656,294.0,297.82000732421875,269.591552734375,83258100,False
SPY,2019-09-06,298.1700134277344,298.760009765625,297.4200134277344,298.04998779296875,269.79974365234375,49584300,False
SPY,2019-09-09,299.1400146484375,299.239990234375,297.1600036621094,298.20001220703125,269.9354553222656,51260300,False
SPY,2019-09-10,297.3599853515625,298.20001220703125,295.9700012207031,298.1300048828125,269.87213134765625,57947100,False
SPY,2019-09-11,298.4700012207031,300.3399963378906,297.75,300.25,271.7911376953125,68821100,False
SPY,2019-09-12,301.25,302.4599914550781,300.4100036621094,301.2900085449219,272.7326354980469,72908700,False
SPY,2019-09-13,301.7799987792969,302.1700134277344,300.67999267578125,301.0899963378906,272.55157470703125,62104800,False
SPY,2019-09-16,299.8399963378906,301.1400146484375,299.45001220703125,300.1600036621094,271.7096862792969,58191200,False
SPY,2019-09-17,299.94000244140625,301.0199890136719,299.75,300.9200134277344,272.3976745605469,41475500,False
SPY,2019-09-18,300.489990234375,301.2200012207031,298.239990234375,301.1000061035156,272.5606994628906,73375800,False
SPY,2019-09-19,301.5299987792969,302.6300048828125,300.7099914550781,301.0799865722656,272.5425109863281,76560500,False
SPY,2019-09-20,300.3599853515625,300.6700134277344,297.4100036621094,298.2799987792969,271.2548828125,89565000,False
SPY,2019-09-23,297.54998779296875,299.0,297.2699890136719,298.2099914550781,271.1911926269531,43476800,False
SPY,2019-09-24,299.4100036621094,299.8399963378906,294.80999755859375,295.8699951171875,269.06317138671875,94869400,False
SPY,2019-09-25,295.9599914550781,298.1099853515625,294.3299865722656,297.6199951171875,270.65460205078125,71854000,False
SPY,2019-09-26,297.6300048828125,297.8599853515625,295.45001220703125,297.0,270.09075927734375,56179700,False
SPY,2019-09-27,297.8299865722656,297.95001220703125,293.69000244140625,295.3999938964844,268.6357421875,84746600,False
SPY,2019-09-30,295.9700012207031,297.54998779296875,295.9200134277344,296.7699890136719,269.88165283203125,51662400,False
SPY,2019-10-01,297.739990234375,298.4599914550781,293.0,293.239990234375,266.6714172363281,88242400,False
SPY,2019-10-02,291.5,291.510009765625,286.6400146484375,288.05999755859375,261.9607849121094,122539500,False
SPY,2019-10-03,287.80999755859375,290.45001220703125,284.82000732421875,290.4200134277344,264.10693359375,85278800,False
SPY,2019-10-04,291.1400146484375,294.6300048828125,291.0799865722656,294.3500061035156,267.6808776855469,65091200,False
SPY,2019-10-07,293.4700012207031,295.260009765625,292.7699890136719,293.0799865722656,266.52593994140625,59610500,False
SPY,2019-10-08,291.0400085449219,291.8500061035156,288.489990234375,288.5299987792969,262.3881530761719,95708100,False
SPY,2019-10-09,290.75,292.29998779296875,290.05999755859375,291.2699890136719,264.8799133300781,62359400,False
SPY,2019-10-10,291.17999267578125,294.2099914550781,291.0,293.239990234375,266.6714172363281,55296300,False
SPY,2019-10-11,296.2699890136719,298.739990234375,296.1400146484375,296.2799987792969,269.43603515625,98720400,False
SPY,2019-10-14,295.92999267578125,296.6700134277344,295.57000732421875,295.95001220703125,269.13592529296875,40394800,False
SPY,2019-10-15,297.1000061035156,299.70001220703125,296.9700012207031,298.8800048828125,271.80047607421875,46754500,False
SPY,2019-10-16,298.3699951171875,299.1600036621094,297.9200134277344,298.3999938964844,271.36395263671875,48928200,False
SPY,2019-10-17,299.67999267578125,300.239990234375,298.5199890136719,299.2799987792969,272.1641540527344,45736600,False
SPY,2019-10-18,298.69000244140625,299.3999938964844,297.0299987792969,297.9700012207031,270.972900390625,64304000,False
SPY,2019-10-21,299.4200134277344,300.2099914550781,298.94000244140625,299.989990234375,272.809814453125,39048600,False
SPY,2019-10-22,300.5799865722656,300.8999938964844,298.9100036621094,299.010009765625,271.91864013671875,48594700,False
SPY,2019-10-23,298.7300109863281,299.94000244140625,298.5,299.8800048828125,272.7098083496094,34352200,False
SPY,2019-10-24,300.9100036621094,301.07000732421875,299.4599914550781,300.3699951171875,273.15545654296875,35453100,False
SPY,2019-10-25,299.739990234375,302.20001220703125,299.67999267578125,301.6000061035156,274.2740478515625,45205400,False
SPY,2019-10-28,302.94000244140625,303.8500061035156,302.9100036621094,303.29998779296875,275.8199462890625,42147000,False
SPY,2019-10-29,303.0,304.2300109863281,302.8599853515625,303.2099914550781,275.7381591796875,44284900,False
SPY,2019-10-30,303.42999267578125,304.54998779296875,301.989990234375,304.1400146484375,276.58392333984375,49643900,False
SPY,2019-10-31,304.1300048828125,304.1300048828125,301.7300109863281,303.3299865722656,275.8472595214844,69053800,False
SPY,2019-11-01,304.9200134277344,306.19000244140625,304.739990234375,306.1400146484375,278.4026184082031,71141500,False
SPY,2019-11-04,307.8500061035156,308.0,306.9599914550781,307.3699951171875,279.5212097167969,60606900,False
SPY,2019-11-05,307.5899963378906,307.9200134277344,306.7099914550781,307.0299987792969,279.2120056152344,42933200,False
SPY,2019-11-06,307.0299987792969,307.3999938964844,306.05999755859375,307.1000061035156,279.2757263183594,46487100,False
SPY,2019-11-07,308.57000732421875,309.6499938964844,307.6600036621094,308.17999267578125,280.2578125,54272300,False
SPY,2019-11-08,307.79998779296875,309.0,307.0299987792969,308.94000244140625,280.948974609375,49032100,False
SPY,2019-11-11,307.4200134277344,308.5400085449219,307.2699890136719,308.3500061035156,280.4124450683594,35797300,False
SPY,2019-11-12,308.75,309.989990234375,308.1499938964844,309.0,281.0035705566406,46484600,False
SPY,2019-11-13,307.9100036621094,309.5400085449219,307.6600036621094,309.1000061035156,281.0945739746094,53917700,False
SPY,2019-11-14,308.7900085449219,309.6400146484375,308.0899963378906,309.54998779296875,281.5036926269531,51219900,False
SPY,2019-11-15,311.0199890136719,311.8399963378906,310.260009765625,311.7900085449219,283.5407409667969,62023600,False
SPY,2019-11-18,311.5299987792969,312.2799987792969,311.0299987792969,312.0199890136719,283.7499084472656,49228000,False
SPY,2019-11-19,312.67999267578125,312.69000244140625,311.2200012207031,311.92999267578125,283.66815185546875,67804700,False
SPY,2019-11-20,311.2799987792969,311.8500061035156,309.05999755859375,310.7699890136719,282.6131896972656,79406200,False
SPY,2019-11-21,310.8900146484375,311.010009765625,309.3900146484375,310.2699890136719,282.15850830078125,54664700,False
SPY,2019-11-22,311.0899963378906,311.239990234375,309.8500061035156,310.9599914550781,282.78594970703125,44850200,False
SPY,2019-11-25,311.9800109863281,313.3699951171875,311.9800109863281,313.3699951171875,284.9776611328125,48647200,False
SPY,2019-11-26,313.4100036621094,314.2799987792969,313.05999755859375,314.0799865722656,285.62335205078125,37569000,False
SPY,2019-11-27,314.6099853515625,315.4800109863281,314.3699951171875,315.4800109863281,286.8964538574219,44444600,False
SPY,2019-11-29,314.8599853515625,315.1300048828125,314.05999755859375,314.30999755859375,285.83233642578125,36592700,False
SPY,2019-12-02,314.5899963378906,314.6600036621094,311.1700134277344,311.6400146484375,283.4043273925781,75767800,False
SPY,2019-12-03,308.6499938964844,309.6400146484375,307.1300048828125,309.54998779296875,281.5036926269531,73941700,False
SPY,2019-12-04,310.70001220703125,312.1199951171875,310.32000732421875,311.4599914550781,283.24066162109375,49080000,False
SPY,2019-12-05,312.2300109863281,312.25,310.5799865722656,312.0199890136719,283.7499084472656,40709000,False
SPY,2019-12-06,314.1199951171875,315.30999755859375,314.1099853515625,314.8699951171875,286.34173583984375,48927000,False
SPY,2019-12-09,314.44000244140625,315.17999267578125,313.79998779296875,313.8800048828125,285.44134521484375,34838500,False
SPY,2019-12-10,313.82000732421875,314.54998779296875,312.80999755859375,313.5299987792969,285.123046875,52649800,False
SPY,2019-12-11,314.0299987792969,314.70001220703125,313.44000244140625,314.4200134277344,285.93255615234375,53429100,False
SPY,2019-12-12,314.42999267578125,317.989990234375,314.1700134277344,317.1300048828125,288.39691162109375,96389600,False
SPY,2019-12-13,316.8699951171875,318.6700134277344,316.0199890136719,317.32000732421875,288.5697021484375,81503900,False
SPY,2019-12-16,319.2200012207031,320.1499938964844,317.25,319.5,290.5521545410156,82749700,False
SPY,2019-12-17,319.9200134277344,320.25,319.4800109863281,319.57000732421875,290.6159362792969,61097700,False
SPY,2019-12-18,320.0,320.25,319.5299987792969,319.5899963378906,290.63409423828125,48133000,False
SPY,2019-12-19,319.79998779296875,320.9800109863281,319.5199890136719,320.8999938964844,291.8253479003906,85310500,False
SPY,2019-12-20,320.4599914550781,321.9700012207031,319.3900146484375,320.7300109863281,293.104736328125,147142100,False
SPY,2019-12-23,321.5899963378906,321.6499938964844,321.05999755859375,321.2200012207031,293.55267333984375,52990000,False
SPY,2019-12-24,321.4700012207031,321.5199890136719,320.8999938964844,321.2300109863281,293.561767578125,20270000,False
SPY,2019-12-26,321.6499938964844,322.95001220703125,321.6400146484375,322.94000244140625,295.1243591308594,30911200,False
SPY,2019-12-27,323.739990234375,323.79998779296875,322.2799987792969,322.8599853515625,295.0513000488281,42528800,False
SPY,2019-12-30,322.95001220703125,323.1000061035156,320.54998779296875,321.0799865722656,293.4245910644531,49729100,False
SPY,2019-12-31,320.5299987792969,322.1300048828125,320.1499938964844,321.8599853515625,294.13739013671875,57077300,False
SPY,2020-01-02,323.5400085449219,324.8900146484375,322.5299987792969,324.8699951171875,296.8882141113281,59151200,False
SPY,2020-01-03,321.1600036621094,323.6400146484375,321.1000061035156,322.4100036621094,294.6401062011719,77709700,False
SPY,2020-01-06,320.489990234375,323.7300109863281,320.3599853515625,323.6400146484375,295.7640686035156,55653900,False
SPY,2020-01-07,323.0199890136719,323.5400085449219,322.239990234375,322.7300109863281,294.9324645996094,40496400,False
SPY,2020-01-08,322.94000244140625,325.7799987792969,322.6700134277344,324.45001220703125,296.5043029785156,68296000,False
SPY,2020-01-09,326.1600036621094,326.7300109863281,325.5199890136719,326.6499938964844,298.5147705078125,48473300,False
SPY,2020-01-10,327.2900085449219,327.4599914550781,325.20001220703125,325.7099914550781,297.65582275390625,53029300,False
SPY,2020-01-13,326.3900146484375,327.9599914550781,325.9200134277344,327.95001220703125,299.7029113769531,47086800,False
SPY,2020-01-14,327.4700012207031,328.6199951171875,326.8399963378906,327.45001220703125,299.2459716796875,62832800,False
SPY,2020-01-15,327.3500061035156,329.0199890136719,327.260009765625,328.19000244140625,299.9221496582031,72056600,False
SPY,2020-01-16,329.70001220703125,330.9200134277344,329.45001220703125,330.9200134277344,302.4171142578125,54050300,False
SPY,2020-01-17,331.70001220703125,332.17999267578125,330.8500061035156,331.95001220703125,303.3583984375,95846000,False
SPY,2020-01-21,330.8999938964844,332.17999267578125,330.82000732421875,331.29998779296875,302.7643127441406,77742400,False
SPY,2020-01-22,332.239990234375,332.95001220703125,331.1700134277344,331.3399963378906,302.80084228515625,48914900,False
SPY,2020-01-23,330.6300048828125,332.1700134277344,329.4100036621094,331.7200012207031,303.1481628417969,51963000,False
SPY,2020-01-24,332.44000244140625,332.5299987792969,327.3599853515625,328.7699890136719,300.4522705078125,87578400,False
SPY,2020-01-27,323.0299987792969,325.1199951171875,322.6600036621094,323.5,295.63616943359375,84062500,False
SPY,2020-01-28,325.05999755859375,327.8500061035156,323.6000061035156,326.8900146484375,298.7342529296875,63834000,False
SPY,2020-01-29,328.3800048828125,328.6300048828125,326.3999938964844,326.6199951171875,298.48748779296875,53888900,False
SPY,2020-01-30,324.3599853515625,327.9100036621094,323.5400085449219,327.67999267578125,299.4561462402344,75491800,False
SPY,2020-01-31,327.0,327.1700134277344,320.7300109863281,321.7300109863281,294.0187072753906,113845600,False
SPY,2020-02-03,323.3500061035156,326.1600036621094,323.2200012207031,324.1199951171875,296.20281982421875,69083000,False
SPY,2020-02-04,328.07000732421875,330.010009765625,327.7200012207031,329.05999755859375,300.71728515625,62573200,False
SPY,2020-02-05,332.2699890136719,333.0899963378906,330.6700134277344,332.8599853515625,304.19000244140625,65951100,False
SPY,2020-02-06,333.9100036621094,334.19000244140625,332.79998779296875,333.9800109863281,305.2135009765625,50359700,False
SPY,2020-02-07,332.82000732421875,333.989990234375,331.6000061035156,332.20001220703125,303.5869140625,64139400,False
SPY,2020-02-10,331.2300109863281,334.75,331.19000244140625,334.67999267578125,305.8531494140625,42070000,False
SPY,2020-02-11,336.1600036621094,337.0199890136719,334.67999267578125,335.260009765625,306.3832702636719,54864500,False
SPY,2020-02-12,336.8299865722656,337.6499938964844,336.42999267578125,337.4200134277344,308.3572692871094,43992700,False
SPY,2020-02-13,335.8599853515625,338.1199951171875,335.55999755859375,337.05999755859375,308.02825927734375,54501900,False
SPY,2020-02-14,337.510009765625,337.7300109863281,336.20001220703125,337.6000061035156,308.5216979980469,64582200,False
SPY,2020-02-18,336.510009765625,337.6700134277344,335.2099914550781,336.7300109863281,307.7266540527344,57226200,False
SPY,2020-02-19,337.7900085449219,339.0799865722656,337.4800109863281,338.3399963378906,309.1980285644531,48814700,False
SPY,2020-02-20,337.739990234375,338.6400146484375,333.67999267578125,336.95001220703125,307.927734375,74163400,False
SPY,2020-02-21,335.4700012207031,335.80999755859375,332.5799865722656,333.4800109863281,304.756591796875,113788200,False
SPY,2020-02-24,323.1400146484375,333.55999755859375,321.239990234375,322.4200134277344,294.6492614746094,161088400,False
SPY,2020-02-25,323.94000244140625,324.6099853515625,311.69000244140625,312.6499938964844,285.72076416015625,218913200,False
SPY,2020-02-26,314.17999267578125,318.1099853515625,310.70001220703125,311.5,284.6697998046875,194773800,False
SPY,2020-02-27,305.4599914550781,311.55999755859375,297.510009765625,297.510009765625,271.884765625,284353500,False
SPY,2020-02-28,288.70001220703125,297.8900146484375,285.5400085449219,296.260009765625,270.7423400878906,384975800,False
SPY,2020-03-02,298.2099914550781,309.1600036621094,294.4599914550781,309.0899963378906,282.4674377441406,238703600,False
SPY,2020-03-03,309.5,313.8399963378906,297.57000732421875,300.239990234375,274.3796691894531,300139100,False
SPY,2020-03-04,306.1199951171875,313.1000061035156,303.3299865722656,312.8599853515625,285.9127502441406,176613400,False
SPY,2020-03-05,304.9800109863281,308.4700012207031,300.010009765625,302.4599914550781,276.4083557128906,186366800,False
SPY,2020-03-06,293.1499938964844,298.7799987792969,290.2300109863281,297.4599914550781,271.8390808105469,228667200,False
SPY,2020-03-09,275.29998779296875,284.19000244140625,273.45001220703125,274.2300109863281,250.61001586914062,309417300,True
SPY,2020-03-10,284.6400146484375,288.5199890136719,273.5,288.4200134277344,263.57769775390625,276444100,True
SPY,2020-03-11,280.70001220703125,281.94000244140625,270.8800048828125,274.3599853515625,250.7287139892578,255316300,True
SPY,2020-03-12,256.0,266.6600036621094,247.67999267578125,248.11000061035156,226.73973083496094,392220700,True
SPY,2020-03-13,263.0899963378906,271.4800109863281,248.52000427246094,269.32000732421875,246.12283325195312,329566100,True
SPY,2020-03-16,241.17999267578125,256.8999938964844,237.36000061035156,239.85000610351562,219.1912078857422,297240000,True
SPY,2020-03-17,245.0399932861328,256.1700134277344,237.07000732421875,252.8000030517578,231.02574157714844,262070500,True
SPY,2020-03-18,236.25,248.3699951171875,228.02000427246094,240.0,219.32823181152344,327597100,True
SPY,2020-03-19,239.25,247.3800048828125,232.22000122070312,240.50999450683594,219.79429626464844,289322000,False
SPY,2020-03-20,242.52999877929688,244.47000122070312,228.5,228.8000030517578,210.3224334716797,347158800,True
SPY,2020-03-23,228.19000244140625,229.67999267578125,218.25999450683594,222.9499969482422,204.9448699951172,326025200,False
SPY,2020-03-24,234.4199981689453,244.10000610351562,233.8000030517578,243.14999389648438,223.51353454589844,235494500,True
SPY,2020-03-25,244.8699951171875,256.3500061035156,239.75,246.7899932861328,226.85958862304688,299430300,False
SPY,2020-03-26,249.52000427246094,262.79998779296875,249.0500030517578,261.20001220703125,240.1058807373047,257632800,True
SPY,2020-03-27,253.27000427246094,260.80999755859375,251.0500030517578,253.4199981689453,232.9541778564453,224341200,False
SPY,2020-03-30,255.6999969482422,262.42999267578125,253.52999877929688,261.6499938964844,240.51950073242188,171369500,False
SPY,2020-03-31,260.55999755859375,263.3299865722656,256.2200012207031,257.75,236.9344482421875,194881100,False
SPY,2020-04-01,247.97999572753906,257.6600036621094,243.89999389648438,246.14999389648438,226.27125549316406,189554600,False
SPY,2020-04-02,245.19000244140625,252.67999267578125,244.58999633789062,251.8300018310547,231.49258422851562,177660400,False
SPY,2020-04-03,250.75999450683594,253.32000732421875,245.22000122070312,248.19000244140625,228.14654541015625,135561200,False
SPY,2020-04-06,257.8399963378906,267.0,248.1699981689453,264.8599853515625,243.47027587890625,188061200,True
SPY,2020-04-07,274.2099914550781,275.0299987792969,264.8900146484375,265.1300048828125,243.71847534179688,201427200,False
SPY,2020-04-08,267.9599914550781,276.0,265.25,274.0299987792969,251.89976501464844,153774500,False
SPY,2020-04-09,277.5799865722656,281.20001220703125,275.4700012207031,278.20001220703125,255.73292541503906,189999200,False
SPY,2020-04-13,277.1400146484375,277.510009765625,271.4100036621094,275.6600036621094,253.39813232421875,114839100,False
SPY,2020-04-14,280.9800109863281,284.8999938964844,275.510009765625,283.7900085449219,260.87152099609375,134143400,False
SPY,2020-04-15,277.57000732421875,283.94000244140625,275.4599914550781,277.760009765625,255.32852172851562,121775000,False
SPY,2020-04-16,279.1499938964844,280.0299987792969,275.760009765625,279.1000061035156,256.5602722167969,131798300,False
SPY,2020-04-17,285.3800048828125,287.29998779296875,282.3999938964844,286.6400146484375,263.4913330078125,146684800,False
SPY,2020-04-20,282.6099853515625,286.7900085449219,281.3500061035156,281.5899963378906,258.84918212890625,100109300,False
SPY,2020-04-21,276.7300109863281,278.0400085449219,272.0199890136719,273.0400085449219,250.9896697998047,126385700,False
SPY,2020-04-22,278.3500061035156,281.0,276.9100036621094,279.1000061035156,256.5602722167969,92951600,False
SPY,2020-04-23,280.489990234375,283.94000244140625,278.75,279.0799865722656,256.5418701171875,104709700,False
SPY,2020-04-24,280.7300109863281,283.70001220703125,278.5,282.9700012207031,260.1177673339844,85063200,False
SPY,2020-04-27,285.1199951171875,288.2699890136719,284.6199951171875,287.04998779296875,263.8682556152344,77896600,False
SPY,2020-04-28,291.0199890136719,291.3999938964844,285.3999938964844,285.7300109863281,262.6548767089844,105270000,False
SPY,2020-04-29,291.5299987792969,294.8800048828125,290.4100036621094,293.2099914550781,269.53076171875,118745600,False
SPY,2020-04-30,291.7099914550781,293.32000732421875,288.5899963378906,290.4800109863281,267.0212707519531,122901700,False
SPY,2020-05-01,285.30999755859375,290.6600036621094,281.5199890136719,282.7900085449219,259.952392578125,125180000,False
SPY,2020-05-04,280.739990234375,283.8999938964844,279.1300048828125,283.57000732421875,260.6693115234375,80873200,False
SPY,2020-05-05,286.6400146484375,289.25,283.7099914550781,286.19000244140625,263.0777893066406,79569900,False
SPY,2020-05-06,288.0400085449219,288.4599914550781,283.7799987792969,284.25,261.29443359375,73632600,False
SPY,2020-05-07,287.75,289.7799987792969,287.1300048828125,287.67999267578125,264.44732666015625,75250400,False
SPY,2020-05-08,291.0899963378906,292.95001220703125,289.8599853515625,292.44000244140625,268.82293701171875,76452400,False
SPY,2020-05-11,290.3399963378906,294.0,289.8800048828125,292.5,268.87811279296875,79514200,False
SPY,2020-05-12,293.7900085449219,294.239990234375,286.5199890136719,286.6700134277344,263.5189514160156,95870800,False
SPY,2020-05-13,286.05999755859375,287.19000244140625,278.9599914550781,281.6000061035156,258.8583984375,144721100,False
SPY,2020-05-14,278.95001220703125,285.1099853515625,272.989990234375,284.9700012207031,261.956298828125,121977900,False
SPY,2020-05-15,282.3699951171875,286.3299865722656,281.3399963378906,286.2799987792969,263.1604919433594,111146300,False
SPY,2020-05-18,293.04998779296875,296.75,292.70001220703125,295.0,271.17626953125,119703800,False
SPY,2020-05-19,294.3500061035156,296.2099914550781,291.95001220703125,291.9700012207031,268.3909606933594,95189300,False
SPY,2020-05-20,295.82000732421875,297.8699951171875,295.57000732421875,296.92999267578125,272.9503479003906,85861700,False
SPY,2020-05-21,296.7900085449219,297.6700134277344,293.69000244140625,294.8800048828125,271.06585693359375,78293900,False
SPY,2020-05-22,294.57000732421875,295.6300048828125,293.2200012207031,295.44000244140625,271.5806884765625,63958200,False
SPY,2020-05-26,301.92999267578125,302.19000244140625,295.4599914550781,299.0799865722656,274.92669677734375,88951400,False
SPY,2020-05-27,302.1199951171875,303.57000732421875,296.8699951171875,303.5299987792969,279.0173645019531,104817400,False
SPY,2020-05-28,304.6499938964844,306.8399963378906,302.239990234375,302.9700012207031,278.5025329589844,90405200,False
SPY,2020-05-29,302.4599914550781,304.9599914550781,299.4700012207031,304.32000732421875,279.7435607910156,119090800,False
SPY,2020-06-01,303.6199951171875,306.2099914550781,303.05999755859375,305.54998779296875,280.874267578125,55758300,False
SPY,2020-06-02,306.54998779296875,308.1300048828125,305.1000061035156,308.0799865722656,283.1999206542969,74267200,False
SPY,2020-06-03,310.239990234375,313.2200012207031,309.94000244140625,312.17999267578125,286.96875,92567600,False
SPY,2020-06-04,311.1099853515625,313.0,309.0799865722656,311.3599853515625,286.2149963378906,75794400,False
SPY,2020-06-05,317.2300109863281,321.2699890136719,317.1600036621094,319.3399963378906,293.5505065917969,150524700,False
SPY,2020-06-08,320.2200012207031,323.4100036621094,319.6300048828125,323.20001220703125,297.0988464355469,73641200,False
SPY,2020-06-09,320.29998779296875,323.2799987792969,319.3599853515625,320.7900085449219,294.8833923339844,77479200,False
SPY,2020-06-10,321.4200134277344,322.3900146484375,318.2200012207031,319.0,293.2379455566406,95000800,False
SPY,2020-06-11,311.4599914550781,312.1499938964844,300.010009765625,300.6099853515625,276.33319091796875,209243600,True
SPY,2020-06-12,308.239990234375,309.0799865722656,298.6000061035156,304.2099914550781,279.64239501953125,194678900,False
SPY,2020-06-15,298.0199890136719,308.2799987792969,296.739990234375,307.04998779296875,282.2530212402344,135782700,False
SPY,2020-06-16,315.4800109863281,315.6400146484375,307.6700134277344,312.9599914550781,287.6858215332031,137627500,False
SPY,2020-06-17,314.07000732421875,314.3900146484375,310.8599853515625,311.6600036621094,286.4908447265625,83398900,False
SPY,2020-06-18,310.010009765625,312.29998779296875,309.510009765625,311.7799987792969,286.6011047363281,80828700,False
SPY,2020-06-19,314.1700134277344,314.3800048828125,306.5299987792969,308.6400146484375,284.9632568359375,135549600,False
SPY,2020-06-22,307.989990234375,311.04998779296875,306.75,310.6199951171875,286.7912902832031,74649400,False
SPY,2020-06-23,313.489990234375,314.5,311.6099853515625,312.04998779296875,288.11163330078125,68471200,False
SPY,2020-06-24,309.8399963378906,310.510009765625,302.1000061035156,304.0899963378906,280.76220703125,132813500,False
SPY,2020-06-25,303.4700012207031,307.6400146484375,301.2799987792969,307.3500061035156,283.7721862792969,89468000,False
SPY,2020-06-26,306.1600036621094,306.3900146484375,299.4200134277344,300.04998779296875,277.0321350097656,127961000,False
SPY,2020-06-29,301.4100036621094,304.6099853515625,298.92999267578125,304.4599914550781,281.1039123535156,79773300,False
SPY,2020-06-30,303.989990234375,310.20001220703125,303.82000732421875,308.3599853515625,284.7046813964844,113394800,False
SPY,2020-07-01,309.57000732421875,311.8900146484375,309.07000732421875,310.5199890136719,286.698974609375,72396500,False
SPY,2020-07-02,314.239990234375,315.70001220703125,311.510009765625,312.2300109863281,288.27777099609375,69344200,False
SPY,2020-07-06,316.3699951171875,317.67999267578125,315.55999755859375,317.04998779296875,292.7280578613281,61713800,False
SPY,2020-07-07,315.3800048828125,317.5199890136719,313.3699951171875,313.7799987792969,289.7088928222656,82910000,False
SPY,2020-07-08,314.6099853515625,316.29998779296875,312.70001220703125,316.17999267578125,291.9246826171875,54638600,False
SPY,2020-07-09,316.8399963378906,317.1000061035156,310.67999267578125,314.3800048828125,290.26287841796875,83354200,False
SPY,2020-07-10,314.30999755859375,317.8800048828125,312.760009765625,317.5899963378906,293.2265625,57550400,False
SPY,2020-07-13,320.1300048828125,322.7099914550781,314.1300048828125,314.8399963378906,290.6875915527344,102997500,False
SPY,2020-07-14,313.29998779296875,319.760009765625,312.0,318.9200134277344,294.4545593261719,93657000,False
SPY,2020-07-15,322.4100036621094,323.0400085449219,319.2699890136719,321.8500061035156,297.1598205566406,87196500,False
SPY,2020-07-16,319.7900085449219,321.2799987792969,319.0899963378906,320.7900085449219,296.1810607910156,54622500,False
SPY,2020-07-17,321.8800048828125,322.57000732421875,319.739990234375,321.7200012207031,297.0398254394531,62774900,False
SPY,2020-07-20,321.42999267578125,325.1300048828125,320.6199951171875,324.32000732421875,299.44036865234375,56308800,False
SPY,2020-07-21,326.45001220703125,326.92999267578125,323.94000244140625,325.010009765625,300.077392578125,57292200,False
SPY,2020-07-22,324.6199951171875,327.20001220703125,324.5,326.8599853515625,301.7855529785156,57792900,False
SPY,2020-07-23,326.4700012207031,327.2300109863281,321.4800109863281,322.9599914550781,298.1846618652344,75738000,False
SPY,2020-07-24,320.95001220703125,321.989990234375,319.25,320.8800048828125,296.2642822265625,73766600,False
SPY,2020-07-27,321.6300048828125,323.4100036621094,320.7699890136719,323.2200012207031,298.4246520996094,48293000,False
SPY,2020-07-28,322.42999267578125,323.6400146484375,320.8500061035156,321.1700134277344,296.531982421875,57495000,False
SPY,2020-07-29,322.1199951171875,325.7300109863281,322.0799865722656,325.1199951171875,300.1789245605469,48454200,False
SPY,2020-07-30,321.8999938964844,324.4100036621094,319.6400146484375,323.9599914550781,299.10791015625,61861700,False
SPY,2020-07-31,325.8999938964844,326.6300048828125,321.3299865722656,326.5199890136719,301.4715576171875,84986800,False
SPY,2020-08-03,328.32000732421875,329.6199951171875,327.7300109863281,328.7900085449219,303.56744384765625,53077900,False
SPY,2020-08-04,327.8599853515625,330.05999755859375,327.8599853515625,330.05999755859375,304.739990234375,41917900,False
SPY,2020-08-05,331.4700012207031,332.3900146484375,331.17999267578125,332.1099853515625,306.6327819824219,42697700,False
SPY,2020-08-06,331.4800109863281,334.4599914550781,331.1300048828125,334.3299865722656,308.682373046875,43679400,False
SPY,2020-08-07,333.2799987792969,334.8800048828125,332.29998779296875,334.57000732421875,308.9040222167969,57308300,False
SPY,2020-08-10,335.05999755859375,335.7699890136719,332.9599914550781,335.57000732421875,309.8273010253906,44282100,False
SPY,2020-08-11,336.8500061035156,337.5400085449219,332.010009765625,332.79998779296875,307.26983642578125,69601100,False
SPY,2020-08-12,335.44000244140625,338.2799987792969,335.4100036621094,337.44000244140625,311.5538635253906,53774400,False
SPY,2020-08-13,336.6099853515625,338.25,335.8299865722656,336.8299865722656,310.9906005859375,41816100,False
SPY,2020-08-14,336.4100036621094,337.4200134277344,335.6199951171875,336.8399963378906,310.9998779296875,47260400,False
SPY,2020-08-17,337.94000244140625,338.3399963378906,336.8500061035156,337.9100036621094,311.98785400390625,35481000,False
SPY,2020-08-18,338.3399963378906,339.1000061035156,336.6099853515625,338.6400146484375,312.6618347167969,38733900,False
SPY,2020-08-19,339.04998779296875,339.6099853515625,336.6199951171875,337.2300109863281,311.3600158691406,68054200,False
SPY,2020-08-20,335.3599853515625,338.79998779296875,335.2200012207031,338.2799987792969,312.329345703125,42207800,False
SPY,2020-08-21,337.9200134277344,339.7200012207031,337.54998779296875,339.4800109863281,313.4373779296875,55106600,False
SPY,2020-08-24,342.1199951171875,343.0,339.45001220703125,342.9200134277344,316.6134338378906,48588700,False
SPY,2020-08-25,343.5299987792969,344.2099914550781,342.2699890136719,344.1199951171875,317.7214050292969,38463400,False
SPY,2020-08-26,344.760009765625,347.8599853515625,344.1700134277344,347.57000732421875,320.9067687988281,50790200,False
SPY,2020-08-27,348.510009765625,349.8999938964844,346.5299987792969,348.3299865722656,321.6083679199219,58034100,False
SPY,2020-08-28,349.44000244140625,350.7200012207031,348.1499938964844,350.5799865722656,323.68585205078125,48588900,False
SPY,2020-08-31,350.3500061035156,351.29998779296875,349.05999755859375,349.30999755859375,322.5131530761719,66099200,False
SPY,2020-09-01,350.2099914550781,352.7099914550781,349.239990234375,352.6000061035156,325.5508728027344,54908700,False
SPY,2020-09-02,354.6700134277344,358.75,353.42999267578125,357.70001220703125,330.2596435546875,69540000,False
SPY,2020-09-03,355.8699951171875,356.3800048828125,342.5899963378906,345.3900146484375,318.8938903808594,148011100,False
SPY,2020-09-04,346.1300048828125,347.8299865722656,334.8699951171875,342.57000732421875,316.2902526855469,139156300,False
SPY,2020-09-08,336.7099914550781,342.6400146484375,332.8800048828125,333.2099914550781,307.64837646484375,114465300,False
SPY,2020-09-09,337.54998779296875,342.4599914550781,336.6099853515625,339.7900085449219,313.72357177734375,91462300,False
SPY,2020-09-10,341.82000732421875,342.5299987792969,332.8500061035156,333.8900146484375,308.2762756347656,90569500,False
SPY,2020-09-11,335.82000732421875,336.9700012207031,331.0,334.05999755859375,308.43310546875,84680200,False
SPY,2020-09-14,337.489990234375,340.3800048828125,334.2200012207031,338.4599914550781,312.49560546875,65605700,False
SPY,2020-09-15,341.1199951171875,342.0199890136719,338.4700012207031,340.1700134277344,314.07440185546875,52920900,False
SPY,2020-09-16,341.510009765625,343.05999755859375,338.5199890136719,338.82000732421875,312.8280334472656,82096000,False
SPY,2020-09-17,333.55999755859375,337.70001220703125,332.989990234375,335.8399963378906,310.0765686035156,91523300,False
SPY,2020-09-18,335.3699951171875,335.489990234375,327.9700012207031,330.6499938964844,306.5067443847656,105877900,False
SPY,2020-09-21,325.70001220703125,327.1300048828125,321.7300109863281,326.9700012207031,303.0954284667969,99450800,False
SPY,2020-09-22,328.57000732421875,330.8999938964844,325.8599853515625,330.29998779296875,306.18231201171875,63612100,False
SPY,2020-09-23,330.8999938964844,331.20001220703125,322.1000061035156,322.6400146484375,299.0816955566406,93112200,False
SPY,2020-09-24,321.2200012207031,326.79998779296875,319.79998779296875,323.5,299.8788757324219,76681300,False
SPY,2020-09-25,322.5799865722656,329.5799865722656,321.6400146484375,328.7300109863281,304.72698974609375,71069400,False
SPY,2020-09-28,333.2200012207031,334.9599914550781,332.1499938964844,334.19000244140625,309.788330078125,64584600,False
SPY,2020-09-29,333.9700012207031,334.7699890136719,331.6199951171875,332.3699951171875,308.10113525390625,51304000,False
SPY,2020-09-30,333.0899963378906,338.2900085449219,332.8800048828125,334.8900146484375,310.4371643066406,104081100,False
SPY,2020-10-01,337.69000244140625,338.739990234375,335.010009765625,337.0400085449219,312.4301452636719,88698700,False
SPY,2020-10-02,331.70001220703125,337.010009765625,331.19000244140625,333.8399963378906,309.46380615234375,89431100,False
SPY,2020-10-05,336.05999755859375,339.9599914550781,336.010009765625,339.760009765625,314.95159912109375,45713100,False
SPY,2020-10-06,339.9100036621094,342.1700134277344,334.3800048828125,334.92999267578125,310.4743347167969,90128900,False
SPY,2020-10-07,338.1199951171875,341.6300048828125,338.0899963378906,340.760009765625,315.8785400390625,56999600,False
SPY,2020-10-08,342.8500061035156,343.8500061035156,341.8599853515625,343.7799987792969,318.67803955078125,45242500,False
SPY,2020-10-09,345.55999755859375,347.3500061035156,344.8900146484375,346.8500061035156,321.5239562988281,59528600,False
SPY,2020-10-12,349.5899963378906,354.0199890136719,349.05999755859375,352.42999267578125,326.6964416503906,80388500,False
SPY,2020-10-13,352.2799987792969,352.4700012207031,349.0899963378906,350.1300048828125,324.56451416015625,73255500,False
SPY,2020-10-14,350.75,351.92999267578125,347.1400146484375,347.92999267578125,322.5249938964844,57727900,False
SPY,2020-10-15,343.7099914550781,348.0199890136719,343.1300048828125,347.5,322.1263732910156,60357700,False
SPY,2020-10-16,348.9599914550781,350.75,347.1000061035156,347.2900085449219,321.93182373046875,89501900,False
SPY,2020-10-19,348.6499938964844,349.3299865722656,341.0400085449219,342.010009765625,317.0373229980469,68425600,False
SPY,2020-10-20,343.4599914550781,346.8800048828125,342.6400146484375,343.3800048828125,318.3072509765625,60051900,False
SPY,2020-10-21,343.3299865722656,345.6700134277344,342.3999938964844,342.7300109863281,317.7046813964844,63575000,False
SPY,2020-10-22,342.9599914550781,345.239990234375,340.6499938964844,344.6099853515625,319.4474182128906,55399300,False
SPY,2020-10-23,345.92999267578125,345.989990234375,343.1300048828125,345.7799987792969,320.531982421875,49143900,False
SPY,2020-10-26,342.1300048828125,342.9800109863281,335.6199951171875,339.3900146484375,314.608642578125,91473000,False
SPY,2020-10-27,339.760009765625,340.1199951171875,337.989990234375,338.2200012207031,313.5240173339844,65994100,False
SPY,2020-10-28,332.1000061035156,338.25,326.1300048828125,326.6600036621094,302.8080749511719,127094300,False
SPY,2020-10-29,326.9100036621094,333.3999938964844,325.0899963378906,329.9800109863281,305.8856201171875,90597700,False
SPY,2020-10-30,328.2799987792969,329.69000244140625,322.6000061035156,326.5400085449219,302.6968994140625,120287300,False
SPY,2020-11-02,330.20001220703125,332.3599853515625,327.239990234375,330.20001220703125,306.0896301269531,86068300,False
SPY,2020-11-03,333.69000244140625,338.25,330.2900085449219,336.0299987792969,311.4939880371094,93294200,False
SPY,2020-11-04,340.8599853515625,347.94000244140625,339.5899963378906,343.5400085449219,318.4555358886719,126959700,False
SPY,2020-11-05,349.239990234375,352.19000244140625,348.8599853515625,350.239990234375,324.6663513183594,82039700,False
SPY,2020-11-06,349.92999267578125,351.510009765625,347.6499938964844,350.1600036621094,324.59222412109375,74973000,False
SPY,2020-11-09,363.9700012207031,364.3800048828125,354.05999755859375,354.55999755859375,328.6709899902344,172304200,False
SPY,2020-11-10,353.489990234375,355.17999267578125,350.510009765625,354.0400085449219,328.1888427734375,85552000,False
SPY,2020-11-11,356.3999938964844,357.55999755859375,355.05999755859375,356.6700134277344,330.6268615722656,58649000,False
SPY,2020-11-12,355.5799865722656,356.7200012207031,351.260009765625,353.2099914550781,327.41943359375,67546200,False
SPY,2020-11-13,355.2699890136719,358.8999938964844,354.7099914550781,358.1000061035156,331.9524230957031,62892200,False
SPY,2020-11-16,360.9800109863281,362.7799987792969,359.5899963378906,362.57000732421875,336.0960388183594,74541100,False
SPY,2020-11-17,359.9700012207031,361.9200134277344,358.3399963378906,360.6199951171875,334.2884521484375,66111000,False
SPY,2020-11-18,360.9100036621094,361.5,356.239990234375,356.2799987792969,330.2653503417969,70591300,False
SPY,2020-11-19,355.6000061035156,358.17999267578125,354.1499938964844,357.7799987792969,331.6557922363281,59940900,False
SPY,2020-11-20,357.5,357.7200012207031,355.25,355.3299865722656,329.3847351074219,70417300,False
SPY,2020-11-23,357.2799987792969,358.82000732421875,354.8699951171875,357.4599914550781,331.3591003417969,63230600,False
SPY,2020-11-24,360.2099914550781,363.80999755859375,359.2900085449219,363.2200012207031,336.6985778808594,62415900,False
SPY,2020-11-25,363.1300048828125,363.1600036621094,361.4800109863281,362.6600036621094,336.17950439453125,45330900,False
SPY,2020-11-27,363.8399963378906,364.17999267578125,362.5799865722656,363.6700134277344,337.1157531738281,28514100,False
SPY,2020-11-30,362.8299865722656,363.1199951171875,359.1700134277344,362.05999755859375,335.6233215332031,83872700,False
SPY,2020-12-01,365.57000732421875,367.67999267578125,364.92999267578125,366.0199890136719,339.2940979003906,74231400,False
SPY,2020-12-02,364.82000732421875,366.9599914550781,364.20001220703125,366.7900085449219,340.00787353515625,45927000,False
SPY,2020-12-03,366.67999267578125,368.19000244140625,365.5,366.69000244140625,339.9152526855469,62882000,False
SPY,2020-12-04,367.32000732421875,369.8500061035156,367.2200012207031,369.8500061035156,342.8445129394531,50749900,False
SPY,2020-12-07,369.0199890136719,369.6199951171875,367.7200012207031,369.0899963378906,342.13995361328125,48944300,False
SPY,2020-12-08,367.7200012207031,370.7799987792969,367.6700134277344,370.1700134277344,343.14117431640625,42458900,False
SPY,2020-12-09,370.8800048828125,371.04998779296875,365.95001220703125,366.8500061035156,340.0635681152344,74098300,False
SPY,2020-12-10,365.3699951171875,367.8599853515625,364.42999267578125,366.7300109863281,339.9522705078125,57735400,False
SPY,2020-12-11,364.8999938964844,366.739990234375,363.260009765625,366.29998779296875,339.55377197265625,57698600,False
SPY,2020-12-14,368.6400146484375,369.79998779296875,364.4700012207031,364.6600036621094,338.03338623046875,69216200,False
SPY,2020-12-15,367.3999938964844,369.5899963378906,365.9200134277344,369.5899963378906,342.603515625,63865300,False
SPY,2020-12-16,369.82000732421875,371.1600036621094,368.8699951171875,370.1700134277344,343.14117431640625,58420500,False
SPY,2020-12-17,371.94000244140625,372.4599914550781,371.04998779296875,372.239990234375,345.0599060058594,64119500,False
SPY,2020-12-18,370.9700012207031,371.1499938964844,367.0199890136719,369.17999267578125,343.68212890625,136542300,False
SPY,2020-12-21,364.9700012207031,378.4599914550781,362.0299987792969,367.8599853515625,342.45330810546875,96386700,False
SPY,2020-12-22,368.2099914550781,368.3299865722656,366.0299987792969,367.239990234375,341.87615966796875,47949000,False
SPY,2020-12-23,368.2799987792969,369.6199951171875,367.2200012207031,367.57000732421875,342.18341064453125,46201400,False
SPY,2020-12-24,368.0799865722656,369.0299987792969,367.45001220703125,369.0,343.5146484375,26457900,False
SPY,2020-12-28,371.739990234375,372.5899963378906,371.07000732421875,372.1700134277344,346.4656982421875,39000400,False
SPY,2020-12-29,373.80999755859375,374.0,370.8299865722656,371.4599914550781,345.8047180175781,53680500,False
SPY,2020-12-30,372.3399963378906,373.1000061035156,371.57000732421875,371.989990234375,346.2980651855469,49455300,False
SPY,2020-12-31,371.7799987792969,374.6600036621094,371.2300109863281,373.8800048828125,348.05755615234375,78520700,False
SPY,2021-01-04,375.30999755859375,375.45001220703125,364.82000732421875,368.7900085449219,343.3191833496094,110210800,False
SPY,2021-01-05,368.1000061035156,372.5,368.04998779296875,371.3299865722656,345.6836853027344,66426200,False
SPY,2021-01-06,369.7099914550781,376.9800109863281,369.1199951171875,373.54998779296875,347.7503662109375,107997700,False
SPY,2021-01-07,376.1000061035156,379.8999938964844,375.9100036621094,379.1000061035156,352.91705322265625,68766800,False
SPY,2021-01-08,380.5899963378906,381.489990234375,377.1000061035156,381.260009765625,354.9278869628906,71677200,False
SPY,2021-01-11,377.8500061035156,380.5799865722656,377.7200012207031,378.69000244140625,352.535400390625,51034700,False
SPY,2021-01-12,378.8900146484375,379.8599853515625,376.3599853515625,378.7699890136719,352.6098937988281,52547700,False
SPY,2021-01-13,378.69000244140625,380.8599853515625,377.8500061035156,379.7900085449219,353.5594482421875,45303600,False
SPY,2021-01-14,380.5899963378906,381.1300048828125,378.1000061035156,378.4599914550781,352.3212890625,49989100,False
SPY,2021-01-15,376.7200012207031,377.5799865722656,373.70001220703125,375.70001220703125,349.7518005371094,107160000,False
SPY,2021-01-19,378.3399963378906,379.2300109863281,376.75,378.6499938964844,352.49822998046875,51233300,False
SPY,2021-01-20,381.1099853515625,384.7900085449219,380.69000244140625,383.8900146484375,357.3762512207031,61836100,False
SPY,2021-01-21,384.489990234375,384.95001220703125,383.25,384.239990234375,357.70208740234375,47840100,False
SPY,2021-01-22,382.25,384.1300048828125,381.8399963378906,382.8800048828125,356.4359130859375,52860500,False
SPY,2021-01-25,383.6700134277344,384.7699890136719,378.4599914550781,384.3900146484375,357.84173583984375,70402000,False
SPY,2021-01-26,385.4100036621094,385.8500061035156,383.5400085449219,383.7900085449219,357.2830810546875,42665300,False
SPY,2021-01-27,380.2200012207031,380.32000732421875,372.010009765625,374.4100036621094,348.5509948730469,123351100,False
SPY,2021-01-28,376.3599853515625,381.92999267578125,375.8900146484375,377.6300048828125,351.548583984375,94198100,False
SPY,2021-01-29,375.6300048828125,376.6700134277344,368.2699890136719,370.07000732421875,344.5107727050781,126765100,False
SPY,2021-02-01,373.7200012207031,377.3399963378906,370.3800048828125,376.2300109863281,350.2452392578125,75817600,False
SPY,2021-02-02,379.6499938964844,383.2200012207031,376.32000732421875,381.54998779296875,355.19781494140625,64450700,False
SPY,2021-02-03,382.44000244140625,383.70001220703125,380.4800109863281,381.8500061035156,355.4771423339844,52427100,False
SPY,2021-02-04,382.9599914550781,386.239990234375,381.9700012207031,386.19000244140625,359.5173645019531,47142600,False
SPY,2021-02-05,388.20001220703125,388.4700012207031,386.1400146484375,387.7099914550781,360.93243408203125,48669800,False
SPY,2021-02-08,389.2699890136719,390.55999755859375,388.3500061035156,390.510009765625,363.5390319824219,38365200,False
SPY,2021-02-09,389.6099853515625,390.8900146484375,389.1700134277344,390.25,363.2970275878906,35551100,False
SPY,2021-02-10,392.1199951171875,392.2799987792969,387.5,390.0799865722656,363.1387023925781,59154400,False
SPY,2021-02-11,391.239990234375,391.69000244140625,388.1000061035156,390.7099914550781,363.7251892089844,42913300,False
SPY,2021-02-12,389.8500061035156,392.8999938964844,389.7699890136719,392.6400146484375,365.5218811035156,50593300,False
SPY,2021-02-16,393.9599914550781,394.1700134277344,391.5299987792969,392.29998779296875,365.2053527832031,50972400,False
SPY,2021-02-17,390.4200134277344,392.6600036621094,389.3299865722656,392.3900146484375,365.2891845703125,52290600,False
SPY,2021-02-18,389.5899963378906,391.5199890136719,387.739990234375,390.7200012207031,363.73455810546875,59712800,False
SPY,2021-02-19,392.07000732421875,392.3800048828125,389.54998779296875,390.0299987792969,363.0921325683594,83241000,False
SPY,2021-02-22,387.05999755859375,389.6199951171875,386.739990234375,387.0299987792969,360.2994384765625,67414200,False
SPY,2021-02-23,384.6600036621094,388.95001220703125,380.20001220703125,387.5,360.7368469238281,107284100,False
SPY,2021-02-24,386.3299865722656,392.2300109863281,385.2699890136719,391.7699890136719,364.7120361328125,72433900,False
SPY,2021-02-25,390.4100036621094,391.8800048828125,380.7799987792969,382.3299865722656,355.9239807128906,146670500,False
SPY,2021-02-26,384.3500061035156,385.5799865722656,378.2300109863281,380.3599853515625,354.0900573730469,152701600,False
SPY,2021-03-01,385.5899963378906,390.9200134277344,380.57000732421875,389.5799865722656,362.6732177734375,105348800,False
SPY,2021-03-02,389.82000732421875,390.07000732421875,386.0,386.5400085449219,359.84326171875,79595300,False
SPY,2021-03-03,385.7900085449219,386.8299865722656,381.30999755859375,381.4200134277344,355.0768127441406,119940200,False
SPY,2021-03-04,381.2200012207031,384.0,371.8800048828125,376.70001220703125,350.6827697753906,183433000,False
SPY,2021-03-05,380.4599914550781,384.760009765625,372.6400146484375,383.6300048828125,357.13421630859375,152039600,False
SPY,2021-03-08,384.6600036621094,387.67999267578125,381.4200134277344,381.7200012207031,355.3560791015625,123149200,False
SPY,2021-03-09,385.8500061035156,389.9100036621094,385.30999755859375,387.1700134277344,360.4296569824219,113633600,False
SPY,2021-03-10,389.69000244140625,391.3999938964844,388.1700134277344,389.5799865722656,362.6732177734375,109899400,False
SPY,2021-03-11,392.2300109863281,395.6499938964844,391.739990234375,393.5299987792969,366.35040283203125,86245000,False
SPY,2021-03-12,392.07000732421875,394.2099914550781,391.20001220703125,394.05999755859375,366.8438415527344,64653600,False
SPY,2021-03-15,394.3299865722656,396.69000244140625,392.0299987792969,396.4100036621094,369.0315246582031,73427200,False
SPY,2021-03-16,397.07000732421875,397.8299865722656,395.0799865722656,395.9100036621094,368.56610107421875,73722500,False
SPY,2021-03-17,394.5299987792969,398.1199951171875,393.29998779296875,397.260009765625,369.82281494140625,97959300,False
SPY,2021-03-18,394.4800109863281,396.7200012207031,390.75,391.4800109863281,364.4420166015625,115349100,False
SPY,2021-03-19,389.8800048828125,391.57000732421875,387.1499938964844,389.4800109863281,363.7676696777344,113624500,False
SPY,2021-03-22,390.0299987792969,394.07000732421875,389.9700012207031,392.5899963378906,366.67236328125,73778600,False
SPY,2021-03-23,391.9100036621094,393.4599914550781,388.6600036621094,389.5,363.7863464355469,90686600,False
SPY,2021-03-24,391.0,392.75,387.4700012207031,387.5199890136719,361.9371337890625,97588600,False
SPY,2021-03-25,385.9800109863281,390.54998779296875,383.8999938964844,389.70001220703125,363.97314453125,116128600,False
SPY,2021-03-26,390.92999267578125,396.4100036621094,390.2900085449219,395.9800109863281,369.8385925292969,114409100,False
SPY,2021-03-29,394.3999938964844,396.75,392.80999755859375,395.7799987792969,369.6517333984375,108107600,False
SPY,2021-03-30,394.4200134277344,395.45001220703125,393.0199890136719,394.7300109863281,368.67108154296875,76262200,False
SPY,2021-03-31,395.3399963378906,398.0,395.30999755859375,396.3299865722656,370.1654357910156,112734200,False
SPY,2021-04-01,398.3999938964844,400.6700134277344,398.17999267578125,400.6099853515625,374.1629333496094,99682900,False
SPY,2021-04-05,403.4599914550781,406.94000244140625,403.3800048828125,406.3599853515625,379.5332946777344,91684800,False
SPY,2021-04-06,405.760009765625,407.239990234375,405.3999938964844,406.1199951171875,379.30914306640625,62021000,False
SPY,2021-04-07,405.94000244140625,406.9599914550781,405.45001220703125,406.5899963378906,379.74810791015625,55836300,False
SPY,2021-04-08,407.92999267578125,408.5799865722656,406.92999267578125,408.5199890136719,381.5506896972656,57863100,False
SPY,2021-04-09,408.3900146484375,411.6700134277344,408.260009765625,411.489990234375,384.3246154785156,61104600,False
SPY,2021-04-12,410.8500061035156,411.92999267578125,410.20001220703125,411.6400146484375,384.4648132324219,56704900,False
SPY,2021-04-13,411.5299987792969,413.5299987792969,411.1199951171875,412.8599853515625,385.6042175292969,56551000,False
SPY,2021-04-14,412.8299865722656,413.9599914550781,410.8699951171875,411.45001220703125,384.2873229980469,61659900,False
SPY,2021-04-15,413.739990234375,416.1600036621094,413.69000244140625,415.8699951171875,388.4154968261719,60229800,False
SPY,2021-04-16,417.25,417.9100036621094,415.7300109863281,417.260009765625,389.71368408203125,82037300,False
SPY,2021-04-19,416.260009765625,416.739990234375,413.7900085449219,415.2099914550781,387.79913330078125,78498500,False
SPY,2021-04-20,413.9100036621094,415.0899963378906,410.5899963378906,412.1700134277344,384.9597473144531,81851800,False
SPY,2021-04-21,411.510009765625,416.2900085449219,411.3599853515625,416.07000732421875,388.602294921875,66793000,False
SPY,2021-04-22,415.8900146484375,416.7799987792969,411.1300048828125,412.2699890136719,385.0531005859375,97582800,False
SPY,2021-04-23,412.8699951171875,418.25,412.7900085449219,416.739990234375,389.22802734375,73209200,False
SPY,2021-04-26,417.44000244140625,418.2200012207031,416.80999755859375,417.6099853515625,390.0406494140625,52182400,False
SPY,2021-04-27,417.92999267578125,418.1400146484375,416.29998779296875,417.5199890136719,389.95660400390625,51303100,False
SPY,2021-04-28,417.80999755859375,419.010009765625,416.8999938964844,417.3999938964844,389.84442138671875,51238900,False
SPY,2021-04-29,420.32000732421875,420.7200012207031,416.44000244140625,420.05999755859375,392.3288879394531,78544300,False
SPY,2021-04-30,417.6300048828125,418.5400085449219,416.3399963378906,417.29998779296875,389.75103759765625,85527000,False
SPY,2021-05-03,419.42999267578125,419.8399963378906,417.6700134277344,418.20001220703125,390.59173583984375,68128300,False
SPY,2021-05-04,416.07000732421875,416.6000061035156,411.6700134277344,415.6199951171875,388.1820373535156,101591200,False
SPY,2021-05-05,417.3800048828125,417.6300048828125,415.1499938964844,415.75,388.30340576171875,60162200,False
SPY,2021-05-06,415.8299865722656,419.2099914550781,413.67999267578125,419.07000732421875,391.40423583984375,74321400,False
SPY,2021-05-07,419.8900146484375,422.82000732421875,419.1600036621094,422.1199951171875,394.2529296875,67733800,False
SPY,2021-05-10,422.5,422.739990234375,417.80999755859375,417.94000244140625,390.34881591796875,81852400,False
SPY,2021-05-11,413.1000061035156,415.2699890136719,410.05999755859375,414.2099914550781,386.8650207519531,116888000,False
SPY,2021-05-12,411.2300109863281,412.5899963378906,404.0,405.4100036621094,378.6460876464844,134811000,False
SPY,2021-05-13,407.07000732421875,412.3500061035156,407.0199890136719,410.2799987792969,383.1945495605469,106394000,False
SPY,2021-05-14,413.2099914550781,417.489990234375,413.17999267578125,416.5799865722656,389.07861328125,82201600,False
SPY,2021-05-17,415.3900146484375,416.3900146484375,413.3599853515625,415.5199890136719,388.0885925292969,65129200,False
SPY,2021-05-18,415.79998779296875,416.05999755859375,411.7699890136719,411.94000244140625,384.7449035644531,59810200,False
SPY,2021-05-19,406.9200134277344,411.04998779296875,405.3299865722656,410.8599853515625,383.7362060546875,106467100,False
SPY,2021-05-20,411.79998779296875,416.6300048828125,411.6700134277344,415.2799987792969,387.8643493652344,78022200,False
SPY,2021-05-21,416.8699951171875,418.20001220703125,414.45001220703125,414.94000244140625,387.54693603515625,76578700,False
SPY,2021-05-24,417.3399963378906,420.32000732421875,417.0799865722656,419.1700134277344,391.49761962890625,51376700,False
SPY,2021-05-25,420.3299865722656,420.7099914550781,417.6199951171875,418.239990234375,390.6290283203125,57451400,False
SPY,2021-05-26,418.8699951171875,419.6099853515625,417.760009765625,419.07000732421875,391.40423583984375,43088600,False
SPY,2021-05-27,420.1700134277344,420.7200012207031,418.989990234375,419.2900085449219,391.6097412109375,56707700,False
SPY,2021-05-28,420.9700012207031,421.25,419.7900085449219,420.0400085449219,392.31024169921875,58520200,False
SPY,2021-06-01,422.57000732421875,422.7200012207031,419.20001220703125,419.6700134277344,391.9646301269531,54216600,False
SPY,2021-06-02,420.3699951171875,421.2300109863281,419.2900085449219,420.3299865722656,392.58111572265625,49097100,False
SPY,2021-06-03,417.8500061035156,419.989990234375,416.2799987792969,418.7699890136719,391.1239929199219,58138800,False
SPY,2021-06-04,420.75,422.9200134277344,418.8399963378906,422.6000061035156,394.7012023925781,55938800,False
SPY,2021-06-07,422.5899963378906,422.7799987792969,421.19000244140625,422.19000244140625,394.3182678222656,51555000,False
SPY,2021-06-08,423.1099853515625,423.2099914550781,420.32000732421875,422.2799987792969,394.4023742675781,47134300,False
SPY,2021-06-09,423.17999267578125,423.260009765625,421.4100036621094,421.6499938964844,393.8138122558594,48436300,False
SPY,2021-06-10,422.9599914550781,424.6300048828125,421.54998779296875,423.6099853515625,395.6445617675781,51020100,False
SPY,2021-06-11,424.20001220703125,424.42999267578125,422.82000732421875,424.30999755859375,396.29827880859375,45570800,False
SPY,2021-06-14,424.42999267578125,425.3699951171875,423.1000061035156,425.260009765625,397.1856689453125,42358500,False
SPY,2021-06-15,425.4200134277344,425.4599914550781,423.5400085449219,424.4800109863281,396.45709228515625,51508500,False
SPY,2021-06-16,424.6300048828125,424.8699951171875,419.9200134277344,422.1099853515625,394.2435607910156,80386100,False
SPY,2021-06-17,421.6700134277344,423.0199890136719,419.32000732421875,421.9700012207031,394.11273193359375,90949700,False
SPY,2021-06-18,417.0899963378906,417.8299865722656,414.70001220703125,414.9200134277344,388.7960205078125,118676300,False
SPY,2021-06-21,416.79998779296875,421.05999755859375,415.92999267578125,420.8599853515625,394.36199951171875,72822000,False
SPY,2021-06-22,420.8500061035156,424.0,420.0799865722656,423.1099853515625,396.4703674316406,57700300,False
SPY,2021-06-23,423.19000244140625,424.04998779296875,422.510009765625,422.6000061035156,395.9925842285156,49445400,False
SPY,2021-06-24,424.8900146484375,425.54998779296875,424.6199951171875,425.1000061035156,398.3350524902344,45110300,False
SPY,2021-06-25,425.8999938964844,427.0899963378906,425.54998779296875,426.6099853515625,399.75,58129500,False
SPY,2021-06-28,427.1700134277344,427.6499938964844,425.8900146484375,427.4700012207031,400.55584716796875,53159600,False
SPY,2021-06-29,427.8800048828125,428.55999755859375,427.1300048828125,427.70001220703125,400.7714538574219,35970500,False
SPY,2021-06-30,427.2099914550781,428.7799987792969,427.17999267578125,428.05999755859375,401.1087646484375,64827900,False
SPY,2021-07-01,428.8699951171875,430.6000061035156,428.79998779296875,430.42999267578125,403.3294982910156,53441000,False
SPY,2021-07-02,431.6700134277344,434.1000061035156,430.5199890136719,433.7200012207031,406.412353515625,57697700,False
SPY,2021-07-06,433.7799987792969,434.010009765625,430.010009765625,432.92999267578125,405.67205810546875,68710400,False
SPY,2021-07-07,433.6600036621094,434.760009765625,431.510009765625,434.4599914550781,407.10577392578125,63549500,False
SPY,2021-07-08,428.7799987792969,431.7300109863281,427.5199890136719,430.9200134277344,403.7886657714844,97595200,False
SPY,2021-07-09,432.5299987792969,435.8399963378906,430.7099914550781,435.5199890136719,408.09893798828125,76238600,False
SPY,2021-07-12,435.42999267578125,437.3500061035156,434.9700012207031,437.0799865722656,409.5608215332031,52889600,False
SPY,2021-07-13,436.239990234375,437.8399963378906,435.30999755859375,435.5899963378906,408.1645812988281,52911300,False
SPY,2021-07-14,437.3999938964844,437.9200134277344,434.9100036621094,436.239990234375,408.7737121582031,64130400,False
SPY,2021-07-15,434.80999755859375,435.5299987792969,432.7200012207031,434.75,407.3775329589844,55126400,False
SPY,2021-07-16,436.010009765625,436.05999755859375,430.9200134277344,431.3399963378906,404.1822204589844,75874700,False
SPY,2021-07-19,426.19000244140625,431.4100036621094,421.9700012207031,424.9700012207031,398.2132568359375,147987000,False
SPY,2021-07-20,425.67999267578125,432.4200134277344,424.8299865722656,431.05999755859375,403.91986083984375,99608200,False
SPY,2021-07-21,432.3399963378906,434.70001220703125,431.010009765625,434.54998779296875,407.19012451171875,64724400,False
SPY,2021-07-22,434.739990234375,435.7200012207031,433.69000244140625,435.4599914550781,408.0428466796875,47878500,False
SPY,2021-07-23,437.5199890136719,440.29998779296875,436.7900085449219,439.94000244140625,412.24072265625,63766600,False
SPY,2021-07-26,439.30999755859375,441.0299987792969,439.260009765625,441.0199890136719,413.2527770996094,43719200,False
SPY,2021-07-27,439.9100036621094,439.94000244140625,435.989990234375,439.010009765625,411.36932373046875,67397100,False
SPY,2021-07-28,439.67999267578125,440.29998779296875,437.30999755859375,438.8299865722656,411.2006530761719,52472400,False
SPY,2021-07-29,439.82000732421875,441.79998779296875,439.80999755859375,440.6499938964844,412.9060363769531,47435300,False
SPY,2021-07-30,437.9100036621094,440.05999755859375,437.7699890136719,438.510009765625,410.9007873535156,68951200,False
SPY,2021-08-02,440.3399963378906,440.92999267578125,437.2099914550781,437.5899963378906,410.0387878417969,58783300,False
SPY,2021-08-03,438.44000244140625,441.2799987792969,436.1000061035156,441.1499938964844,413.3745422363281,58053900,False
SPY,2021-08-04,439.7799987792969,441.1199951171875,438.7300109863281,438.9800109863281,411.34124755859375,46732200,False
SPY,2021-08-05,440.2200012207031,441.8500061035156,439.8800048828125,441.760009765625,413.94622802734375,38969700,False
SPY,2021-08-06,442.1000061035156,442.94000244140625,441.79998779296875,442.489990234375,414.6302185058594,46930000,False
SPY,2021-08-09,442.4599914550781,442.79998779296875,441.30999755859375,442.1300048828125,414.2928466796875,41222600,False
SPY,2021-08-10,442.6099853515625,443.44000244140625,441.8800048828125,442.67999267578125,414.8081970214844,43339300,False
SPY,2021-08-11,443.82000732421875,443.8800048828125,442.6199951171875,443.7799987792969,415.8389587402344,44034300,False
SPY,2021-08-12,443.6199951171875,445.260009765625,442.6600036621094,445.1099853515625,417.085205078125,38909400,False
SPY,2021-08-13,445.5899963378906,445.94000244140625,445.07000732421875,445.9200134277344,417.84429931640625,39470300,False
SPY,2021-08-16,444.5299987792969,447.1099853515625,442.8699951171875,446.9700012207031,418.8280944824219,73740000,False
SPY,2021-08-17,444.239990234375,444.9599914550781,440.8500061035156,444.0400085449219,416.0826416015625,92673900,False
SPY,2021-08-18,442.9599914550781,444.6300048828125,438.9200134277344,439.17999267578125,411.528564453125,89351900,False
SPY,2021-08-19,436.2699890136719,441.1400146484375,436.1199951171875,439.8599853515625,412.165771484375,92812200,False
SPY,2021-08-20,440.2300109863281,443.7099914550781,439.7099914550781,443.3599853515625,415.4454345703125,72008700,False
SPY,2021-08-23,445.1600036621094,448.2300109863281,443.44000244140625,447.260009765625,419.099853515625,54973000,False
SPY,2021-08-24,447.9700012207031,448.5400085449219,447.4200134277344,447.9700012207031,419.7651672363281,38744700,False
SPY,2021-08-25,448.1700134277344,449.4599914550781,447.7699890136719,448.9100036621094,420.64593505859375,40529700,False
SPY,2021-08-26,448.6099853515625,448.8599853515625,446.1600036621094,446.260009765625,418.1628723144531,57829600,False
SPY,2021-08-27,447.1199951171875,450.6499938964844,447.05999755859375,450.25,421.9016418457031,77235100,False
SPY,2021-08-30,450.9700012207031,453.07000732421875,450.7099914550781,452.2300109863281,423.7569580078125,48357400,False
SPY,2021-08-31,452.1300048828125,452.489990234375,450.9200134277344,451.55999755859375,423.1291809082031,59300200,False
SPY,2021-09-01,452.55999755859375,453.1099853515625,451.54998779296875,451.79998779296875,423.35400390625,48721400,False
SPY,2021-09-02,453.32000732421875,454.04998779296875,451.9100036621094,453.19000244140625,424.65655517578125,42501000,False
SPY,2021-09-03,451.9800109863281,453.6300048828125,451.54998779296875,453.0799865722656,424.55340576171875,47170500,False
SPY,2021-09-07,452.7099914550781,452.80999755859375,450.739990234375,451.4599914550781,423.03546142578125,51671500,False
SPY,2021-09-08,450.8900146484375,451.6700134277344,448.8599853515625,450.9100036621094,422.52001953125,56181900,False
SPY,2021-09-09,450.70001220703125,452.57000732421875,448.7200012207031,448.9800109863281,420.7115173339844,57970400,False
SPY,2021-09-10,451.0400085449219,451.489990234375,445.30999755859375,445.44000244140625,417.39447021484375,89948200,False
SPY,2021-09-13,448.6400146484375,448.9200134277344,444.1099853515625,446.5799865722656,418.4626770019531,83738600,False
SPY,2021-09-14,448.1199951171875,448.3399963378906,443.2200012207031,444.1700134277344,416.2044372558594,78197100,False
SPY,2021-09-15,444.6199951171875,448.4100036621094,443.44000244140625,447.8800048828125,419.6808166503906,78792200,False
SPY,2021-09-16,447.32000732421875,448.3599853515625,444.0199890136719,447.1700134277344,419.0155334472656,77786700,False
SPY,2021-09-17,444.9200134277344,445.3699951171875,441.0199890136719,441.3999938964844,414.93389892578125,118425000,False
SPY,2021-09-20,434.8800048828125,436.55999755859375,428.8599853515625,434.0400085449219,408.0152282714844,166445500,False
SPY,2021-09-21,436.5299987792969,437.9100036621094,433.07000732421875,433.6300048828125,407.6297912597656,92526100,False
SPY,2021-09-22,436.04998779296875,440.0299987792969,433.75,437.8599853515625,411.6061706542969,102350100,False
SPY,2021-09-23,439.8500061035156,444.8900146484375,439.6000061035156,443.17999267578125,416.60711669921875,76396000,False
SPY,2021-09-24,441.44000244140625,444.6700134277344,441.2099914550781,443.9100036621094,417.2934265136719,62094800,False
SPY,2021-09-27,442.80999755859375,444.04998779296875,441.8999938964844,442.6400146484375,416.099609375,61371100,False
SPY,2021-09-28,439.69000244140625,440.0400085449219,432.94000244140625,433.7200012207031,407.71435546875,130436300,False
SPY,2021-09-29,435.19000244140625,437.0400085449219,433.8500061035156,434.45001220703125,408.40057373046875,82329200,False
SPY,2021-09-30,436.0199890136719,436.7699890136719,428.7799987792969,429.1400146484375,403.4090576171875,140506000,False
SPY,2021-10-01,430.9800109863281,436.0299987792969,427.2300109863281,434.239990234375,408.2032165527344,129240100,False
SPY,2021-10-04,433.0,433.9599914550781,426.3599853515625,428.6400146484375,402.93896484375,128570000,False
SPY,2021-10-05,430.239990234375,435.489990234375,429.3900146484375,433.1000061035156,407.1315002441406,90682500,False
SPY,2021-10-06,429.2699890136719,435.1199951171875,427.5400085449219,434.8999938964844,408.8236083984375,113032200,False
SPY,2021-10-07,438.3900146484375,441.67999267578125,438.20001220703125,438.6600036621094,412.3581848144531,72437500,False
SPY,2021-10-08,439.4800109863281,439.8900146484375,437.19000244140625,437.8599853515625,411.6061706542969,74557400,False
SPY,2021-10-11,437.1600036621094,440.260009765625,434.6199951171875,434.69000244140625,408.626220703125,65233300,False
SPY,2021-10-12,435.6700134277344,436.1000061035156,432.7799987792969,433.6199951171875,407.62042236328125,71181200,False
SPY,2021-10-13,434.7099914550781,436.04998779296875,431.5400085449219,435.17999267578125,409.08685302734375,72974000,False
SPY,2021-10-14,439.0799865722656,442.6600036621094,438.5799865722656,442.5,415.9679870605469,70236800,False
SPY,2021-10-15,444.75,446.260009765625,444.0899963378906,445.8699951171875,419.1358947753906,66260200,False
SPY,2021-10-18,443.9700012207031,447.54998779296875,443.2699890136719,447.19000244140625,420.376708984375,62213200,False
SPY,2021-10-19,448.9200134277344,450.7099914550781,448.2699890136719,450.6400146484375,423.6199035644531,46996800,False
SPY,2021-10-20,451.1300048828125,452.7300109863281,451.010009765625,452.4100036621094,425.28375244140625,49571600,False
SPY,2021-10-21,451.7699890136719,453.8299865722656,451.30999755859375,453.5899963378906,426.39300537109375,41305400,False
SPY,2021-10-22,453.1300048828125,454.6700134277344,451.04998779296875,453.1199951171875,425.9511413574219,58845100,False
SPY,2021-10-25,454.2799987792969,455.8999938964844,452.3900146484375,455.54998779296875,428.2354736328125,45214500,False
SPY,2021-10-26,457.20001220703125,458.489990234375,455.55999755859375,455.9599914550781,428.6208801269531,56075100,False
SPY,2021-10-27,456.45001220703125,457.1600036621094,453.8599853515625,453.94000244140625,426.7219543457031,72438000,False
SPY,2021-10-28,455.4599914550781,458.3999938964844,455.45001220703125,458.32000732421875,430.83935546875,51437900,False
SPY,2021-10-29,455.8699951171875,459.55999755859375,455.55999755859375,459.25,431.713623046875,70162400,False
SPY,2021-11-01,460.29998779296875,460.70001220703125,458.20001220703125,460.0400085449219,432.45623779296875,48433600,False
SPY,2021-11-02,460.2200012207031,462.2300109863281,460.0799865722656,461.8999938964844,434.2047119140625,48908400,False
SPY,2021-11-03,461.29998779296875,465.1499938964844,460.8299865722656,464.7200012207031,436.8555908203125,52509800,False
SPY,2021-11-04,465.3599853515625,467.0,464.989990234375,466.9100036621094,438.9143371582031,52847100,False
SPY,2021-11-05,469.2799987792969,470.6499938964844,466.9200134277344,468.5299987792969,440.43719482421875,66390600,False
SPY,2021-11-08,469.70001220703125,470.2300109863281,468.20001220703125,468.92999267578125,440.8132019042969,50405200,False
SPY,2021-11-09,469.32000732421875,469.57000732421875,465.8800048828125,467.3800048828125,439.3561096191406,51149100,False
SPY,2021-11-10,465.5799865722656,467.3800048828125,462.0400085449219,463.6199951171875,435.8215637207031,69429700,False
SPY,2021-11-11,465.2099914550781,465.2900085449219,463.75,463.7699890136719,435.9625244140625,34848500,False
SPY,2021-11-12,465.1199951171875,467.8599853515625,464.1099853515625,467.2699890136719,439.2527160644531,53466700,False
SPY,2021-11-15,468.6400146484375,468.80999755859375,466.2300109863281,467.42999267578125,439.40313720703125,46980500,False
SPY,2021-11-16,467.1499938964844,470.489990234375,467.07000732421875,469.2799987792969,441.14227294921875,48857500,False
SPY,2021-11-17,469.0,469.19000244140625,467.4800109863281,468.1400146484375,440.070556640625,47858300,False
SPY,2021-11-18,469.239990234375,470.010009765625,466.3399963378906,469.7300109863281,441.56524658203125,50625600,False
SPY,2021-11-19,469.6099853515625,470.94000244140625,468.5,468.8900146484375,440.77557373046875,57315600,False
SPY,2021-11-22,470.8900146484375,473.5400085449219,467.3500061035156,467.57000732421875,439.5348205566406,72762000,False
SPY,2021-11-23,467.2200012207031,469.1000061035156,464.45001220703125,468.19000244140625,440.1175842285156,73206500,False
SPY,2021-11-24,466.05999755859375,469.57000732421875,465.19000244140625,469.44000244140625,441.2926330566406,61858800,False
SPY,2021-11-26,462.3399963378906,463.8999938964844,457.7699890136719,458.9700012207031,431.4504699707031,112669600,False
SPY,2021-11-29,464.07000732421875,466.55999755859375,461.7300109863281,464.6000061035156,436.7427978515625,86268800,False
SPY,2021-11-30,462.0,464.0299987792969,455.29998779296875,455.55999755859375,428.2448425292969,148559600,False
SPY,2021-12-01,461.6400146484375,464.6700134277344,450.2900085449219,450.5,423.48828125,131939200,False
SPY,2021-12-02,450.7300109863281,459.07000732421875,450.30999755859375,457.3999938964844,429.9745788574219,127637800,False
SPY,2021-12-03,459.1700134277344,460.29998779296875,448.9200134277344,453.4200134277344,426.233154296875,137331600,False
SPY,2021-12-06,456.1300048828125,460.7900085449219,453.55999755859375,458.7900085449219,431.2811584472656,98977500,False
SPY,2021-12-07,464.4100036621094,468.8800048828125,458.6499938964844,468.2799987792969,440.20220947265625,95484700,False
SPY,2021-12-08,468.70001220703125,470.0,466.8299865722656,469.5199890136719,441.3678894042969,72238800,False
SPY,2021-12-09,468.1499938964844,469.6300048828125,466.1400146484375,466.3500061035156,438.38787841796875,61272600,False
SPY,2021-12-10,469.2300109863281,470.8999938964844,466.510009765625,470.739990234375,442.5147705078125,77159800,False
SPY,2021-12-13,470.19000244140625,470.55999755859375,466.2699890136719,466.57000732421875,438.5946960449219,87724700,False
SPY,2021-12-14,463.0899963378906,465.739990234375,460.25,463.3599853515625,435.5771179199219,97264100,False
SPY,2021-12-15,463.4200134277344,470.8599853515625,460.739990234375,470.6000061035156,442.3831481933594,116899300,False
SPY,2021-12-16,472.57000732421875,472.8699951171875,464.79998779296875,466.45001220703125,438.48187255859375,116568600,False
SPY,2021-12-17,461.54998779296875,464.739990234375,458.05999755859375,459.8699951171875,433.8152160644531,135511600,False
SPY,2021-12-20,454.4800109863281,455.3999938964844,451.1400146484375,454.9800109863281,429.2023010253906,107134800,False
SPY,2021-12-21,458.6099853515625,463.2099914550781,456.30999755859375,463.05999755859375,436.8244934082031,69806300,False
SPY,2021-12-22,462.7900085449219,467.80999755859375,462.5799865722656,467.69000244140625,441.192138671875,58890200,False
SPY,2021-12-23,468.75,472.19000244140625,468.6400146484375,470.6000061035156,443.9373474121094,56439700,False
SPY,2021-12-27,472.05999755859375,477.30999755859375,472.010009765625,477.260009765625,450.2198791503906,56808600,False
SPY,2021-12-28,477.7200012207031,478.80999755859375,476.05999755859375,476.8699951171875,449.85205078125,47274600,False
SPY,2021-12-29,476.9800109863281,478.55999755859375,475.9200134277344,477.4800109863281,450.427490234375,54503000,False
SPY,2021-12-30,477.92999267578125,479.0,475.6700134277344,476.1600036621094,449.1822509765625,55329000,False
SPY,2021-12-31,475.6400146484375,476.8599853515625,474.6700134277344,474.9599914550781,448.05023193359375,65237400,False
SPY,2022-01-03,476.29998779296875,477.8500061035156,473.8500061035156,477.7099914550781,450.6444091796875,72668200,False
SPY,2022-01-04,479.2200012207031,479.9800109863281,475.5799865722656,477.54998779296875,450.4934997558594,71178700,False
SPY,2022-01-05,477.1600036621094,477.9800109863281,468.2799987792969,468.3800048828125,441.84307861328125,104538900,False
SPY,2022-01-06,467.8900146484375,470.82000732421875,465.42999267578125,467.94000244140625,441.4279479980469,86858900,False
SPY,2022-01-07,467.95001220703125,469.20001220703125,464.6499938964844,466.0899963378906,439.68280029296875,85111600,False
SPY,2022-01-10,462.70001220703125,465.739990234375,456.6000061035156,465.510009765625,439.1356506347656,119362000,False
SPY,2022-01-11,465.2300109863281,469.8500061035156,462.04998779296875,469.75,443.13543701171875,74303100,False
SPY,2022-01-12,471.5899963378906,473.20001220703125,468.94000244140625,471.0199890136719,444.33349609375,67605400,False
SPY,2022-01-13,472.19000244140625,472.8800048828125,463.44000244140625,464.5299987792969,438.211181640625,91173100,False
SPY,2022-01-14,461.19000244140625,465.0899963378906,459.8999938964844,464.7200012207031,438.390380859375,95890900,False
SPY,2022-01-18,459.739990234375,459.9599914550781,455.30999755859375,456.489990234375,430.62664794921875,109709100,False
SPY,2022-01-19,458.1300048828125,459.6099853515625,451.4599914550781,451.75,426.1552429199219,109357600,False
SPY,2022-01-20,453.75,458.739990234375,444.5,446.75,421.4384765625,122379700,False
SPY,2022-01-21,445.55999755859375,448.05999755859375,437.95001220703125,437.9800109863281,413.1654052734375,202271200,False
SPY,2022-01-24,432.0299987792969,440.3800048828125,420.760009765625,439.8399963378906,414.9200134277344,251783900,False
SPY,2022-01-25,433.05999755859375,439.7200012207031,427.1499938964844,434.4700012207031,409.8543395996094,167997300,False
SPY,2022-01-26,440.7200012207031,444.0400085449219,428.8599853515625,433.3800048828125,408.82598876953125,186391100,False
SPY,2022-01-27,438.260009765625,441.5899963378906,429.45001220703125,431.239990234375,406.8072509765625,149878300,False
SPY,2022-01-28,432.67999267578125,442.0,427.82000732421875,441.95001220703125,416.9105224609375,164457400,False
SPY,2022-01-31,441.239990234375,450.2799987792969,439.80999755859375,449.9100036621094,424.4195251464844,152251400,False
SPY,2022-02-01,450.67999267578125,453.6300048828125,446.94000244140625,452.95001220703125,427.2872619628906,123155400,False
SPY,2022-02-02,455.5,458.1199951171875,453.04998779296875,457.3500061035156,431.43804931640625,117361000,False
SPY,2022-02-03,450.95001220703125,452.9700012207031,445.7099914550781,446.6000061035156,421.2970886230469,118024400,False
SPY,2022-02-04,446.3500061035156,452.7799987792969,443.8299865722656,448.70001220703125,423.278076171875,118454400,False
SPY,2022-02-07,449.510009765625,450.989990234375,445.8500061035156,447.260009765625,421.919677734375,84472900,False
SPY,2022-02-08,446.7300109863281,451.9200134277344,445.2200012207031,450.94000244140625,425.39117431640625,81012000,False
SPY,2022-02-09,455.2200012207031,457.8800048828125,455.010009765625,457.5400085449219,431.61724853515625,92589900,False
SPY,2022-02-10,451.3399963378906,457.7099914550781,447.20001220703125,449.32000732421875,423.8629150390625,140103700,False
SPY,2022-02-11,449.4100036621094,451.6099853515625,438.94000244140625,440.4599914550781,415.5048828125,153214600,False
SPY,2022-02-14,439.9200134277344,441.6000061035156,435.3399963378906,439.0199890136719,414.1465148925781,123006300,False
SPY,2022-02-15,443.7300109863281,446.2799987792969,443.17999267578125,446.1000061035156,420.8254089355469,88482700,False
SPY,2022-02-16,443.92999267578125,448.05999755859375,441.94000244140625,446.6000061035156,421.2970886230469,84863600,False
SPY,2022-02-17,443.2200012207031,446.57000732421875,436.4200134277344,437.05999755859375,412.29754638671875,102259100,False
SPY,2022-02-18,437.3299865722656,438.6600036621094,431.82000732421875,434.2300109863281,409.6278991699219,132642900,False
SPY,2022-02-22,431.8900146484375,435.5,425.8599853515625,429.57000732421875,405.2319641113281,124391800,False
SPY,2022-02-23,432.6600036621094,433.260009765625,421.3500061035156,421.95001220703125,398.0435791015625,132578000,False
SPY,2022-02-24,411.0199890136719,428.760009765625,410.6400146484375,428.29998779296875,404.0338439941406,213942900,False
SPY,2022-02-25,429.6099853515625,437.8399963378906,427.8599853515625,437.75,412.94842529296875,121804500,False
SPY,2022-02-28,432.0299987792969,438.20001220703125,430.70001220703125,436.6300048828125,411.89190673828125,145615000,False
SPY,2022-03-01,435.0400085449219,437.1700134277344,427.1099853515625,429.9800109863281,405.6186218261719,137785900,False
SPY,2022-03-02,432.3699951171875,439.7200012207031,431.57000732421875,437.8900146484375,413.08056640625,117726500,False
SPY,2022-03-03,440.4700012207031,441.1099853515625,433.79998779296875,435.7099914550781,411.0240173339844,105501700,False
SPY,2022-03-04,431.75,433.3699951171875,427.8800048828125,432.1700134277344,407.6845397949219,113978200,False
SPY,2022-03-07,431.54998779296875,432.29998779296875,419.3599853515625,419.42999267578125,395.6664123535156,137896600,False
SPY,2022-03-08,419.6199951171875,427.2099914550781,415.1199951171875,416.25,392.6666259765625,164772700,False
SPY,2022-03-09,425.1400146484375,429.510009765625,422.82000732421875,427.4100036621094,403.19427490234375,116990800,False
SPY,2022-03-10,422.5199890136719,426.42999267578125,420.44000244140625,425.4800109863281,401.3736877441406,93972700,False
SPY,2022-03-11,428.1199951171875,428.7699890136719,419.5299987792969,420.07000732421875,396.2701416015625,95636300,False
SPY,2022-03-14,420.8900146484375,424.54998779296875,415.7900085449219,417.0,393.37408447265625,95729200,False
SPY,2022-03-15,419.7699890136719,426.8399963378906,418.4200134277344,426.1700134277344,402.02459716796875,106219100,False
SPY,2022-03-16,429.8900146484375,435.67999267578125,424.79998779296875,435.6199951171875,410.9390869140625,144954800,False
SPY,2022-03-17,433.5899963378906,441.07000732421875,433.19000244140625,441.07000732421875,416.0803527832031,102676900,False
SPY,2022-03-18,438.0,444.8599853515625,437.2200012207031,444.5199890136719,420.6375427246094,106345500,False
SPY,2022-03-21,444.3399963378906,446.4599914550781,440.67999267578125,444.3900146484375,420.5145568847656,88349800,False
SPY,2022-03-22,445.8599853515625,450.5799865722656,445.8599853515625,449.5899963378906,425.4352722167969,74650400,False
SPY,2022-03-23,446.9100036621094,448.489990234375,443.7099914550781,443.79998779296875,419.956298828125,79426100,False
SPY,2022-03-24,445.94000244140625,450.5,444.760009765625,450.489990234375,426.2868347167969,64736900,False
SPY,2022-03-25,451.1600036621094,452.9800109863281,448.42999267578125,452.69000244140625,428.3686828613281,77101300,False
SPY,2022-03-28,452.05999755859375,455.9100036621094,450.05999755859375,455.9100036621094,431.4156188964844,68529800,False
SPY,2022-03-29,460.0199890136719,462.07000732421875,457.17999267578125,461.54998779296875,436.7527160644531,86581500,False
SPY,2022-03-30,460.3399963378906,461.20001220703125,456.4700012207031,458.70001220703125,434.05572509765625,79666900,False
SPY,2022-03-31,457.8900146484375,458.760009765625,451.1600036621094,451.6400146484375,427.3750915527344,121699900,False
SPY,2022-04-01,453.30999755859375,453.4599914550781,449.1400146484375,452.9200134277344,428.5863342285156,89048800,False
SPY,2022-04-04,453.1300048828125,456.9100036621094,452.260009765625,456.79998779296875,432.2577819824219,59601000,False
SPY,2022-04-05,455.2200012207031,457.8299865722656,449.82000732421875,451.0299987792969,426.7978515625,74214500,False
SPY,2022-04-06,446.8900146484375,448.92999267578125,443.4700012207031,446.5199890136719,422.53009033203125,106898000,False
SPY,2022-04-07,445.5899963378906,450.69000244140625,443.5299987792969,448.7699890136719,424.65924072265625,78097200,False
SPY,2022-04-08,447.9700012207031,450.6300048828125,445.94000244140625,447.57000732421875,423.523681640625,79272700,False
SPY,2022-04-11,444.1099853515625,445.0,439.3900146484375,439.9200134277344,416.2846984863281,89770500,False
SPY,2022-04-12,443.0799865722656,445.75,436.6499938964844,438.2900085449219,414.74237060546875,84363600,False
SPY,2022-04-13,438.0299987792969,444.1099853515625,437.8399963378906,443.30999755859375,419.4926452636719,74070400,False
SPY,2022-04-14,443.54998779296875,444.7300109863281,437.67999267578125,437.7900085449219,414.2691955566406,97869500,False
SPY,2022-04-18,436.80999755859375,439.75,435.6099853515625,437.9700012207031,414.439453125,66002500,False
SPY,2022-04-19,437.8599853515625,445.79998779296875,437.67999267578125,445.0400085449219,421.129638671875,77821000,False
SPY,2022-04-20,446.9200134277344,447.57000732421875,443.4800109863281,444.7099914550781,420.81744384765625,65224400,False
SPY,2022-04-21,448.5400085449219,450.010009765625,437.1000061035156,438.05999755859375,414.52471923828125,85417300,False
SPY,2022-04-22,436.9100036621094,438.0799865722656,425.44000244140625,426.0400085449219,403.15045166015625,132471800,False
SPY,2022-04-25,423.6700134277344,428.69000244140625,418.8399963378906,428.510009765625,405.4877624511719,119647700,False
SPY,2022-04-26,425.8299865722656,426.0400085449219,416.07000732421875,416.1000061035156,393.7445068359375,103996300,False
SPY,2022-04-27,417.239990234375,422.9200134277344,415.010009765625,417.2699890136719,394.8515930175781,122030000,False
SPY,2022-04-28,422.2900085449219,429.6400146484375,417.6000061035156,427.80999755859375,404.8253479003906,105449100,False
SPY,2022-04-29,423.5899963378906,425.8699951171875,411.2099914550781,412.0,389.86474609375,145491100,False
SPY,2022-05-02,412.07000732421875,415.9200134277344,405.0199890136719,414.4800109863281,392.21148681640625,158312500,False
SPY,2022-05-03,415.010009765625,418.92999267578125,413.3599853515625,416.3800048828125,394.0093994140625,100028200,False
SPY,2022-05-04,417.0799865722656,429.6600036621094,413.7099914550781,429.05999755859375,406.0081787109375,144247900,False
SPY,2022-05-05,424.54998779296875,425.0,409.44000244140625,413.80999755859375,391.5775146484375,172929100,False
SPY,2022-05-06,411.1000061035156,414.79998779296875,405.7300109863281,411.3399963378906,389.240234375,151770800,False
SPY,2022-05-09,405.1000061035156,406.4100036621094,396.5,398.1700134277344,376.77783203125,155586100,False
SPY,2022-05-10,404.489990234375,406.0799865722656,394.82000732421875,399.0899963378906,377.64837646484375,132497200,False
SPY,2022-05-11,398.07000732421875,404.0400085449219,391.9599914550781,392.75,371.6490173339844,142361000,False
SPY,2022-05-12,389.3699951171875,395.79998779296875,385.1499938964844,392.3399963378906,371.2610168457031,125090800,False
SPY,2022-05-13,396.7099914550781,403.17999267578125,395.6099853515625,401.7200012207031,380.1370544433594,104174400,False
SPY,2022-05-16,399.9800109863281,403.9700012207031,397.6000061035156,400.0899963378906,378.59466552734375,78622400,False
SPY,2022-05-17,406.5299987792969,408.57000732421875,402.5799865722656,408.32000732421875,386.38250732421875,83029700,False
SPY,2022-05-18,403.5,403.79998779296875,390.54998779296875,391.8599853515625,370.8067932128906,117674500,False
SPY,2022-05-19,388.6199951171875,394.1400146484375,387.1099853515625,389.4599914550781,368.5357360839844,98510700,False
SPY,2022-05-20,393.25,397.0299987792969,380.5400085449219,389.6300048828125,368.6966857910156,131432200,False
SPY,2022-05-23,392.8299865722656,397.7300109863281,390.3800048828125,396.9200134277344,375.59503173828125,76414900,False
SPY,2022-05-24,392.55999755859375,395.1499938964844,386.9599914550781,393.8900146484375,372.727783203125,91448800,False
SPY,2022-05-25,392.30999755859375,399.45001220703125,391.8900146484375,397.3699951171875,376.0207824707031,91472900,False
SPY,2022-05-26,398.6700134277344,407.0400085449219,398.45001220703125,405.30999755859375,383.5342102050781,82168300,False
SPY,2022-05-27,407.9100036621094,415.3800048828125,407.70001220703125,415.260009765625,392.94964599609375,84768700,False
SPY,2022-05-31,413.54998779296875,416.4599914550781,410.0299987792969,412.92999267578125,390.7447814941406,95937000,False
SPY,2022-06-01,415.1700134277344,416.239990234375,406.92999267578125,409.5899963378906,387.5841979980469,86585800,False
SPY,2022-06-02,409.4200134277344,417.44000244140625,407.0400085449219,417.3900146484375,394.96527099609375,79609600,False
SPY,2022-06-03,412.3999938964844,414.0400085449219,409.510009765625,410.5400085449219,388.4833068847656,71874300,False
SPY,2022-06-06,414.7799987792969,416.6099853515625,410.54998779296875,411.7900085449219,389.6661376953125,57508900,False
SPY,2022-06-07,408.1000061035156,416.2200012207031,407.6099853515625,415.739990234375,393.40380859375,59272400,False
SPY,2022-06-08,413.92999267578125,415.82000732421875,410.3800048828125,411.2200012207031,389.1265869140625,64350000,False
SPY,2022-06-09,409.3399963378906,411.739990234375,401.44000244140625,401.44000244140625,379.87213134765625,86289800,False
SPY,2022-06-10,394.8800048828125,395.7799987792969,389.75,389.79998779296875,368.85748291015625,132893900,False
SPY,2022-06-13,379.8500061035156,381.80999755859375,373.29998779296875,375.0,354.85260009765625,170004900,False
SPY,2022-06-14,376.8500061035156,377.94000244140625,370.5899963378906,373.8699951171875,353.7833251953125,104011800,False
SPY,2022-06-15,377.3599853515625,383.8999938964844,372.1199951171875,379.20001220703125,358.8269958496094,125666800,False
SPY,2022-06-16,370.510009765625,370.94000244140625,364.0799865722656,366.6499938964844,346.95123291015625,134473300,False
SPY,2022-06-17,365.510009765625,369.3800048828125,362.1700134277344,365.8599853515625,347.69915771484375,111113900,False
SPY,2022-06-21,371.8900146484375,376.5299987792969,371.80999755859375,375.07000732421875,356.4520568847656,76811900,False
SPY,2022-06-22,370.6199951171875,378.7200012207031,370.17999267578125,374.3900146484375,355.8057861328125,90059400,False
SPY,2022-06-23,376.6400146484375,378.8299865722656,372.8900146484375,378.05999755859375,359.29364013671875,79292100,False
SPY,2022-06-24,381.3999938964844,390.0899963378906,381.3699951171875,390.0799865722656,370.7169494628906,98050300,False
SPY,2022-06-27,391.04998779296875,391.3599853515625,387.44000244140625,388.5899963378906,369.3009338378906,66009600,False
SPY,2022-06-28,390.2300109863281,393.1600036621094,380.5299987792969,380.6499938964844,361.7550964355469,86548900,False
SPY,2022-06-29,381.2300109863281,382.2699890136719,378.4200134277344,380.3399963378906,361.46038818359375,65676000,False
SPY,2022-06-30,376.239990234375,380.6600036621094,372.55999755859375,377.25,358.5238037109375,112508300,False
SPY,2022-07-01,376.55999755859375,381.70001220703125,373.79998779296875,381.239990234375,362.3157653808594,74839700,False
SPY,2022-07-05,375.8800048828125,381.9800109863281,372.8999938964844,381.9599914550781,363.0,81438000,False
SPY,2022-07-06,382.1099853515625,385.8699951171875,379.6000061035156,383.25,364.22601318359375,70426200,False
SPY,2022-07-07,385.1199951171875,389.8299865722656,383.2699890136719,388.989990234375,369.6810302734375,64525900,False
SPY,2022-07-08,387.2699890136719,390.6400146484375,385.6600036621094,388.6700134277344,369.376953125,72397800,False
SPY,2022-07-11,385.8500061035156,386.8699951171875,383.5,384.2300109863281,365.1573486328125,58366900,False
SPY,2022-07-12,383.6499938964844,386.1600036621094,378.989990234375,380.8299865722656,361.9261169433594,62219200,False
SPY,2022-07-13,375.1000061035156,381.9200134277344,374.6600036621094,378.8299865722656,360.02532958984375,84224600,False
SPY,2022-07-14,373.6099853515625,379.04998779296875,371.0400085449219,377.9100036621094,359.1510314941406,89704800,False
SPY,2022-07-15,382.54998779296875,385.25,380.5400085449219,385.1300048828125,366.0126953125,79060400,False
SPY,2022-07-18,388.3800048828125,389.0899963378906,380.6600036621094,381.95001220703125,362.9905090332031,63203600,False
SPY,2022-07-19,386.0799865722656,392.8699951171875,385.3900146484375,392.2699890136719,372.7982177734375,78506000,False
SPY,2022-07-20,392.4700012207031,396.260009765625,391.0299987792969,394.7699890136719,375.1741638183594,71843800,False
SPY,2022-07-21,394.1600036621094,398.8399963378906,391.6300048828125,398.7900085449219,378.99462890625,64903900,False
SPY,2022-07-22,398.9200134277344,400.17999267578125,392.75,395.0899963378906,375.4782409667969,72197300,False
SPY,2022-07-25,395.75,396.4700012207031,393.2099914550781,395.57000732421875,375.9344787597656,53631500,False
SPY,2022-07-26,393.8399963378906,394.05999755859375,389.95001220703125,390.8900146484375,371.48675537109375,52946400,False
SPY,2022-07-27,394.3599853515625,402.8800048828125,394.04998779296875,401.0400085449219,381.1328430175781,82342100,False
SPY,2022-07-28,401.8900146484375,406.79998779296875,398.1499938964844,406.07000732421875,385.9132385253906,73966600,False
SPY,2022-07-29,407.5799865722656,413.0299987792969,406.7699890136719,411.989990234375,391.53936767578125,87003700,False
SPY,2022-08-01,409.1499938964844,413.4100036621094,408.3999938964844,410.7699890136719,390.37994384765625,69997500,False
SPY,2022-08-02,409.1199951171875,413.0,406.82000732421875,408.05999755859375,387.80450439453125,63435400,False
SPY,2022-08-03,410.29998779296875,415.67999267578125,410.0,414.45001220703125,393.8773193359375,67820600,False
SPY,2022-08-04,414.3699951171875,415.0899963378906,412.44000244140625,414.1700134277344,393.6111755371094,45656600,False
SPY,2022-08-05,409.6600036621094,414.1499938964844,409.6000061035156,413.4700012207031,392.9459533691406,56814900,False
SPY,2022-08-08,415.25,417.6199951171875,411.8299865722656,412.989990234375,392.4897155761719,53886100,False
SPY,2022-08-09,412.2200012207031,412.75,410.2200012207031,411.3500061035156,390.93115234375,44931800,False
SPY,2022-08-10,418.7799987792969,420.1400146484375,416.7200012207031,419.989990234375,399.14227294921875,68665700,False
SPY,2022-08-11,422.989990234375,424.95001220703125,419.2099914550781,419.989990234375,399.14227294921875,59489700,False
SPY,2022-08-12,422.0299987792969,427.2099914550781,421.0299987792969,427.1000061035156,405.8993835449219,61694500,False
SPY,2022-08-15,424.7699890136719,429.4100036621094,424.7099914550781,428.8599853515625,407.57196044921875,54048300,False
SPY,2022-08-16,427.7300109863281,431.7300109863281,426.8800048828125,429.70001220703125,408.37030029296875,59289000,False
SPY,2022-08-17,425.9100036621094,429.5,424.5400085449219,426.6499938964844,405.4715881347656,63563400,False
SPY,2022-08-18,426.8599853515625,428.6099853515625,425.5,427.8900146484375,406.65008544921875,49023200,False
SPY,2022-08-19,424.9800109863281,425.260009765625,421.2200012207031,422.1400146484375,401.18560791015625,68016900,False
SPY,2022-08-22,417.04998779296875,417.2300109863281,412.3999938964844,413.3500061035156,392.83184814453125,77695600,False
SPY,2022-08-23,412.8999938964844,415.4200134277344,411.7699890136719,412.3500061035156,391.8814697265625,49105200,False
SPY,2022-08-24,412.1099853515625,415.1099853515625,411.3900146484375,413.6700134277344,393.1360168457031,49177800,False
SPY,2022-08-25,415.239990234375,419.55999755859375,414.0899963378906,419.510009765625,398.6860656738281,50942300,False
SPY,2022-08-26,419.3900146484375,419.9599914550781,405.25,405.30999755859375,385.19097900390625,103087000,False
SPY,2022-08-29,402.20001220703125,405.8399963378906,401.20001220703125,402.6300048828125,382.64404296875,65370800,False
SPY,2022-08-30,403.8500061035156,404.1000061035156,396.0,398.2099914550781,378.4433898925781,85652400,False
SPY,2022-08-31,399.92999267578125,401.239990234375,395.0400085449219,395.17999267578125,375.5638427734375,76029700,False
SPY,2022-09-01,392.8900146484375,396.7799987792969,390.0400085449219,396.4200134277344,376.7422790527344,78740100,False
SPY,2022-09-02,400.2799987792969,401.55999755859375,390.3299865722656,392.239990234375,372.76971435546875,99632100,False
SPY,2022-09-06,393.1300048828125,394.1199951171875,388.4200134277344,390.760009765625,371.36322021484375,76637400,False
SPY,2022-09-07,390.42999267578125,398.5899963378906,390.20001220703125,397.7799987792969,378.03472900390625,70964200,False
SPY,2022-09-08,395.3900146484375,400.8599853515625,394.1199951171875,400.3800048828125,380.5057373046875,80821700,False
SPY,2022-09-09,402.739990234375,407.510009765625,402.4599914550781,406.6000061035156,386.4168701171875,76706900,False
SPY,2022-09-12,408.7799987792969,411.7300109863281,408.4599914550781,410.9700012207031,390.5700378417969,69256300,False
SPY,2022-09-13,401.8299865722656,403.1000061035156,391.9200134277344,393.1000061035156,373.5870666503906,122947100,False
SPY,2022-09-14,394.4700012207031,396.20001220703125,391.1199951171875,394.6000061035156,375.0126037597656,85023700,False
SPY,2022-09-15,392.9599914550781,395.9599914550781,388.7799987792969,390.1199951171875,370.7549743652344,87633800,False
SPY,2022-09-16,384.1400146484375,386.25,382.1099853515625,385.55999755859375,367.926513671875,103084800,False
SPY,2022-09-19,382.260009765625,388.54998779296875,382.17999267578125,388.54998779296875,370.77978515625,73278500,False
SPY,2022-09-20,385.05999755859375,386.1199951171875,381.20001220703125,384.0899963378906,366.5237121582031,77274900,False
SPY,2022-09-21,386.1099853515625,389.30999755859375,377.3800048828125,377.3900146484375,360.1301574707031,106746600,False
SPY,2022-09-22,376.5799865722656,378.29998779296875,373.44000244140625,374.2200012207031,357.10516357421875,89472600,False
SPY,2022-09-23,370.5799865722656,370.6199951171875,363.2900085449219,367.95001220703125,351.1219482421875,122346900,False
SPY,2022-09-26,366.4100036621094,370.2099914550781,363.0299987792969,364.30999755859375,347.6483154296875,92581200,False
SPY,2022-09-27,368.0199890136719,370.3999938964844,360.8699951171875,363.3800048828125,346.76092529296875,108294100,False
SPY,2022-09-28,364.3800048828125,372.29998779296875,362.6000061035156,370.5299987792969,353.58392333984375,110802200,False
SPY,2022-09-29,366.80999755859375,367.1099853515625,359.70001220703125,362.7900085449219,346.19793701171875,112952300,False
SPY,2022-09-30,361.79998779296875,365.9100036621094,357.0400085449219,357.17999267578125,340.8444519042969,153711200,False
SPY,2022-10-03,361.0799865722656,368.54998779296875,359.2099914550781,366.6099853515625,349.8431396484375,89756500,False
SPY,2022-10-04,372.3999938964844,378.0,366.57000732421875,377.9700012207031,360.6835632324219,103602800,False
SPY,2022-10-05,373.3900146484375,379.4599914550781,370.95001220703125,377.0899963378906,359.84393310546875,88065700,False
SPY,2022-10-06,375.6199951171875,378.7200012207031,372.67999267578125,373.20001220703125,356.1318359375,82333500,False
SPY,2022-10-07,368.9700012207031,373.2900085449219,360.94000244140625,362.7900085449219,346.19793701171875,107789500,False
SPY,2022-10-10,363.9599914550781,364.2099914550781,357.6700134277344,360.0199890136719,343.5545959472656,76042800,False
SPY,2022-10-11,358.239990234375,363.0299987792969,355.7099914550781,357.739990234375,341.3788757324219,92482800,False
SPY,2022-10-12,358.1700134277344,359.82000732421875,356.29998779296875,356.55999755859375,340.2527770996094,76991800,False
SPY,2022-10-13,349.2099914550781,367.510009765625,348.1099853515625,365.9700012207031,349.23248291015625,147254500,False
SPY,2022-10-14,368.54998779296875,370.260009765625,356.9599914550781,357.6300048828125,341.27386474609375,123737000,False
SPY,2022-10-17,364.010009765625,367.9800109863281,357.2799987792969,366.82000732421875,350.04364013671875,93168200,False
SPY,2022-10-18,375.1300048828125,375.45001220703125,367.5199890136719,371.1300048828125,354.1565246582031,97162900,False
SPY,2022-10-19,368.989990234375,371.8500061035156,365.54998779296875,368.5,351.646728515625,79746900,False
SPY,2022-10-20,368.0299987792969,372.6700134277344,364.6099853515625,365.4100036621094,348.69805908203125,88283100,False
SPY,2022-10-21,365.1199951171875,374.79998779296875,363.5400085449219,374.2900085449219,357.1720275878906,131038400,False
SPY,2022-10-24,375.8900146484375,380.05999755859375,373.1099853515625,378.8699951171875,361.54248046875,85436900,False
SPY,2022-10-25,378.7900085449219,385.25,378.6700134277344,384.9200134277344,367.3157958984375,78846300,False
SPY,2022-10-26,381.6199951171875,387.5799865722656,381.3500061035156,382.0199890136719,364.5484313964844,104087300,False
SPY,2022-10-27,383.07000732421875,385.0,379.3299865722656,379.9800109863281,362.60174560546875,81971800,False
SPY,2022-10-28,379.8699951171875,389.5199890136719,379.67999267578125,389.0199890136719,371.22821044921875,100302000,False
SPY,2022-10-31,386.44000244140625,388.3999938964844,385.260009765625,386.2099914550781,368.5468444824219,96631300,False
SPY,2022-11-01,390.1400146484375,390.3900146484375,383.2900085449219,384.5199890136719,366.93414306640625,85407600,False
SPY,2022-11-02,383.8999938964844,388.6300048828125,374.760009765625,374.8699951171875,357.7253723144531,126990400,False
SPY,2022-11-03,371.4700012207031,374.20001220703125,368.7900085449219,371.010009765625,354.0419616699219,87100100,False
SPY,2022-11-04,377.0,378.8699951171875,370.0,376.3500061035156,359.1378173828125,103505200,False
SPY,2022-11-07,377.7099914550781,380.57000732421875,375.5299987792969,379.95001220703125,362.5730895996094,68286900,False
SPY,2022-11-08,381.1099853515625,385.1199951171875,377.7200012207031,382.0,364.52935791015625,84641100,False
SPY,2022-11-09,379.92999267578125,381.1400146484375,373.6099853515625,374.1300048828125,357.0192565917969,78495500,False
SPY,2022-11-10,388.04998779296875,395.0400085449219,385.6400146484375,394.69000244140625,376.6389465332031,141455800,True
SPY,2022-11-11,395.5899963378906,399.3500061035156,393.6099853515625,398.510009765625,380.28424072265625,93839900,False
SPY,2022-11-14,396.6600036621094,400.17999267578125,394.8299865722656,395.1199951171875,377.0492858886719,71903500,False
SPY,2022-11-15,401.1499938964844,402.30999755859375,394.489990234375,398.489990234375,380.2651672363281,93194500,False
SPY,2022-11-16,396.7799987792969,397.7799987792969,394.7900085449219,395.45001220703125,377.3642272949219,68508500,False
SPY,2022-11-17,390.4599914550781,394.95001220703125,390.1400146484375,394.239990234375,376.20947265625,74496300,False
SPY,2022-11-18,397.739990234375,397.80999755859375,393.0400085449219,396.0299987792969,377.91766357421875,92922500,False
SPY,2022-11-21,394.6400146484375,395.82000732421875,392.6600036621094,394.5899963378906,376.54351806640625,51243200,False
SPY,2022-11-22,396.6300048828125,400.07000732421875,395.1499938964844,399.8999938964844,381.6107177734375,60429000,False
SPY,2022-11-23,399.54998779296875,402.92999267578125,399.30999755859375,402.4200134277344,384.0154724121094,68261600,False
SPY,2022-11-25,401.8299865722656,402.9100036621094,401.5400085449219,402.3299865722656,383.9295349121094,30545400,False
SPY,2022-11-28,399.0899963378906,400.80999755859375,395.1099853515625,395.9100036621094,377.80316162109375,67881600,False
SPY,2022-11-29,396.04998779296875,397.29998779296875,393.29998779296875,395.2300109863281,377.1542663574219,52310000,False
SPY,2022-11-30,395.489990234375,407.67999267578125,393.4800109863281,407.67999267578125,389.03485107421875,144566700,False
SPY,2022-12-01,408.7699890136719,410.0,404.75,407.3800048828125,388.7486267089844,76398200,False
SPY,2022-12-02,402.25,407.8599853515625,402.1400146484375,406.9100036621094,388.30010986328125,85342700,False
SPY,2022-12-05,403.95001220703125,404.92999267578125,398.1700134277344,399.5899963378906,381.3148498535156,77289800,False
SPY,2022-12-06,399.4200134277344,399.989990234375,391.6400146484375,393.8299865722656,375.8182678222656,77972200,False
SPY,2022-12-07,392.94000244140625,395.6400146484375,391.9700012207031,393.1600036621094,375.17889404296875,65927900,False
SPY,2022-12-08,395.1400146484375,397.3599853515625,393.2699890136719,396.239990234375,378.11810302734375,60737900,False
SPY,2022-12-09,394.94000244140625,397.6199951171875,393.1499938964844,393.2799987792969,375.29345703125,81447700,False
SPY,2022-12-12,394.1099853515625,398.95001220703125,393.4100036621094,398.95001220703125,380.7041015625,75405800,False
SPY,2022-12-13,410.2200012207031,410.489990234375,399.07000732421875,401.9700012207031,383.5860595703125,123782500,False
SPY,2022-12-14,401.6099853515625,405.5,396.30999755859375,399.3999938964844,381.133544921875,108111300,False
SPY,2022-12-15,394.29998779296875,395.25,387.8900146484375,389.6300048828125,371.8104248046875,117705900,False
SPY,2022-12-16,385.17999267578125,386.5799865722656,381.0400085449219,383.2699890136719,367.42071533203125,119858000,False
SPY,2022-12-19,383.4700012207031,383.82000732421875,378.2799987792969,380.0199890136719,364.3050537109375,79878100,False
SPY,2022-12-20,379.2300109863281,382.2300109863281,377.8500061035156,380.5400085449219,364.8036193847656,74427200,False
SPY,2022-12-21,383.25,387.4100036621094,382.69000244140625,386.2300109863281,370.25836181640625,78167400,False
SPY,2022-12-22,383.04998779296875,386.2099914550781,374.7699890136719,380.7200012207031,364.9761962890625,100120900,False
SPY,2022-12-23,379.6499938964844,383.05999755859375,378.0299987792969,382.9100036621094,367.07568359375,59857300,False
SPY,2022-12-27,382.7900085449219,383.1499938964844,379.6499938964844,381.3999938964844,365.6280822753906,51638200,False
SPY,2022-12-28,381.3299865722656,383.3900146484375,376.4200134277344,376.6600036621094,361.0841369628906,70911500,False
SPY,2022-12-29,379.6300048828125,384.3500061035156,379.0799865722656,383.44000244140625,367.5837097167969,66970900,False
SPY,2022-12-30,380.6400146484375,382.5799865722656,378.42999267578125,382.42999267578125,366.615478515625,84022200,False
SPY,2023-01-03,384.3699951171875,386.42999267578125,377.8299865722656,380.82000732421875,365.0720520019531,74850700,False
SPY,2023-01-04,383.17999267578125,385.8800048828125,380.0,383.760009765625,367.8905334472656,85934100,False
SPY,2023-01-05,381.7200012207031,381.8399963378906,378.760009765625,379.3800048828125,363.6916198730469,76970500,False
SPY,2023-01-06,382.6099853515625,389.25,379.4100036621094,388.0799865722656,372.0318908691406,104189600,False
SPY,2023-01-09,390.3699951171875,393.70001220703125,387.6700134277344,387.8599853515625,371.82098388671875,73978100,False
SPY,2023-01-10,387.25,390.6499938964844,386.2699890136719,390.5799865722656,374.4284362792969,65358100,False
SPY,2023-01-11,392.2300109863281,395.6000061035156,391.3800048828125,395.5199890136719,379.16412353515625,68881100,False
SPY,2023-01-12,396.6700134277344,398.489990234375,392.4200134277344,396.9599914550781,380.5445861816406,90157700,False
SPY,2023-01-13,393.6199951171875,399.1000061035156,393.3399963378906,398.5,382.0209655761719,63903900,False
SPY,2023-01-17,398.4800109863281,400.2300109863281,397.05999755859375,397.7699890136719,381.32110595703125,62677300,False
SPY,2023-01-18,399.010009765625,400.1199951171875,391.2799987792969,391.489990234375,375.30078125,99632300,False
SPY,2023-01-19,389.3599853515625,391.0799865722656,387.260009765625,388.6400146484375,372.5686340332031,86958900,False
SPY,2023-01-20,390.1000061035156,396.0400085449219,388.3800048828125,395.8800048828125,379.50927734375,91806400,False
SPY,2023-01-23,396.7200012207031,402.6499938964844,395.7200012207031,400.6300048828125,384.0628662109375,84178800,False
SPY,2023-01-24,398.8800048828125,401.1499938964844,397.6400146484375,400.20001220703125,383.650634765625,59524900,False
SPY,2023-01-25,395.95001220703125,400.70001220703125,393.55999755859375,400.3500061035156,383.79443359375,84800300,False
SPY,2023-01-26,403.1300048828125,404.9200134277344,400.0299987792969,404.75,388.0124206542969,72287400,False
SPY,2023-01-27,403.6600036621094,408.1600036621094,403.44000244140625,405.67999267578125,388.9040222167969,68346200,False
SPY,2023-01-30,402.79998779296875,405.1300048828125,400.2799987792969,400.5899963378906,384.02459716796875,74202000,False
SPY,2023-01-31,401.1300048828125,406.5299987792969,400.7699890136719,406.4800109863281,389.6709289550781,86811800,False
SPY,2023-02-01,405.2099914550781,413.6700134277344,402.3500061035156,410.79998779296875,393.8122253417969,101459200,False
SPY,2023-02-02,414.8599853515625,418.30999755859375,412.8800048828125,416.7799987792969,399.5450134277344,101654500,False
SPY,2023-02-03,411.5899963378906,416.9700012207031,411.0899963378906,412.3500061035156,395.2982482910156,94736800,False
SPY,2023-02-06,409.7900085449219,411.2900085449219,408.1000061035156,409.8299865722656,392.8824462890625,60295300,False
SPY,2023-02-07,408.8699951171875,416.489990234375,407.57000732421875,415.19000244140625,398.0207824707031,90990700,False
SPY,2023-02-08,413.1300048828125,414.5299987792969,409.92999267578125,410.6499938964844,393.66845703125,76227500,False
SPY,2023-02-09,414.4100036621094,414.57000732421875,405.80999755859375,407.0899963378906,390.2557067871094,78694900,False
SPY,2023-02-10,405.8599853515625,408.44000244140625,405.010009765625,408.0400085449219,391.1663818359375,70769700,False
SPY,2023-02-13,408.7200012207031,412.9700012207031,408.239990234375,412.8299865722656,395.75836181640625,64913500,False
SPY,2023-02-14,411.239990234375,415.04998779296875,408.510009765625,412.6400146484375,395.57623291015625,88389300,False
SPY,2023-02-15,410.3500061035156,414.05999755859375,409.4700012207031,413.9800109863281,396.8608093261719,61555700,False
SPY,2023-02-16,408.7900085449219,412.9100036621094,408.1400146484375,408.2799987792969,391.39642333984375,76431500,False
SPY,2023-02-17,406.05999755859375,407.510009765625,404.04998779296875,407.260009765625,390.4187316894531,89257800,False
SPY,2023-02-21,403.05999755859375,404.1600036621094,398.82000732421875,399.0899963378906,382.58648681640625,82655900,False
SPY,2023-02-22,399.5199890136719,401.1300048828125,397.0199890136719,398.5400085449219,382.059326171875,83742300,False
SPY,2023-02-23,401.55999755859375,402.20001220703125,396.25,400.6600036621094,384.09161376953125,96242400,False
SPY,2023-02-24,395.4200134277344,397.25,393.6400146484375,396.3800048828125,379.9886474609375,108194400,False
SPY,2023-02-27,399.8699951171875,401.2900085449219,396.75,397.7300109863281,381.28277587890625,80444700,False
SPY,2023-02-28,397.2300109863281,399.2799987792969,396.1499938964844,396.260009765625,379.87359619140625,96438600,False
SPY,2023-03-01,395.4100036621094,396.69000244140625,393.3800048828125,394.739990234375,378.41644287109375,99706800,False
SPY,2023-03-02,392.67999267578125,398.69000244140625,392.3299865722656,397.80999755859375,381.3594970703125,85127800,False
SPY,2023-03-03,399.7099914550781,404.45001220703125,399.0299987792969,404.19000244140625,387.4756774902344,90120000,False
SPY,2023-03-06,405.04998779296875,407.45001220703125,404.010009765625,404.4700012207031,387.7440185546875,72795900,False
SPY,2023-03-07,404.4200134277344,404.6700134277344,397.6300048828125,398.2699890136719,381.8004455566406,108310600,False
SPY,2023-03-08,398.3900146484375,399.7099914550781,396.5899963378906,398.9200134277344,382.423583984375,74746600,False
SPY,2023-03-09,399.739990234375,401.4800109863281,390.5299987792969,391.55999755859375,375.36798095703125,111945300,False
SPY,2023-03-10,390.989990234375,393.1600036621094,384.32000732421875,385.9100036621094,369.9516296386719,189253000,False
SPY,2023-03-13,381.80999755859375,390.3900146484375,380.6499938964844,385.3599853515625,369.42425537109375,157790000,False
SPY,2023-03-14,390.5,393.45001220703125,387.04998779296875,391.7300109863281,375.5309143066406,149752400,False
SPY,2023-03-15,385.8900146484375,389.489990234375,383.7099914550781,389.2799987792969,373.1821594238281,172996900,False
SPY,2023-03-16,386.82000732421875,396.4700012207031,386.2900085449219,396.1099853515625,379.7297668457031,143254200,False
SPY,2023-03-17,393.2200012207031,394.3999938964844,388.54998779296875,389.989990234375,375.2896728515625,140553400,False
SPY,2023-03-20,390.79998779296875,394.1700134277344,390.07000732421875,393.739990234375,378.8983154296875,93055800,False
SPY,2023-03-21,397.239990234375,399.4100036621094,395.5799865722656,398.9100036621094,383.8735046386719,91524200,False
SPY,2023-03-22,398.7300109863281,402.489990234375,392.07000732421875,392.1099853515625,377.329833984375,111746600,False
SPY,2023-03-23,395.0899963378906,399.2900085449219,390.3500061035156,393.1700134277344,378.3498229980469,119351300,False
SPY,2023-03-24,391.8399963378906,395.8399963378906,389.3999938964844,395.75,380.8325500488281,107682400,False
SPY,2023-03-27,398.1199951171875,398.9200134277344,395.55999755859375,396.489990234375,381.544677734375,74010400,False
SPY,2023-03-28,395.7699890136719,396.489990234375,393.69000244140625,395.6000061035156,380.6882629394531,62871700,False
SPY,2023-03-29,399.92999267578125,401.6000061035156,398.67999267578125,401.3500061035156,386.2214660644531,77497900,False
SPY,2023-03-30,404.0899963378906,404.3500061035156,401.760009765625,403.70001220703125,388.4829406738281,69840000,False
SPY,2023-03-31,404.6600036621094,409.70001220703125,404.54998779296875,409.3900146484375,393.95843505859375,112062600,False
SPY,2023-04-03,408.8500061035156,411.3699951171875,408.44000244140625,410.95001220703125,395.4596252441406,67391100,False
SPY,2023-04-04,411.6199951171875,411.9200134277344,407.239990234375,408.6700134277344,393.2655944824219,66601500,False
SPY,2023-04-05,407.9100036621094,408.70001220703125,405.8800048828125,407.6000061035156,392.23590087890625,65200200,False
SPY,2023-04-06,406.7699890136719,409.4800109863281,405.67999267578125,409.19000244140625,393.76593017578125,63743300,False
SPY,2023-04-10,406.6099853515625,409.69000244140625,405.9700012207031,409.6099853515625,394.170166015625,63681000,False
SPY,2023-04-11,410.260009765625,411.17999267578125,408.9200134277344,409.7200012207031,394.2759704589844,59297900,False
SPY,2023-04-12,411.8699951171875,412.1700134277344,407.44000244140625,408.04998779296875,392.6689453125,86420400,False
SPY,2023-04-13,409.17999267578125,413.8399963378906,407.989990234375,413.4700012207031,397.88470458984375,85814800,False
SPY,2023-04-14,412.80999755859375,415.0899963378906,410.05999755859375,412.4599914550781,396.91265869140625,78161500,False
SPY,2023-04-17,412.3699951171875,413.9599914550781,411.0899963378906,413.94000244140625,398.3369445800781,66436400,False
SPY,2023-04-18,415.5799865722656,415.7200012207031,412.7799987792969,414.2099914550781,398.5967712402344,63560000,False
SPY,2023-04-19,412.2200012207031,415.0799865722656,412.1600036621094,414.1400146484375,398.5294189453125,55227300,False
SPY,2023-04-20,411.2099914550781,413.70001220703125,410.2699890136719,411.8800048828125,396.3546447753906,75840400,False
SPY,2023-04-21,412.19000244140625,412.67999267578125,410.1700134277344,412.20001220703125,396.6625671386719,73457400,False
SPY,2023-04-24,411.989990234375,413.07000732421875,410.6000061035156,412.6300048828125,397.0762939453125,64332100,False
SPY,2023-04-25,410.5799865722656,411.1600036621094,406.0199890136719,406.0799865722656,390.7732238769531,97766700,False
SPY,2023-04-26,406.7200012207031,407.8399963378906,403.7799987792969,404.3599853515625,389.11798095703125,80447000,False
SPY,2023-04-27,407.0,412.69000244140625,406.739990234375,412.4100036621094,396.8646240234375,92968400,False
SPY,2023-04-28,411.489990234375,415.94000244140625,411.42999267578125,415.92999267578125,400.251953125,89433100,False
SPY,2023-05-01,415.4700012207031,417.6199951171875,415.2699890136719,415.510009765625,399.8477478027344,62122300,False
SPY,2023-05-02,414.7699890136719,414.82000732421875,407.82000732421875,410.8399963378906,395.3537902832031,103998500,False
SPY,2023-05-03,411.3599853515625,413.8699951171875,407.7699890136719,408.0199890136719,392.6401062011719,91531800,False
SPY,2023-05-04,406.92999267578125,407.2699890136719,403.739990234375,405.1300048828125,389.8590393066406,94901900,False
SPY,2023-05-05,408.9100036621094,413.7200012207031,408.6400146484375,412.6300048828125,397.0762939453125,87891800,False
SPY,2023-05-08,412.9700012207031,413.239990234375,411.2799987792969,412.739990234375,397.1821594238281,50046800,False
SPY,2023-05-09,411.1300048828125,412.0899963378906,410.69000244140625,410.92999267578125,395.4404602050781,49220100,False
SPY,2023-05-10,413.8800048828125,414.5400085449219,408.8699951171875,412.8500061035156,397.2880859375,96142900,False
SPY,2023-05-11,411.95001220703125,412.42999267578125,409.9700012207031,412.1300048828125,396.59515380859375,70157100,False
SPY,2023-05-12,413.4200134277344,413.6400146484375,409.07000732421875,411.5899963378906,396.0755310058594,70481500,False
SPY,2023-05-15,412.2200012207031,413.42999267578125,410.2300109863281,413.010009765625,397.4420166015625,54289400,False
SPY,2023-05-16,411.8599853515625,412.82000732421875,410.239990234375,410.25,394.7860412597656,57705500,False
SPY,2023-05-17,412.3500061035156,415.8599853515625,410.6400146484375,415.2300109863281,399.5782470703125,87287000,False
SPY,2023-05-18,414.8999938964844,419.6700134277344,414.6700134277344,419.2300109863281,403.4275207519531,97177200,False
SPY,2023-05-19,420.1700134277344,420.7200012207031,417.3500061035156,418.6199951171875,402.8404846191406,103793300,False
SPY,2023-05-22,418.6400146484375,420.3900146484375,417.3500061035156,418.7900085449219,403.004150390625,60745400,False
SPY,2023-05-23,417.0799865722656,418.7200012207031,413.67999267578125,414.0899963378906,398.48126220703125,86383500,False
SPY,2023-05-24,412.4200134277344,412.82000732421875,409.8800048828125,411.0899963378906,395.5943298339844,89213700,False
SPY,2023-05-25,414.739990234375,416.1600036621094,412.4100036621094,414.6499938964844,399.0201721191406,90961600,False
SPY,2023-05-26,415.3299865722656,420.7699890136719,415.25,420.0199890136719,404.18768310546875,93830000,False
SPY,2023-05-30,422.0299987792969,422.5799865722656,418.739990234375,420.17999267578125,404.3416748046875,72216000,False
SPY,2023-05-31,418.2799987792969,419.2200012207031,416.2200012207031,417.8500061035156,402.0995788574219,110811800,False
SPY,2023-06-01,418.0899963378906,422.9200134277344,416.7900085449219,421.82000732421875,405.919921875,88865000,False
SPY,2023-06-02,424.5,428.739990234375,423.95001220703125,427.9200134277344,411.7899475097656,91426200,False
SPY,2023-06-05,428.2799987792969,429.6199951171875,426.3699951171875,427.1000061035156,411.0008544921875,65460200,False
SPY,2023-06-06,426.6700134277344,428.5799865722656,425.989990234375,428.0299987792969,411.89581298828125,64022200,False
SPY,2023-06-07,428.44000244140625,429.6199951171875,426.1099853515625,426.54998779296875,410.4715576171875,85373300,False
SPY,2023-06-08,426.6199951171875,429.6000061035156,425.82000732421875,429.1300048828125,412.9543762207031,61952800,False
SPY,2023-06-09,429.9599914550781,431.989990234375,428.8699951171875,429.8999938964844,413.6953430175781,85742800,False
SPY,2023-06-12,430.9200134277344,433.8800048828125,430.1700134277344,433.79998779296875,417.44830322265625,76104300,False
SPY,2023-06-13,435.32000732421875,437.3299865722656,434.6300048828125,436.6600036621094,420.2005615234375,95899700,False
SPY,2023-06-14,437.010009765625,439.05999755859375,433.5899963378906,437.17999267578125,420.7008972167969,100612100,False
SPY,2023-06-15,436.3299865722656,443.8999938964844,436.2300109863281,442.6000061035156,425.9166259765625,110303100,False
SPY,2023-06-16,443.0199890136719,443.6099853515625,438.9700012207031,439.4599914550781,424.46588134765625,114165800,False
SPY,2023-06-20,437.45001220703125,438.3699951171875,435.0299987792969,437.17999267578125,422.2637023925781,76160400,False
SPY,2023-06-21,436.1600036621094,436.989990234375,434.3299865722656,434.94000244140625,420.10009765625,76982300,False
SPY,2023-06-22,433.95001220703125,436.6199951171875,433.6000061035156,436.510009765625,421.61651611328125,70637200,False
SPY,2023-06-23,432.92999267578125,435.05999755859375,432.4700012207031,433.2099914550781,418.4290771484375,92074500,False
SPY,2023-06-26,432.6199951171875,434.6099853515625,431.19000244140625,431.44000244140625,416.719482421875,72823600,False
SPY,2023-06-27,432.3500061035156,436.80999755859375,431.8800048828125,436.1700134277344,421.28814697265625,72813700,False
SPY,2023-06-28,435.04998779296875,437.44000244140625,434.4100036621094,436.3900146484375,421.5005798339844,75636000,False
SPY,2023-06-29,435.9599914550781,438.2799987792969,435.5400085449219,438.1099853515625,423.1618957519531,67882300,False
SPY,2023-06-30,441.44000244140625,444.29998779296875,441.1099853515625,443.2799987792969,428.1555480957031,104964000,False
SPY,2023-07-03,442.9200134277344,444.0799865722656,442.6300048828125,443.7900085449219,428.6481628417969,32793400,False
SPY,2023-07-05,441.9100036621094,443.8900146484375,441.8999938964844,443.1300048828125,428.0107116699219,58418400,False
SPY,2023-07-06,439.4200134277344,440.1000061035156,437.05999755859375,439.6600036621094,424.6590576171875,80658300,False
SPY,2023-07-07,438.6300048828125,442.6400146484375,438.29998779296875,438.54998779296875,423.5869445800781,86134200,False
SPY,2023-07-10,438.17999267578125,439.8399963378906,437.5899963378906,439.6600036621094,424.6590576171875,62443500,False
SPY,2023-07-11,440.45001220703125,442.9700012207031,439.44000244140625,442.4599914550781,427.363525390625,64463800,False
SPY,2023-07-12,446.3900146484375,447.4800109863281,444.9100036621094,446.0199890136719,430.80206298828125,91924500,False
SPY,2023-07-13,447.8999938964844,450.3800048828125,447.45001220703125,449.55999755859375,434.2212219238281,72425200,False
SPY,2023-07-14,450.4800109863281,451.3599853515625,448.489990234375,449.2799987792969,433.9508361816406,69815800,False
SPY,2023-07-17,449.1300048828125,451.92999267578125,449.0799865722656,450.8399963378906,435.4575500488281,52680200,False
SPY,2023-07-18,450.5,454.8599853515625,450.04998779296875,454.19000244140625,438.69329833984375,80668200,False
SPY,2023-07-19,455.010009765625,456.42999267578125,454.1099853515625,455.20001220703125,439.66888427734375,65891700,False
SPY,2023-07-20,454.1700134277344,455.1000061035156,451.44000244140625,452.17999267578125,436.7518615722656,70591600,False
SPY,2023-07-21,453.9599914550781,454.1700134277344,452.1700134277344,452.17999267578125,436.7518615722656,71275600,False
SPY,2023-07-24,453.3699951171875,455.0400085449219,452.29998779296875,454.20001220703125,438.7029724121094,54023400,False
SPY,2023-07-25,453.9200134277344,456.739990234375,453.8699951171875,455.44000244140625,439.9006652832031,55191200,False
SPY,2023-07-26,454.4700012207031,456.989990234375,453.3800048828125,455.510009765625,439.9682922363281,71052900,False
SPY,2023-07-27,459.0199890136719,459.44000244140625,451.54998779296875,452.489990234375,437.0513000488281,92194400,False
SPY,2023-07-28,455.8800048828125,457.7799987792969,452.489990234375,456.9200134277344,441.3301696777344,80011800,False
SPY,2023-07-31,457.4100036621094,458.1600036621094,456.04998779296875,457.7900085449219,442.1705017089844,62040400,False
SPY,2023-08-01,456.2699890136719,457.25,455.489990234375,456.4800109863281,440.9051513671875,55291500,False
SPY,2023-08-02,453.25,453.5199890136719,449.3500061035156,450.1300048828125,434.7718200683594,93933400,False
SPY,2023-08-03,448.0400085449219,450.7900085449219,447.3699951171875,448.8399963378906,433.52581787109375,64276100,False
SPY,2023-08-04,450.7200012207031,452.8999938964844,446.2699890136719,446.80999755859375,431.5650939941406,100128900,False
SPY,2023-08-07,448.7099914550781,450.8699951171875,447.989990234375,450.7099914550781,435.33203125,58357500,False
SPY,2023-08-08,448.0799865722656,450.70001220703125,445.2699890136719,448.75,433.43890380859375,71361300,False
SPY,2023-08-09,449.0299987792969,449.20001220703125,444.9599914550781,445.75,430.541259765625,78789600,False
SPY,2023-08-10,448.19000244140625,451.70001220703125,444.70001220703125,445.9100036621094,430.69580078125,93005500,False
SPY,2023-08-11,443.9700012207031,446.70001220703125,443.3500061035156,445.6499938964844,430.4446716308594,68690900,False
SPY,2023-08-14,444.70001220703125,448.1099853515625,444.3800048828125,448.1099853515625,432.82073974609375,47867400,False
SPY,2023-08-15,446.2699890136719,446.6400146484375,442.29998779296875,442.8900146484375,427.7788391113281,75707500,False
SPY,2023-08-16,442.4599914550781,444.17999267578125,439.5299987792969,439.6400146484375,424.6397399902344,80107200,False
SPY,2023-08-17,441.1600036621094,441.42999267578125,435.75,436.2900085449219,421.404052734375,95711300,False
SPY,2023-08-18,433.3699951171875,437.57000732421875,433.010009765625,436.5,421.60687255859375,98852000,False
SPY,2023-08-21,437.54998779296875,440.1099853515625,435.32000732421875,439.3399963378906,424.3499450683594,68719000,False
SPY,2023-08-22,441.17999267578125,441.17999267578125,437.57000732421875,438.1499938964844,423.20050048828125,64994200,False
SPY,2023-08-23,439.25,443.6700134277344,439.1000061035156,443.0299987792969,427.9140319824219,68441000,False
SPY,2023-08-24,444.69000244140625,445.2200012207031,436.8599853515625,436.8900146484375,421.98358154296875,88517300,False
SPY,2023-08-25,438.67999267578125,441.29998779296875,435.0,439.9700012207031,424.9584045410156,102325100,False
SPY,2023-08-28,442.239990234375,443.3999938964844,439.9700012207031,442.760009765625,427.6532897949219,61595400,False
SPY,2023-08-29,442.6499938964844,449.45001220703125,442.4599914550781,449.1600036621094,433.83489990234375,83081900,False
SPY,2023-08-30,449.510009765625,451.6700134277344,448.7799987792969,451.010009765625,435.62176513671875,69053900,False
SPY,2023-08-31,451.6499938964844,452.8299865722656,450.1600036621094,450.3500061035156,434.9842834472656,66084600,False
SPY,2023-09-01,453.1700134277344,453.6700134277344,449.67999267578125,451.19000244140625,435.7956237792969,58944100,False
SPY,2023-09-05,450.7300109863281,451.05999755859375,449.1700134277344,449.239990234375,433.91217041015625,55166200,False
SPY,2023-09-06,448.3999938964844,448.510009765625,443.80999755859375,446.2200012207031,430.9952697753906,70758500,False
SPY,2023-09-07,443.1099853515625,445.54998779296875,442.75,444.8500061035156,429.6719665527344,70355400,False
SPY,2023-09-08,444.8999938964844,447.1099853515625,444.5299987792969,445.5199890136719,430.319091796875,61659700,False
SPY,2023-09-11,448.239990234375,448.7699890136719,446.4700012207031,448.45001220703125,433.1490783691406,60180100,False
SPY,2023-09-12,446.95001220703125,448.5299987792969,445.3900146484375,445.989990234375,430.7730407714844,67565400,False
SPY,2023-09-13,446.2200012207031,447.7099914550781,445.0799865722656,446.510009765625,431.27532958984375,60199300,False
SPY,2023-09-14,449.07000732421875,451.0799865722656,447.7200012207031,450.3599853515625,434.9939270019531,83430800,False
SPY,2023-09-15,447.1400146484375,447.4800109863281,442.9200134277344,443.3699951171875,429.7530212402344,111848900,False
SPY,2023-09-18,443.04998779296875,444.9700012207031,442.55999755859375,443.6300048828125,430.0050354003906,55752200,False
SPY,2023-09-19,442.67999267578125,443.2900085449219,439.94000244140625,442.7099914550781,429.1132507324219,66514600,False
SPY,2023-09-20,444.010009765625,444.44000244140625,438.42999267578125,438.6400146484375,425.1683044433594,82562600,False
SPY,2023-09-21,435.70001220703125,435.9700012207031,431.2300109863281,431.3900146484375,418.1409606933594,104095800,False
SPY,2023-09-22,432.45001220703125,434.1000061035156,429.989990234375,430.4200134277344,417.20074462890625,100829700,False
SPY,2023-09-25,429.1700134277344,432.2699890136719,428.7200012207031,432.2300109863281,418.9552001953125,70874500,False
SPY,2023-09-26,429.0899963378906,429.82000732421875,425.0199890136719,425.8800048828125,412.80010986328125,96168400,False
SPY,2023-09-27,427.0899963378906,427.6700134277344,422.2900085449219,426.04998779296875,412.9649353027344,104705800,False
SPY,2023-09-28,425.4800109863281,430.25,424.8699951171875,428.5199890136719,415.3591613769531,92258300,False
SPY,2023-09-29,431.6700134277344,431.8500061035156,425.9100036621094,427.4800109863281,414.3510437011719,115111300,False
SPY,2023-10-02,426.6199951171875,428.6000061035156,424.4599914550781,427.30999755859375,414.1862487792969,83798600,False
SPY,2023-10-03,425.05999755859375,427.3699951171875,420.17999267578125,421.5899963378906,408.6419677734375,103760600,False
SPY,2023-10-04,422.07000732421875,425.42999267578125,420.55999755859375,424.6600036621094,411.6176452636719,87453000,False
SPY,2023-10-05,424.3599853515625,425.3699951171875,421.1700134277344,424.5,411.4625244140625,70142700,False
SPY,2023-10-06,421.9700012207031,431.1300048828125,420.6000061035156,429.5400085449219,416.3477783203125,113273300,False
SPY,2023-10-09,427.5799865722656,432.8800048828125,427.010009765625,432.2900085449219,419.0133056640625,80374400,False
SPY,2023-10-10,432.94000244140625,437.2200012207031,432.5299987792969,434.5400085449219,421.1942443847656,78607300,False
SPY,2023-10-11,435.6400146484375,436.5799865722656,433.17999267578125,436.32000732421875,422.9195556640625,62451700,False
SPY,2023-10-12,436.95001220703125,437.3399963378906,431.2300109863281,433.6600036621094,420.3412170410156,81154200,False
SPY,2023-10-13,435.2099914550781,436.45001220703125,429.8800048828125,431.5,418.24755859375,95143100,False
SPY,2023-10-16,433.82000732421875,437.1400146484375,433.57000732421875,436.0400085449219,422.64813232421875,75433200,False
SPY,2023-10-17,432.80999755859375,438.1400146484375,432.45001220703125,436.0199890136719,422.6286926269531,75324700,False
SPY,2023-10-18,434.19000244140625,435.17999267578125,429.0899963378906,430.2099914550781,416.9971923828125,93559800,False
SPY,2023-10-19,430.95001220703125,432.82000732421875,425.7300109863281,426.42999267578125,413.333251953125,121323000,False
SPY,2023-10-20,425.9800109863281,426.5400085449219,421.0799865722656,421.19000244140625,408.25421142578125,123919900,False
SPY,2023-10-23,419.6099853515625,424.45001220703125,417.79998779296875,420.4599914550781,407.5466613769531,92035100,False
SPY,2023-10-24,422.6499938964844,424.82000732421875,420.739990234375,423.6300048828125,410.6192626953125,78564200,False
SPY,2023-10-25,421.8900146484375,421.9200134277344,417.0199890136719,417.54998779296875,404.7260437011719,94223200,False
SPY,2023-10-26,416.45001220703125,417.3299865722656,411.6000061035156,412.54998779296875,399.8795471191406,115156800,False
SPY,2023-10-27,414.19000244140625,414.6000061035156,409.2099914550781,410.67999267578125,398.06695556640625,107367700,False
SPY,2023-10-30,413.55999755859375,416.67999267578125,412.2200012207031,415.5899963378906,402.82623291015625,86562700,False
SPY,2023-10-31,416.17999267578125,418.5299987792969,414.2099914550781,418.20001220703125,405.3560791015625,79665200,False
SPY,2023-11-01,419.20001220703125,423.5,418.6499938964844,422.6600036621094,409.6790771484375,98068100,False
SPY,2023-11-02,426.5799865722656,430.9200134277344,426.55999755859375,430.760009765625,417.5303649902344,94938900,False
SPY,2023-11-03,433.1400146484375,436.2900085449219,433.010009765625,434.69000244140625,421.3396301269531,100167800,False
SPY,2023-11-06,435.4700012207031,436.1499938964844,433.67999267578125,435.69000244140625,422.3088684082031,67831700,False
SPY,2023-11-07,435.69000244140625,437.5899963378906,434.510009765625,436.92999267578125,423.51080322265625,64256100,False
SPY,2023-11-08,437.54998779296875,438.0899963378906,434.8699951171875,437.25,423.8209533691406,61746000,False
SPY,2023-11-09,438.42999267578125,438.4700012207031,433.3999938964844,433.8399963378906,420.5157165527344,83174400,False
SPY,2023-11-10,435.9800109863281,440.92999267578125,433.8299865722656,440.6099853515625,427.0777893066406,89462200,False
SPY,2023-11-13,439.2300109863281,441.3299865722656,438.4200134277344,440.19000244140625,426.670654296875,52236100,False
SPY,2023-11-14,446.32000732421875,450.05999755859375,446.0899963378906,448.7300109863281,434.9483947753906,97176900,False
SPY,2023-11-15,450.1099853515625,451.3800048828125,448.79998779296875,449.67999267578125,435.8692321777344,77327600,False
SPY,2023-11-16,449.2200012207031,450.55999755859375,448.1199951171875,450.2300109863281,436.4023132324219,66665800,False
SPY,2023-11-17,450.239990234375,451.4200134277344,449.2900085449219,450.7900085449219,436.94512939453125,83133200,False
SPY,2023-11-20,450.5299987792969,455.1300048828125,450.5199890136719,454.260009765625,440.3085632324219,69936200,False
SPY,2023-11-21,453.17999267578125,454.1300048828125,451.9599914550781,453.2699890136719,439.3489074707031,49244600,False
SPY,2023-11-22,454.9800109863281,456.3800048828125,453.8900146484375,455.0199890136719,441.04522705078125,59394900,False
SPY,2023-11-24,455.07000732421875,455.5,454.7300109863281,455.29998779296875,441.316650390625,29737400,False
SPY,2023-11-27,454.6499938964844,455.489990234375,454.0799865722656,454.4800109863281,440.52178955078125,50506000,False
SPY,2023-11-28,454.0799865722656,456.2699890136719,453.5,454.92999267578125,440.95794677734375,62115000,False
SPY,2023-11-29,457.1499938964844,458.32000732421875,454.20001220703125,454.6099853515625,440.64776611328125,63146000,False
SPY,2023-11-30,455.4800109863281,456.760009765625,453.3399963378906,456.3999938964844,442.3828125,79752700,False
SPY,2023-12-01,455.7699890136719,459.6499938964844,455.1600036621094,459.1000061035156,444.9999084472656,89183400,False
SPY,2023-12-04,455.6000061035156,459.1199951171875,454.3399963378906,456.69000244140625,442.66400146484375,72430900,False
SPY,2023-12-05,455.260009765625,457.5899963378906,454.8699951171875,456.6000061035156,442.5766906738281,69793500,False
SPY,2023-12-06,458.80999755859375,458.8399963378906,454.30999755859375,454.760009765625,440.793212890625,69124700,False
SPY,2023-12-07,456.9100036621094,458.8999938964844,456.2900085449219,458.2300109863281,444.1566467285156,66995400,False
SPY,2023-12-08,457.4599914550781,460.75,457.2099914550781,460.20001220703125,446.0661315917969,83194400,False
SPY,2023-12-11,459.69000244140625,462.1700134277344,459.4700012207031,461.989990234375,447.8011474609375,65002200,False
SPY,2023-12-12,461.6300048828125,464.20001220703125,460.6000061035156,464.1000061035156,449.8463439941406,68327600,False
SPY,2023-12-13,464.489990234375,470.760009765625,464.1199951171875,470.5,456.0498352050781,93278000,False
SPY,2023-12-14,472.5,473.7300109863281,469.25,472.010009765625,457.513427734375,119026000,False
SPY,2023-12-15,469.489990234375,470.70001220703125,467.42999267578125,469.3299865722656,456.7601318359375,141553700,False
SPY,2023-12-18,470.9800109863281,472.9800109863281,469.8900146484375,471.9700012207031,459.32940673828125,70375300,False
SPY,2023-12-19,472.5299987792969,474.9200134277344,472.45001220703125,474.8399963378906,462.12255859375,55761800,False
SPY,2023-12-20,473.9599914550781,475.8999938964844,467.82000732421875,468.260009765625,455.7188415527344,102921000,False
SPY,2023-12-21,471.3299865722656,472.9800109863281,468.8399963378906,472.70001220703125,460.03985595703125,86667500,False
SPY,2023-12-22,473.8599853515625,475.3800048828125,471.70001220703125,473.6499938964844,460.96441650390625,67160400,False
SPY,2023-12-26,474.07000732421875,476.5799865722656,473.989990234375,475.6499938964844,462.91082763671875,55387000,False
SPY,2023-12-27,475.44000244140625,476.6600036621094,474.8900146484375,476.510009765625,463.747802734375,68000300,False
SPY,2023-12-28,476.8800048828125,477.54998779296875,476.260009765625,476.69000244140625,463.9230041503906,77158100,False
SPY,2023-12-29,476.489990234375,477.0299987792969,473.29998779296875,475.30999755859375,462.5799560546875,122283100,False
SPY,2024-01-02,472.1600036621094,473.6700134277344,470.489990234375,472.6499938964844,459.9912109375,123623700,False
SPY,2024-01-03,470.42999267578125,471.19000244140625,468.1700134277344,468.7900085449219,456.2345886230469,103585900,False
SPY,2024-01-04,468.29998779296875,470.9599914550781,467.04998779296875,467.2799987792969,454.7650451660156,84232200,False
SPY,2024-01-05,467.489990234375,470.44000244140625,466.42999267578125,467.9200134277344,455.38787841796875,86118900,False
SPY,2024-01-08,468.42999267578125,474.75,468.29998779296875,474.6000061035156,461.88897705078125,74879100,False
SPY,2024-01-09,471.8699951171875,474.92999267578125,471.3500061035156,473.8800048828125,461.1882629394531,65931400,False
SPY,2024-01-10,474.1600036621094,477.45001220703125,473.8699951171875,476.55999755859375,463.7965087890625,67310600,False
SPY,2024-01-11,477.5899963378906,478.1199951171875,472.260009765625,476.3500061035156,463.59210205078125,77940700,False
SPY,2024-01-12,477.8399963378906,478.6000061035156,475.2300109863281,476.67999267578125,463.91326904296875,58026400,False
SPY,2024-01-16,475.260009765625,476.6099853515625,473.05999755859375,474.92999267578125,462.21014404296875,85014900,False
SPY,2024-01-17,471.82000732421875,472.7900085449219,469.8699951171875,472.2900085449219,459.6408996582031,68843900,False
SPY,2024-01-18,474.010009765625,477.05999755859375,472.4200134277344,476.489990234375,463.72833251953125,91856200,False
SPY,2024-01-19,477.6499938964844,482.7200012207031,476.5400085449219,482.42999267578125,469.5093078613281,110834500,False
SPY,2024-01-22,484.010009765625,485.2200012207031,482.7799987792969,483.45001220703125,470.50201416015625,75844900,False
SPY,2024-01-23,484.010009765625,485.1099853515625,482.8900146484375,484.8599853515625,471.8742370605469,49945300,False
SPY,2024-01-24,487.80999755859375,488.7699890136719,484.8800048828125,485.3900146484375,472.3900451660156,81765000,False
SPY,2024-01-25,487.5799865722656,488.30999755859375,485.3900146484375,488.0299987792969,474.95928955078125,72525000,False
SPY,2024-01-26,487.5899963378906,489.1199951171875,486.5400085449219,487.4100036621094,474.3559265136719,76641600,False
SPY,2024-01-29,487.7300109863281,491.4200134277344,487.1700134277344,491.2699890136719,478.11248779296875,61322800,False
SPY,2024-01-30,490.55999755859375,491.6199951171875,490.1099853515625,490.8900146484375,477.74267578125,58618400,False
SPY,2024-01-31,488.6199951171875,489.0799865722656,482.8599853515625,482.8800048828125,469.947265625,126011100,False
SPY,2024-02-01,484.6300048828125,489.2300109863281,483.79998779296875,489.20001220703125,476.0979919433594,91891600,False
SPY,2024-02-02,489.6499938964844,496.04998779296875,489.29998779296875,494.3500061035156,481.1100158691406,99228200,False
SPY,2024-02-05,493.70001220703125,494.3800048828125,490.2300109863281,492.54998779296875,479.3581848144531,75757100,False
SPY,2024-02-06,493.5199890136719,494.32000732421875,492.04998779296875,493.9800109863281,480.7499694824219,55918600,False
SPY,2024-02-07,496.2900085449219,498.5299987792969,495.3599853515625,498.1000061035156,484.75958251953125,70556500,False
SPY,2024-02-08,498.1000061035156,498.7099914550781,497.260009765625,498.32000732421875,484.97369384765625,52343600,False
SPY,2024-02-09,498.8399963378906,501.6499938964844,498.489990234375,501.20001220703125,487.7765808105469,63979400,False
SPY,2024-02-12,501.1700134277344,503.5,500.239990234375,500.9800109863281,487.5624694824219,56502300,False
SPY,2024-02-13,494.5299987792969,497.0899963378906,490.7200012207031,494.0799865722656,480.84722900390625,113099200,False
SPY,2024-02-14,496.7900085449219,499.07000732421875,494.3999938964844,498.57000732421875,485.2170104980469,68387800,False
SPY,2024-02-15,499.2900085449219,502.20001220703125,498.79998779296875,502.010009765625,488.56488037109375,61683000,False
SPY,2024-02-16,501.70001220703125,502.8699951171875,498.75,499.510009765625,486.1318359375,75532900,False
SPY,2024-02-20,497.7200012207031,498.4100036621094,494.45001220703125,496.760009765625,483.4555358886719,71736700,False
SPY,2024-02-21,495.4200134277344,497.3699951171875,493.55999755859375,497.2099914550781,483.8934631347656,59293400,False
SPY,2024-02-22,504.010009765625,508.489990234375,503.0199890136719,507.5,493.90789794921875,76402500,False
SPY,2024-02-23,509.2699890136719,510.1300048828125,507.1000061035156,507.8500061035156,494.2485046386719,61321800,False
SPY,2024-02-26,508.29998779296875,508.75,505.8599853515625,505.989990234375,492.438232421875,50386700,False
SPY,2024-02-27,506.70001220703125,507.1600036621094,504.75,506.92999267578125,493.35308837890625,48854500,False
SPY,2024-02-28,505.3299865722656,506.8599853515625,504.9599914550781,506.260009765625,492.7010192871094,56506600,False
SPY,2024-02-29,508.07000732421875,509.739990234375,505.3500061035156,508.0799865722656,494.4722900390625,83924800,False
SPY,2024-03-01,508.9800109863281,513.2899780273438,508.55999755859375,512.8499755859375,499.1145324707031,76844800,False
SPY,2024-03-04,512.030029296875,514.2000122070312,512.0,512.2999877929688,498.57928466796875,49799300,False
SPY,2024-03-05,510.239990234375,510.70001220703125,504.9100036621094,507.17999267578125,493.5964050292969,72855600,False
SPY,2024-03-06,510.54998779296875,512.0700073242188,508.4200134277344,509.75,496.0976257324219,68382400,False
SPY,2024-03-07,513.1400146484375,515.8900146484375,509.80999755859375,514.8099975585938,501.0220642089844,58652100,False
SPY,2024-03-08,515.4600219726562,518.219970703125,511.1300048828125,511.7200012207031,498.0147705078125,86532500,False
SPY,2024-03-11,510.4800109863281,511.8800048828125,508.5,511.2799987792969,497.58660888671875,62557200,False
SPY,2024-03-12,513.4500122070312,517.3800048828125,510.8599853515625,516.780029296875,502.93939208984375,73114400,False
SPY,2024-03-13,517.1099853515625,517.2899780273438,514.489990234375,515.969970703125,502.15093994140625,55104100,False
SPY,2024-03-14,516.969970703125,517.1300048828125,511.82000732421875,514.9500122070312,501.1583251953125,110171800,False
SPY,2024-03-15,510.2099914550781,511.70001220703125,508.1199951171875,509.8299865722656,497.71710205078125,107646300,False
SPY,2024-03-18,514.0,515.47998046875,512.4400024414062,512.8599853515625,500.6750793457031,88893300,False
SPY,2024-03-19,512.1500244140625,516.0,511.1199951171875,515.7100219726562,503.4573669433594,60755300,False
SPY,2024-03-20,515.77001953125,520.6199951171875,515.0800170898438,520.47998046875,508.1141052246094,69594600,False
SPY,2024-03-21,523.3900146484375,524.1099853515625,521.9099731445312,522.2000122070312,509.7931823730469,60256100,False
SPY,2024-03-22,522.1099853515625,522.6099853515625,520.969970703125,521.2100219726562,508.82672119140625,79070800,False
SPY,2024-03-25,519.7999877929688,520.9500122070312,519.6099853515625,519.77001953125,507.4209899902344,48512100,False
SPY,2024-03-26,521.22998046875,521.5800170898438,518.4000244140625,518.8099975585938,506.4837341308594,65463700,False
SPY,2024-03-27,521.7100219726562,523.2100219726562,519.489990234375,523.1699829101562,510.7400817871094,82999800,False
SPY,2024-03-28,523.2100219726562,524.6099853515625,522.780029296875,523.0700073242188,510.6424865722656,96294900,False
SPY,2024-04-01,523.8300170898438,524.3800048828125,520.969970703125,522.1599731445312,509.7540588378906,62477500,False
SPY,2024-04-02,518.239990234375,518.97998046875,516.47998046875,518.8400268554688,506.5130310058594,74230300,False
SPY,2024-04-03,517.719970703125,520.9500122070312,517.6699829101562,519.4099731445312,507.0694274902344,59155800,False
SPY,2024-04-04,523.52001953125,523.8699951171875,512.760009765625,513.0700073242188,500.8800964355469,96858100,False
SPY,2024-04-05,514.4600219726562,520.4400024414062,514.010009765625,518.4299926757812,506.1127014160156,74546500,False
SPY,2024-04-08,519.1500244140625,520.1799926757812,517.8900146484375,518.719970703125,506.3958740234375,48401800,False
SPY,2024-04-09,520.5,520.75,514.3499755859375,519.3200073242188,506.98162841796875,68049200,False
SPY,2024-04-10,513.47998046875,516.1599731445312,512.0900268554688,514.1199951171875,501.9051513671875,82652800,False
SPY,2024-04-11,515.6799926757812,519.47998046875,512.0800170898438,518.0,505.6929931640625,70099000,False
SPY,2024-04-12,514.3699951171875,515.8200073242188,509.0799865722656,510.8500061035156,498.71282958984375,92561100,False
SPY,2024-04-15,515.1300048828125,515.2999877929688,503.5799865722656,504.45001220703125,492.46490478515625,92101400,False
SPY,2024-04-16,504.94000244140625,506.5,502.2099914550781,503.5299987792969,491.5667419433594,73484000,False
SPY,2024-04-17,506.04998779296875,506.2200012207031,499.1199951171875,500.54998779296875,488.6575622558594,75910300,False
SPY,2024-04-18,501.9800109863281,504.1300048828125,498.55999755859375,499.5199890136719,487.65203857421875,74548100,False
SPY,2024-04-19,499.44000244140625,500.4599914550781,493.8599853515625,495.1600036621094,483.3956604003906,102212600,False
SPY,2024-04-22,497.8299865722656,502.3800048828125,495.42999267578125,499.7200012207031,487.8473205566406,67961000,False
SPY,2024-04-23,501.7799987792969,506.0899963378906,499.5299987792969,505.6499938964844,493.6363525390625,64633600,False
SPY,2024-04-24,506.55999755859375,507.3699951171875,503.1300048828125,505.4100036621094,493.402099609375,55928100,False
SPY,2024-04-25,499.17999267578125,504.2699890136719,497.489990234375,503.489990234375,491.5276794433594,69122400,False
SPY,2024-04-26,506.3500061035156,509.8800048828125,505.70001220703125,508.260009765625,496.1844177246094,64306100,False
SPY,2024-04-29,510.0899963378906,510.75,507.25,510.05999755859375,497.941650390625,46415400,False
SPY,2024-04-30,508.55999755859375,509.55999755859375,501.9800109863281,501.9800109863281,490.0535888671875,77483600,False
SPY,2024-05-01,501.3800048828125,508.19000244140625,499.8699951171875,500.3500061035156,488.4622802734375,80242800,False
SPY,2024-05-02,504.1499938964844,505.8900146484375,499.54998779296875,505.0299987792969,493.0310974121094,62550200,False
SPY,2024-05-03,511.1600036621094,512.5499877929688,508.55999755859375,511.2900085449219,499.14239501953125,72756700,False
SPY,2024-05-06,513.75,516.6099853515625,513.2999877929688,516.5700073242188,504.2968444824219,47264700,False
SPY,2024-05-07,517.5599975585938,518.5700073242188,516.4500122070312,517.1400146484375,504.85345458984375,52561300,False
SPY,2024-05-08,515.260009765625,517.739990234375,515.1400146484375,517.1900024414062,504.9021911621094,42047200,False
SPY,2024-05-09,517.3800048828125,520.2100219726562,516.7100219726562,520.1699829101562,507.8114013671875,43643700,False
SPY,2024-05-10,521.8099975585938,522.6400146484375,519.5900268554688,520.8400268554688,508.46551513671875,52233200,False
SPY,2024-05-13,522.5599975585938,522.6699829101562,519.739990234375,520.9099731445312,508.5338134765625,36716400,False
SPY,2024-05-14,521.1099853515625,523.8300170898438,520.5599975585938,523.2999877929688,510.8670959472656,57535900,False
SPY,2024-05-15,525.8300170898438,530.0800170898438,525.1799926757812,529.780029296875,517.1930541992188,59504900,False
SPY,2024-05-16,529.8800048828125,531.52001953125,528.5399780273438,528.6900024414062,516.1289672851562,50244800,False
SPY,2024-05-17,528.8099975585938,529.52001953125,527.3200073242188,529.4500122070312,516.8709106445312,59187600,False
SPY,2024-05-20,529.5700073242188,531.5599975585938,529.1699829101562,530.0599975585938,517.4664306640625,37764200,False
SPY,2024-05-21,529.280029296875,531.52001953125,529.0700073242188,531.3599853515625,518.7354736328125,33437000,False
SPY,2024-05-22,530.6500244140625,531.3800048828125,527.5999755859375,529.8300170898438,517.2420043945312,48390000,False
SPY,2024-05-23,532.9600219726562,533.0700073242188,524.719970703125,525.9600219726562,513.4638671875,57211200,False
SPY,2024-05-24,527.8499755859375,530.27001953125,526.8800048828125,529.4400024414062,516.8611450195312,41291100,False
SPY,2024-05-28,530.27001953125,530.510009765625,527.1099853515625,529.8099975585938,517.2224731445312,36269600,False
SPY,2024-05-29,525.6799926757812,527.3099975585938,525.3699951171875,526.0999755859375,513.6005249023438,45190300,False
SPY,2024-05-30,524.52001953125,525.2000122070312,521.3300170898438,522.6099853515625,510.1933898925781,46377600,False
SPY,2024-05-31,523.5900268554688,527.5,518.3599853515625,527.3699951171875,514.8403930664062,90785800,False
SPY,2024-06-03,529.02001953125,529.3099975585938,522.5999755859375,527.7999877929688,515.2601318359375,46835700,False
SPY,2024-06-04,526.4600219726562,529.1500244140625,524.9600219726562,528.3900146484375,515.836181640625,34632700,False
SPY,2024-06-05,530.77001953125,534.6900024414062,528.72998046875,534.6699829101562,521.9668579101562,47610400,False
SPY,2024-06-06,534.97998046875,535.4199829101562,532.6799926757812,534.6599731445312,521.9570922851562,30808500,False
SPY,2024-06-07,533.6599731445312,536.8900146484375,532.5399780273438,534.010009765625,521.3225708007812,43224500,False
SPY,2024-06-10,533.1799926757812,535.989990234375,532.5700073242188,535.6599731445312,522.933349609375,35686100,False
SPY,2024-06-11,534.0700073242188,537.010009765625,532.0499877929688,536.9500122070312,524.1927490234375,36383400,False
SPY,2024-06-12,541.6300048828125,544.1199951171875,540.2999877929688,541.3599853515625,528.4979858398438,63251300,False
SPY,2024-06-13,543.1500244140625,543.3300170898438,539.5900268554688,542.4500122070312,529.5620727539062,44760900,False
SPY,2024-06-14,540.8800048828125,542.8099975585938,539.8499755859375,542.780029296875,529.88427734375,40089900,False
SPY,2024-06-17,542.0800170898438,548.530029296875,541.6099853515625,547.0999755859375,534.1015625,55839500,False
SPY,2024-06-18,547.1599731445312,548.6199951171875,546.72998046875,548.489990234375,535.4586181640625,41376400,False
SPY,2024-06-20,549.4400024414062,550.1199951171875,545.1799926757812,547.0,534.00390625,70328200,False
SPY,2024-06-21,544.4000244140625,545.6500244140625,543.02001953125,544.510009765625,533.2880859375,64338600,False
SPY,2024-06-24,544.3300170898438,546.9500122070312,542.6199951171875,542.739990234375,531.5545654296875,45528700,False
SPY,2024-06-25,543.989990234375,545.2000122070312,542.4400024414062,544.8300170898438,533.6015014648438,37936200,False
SPY,2024-06-26,543.6900024414062,546.239990234375,543.030029296875,545.510009765625,534.2674560546875,38550600,False
SPY,2024-06-27,545.3699951171875,546.9600219726562,544.6099853515625,546.3699951171875,535.1096801757812,35041500,False
SPY,2024-06-28,547.1599731445312,550.280029296875,542.9500122070312,544.219970703125,533.0040893554688,76144500,False
SPY,2024-07-01,545.6300048828125,545.8800048828125,542.52001953125,545.3400268554688,534.1008911132812,40297800,False
SPY,2024-07-02,543.7000122070312,549.010009765625,543.6500244140625,549.010009765625,537.6953125,40434800,False
SPY,2024-07-03,548.6900024414062,551.8300170898438,548.6500244140625,551.4600219726562,540.0947875976562,32789900,False
SPY,2024-07-05,551.77001953125,555.0499877929688,551.1199951171875,554.6400146484375,543.2093505859375,41488400,False
SPY,2024-07-08,555.4400024414062,556.25,554.1900024414062,555.280029296875,543.8361206054688,36110500,False
SPY,2024-07-09,556.260009765625,557.1799926757812,555.52001953125,555.8200073242188,544.364990234375,27289700,False
SPY,2024-07-10,557.0700073242188,561.6699829101562,556.77001953125,561.3200073242188,549.7515258789062,38701200,False
SPY,2024-07-11,561.4400024414062,562.3300170898438,555.8300170898438,556.47998046875,545.01123046875,53054200,False
SPY,2024-07-12,557.6300048828125,563.6699829101562,557.1500244140625,559.989990234375,548.4490356445312,53084400,False
SPY,2024-07-15,562.030029296875,564.8400268554688,559.6300048828125,561.530029296875,549.9573364257812,40584300,False
SPY,2024-07-16,562.8699951171875,565.1599731445312,562.0999755859375,564.8599853515625,553.2186279296875,36475300,False
SPY,2024-07-17,558.7999877929688,560.510009765625,556.6099853515625,556.9400024414062,545.4619140625,57119000,False
SPY,2024-07-18,558.510009765625,559.52001953125,550.4299926757812,552.6599731445312,541.2700805664062,56270400,False
SPY,2024-07-19,552.4199829101562,554.0800170898438,547.9099731445312,548.989990234375,537.6757202148438,65509100,False
SPY,2024-07-22,553.0,555.27001953125,551.02001953125,554.6500244140625,543.2191162109375,43346700,False
SPY,2024-07-23,554.5399780273438,556.739990234375,553.280029296875,553.780029296875,542.3670043945312,34439600,False
SPY,2024-07-24,548.8599853515625,549.1699829101562,540.2899780273438,541.22998046875,530.0755615234375,74515300,False
SPY,2024-07-25,541.3499755859375,547.4600219726562,537.4500122070312,538.4099731445312,527.313720703125,61158300,False
SPY,2024-07-26,542.280029296875,547.1900024414062,541.489990234375,544.4400024414062,533.219482421875,53763800,False
SPY,2024-07-29,546.02001953125,547.0499877929688,542.719970703125,544.760009765625,533.532958984375,39515800,False
SPY,2024-07-30,546.260009765625,547.3400268554688,538.52001953125,542.0,530.8297729492188,46853600,False
SPY,2024-07-31,548.97998046875,553.5,547.5800170898438,550.8099975585938,539.4581298828125,65663400,False
SPY,2024-08-01,552.5700073242188,554.8699951171875,539.4299926757812,543.010009765625,531.8189697265625,76428700,False
SPY,2024-08-02,535.75,536.989990234375,528.5999755859375,532.9000244140625,521.9172973632812,82789100,False
SPY,2024-08-05,511.6400146484375,523.5800170898438,510.2699890136719,517.3800048828125,506.7171630859375,146267400,False
SPY,2024-08-06,519.219970703125,529.75,517.8699951171875,522.1500244140625,511.3888854980469,84826300,False
SPY,2024-08-07,528.469970703125,531.5900268554688,518.0499877929688,518.6599731445312,507.9707946777344,70698300,False
SPY,2024-08-08,523.9099731445312,531.2899780273438,521.8400268554688,530.6500244140625,519.7136840820312,63276600,False
SPY,2024-08-09,529.8099975585938,534.510009765625,528.5599975585938,532.989990234375,522.0054321289062,45619600,False
SPY,2024-08-12,534.2100219726562,535.72998046875,530.9500122070312,533.27001953125,522.27978515625,42542100,False
SPY,2024-08-13,536.530029296875,542.280029296875,536.280029296875,542.0399780273438,530.868896484375,52333100,False
SPY,2024-08-14,542.8499755859375,544.9600219726562,540.1199951171875,543.75,532.5436401367188,42446900,False
SPY,2024-08-15,549.5,553.3599853515625,548.8800048828125,553.0700073242188,541.671630859375,60846800,False
SPY,2024-08-16,551.4199829101562,555.02001953125,551.260009765625,554.3099975585938,542.8861083984375,44430700,False
SPY,2024-08-19,554.72998046875,559.6099853515625,553.8599853515625,559.6099853515625,548.0768432617188,39121800,False
SPY,2024-08-20,559.1500244140625,560.8400268554688,557.3300170898438,558.7000122070312,547.1856079101562,33732300,False
SPY,2024-08-21,559.77001953125,562.1099853515625,554.72998046875,560.6199951171875,549.0659790039062,41514600,False
SPY,2024-08-22,562.5599975585938,563.1799926757812,554.97998046875,556.219970703125,544.7566528320312,56121500,False
SPY,2024-08-23,559.530029296875,563.0900268554688,557.2899780273438,562.1300048828125,550.544921875,50639400,False
SPY,2024-08-26,563.1799926757812,563.9099731445312,559.0499877929688,560.7899780273438,549.2324829101562,35788600,False
SPY,2024-08-27,559.489990234375,562.0599975585938,558.3200073242188,561.5599975585938,549.9866333007812,32693900,False
SPY,2024-08-28,561.2100219726562,561.6500244140625,555.0399780273438,558.2999877929688,546.7938232421875,41066000,False
SPY,2024-08-29,560.3099975585938,563.6799926757812,557.1799926757812,558.3499755859375,546.8427734375,38715200,False
SPY,2024-08-30,560.77001953125,564.2000122070312,557.1400146484375,563.6799926757812,552.06298828125,62700100,False
SPY,2024-09-03,560.469970703125,560.8099975585938,549.510009765625,552.0800170898438,540.7020263671875,60600100,False
SPY,2024-09-04,550.2000122070312,554.4299926757812,549.4600219726562,550.9500122070312,539.5953369140625,47224900,False
SPY,2024-09-05,550.8900146484375,553.7999877929688,547.0999755859375,549.6099853515625,538.2828369140625,44264300,False
SPY,2024-09-06,549.9400024414062,551.5999755859375,539.4400024414062,540.3599853515625,529.2234497070312,68493800,False
SPY,2024-09-09,544.6500244140625,547.7100219726562,542.6799926757812,546.4099731445312,535.1488647460938,40445800,False
SPY,2024-09-10,548.3599853515625,549.1500244140625,543.3800048828125,548.7899780273438,537.479736328125,36394600,False
SPY,2024-09-11,548.7000122070312,555.3599853515625,539.9600219726562,554.4199829101562,542.9937133789062,75248600,False
SPY,2024-09-12,555.010009765625,559.4000244140625,552.739990234375,559.0900268554688,547.5675048828125,51819600,False
SPY,2024-09-13,559.7100219726562,563.030029296875,559.4500122070312,562.010009765625,550.4274291992188,39310500,False
SPY,2024-09-16,561.739990234375,563.1099853515625,559.9000244140625,562.8400268554688,551.2402954101562,36656100,False
SPY,2024-09-17,565.0999755859375,566.5800170898438,560.7899780273438,563.0700073242188,551.465576171875,49321000,False
SPY,2024-09-18,563.739990234375,568.6900024414062,560.8300170898438,561.4000244140625,549.8299560546875,59044900,False
SPY,2024-09-19,571.010009765625,572.8800048828125,568.0800170898438,570.97998046875,559.2125244140625,75315500,False
SPY,2024-09-20,567.8400268554688,569.3099975585938,565.1699829101562,568.25,558.245849609375,77503100,False
SPY,2024-09-23,569.3400268554688,570.3300170898438,568.0999755859375,569.6699829101562,559.640869140625,44116900,False
SPY,2024-09-24,570.47998046875,571.3599853515625,567.5999755859375,571.2999877929688,561.2420654296875,46805700,False
SPY,2024-09-25,571.1400146484375,571.8900146484375,568.9099731445312,570.0399780273438,560.0042724609375,38428600,False
SPY,2024-09-26,574.3800048828125,574.7100219726562,569.9000244140625,572.2999877929688,562.2244873046875,48336000,False
SPY,2024-09-27,573.3900146484375,574.219970703125,570.4199829101562,571.469970703125,561.4091186523438,42100900,False
SPY,2024-09-30,570.4199829101562,574.3800048828125,568.0800170898438,573.760009765625,563.6588134765625,63557400,False
SPY,2024-10-01,573.4000244140625,574.0599975585938,566.0,568.6199951171875,558.609375,72668800,False
SPY,2024-10-02,567.7100219726562,569.9000244140625,565.27001953125,568.8599853515625,558.8450927734375,38097800,False
SPY,2024-10-03,567.3599853515625,569.7999877929688,565.489990234375,567.8200073242188,557.8234252929688,40846500,False
SPY,2024-10-04,572.3499755859375,573.3599853515625,568.0999755859375,572.97998046875,562.8925170898438,42939100,False
SPY,2024-10-07,571.2999877929688,571.9600219726562,566.6300048828125,567.7999877929688,557.8037719726562,49964700,False
SPY,2024-10-08,570.4199829101562,573.780029296875,569.530029296875,573.1699829101562,563.0791625976562,37398700,False
SPY,2024-10-09,573.1599731445312,577.7100219726562,572.5499877929688,577.1400146484375,566.9793090820312,37912200,False
SPY,2024-10-10,575.77001953125,577.5800170898438,574.489990234375,576.1300048828125,565.9871826171875,44138100,False
SPY,2024-10-11,576.0499877929688,580.3300170898438,575.9099731445312,579.5800170898438,569.3764038085938,42268000,False
SPY,2024-10-14,581.219970703125,585.27001953125,580.72998046875,584.3200073242188,574.032958984375,36217200,False
SPY,2024-10-15,584.5900268554688,584.9000244140625,578.5399780273438,579.780029296875,569.5728149414062,54203600,False
SPY,2024-10-16,579.780029296875,582.8300170898438,578.9600219726562,582.2999877929688,572.0484619140625,30725400,False
SPY,2024-10-17,585.9099731445312,586.1199951171875,582.1599731445312,582.3499755859375,572.0975952148438,34393700,False
SPY,2024-10-18,584.0700073242188,585.3900146484375,582.5800170898438,584.5900268554688,574.2981567382812,37416800,False
SPY,2024-10-21,583.8499755859375,584.8499755859375,580.5999755859375,583.6300048828125,573.3550415039062,36439000,False
SPY,2024-10-22,581.0499877929688,584.5,580.3800048828125,583.3200073242188,573.050537109375,34183800,False
SPY,2024-10-23,581.260009765625,581.7100219726562,574.4199829101562,577.989990234375,567.8142700195312,49314600,False
SPY,2024-10-24,579.97998046875,580.0599975585938,576.5700073242188,579.239990234375,569.0422973632812,34979900,False
SPY,2024-10-25,581.510009765625,584.4600219726562,578.0800170898438,579.0399780273438,568.8458862304688,47268200,False
SPY,2024-10-28,582.5800170898438,582.7100219726562,580.52001953125,580.8300170898438,570.6043701171875,30174700,False
SPY,2024-10-29,579.8499755859375,582.9099731445312,578.4299926757812,581.77001953125,571.5277709960938,42899700,False
SPY,2024-10-30,581.2899780273438,583.3200073242188,579.2899780273438,580.010009765625,569.798828125,41435800,False
SPY,2024-10-31,575.5599975585938,575.6300048828125,568.4400024414062,568.6400146484375,558.6290283203125,60182500,False
SPY,2024-11-01,571.3200073242188,575.5499877929688,570.6199951171875,571.0399780273438,560.9866943359375,45667500,False
SPY,2024-11-04,571.1799926757812,572.5,567.8900146484375,569.8099975585938,559.7783203125,38217000,False
SPY,2024-11-05,570.739990234375,576.739990234375,570.52001953125,576.7000122070312,566.5470581054688,39478300,False
SPY,2024-11-06,589.2000122070312,591.9299926757812,585.3900146484375,591.0399780273438,580.634521484375,68182000,False
SPY,2024-11-07,593.0800170898438,596.6500244140625,593.0,595.6099853515625,585.1242065429688,47233200,False
SPY,2024-11-08,596.1699829101562,599.6400146484375,596.1699829101562,598.1900024414062,587.65869140625,46444900,False
SPY,2024-11-11,599.8099975585938,600.1699829101562,597.0,598.760009765625,588.2186889648438,37586800,False
SPY,2024-11-12,598.6799926757812,599.2899780273438,594.3699951171875,596.9000244140625,586.3914794921875,43006100,False
SPY,2024-11-13,597.3699951171875,599.22998046875,594.9600219726562,597.1900024414062,586.6764526367188,47388600,False
SPY,2024-11-14,597.3200073242188,597.8099975585938,592.6500244140625,593.3499755859375,582.9039916992188,38904100,False
SPY,2024-11-15,589.719970703125,590.2000122070312,583.8599853515625,585.75,575.437744140625,75988800,False
SPY,2024-11-18,586.219970703125,589.489990234375,585.3400268554688,588.1500244140625,577.7955322265625,37001700,False
SPY,2024-11-19,584.7100219726562,591.0399780273438,584.030029296875,590.2999877929688,579.9075317382812,49412000,False
SPY,2024-11-20,590.3800048828125,590.7899780273438,584.6300048828125,590.5,580.1041259765625,50032600,False
SPY,2024-11-21,593.4000244140625,595.1199951171875,587.4500122070312,593.6699829101562,583.2183227539062,46750300,False
SPY,2024-11-22,593.6599731445312,596.1500244140625,593.1500244140625,595.510009765625,585.0260009765625,38226400,False
SPY,2024-11-25,599.52001953125,600.8599853515625,595.2000122070312,597.530029296875,587.0103149414062,42441400,False
SPY,2024-11-26,598.7999877929688,601.3300170898438,598.0700073242188,600.6500244140625,590.0753784179688,45621300,False
SPY,2024-11-27,600.4600219726562,600.8499755859375,597.280029296875,598.8300170898438,588.2874755859375,34000200,False
SPY,2024-11-29,599.6599731445312,603.3499755859375,599.3800048828125,602.5499877929688,591.9420776367188,30177400,False
SPY,2024-12-02,602.969970703125,604.3200073242188,602.469970703125,603.6300048828125,593.0029907226562,31746000,False
SPY,2024-12-03,603.3900146484375,604.1599731445312,602.3400268554688,603.9099731445312,593.2779541015625,26906600,False
SPY,2024-12-04,605.6300048828125,607.9099731445312,604.9500122070312,607.6599731445312,596.9619750976562,42787600,False
SPY,2024-12-05,607.6599731445312,608.47998046875,606.2999877929688,606.6599731445312,595.9796142578125,28762200,False
SPY,2024-12-06,607.4400024414062,609.0700073242188,607.02001953125,607.8099975585938,597.109375,31241500,False
SPY,2024-12-09,607.6900024414062,607.8599853515625,604.0800170898438,604.6799926757812,594.034423828125,34742700,False
SPY,2024-12-10,605.3699951171875,605.7999877929688,602.1300048828125,602.7999877929688,592.1875,37234500,False
SPY,2024-12-11,605.780029296875,608.4299926757812,605.5,607.4600219726562,596.7655029296875,28677700,False
SPY,2024-12-12,606.5800170898438,607.1599731445312,604.3300170898438,604.3300170898438,593.690673828125,31543800,False
SPY,2024-12-13,606.4000244140625,607.1300048828125,602.8099975585938,604.2100219726562,593.5728759765625,35904700,False
SPY,2024-12-16,606.0,607.780029296875,605.2100219726562,606.7899780273438,596.1072998046875,43695200,False
SPY,2024-12-17,604.1900024414062,605.1699829101562,602.8900146484375,604.2899780273438,593.6513671875,55773500,False
SPY,2024-12-18,603.97998046875,606.4099731445312,585.8900146484375,586.280029296875,575.9584350585938,108248700,False
SPY,2024-12-19,591.3599853515625,593.0,585.8499755859375,586.0999755859375,575.7816162109375,85919500,False
SPY,2024-12-20,581.77001953125,595.75,580.9099731445312,591.1500244140625,582.6973266601562,125716700,False
SPY,2024-12-23,590.8900146484375,595.2999877929688,587.6599731445312,594.6900024414062,586.1866455078125,57635800,False
SPY,2024-12-24,596.0599975585938,601.3400268554688,595.469970703125,601.2999877929688,592.7020263671875,33160100,False
SPY,2024-12-26,599.5,602.47998046875,598.0800170898438,601.3400268554688,592.7416381835938,41219100,False
SPY,2024-12-27,597.5399780273438,597.780029296875,590.760009765625,595.010009765625,586.5020751953125,64969300,False
SPY,2024-12-30,587.8900146484375,591.739990234375,584.4099731445312,588.219970703125,579.8092041015625,56578800,False
SPY,2024-12-31,589.9099731445312,590.6400146484375,584.4199829101562,586.0800170898438,577.6998291015625,57052700,False
SPY,2025-01-02,589.3900146484375,591.1300048828125,580.5,584.6400146484375,576.2802734375,50204000,False
SPY,2025-01-03,587.530029296875,592.5999755859375,586.4299926757812,591.9500122070312,583.48583984375,37888500,False
SPY,2025-01-06,596.27001953125,599.7000122070312,593.5999755859375,595.3599853515625,586.8470458984375,47679400,False
SPY,2025-01-07,597.4199829101562,597.75,586.780029296875,588.6300048828125,580.2132568359375,60393100,False
SPY,2025-01-08,588.7000122070312,590.5800170898438,585.2000122070312,589.489990234375,581.0609130859375,47304700,False
SPY,2025-01-10,585.8800048828125,585.9500122070312,578.5499877929688,580.489990234375,572.189697265625,73105000,False
SPY,2025-01-13,575.77001953125,581.75,575.3499755859375,581.3900146484375,573.076904296875,47910100,False
SPY,2025-01-14,584.3599853515625,585.0,578.3499755859375,582.1900024414062,573.8653564453125,48420600,False
SPY,2025-01-15,590.3300170898438,593.9400024414062,589.2000122070312,592.780029296875,584.303955078125,56900200,False
SPY,2025-01-16,594.1699829101562,594.3499755859375,590.9299926757812,591.6400146484375,583.1802368164062,43319700,False
SPY,2025-01-17,596.9600219726562,599.3599853515625,595.6099853515625,597.5800170898438,589.0353393554688,58070600,False
SPY,2025-01-21,600.6699829101562,603.0599975585938,598.6699829101562,603.0499877929688,594.4270629882812,42532900,False
SPY,2025-01-22,605.9199829101562,607.8200073242188,605.3599853515625,606.4400024414062,597.7686157226562,48196000,False
SPY,2025-01-23,605.7999877929688,609.75,605.52001953125,609.75,601.0313110351562,41152100,False
SPY,2025-01-24,609.8099975585938,610.780029296875,606.7999877929688,607.969970703125,599.2766723632812,34604700,False
SPY,2025-01-27,594.8099975585938,599.6900024414062,594.6400146484375,599.3699951171875,590.7998046875,70361100,False
SPY,2025-01-28,600.6199951171875,605.3699951171875,597.25,604.52001953125,595.8761596679688,44433300,False
SPY,2025-01-29,603.719970703125,604.1300048828125,599.219970703125,601.8099975585938,593.204833984375,37177400,False
SPY,2025-01-30,603.9600219726562,606.5999755859375,600.719970703125,605.0399780273438,596.3886108398438,39281300,False
SPY,2025-01-31,607.5,609.9600219726562,601.0499877929688,601.8200073242188,593.2147216796875,66566900,False
SPY,2025-02-03,592.6699829101562,600.2899780273438,590.489990234375,597.77001953125,589.2225952148438,65857200,False
SPY,2025-02-04,597.8300170898438,602.2999877929688,597.280029296875,601.780029296875,593.1753540039062,33457800,False
SPY,2025-02-05,600.6400146484375,604.3699951171875,598.5800170898438,604.219970703125,595.580322265625,30653100,False
SPY,2025-02-06,605.989990234375,606.4500122070312,602.6300048828125,606.3200073242188,597.6503295898438,35771500,False
SPY,2025-02-07,606.8900146484375,608.1300048828125,600.0499877929688,600.77001953125,592.1796875,50788500,False
SPY,2025-02-10,604.030029296875,605.5,602.739990234375,604.8499755859375,596.2013549804688,26048700,False
SPY,2025-02-11,602.5499877929688,605.8599853515625,602.4299926757812,605.3099975585938,596.65478515625,30056700,False
SPY,2025-02-12,599.2000122070312,604.5499877929688,598.510009765625,603.3599853515625,594.732666015625,45076100,False
SPY,2025-02-13,604.47998046875,609.9400024414062,603.2000122070312,609.72998046875,601.0115966796875,40921300,False
SPY,2025-02-14,609.9400024414062,610.989990234375,609.0700073242188,609.7000122070312,600.9820556640625,26910400,False
SPY,2025-02-18,610.8800048828125,611.489990234375,608.3800048828125,611.489990234375,602.7463989257812,26749000,False
SPY,2025-02-19,610.0800170898438,613.22998046875,609.5599975585938,612.9299926757812,604.1658325195312,31011100,False
SPY,2025-02-20,611.5399780273438,611.6799926757812,607.02001953125,610.3800048828125,601.6522216796875,36554000,False
SPY,2025-02-21,610.1599731445312,610.2999877929688,599.469970703125,599.9400024414062,591.361572265625,76519800,False
SPY,2025-02-24,602.02001953125,603.030029296875,596.489990234375,597.2100219726562,588.6707153320312,50737200,False
SPY,2025-02-25,597.1500244140625,597.8900146484375,589.5599975585938,594.239990234375,585.7429809570312,58266500,False
SPY,2025-02-26,595.9299926757812,599.5800170898438,591.8599853515625,594.5399780273438,586.0387573242188,43321600,False
SPY,2025-02-27,596.8499755859375,598.02001953125,584.6500244140625,585.0499877929688,576.6843872070312,74196700,False
SPY,2025-02-28,585.5599975585938,594.719970703125,582.4400024414062,594.1799926757812,585.6838989257812,88744100,False
SPY,2025-03-03,596.1799926757812,597.3400268554688,579.9000244140625,583.77001953125,575.4227905273438,74249200,False
SPY,2025-03-04,579.7100219726562,585.3900146484375,572.25,576.8599853515625,568.611572265625,109648200,False
SPY,2025-03-05,576.6900024414062,584.8800048828125,573.0800170898438,583.0599975585938,574.722900390625,71230500,False
SPY,2025-03-06,575.47998046875,580.1699829101562,570.1199951171875,572.7100219726562,564.52099609375,80094900,False
SPY,2025-03-07,570.9000244140625,577.3900146484375,565.6300048828125,575.9199829101562,567.6849975585938,81158800,False
SPY,2025-03-10,567.5900268554688,569.5399780273438,555.5900268554688,560.5800170898438,552.564453125,99326600,False
SPY,2025-03-11,559.4000244140625,564.02001953125,552.02001953125,555.9199829101562,547.9710083007812,88102100,False
SPY,2025-03-12,562.1699829101562,563.1099853515625,553.6900024414062,558.8699951171875,550.8787841796875,69588200,False
SPY,2025-03-13,558.489990234375,559.1099853515625,549.6799926757812,551.4199829101562,543.5353393554688,74079400,False
SPY,2025-03-14,556.1099853515625,563.8300170898438,551.489990234375,562.8099975585938,554.762451171875,62660300,False
SPY,2025-03-17,562.7899780273438,569.7100219726562,562.3499755859375,567.1500244140625,559.0403442382812,49008700,False
SPY,2025-03-18,564.7999877929688,565.02001953125,559.0599975585938,561.02001953125,552.9981079101562,66041400,False
SPY,2025-03-19,562.8300170898438,570.9500122070312,561.6300048828125,567.1300048828125,559.0206298828125,66556000,False
SPY,2025-03-20,563.3300170898438,570.5700073242188,562.5999755859375,565.489990234375,557.4041137695312,62958200,False
SPY,2025-03-21,559.280029296875,564.8900146484375,558.030029296875,563.97998046875,557.5880126953125,83763000,False
SPY,2025-03-24,570.7999877929688,575.1500244140625,570.2000122070312,574.0800170898438,567.5736083984375,58766800,False
SPY,2025-03-25,575.2999877929688,576.4099731445312,573.6900024414062,575.4600219726562,568.93798828125,38355700,False
SPY,2025-03-26,575.1900024414062,576.3300170898438,567.1900024414062,568.5900268554688,562.1458740234375,51848300,False
SPY,2025-03-27,567.1799926757812,570.9000244140625,564.9400024414062,567.0800170898438,560.6529541015625,42164200,False
SPY,2025-03-28,565.530029296875,566.27001953125,555.0700073242188,555.6599731445312,549.3623657226562,71662700,False
SPY,2025-03-31,549.8300170898438,560.7100219726562,546.8699951171875,559.3900146484375,553.0501098632812,95328200,False
SPY,2025-04-01,557.4500122070312,562.9400024414062,553.6799926757812,560.969970703125,554.6121215820312,54609600,False
SPY,2025-04-02,555.0499877929688,567.4199829101562,554.8099975585938,564.52001953125,558.1219482421875,76014500,False
SPY,2025-04-03,545.1099853515625,547.969970703125,536.7000122070312,536.7000122070312,530.6172485351562,125986000,True
SPY,2025-04-04,523.6699829101562,525.8699951171875,505.05999755859375,505.2799987792969,499.5533447265625,217965100,True
SPY,2025-04-07,489.19000244140625,523.1699829101562,481.79998779296875,504.3800048828125,498.6635437011719,256611400,False
SPY,2025-04-08,521.8599853515625,524.97998046875,489.1600036621094,496.4800109863281,490.8531188964844,165816600,False
SPY,2025-04-09,493.44000244140625,548.6199951171875,493.04998779296875,548.6199951171875,542.4022216796875,241867300,True
SPY,2025-04-10,532.1699829101562,533.5,509.32000732421875,524.5800170898438,518.6346435546875,162331200,False
SPY,2025-04-11,523.010009765625,536.4299926757812,520.0700073242188,533.9400024414062,527.8885498046875,97866300,False
SPY,2025-04-14,544.0499877929688,544.280029296875,533.8599853515625,539.1199951171875,533.009765625,68034000,False
SPY,2025-04-15,539.6699829101562,543.22998046875,536.8099975585938,537.6099853515625,531.5169067382812,56892900,False
SPY,2025-04-16,531.6799926757812,537.8900146484375,520.2899780273438,525.6599731445312,519.702392578125,83484800,False
SPY,2025-04-17,527.6400146484375,531.1699829101562,523.9099731445312,526.4099731445312,520.44384765625,79868100,False
SPY,2025-04-21,521.1599731445312,521.7000122070312,508.4599914550781,513.8800048828125,508.0558776855469,69368100,False
SPY,2025-04-22,520.1400146484375,529.2999877929688,519.1900024414062,527.25,521.2743530273438,75948100,False
SPY,2025-04-23,540.4299926757812,545.4299926757812,533.8800048828125,535.4199829101562,529.3516845703125,90590700,False
SPY,2025-04-24,536.719970703125,547.4299926757812,535.4500122070312,546.6900024414062,540.4940185546875,64150400,False
SPY,2025-04-25,546.6500244140625,551.0499877929688,543.6900024414062,550.6400146484375,544.3992309570312,61119600,False
SPY,2025-04-28,551.3900146484375,553.5499877929688,545.02001953125,550.8499755859375,544.6068725585938,47613800,False
SPY,2025-04-29,548.9099731445312,555.4500122070312,548.5499877929688,554.3200073242188,548.0375366210938,47775100,False
SPY,2025-04-30,547.5700073242188,556.52001953125,541.52001953125,554.5399780273438,548.2550659179688,93101500,False
SPY,2025-05-01,560.3699951171875,564.0700073242188,557.8599853515625,558.469970703125,552.1405029296875,63186100,False
SPY,2025-05-02,564.72998046875,568.3800048828125,562.3800048828125,566.760009765625,560.3365478515625,60717300,False
SPY,2025-05-05,562.5700073242188,566.6500244140625,561.7000122070312,563.510009765625,557.1234130859375,38659200,False
SPY,2025-05-06,557.9299926757812,563.3499755859375,556.9600219726562,558.7999877929688,552.4667358398438,48264700,False
SPY,2025-05-07,560.1500244140625,563.8200073242188,556.0399780273438,561.1500244140625,554.7901611328125,55588000,False
SPY,2025-05-08,565.239990234375,570.3099975585938,561.7000122070312,565.0599975585938,558.6558227539062,65130800,False
SPY,2025-05-09,566.47998046875,567.5,562.760009765625,564.3400268554688,557.9440307617188,37603400,False
SPY,2025-05-12,581.469970703125,583.0,577.0399780273438,582.989990234375,576.3826904296875,78993600,False
SPY,2025-05-13,583.4099731445312,589.0800170898438,582.8400268554688,586.8400268554688,580.18896484375,67947200,False
SPY,2025-05-14,587.8099975585938,588.97998046875,585.5399780273438,587.5900268554688,580.9304809570312,66283500,False
SPY,2025-05-15,585.5599975585938,590.969970703125,585.0999755859375,590.4600219726562,583.7679443359375,71268100,False
SPY,2025-05-16,591.25,594.5,589.280029296875,594.2000122070312,587.465576171875,76052100,False
SPY,2025-05-19,588.0999755859375,595.5399780273438,588.0999755859375,594.8499755859375,588.108154296875,68168500,False
SPY,2025-05-20,593.0900268554688,594.0499877929688,589.5999755859375,592.8499755859375,586.130859375,60614500,False
SPY,2025-05-21,588.4400024414062,592.5800170898438,581.8200073242188,582.8599853515625,576.2540893554688,95197700,False
SPY,2025-05-22,582.6599731445312,586.6199951171875,581.4099731445312,583.0900268554688,576.4815063476562,70860400,False
SPY,2025-05-23,575.97998046875,581.8099975585938,575.5999755859375,579.1099853515625,572.5465698242188,76029000,False
SPY,2025-05-27,586.0700073242188,591.3099975585938,578.4299926757812,591.1500244140625,584.4501953125,72588500,False
SPY,2025-05-28,591.5599975585938,592.77001953125,586.989990234375,587.72998046875,581.06884765625,68445500,False
SPY,2025-05-29,593.0599975585938,593.2000122070312,586.0700073242188,590.0499877929688,583.3626098632812,69973300,False
SPY,2025-05-30,588.9299926757812,591.1300048828125,583.239990234375,589.3900146484375,582.7100830078125,90601200,False
SPY,2025-06-02,587.760009765625,592.7899780273438,585.0599975585938,592.7100219726562,585.992431640625,61630500,False
SPY,2025-06-03,592.3400268554688,597.0800170898438,591.8499755859375,596.0900268554688,589.3341064453125,63606200,False
SPY,2025-06-04,596.9600219726562,597.9500122070312,595.489990234375,595.9299926757812,589.1759033203125,57314200,False
SPY,2025-06-05,597.6300048828125,599.0,591.0499877929688,593.0499877929688,586.3285522460938,92278700,False
SPY,2025-06-06,598.6599731445312,600.8300170898438,596.8599853515625,599.1400146484375,592.3495483398438,66588700,False
SPY,2025-06-09,599.719970703125,601.25,598.489990234375,599.6799926757812,592.8834838867188,53016400,False
SPY,2025-06-10,600.219970703125,603.469970703125,599.0900268554688,603.0800170898438,596.2449340820312,66247000,False
SPY,2025-06-11,604.1900024414062,605.0599975585938,599.27001953125,601.3599853515625,594.54443359375,73658200,False
SPY,2025-06-12,600.010009765625,603.75,599.52001953125,603.75,596.9073486328125,64129000,False
SPY,2025-06-13,598.5,601.8499755859375,595.47998046875,597.0,590.2338256835938,89506000,False
SPY,2025-06-16,600.4000244140625,604.4500122070312,600.219970703125,602.6799926757812,595.8494262695312,79984100,False
SPY,2025-06-17,600.2100219726562,601.75,596.760009765625,597.530029296875,590.7578125,82209400,False
SPY,2025-06-18,598.4400024414062,601.219970703125,596.469970703125,597.4400024414062,590.6688232421875,76605000,False
SPY,2025-06-20,598.3800048828125,599.4600219726562,592.8599853515625,594.280029296875,589.2816162109375,94051400,False
SPY,2025-06-23,595.0399780273438,600.5399780273438,591.8900146484375,600.1500244140625,595.1022338867188,87426000,False
SPY,2025-06-24,604.3300170898438,607.8499755859375,603.4099731445312,606.780029296875,601.6764526367188,67735300,False
SPY,2025-06-25,607.9099731445312,608.6099853515625,605.5399780273438,607.1199951171875,602.0136108398438,62114800,False
SPY,2025-06-26,608.989990234375,612.3099975585938,608.3699951171875,611.8699951171875,606.7236938476562,78548400,False
SPY,2025-06-27,612.8800048828125,616.3900146484375,610.8300170898438,614.9099731445312,609.7380981445312,86258400,False
SPY,2025-06-30,617.3800048828125,619.219970703125,615.0399780273438,617.8499755859375,612.6533813476562,92502500,False
SPY,2025-07-01,616.3599853515625,618.8300170898438,615.52001953125,617.6500244140625,612.455078125,70030100,False
SPY,2025-07-02,617.239990234375,620.489990234375,616.6099853515625,620.4500122070312,615.2315063476562,66510400,False
SPY,2025-07-03,622.4500122070312,626.280029296875,622.4299926757812,625.3400268554688,620.0803833007812,51065800,False
SPY,2025-07-07,623.3599853515625,624.030029296875,617.8699951171875,620.6799926757812,615.4595947265625,74814500,False
SPY,2025-07-08,621.3499755859375,622.1099853515625,619.52001953125,620.3400268554688,615.1224365234375,59024600,False
SPY,2025-07-09,622.77001953125,624.719970703125,620.9099731445312,624.0599975585938,618.8110961914062,66113300,False
SPY,2025-07-10,624.2000122070312,626.8699951171875,623.010009765625,625.8200073242188,620.5563354492188,57529000,False
SPY,2025-07-11,622.739990234375,624.8599853515625,621.530029296875,623.6199951171875,618.3748168945312,63670200,False
SPY,2025-07-14,623.1599731445312,625.1599731445312,621.7999877929688,624.8099975585938,619.5547485351562,51898500,False
SPY,2025-07-15,627.52001953125,627.8599853515625,622.0599975585938,622.1400146484375,616.9072875976562,74317300,False
SPY,2025-07-16,623.739990234375,624.72998046875,618.0499877929688,624.219970703125,618.9697265625,88987500,False
SPY,2025-07-17,624.4000244140625,628.4000244140625,624.1799926757812,628.0399780273438,622.757568359375,68885700,False
SPY,2025-07-18,629.2999877929688,629.469970703125,626.4600219726562,627.5800170898438,622.301513671875,65621600,False
SPY,2025-07-21,628.77001953125,631.5399780273438,628.3400268554688,628.77001953125,623.4815063476562,63375000,False
SPY,2025-07-22,629.0999755859375,629.72998046875,626.1900024414062,628.8599853515625,623.5707397460938,60046300,False
SPY,2025-07-23,631.5499877929688,634.2100219726562,629.72998046875,634.2100219726562,628.8757934570312,70511000,False
SPY,2025-07-24,634.5999755859375,636.1500244140625,633.989990234375,634.4199829101562,629.083984375,71307100,False
SPY,2025-07-25,635.0900268554688,637.5800170898438,634.8400268554688,637.0999755859375,631.7413940429688,56865400,False
SPY,2025-07-28,637.47998046875,638.0399780273438,635.5399780273438,636.9400024414062,631.582763671875,54917100,False
SPY,2025-07-29,638.3499755859375,638.6699829101562,634.3400268554688,635.260009765625,629.9169311523438,60556300,False
SPY,2025-07-30,635.9199829101562,637.6799926757812,631.5399780273438,634.4600219726562,629.1236572265625,80418900,False
SPY,2025-07-31,639.4600219726562,639.8499755859375,630.77001953125,632.0800170898438,626.763671875,103385200,False
SPY,2025-08-01,626.2999877929688,626.3400268554688,619.2899780273438,621.719970703125,616.4907836914062,140103600,False
SPY,2025-08-04,625.6699829101562,631.219970703125,625.5800170898438,631.1699829101562,625.8612670898438,73218000,False
SPY,2025-08-05,631.7899780273438,632.6099853515625,627.0399780273438,627.969970703125,622.688232421875,68051400,False
SPY,2025-08-06,629.0499877929688,633.4400024414062,628.1300048828125,632.780029296875,627.457763671875,64357500,False
SPY,2025-08-07,636.239990234375,636.97998046875,629.1099853515625,632.25,626.9321899414062,74205800,False
SPY,2025-08-08,634.0599975585938,637.6500244140625,633.739990234375,637.1799926757812,631.82080078125,64051600,False
SPY,2025-08-11,637.4600219726562,638.9500122070312,634.6599731445312,635.9199829101562,630.5713500976562,58742300,False
SPY,2025-08-12,638.2899780273438,642.8499755859375,636.7899780273438,642.6900024414062,637.2844848632812,64730800,False
SPY,2025-08-13,644.9099731445312,646.1900024414062,642.6799926757812,644.8900146484375,639.4659423828125,60092800,False
SPY,2025-08-14,642.7899780273438,645.6199951171875,642.3400268554688,644.9500122070312,639.5254516601562,59327500,False
SPY,2025-08-15,645.989990234375,646.0900268554688,642.52001953125,643.4400024414062,638.0281372070312,68592500,False
SPY,2025-08-18,642.8599853515625,644.0,642.1799926757812,643.2999877929688,637.8892822265625,43804900,False
SPY,2025-08-19,643.1199951171875,644.1099853515625,638.47998046875,639.8099975585938,634.4286499023438,69750700,False
SPY,2025-08-20,639.4000244140625,639.6599731445312,632.9500122070312,638.1099853515625,632.742919921875,88890300,False
SPY,2025-08-21,636.280029296875,637.969970703125,633.8099975585938,635.5499877929688,630.2044677734375,54805800,False
SPY,2025-08-22,637.760009765625,646.5,637.25,645.3099975585938,639.8823852539062,84083200,False
SPY,2025-08-25,644.0399780273438,645.2899780273438,642.3499755859375,642.469970703125,637.0662231445312,51274300,False
SPY,2025-08-26,642.2000122070312,645.510009765625,641.5700073242188,645.1599731445312,639.733642578125,51581600,False
SPY,2025-08-27,644.5700073242188,647.3699951171875,644.4199829101562,646.6300048828125,641.1912841796875,48341100,False
SPY,2025-08-28,647.239990234375,649.47998046875,645.3400268554688,648.9199829101562,643.4619750976562,61519500,False
SPY,2025-08-29,647.469970703125,647.8400268554688,643.1400146484375,645.0499877929688,639.6245727539062,74522200,False
SPY,2025-09-02,637.5,640.489990234375,634.9199829101562,640.27001953125,634.884765625,81983500,False
SPY,2025-09-03,642.6699829101562,644.2100219726562,640.4600219726562,643.739990234375,638.3256225585938,70820900,False
SPY,2025-09-04,644.4199829101562,649.1500244140625,643.510009765625,649.1199951171875,643.6602783203125,65219200,False
SPY,2025-09-05,651.47998046875,652.2100219726562,643.3300170898438,647.239990234375,641.796142578125,85178900,False
SPY,2025-09-08,648.6199951171875,649.8400268554688,647.22998046875,648.8300170898438,643.3727416992188,63133100,False
SPY,2025-09-09,648.969970703125,650.8599853515625,647.219970703125,650.3300170898438,644.8601684570312,66133900,False
SPY,2025-09-10,653.6199951171875,654.5499877929688,650.6300048828125,652.2100219726562,646.724365234375,78034500,False
SPY,2025-09-11,654.1799926757812,658.3300170898438,653.5900268554688,657.6300048828125,652.0988159179688,69934400,False
SPY,2025-09-12,657.5999755859375,659.1099853515625,656.9000244140625,657.4099731445312,651.8805541992188,72780100,False
SPY,2025-09-15,659.6400146484375,661.0399780273438,659.3400268554688,660.9099731445312,655.3511352539062,63772400,False
SPY,2025-09-16,661.469970703125,661.780029296875,659.2100219726562,660.0,654.4487915039062,61169000,False
SPY,2025-09-17,660.010009765625,661.719970703125,654.2999877929688,659.1799926757812,653.6357421875,101952200,False
SPY,2025-09-18,661.8900146484375,664.8900146484375,660.27001953125,662.260009765625,656.6898803710938,90459200,False
SPY,2025-09-19,662.3300170898438,664.5499877929688,660.3699951171875,663.7000122070312,659.9423217773438,97945600,False
SPY,2025-09-22,662.2000122070312,667.2899780273438,662.1699829101562,666.8400268554688,663.0645751953125,69452200,False
SPY,2025-09-23,666.719970703125,667.3400268554688,661.97998046875,663.2100219726562,659.4551391601562,81708900,False
SPY,2025-09-24,664.510009765625,664.6099853515625,659.6699829101562,661.0999755859375,657.3569946289062,68082200,False
SPY,2025-09-25,657.9400024414062,659.4099731445312,654.4099731445312,658.0499877929688,654.3242797851562,89622100,False
SPY,2025-09-26,659.510009765625,662.3699951171875,657.8800048828125,661.8200073242188,658.072998046875,69179200,False
SPY,2025-09-29,664.3599853515625,665.280029296875,661.8599853515625,663.6799926757812,659.9224243164062,73499000,False
SPY,2025-09-30,662.9299926757812,666.6500244140625,661.6099853515625,666.1799926757812,662.4082641601562,86288000,False
SPY,2025-10-01,663.1699829101562,669.3699951171875,663.0599975585938,668.4500122070312,664.6654052734375,72545400,False
SPY,2025-10-02,670.4500122070312,670.5700073242188,666.780029296875,669.219970703125,665.4309692382812,56896000,False
SPY,2025-10-03,669.989990234375,672.6799926757812,668.1599731445312,669.2100219726562,665.421142578125,70494400,False
SPY,2025-10-06,671.6199951171875,672.510009765625,669.4600219726562,671.6099853515625,667.8074951171875,54623300,False
SPY,2025-10-07,672.5399780273438,672.989990234375,667.6699829101562,669.1199951171875,665.3316040039062,72020100,False
SPY,2025-10-08,670.25,673.2100219726562,669.4199829101562,673.1099853515625,669.2990112304688,60702200,False
SPY,2025-10-09,673.530029296875,673.9400024414062,669.2100219726562,671.1599731445312,667.3600463867188,66501900,False
SPY,2025-10-10,672.1300048828125,673.9500122070312,652.8400268554688,653.02001953125,649.32275390625,159422600,False
SPY,2025-10-13,660.6500244140625,665.1300048828125,659.77001953125,663.0399780273438,659.2860107421875,79560500,False
SPY,2025-10-14,657.1699829101562,665.8300170898438,653.1699829101562,662.22998046875,658.4805908203125,88779600,False
SPY,2025-10-15,666.8200073242188,670.22998046875,658.9299926757812,665.1699829101562,661.4039306640625,81702600,False
SPY,2025-10-16,666.8200073242188,668.7100219726562,657.1099853515625,660.6400146484375,656.8995971679688,110563300,False
SPY,2025-10-17,659.5,665.760009765625,658.1400146484375,664.3900146484375,660.62841796875,96500900,False
SPY,2025-10-20,667.3200073242188,672.2100219726562,667.27001953125,671.2999877929688,667.499267578125,60493400,False
SPY,2025-10-21,671.4400024414062,672.989990234375,669.97998046875,671.2899780273438,667.4893188476562,56249000,False
SPY,2025-10-22,672.0,672.0,663.2999877929688,667.7999877929688,664.0191040039062,80564000,False
SPY,2025-10-23,668.1199951171875,672.7100219726562,667.7999877929688,671.760009765625,667.9566650390625,65604500,False
SPY,2025-10-24,676.4600219726562,678.469970703125,675.6500244140625,677.25,673.4155883789062,74356500,False
SPY,2025-10-27,682.72998046875,685.5399780273438,682.1199951171875,685.239990234375,681.3603515625,63339800,False
SPY,2025-10-28,687.0499877929688,688.9099731445312,684.8300170898438,687.0599975585938,683.1700439453125,61738100,False
SPY,2025-10-29,688.719970703125,689.7000122070312,682.8699951171875,687.3900146484375,683.4982299804688,85657100,False
SPY,2025-10-30,683.9000244140625,685.9400024414062,679.8300170898438,679.8300170898438,675.9810180664062,76335800,False
SPY,2025-10-31,685.0399780273438,685.0800170898438,679.239990234375,682.0599975585938,678.1983032226562,87164100,False
SPY,2025-11-03,685.6699829101562,685.7999877929688,679.9400024414062,683.3400268554688,679.4711303710938,57315000,False
SPY,2025-11-04,676.1099853515625,679.9600219726562,674.5800170898438,675.239990234375,671.4169921875,78427000,False
SPY,2025-11-05,674.97998046875,680.8599853515625,674.1699829101562,677.5800170898438,673.7437133789062,74402400,False
SPY,2025-11-06,676.469970703125,677.3800048828125,668.719970703125,670.3099975585938,666.514892578125,85035300,False
SPY,2025-11-07,667.9099731445312,671.0800170898438,661.2100219726562,670.969970703125,667.1710815429688,100592400,False
SPY,2025-11-10,677.239990234375,682.1799926757812,675.030029296875,681.4400024414062,677.5818481445312,75842900,False
SPY,2025-11-11,679.9500122070312,683.5700073242188,678.72998046875,683.0,679.1329956054688,58953400,False
SPY,2025-11-12,684.7899780273438,684.9600219726562,680.9500122070312,683.3800048828125,679.5109252929688,62312500,False
SPY,2025-11-13,680.5,680.8599853515625,670.52001953125,672.0399780273438,668.235107421875,103457800,False
SPY,2025-11-14,665.3800048828125,675.6599731445312,663.27001953125,671.9299926757812,668.1256713867188,96846700,False
SPY,2025-11-17,669.7000122070312,673.7100219726562,662.1699829101562,665.6699829101562,661.901123046875,90456100,False
SPY,2025-11-18,662.0999755859375,665.1199951171875,655.8599853515625,660.0800170898438,656.3427734375,114467500,False
SPY,2025-11-19,660.780029296875,667.3400268554688,658.75,662.6300048828125,658.8783569335938,94703000,False
SPY,2025-11-20,672.9099731445312,675.5599975585938,651.8900146484375,652.530029296875,648.8355712890625,165293500,False
SPY,2025-11-21,655.0499877929688,664.5499877929688,650.8499755859375,659.030029296875,655.2987670898438,123956200,False
SPY,2025-11-24,662.6900024414062,670.0599975585938,661.5900268554688,668.72998046875,664.9437866210938,80437900,False
SPY,2025-11-25,668.6300048828125,676.2100219726562,664.47998046875,675.02001953125,671.1982421875,81077100,False
SPY,2025-11-26,677.6300048828125,681.7000122070312,676.719970703125,679.6799926757812,675.8318481445312,71879600,False
SPY,2025-11-28,680.8599853515625,683.6699829101562,680.5,683.3900146484375,679.5208129882812,49212000,False
SPY,2025-12-01,678.8099975585938,682.989990234375,678.739990234375,680.27001953125,676.41845703125,61201200,False
SPY,2025-12-02,681.9199829101562,683.8200073242188,679.3300170898438,681.530029296875,677.67138671875,62953800,False
SPY,2025-12-03,680.5700073242188,684.9099731445312,679.6900024414062,683.8900146484375,680.0180053710938,57238500,False
SPY,2025-12-04,685.2999877929688,685.3699951171875,681.3400268554688,684.3900146484375,680.51513671875,61970300,False
SPY,2025-12-05,685.469970703125,688.3900146484375,684.5800170898438,685.6900024414062,681.8078002929688,79241000,False
SPY,2025-12-08,686.5900268554688,686.6400146484375,681.5700073242188,683.6300048828125,679.7594604492188,55231500,False
SPY,2025-12-09,683.1500244140625,685.3900146484375,682.5900268554688,683.0399780273438,679.1727905273438,58310100,False
SPY,2025-12-10,682.5599975585938,688.969970703125,681.3099975585938,687.5700073242188,683.6771850585938,85671300,False
SPY,2025-12-11,685.1400146484375,689.25,682.1699829101562,689.1699829101562,685.26806640625,86173700,False
SPY,2025-12-12,688.1699829101562,688.8800048828125,679.1699829101562,681.760009765625,677.9000854492188,113160300,False
SPY,2025-12-15,685.739990234375,685.760009765625,679.25,680.72998046875,676.8758544921875,90811000,False
SPY,2025-12-16,679.22998046875,681.0800170898438,674.97998046875,678.8699951171875,675.0264282226562,122030600,False
SPY,2025-12-17,679.8900146484375,680.4400024414062,671.2000122070312,671.4000244140625,667.5986938476562,110625200,False
SPY,2025-12-18,677.5999755859375,680.739990234375,674.9000244140625,676.469970703125,672.6399536132812,108650100,False
SPY,2025-12-19,676.5900268554688,681.0900268554688,676.469970703125,680.5900268554688,678.7363891601562,103599500,False
SPY,2025-12-22,683.9400024414062,685.3599853515625,680.5900268554688,684.8300170898438,682.96484375,69556700,False
SPY,2025-12-23,683.9199829101562,688.2000122070312,683.8699951171875,687.9600219726562,686.0863037109375,64840000,False
SPY,2025-12-24,687.9500122070312,690.8300170898438,687.7999877929688,690.3800048828125,688.4996948242188,39445600,False
SPY,2025-12-26,690.6400146484375,691.6599731445312,689.27001953125,690.3099975585938,688.4298706054688,41613300,False
SPY,2025-12-29,687.5399780273438,689.2000122070312,686.0700073242188,687.8499755859375,685.9765625,62559500,False
SPY,2025-12-30,687.4500122070312,688.5599975585938,686.5800170898438,687.010009765625,685.138916015625,47160700,False
SPY,2025-12-31,687.1400146484375,687.3599853515625,681.7100219726562,681.9199829101562,680.062744140625,74144800,False
SPY,2026-01-02,685.7100219726562,686.8699951171875,679.8200073242188,683.1699829101562,681.309326171875,89377200,False
SPY,2026-01-05,686.5399780273438,689.4299926757812,686.3800048828125,687.719970703125,685.846923828125,71927200,False
SPY,2026-01-06,687.9299926757812,692.3200073242188,687.780029296875,691.8099975585938,689.92578125,69273800,False
SPY,2026-01-07,692.1900024414062,693.9600219726562,689.3200073242188,689.5800170898438,687.701904296875,75588300,False
SPY,2026-01-08,688.8200073242188,690.6199951171875,687.489990234375,689.510009765625,687.632080078125,64019200,False
SPY,2026-01-09,690.6300048828125,695.3099975585938,689.1799926757812,694.0700073242188,692.1796264648438,80125500,False
SPY,2026-01-12,690.6799926757812,696.0900268554688,690.6300048828125,695.1599731445312,693.2666625976562,63976000,False
SPY,2026-01-13,695.489990234375,696.0900268554688,691.3499755859375,693.77001953125,691.8804931640625,78309700,False
SPY,2026-01-14,691.0,691.719970703125,686.0399780273438,690.3599853515625,688.479736328125,94676700,False
SPY,2026-01-15,694.5700073242188,695.4500122070312,691.25,692.239990234375,690.3546142578125,77862000,False
SPY,2026-01-16,693.6599731445312,694.25,690.0999755859375,691.6599731445312,689.7761840820312,79289200,False
SPY,2026-01-20,681.489990234375,684.77001953125,676.5700073242188,677.5800170898438,675.7345581054688,111623300,False
SPY,2026-01-21,679.6500244140625,688.739990234375,678.1300048828125,685.4000244140625,683.5332641601562,127844500,False
SPY,2026-01-22,689.8499755859375,691.1300048828125,686.9199829101562,688.97998046875,687.103515625,77112200,False
SPY,2026-01-23,688.1500244140625,690.9600219726562,687.1599731445312,689.22998046875,687.352783203125,63059600,False
SPY,2026-01-26,690.489990234375,694.1300048828125,689.9199829101562,692.72998046875,690.84326171875,60473800,False
SPY,2026-01-27,694.1799926757812,696.530029296875,693.5700073242188,695.489990234375,693.5957641601562,55506100,False
SPY,2026-01-28,697.0499877929688,697.8400268554688,693.9400024414062,695.4199829101562,693.5259399414062,61172200,False
SPY,2026-01-29,696.3900146484375,697.0599975585938,684.8300170898438,694.0399780273438,692.1497192382812,97486200,False
SPY,2026-01-30,691.7899780273438,694.2100219726562,687.1199951171875,691.969970703125,690.0853271484375,101835100,False
SPY,2026-02-02,689.5800170898438,696.9299926757812,689.4199829101562,695.4099731445312,693.5159912109375,79286500,False
SPY,2026-02-03,696.2100219726562,696.9600219726562,684.030029296875,689.530029296875,687.6520385742188,107904600,False
SPY,2026-02-04,690.3499755859375,691.4500122070312,681.760009765625,686.1900024414062,684.3211059570312,105204600,False
SPY,2026-02-05,680.9400024414062,683.6900024414062,675.7899780273438,677.6199951171875,675.7744750976562,113610800,False
SPY,2026-02-06,681.4600219726562,692.3099975585938,680.8499755859375,690.6199951171875,688.739013671875,89127600,False
SPY,2026-02-09,689.4199829101562,695.8699951171875,688.3400268554688,693.9500122070312,692.0599975585938,73885200,False
SPY,2026-02-10,694.9500122070312,696.5399780273438,691.6599731445312,692.1199951171875,690.2349243164062,65185700,False
SPY,2026-02-11,696.3900146484375,697.1400146484375,689.1799926757812,691.9600219726562,690.075439453125,76353900,False
SPY,2026-02-12,694.239990234375,695.3499755859375,680.3699951171875,681.27001953125,679.41455078125,118829000,False
SPY,2026-02-13,681.6900024414062,686.280029296875,677.52001953125,681.75,679.8931884765625,96267500,False
SPY,2026-02-17,680.1400146484375,684.9400024414062,675.780029296875,682.8499755859375,680.9901733398438,81354700,False
SPY,2026-02-18,684.02001953125,689.1500244140625,682.8300170898438,686.2899780273438,684.4208374023438,73570300,False
SPY,2026-02-19,683.8400268554688,686.1799926757812,681.5499877929688,684.47998046875,682.61572265625,58649400,False
SPY,2026-02-20,682.3200073242188,690.0599975585938,681.72998046875,689.4299926757812,687.5523071289062,100034000,False
SPY,2026-02-23,687.8300170898438,690.0,680.3699951171875,682.3900146484375,680.531494140625,90558100,False
SPY,2026-02-24,681.9000244140625,688.3499755859375,680.0,687.3499755859375,685.4779052734375,73798700,False
SPY,2026-02-25,690.1799926757812,693.6799926757812,690.0999755859375,693.1500244140625,691.26220703125,56369500,False
SPY,2026-02-26,693.280029296875,693.2999877929688,684.3499755859375,689.2999877929688,687.422607421875,71671000,False
SPY,2026-02-27,683.0900268554688,686.8599853515625,681.6400146484375,685.989990234375,684.1216430664062,83308900,False
SPY,2026-03-02,678.7000122070312,688.6199951171875,678.02001953125,686.3800048828125,684.5106201171875,87477200,False
SPY,2026-03-03,675.0599975585938,682.6099853515625,669.6599731445312,680.3300170898438,678.4771118164062,105003100,False
SPY,2026-03-04,681.6300048828125,687.0900268554688,679.6199951171875,685.1300048828125,683.2639770507812,79182200,False
SPY,2026-03-05,682.0800170898438,685.530029296875,675.6099853515625,681.3099975585938,679.4544067382812,106606500,False
SPY,2026-03-06,673.4099731445312,676.1099853515625,669.760009765625,672.3800048828125,670.5487060546875,100687000,False
SPY,2026-03-09,666.3900146484375,679.9199829101562,662.3900146484375,678.27001953125,676.4227294921875,102667700,False
SPY,2026-03-10,677.719970703125,683.3599853515625,674.760009765625,677.1799926757812,675.3356323242188,81505300,False
SPY,2026-03-11,677.5800170898438,680.0800170898438,673.3400268554688,676.3300170898438,674.4879760742188,68441700,False
SPY,2026-03-12,671.1599731445312,671.6500244140625,665.8699951171875,666.0599975585938,664.2459106445312,108882200,False
SPY,2026-03-13,669.27001953125,672.3400268554688,661.3599853515625,662.2899780273438,660.4862060546875,97200200,False
SPY,2026-03-16,668.3800048828125,672.0700073242188,667.1199951171875,669.030029296875,667.2078857421875,82023100,False
SPY,2026-03-17,672.3900146484375,674.4400024414062,669.7000122070312,670.7899780273438,668.9630126953125,87128000,False
SPY,2026-03-18,668.3599853515625,669.719970703125,661.1900024414062,661.4299926757812,659.6285400390625,82062600,False
SPY,2026-03-19,656.969970703125,662.97998046875,655.1699829101562,659.7999877929688,658.0029907226562,111272500,False
SPY,2026-03-20,656.510009765625,656.6900024414062,644.719970703125,648.5700073242188,648.5700073242188,163617500,False
SPY,2026-03-23,658.0700073242188,662.6199951171875,653.9400024414062,655.3800048828125,655.3800048828125,134802700,False
SPY,2026-03-24,651.3200073242188,657.030029296875,649.8800048828125,653.1799926757812,653.1799926757812,96457500,False
SPY,2026-03-25,658.6699829101562,660.8900146484375,654.239990234375,656.8200073242188,656.8200073242188,90653800,False
SPY,2026-03-26,652.0599975585938,654.8499755859375,644.8200073242188,645.0900268554688,645.0900268554688,96494400,False
SPY,2026-03-27,642.5,642.6599731445312,633.1099853515625,634.0900268554688,634.0900268554688,102725900,False
