ticker,fecha,open,high,low,close,adj_close,volume,anomalia
VALE,2019-01-02,12.9399995803833,13.479999542236328,12.920000076293945,13.470000267028809,7.252861022949219,22120700,False
VALE,2019-01-03,13.359999656677246,13.380000114440918,12.819999694824219,12.829999923706055,6.908255577087402,27666700,False
VALE,2019-01-04,13.350000381469727,14.09000015258789,13.34000015258789,14.020000457763672,7.549006938934326,42880100,False
VALE,2019-01-07,14.229999542236328,14.279999732971191,13.800000190734863,13.829999923706055,7.446702003479004,26186100,False
VALE,2019-01-08,13.9399995803833,14.149999618530273,13.850000381469727,14.0600004196167,7.570544242858887,20270400,False
VALE,2019-01-09,14.510000228881836,14.65999984741211,14.430000305175781,14.510000228881836,7.812845230102539,30852000,False
VALE,2019-01-10,14.25,14.399999618530273,14.130000114440918,14.399999618530273,7.753615379333496,18677100,False
VALE,2019-01-11,14.220000267028809,14.25,14.0600004196167,14.109999656677246,7.597466468811035,17448300,False
VALE,2019-01-14,13.90999984741211,14.220000267028809,13.899999618530273,14.130000114440918,7.608236789703369,14188100,False
VALE,2019-01-15,14.260000228881836,14.260000228881836,13.90999984741211,14.0600004196167,7.570544242858887,19092900,False
VALE,2019-01-16,14.09000015258789,14.15999984741211,14.039999961853027,14.109999656677246,7.597466468811035,16980600,False
VALE,2019-01-17,14.029999732971191,14.630000114440918,14.020000457763672,14.470000267028809,7.79130744934082,29542100,False
VALE,2019-01-18,14.699999809265137,14.710000038146973,14.460000038146973,14.609999656677246,7.8666887283325195,24177000,False
VALE,2019-01-22,14.5,14.550000190734863,14.319999694824219,14.449999809265137,7.7805376052856445,28366800,False
VALE,2019-01-23,14.609999656677246,14.789999961853027,14.539999961853027,14.75,7.942070960998535,19896800,False
VALE,2019-01-24,14.710000038146973,14.960000038146973,14.699999809265137,14.859999656677246,8.001300811767578,24996900,False
VALE,2019-01-25,15.180000305175781,15.449999809265137,12.850000381469727,13.65999984741211,7.355166435241699,157468400,False
VALE,2019-01-28,11.6899995803833,11.8100004196167,11.079999923706055,11.199999809265137,6.030588626861572,150204000,True
VALE,2019-01-29,11.75,11.770000457763672,11.430000305175781,11.479999542236328,6.181353569030762,84280700,False
VALE,2019-01-30,12.460000038146973,12.699999809265137,12.34000015258789,12.59000015258789,6.779030799865723,96986200,False
VALE,2019-01-31,12.640000343322754,12.720000267028809,12.329999923706055,12.4399995803833,6.698263168334961,44701900,False
VALE,2019-02-01,12.470000267028809,12.649999618530273,12.40999984741211,12.569999694824219,6.768260478973389,27898100,False
VALE,2019-02-04,12.130000114440918,12.210000038146973,11.789999961853027,12.149999618530273,6.542112827301025,59850100,False
VALE,2019-02-05,12.119999885559082,12.180000305175781,11.9399995803833,12.109999656677246,6.520574569702148,29661500,False
VALE,2019-02-06,11.850000381469727,11.970000267028809,11.1899995803833,11.359999656677246,6.11674165725708,67720800,False
VALE,2019-02-07,11.270000457763672,11.390000343322754,11.029999732971191,11.170000076293945,6.014435768127441,54779700,False
VALE,2019-02-08,10.979999542236328,11.630000114440918,10.890000343322754,11.390000343322754,6.132895469665527,66887500,False
VALE,2019-02-11,11.460000038146973,11.470000267028809,11.079999923706055,11.220000267028809,6.041358470916748,39647300,False
VALE,2019-02-12,11.3100004196167,11.90999984741211,11.270000457763672,11.850000381469727,6.380579471588135,49077800,False
VALE,2019-02-13,12.149999618530273,12.270000457763672,11.970000267028809,12.0,6.461346626281738,32913500,False
VALE,2019-02-14,11.970000267028809,12.229999542236328,11.9399995803833,12.140000343322754,6.53672981262207,26821700,False
VALE,2019-02-15,12.289999961853027,12.369999885559082,12.15999984741211,12.329999923706055,6.639033794403076,29025100,False
VALE,2019-02-19,12.15999984741211,12.319999694824219,12.140000343322754,12.1899995803833,6.5636515617370605,27907500,False
VALE,2019-02-20,12.079999923706055,12.380000114440918,12.069999694824219,12.229999542236328,6.585188865661621,23507300,False
VALE,2019-02-21,12.039999961853027,12.130000114440918,11.960000038146973,12.029999732971191,6.477499485015869,35357900,False
VALE,2019-02-22,12.170000076293945,12.510000228881836,12.170000076293945,12.5,6.730570316314697,20253300,False
VALE,2019-02-25,12.569999694824219,12.600000381469727,12.369999885559082,12.550000190734863,6.757490158081055,23818300,False
VALE,2019-02-26,12.449999809265137,12.569999694824219,12.380000114440918,12.520000457763672,6.741337299346924,13670700,False
VALE,2019-02-27,12.5,12.579999923706055,12.380000114440918,12.489999771118164,6.725183486938477,24632300,False
VALE,2019-02-28,12.40999984741211,12.520000457763672,12.270000457763672,12.479999542236328,6.719801425933838,23508400,False
VALE,2019-03-01,12.039999961853027,12.40999984741211,12.029999732971191,12.390000343322754,6.671341419219971,37611000,False
VALE,2019-03-04,12.029999732971191,12.479999542236328,11.920000076293945,12.420000076293945,6.68749475479126,32129700,False
VALE,2019-03-05,12.350000381469727,12.90999984741211,12.350000381469727,12.65999984741211,6.816720962524414,25783800,False
VALE,2019-03-06,12.789999961853027,12.789999961853027,12.34000015258789,12.489999771118164,6.725183486938477,35608700,False
VALE,2019-03-07,12.600000381469727,12.630000114440918,12.4399995803833,12.600000381469727,6.784414291381836,30780900,False
VALE,2019-03-08,12.399999618530273,12.609999656677246,12.260000228881836,12.59000015258789,6.779030799865723,21803600,False
VALE,2019-03-11,12.760000228881836,12.989999771118164,12.739999771118164,12.989999771118164,6.994408130645752,24991800,False
VALE,2019-03-12,12.979999542236328,13.210000038146973,12.970000267028809,13.050000190734863,7.026713848114014,32748700,False
VALE,2019-03-13,13.029999732971191,13.380000114440918,13.010000228881836,13.279999732971191,7.150557041168213,27274300,False
VALE,2019-03-14,13.109999656677246,13.199999809265137,13.050000190734863,13.149999618530273,7.080557823181152,19052800,False
VALE,2019-03-15,13.1899995803833,13.399999618530273,13.15999984741211,13.199999809265137,7.107481479644775,34941700,False
VALE,2019-03-18,13.119999885559082,13.319999694824219,13.010000228881836,13.279999732971191,7.150557041168213,35198100,False
VALE,2019-03-19,13.420000076293945,13.979999542236328,13.369999885559082,13.699999809265137,7.376704216003418,42430900,False
VALE,2019-03-20,13.5600004196167,13.649999618530273,13.359999656677246,13.489999771118164,7.263629913330078,29029200,False
VALE,2019-03-21,13.550000190734863,13.619999885559082,13.229999542236328,13.460000038146973,7.247478485107422,27701400,False
VALE,2019-03-22,13.199999809265137,13.260000228881836,12.760000228881836,12.819999694824219,6.902871608734131,35756100,False
VALE,2019-03-25,12.819999694824219,13.020000457763672,12.649999618530273,12.859999656677246,6.924411296844482,27058600,False
VALE,2019-03-26,13.010000228881836,13.15999984741211,12.930000305175781,13.020000457763672,7.010560512542725,16290700,False
VALE,2019-03-27,12.819999694824219,12.970000267028809,12.479999542236328,12.670000076293945,6.822107315063477,25543500,False
VALE,2019-03-28,12.699999809265137,12.779999732971191,12.319999694824219,12.630000114440918,6.800567626953125,19876000,False
VALE,2019-03-29,12.890000343322754,13.270000457763672,12.890000343322754,13.0600004196167,7.03209924697876,23143400,False
VALE,2019-04-01,13.59000015258789,13.699999809265137,13.539999961853027,13.579999923706055,7.312090873718262,24432900,False
VALE,2019-04-02,13.739999771118164,13.779999732971191,13.369999885559082,13.470000267028809,7.252861022949219,16440100,False
VALE,2019-04-03,13.699999809265137,13.720000267028809,13.319999694824219,13.34000015258789,7.182863235473633,24721400,False
VALE,2019-04-04,13.34000015258789,13.609999656677246,13.289999961853027,13.470000267028809,7.252861022949219,20157700,False
VALE,2019-04-05,13.460000038146973,13.5,13.34000015258789,13.390000343322754,7.209786415100098,12149700,False
VALE,2019-04-08,13.569999694824219,13.850000381469727,13.550000190734863,13.819999694824219,7.441317081451416,16859600,False
VALE,2019-04-09,13.739999771118164,13.75,13.539999961853027,13.569999694824219,7.306705474853516,15594100,False
VALE,2019-04-10,13.600000381469727,13.739999771118164,13.40999984741211,13.5600004196167,7.3013224601745605,31453000,False
VALE,2019-04-11,13.40999984741211,13.430000305175781,13.1899995803833,13.399999618530273,7.215169906616211,20926500,False
VALE,2019-04-12,13.479999542236328,13.600000381469727,13.170000076293945,13.239999771118164,7.1290178298950195,15113000,False
VALE,2019-04-15,13.300000190734863,13.329999923706055,13.0600004196167,13.279999732971191,7.150557041168213,15595700,False
VALE,2019-04-16,13.100000381469727,13.619999885559082,13.100000381469727,13.569999694824219,7.306705474853516,24468100,False
VALE,2019-04-17,13.680000305175781,13.770000457763672,13.130000114440918,13.270000457763672,7.145172595977783,22478200,False
VALE,2019-04-18,13.34000015258789,13.460000038146973,13.180000305175781,13.319999694824219,7.172091960906982,10311500,False
VALE,2019-04-22,13.180000305175781,13.210000038146973,12.930000305175781,13.0600004196167,7.03209924697876,14459600,False
VALE,2019-04-23,13.050000190734863,13.180000305175781,12.930000305175781,13.170000076293945,7.091327667236328,18815300,False
VALE,2019-04-24,13.020000457763672,13.020000457763672,12.539999961853027,12.5600004196167,6.762875556945801,26146400,False
VALE,2019-04-25,12.529999732971191,12.699999809265137,12.350000381469727,12.680000305175781,6.827490329742432,14451200,False
VALE,2019-04-26,12.600000381469727,12.819999694824219,12.579999923706055,12.819999694824219,6.902871608734131,12317000,False
VALE,2019-04-29,12.850000381469727,12.880000114440918,12.6899995803833,12.779999732971191,6.881333827972412,11890100,False
VALE,2019-04-30,12.760000228881836,12.859999656677246,12.600000381469727,12.779999732971191,6.881333827972412,14233100,False
VALE,2019-05-01,12.829999923706055,12.84000015258789,12.350000381469727,12.380000114440918,6.665956974029541,17633000,False
VALE,2019-05-02,12.380000114440918,12.399999618530273,12.260000228881836,12.359999656677246,6.655187606811523,15322300,False
VALE,2019-05-03,12.579999923706055,12.850000381469727,12.5600004196167,12.789999961853027,6.886717796325684,17316500,False
VALE,2019-05-06,12.350000381469727,12.569999694824219,12.350000381469727,12.520000457763672,6.741337299346924,16791200,False
VALE,2019-05-07,12.300000190734863,12.5,12.170000076293945,12.489999771118164,6.725183486938477,18788900,False
VALE,2019-05-08,12.680000305175781,12.710000038146973,12.390000343322754,12.430000305175781,6.692878723144531,19688000,False
VALE,2019-05-09,12.229999542236328,12.319999694824219,12.029999732971191,12.25,6.595958709716797,22556300,False
VALE,2019-05-10,12.319999694824219,12.600000381469727,12.100000381469727,12.470000267028809,6.71441650390625,24177600,False
VALE,2019-05-13,12.149999618530273,12.210000038146973,11.920000076293945,11.979999542236328,6.4505767822265625,25256100,False
VALE,2019-05-14,12.069999694824219,12.079999923706055,11.90999984741211,12.039999961853027,6.482884883880615,20354200,False
VALE,2019-05-15,11.779999732971191,12.119999885559082,11.75,12.0,6.461346626281738,13452800,False
VALE,2019-05-16,12.119999885559082,12.180000305175781,11.380000114440918,11.510000228881836,6.197508335113525,50807400,False
VALE,2019-05-17,11.380000114440918,11.640000343322754,11.359999656677246,11.59000015258789,6.240584373474121,32287800,False
VALE,2019-05-20,11.539999961853027,11.569999694824219,11.390000343322754,11.40999984741211,6.14366340637207,20770500,False
VALE,2019-05-21,11.289999961853027,11.84000015258789,11.229999542236328,11.710000038146973,6.305196285247803,26257600,False
VALE,2019-05-22,12.100000381469727,12.130000114440918,11.720000267028809,11.75,6.326735019683838,18091000,False
VALE,2019-05-23,11.59000015258789,11.869999885559082,11.430000305175781,11.789999961853027,6.348272800445557,14156700,False
VALE,2019-05-24,12.119999885559082,12.199999809265137,12.020000457763672,12.020000457763672,6.472115516662598,28916700,False
VALE,2019-05-28,12.430000305175781,12.630000114440918,12.359999656677246,12.399999618530273,6.676724910736084,28428000,False
VALE,2019-05-29,12.319999694824219,12.479999542236328,12.25,12.460000038146973,6.70903205871582,20874900,False
VALE,2019-05-30,12.460000038146973,12.600000381469727,12.420000076293945,12.529999732971191,6.74672269821167,14263900,False
VALE,2019-05-31,12.369999885559082,12.960000038146973,12.34000015258789,12.470000267028809,6.71441650390625,28326100,False
VALE,2019-06-03,12.550000190734863,12.609999656677246,12.369999885559082,12.479999542236328,6.719801425933838,19101800,False
VALE,2019-06-04,12.619999885559082,12.65999984741211,12.4399995803833,12.640000343322754,6.805952072143555,21207000,False
VALE,2019-06-05,12.630000114440918,12.65999984741211,12.279999732971191,12.40999984741211,6.6821088790893555,14184800,False
VALE,2019-06-06,12.510000228881836,12.59000015258789,12.399999618530273,12.529999732971191,6.74672269821167,13842100,False
VALE,2019-06-07,12.479999542236328,12.65999984741211,12.4399995803833,12.529999732971191,6.74672269821167,16036300,False
VALE,2019-06-10,12.579999923706055,12.630000114440918,12.399999618530273,12.420000076293945,6.68749475479126,21973200,False
VALE,2019-06-11,12.90999984741211,13.3100004196167,12.869999885559082,13.260000228881836,7.139787673950195,44946800,False
VALE,2019-06-12,13.359999656677246,13.4399995803833,13.149999618530273,13.229999542236328,7.123634338378906,22120500,False
VALE,2019-06-13,13.489999771118164,13.569999694824219,13.34000015258789,13.430000305175781,7.231324672698975,19151600,False
VALE,2019-06-14,13.3100004196167,13.329999923706055,13.050000190734863,13.119999885559082,7.064406394958496,17962200,False
VALE,2019-06-17,13.119999885559082,13.140000343322754,12.829999923706055,12.869999885559082,6.929794788360596,13722900,False
VALE,2019-06-18,13.239999771118164,13.539999961853027,13.170000076293945,13.460000038146973,7.247478485107422,21125500,False
VALE,2019-06-19,13.539999961853027,13.600000381469727,13.329999923706055,13.539999961853027,7.290552616119385,27063500,False
VALE,2019-06-20,13.819999694824219,14.0,13.649999618530273,13.710000038146973,7.382089138031006,14594600,False
VALE,2019-06-21,13.619999885559082,13.760000228881836,13.529999732971191,13.529999732971191,7.285168170928955,19521300,False
VALE,2019-06-24,13.59000015258789,13.6899995803833,13.539999961853027,13.640000343322754,7.344396591186523,10638600,False
VALE,2019-06-25,13.579999923706055,13.649999618530273,13.279999732971191,13.329999923706055,7.177478313446045,15995700,False
VALE,2019-06-26,13.449999809265137,13.510000228881836,13.300000190734863,13.4399995803833,7.236708164215088,11992000,False
VALE,2019-06-27,13.430000305175781,13.520000457763672,13.279999732971191,13.430000305175781,7.231324672698975,12291500,False
VALE,2019-06-28,13.569999694824219,13.579999923706055,13.40999984741211,13.4399995803833,7.236708164215088,13853000,False
VALE,2019-07-01,13.960000038146973,14.020000457763672,13.869999885559082,13.930000305175781,7.500545501708984,25215500,False
VALE,2019-07-02,13.8100004196167,13.880000114440918,13.020000457763672,13.289999961853027,7.155941486358643,38848700,False
VALE,2019-07-03,13.300000190734863,13.479999542236328,13.229999542236328,13.369999885559082,7.19901704788208,16019700,False
VALE,2019-07-05,13.09000015258789,13.130000114440918,12.920000076293945,13.119999885559082,7.064406394958496,28408000,False
VALE,2019-07-08,13.270000457763672,13.520000457763672,13.210000038146973,13.300000190734863,7.1613240242004395,18994600,False
VALE,2019-07-09,13.029999732971191,13.470000267028809,13.029999732971191,13.359999656677246,7.193631649017334,14378700,False
VALE,2019-07-10,13.640000343322754,13.930000305175781,13.609999656677246,13.8100004196167,7.4359331130981445,30888800,False
VALE,2019-07-11,13.850000381469727,13.970000267028809,13.710000038146973,13.84000015258789,7.452085971832275,19754800,False
VALE,2019-07-12,13.989999771118164,14.0,13.779999732971191,13.800000190734863,7.430549144744873,15585100,False
VALE,2019-07-15,13.989999771118164,14.09000015258789,13.920000076293945,14.0,7.53823709487915,15898500,False
VALE,2019-07-16,14.039999961853027,14.180000305175781,14.010000228881836,14.029999732971191,7.554391860961914,14536800,False
VALE,2019-07-17,14.029999732971191,14.029999732971191,13.890000343322754,13.949999809265137,7.511315822601318,13012100,False
VALE,2019-07-18,13.949999809265137,14.079999923706055,13.880000114440918,14.010000228881836,7.543622970581055,15911500,False
VALE,2019-07-19,14.149999618530273,14.1899995803833,13.979999542236328,14.039999961853027,7.559775352478027,11851100,False
VALE,2019-07-22,14.010000228881836,14.050000190734863,13.800000190734863,13.920000076293945,7.495161533355713,12646500,False
VALE,2019-07-23,13.880000114440918,13.890000343322754,13.65999984741211,13.6899995803833,7.37131929397583,14990700,False
VALE,2019-07-24,13.5,13.520000457763672,13.369999885559082,13.420000076293945,7.2259392738342285,18275500,False
VALE,2019-07-25,13.319999694824219,13.399999618530273,13.15999984741211,13.260000228881836,7.139787673950195,14773400,False
VALE,2019-07-26,13.470000267028809,13.470000267028809,13.25,13.270000457763672,7.145172595977783,12055500,False
VALE,2019-07-29,13.1899995803833,13.25,13.079999923706055,13.239999771118164,7.1290178298950195,17826100,False
VALE,2019-07-30,13.279999732971191,13.289999961853027,13.140000343322754,13.15999984741211,7.08594274520874,20709700,False
VALE,2019-07-31,13.25,13.3100004196167,12.850000381469727,12.989999771118164,6.994408130645752,27454600,False
VALE,2019-08-01,12.729999542236328,12.84000015258789,12.489999771118164,12.520000457763672,6.741337299346924,29837000,False
VALE,2019-08-02,12.34000015258789,12.420000076293945,12.1899995803833,12.279999732971191,6.6121110916137695,19317000,False
VALE,2019-08-05,11.720000267028809,11.739999771118164,11.5,11.5600004196167,6.224431037902832,27417500,False
VALE,2019-08-06,11.8100004196167,11.84000015258789,11.59000015258789,11.75,6.326735019683838,21088000,False
VALE,2019-08-07,11.479999542236328,11.649999618530273,11.390000343322754,11.640000343322754,6.2675065994262695,21091300,False
VALE,2019-08-08,11.920000076293945,12.010000228881836,11.869999885559082,11.970000267028809,6.445192813873291,20536400,False
VALE,2019-08-09,11.8100004196167,11.859999656677246,11.510000228881836,11.550000190734863,6.2190470695495605,19123500,False
VALE,2019-08-12,11.25,11.4399995803833,11.1899995803833,11.300000190734863,6.084434986114502,13687700,False
VALE,2019-08-13,11.3100004196167,11.800000190734863,11.270000457763672,11.699999809265137,6.2998127937316895,27767200,False
VALE,2019-08-14,11.350000381469727,11.350000381469727,11.050000190734863,11.0600004196167,5.955207824707031,24040000,False
VALE,2019-08-15,11.069999694824219,11.100000381469727,10.680000305175781,10.970000267028809,5.906747341156006,20501500,False
VALE,2019-08-16,11.050000190734863,11.109999656677246,10.84000015258789,10.880000114440918,5.858286380767822,16612100,False
VALE,2019-08-19,11.029999732971191,11.050000190734863,10.59000015258789,10.680000305175781,5.750598430633545,21986500,False
VALE,2019-08-20,10.609999656677246,10.979999542236328,10.600000381469727,10.789999961853027,5.809826850891113,18706600,False
VALE,2019-08-21,10.6899995803833,10.989999771118164,10.670000076293945,10.859999656677246,5.847518444061279,19556800,False
VALE,2019-08-22,10.869999885559082,10.9399995803833,10.6899995803833,10.770000457763672,5.799057960510254,16527400,False
VALE,2019-08-23,10.75,10.90999984741211,10.390000343322754,10.460000038146973,5.632139682769775,24437000,False
VALE,2019-08-26,10.479999542236328,10.5,10.199999809265137,10.279999732971191,5.535220146179199,15253000,False
VALE,2019-08-27,10.300000190734863,10.550000190734863,10.279999732971191,10.329999923706055,5.5621418952941895,21225400,False
VALE,2019-08-28,10.390000343322754,10.59000015258789,10.300000190734863,10.430000305175781,5.615987300872803,12539100,False
VALE,2019-08-29,10.569999694824219,10.829999923706055,10.529999732971191,10.720000267028809,5.772136688232422,20135700,False
VALE,2019-08-30,11.039999961853027,11.149999618530273,10.90999984741211,11.0,5.922901153564453,29954000,False
VALE,2019-09-03,10.930000305175781,11.039999961853027,10.829999923706055,10.90999984741211,5.874441146850586,16612800,False
VALE,2019-09-04,11.170000076293945,11.260000228881836,11.119999885559082,11.239999771118164,6.052128791809082,17011500,False
VALE,2019-09-05,11.460000038146973,11.520000457763672,11.300000190734863,11.329999923706055,6.100587844848633,16574600,False
VALE,2019-09-06,11.300000190734863,11.4399995803833,11.300000190734863,11.34000015258789,6.105973243713379,16838300,False
VALE,2019-09-09,11.34000015258789,11.609999656677246,11.329999923706055,11.609999656677246,6.2513532638549805,18956800,False
VALE,2019-09-10,11.510000228881836,11.800000190734863,11.4399995803833,11.729999542236328,6.315965175628662,20728700,False
VALE,2019-09-11,11.779999732971191,11.9399995803833,11.640000343322754,11.8100004196167,6.359041690826416,20107500,False
VALE,2019-09-12,12.0600004196167,12.210000038146973,11.949999809265137,12.170000076293945,6.552882194519043,30558400,False
VALE,2019-09-13,12.359999656677246,12.380000114440918,12.119999885559082,12.149999618530273,6.542112827301025,24857400,False
VALE,2019-09-16,11.899999618530273,11.979999542236328,11.789999961853027,11.869999885559082,6.391348361968994,18225800,False
VALE,2019-09-17,11.710000038146973,11.970000267028809,11.680000305175781,11.930000305175781,6.4236555099487305,13757100,False
VALE,2019-09-18,11.859999656677246,11.9399995803833,11.630000114440918,11.770000457763672,6.337503433227539,15287400,False
VALE,2019-09-19,11.609999656677246,11.710000038146973,11.550000190734863,11.579999923706055,6.235199928283691,13662100,False
VALE,2019-09-20,11.600000381469727,11.6899995803833,11.470000267028809,11.579999923706055,6.235199928283691,14515800,False
VALE,2019-09-23,11.510000228881836,11.619999885559082,11.449999809265137,11.470000267028809,6.175970554351807,16533300,False
VALE,2019-09-24,11.390000343322754,11.399999618530273,11.170000076293945,11.210000038146973,6.035974025726318,15789100,False
VALE,2019-09-25,11.1899995803833,11.489999771118164,11.130000114440918,11.470000267028809,6.175970554351807,16306100,False
VALE,2019-09-26,11.569999694824219,11.569999694824219,11.380000114440918,11.4399995803833,6.159816265106201,14592600,False
VALE,2019-09-27,11.539999961853027,11.59000015258789,11.34000015258789,11.430000305175781,6.154433250427246,13501100,False
VALE,2019-09-30,11.319999694824219,11.529999732971191,11.289999961853027,11.5,6.192123889923096,12819500,False
VALE,2019-10-01,11.430000305175781,11.65999984741211,11.40999984741211,11.449999809265137,6.165201187133789,18367200,False
VALE,2019-10-02,11.15999984741211,11.220000267028809,10.850000381469727,10.869999885559082,5.852902889251709,35259100,False
VALE,2019-10-03,10.899999618530273,11.170000076293945,10.729999542236328,11.0600004196167,5.955207824707031,26433700,False
VALE,2019-10-04,11.25,11.470000267028809,11.239999771118164,11.449999809265137,6.165201187133789,21606900,False
VALE,2019-10-07,11.4399995803833,11.520000457763672,11.210000038146973,11.239999771118164,6.052128791809082,12404600,False
VALE,2019-10-08,11.180000305175781,11.220000267028809,11.039999961853027,11.050000190734863,5.949823379516602,19897800,False
VALE,2019-10-09,11.1899995803833,11.199999809265137,10.989999771118164,11.109999656677246,5.982130527496338,12151800,False
VALE,2019-10-10,11.180000305175781,11.520000457763672,11.180000305175781,11.420000076293945,6.149047374725342,22547700,False
VALE,2019-10-11,11.6899995803833,11.899999618530273,11.670000076293945,11.8100004196167,6.359041690826416,23397600,False
VALE,2019-10-14,11.59000015258789,11.619999885559082,11.489999771118164,11.579999923706055,6.235199928283691,12863900,False
VALE,2019-10-15,11.529999732971191,11.59000015258789,11.40999984741211,11.4399995803833,6.159816265106201,18703300,False
VALE,2019-10-16,11.199999809265137,11.279999732971191,11.140000343322754,11.210000038146973,6.035974025726318,22808100,False
VALE,2019-10-17,11.300000190734863,11.34000015258789,11.149999618530273,11.170000076293945,6.014435768127441,14801700,False
VALE,2019-10-18,11.239999771118164,11.350000381469727,11.140000343322754,11.149999618530273,6.00366735458374,13181400,False
VALE,2019-10-21,11.25,11.380000114440918,11.220000267028809,11.380000114440918,6.127511024475098,9959600,False
VALE,2019-10-22,11.470000267028809,11.630000114440918,11.460000038146973,11.569999694824219,6.229815483093262,17331100,False
VALE,2019-10-23,11.600000381469727,11.6899995803833,11.529999732971191,11.649999618530273,6.272890567779541,13323000,False
VALE,2019-10-24,11.770000457763672,11.779999732971191,11.489999771118164,11.510000228881836,6.197508335113525,19610100,False
VALE,2019-10-25,11.850000381469727,12.069999694824219,11.84000015258789,12.039999961853027,6.482884883880615,28137900,False
VALE,2019-10-28,12.1899995803833,12.229999542236328,12.079999923706055,12.229999542236328,6.585188865661621,21694600,False
VALE,2019-10-29,12.020000457763672,12.199999809265137,12.020000457763672,12.140000343322754,6.53672981262207,16324600,False
VALE,2019-10-30,11.960000038146973,12.130000114440918,11.800000190734863,12.130000114440918,6.531344413757324,16135900,False
VALE,2019-10-31,11.9399995803833,11.949999809265137,11.600000381469727,11.739999771118164,6.321350574493408,16008300,False
VALE,2019-11-01,12.0,12.210000038146973,11.989999771118164,12.140000343322754,6.53672981262207,24896100,False
VALE,2019-11-04,12.399999618530273,12.420000076293945,12.289999961853027,12.329999923706055,6.639033794403076,14029400,False
VALE,2019-11-05,12.479999542236328,12.479999542236328,12.319999694824219,12.380000114440918,6.665956974029541,17273400,False
VALE,2019-11-06,12.010000228881836,12.279999732971191,12.010000228881836,12.170000076293945,6.552882194519043,18869800,False
VALE,2019-11-07,12.199999809265137,12.319999694824219,12.0600004196167,12.210000038146973,6.574419975280762,22387300,False
VALE,2019-11-08,11.760000228881836,11.920000076293945,11.710000038146973,11.770000457763672,6.337503433227539,18263900,False
VALE,2019-11-11,11.539999961853027,11.619999885559082,11.5,11.609999656677246,6.2513532638549805,60845500,False
VALE,2019-11-12,11.520000457763672,11.579999923706055,11.40999984741211,11.5,6.192123889923096,20027000,False
VALE,2019-11-13,11.350000381469727,11.390000343322754,11.180000305175781,11.220000267028809,6.041358470916748,13866800,False
VALE,2019-11-14,11.25,11.350000381469727,11.180000305175781,11.199999809265137,6.030588626861572,12915200,False
VALE,2019-11-15,11.350000381469727,11.510000228881836,11.300000190734863,11.460000038146973,6.170586585998535,12458500,False
VALE,2019-11-18,11.380000114440918,11.4399995803833,11.279999732971191,11.300000190734863,6.084434986114502,13348100,False
VALE,2019-11-19,11.4399995803833,11.479999542236328,11.3100004196167,11.460000038146973,6.170586585998535,15658300,False
VALE,2019-11-20,11.3100004196167,11.460000038146973,11.130000114440918,11.260000228881836,6.062896728515625,12417400,False
VALE,2019-11-21,11.359999656677246,11.510000228881836,11.270000457763672,11.470000267028809,6.175970554351807,15263700,False
VALE,2019-11-22,11.800000190734863,11.930000305175781,11.739999771118164,11.890000343322754,6.40211820602417,30538500,False
VALE,2019-11-25,12.020000457763672,12.140000343322754,11.979999542236328,12.029999732971191,6.477499485015869,18666900,False
VALE,2019-11-26,11.970000267028809,12.079999923706055,11.829999923706055,12.029999732971191,6.477499485015869,26175800,False
VALE,2019-11-27,11.920000076293945,11.930000305175781,11.720000267028809,11.869999885559082,6.391348361968994,15572600,False
VALE,2019-11-29,11.779999732971191,11.859999656677246,11.739999771118164,11.760000228881836,6.332119464874268,7450500,False
VALE,2019-12-02,11.979999542236328,12.210000038146973,11.90999984741211,12.140000343322754,6.53672981262207,17935000,False
VALE,2019-12-03,12.020000457763672,12.050000190734863,11.90999984741211,12.0,6.461346626281738,20077900,False
VALE,2019-12-04,12.0600004196167,12.140000343322754,12.010000228881836,12.100000381469727,6.51519250869751,10652200,False
VALE,2019-12-05,12.039999961853027,12.180000305175781,11.989999771118164,12.119999885559082,6.525960922241211,13333300,False
VALE,2019-12-06,12.279999732971191,12.430000305175781,12.229999542236328,12.390000343322754,6.671341419219971,22335000,False
VALE,2019-12-09,12.489999771118164,12.609999656677246,12.350000381469727,12.380000114440918,6.665956974029541,42420200,False
VALE,2019-12-10,12.34000015258789,12.390000343322754,12.25,12.300000190734863,6.622879505157471,11778000,False
VALE,2019-12-11,12.4399995803833,12.609999656677246,12.40999984741211,12.579999923706055,6.773645877838135,13591600,False
VALE,2019-12-12,12.569999694824219,12.9399995803833,12.550000190734863,12.90999984741211,6.951332092285156,21931800,False
VALE,2019-12-13,12.9399995803833,13.210000038146973,12.890000343322754,13.0600004196167,7.03209924697876,32018200,False
VALE,2019-12-16,13.329999923706055,13.329999923706055,13.15999984741211,13.15999984741211,7.08594274520874,20446100,False
VALE,2019-12-17,13.109999656677246,13.180000305175781,13.039999961853027,13.09000015258789,7.048252582550049,17965500,False
VALE,2019-12-18,13.069999694824219,13.140000343322754,12.90999984741211,13.079999923706055,7.042867183685303,17987200,False
VALE,2019-12-19,13.130000114440918,13.350000381469727,13.100000381469727,13.220000267028809,7.118249416351318,13284100,False
VALE,2019-12-20,13.350000381469727,13.40999984741211,13.239999771118164,13.270000457763672,7.145172595977783,27190300,False
VALE,2019-12-23,13.390000343322754,13.420000076293945,13.279999732971191,13.300000190734863,7.1613240242004395,23768800,False
VALE,2019-12-24,13.329999923706055,13.569999694824219,13.3100004196167,13.470000267028809,7.252861022949219,5251400,False
VALE,2019-12-26,13.40999984741211,13.529999732971191,13.40999984741211,13.489999771118164,7.263629913330078,14680300,False
VALE,2019-12-27,13.15999984741211,13.300000190734863,13.15999984741211,13.220000267028809,7.306185722351074,18324000,False
VALE,2019-12-30,13.260000228881836,13.34000015258789,13.1899995803833,13.1899995803833,7.289605617523193,11795700,False
VALE,2019-12-31,13.1899995803833,13.260000228881836,13.109999656677246,13.199999809265137,7.295131683349609,8207600,False
VALE,2020-01-02,13.3100004196167,13.470000267028809,13.289999961853027,13.449999809265137,7.433297157287598,19410400,False
VALE,2020-01-03,13.229999542236328,13.449999809265137,13.229999542236328,13.289999961853027,7.34487247467041,17770000,False
VALE,2020-01-06,13.079999923706055,13.199999809265137,13.050000190734863,13.140000343322754,7.261972904205322,19213300,False
VALE,2020-01-07,13.050000190734863,13.3100004196167,13.039999961853027,13.229999542236328,7.311712265014648,18859600,False
VALE,2020-01-08,13.180000305175781,13.369999885559082,13.119999885559082,13.220000267028809,7.306185722351074,24916400,False
VALE,2020-01-09,13.119999885559082,13.140000343322754,12.960000038146973,12.989999771118164,7.179073333740234,17937000,False
VALE,2020-01-10,13.069999694824219,13.140000343322754,12.930000305175781,12.970000267028809,7.168020248413086,14055100,False
VALE,2020-01-13,12.960000038146973,13.399999618530273,12.949999809265137,13.319999694824219,7.361450672149658,26080400,False
VALE,2020-01-14,13.470000267028809,13.550000190734863,13.369999885559082,13.449999809265137,7.433297157287598,17567200,False
VALE,2020-01-15,13.4399995803833,13.4399995803833,13.170000076293945,13.260000228881836,7.3282928466796875,15928300,False
VALE,2020-01-16,13.279999732971191,13.279999732971191,13.109999656677246,13.15999984741211,7.2730255126953125,13701700,False
VALE,2020-01-17,13.470000267028809,13.670000076293945,13.390000343322754,13.630000114440918,7.53277587890625,22030300,False
VALE,2020-01-21,13.529999732971191,13.529999732971191,13.1899995803833,13.25,7.3227643966674805,23668300,False
VALE,2020-01-22,13.369999885559082,13.479999542236328,13.350000381469727,13.420000076293945,7.416716575622559,14244400,False
VALE,2020-01-23,13.140000343322754,13.329999923706055,13.0600004196167,13.300000190734863,7.35039758682251,26282200,False
VALE,2020-01-24,13.1899995803833,13.199999809265137,12.760000228881836,12.84000015258789,7.096173286437988,30560900,False
VALE,2020-01-27,12.09000015258789,12.149999618530273,11.9399995803833,12.0,6.6319379806518555,40353800,False
VALE,2020-01-28,12.25,12.300000190734863,12.079999923706055,12.180000305175781,6.731416702270508,25003800,False
VALE,2020-01-29,12.100000381469727,12.149999618530273,11.90999984741211,11.949999809265137,6.604304790496826,21947600,False
VALE,2020-01-30,11.800000190734863,12.039999961853027,11.670000076293945,12.010000228881836,6.6374640464782715,26128300,False
VALE,2020-01-31,11.779999732971191,11.829999923706055,11.59000015258789,11.729999542236328,6.482718467712402,23213800,False
VALE,2020-02-03,11.829999923706055,11.979999542236328,11.819999694824219,11.899999618530273,6.576671600341797,17943900,False
VALE,2020-02-04,12.279999732971191,12.350000381469727,12.210000038146973,12.229999542236328,6.759049415588379,21074000,False
VALE,2020-02-05,12.5600004196167,12.579999923706055,12.420000076293945,12.4399995803833,6.875109672546387,17816600,False
VALE,2020-02-06,12.640000343322754,12.640000343322754,12.300000190734863,12.399999618530273,6.853002548217773,16383000,False
VALE,2020-02-07,12.199999809265137,12.199999809265137,11.979999542236328,12.039999961853027,6.654043674468994,37275400,False
VALE,2020-02-10,11.789999961853027,11.819999694824219,11.510000228881836,11.600000381469727,6.410873889923096,29912200,False
VALE,2020-02-11,11.930000305175781,12.039999961853027,11.899999618530273,11.920000076293945,6.5877251625061035,30155800,False
VALE,2020-02-12,12.199999809265137,12.220000267028809,12.119999885559082,12.119999885559082,6.698257923126221,24756300,False
VALE,2020-02-13,11.979999542236328,12.029999732971191,11.880000114440918,11.930000305175781,6.593252182006836,21709300,False
VALE,2020-02-14,11.960000038146973,12.0,11.770000457763672,11.869999885559082,6.560092449188232,15698400,False
VALE,2020-02-18,12.020000457763672,12.149999618530273,11.930000305175781,12.020000457763672,6.642991542816162,25402600,False
VALE,2020-02-19,12.050000190734863,12.100000381469727,11.979999542236328,12.050000190734863,6.659570693969727,16228000,False
VALE,2020-02-20,12.09000015258789,12.119999885559082,11.8100004196167,11.850000381469727,6.549039363861084,19394100,False
VALE,2020-02-21,11.430000305175781,11.479999542236328,11.270000457763672,11.420000076293945,6.311394214630127,39728000,False
VALE,2020-02-24,10.949999809265137,10.979999542236328,10.489999771118164,10.5600004196167,5.836105823516846,50569600,False
VALE,2020-02-25,10.6899995803833,10.819999694824219,10.239999771118164,10.3100004196167,5.697940349578857,41068900,False
VALE,2020-02-26,10.390000343322754,10.569999694824219,10.100000381469727,10.180000305175781,5.626094818115234,49291900,False
VALE,2020-02-27,9.800000190734863,10.15999984741211,9.65999984741211,9.920000076293945,5.4824018478393555,51569800,False
VALE,2020-02-28,9.600000381469727,9.84000015258789,9.529999732971191,9.819999694824219,5.427135467529297,58968300,False
VALE,2020-03-02,10.109999656677246,10.460000038146973,9.979999542236328,10.270000457763672,5.675834655761719,55830000,False
VALE,2020-03-03,10.609999656677246,10.90999984741211,10.149999618530273,10.220000267028809,5.648200511932373,64799000,False
VALE,2020-03-04,10.510000228881836,10.680000305175781,10.319999694824219,10.5600004196167,5.836105823516846,46153500,False
VALE,2020-03-05,10.260000228881836,10.279999732971191,9.880000114440918,10.119999885559082,5.5929341316223145,59129800,False
VALE,2020-03-06,9.420000076293945,9.890000343322754,9.420000076293945,9.529999732971191,5.266863822937012,42161900,False
VALE,2020-03-09,8.300000190734863,8.779999732971191,7.849999904632568,7.96999979019165,4.404712677001953,59785500,True
VALE,2020-03-10,8.8100004196167,9.699999809265137,8.710000038146973,9.399999618530273,5.195018291473389,71490600,True
VALE,2020-03-11,9.239999771118164,9.470000267028809,8.170000076293945,8.5,4.697622776031494,73917200,False
VALE,2020-03-12,7.420000076293945,7.679999828338623,6.610000133514404,7.159999847412109,3.957056999206543,77801900,True
VALE,2020-03-13,9.050000190734863,9.25,7.730000019073486,8.699999809265137,4.808154106140137,56593800,True
VALE,2020-03-16,7.099999904632568,8.329999923706055,7.099999904632568,7.900000095367432,4.366027355194092,33107300,False
VALE,2020-03-17,8.119999885559082,8.640000343322754,7.710000038146973,8.170000076293945,4.515244007110596,30640800,False
VALE,2020-03-18,7.519999980926514,8.020000457763672,6.920000076293945,7.400000095367432,4.089694976806641,50289600,False
VALE,2020-03-19,7.230000019073486,7.579999923706055,6.840000152587891,7.179999828338623,3.9681100845336914,31102400,False
VALE,2020-03-20,7.590000152587891,7.880000114440918,6.869999885559082,6.980000019073486,3.857577323913574,36080700,False
VALE,2020-03-23,6.690000057220459,6.980000019073486,6.489999771118164,6.579999923706055,3.6365127563476562,32474300,False
VALE,2020-03-24,7.349999904632568,7.610000133514404,7.21999979019165,7.5,4.144961357116699,32700300,True
VALE,2020-03-25,7.699999809265137,8.239999771118164,7.5,8.039999961853027,4.4433979988098145,32929700,False
VALE,2020-03-26,8.319999694824219,8.460000038146973,7.960000038146973,8.319999694824219,4.598142623901367,25869700,False
VALE,2020-03-27,7.730000019073486,8.149999618530273,7.679999828338623,7.840000152587891,4.332866668701172,21021000,False
VALE,2020-03-30,8.069999694824219,8.149999618530273,7.869999885559082,8.039999961853027,4.4433979988098145,18079900,False
VALE,2020-03-31,8.220000267028809,8.579999923706055,8.170000076293945,8.289999961853027,4.5815629959106445,34289000,False
VALE,2020-04-01,7.940000057220459,8.399999618530273,7.940000057220459,8.149999618530273,4.5041913986206055,27309500,False
VALE,2020-04-02,8.34000015258789,8.470000267028809,7.929999828338623,8.149999618530273,4.5041913986206055,27479500,False
VALE,2020-04-03,7.96999979019165,8.079999923706055,7.449999809265137,7.579999923706055,4.189173698425293,28712900,False
VALE,2020-04-06,8.09000015258789,8.270000457763672,7.909999847412109,8.109999656677246,4.48208475112915,27421600,False
VALE,2020-04-07,8.680000305175781,8.699999809265137,8.329999923706055,8.380000114440918,4.631303310394287,22663200,False
VALE,2020-04-08,8.359999656677246,8.529999732971191,8.3100004196167,8.4399995803833,4.664463043212891,19323300,False
VALE,2020-04-09,8.640000343322754,8.770000457763672,8.399999618530273,8.5,4.697622776031494,22372400,False
VALE,2020-04-13,8.449999809265137,8.600000381469727,8.34000015258789,8.569999694824219,4.736308574676514,18465100,False
VALE,2020-04-14,8.800000190734863,8.880000114440918,8.550000190734863,8.59000015258789,4.747361660003662,20187000,False
VALE,2020-04-15,8.220000267028809,8.34000015258789,8.079999923706055,8.260000228881836,4.564984321594238,18345600,False
VALE,2020-04-16,8.25,8.25,7.96999979019165,8.130000114440918,4.493137836456299,21048400,False
VALE,2020-04-17,8.279999732971191,8.40999984741211,8.1899995803833,8.359999656677246,4.6202497482299805,18665000,False
VALE,2020-04-20,8.050000190734863,8.140000343322754,7.920000076293945,7.989999771118164,4.415765762329102,25888800,False
VALE,2020-04-21,7.840000152587891,7.880000114440918,7.599999904632568,7.789999961853027,4.305233478546143,21564500,False
VALE,2020-04-22,7.849999904632568,8.020000457763672,7.809999942779541,7.96999979019165,4.404712677001953,21909700,False
VALE,2020-04-23,7.929999828338623,8.220000267028809,7.849999904632568,7.860000133514404,4.34391975402832,27748900,False
VALE,2020-04-24,7.829999923706055,7.860000133514404,7.360000133514404,7.670000076293945,4.2389140129089355,45475600,False
VALE,2020-04-27,7.900000095367432,7.96999979019165,7.760000228881836,7.880000114440918,4.354972839355469,26284500,False
VALE,2020-04-28,8.079999923706055,8.180000305175781,7.789999961853027,8.109999656677246,4.48208475112915,24653700,False
VALE,2020-04-29,8.270000457763672,8.800000190734863,8.25,8.760000228881836,4.84131383895874,36265100,False
VALE,2020-04-30,8.420000076293945,8.489999771118164,8.210000038146973,8.25,4.559457302093506,25434800,False
VALE,2020-05-01,8.0,8.039999961853027,7.880000114440918,7.980000019073486,4.410238742828369,15991000,False
VALE,2020-05-04,7.800000190734863,7.989999771118164,7.760000228881836,7.980000019073486,4.410238742828369,15604500,False
VALE,2020-05-05,8.050000190734863,8.180000305175781,7.809999942779541,7.809999942779541,4.316287517547607,17398800,False
VALE,2020-05-06,7.789999961853027,7.880000114440918,7.690000057220459,7.78000020980835,4.299706935882568,20273800,False
VALE,2020-05-07,7.900000095367432,8.100000381469727,7.880000114440918,7.929999828338623,4.382606029510498,22828200,False
VALE,2020-05-08,8.149999618530273,8.5600004196167,8.149999618530273,8.520000457763672,4.708676815032959,27540800,False
VALE,2020-05-11,8.399999618530273,8.5,8.210000038146973,8.229999542236328,4.548404216766357,23699300,False
VALE,2020-05-12,8.399999618530273,8.449999809265137,8.09000015258789,8.100000381469727,4.476557731628418,20347500,False
VALE,2020-05-13,8.329999923706055,8.34000015258789,8.020000457763672,8.180000305175781,4.520771503448486,27974900,False
VALE,2020-05-14,7.940000057220459,8.270000457763672,7.860000133514404,8.239999771118164,4.55393123626709,30912200,False
VALE,2020-05-15,8.369999885559082,8.520000457763672,8.229999542236328,8.270000457763672,4.570511341094971,30860000,False
VALE,2020-05-18,8.9399995803833,9.029999732971191,8.800000190734863,9.010000228881836,4.979480266571045,35793000,False
VALE,2020-05-19,9.029999732971191,9.1899995803833,8.9399995803833,9.069999694824219,5.012640953063965,32715500,False
VALE,2020-05-20,9.350000381469727,9.449999809265137,9.180000305175781,9.270000457763672,5.123171329498291,23435300,False
VALE,2020-05-21,9.270000457763672,9.390000343322754,9.050000190734863,9.130000114440918,5.04580020904541,34691000,False
VALE,2020-05-22,9.020000457763672,9.149999618530273,8.890000343322754,8.979999542236328,4.9629011154174805,23412900,False
VALE,2020-05-26,9.359999656677246,9.359999656677246,9.039999961853027,9.109999656677246,5.0347466468811035,31909200,False
VALE,2020-05-27,9.319999694824219,9.59000015258789,9.199999809265137,9.569999694824219,5.288969993591309,28978600,False
VALE,2020-05-28,9.649999618530273,9.65999984741211,9.279999732971191,9.3100004196167,5.1452789306640625,24760200,False
VALE,2020-05-29,9.489999771118164,9.800000190734863,9.390000343322754,9.760000228881836,5.393975734710693,37186400,False
VALE,2020-06-01,9.84000015258789,9.979999542236328,9.8100004196167,9.84000015258789,5.438188552856445,26790500,False
VALE,2020-06-02,10.050000190734863,10.260000228881836,10.020000457763672,10.260000228881836,5.6703081130981445,29054600,False
VALE,2020-06-03,10.619999885559082,10.739999771118164,10.470000267028809,10.569999694824219,5.841631889343262,35975700,False
VALE,2020-06-04,10.520000457763672,10.880000114440918,10.4399995803833,10.84000015258789,5.990850448608398,41536200,False
VALE,2020-06-05,11.220000267028809,11.329999923706055,10.899999618530273,11.039999961853027,6.101383686065674,46686600,False
VALE,2020-06-08,11.149999618530273,11.300000190734863,10.949999809265137,11.270000457763672,6.2284955978393555,31123800,False
VALE,2020-06-09,11.010000228881836,11.260000228881836,10.970000267028809,11.220000267028809,6.20086145401001,19166500,False
VALE,2020-06-10,11.270000457763672,11.279999732971191,10.9399995803833,11.020000457763672,6.090330600738525,30075000,False
VALE,2020-06-11,10.520000457763672,10.619999885559082,10.180000305175781,10.25,5.664781093597412,30162500,False
VALE,2020-06-12,10.569999694824219,10.699999809265137,10.270000457763672,10.630000114440918,5.874792575836182,31964800,False
VALE,2020-06-15,10.100000381469727,10.609999656677246,10.069999694824219,10.609999656677246,5.863738059997559,33837300,False
VALE,2020-06-16,10.819999694824219,10.869999885559082,10.420000076293945,10.65999984741211,5.891371726989746,43970200,False
VALE,2020-06-17,10.600000381469727,10.779999732971191,10.520000457763672,10.739999771118164,5.935585021972656,34889800,False
VALE,2020-06-18,10.479999542236328,10.579999923706055,10.430000305175781,10.550000190734863,5.83057975769043,34436100,False
VALE,2020-06-19,10.510000228881836,10.579999923706055,10.279999732971191,10.3100004196167,5.697940349578857,43773700,False
VALE,2020-06-22,10.4399995803833,10.640000343322754,10.380000114440918,10.460000038146973,5.780839443206787,17825600,False
VALE,2020-06-23,10.800000190734863,10.979999542236328,10.720000267028809,10.800000190734863,5.968745231628418,24413500,False
VALE,2020-06-24,10.710000038146973,10.720000267028809,10.319999694824219,10.399999618530273,5.747679710388184,18254600,False
VALE,2020-06-25,10.449999809265137,10.5600004196167,10.270000457763672,10.5600004196167,5.836105823516846,32098700,False
VALE,2020-06-26,10.350000381469727,10.479999542236328,10.119999885559082,10.1899995803833,5.631621360778809,18614800,False
VALE,2020-06-29,10.279999732971191,10.329999923706055,10.100000381469727,10.210000038146973,5.642674446105957,14625700,False
VALE,2020-06-30,10.130000114440918,10.40999984741211,10.0600004196167,10.3100004196167,5.697940349578857,21777400,False
VALE,2020-07-01,10.369999885559082,10.449999809265137,10.109999656677246,10.279999732971191,5.681360721588135,22874200,False
VALE,2020-07-02,10.40999984741211,10.609999656677246,10.359999656677246,10.40999984741211,5.753206253051758,17517400,False
VALE,2020-07-06,10.59000015258789,10.739999771118164,10.539999961853027,10.600000381469727,5.858211517333984,22903600,False
VALE,2020-07-07,10.65999984741211,10.720000267028809,10.470000267028809,10.470000267028809,5.7863664627075195,15840200,False
VALE,2020-07-08,10.760000228881836,10.850000381469727,10.609999656677246,10.760000228881836,5.946638107299805,22815900,False
VALE,2020-07-09,10.880000114440918,10.90999984741211,10.520000457763672,10.630000114440918,5.874792575836182,19137300,False
VALE,2020-07-10,10.569999694824219,10.819999694824219,10.529999732971191,10.789999961853027,5.9632182121276855,23732700,False
VALE,2020-07-13,10.9399995803833,11.109999656677246,10.75,10.779999732971191,5.9576921463012695,25884400,False
VALE,2020-07-14,10.789999961853027,11.640000343322754,10.729999542236328,11.600000381469727,6.410873889923096,48474200,False
VALE,2020-07-15,11.739999771118164,11.779999732971191,11.319999694824219,11.539999961853027,6.377714157104492,23632600,False
VALE,2020-07-16,11.460000038146973,11.489999771118164,11.270000457763672,11.279999732971191,6.234021186828613,27862000,False
VALE,2020-07-17,11.430000305175781,11.449999809265137,11.3100004196167,11.3100004196167,6.250602722167969,25853400,False
VALE,2020-07-20,11.319999694824219,11.5,11.300000190734863,11.4399995803833,6.322446823120117,20665900,False
VALE,2020-07-21,11.4399995803833,11.579999923706055,11.350000381469727,11.460000038146973,6.33350133895874,27836500,False
VALE,2020-07-22,11.720000267028809,11.720000267028809,11.510000228881836,11.579999923706055,6.399820327758789,28233600,False
VALE,2020-07-23,11.59000015258789,11.65999984741211,11.289999961853027,11.289999961853027,6.239548206329346,27353300,False
VALE,2020-07-24,11.220000267028809,11.34000015258789,11.09000015258789,11.260000228881836,6.2229695320129395,36014200,False
VALE,2020-07-27,11.460000038146973,11.9399995803833,11.350000381469727,11.90999984741211,6.582198619842529,42063100,False
VALE,2020-07-28,11.65999984741211,11.789999961853027,11.59000015258789,11.739999771118164,6.488245964050293,20529100,False
VALE,2020-07-29,11.90999984741211,12.149999618530273,11.890000343322754,12.09000015258789,6.681677341461182,24691900,False
VALE,2020-07-30,11.930000305175781,12.069999694824219,11.680000305175781,11.850000381469727,6.549039363861084,29433700,False
VALE,2020-07-31,11.789999961853027,11.800000190734863,11.59000015258789,11.640000343322754,6.432980537414551,18876900,False
VALE,2020-08-03,11.800000190734863,11.819999694824219,11.329999923706055,11.420000076293945,6.311394214630127,28077800,False
VALE,2020-08-04,11.180000305175781,11.5,11.119999885559082,11.489999771118164,6.3500800132751465,75671000,False
VALE,2020-08-05,11.760000228881836,11.949999809265137,11.710000038146973,11.760000228881836,6.499299049377441,26444700,False
VALE,2020-08-06,11.640000343322754,11.770000457763672,11.5,11.529999732971191,6.372187614440918,26619900,False
VALE,2020-08-07,11.3100004196167,11.319999694824219,11.0600004196167,11.15999984741211,6.167703151702881,42556500,False
VALE,2020-08-10,11.399999618530273,11.520000457763672,11.180000305175781,11.359999656677246,6.278234958648682,42324800,False
VALE,2020-08-11,11.5,11.5600004196167,11.140000343322754,11.170000076293945,6.173229217529297,30996700,False
VALE,2020-08-12,11.260000228881836,11.420000076293945,11.149999618530273,11.3100004196167,6.250602722167969,26197700,False
VALE,2020-08-13,11.470000267028809,11.489999771118164,11.220000267028809,11.279999732971191,6.234021186828613,17539900,False
VALE,2020-08-14,11.319999694824219,11.359999656677246,11.210000038146973,11.329999923706055,6.261655330657959,17319600,False
VALE,2020-08-17,11.380000114440918,11.529999732971191,11.229999542236328,11.359999656677246,6.278234958648682,28306900,False
VALE,2020-08-18,11.609999656677246,11.770000457763672,11.5,11.600000381469727,6.410873889923096,26357700,False
VALE,2020-08-19,11.619999885559082,11.680000305175781,11.279999732971191,11.319999694824219,6.256128311157227,20971900,False
VALE,2020-08-20,11.029999732971191,11.390000343322754,11.020000457763672,11.380000114440918,6.289287567138672,24466300,False
VALE,2020-08-21,11.149999618530273,11.239999771118164,11.0,11.079999923706055,6.123490810394287,22804600,False
VALE,2020-08-24,11.25,11.3100004196167,11.170000076293945,11.300000190734863,6.24507474899292,20285500,False
VALE,2020-08-25,11.1899995803833,11.239999771118164,11.020000457763672,11.220000267028809,6.20086145401001,23660100,False
VALE,2020-08-26,11.229999542236328,11.3100004196167,10.930000305175781,11.050000190734863,6.106910228729248,26074600,False
VALE,2020-08-27,11.15999984741211,11.1899995803833,10.800000190734863,10.930000305175781,6.040590763092041,16175300,False
VALE,2020-08-28,11.109999656677246,11.380000114440918,11.079999923706055,11.300000190734863,6.24507474899292,16052000,False
VALE,2020-08-31,11.25,11.260000228881836,10.979999542236328,11.0,6.079277038574219,18476000,False
VALE,2020-09-01,11.239999771118164,11.59000015258789,11.210000038146973,11.5,6.355606555938721,20222200,False
VALE,2020-09-02,11.550000190734863,11.550000190734863,11.279999732971191,11.430000305175781,6.316920757293701,25120500,False
VALE,2020-09-03,11.270000457763672,11.470000267028809,11.100000381469727,11.239999771118164,6.211915969848633,27030500,False
VALE,2020-09-04,11.329999923706055,11.4399995803833,11.079999923706055,11.380000114440918,6.289287567138672,20092400,False
VALE,2020-09-08,11.029999732971191,11.210000038146973,10.9399995803833,11.039999961853027,6.101383686065674,25425900,False
VALE,2020-09-09,11.359999656677246,11.40999984741211,11.220000267028809,11.319999694824219,6.256128311157227,25713500,False
VALE,2020-09-10,11.329999923706055,11.40999984741211,11.010000228881836,11.079999923706055,6.123490810394287,21228700,False
VALE,2020-09-11,11.489999771118164,11.729999542236328,11.4399995803833,11.670000076293945,6.449559211730957,45763700,False
VALE,2020-09-14,11.869999885559082,11.869999885559082,11.600000381469727,11.75,6.493772029876709,32208500,False
VALE,2020-09-15,11.920000076293945,12.079999923706055,11.770000457763672,11.84000015258789,6.543512344360352,44035400,False
VALE,2020-09-16,11.770000457763672,11.819999694824219,11.539999961853027,11.59000015258789,6.405346870422363,21364400,False
VALE,2020-09-17,11.399999618530273,11.9399995803833,11.390000343322754,11.880000114440918,6.56561803817749,34170400,False
VALE,2020-09-18,11.800000190734863,11.970000267028809,11.510000228881836,11.510000228881836,6.361133575439453,46196400,False
VALE,2020-09-21,11.260000228881836,11.3100004196167,10.869999885559082,11.130000114440918,6.151121139526367,41534200,False
VALE,2020-09-22,10.779999732971191,10.789999961853027,10.489999771118164,10.640000343322754,6.132104396820068,29599100,False
VALE,2020-09-23,10.390000343322754,10.729999542236328,10.390000343322754,10.649999618530273,6.137866497039795,84017800,False
VALE,2020-09-24,10.649999618530273,10.859999656677246,10.550000190734863,10.699999809265137,6.166683673858643,73935000,False
VALE,2020-09-25,10.489999771118164,10.760000228881836,10.489999771118164,10.739999771118164,6.189736366271973,45987900,False
VALE,2020-09-28,10.880000114440918,10.920000076293945,10.449999809265137,10.489999771118164,6.045655727386475,37726900,False
VALE,2020-09-29,10.470000267028809,10.720000267028809,10.399999618530273,10.40999984741211,5.999549865722656,28434600,False
VALE,2020-09-30,10.5600004196167,10.729999542236328,10.470000267028809,10.579999923706055,6.0975236892700195,27303800,False
VALE,2020-10-01,10.579999923706055,10.619999885559082,10.289999961853027,10.40999984741211,5.999549865722656,21543500,False
VALE,2020-10-02,10.329999923706055,10.539999961853027,10.3100004196167,10.390000343322754,5.98802375793457,24827800,False
VALE,2020-10-05,10.569999694824219,10.789999961853027,10.529999732971191,10.75,6.195498943328857,23405500,False
VALE,2020-10-06,10.869999885559082,10.930000305175781,10.430000305175781,10.5,6.051418304443359,25228400,False
VALE,2020-10-07,10.680000305175781,10.880000114440918,10.579999923706055,10.75,6.195498943328857,30304400,False
VALE,2020-10-08,10.75,11.0600004196167,10.710000038146973,11.050000190734863,6.368398189544678,28357800,False
VALE,2020-10-09,11.15999984741211,11.210000038146973,11.050000190734863,11.1899995803833,6.449082374572754,26233200,False
VALE,2020-10-12,11.270000457763672,11.300000190734863,11.180000305175781,11.220000267028809,6.466372966766357,14906300,False
VALE,2020-10-13,11.010000228881836,11.289999961853027,10.970000267028809,11.210000038146973,6.460608959197998,22460500,False
VALE,2020-10-14,11.220000267028809,11.359999656677246,11.210000038146973,11.34000015258789,6.5355329513549805,28812000,False
VALE,2020-10-15,11.130000114440918,11.279999732971191,11.069999694824219,11.180000305175781,6.443319320678711,16506000,False
VALE,2020-10-16,11.220000267028809,11.239999771118164,11.09000015258789,11.09000015258789,6.391451835632324,11870300,False
VALE,2020-10-19,11.170000076293945,11.329999923706055,11.109999656677246,11.130000114440918,6.4145026206970215,16480400,False
VALE,2020-10-20,11.09000015258789,11.260000228881836,11.039999961853027,11.09000015258789,6.391451835632324,17613900,False
VALE,2020-10-21,11.100000381469727,11.34000015258789,11.0600004196167,11.260000228881836,6.489426612854004,21332900,False
VALE,2020-10-22,11.25,11.449999809265137,11.210000038146973,11.300000190734863,6.512479305267334,20007200,False
VALE,2020-10-23,11.279999732971191,11.430000305175781,11.130000114440918,11.3100004196167,6.518243312835693,29461400,False
VALE,2020-10-26,11.260000228881836,11.300000190734863,11.039999961853027,11.140000343322754,6.420267105102539,18734800,False
VALE,2020-10-27,11.09000015258789,11.170000076293945,11.029999732971191,11.039999961853027,6.362635135650635,25867000,False
VALE,2020-10-28,10.819999694824219,10.869999885559082,10.479999542236328,10.529999732971191,6.068708419799805,26833700,False
VALE,2020-10-29,10.470000267028809,10.880000114440918,10.390000343322754,10.770000457763672,6.207026958465576,32565000,False
VALE,2020-10-30,10.699999809265137,10.8100004196167,10.449999809265137,10.569999694824219,6.091761112213135,33879000,False
VALE,2020-11-02,10.720000267028809,10.779999732971191,10.640000343322754,10.720000267028809,6.178210735321045,10000400,False
VALE,2020-11-03,10.930000305175781,11.029999732971191,10.850000381469727,10.989999771118164,6.333817481994629,27845500,False
VALE,2020-11-04,10.970000267028809,11.079999923706055,10.789999961853027,10.84000015258789,6.247369289398193,25124600,False
VALE,2020-11-05,11.100000381469727,11.40999984741211,11.079999923706055,11.329999923706055,6.529769420623779,24749700,False
VALE,2020-11-06,11.5,11.829999923706055,11.479999542236328,11.770000457763672,6.783351898193359,25898600,False
VALE,2020-11-09,12.210000038146973,12.239999771118164,11.729999542236328,11.800000190734863,6.800642013549805,41421800,False
VALE,2020-11-10,11.739999771118164,11.9399995803833,11.630000114440918,11.729999542236328,6.7602972984313965,40528800,False
VALE,2020-11-11,11.800000190734863,11.869999885559082,11.710000038146973,11.84000015258789,6.823694705963135,27244400,False
VALE,2020-11-12,11.720000267028809,11.75,11.430000305175781,11.489999771118164,6.621980667114258,18307900,False
VALE,2020-11-13,11.510000228881836,11.680000305175781,11.40999984741211,11.680000305175781,6.731483459472656,34190900,False
VALE,2020-11-16,11.729999542236328,12.069999694824219,11.670000076293945,12.0600004196167,6.950486660003662,74107400,False
VALE,2020-11-17,12.180000305175781,12.829999923706055,12.140000343322754,12.5600004196167,7.238646984100342,53277200,False
VALE,2020-11-18,12.630000114440918,12.680000305175781,12.369999885559082,12.399999618530273,7.146437644958496,24819700,False
VALE,2020-11-19,12.550000190734863,12.789999961853027,12.520000457763672,12.760000228881836,7.353914260864258,31339700,False
VALE,2020-11-20,12.720000267028809,12.770000457763672,12.600000381469727,12.680000305175781,7.307807445526123,17653700,False
VALE,2020-11-23,13.0,13.1899995803833,12.880000114440918,13.1899995803833,7.601733684539795,49044900,False
VALE,2020-11-24,13.279999732971191,14.039999961853027,13.260000228881836,14.010000228881836,8.074319839477539,65536300,False
VALE,2020-11-25,14.020000457763672,14.329999923706055,13.960000038146973,14.300000190734863,8.241455078125,57687200,False
VALE,2020-11-27,14.5,14.760000228881836,14.460000038146973,14.729999542236328,8.489274024963379,33007800,False
VALE,2020-11-30,14.789999961853027,14.8100004196167,14.399999618530273,14.5600004196167,8.391301155090332,42430500,False
VALE,2020-12-01,15.239999771118164,15.680000305175781,15.170000076293945,15.640000343322754,9.013731956481934,52575100,False
VALE,2020-12-02,15.039999961853027,15.600000381469727,14.84000015258789,15.329999923706055,8.835070610046387,50382300,False
VALE,2020-12-03,15.510000228881836,15.729999542236328,15.270000457763672,15.34000015258789,8.840835571289062,35956800,False
VALE,2020-12-04,15.760000228881836,16.15999984741211,15.720000267028809,16.049999237060547,9.250024795532227,44203800,False
VALE,2020-12-07,16.18000030517578,16.290000915527344,16.110000610351562,16.280000686645508,9.382580757141113,42044100,False
VALE,2020-12-08,16.1299991607666,16.450000762939453,16.100000381469727,16.190000534057617,9.330711364746094,28022200,False
VALE,2020-12-09,16.290000915527344,16.31999969482422,15.9399995803833,16.09000015258789,9.273079872131348,29604200,False
VALE,2020-12-10,16.440000534057617,17.049999237060547,16.399999618530273,17.0,9.797534942626953,42094300,False
VALE,2020-12-11,16.760000228881836,16.920000076293945,16.700000762939453,16.860000610351562,9.716849327087402,31929200,False
VALE,2020-12-14,16.75,16.799999237060547,16.329999923706055,16.459999084472656,9.486319541931152,30601700,False
VALE,2020-12-15,16.75,16.770000457763672,16.559999465942383,16.670000076293945,9.607348442077637,16439100,False
VALE,2020-12-16,16.68000030517578,16.969999313354492,16.5,16.940000534057617,9.762954711914062,16764200,False
VALE,2020-12-17,17.239999771118164,17.440000534057617,17.170000076293945,17.229999542236328,9.930088996887207,29416300,False
VALE,2020-12-18,17.280000686645508,17.459999084472656,17.219999313354492,17.3700008392334,10.010774612426758,25577300,False
VALE,2020-12-21,16.729999542236328,17.1299991607666,16.700000762939453,17.0,9.797534942626953,25899100,False
VALE,2020-12-22,16.770000457763672,16.860000610351562,16.600000381469727,16.799999237060547,9.682268142700195,19819500,False
VALE,2020-12-23,16.860000610351562,16.959999084472656,16.760000228881836,16.829999923706055,9.69955825805664,15523200,False
VALE,2020-12-24,16.899999618530273,16.920000076293945,16.739999771118164,16.889999389648438,9.734136581420898,9039900,False
VALE,2020-12-28,16.899999618530273,16.940000534057617,16.6200008392334,16.729999542236328,9.641927719116211,18639400,False
VALE,2020-12-29,16.920000076293945,17.0,16.639999389648438,16.84000015258789,9.705322265625,21124200,False
VALE,2020-12-30,16.709999084472656,16.969999313354492,16.68000030517578,16.950000762939453,9.768718719482422,19434900,False
VALE,2020-12-31,16.950000762939453,16.969999313354492,16.75,16.760000228881836,9.65921688079834,8228600,False
VALE,2021-01-04,17.5,17.700000762939453,17.200000762939453,17.399999618530273,10.02806282043457,44854800,False
VALE,2021-01-05,17.149999618530273,17.700000762939453,17.09000015258789,17.690000534057617,10.195198059082031,38460700,False
VALE,2021-01-06,17.81999969482422,18.350000381469727,17.690000534057617,18.15999984741211,10.466073989868164,38234200,False
VALE,2021-01-07,18.389999389648438,19.0,18.280000686645508,18.93000030517578,10.909844398498535,71389700,False
VALE,2021-01-08,18.8799991607666,18.940000534057617,18.510000228881836,18.920000076293945,10.90407943725586,42156400,False
VALE,2021-01-11,18.3700008392334,18.65999984741211,18.290000915527344,18.610000610351562,10.725418090820312,36916800,False
VALE,2021-01-12,18.469999313354492,18.81999969482422,18.420000076293945,18.709999084472656,10.783051490783691,25180300,False
VALE,2021-01-13,18.450000762939453,18.5,18.020000457763672,18.149999618530273,10.460309982299805,21136400,False
VALE,2021-01-14,18.5,18.940000534057617,18.40999984741211,18.940000534057617,10.915606498718262,25737600,False
VALE,2021-01-15,18.280000686645508,18.290000915527344,17.610000610351562,17.639999389648438,10.166382789611816,33742200,False
VALE,2021-01-19,17.639999389648438,17.700000762939453,17.290000915527344,17.610000610351562,10.149092674255371,29263400,False
VALE,2021-01-20,17.799999237060547,17.81999969482422,17.18000030517578,17.450000762939453,10.056882858276367,21869500,False
VALE,2021-01-21,17.729999542236328,17.75,17.309999465942383,17.469999313354492,10.068408966064453,33202800,False
VALE,2021-01-22,16.920000076293945,17.229999542236328,16.809999465942383,17.209999084472656,9.918561935424805,23447600,False
VALE,2021-01-25,17.200000762939453,17.200000762939453,16.700000762939453,16.950000762939453,9.768718719482422,16259900,False
VALE,2021-01-26,17.360000610351562,17.5,17.110000610351562,17.170000076293945,9.895509719848633,24582600,False
VALE,2021-01-27,16.719999313354492,16.899999618530273,16.3799991607666,16.510000228881836,9.515135765075684,29628800,False
VALE,2021-01-28,16.520000457763672,16.8799991607666,16.229999542236328,16.75,9.65345287322998,27265100,False
VALE,2021-01-29,16.360000610351562,16.510000228881836,16.09000015258789,16.149999618530273,9.307659149169922,22826400,False
VALE,2021-02-01,16.469999313354492,16.899999618530273,16.200000762939453,16.739999771118164,9.64769172668457,25607800,False
VALE,2021-02-02,16.739999771118164,16.760000228881836,16.329999923706055,16.3799991607666,9.44021224975586,31693300,False
VALE,2021-02-03,16.709999084472656,17.309999465942383,16.65999984741211,16.889999389648438,9.734136581420898,38262100,False
VALE,2021-02-04,16.850000381469727,16.899999618530273,16.43000030517578,16.5,9.50937271118164,31559000,False
VALE,2021-02-05,16.729999542236328,17.31999969482422,16.719999313354492,17.260000228881836,9.947380065917969,23718600,False
VALE,2021-02-08,17.350000381469727,17.8700008392334,17.34000015258789,17.649999618530273,10.172144889831543,37457800,False
VALE,2021-02-09,17.229999542236328,17.649999618530273,17.06999969482422,17.639999389648438,10.166382789611816,25655600,False
VALE,2021-02-10,17.690000534057617,17.799999237060547,17.5,17.649999618530273,10.172144889831543,27846100,False
VALE,2021-02-11,17.68000030517578,17.75,17.299999237060547,17.3700008392334,10.010774612426758,17275500,False
VALE,2021-02-12,17.209999084472656,17.610000610351562,17.1299991607666,17.5,10.085697174072266,10500800,False
VALE,2021-02-16,17.84000015258789,18.079999923706055,17.790000915527344,18.030000686645508,10.391151428222656,17515200,False
VALE,2021-02-17,18.0,18.170000076293945,17.649999618530273,17.8700008392334,10.298937797546387,29903400,False
VALE,2021-02-18,18.0,18.100000381469727,17.68000030517578,17.979999542236328,10.362334251403809,23664300,False
VALE,2021-02-19,18.079999923706055,18.469999313354492,18.059999465942383,18.219999313354492,10.500651359558105,30013600,False
VALE,2021-02-22,17.219999313354492,18.079999923706055,17.09000015258789,17.530000686645508,10.102988243103027,43032900,False
VALE,2021-02-23,17.479999542236328,17.950000762939453,17.040000915527344,17.899999618530273,10.316227912902832,32639600,False
VALE,2021-02-24,17.75,18.149999618530273,17.65999984741211,18.049999237060547,10.40267562866211,20345600,False
VALE,2021-02-25,18.110000610351562,18.200000762939453,17.229999542236328,17.399999618530273,10.02806282043457,31641600,False
VALE,2021-02-26,17.6200008392334,17.6200008392334,16.84000015258789,16.899999618530273,9.73990249633789,30064700,False
VALE,2021-03-01,17.360000610351562,17.770000457763672,17.15999984741211,17.530000686645508,10.102988243103027,34783500,False
VALE,2021-03-02,17.270000457763672,18.09000015258789,17.239999771118164,17.950000762939453,10.34504508972168,36881000,False
VALE,2021-03-03,17.65999984741211,18.1200008392334,17.389999389648438,17.8799991607666,10.304701805114746,42451000,False
VALE,2021-03-04,18.049999237060547,18.239999771118164,17.239999771118164,17.5,10.085697174072266,37424400,False
VALE,2021-03-05,17.1200008392334,17.75,17.100000381469727,17.739999771118164,10.692659378051758,40994500,False
VALE,2021-03-08,17.559999465942383,17.850000381469727,17.149999618530273,17.219999313354492,10.379233360290527,47401300,False
VALE,2021-03-09,16.799999237060547,17.200000762939453,16.389999389648438,17.010000228881836,10.25265884399414,37627400,False
VALE,2021-03-10,16.8799991607666,17.299999237060547,16.719999313354492,17.219999313354492,10.379233360290527,45183100,False
VALE,2021-03-11,17.670000076293945,18.139999389648438,17.670000076293945,18.020000457763672,10.861427307128906,30339000,False
VALE,2021-03-12,17.639999389648438,17.75,17.399999618530273,17.6200008392334,10.620330810546875,26400700,False
VALE,2021-03-15,17.270000457763672,17.299999237060547,17.020000457763672,17.239999771118164,10.391287803649902,20839400,False
VALE,2021-03-16,17.520000457763672,17.559999465942383,17.1200008392334,17.190000534057617,10.361149787902832,17837500,False
VALE,2021-03-17,17.110000610351562,17.639999389648438,17.030000686645508,17.559999465942383,10.584163665771484,21525600,False
VALE,2021-03-18,17.399999618530273,17.860000610351562,17.200000762939453,17.280000686645508,10.415397644042969,21987200,False
VALE,2021-03-19,17.209999084472656,17.34000015258789,16.90999984741211,17.25,10.397314071655273,29946100,False
VALE,2021-03-22,16.799999237060547,17.079999923706055,16.600000381469727,17.010000228881836,10.25265884399414,25653900,False
VALE,2021-03-23,17.0,17.100000381469727,16.530000686645508,16.579999923706055,9.993476867675781,38210900,False
VALE,2021-03-24,16.84000015258789,17.09000015258789,16.610000610351562,16.690000534057617,10.05978012084961,26472000,False
VALE,2021-03-25,16.520000457763672,16.56999969482422,16.049999237060547,16.34000015258789,9.848819732666016,32105100,False
VALE,2021-03-26,16.739999771118164,16.829999923706055,16.280000686645508,16.739999771118164,10.089916229248047,31425000,False
VALE,2021-03-29,16.790000915527344,17.059999465942383,16.729999542236328,16.959999084472656,10.222518920898438,22626500,False
VALE,2021-03-30,16.969999313354492,17.020000457763672,16.739999771118164,17.020000457763672,10.258684158325195,20101100,False
VALE,2021-03-31,17.010000228881836,17.440000534057617,17.0,17.3799991607666,10.47567081451416,26083700,False
VALE,2021-04-01,17.389999389648438,17.510000228881836,16.93000030517578,17.1200008392334,10.318957328796387,20811700,False
VALE,2021-04-05,17.81999969482422,18.360000610351562,17.790000915527344,18.280000686645508,11.018141746520996,38306900,False
VALE,2021-04-06,18.31999969482422,18.600000381469727,18.270000457763672,18.309999465942383,11.03622055053711,22398900,False
VALE,2021-04-07,18.420000076293945,18.84000015258789,18.40999984741211,18.649999618530273,11.241155624389648,29545700,False
VALE,2021-04-08,18.84000015258789,18.979999542236328,18.6299991607666,18.829999923706055,11.349649429321289,24584800,False
VALE,2021-04-09,18.530000686645508,18.649999618530273,18.190000534057617,18.219999313354492,10.981975555419922,19611300,False
VALE,2021-04-12,18.350000381469727,18.389999389648438,18.049999237060547,18.09000015258789,10.903620719909668,19816000,False
VALE,2021-04-13,18.079999923706055,18.350000381469727,17.959999084472656,18.190000534057617,10.963892936706543,16911500,False
VALE,2021-04-14,18.200000762939453,19.049999237060547,18.200000762939453,18.90999984741211,11.397868156433105,25259200,False
VALE,2021-04-15,19.350000381469727,19.399999618530273,19.110000610351562,19.299999237060547,11.63293743133545,25754300,False
VALE,2021-04-16,19.209999084472656,19.530000686645508,19.010000228881836,19.530000686645508,11.771570205688477,27685400,False
VALE,2021-04-19,19.5,19.719999313354492,19.399999618530273,19.43000030517578,11.711295127868652,27786100,False
VALE,2021-04-20,19.440000534057617,19.440000534057617,19.049999237060547,19.15999984741211,11.548555374145508,25122800,False
VALE,2021-04-21,19.09000015258789,19.520000457763672,18.790000915527344,19.420000076293945,11.705268859863281,20570500,False
VALE,2021-04-22,19.440000534057617,19.510000228881836,19.0,19.450000762939453,11.723349571228027,30103800,False
VALE,2021-04-23,19.6299991607666,19.729999542236328,19.459999084472656,19.65999984741211,11.849924087524414,16821800,False
VALE,2021-04-26,20.020000457763672,20.139999389648438,19.829999923706055,19.950000762939453,12.0247220993042,24744500,False
VALE,2021-04-27,20.079999923706055,20.360000610351562,19.920000076293945,20.299999237060547,12.235681533813477,29662700,False
VALE,2021-04-28,20.290000915527344,21.0,20.260000228881836,20.959999084472656,12.633490562438965,32434900,False
VALE,2021-04-29,21.030000686645508,21.1200008392334,20.670000076293945,21.059999465942383,12.693766593933105,32035800,False
VALE,2021-04-30,20.579999923706055,20.760000228881836,20.020000457763672,20.1200008392334,12.127188682556152,36748500,False
VALE,2021-05-03,20.18000030517578,20.350000381469727,20.059999465942383,20.09000015258789,12.10910415649414,22234200,False
VALE,2021-05-04,20.0,20.540000915527344,19.969999313354492,20.3799991607666,12.283902168273926,28749600,False
VALE,2021-05-05,20.8700008392334,21.0,20.6299991607666,20.729999542236328,12.494860649108887,26637300,False
VALE,2021-05-06,21.1299991607666,21.899999618530273,21.0,21.850000381469727,13.169933319091797,40997500,False
VALE,2021-05-07,22.030000686645508,22.200000762939453,21.809999465942383,22.079999923706055,13.308565139770508,34101600,False
VALE,2021-05-10,22.969999313354492,23.020000457763672,22.010000228881836,22.049999237060547,13.290481567382812,42773100,False
VALE,2021-05-11,21.93000030517578,22.760000228881836,21.809999465942383,22.709999084472656,13.688291549682617,42737300,False
VALE,2021-05-12,22.399999618530273,22.59000015258789,21.559999465942383,21.670000076293945,13.061441421508789,34745800,False
VALE,2021-05-13,21.170000076293945,21.75,21.010000228881836,21.270000457763672,12.82033920288086,38785400,False
VALE,2021-05-14,21.09000015258789,21.280000686645508,20.799999237060547,21.030000686645508,12.67568302154541,29950900,False
VALE,2021-05-17,21.020000457763672,21.670000076293945,21.010000228881836,21.59000015258789,13.01322078704834,37285900,False
VALE,2021-05-18,21.760000228881836,22.040000915527344,21.6200008392334,21.899999618530273,13.20007038116455,40717500,False
VALE,2021-05-19,21.209999084472656,21.399999618530273,20.780000686645508,21.110000610351562,12.723902702331543,48593500,False
VALE,2021-05-20,21.170000076293945,21.209999084472656,20.850000381469727,21.06999969482422,12.69979190826416,29093400,False
VALE,2021-05-21,21.0,21.079999923706055,20.309999465942383,20.450000762939453,12.326092720031738,35357500,False
VALE,2021-05-24,20.329999923706055,20.729999542236328,20.229999542236328,20.610000610351562,12.42253303527832,24307000,False
VALE,2021-05-25,20.8799991607666,20.889999389648438,20.049999237060547,20.139999389648438,12.139241218566895,39800700,False
VALE,2021-05-26,20.020000457763672,20.81999969482422,20.0,20.700000762939453,12.476777076721191,34008100,False
VALE,2021-05-27,21.030000686645508,21.290000915527344,20.940000534057617,21.139999389648438,12.741983413696289,41706800,False
VALE,2021-05-28,21.079999923706055,21.670000076293945,20.950000762939453,21.520000457763672,12.971029281616211,39084900,False
VALE,2021-06-01,22.75,22.799999237060547,22.059999465942383,22.200000762939453,13.38089656829834,41512100,False
VALE,2021-06-02,22.040000915527344,22.829999923706055,21.979999542236328,22.670000076293945,13.66418170928955,43409400,False
VALE,2021-06-03,22.389999389648438,22.489999771118164,22.010000228881836,22.399999618530273,13.50143814086914,25924600,False
VALE,2021-06-04,22.68000030517578,22.690000534057617,22.260000228881836,22.450000762939453,13.531578063964844,20679100,False
VALE,2021-06-07,22.09000015258789,22.360000610351562,22.09000015258789,22.280000686645508,13.429112434387207,27500600,False
VALE,2021-06-08,22.200000762939453,22.270000457763672,21.790000915527344,21.8799991607666,13.188014030456543,26471000,False
VALE,2021-06-09,21.950000762939453,22.399999618530273,21.850000381469727,22.149999618530273,13.35075569152832,31167600,False
VALE,2021-06-10,22.1299991607666,22.3700008392334,22.0,22.229999542236328,13.398975372314453,34421600,False
VALE,2021-06-11,22.3799991607666,22.479999542236328,22.139999389648438,22.399999618530273,13.50143814086914,22649700,False
VALE,2021-06-14,22.559999465942383,22.729999542236328,22.270000457763672,22.530000686645508,13.57979679107666,25956000,False
VALE,2021-06-15,22.309999465942383,22.399999618530273,21.8799991607666,22.139999389648438,13.344730377197266,30966500,False
VALE,2021-06-16,21.829999923706055,21.860000610351562,21.290000915527344,21.489999771118164,12.9529447555542,32532300,False
VALE,2021-06-17,21.56999969482422,21.6200008392334,20.8799991607666,21.079999923706055,12.70582103729248,32693900,False
VALE,2021-06-18,21.469999313354492,21.579999923706055,21.190000534057617,21.510000228881836,12.965001106262207,30869900,False
VALE,2021-06-21,21.420000076293945,22.079999923706055,21.420000076293945,22.0,13.260344505310059,25854900,False
VALE,2021-06-22,22.079999923706055,22.520000457763672,22.010000228881836,22.510000228881836,13.567743301391602,25061600,False
VALE,2021-06-23,22.770000457763672,23.1200008392334,22.709999084472656,22.799999237060547,13.742537498474121,31702200,False
VALE,2021-06-24,22.510000228881836,22.860000610351562,22.329999923706055,22.639999389648438,13.912138938903809,26017200,False
VALE,2021-06-25,22.920000076293945,23.18000030517578,22.670000076293945,22.68000030517578,13.936720848083496,32446600,False
VALE,2021-06-28,22.8700008392334,22.899999618530273,22.329999923706055,22.43000030517578,13.783093452453613,26978300,False
VALE,2021-06-29,22.559999465942383,22.950000762939453,22.549999237060547,22.799999237060547,14.010454177856445,20723800,False
VALE,2021-06-30,22.670000076293945,22.93000030517578,22.399999618530273,22.809999465942383,14.016602516174316,23643800,False
VALE,2021-07-01,22.860000610351562,22.8799991607666,22.010000228881836,22.110000610351562,13.586457252502441,26176100,False
VALE,2021-07-02,22.459999084472656,22.549999237060547,22.1299991607666,22.479999542236328,13.81381893157959,20370600,False
VALE,2021-07-06,22.149999618530273,22.25,21.75,21.959999084472656,13.494281768798828,26079700,False
VALE,2021-07-07,22.059999465942383,22.290000915527344,21.75,21.93000030517578,13.475849151611328,25089200,False
VALE,2021-07-08,21.3799991607666,21.8799991607666,21.18000030517578,21.760000228881836,13.371381759643555,24261500,False
VALE,2021-07-09,22.100000381469727,22.600000381469727,21.899999618530273,22.420000076293945,13.77695083618164,16302300,False
VALE,2021-07-12,22.1200008392334,22.440000534057617,22.010000228881836,22.31999969482422,13.715498924255371,16920500,False
VALE,2021-07-13,22.290000915527344,22.5,22.18000030517578,22.399999618530273,13.764660835266113,13555700,False
VALE,2021-07-14,22.770000457763672,22.940000534057617,22.520000457763672,22.65999984741211,13.924427032470703,20484400,False
VALE,2021-07-15,22.670000076293945,22.920000076293945,22.34000015258789,22.540000915527344,13.850688934326172,17296400,False
VALE,2021-07-16,22.65999984741211,22.65999984741211,22.059999465942383,22.06999969482422,13.561875343322754,22619900,False
VALE,2021-07-19,21.559999465942383,21.610000610351562,21.139999389648438,21.350000381469727,13.119441032409668,26132700,False
VALE,2021-07-20,21.149999618530273,21.719999313354492,20.860000610351562,21.6299991607666,13.291497230529785,20235500,False
VALE,2021-07-21,21.6299991607666,22.1299991607666,21.56999969482422,22.049999237060547,13.54958724975586,18644200,False
VALE,2021-07-22,21.969999313354492,22.059999465942383,21.639999389648438,21.940000534057617,13.481990814208984,13670100,False
VALE,2021-07-23,22.149999618530273,22.170000076293945,21.75,21.950000762939453,13.488139152526855,19138100,False
VALE,2021-07-26,22.139999389648438,22.6200008392334,22.110000610351562,22.540000915527344,13.850688934326172,16925600,False
VALE,2021-07-27,22.260000228881836,22.40999984741211,22.030000686645508,22.170000076293945,13.623327255249023,18721800,False
VALE,2021-07-28,22.450000762939453,23.030000686645508,22.40999984741211,22.940000534057617,14.096488952636719,23867000,False
VALE,2021-07-29,23.049999237060547,23.149999618530273,22.68000030517578,22.8700008392334,14.053470611572266,30116800,False
VALE,2021-07-30,22.06999969482422,22.1200008392334,20.969999313354492,21.020000457763672,12.916657447814941,41709200,False
VALE,2021-08-02,21.510000228881836,21.760000228881836,21.200000762939453,21.209999084472656,13.03341293334961,25974900,False
VALE,2021-08-03,21.149999618530273,21.770000457763672,20.920000076293945,21.739999771118164,13.35909366607666,35585800,False
VALE,2021-08-04,21.709999084472656,21.889999389648438,21.489999771118164,21.690000534057617,13.328370094299316,30837700,False
VALE,2021-08-05,21.280000686645508,21.3700008392334,20.899999618530273,20.979999542236328,12.892077445983887,33534000,False
VALE,2021-08-06,21.209999084472656,21.25,20.90999984741211,20.940000534057617,12.867500305175781,22708200,False
VALE,2021-08-09,20.670000076293945,20.950000762939453,20.440000534057617,20.84000015258789,12.806049346923828,16929400,False
VALE,2021-08-10,20.8700008392334,21.360000610351562,20.860000610351562,21.15999984741211,13.002689361572266,17605000,False
VALE,2021-08-11,21.209999084472656,21.329999923706055,20.940000534057617,21.030000686645508,12.922804832458496,13997900,False
VALE,2021-08-12,21.0,21.09000015258789,20.84000015258789,20.8799991607666,12.830628395080566,16958200,False
VALE,2021-08-13,20.850000381469727,20.8799991607666,20.540000915527344,20.639999389648438,12.683150291442871,15920100,False
VALE,2021-08-16,20.420000076293945,20.709999084472656,20.18000030517578,20.6299991607666,12.677006721496582,20530000,False
VALE,2021-08-17,20.700000762939453,20.729999542236328,20.030000686645508,20.329999923706055,12.492657661437988,25808200,False
VALE,2021-08-18,19.809999465942383,19.950000762939453,19.299999237060547,19.309999465942383,11.865873336791992,39041200,False
VALE,2021-08-19,18.34000015258789,18.420000076293945,18.0,18.059999465942383,11.097758293151855,57005800,False
VALE,2021-08-20,18.049999237060547,18.329999923706055,17.969999313354492,18.229999542236328,11.202220916748047,30253300,False
VALE,2021-08-23,18.100000381469727,18.15999984741211,17.889999389648438,17.90999984741211,11.005583763122559,28666100,False
VALE,2021-08-24,18.700000762939453,19.200000762939453,18.6299991607666,18.920000076293945,11.626224517822266,42029000,False
VALE,2021-08-25,18.8700008392334,19.1299991607666,18.719999313354492,19.079999923706055,11.724539756774902,17660600,False
VALE,2021-08-26,18.829999923706055,19.09000015258789,18.700000762939453,18.770000457763672,11.534048080444336,14722900,False
VALE,2021-08-27,18.979999542236328,19.469999313354492,18.959999084472656,19.440000534057617,11.945758819580078,15286100,False
VALE,2021-08-30,19.399999618530273,19.489999771118164,19.18000030517578,19.31999969482422,11.872018814086914,15768400,False
VALE,2021-08-31,19.209999084472656,19.219999313354492,18.93000030517578,19.06999969482422,11.718398094177246,22341700,False
VALE,2021-09-01,18.639999389648438,19.25,18.579999923706055,19.079999923706055,11.724539756774902,21833900,False
VALE,2021-09-02,19.139999389648438,19.360000610351562,18.93000030517578,19.06999969482422,11.718398094177246,19720400,False
VALE,2021-09-03,19.31999969482422,19.3700008392334,19.030000686645508,19.079999923706055,11.724539756774902,20575400,False
VALE,2021-09-07,18.979999542236328,19.049999237060547,18.709999084472656,18.709999084472656,11.497177124023438,14956400,False
VALE,2021-09-08,18.360000610351562,18.360000610351562,17.93000030517578,17.979999542236328,11.04859733581543,33248600,False
VALE,2021-09-09,18.040000915527344,18.219999313354492,17.56999969482422,18.049999237060547,11.0916109085083,44470800,False
VALE,2021-09-10,18.25,18.450000762939453,18.020000457763672,18.030000686645508,11.079322814941406,29854800,False
VALE,2021-09-13,18.170000076293945,18.200000762939453,17.979999542236328,18.09000015258789,11.116191864013672,21016500,False
VALE,2021-09-14,18.280000686645508,18.280000686645508,17.729999542236328,17.829999923706055,10.95642375946045,28829000,False
VALE,2021-09-15,17.709999084472656,17.950000762939453,17.440000534057617,17.6200008392334,10.82737922668457,27295200,False
VALE,2021-09-16,17.020000457763672,17.1299991607666,16.690000534057617,16.719999313354492,10.274335861206055,41691100,False
VALE,2021-09-17,16.540000915527344,16.559999465942383,15.9399995803833,16.309999465942383,10.022392272949219,58015900,False
VALE,2021-09-20,15.710000038146973,15.800000190734863,15.119999885559082,15.65999984741211,9.622971534729004,69326400,False
VALE,2021-09-21,15.770000457763672,15.989999771118164,15.470000267028809,15.880000114440918,9.758160591125488,33936700,False
VALE,2021-09-22,16.850000381469727,16.920000076293945,16.31999969482422,16.420000076293945,10.089985847473145,53406800,False
VALE,2021-09-23,14.760000228881836,15.1899995803833,14.65999984741211,14.819999694824219,10.062150955200195,49957700,False
VALE,2021-09-24,14.5600004196167,14.760000228881836,14.399999618530273,14.489999771118164,9.838092803955078,35663800,False
VALE,2021-09-27,14.5600004196167,14.84000015258789,14.199999809265137,14.539999961853027,9.872042655944824,55514900,False
VALE,2021-09-28,14.380000114440918,14.40999984741211,13.760000228881836,13.800000190734863,9.369613647460938,41274000,False
VALE,2021-09-29,13.960000038146973,14.229999542236328,13.75,13.970000267028809,9.485034942626953,44462700,False
VALE,2021-09-30,14.300000190734863,14.40999984741211,13.930000305175781,13.949999809265137,9.471457481384277,42957800,False
VALE,2021-10-01,14.289999961853027,14.369999885559082,14.010000228881836,14.199999809265137,9.641196250915527,25893100,False
VALE,2021-10-04,14.079999923706055,14.210000038146973,13.859999656677246,13.890000343322754,9.430720329284668,34494000,False
VALE,2021-10-05,13.899999618530273,13.979999542236328,13.710000038146973,13.739999771118164,9.328875541687012,35044300,False
VALE,2021-10-06,13.5600004196167,14.119999885559082,13.510000228881836,14.039999961853027,9.532562255859375,31006800,False
VALE,2021-10-07,14.210000038146973,14.600000381469727,14.180000305175781,14.460000038146973,9.81772518157959,35423400,False
VALE,2021-10-08,14.770000457763672,14.850000381469727,14.460000038146973,14.569999694824219,9.892409324645996,28083200,False
VALE,2021-10-11,15.0,15.100000381469727,14.619999885559082,14.75,10.014622688293457,35259000,False
VALE,2021-10-12,14.710000038146973,14.800000190734863,14.59000015258789,14.6899995803833,9.973884582519531,13992400,False
VALE,2021-10-13,14.399999618530273,14.520000457763672,14.260000228881836,14.420000076293945,9.790566444396973,26261800,False
VALE,2021-10-14,14.539999961853027,14.640000343322754,14.390000343322754,14.460000038146973,9.81772518157959,28393600,False
VALE,2021-10-15,14.5600004196167,14.9399995803833,14.539999961853027,14.779999732971191,10.034992218017578,22290400,False
VALE,2021-10-18,14.460000038146973,14.609999656677246,14.210000038146973,14.600000381469727,9.912778854370117,31198900,False
VALE,2021-10-19,14.460000038146973,14.479999542236328,14.100000381469727,14.210000038146973,9.647985458374023,28358300,False
VALE,2021-10-20,13.90999984741211,14.100000381469727,13.770000457763672,13.850000381469727,9.403560638427734,44766900,False
VALE,2021-10-21,13.260000228881836,13.380000114440918,12.880000114440918,13.34000015258789,9.057292938232422,75025000,False
VALE,2021-10-22,13.380000114440918,13.640000343322754,13.210000038146973,13.520000457763672,9.179505348205566,42785900,False
VALE,2021-10-25,13.729999542236328,14.020000457763672,13.649999618530273,13.899999618530273,9.43751049041748,22458500,False
VALE,2021-10-26,13.819999694824219,13.880000114440918,13.649999618530273,13.789999961853027,9.362823486328125,17550000,False
VALE,2021-10-27,13.739999771118164,13.789999961853027,13.399999618530273,13.470000267028809,9.145557403564453,32442400,False
VALE,2021-10-28,13.300000190734863,13.380000114440918,13.140000343322754,13.199999809265137,8.962238311767578,33663100,False
VALE,2021-10-29,12.869999885559082,12.979999542236328,12.630000114440918,12.729999542236328,8.643128395080566,39768900,False
VALE,2021-11-01,12.729999542236328,12.890000343322754,12.600000381469727,12.880000114440918,8.744972229003906,24803500,False
VALE,2021-11-02,12.5,12.630000114440918,12.15999984741211,12.3100004196167,8.357966423034668,56967600,False
VALE,2021-11-03,12.3100004196167,12.34000015258789,11.960000038146973,12.050000190734863,8.181437492370605,84904900,False
VALE,2021-11-04,11.989999771118164,12.100000381469727,11.75,11.789999961853027,8.00490951538086,52008600,False
VALE,2021-11-05,11.84000015258789,11.869999885559082,11.59000015258789,11.609999656677246,7.882696628570557,54864400,False
VALE,2021-11-08,11.729999542236328,12.34000015258789,11.710000038146973,12.229999542236328,8.303648948669434,55868000,False
VALE,2021-11-09,12.180000305175781,12.279999732971191,11.890000343322754,12.109999656677246,8.222173690795898,44061100,False
VALE,2021-11-10,11.989999771118164,12.149999618530273,11.920000076293945,11.979999542236328,8.1339111328125,42798600,False
VALE,2021-11-11,12.65999984741211,12.829999923706055,12.550000190734863,12.649999618530273,8.588812828063965,42531700,False
VALE,2021-11-12,12.510000228881836,12.890000343322754,12.449999809265137,12.550000190734863,8.520915985107422,32568600,False
VALE,2021-11-15,12.569999694824219,12.59000015258789,12.319999694824219,12.329999923706055,8.371545791625977,15201600,False
VALE,2021-11-16,12.390000343322754,12.399999618530273,12.069999694824219,12.109999656677246,8.222173690795898,24919800,False
VALE,2021-11-17,12.170000076293945,12.279999732971191,11.800000190734863,11.8100004196167,8.018487930297852,36291200,False
VALE,2021-11-18,11.4399995803833,11.600000381469727,11.15999984741211,11.270000457763672,7.651852130889893,62513300,False
VALE,2021-11-19,11.510000228881836,11.710000038146973,11.420000076293945,11.449999809265137,7.774062633514404,38621700,False
VALE,2021-11-22,11.90999984741211,12.40999984741211,11.859999656677246,12.239999771118164,8.310439109802246,44316000,False
VALE,2021-11-23,12.529999732971191,12.569999694824219,12.270000457763672,12.489999771118164,8.480177879333496,37292000,False
VALE,2021-11-24,12.5600004196167,12.739999771118164,12.479999542236328,12.710000038146973,8.629549980163574,27093600,False
VALE,2021-11-26,12.199999809265137,12.449999809265137,12.109999656677246,12.369999885559082,8.398703575134277,23473100,False
VALE,2021-11-29,12.640000343322754,12.65999984741211,12.350000381469727,12.4399995803833,8.4462308883667,25153400,False
VALE,2021-11-30,12.65999984741211,12.8100004196167,12.210000038146973,12.369999885559082,8.398703575134277,37493900,False
VALE,2021-12-01,12.6899995803833,12.8100004196167,12.239999771118164,12.25,8.317230224609375,35263600,False
VALE,2021-12-02,12.539999961853027,13.039999961853027,12.5,12.989999771118164,8.819656372070312,44968100,False
VALE,2021-12-03,13.020000457763672,13.180000305175781,12.520000457763672,12.729999542236328,8.643128395080566,43847200,False
VALE,2021-12-06,12.880000114440918,13.399999618530273,12.760000228881836,13.390000343322754,9.091240882873535,47057000,False
VALE,2021-12-07,13.84000015258789,14.0600004196167,13.550000190734863,13.619999885559082,9.24739933013916,56104100,False
VALE,2021-12-08,13.569999694824219,13.760000228881836,13.550000190734863,13.6899995803833,9.294927597045898,30969000,False
VALE,2021-12-09,13.460000038146973,13.670000076293945,13.420000076293945,13.5,9.165925025939941,16838500,False
VALE,2021-12-10,13.510000228881836,13.539999961853027,13.369999885559082,13.520000457763672,9.179505348205566,14927200,False
VALE,2021-12-13,13.920000076293945,14.0,13.6899995803833,13.760000228881836,9.34245491027832,31494600,False
VALE,2021-12-14,13.899999618530273,14.029999732971191,13.600000381469727,13.65999984741211,9.274559020996094,27115200,False
VALE,2021-12-15,13.710000038146973,13.710000038146973,13.34000015258789,13.630000114440918,9.254191398620605,23550900,False
VALE,2021-12-16,13.899999618530273,14.229999542236328,13.8100004196167,14.15999984741211,9.61403751373291,29493300,False
VALE,2021-12-17,14.050000190734863,14.130000114440918,13.930000305175781,14.0,9.50540542602539,25852200,False
VALE,2021-12-20,13.75,13.8100004196167,13.59000015258789,13.680000305175781,9.288138389587402,20771000,False
VALE,2021-12-21,13.880000114440918,14.039999961853027,13.819999694824219,14.020000457763672,9.5189847946167,22669400,False
VALE,2021-12-22,13.800000190734863,14.140000343322754,13.699999809265137,14.119999885559082,9.586878776550293,17614900,False
VALE,2021-12-23,14.010000228881836,14.029999732971191,13.90999984741211,13.90999984741211,9.44429874420166,17343000,False
VALE,2021-12-27,13.949999809265137,14.109999656677246,13.8100004196167,14.050000190734863,9.539351463317871,12817900,False
VALE,2021-12-28,13.760000228881836,13.829999923706055,13.5600004196167,13.600000381469727,9.2338228225708,21348600,False
VALE,2021-12-29,13.710000038146973,13.800000190734863,13.510000228881836,13.529999732971191,9.186295509338379,16140900,False
VALE,2021-12-30,13.970000267028809,14.199999809265137,13.9399995803833,14.079999923706055,9.559720993041992,23893000,False
VALE,2021-12-31,14.050000190734863,14.09000015258789,13.869999885559082,14.020000457763672,9.5189847946167,11319200,False
VALE,2022-01-03,14.09000015258789,14.130000114440918,13.8100004196167,13.8100004196167,9.376402854919434,20177800,False
VALE,2022-01-04,13.84000015258789,13.869999885559082,13.539999961853027,13.550000190734863,9.199873924255371,41351400,False
VALE,2022-01-05,13.680000305175781,13.930000305175781,13.59000015258789,13.65999984741211,9.274559020996094,58210800,False
VALE,2022-01-06,13.979999542236328,14.140000343322754,13.869999885559082,14.010000228881836,9.512195587158203,29066000,False
VALE,2022-01-07,14.109999656677246,14.829999923706055,14.109999656677246,14.8100004196167,10.055360794067383,45638800,False
VALE,2022-01-10,14.850000381469727,14.880000114440918,14.529999732971191,14.649999618530273,9.946727752685547,27748400,False
VALE,2022-01-11,14.880000114440918,15.25,14.829999923706055,15.239999771118164,10.347311973571777,31868700,False
VALE,2022-01-12,15.5,15.600000381469727,15.319999694824219,15.550000190734863,10.55778980255127,31876700,False
VALE,2022-01-13,15.359999656677246,15.539999961853027,15.210000038146973,15.300000190734863,10.388049125671387,32193900,False
VALE,2022-01-14,15.0600004196167,15.4399995803833,15.029999732971191,15.380000114440918,10.442365646362305,25261600,False
VALE,2022-01-18,15.529999732971191,15.760000228881836,15.359999656677246,15.510000228881836,10.530632019042969,30724100,False
VALE,2022-01-19,16.139999389648438,16.309999465942383,16.030000686645508,16.18000030517578,10.985533714294434,36933100,False
VALE,2022-01-20,16.3700008392334,16.399999618530273,15.9399995803833,15.989999771118164,10.856531143188477,35470000,False
VALE,2022-01-21,15.930000305175781,15.970000267028809,15.479999542236328,15.600000381469727,10.591736793518066,45786200,False
VALE,2022-01-24,15.1899995803833,15.350000381469727,14.930000305175781,15.3100004196167,10.3948392868042,50534100,False
VALE,2022-01-25,15.4399995803833,15.59000015258789,15.119999885559082,15.479999542236328,10.510259628295898,26965000,False
VALE,2022-01-26,15.850000381469727,15.850000381469727,15.380000114440918,15.529999732971191,10.544209480285645,37747800,False
VALE,2022-01-27,15.789999961853027,15.880000114440918,15.359999656677246,15.569999694824219,10.571368217468262,34056100,False
VALE,2022-01-28,15.869999885559082,15.949999809265137,15.359999656677246,15.579999923706055,10.578156471252441,42797600,False
VALE,2022-01-31,15.359999656677246,15.5,15.170000076293945,15.180000305175781,10.306575775146484,40405400,False
VALE,2022-02-01,15.5,16.200000762939453,15.489999771118164,16.18000030517578,10.985533714294434,35334500,False
VALE,2022-02-02,16.06999969482422,16.3799991607666,15.979999542236328,16.350000381469727,11.100955963134766,26142100,False
VALE,2022-02-03,16.190000534057617,16.450000762939453,16.139999389648438,16.149999618530273,10.965164184570312,22268000,False
VALE,2022-02-04,16.170000076293945,16.600000381469727,16.110000610351562,16.549999237060547,11.236746788024902,30025300,False
VALE,2022-02-07,16.799999237060547,17.219999313354492,16.690000534057617,17.170000076293945,11.657700538635254,34645300,False
VALE,2022-02-08,17.1200008392334,17.440000534057617,17.09000015258789,17.43000030517578,11.834228515625,36637900,False
VALE,2022-02-09,17.1299991607666,17.540000915527344,17.110000610351562,17.510000228881836,11.88854694366455,36936500,False
VALE,2022-02-10,17.709999084472656,18.149999618530273,17.68000030517578,17.850000381469727,12.119390487670898,55181900,False
VALE,2022-02-11,17.6299991607666,17.93000030517578,17.479999542236328,17.540000915527344,11.908916473388672,38011300,False
VALE,2022-02-14,17.600000381469727,17.610000610351562,17.360000610351562,17.489999771118164,11.874966621398926,24138500,False
VALE,2022-02-15,17.239999771118164,17.270000457763672,16.829999923706055,17.139999389648438,11.637330055236816,35562100,False
VALE,2022-02-16,17.34000015258789,17.510000228881836,17.25,17.440000534057617,11.841020584106445,20295800,False
VALE,2022-02-17,17.079999923706055,17.1299991607666,16.459999084472656,16.600000381469727,11.270694732666016,38657400,False
VALE,2022-02-18,16.8700008392334,16.8700008392334,16.610000610351562,16.639999389648438,11.2978515625,26247500,False
VALE,2022-02-22,16.920000076293945,17.260000228881836,16.889999389648438,17.18000030517578,11.664488792419434,34551700,False
VALE,2022-02-23,17.1200008392334,17.31999969482422,16.989999771118164,17.270000457763672,11.725597381591797,30476300,False
VALE,2022-02-24,16.440000534057617,17.170000076293945,16.290000915527344,17.06999969482422,11.589804649353027,53693900,False
VALE,2022-02-25,16.729999542236328,17.899999618530273,16.719999313354492,17.81999969482422,12.09902286529541,42396700,False
VALE,2022-02-28,17.600000381469727,18.5,17.600000381469727,18.489999771118164,12.553922653198242,35627200,False
VALE,2022-03-01,18.559999465942383,19.459999084472656,18.559999465942383,18.860000610351562,12.805139541625977,49064600,False
VALE,2022-03-02,19.1200008392334,19.5,18.729999542236328,19.469999313354492,13.219300270080566,48983100,False
VALE,2022-03-03,19.979999542236328,20.1200008392334,19.65999984741211,19.84000015258789,13.470516204833984,39768400,False
VALE,2022-03-04,19.450000762939453,20.15999984741211,19.299999237060547,20.149999618530273,13.680994033813477,28813300,False
VALE,2022-03-07,20.760000228881836,20.959999084472656,20.399999618530273,20.600000381469727,13.986522674560547,51694500,False
VALE,2022-03-08,20.469999313354492,20.469999313354492,19.670000076293945,19.81999969482422,13.456938743591309,63201200,False
VALE,2022-03-09,18.719999313354492,18.860000610351562,18.420000076293945,18.719999313354492,13.19266128540039,62036300,False
VALE,2022-03-10,18.65999984741211,19.34000015258789,18.6200008392334,19.309999465942383,13.608453750610352,46070300,False
VALE,2022-03-11,19.399999618530273,19.579999923706055,19.059999465942383,19.06999969482422,13.43932056427002,31342900,False
VALE,2022-03-14,18.610000610351562,18.690000534057617,17.790000915527344,17.799999237060547,12.544301986694336,50674400,False
VALE,2022-03-15,17.280000686645508,17.399999618530273,16.950000762939453,17.239999771118164,12.149651527404785,65998600,False
VALE,2022-03-16,17.90999984741211,17.959999084472656,17.34000015258789,17.75,12.509066581726074,53546400,False
VALE,2022-03-17,18.25,18.799999237060547,18.1200008392334,18.700000762939453,13.178565979003906,41943900,False
VALE,2022-03-18,18.549999237060547,19.079999923706055,18.450000762939453,19.059999465942383,13.432271957397461,32235000,False
VALE,2022-03-21,19.6299991607666,20.100000381469727,19.56999969482422,19.940000534057617,14.052437782287598,35748200,False
VALE,2022-03-22,19.889999389648438,19.899999618530273,19.420000076293945,19.559999465942383,13.784639358520508,35086200,False
VALE,2022-03-23,19.8700008392334,20.239999771118164,19.829999923706055,19.93000030517578,14.045392036437988,31530900,False
VALE,2022-03-24,19.799999237060547,20.229999542236328,19.770000457763672,20.020000457763672,14.108819961547852,28676600,False
VALE,2022-03-25,20.200000762939453,20.25,19.739999771118164,19.940000534057617,14.052437782287598,27451000,False
VALE,2022-03-28,19.850000381469727,20.059999465942383,19.469999313354492,19.969999313354492,14.07358169555664,25124400,False
VALE,2022-03-29,19.75,19.950000762939453,19.540000915527344,19.950000762939453,14.059484481811523,27429800,False
VALE,2022-03-30,20.170000076293945,20.299999237060547,19.969999313354492,20.030000686645508,14.115865707397461,35389300,False
VALE,2022-03-31,20.219999313354492,20.399999618530273,19.959999084472656,19.989999771118164,14.087675094604492,29515000,False
VALE,2022-04-01,20.389999389648438,20.829999923706055,20.360000610351562,20.829999923706055,14.679654121398926,28897800,False
VALE,2022-04-04,21.09000015258789,21.290000915527344,21.040000915527344,21.229999542236328,14.9615478515625,30119400,False
VALE,2022-04-05,20.889999389648438,21.09000015258789,20.270000457763672,20.329999923706055,14.327285766601562,45892400,False
VALE,2022-04-06,20.360000610351562,20.59000015258789,20.15999984741211,20.479999542236328,14.43299674987793,31305000,False
VALE,2022-04-07,20.229999542236328,20.59000015258789,20.100000381469727,20.479999542236328,14.43299674987793,23755100,False
VALE,2022-04-08,20.420000076293945,20.469999313354492,19.920000076293945,20.100000381469727,14.165197372436523,34815200,False
VALE,2022-04-11,20.0,20.170000076293945,19.760000228881836,20.010000228881836,14.101771354675293,28814000,False
VALE,2022-04-12,20.5,20.549999237060547,19.889999389648438,19.93000030517578,14.045392036437988,21619300,False
VALE,2022-04-13,19.90999984741211,20.049999237060547,19.75,19.90999984741211,14.03129768371582,28994800,False
VALE,2022-04-14,19.700000762939453,19.700000762939453,19.290000915527344,19.479999542236328,13.728260040283203,25599100,False
VALE,2022-04-18,19.389999389648438,19.5,19.239999771118164,19.329999923706055,13.622549057006836,19069600,False
VALE,2022-04-19,18.889999389648438,19.049999237060547,18.549999237060547,18.75,13.213802337646484,32522200,False
VALE,2022-04-20,18.469999313354492,18.56999969482422,18.079999923706055,18.450000762939453,13.002382278442383,36712300,False
VALE,2022-04-21,18.34000015258789,18.360000610351562,17.440000534057617,17.649999618530273,12.438592910766602,28050000,False
VALE,2022-04-22,17.65999984741211,17.65999984741211,16.610000610351562,16.700000762939453,11.769096374511719,44664600,False
VALE,2022-04-25,16.139999389648438,16.299999237060547,15.699999809265137,16.18000030517578,11.402631759643555,56363600,False
VALE,2022-04-26,15.920000076293945,15.979999542236328,15.569999694824219,15.609999656677246,11.000931739807129,48071200,False
VALE,2022-04-27,16.1200008392334,16.559999465942383,15.949999809265137,16.399999618530273,11.557672500610352,60351400,False
VALE,2022-04-28,16.399999618530273,17.149999618530273,16.219999313354492,17.0,11.980515480041504,46759200,False
VALE,2022-04-29,17.56999969482422,17.760000228881836,16.8700008392334,16.889999389648438,11.902994155883789,47752500,False
VALE,2022-05-02,16.459999084472656,16.510000228881836,16.0,16.389999389648438,11.550626754760742,40078300,False
VALE,2022-05-03,16.579999923706055,16.84000015258789,16.479999542236328,16.639999389648438,11.726808547973633,31293600,False
VALE,2022-05-04,16.239999771118164,16.649999618530273,15.890000343322754,16.600000381469727,11.698620796203613,51393500,False
VALE,2022-05-05,16.520000457763672,16.540000915527344,15.680000305175781,16.010000228881836,11.28282642364502,38963800,False
VALE,2022-05-06,15.729999542236328,16.040000915527344,15.350000381469727,15.720000267028809,11.078452110290527,41891100,False
VALE,2022-05-09,15.100000381469727,15.229999542236328,14.770000457763672,14.8100004196167,10.437143325805664,44222100,False
VALE,2022-05-10,15.0,15.039999961853027,14.520000457763672,14.699999809265137,10.359621047973633,35022300,False
VALE,2022-05-11,15.270000457763672,15.640000343322754,15.180000305175781,15.239999771118164,10.740179061889648,41159800,False
VALE,2022-05-12,14.84000015258789,15.210000038146973,14.640000343322754,15.149999618530273,10.676753997802734,36213900,False
VALE,2022-05-13,15.1899995803833,15.579999923706055,15.140000343322754,15.420000076293945,10.867032051086426,25381100,False
VALE,2022-05-16,15.670000076293945,15.979999542236328,15.670000076293945,15.84000015258789,11.163021087646484,30722500,False
VALE,2022-05-17,16.3799991607666,16.40999984741211,15.890000343322754,16.110000610351562,11.353300094604492,41171500,False
VALE,2022-05-18,15.729999542236328,15.850000381469727,15.520000457763672,15.619999885559082,11.007979393005371,26267400,False
VALE,2022-05-19,15.949999809265137,16.389999389648438,15.949999809265137,16.219999313354492,11.430819511413574,38464500,False
VALE,2022-05-20,16.649999618530273,16.790000915527344,16.479999542236328,16.719999313354492,11.783187866210938,42818000,False
VALE,2022-05-23,17.219999313354492,17.399999618530273,17.09000015258789,17.209999084472656,12.128509521484375,35745900,False
VALE,2022-05-24,16.950000762939453,17.459999084472656,16.889999389648438,17.43000030517578,12.283551216125488,29740200,False
VALE,2022-05-25,17.239999771118164,17.6200008392334,17.239999771118164,17.489999771118164,12.325835227966309,25884000,False
VALE,2022-05-26,17.25,17.760000228881836,17.200000762939453,17.6200008392334,12.417450904846191,28617600,False
VALE,2022-05-27,17.889999389648438,18.100000381469727,17.81999969482422,18.09000015258789,12.748678207397461,25798300,False
VALE,2022-05-31,18.329999923706055,18.43000030517578,17.8799991607666,18.049999237060547,12.72048568725586,37288800,False
VALE,2022-06-01,18.1299991607666,18.479999542236328,18.030000686645508,18.34000015258789,12.924860954284668,25323800,False
VALE,2022-06-02,18.6299991607666,18.84000015258789,18.530000686645508,18.809999465942383,13.256087303161621,31933900,False
VALE,2022-06-03,18.6200008392334,18.729999542236328,18.3700008392334,18.540000915527344,13.065807342529297,25774100,False
VALE,2022-06-06,18.729999542236328,18.790000915527344,18.450000762939453,18.540000915527344,13.065807342529297,18063600,False
VALE,2022-06-07,18.209999084472656,18.649999618530273,18.190000534057617,18.649999618530273,13.143328666687012,31285800,False
VALE,2022-06-08,18.540000915527344,18.59000015258789,17.75,17.889999389648438,12.607728958129883,31474300,False
VALE,2022-06-09,17.559999465942383,17.579999923706055,17.06999969482422,17.09000015258789,12.04394245147705,32471600,False
VALE,2022-06-10,16.639999389648438,17.040000915527344,16.5,16.860000610351562,11.881853103637695,36704100,False
VALE,2022-06-13,16.149999618530273,16.190000534057617,15.600000381469727,15.890000343322754,11.198258399963379,46922000,False
VALE,2022-06-14,15.9399995803833,16.0,15.6899995803833,15.829999923706055,11.155974388122559,33275100,False
VALE,2022-06-15,15.949999809265137,16.43000030517578,15.869999885559082,16.260000228881836,11.459010124206543,34101800,False
VALE,2022-06-16,15.710000038146973,15.84000015258789,15.279999732971191,15.520000457763672,10.937506675720215,27812000,False
VALE,2022-06-17,15.260000228881836,15.319999694824219,14.75,14.930000305175781,10.521710395812988,47767800,False
VALE,2022-06-21,14.899999618530273,15.100000381469727,14.699999809265137,14.720000267028809,10.373716354370117,33074200,False
VALE,2022-06-22,14.1899995803833,14.729999542236328,14.149999618530273,14.479999542236328,10.204578399658203,46046000,False
VALE,2022-06-23,14.739999771118164,14.739999771118164,13.850000381469727,13.920000076293945,9.809926986694336,45103900,False
VALE,2022-06-24,13.989999771118164,14.229999542236328,13.75,14.199999809265137,10.00725269317627,33576700,False
VALE,2022-06-27,14.670000076293945,15.109999656677246,14.5600004196167,14.880000114440918,10.48647403717041,33833500,False
VALE,2022-06-28,15.270000457763672,15.319999694824219,14.930000305175781,15.020000457763672,10.585137367248535,36743900,False
VALE,2022-06-29,15.1899995803833,15.279999732971191,14.850000381469727,15.1899995803833,10.704941749572754,32129200,False
VALE,2022-06-30,14.720000267028809,14.859999656677246,14.489999771118164,14.630000114440918,10.31029224395752,37964600,False
VALE,2022-07-01,14.239999771118164,14.359999656677246,13.789999961853027,14.149999618530273,9.972016334533691,30589700,False
VALE,2022-07-05,13.609999656677246,13.800000190734863,13.40999984741211,13.789999961853027,9.718311309814453,33384700,False
VALE,2022-07-06,13.779999732971191,13.899999618530273,13.449999809265137,13.789999961853027,9.718311309814453,26216000,False
VALE,2022-07-07,14.420000076293945,14.600000381469727,14.34000015258789,14.489999771118164,10.211626052856445,37720300,False
VALE,2022-07-08,14.609999656677246,14.640000343322754,14.170000076293945,14.25,10.042490005493164,23282800,False
VALE,2022-07-11,13.729999542236328,13.75,13.479999542236328,13.5,9.513936996459961,41059200,False
VALE,2022-07-12,13.220000267028809,13.489999771118164,13.15999984741211,13.380000114440918,9.429370880126953,29222400,False
VALE,2022-07-13,13.40999984741211,13.680000305175781,13.279999732971191,13.460000038146973,9.485747337341309,23165900,False
VALE,2022-07-14,12.850000381469727,12.859999656677246,12.399999618530273,12.489999771118164,8.802153587341309,50727800,False
VALE,2022-07-15,12.399999618530273,12.6899995803833,12.25,12.649999618530273,8.914912223815918,34693700,False
VALE,2022-07-18,12.960000038146973,13.09000015258789,12.65999984741211,12.699999809265137,8.950148582458496,24270100,False
VALE,2022-07-19,12.680000305175781,12.869999885559082,12.619999885559082,12.699999809265137,8.950148582458496,27763000,False
VALE,2022-07-20,12.380000114440918,12.4399995803833,12.199999809265137,12.430000305175781,8.759871482849121,46438000,False
VALE,2022-07-21,12.3100004196167,12.539999961853027,12.239999771118164,12.510000228881836,8.816250801086426,28454000,False
VALE,2022-07-22,12.960000038146973,13.020000457763672,12.550000190734863,12.59000015258789,8.872627258300781,24856600,False
VALE,2022-07-25,12.960000038146973,13.1899995803833,12.899999618530273,13.149999618530273,9.267280578613281,28741900,False
VALE,2022-07-26,13.239999771118164,13.279999732971191,12.970000267028809,13.140000343322754,9.260233879089355,25974200,False
VALE,2022-07-27,13.15999984741211,13.489999771118164,13.010000228881836,13.479999542236328,9.49984359741211,27143000,False
VALE,2022-07-28,13.789999961853027,13.899999618530273,13.479999542236328,13.65999984741211,9.626696586608887,26124400,False
VALE,2022-07-29,13.289999961853027,13.529999732971191,13.0600004196167,13.460000038146973,9.485747337341309,51939200,False
VALE,2022-08-01,13.260000228881836,13.529999732971191,13.079999923706055,13.140000343322754,9.260233879089355,32705800,False
VALE,2022-08-02,13.010000228881836,13.420000076293945,12.75,13.380000114440918,9.429370880126953,50187800,False
VALE,2022-08-03,13.220000267028809,13.229999542236328,12.789999961853027,12.800000190734863,9.020624160766602,29576100,False
VALE,2022-08-04,12.8100004196167,13.050000190734863,12.710000038146973,12.859999656677246,9.062907218933105,38139100,False
VALE,2022-08-05,12.90999984741211,13.25,12.859999656677246,13.199999809265137,9.302517890930176,42928900,False
VALE,2022-08-08,13.40999984741211,13.529999732971191,13.180000305175781,13.359999656677246,9.415274620056152,26275900,False
VALE,2022-08-09,13.420000076293945,13.649999618530273,13.369999885559082,13.619999885559082,9.598504066467285,23005000,False
VALE,2022-08-10,13.9399995803833,13.970000267028809,13.65999984741211,13.760000228881836,9.69717025756836,39669100,False
VALE,2022-08-11,13.960000038146973,14.319999694824219,13.960000038146973,14.010000228881836,9.8733549118042,34307200,False
VALE,2022-08-12,13.460000038146973,13.670000076293945,13.34000015258789,13.600000381469727,10.078633308410645,26451000,False
VALE,2022-08-15,13.220000267028809,13.449999809265137,13.050000190734863,13.40999984741211,9.937827110290527,24132300,False
VALE,2022-08-16,13.5600004196167,13.729999542236328,13.449999809265137,13.579999923706055,10.063811302185059,23933400,False
VALE,2022-08-17,13.170000076293945,13.34000015258789,13.020000457763672,13.210000038146973,9.78961181640625,22116000,False
VALE,2022-08-18,13.199999809265137,13.229999542236328,13.069999694824219,13.100000381469727,9.708094596862793,16024600,False
VALE,2022-08-19,12.9399995803833,12.979999542236328,12.739999771118164,12.880000114440918,9.545056343078613,32495500,False
VALE,2022-08-22,12.8100004196167,12.949999809265137,12.6899995803833,12.770000457763672,9.463539123535156,26755600,False
VALE,2022-08-23,13.029999732971191,13.789999961853027,13.029999732971191,13.760000228881836,10.19720458984375,36258500,False
VALE,2022-08-24,13.539999961853027,13.75,13.229999542236328,13.3100004196167,9.86371898651123,30048000,False
VALE,2022-08-25,13.369999885559082,13.569999694824219,13.289999961853027,13.539999961853027,10.03416633605957,29504000,False
VALE,2022-08-26,13.850000381469727,13.920000076293945,13.359999656677246,13.449999809265137,9.9674711227417,31872300,False
VALE,2022-08-29,13.3100004196167,13.420000076293945,13.199999809265137,13.25,9.819254875183105,29459400,False
VALE,2022-08-30,13.109999656677246,13.119999885559082,12.5600004196167,12.630000114440918,9.359786987304688,30417500,False
VALE,2022-08-31,12.579999923706055,12.670000076293945,12.399999618530273,12.420000076293945,9.204161643981934,28906000,False
VALE,2022-09-01,12.180000305175781,12.1899995803833,11.819999694824219,12.149999618530273,9.004070281982422,37958700,False
VALE,2022-09-02,12.289999961853027,12.460000038146973,12.09000015258789,12.170000076293945,9.01889419555664,33699400,False
VALE,2022-09-06,12.470000267028809,12.510000228881836,12.100000381469727,12.140000343322754,8.996662139892578,22391100,False
VALE,2022-09-07,12.0,12.34000015258789,11.720000267028809,12.270000457763672,9.093001365661621,23277100,False
VALE,2022-09-08,12.300000190734863,12.40999984741211,12.140000343322754,12.34000015258789,9.144877433776855,29064100,False
VALE,2022-09-09,12.789999961853027,13.539999961853027,12.739999771118164,13.510000228881836,10.011933326721191,44432700,False
VALE,2022-09-12,13.710000038146973,13.789999961853027,13.489999771118164,13.779999732971191,10.21202564239502,32677400,False
VALE,2022-09-13,13.420000076293945,13.729999542236328,13.119999885559082,13.149999618530273,9.745147705078125,38521300,False
VALE,2022-09-14,13.109999656677246,13.329999923706055,12.800000190734863,12.920000076293945,9.574699401855469,38933900,False
VALE,2022-09-15,12.930000305175781,13.09000015258789,12.84000015258789,13.050000190734863,9.671039581298828,43779700,False
VALE,2022-09-16,12.789999961853027,13.050000190734863,12.6899995803833,12.979999542236328,9.619165420532227,53303800,False
VALE,2022-09-19,12.880000114440918,13.640000343322754,12.8100004196167,13.600000381469727,10.078633308410645,46819400,False
VALE,2022-09-20,13.34000015258789,13.479999542236328,13.130000114440918,13.399999618530273,9.930416107177734,42943300,False
VALE,2022-09-21,13.5,13.550000190734863,13.130000114440918,13.130000114440918,9.730326652526855,46328100,False
VALE,2022-09-22,13.5,13.710000038146973,13.350000381469727,13.640000343322754,10.10827350616455,40605200,False
VALE,2022-09-23,13.15999984741211,13.170000076293945,12.899999618530273,13.039999961853027,9.663627624511719,55022900,False
VALE,2022-09-26,12.760000228881836,13.0,12.59000015258789,12.59000015258789,9.330144882202148,49602500,False
VALE,2022-09-27,12.75,12.859999656677246,12.460000038146973,12.550000190734863,9.300500869750977,41800300,False
VALE,2022-09-28,12.670000076293945,12.880000114440918,12.630000114440918,12.770000457763672,9.463539123535156,36674900,False
VALE,2022-09-29,12.649999618530273,12.729999542236328,12.399999618530273,12.65999984741211,9.382019996643066,44001300,False
VALE,2022-09-30,12.699999809265137,13.470000267028809,12.680000305175781,13.319999694824219,9.87113094329834,54426300,False
VALE,2022-10-03,13.729999542236328,14.300000190734863,13.680000305175781,14.25,10.560331344604492,47559900,False
VALE,2022-10-04,14.510000228881836,14.760000228881836,14.3100004196167,14.640000343322754,10.849349975585938,47389100,False
VALE,2022-10-05,14.720000267028809,14.930000305175781,14.630000114440918,14.800000190734863,10.967923164367676,43026000,False
VALE,2022-10-06,14.630000114440918,14.880000114440918,14.380000114440918,14.510000228881836,10.753010749816895,37758200,False
VALE,2022-10-07,14.640000343322754,15.1899995803833,14.350000381469727,14.420000076293945,10.68631362915039,82941000,False
VALE,2022-10-10,14.539999961853027,14.539999961853027,14.050000190734863,14.09000015258789,10.441758155822754,48196300,False
VALE,2022-10-11,13.850000381469727,14.1899995803833,13.789999961853027,13.850000381469727,10.263900756835938,41128800,False
VALE,2022-10-12,13.770000457763672,13.920000076293945,13.619999885559082,13.65999984741211,10.12309741973877,29629300,False
VALE,2022-10-13,13.40999984741211,13.880000114440918,13.270000457763672,13.670000076293945,10.130505561828613,45623800,False
VALE,2022-10-14,13.699999809265137,13.699999809265137,13.029999732971191,13.069999694824219,9.685860633850098,41714400,False
VALE,2022-10-17,13.25,13.5,13.180000305175781,13.279999732971191,9.841486930847168,43260000,False
VALE,2022-10-18,13.670000076293945,13.789999961853027,13.319999694824219,13.640000343322754,10.10827350616455,43325900,False
VALE,2022-10-19,13.5600004196167,13.65999984741211,13.34000015258789,13.449999809265137,9.9674711227417,39920400,False
VALE,2022-10-20,13.40999984741211,14.039999961853027,13.359999656677246,13.739999771118164,10.182381629943848,46895600,False
VALE,2022-10-21,13.699999809265137,14.430000305175781,13.609999656677246,14.329999923706055,10.619616508483887,65200700,False
VALE,2022-10-24,13.920000076293945,13.9399995803833,13.420000076293945,13.5,10.004522323608398,71835300,False
VALE,2022-10-25,13.329999923706055,13.779999732971191,13.300000190734863,13.550000190734863,10.04157829284668,63760500,False
VALE,2022-10-26,13.460000038146973,14.020000457763672,13.449999809265137,13.739999771118164,10.182381629943848,63550800,False
VALE,2022-10-27,13.300000190734863,13.670000076293945,13.050000190734863,13.369999885559082,9.908183097839355,66526000,False
VALE,2022-10-28,12.75,12.899999618530273,12.470000267028809,12.640000343322754,9.36719799041748,72168900,False
VALE,2022-10-31,12.600000381469727,13.239999771118164,12.569999694824219,12.9399995803833,9.589519500732422,74676700,False
VALE,2022-11-01,13.40999984741211,13.760000228881836,13.289999961853027,13.430000305175781,9.95265007019043,65489000,False
VALE,2022-11-02,13.300000190734863,13.399999618530273,12.75,12.770000457763672,9.463539123535156,48757400,False
VALE,2022-11-03,13.029999732971191,13.180000305175781,12.8100004196167,13.109999656677246,9.715503692626953,37888900,False
VALE,2022-11-04,14.130000114440918,14.569999694824219,13.989999771118164,14.390000343322754,10.664081573486328,83276300,False
VALE,2022-11-07,14.279999732971191,14.329999923706055,13.880000114440918,13.899999618530273,10.300954818725586,31237600,False
VALE,2022-11-08,14.15999984741211,14.569999694824219,14.050000190734863,14.420000076293945,10.68631362915039,41753700,False
VALE,2022-11-09,14.279999732971191,14.529999732971191,13.970000267028809,14.069999694824219,10.426936149597168,29424300,False
VALE,2022-11-10,14.039999961853027,14.15999984741211,13.640000343322754,13.850000381469727,10.263900756835938,44423200,False
VALE,2022-11-11,14.479999542236328,15.529999732971191,14.4399995803833,15.449999809265137,11.449621200561523,63743900,True
VALE,2022-11-14,15.300000190734863,15.930000305175781,15.300000190734863,15.710000038146973,11.642301559448242,39393900,False
VALE,2022-11-15,15.930000305175781,15.979999542236328,15.600000381469727,15.8100004196167,11.716409683227539,24265900,False
VALE,2022-11-16,15.670000076293945,15.84000015258789,15.130000114440918,15.220000267028809,11.2791748046875,30932900,False
VALE,2022-11-17,14.890000343322754,15.329999923706055,14.760000228881836,15.329999923706055,11.360692977905273,24906500,False
VALE,2022-11-18,15.289999961853027,15.329999923706055,15.0,15.069999694824219,11.168011665344238,38862800,False
VALE,2022-11-21,14.930000305175781,15.0600004196167,14.630000114440918,15.039999961853027,11.145780563354492,19853500,False
VALE,2022-11-22,15.069999694824219,15.229999542236328,14.75,14.890000343322754,11.03462028503418,38071400,False
VALE,2022-11-23,14.949999809265137,15.149999618530273,14.789999961853027,15.119999885559082,11.205065727233887,22711000,False
VALE,2022-11-25,15.289999961853027,15.420000076293945,15.020000457763672,15.119999885559082,11.205065727233887,11023100,False
VALE,2022-11-28,15.020000457763672,15.270000457763672,14.960000038146973,15.170000076293945,11.242119789123535,23125400,False
VALE,2022-11-29,15.8100004196167,16.200000762939453,15.8100004196167,16.09000015258789,11.923911094665527,35717100,False
VALE,2022-11-30,16.200000762939453,16.6200008392334,16.200000762939453,16.5,12.227752685546875,34378400,False
VALE,2022-12-01,16.450000762939453,16.68000030517578,16.270000457763672,16.639999389648438,12.331500053405762,33043800,False
VALE,2022-12-02,16.489999771118164,16.829999923706055,16.459999084472656,16.719999313354492,12.390787124633789,32911100,False
VALE,2022-12-05,16.68000030517578,16.850000381469727,16.389999389648438,16.459999084472656,12.198107719421387,39078100,False
VALE,2022-12-06,16.709999084472656,16.940000534057617,16.559999465942383,16.760000228881836,12.420431137084961,23256100,False
VALE,2022-12-07,16.309999465942383,16.309999465942383,16.0,16.170000076293945,11.983195304870605,37540200,False
VALE,2022-12-08,16.6200008392334,16.75,16.399999618530273,16.43000030517578,12.175875663757324,21012500,False
VALE,2022-12-09,16.790000915527344,17.09000015258789,16.700000762939453,16.940000534057617,12.553825378417969,40815400,False
VALE,2022-12-12,16.3700008392334,16.420000076293945,15.920000076293945,16.229999542236328,12.027660369873047,42406200,False
VALE,2022-12-13,16.40999984741211,16.559999465942383,16.110000610351562,16.18000030517578,12.032123565673828,39242400,False
VALE,2022-12-14,16.18000030517578,16.489999771118164,16.100000381469727,16.40999984741211,12.20315933227539,26603700,False
VALE,2022-12-15,16.3799991607666,16.639999389648438,16.229999542236328,16.399999618530273,12.195723533630371,28607900,False
VALE,2022-12-16,16.1200008392334,16.299999237060547,15.949999809265137,16.06999969482422,11.950322151184082,24389300,False
VALE,2022-12-19,15.930000305175781,16.1299991607666,15.850000381469727,16.100000381469727,11.972631454467773,20805200,False
VALE,2022-12-20,16.440000534057617,16.690000534057617,16.389999389648438,16.440000534057617,12.225470542907715,16416900,False
VALE,2022-12-21,16.510000228881836,16.739999771118164,16.43000030517578,16.59000015258789,12.337015151977539,27809300,False
VALE,2022-12-22,16.530000686645508,16.610000610351562,16.299999237060547,16.540000915527344,12.299834251403809,17452500,False
VALE,2022-12-23,16.510000228881836,16.790000915527344,16.5,16.690000534057617,12.411380767822266,13416000,False
VALE,2022-12-27,16.639999389648438,16.950000762939453,16.6200008392334,16.8799991607666,12.5526704788208,19991100,False
VALE,2022-12-28,17.079999923706055,17.15999984741211,16.829999923706055,16.920000076293945,12.582417488098145,21807400,False
VALE,2022-12-29,17.149999618530273,17.229999542236328,16.850000381469727,16.8799991607666,12.5526704788208,19336000,False
VALE,2022-12-30,16.829999923706055,17.100000381469727,16.729999542236328,16.969999313354492,12.619599342346191,16455900,False
VALE,2023-01-03,16.649999618530273,16.719999313354492,16.299999237060547,16.350000381469727,12.15854263305664,25585700,False
VALE,2023-01-04,16.229999542236328,16.549999237060547,16.049999237060547,16.549999237060547,12.307270050048828,34623700,False
VALE,2023-01-05,16.579999923706055,17.100000381469727,16.549999237060547,17.09000015258789,12.708837509155273,28418500,False
VALE,2023-01-06,17.389999389648438,17.68000030517578,17.190000534057617,17.65999984741211,13.132712364196777,31231000,False
VALE,2023-01-09,17.459999084472656,17.639999389648438,17.31999969482422,17.520000457763672,13.028602600097656,22693900,False
VALE,2023-01-10,17.799999237060547,18.040000915527344,17.760000228881836,17.959999084472656,13.355803489685059,28056900,False
VALE,2023-01-11,18.059999465942383,18.09000015258789,17.799999237060547,17.899999618530273,13.311184883117676,21824200,False
VALE,2023-01-12,18.190000534057617,18.489999771118164,17.989999771118164,18.3799991607666,13.668134689331055,17878300,False
VALE,2023-01-13,18.260000228881836,18.489999771118164,18.25,18.43000030517578,13.705318450927734,16548600,False
VALE,2023-01-17,18.139999389648438,18.190000534057617,17.940000534057617,18.0,13.385551452636719,23675800,False
VALE,2023-01-18,18.40999984741211,18.479999542236328,18.030000686645508,18.049999237060547,13.42273235321045,19427800,False
VALE,2023-01-19,18.040000915527344,18.200000762939453,17.920000076293945,18.06999969482422,13.437604904174805,20044300,False
VALE,2023-01-20,18.049999237060547,18.18000030517578,18.0,18.1200008392334,13.474788665771484,20682900,False
VALE,2023-01-23,18.030000686645508,18.200000762939453,17.969999313354492,18.1299991607666,13.482223510742188,11139600,False
VALE,2023-01-24,18.079999923706055,18.540000915527344,18.059999465942383,18.520000457763672,13.77224349975586,13737700,False
VALE,2023-01-25,18.540000915527344,18.950000762939453,18.5,18.90999984741211,14.062264442443848,15963900,False
VALE,2023-01-26,19.049999237060547,19.309999465942383,19.0,19.299999237060547,14.352285385131836,20958000,False
VALE,2023-01-27,19.059999465942383,19.110000610351562,18.600000381469727,18.65999984741211,13.87635612487793,26483600,False
VALE,2023-01-30,18.649999618530273,18.75,18.399999618530273,18.510000228881836,13.764808654785156,18578900,False
VALE,2023-01-31,18.559999465942383,18.690000534057617,18.420000076293945,18.68000030517578,13.891227722167969,14280200,False
VALE,2023-02-01,18.170000076293945,18.540000915527344,17.940000534057617,18.450000762939453,13.720190048217773,22991100,False
VALE,2023-02-02,18.309999465942383,18.309999465942383,17.600000381469727,17.65999984741211,13.132712364196777,27022600,False
VALE,2023-02-03,17.649999618530273,17.770000457763672,17.209999084472656,17.31999969482422,12.879874229431152,39014500,False
VALE,2023-02-06,16.770000457763672,16.989999771118164,16.649999618530273,16.959999084472656,12.612162590026855,16439600,False
VALE,2023-02-07,17.0,17.15999984741211,16.850000381469727,16.950000762939453,12.604727745056152,12971400,False
VALE,2023-02-08,16.950000762939453,17.110000610351562,16.799999237060547,16.950000762939453,12.604727745056152,12820500,False
VALE,2023-02-09,16.899999618530273,16.969999313354492,16.719999313354492,16.760000228881836,12.463434219360352,15645300,False
VALE,2023-02-10,16.700000762939453,16.770000457763672,16.459999084472656,16.559999465942383,12.314705848693848,24320900,False
VALE,2023-02-13,16.459999084472656,16.790000915527344,16.420000076293945,16.719999313354492,12.43368911743164,19540200,False
VALE,2023-02-14,16.84000015258789,17.0,16.6200008392334,16.770000457763672,12.470870018005371,15494600,False
VALE,2023-02-15,16.729999542236328,17.06999969482422,16.610000610351562,17.049999237060547,12.67909049987793,16820600,False
VALE,2023-02-16,17.110000610351562,17.25,16.940000534057617,17.09000015258789,12.708837509155273,19080200,False
VALE,2023-02-17,17.059999465942383,17.200000762939453,16.8799991607666,17.020000457763672,12.656780242919922,16999100,False
VALE,2023-02-21,17.06999969482422,17.549999237060547,17.010000228881836,17.040000915527344,12.67165470123291,35445400,False
VALE,2023-02-22,16.84000015258789,17.020000457763672,16.520000457763672,16.90999984741211,12.574981689453125,32689400,False
VALE,2023-02-23,17.079999923706055,17.170000076293945,16.59000015258789,16.920000076293945,12.582417488098145,18437200,False
VALE,2023-02-24,16.440000534057617,16.5,16.229999542236328,16.329999923706055,12.143668174743652,15877700,False
VALE,2023-02-27,16.139999389648438,16.389999389648438,16.110000610351562,16.299999237060547,12.121360778808594,12543100,False
VALE,2023-02-28,16.299999237060547,16.530000686645508,16.149999618530273,16.34000015258789,12.151104927062988,20128100,False
VALE,2023-03-01,16.899999618530273,17.489999771118164,16.860000610351562,17.31999969482422,12.879874229431152,33752200,False
VALE,2023-03-02,17.15999984741211,17.219999313354492,16.8700008392334,17.100000381469727,12.71627426147461,28703400,False
VALE,2023-03-03,17.190000534057617,17.25,17.059999465942383,17.110000610351562,12.723710060119629,40047400,False
VALE,2023-03-06,16.729999542236328,16.780000686645508,16.549999237060547,16.690000534057617,12.411380767822266,46661500,False
VALE,2023-03-07,16.700000762939453,16.84000015258789,16.270000457763672,16.31999969482422,12.13623332977295,31286600,False
VALE,2023-03-08,16.6200008392334,16.90999984741211,16.59000015258789,16.719999313354492,12.43368911743164,12981900,False
VALE,2023-03-09,16.719999313354492,16.84000015258789,16.43000030517578,16.469999313354492,12.247776985168457,16344500,False
VALE,2023-03-10,16.389999389648438,16.639999389648438,16.110000610351562,16.200000762939453,12.046995162963867,18617300,False
VALE,2023-03-13,16.020000457763672,16.399999618530273,15.9399995803833,16.06999969482422,11.950322151184082,27469300,False
VALE,2023-03-14,15.869999885559082,16.049999237060547,15.779999732971191,15.9399995803833,12.120649337768555,23262300,False
VALE,2023-03-15,15.539999961853027,15.59000015258789,15.029999732971191,15.420000076293945,11.72524642944336,33044100,False
VALE,2023-03-16,15.319999694824219,15.619999885559082,15.220000267028809,15.59000015258789,11.854514122009277,24065500,False
VALE,2023-03-17,15.8100004196167,15.850000381469727,15.640000343322754,15.789999961853027,12.006591796875,33414600,False
VALE,2023-03-20,15.770000457763672,16.030000686645508,15.699999809265137,15.859999656677246,12.059818267822266,19930100,False
VALE,2023-03-21,15.850000381469727,15.869999885559082,15.529999732971191,15.720000267028809,11.953364372253418,17548500,False
VALE,2023-03-22,15.630000114440918,15.859999656677246,15.510000228881836,15.539999961853027,11.816493034362793,22743600,False
VALE,2023-03-23,15.600000381469727,15.65999984741211,14.859999656677246,14.949999809265137,11.3678617477417,36625500,False
VALE,2023-03-24,14.890000343322754,14.960000038146973,14.739999771118164,14.949999809265137,11.3678617477417,45426100,False
VALE,2023-03-27,15.0600004196167,15.109999656677246,14.869999885559082,14.970000267028809,11.383069038391113,19492700,False
VALE,2023-03-28,15.270000457763672,15.4399995803833,15.229999542236328,15.279999732971191,11.618791580200195,16022900,False
VALE,2023-03-29,15.5,15.699999809265137,15.40999984741211,15.609999656677246,11.869720458984375,19190200,False
VALE,2023-03-30,15.930000305175781,16.010000228881836,15.710000038146973,15.9399995803833,12.120649337768555,15557200,False
VALE,2023-03-31,16.079999923706055,16.15999984741211,15.720000267028809,15.779999732971191,11.998987197875977,24061300,False
VALE,2023-04-03,15.680000305175781,15.800000190734863,15.640000343322754,15.75,11.976176261901855,12833500,False
VALE,2023-04-04,15.640000343322754,15.680000305175781,15.239999771118164,15.25,11.595980644226074,26787600,False
VALE,2023-04-05,15.25,15.289999961853027,15.0,15.180000305175781,11.542752265930176,32733900,False
VALE,2023-04-06,15.140000343322754,15.170000076293945,14.979999542236328,15.100000381469727,11.481921195983887,15408600,False
VALE,2023-04-10,15.239999771118164,15.399999618530273,15.210000038146973,15.369999885559082,11.687227249145508,11192900,False
VALE,2023-04-11,15.989999771118164,16.559999465942383,15.989999771118164,16.420000076293945,12.485638618469238,31304500,False
VALE,2023-04-12,16.600000381469727,16.600000381469727,16.209999084472656,16.239999771118164,12.34876823425293,22059100,False
VALE,2023-04-13,16.229999542236328,16.399999618530273,16.0,16.049999237060547,12.204292297363281,17744300,False
VALE,2023-04-14,15.779999732971191,16.09000015258789,15.75,15.960000038146973,12.135857582092285,21427400,False
VALE,2023-04-17,16.190000534057617,16.239999771118164,15.670000076293945,15.680000305175781,11.922948837280273,28957500,False
VALE,2023-04-18,15.59000015258789,15.84000015258789,15.529999732971191,15.770000457763672,11.99138355255127,17204500,False
VALE,2023-04-19,15.210000038146973,15.210000038146973,14.800000190734863,14.970000267028809,11.383069038391113,39371700,False
VALE,2023-04-20,14.970000267028809,15.079999923706055,14.699999809265137,14.720000267028809,11.192971229553223,41347200,False
VALE,2023-04-21,14.489999771118164,14.5,13.949999809265137,14.270000457763672,10.850796699523926,27422700,False
VALE,2023-04-24,14.220000267028809,14.289999961853027,14.109999656677246,14.140000343322754,10.751944541931152,30417100,False
VALE,2023-04-25,13.899999618530273,13.90999984741211,13.699999809265137,13.760000228881836,10.462994575500488,30400000,False
VALE,2023-04-26,13.949999809265137,14.069999694824219,13.859999656677246,13.890000343322754,10.561846733093262,23793800,False
VALE,2023-04-27,13.819999694824219,14.369999885559082,13.779999732971191,14.329999923706055,10.896417617797852,29285800,False
VALE,2023-04-28,14.260000228881836,14.4399995803833,14.1899995803833,14.40999984741211,10.957249641418457,20752500,False
VALE,2023-05-01,14.369999885559082,14.430000305175781,14.0600004196167,14.199999809265137,10.797567367553711,9671100,False
VALE,2023-05-02,14.170000076293945,14.180000305175781,13.710000038146973,13.770000457763672,10.470599174499512,22693000,False
VALE,2023-05-03,13.829999923706055,13.949999809265137,13.65999984741211,13.789999961853027,10.485806465148926,18395100,False
VALE,2023-05-04,13.699999809265137,13.710000038146973,13.25,13.359999656677246,10.158838272094727,28492800,False
VALE,2023-05-05,13.5600004196167,14.020000457763672,13.5600004196167,13.899999618530273,10.569451332092285,22993100,False
VALE,2023-05-08,14.239999771118164,14.289999961853027,13.899999618530273,13.899999618530273,10.569451332092285,19175600,False
VALE,2023-05-09,13.729999542236328,14.180000305175781,13.699999809265137,14.100000381469727,10.721529006958008,19581700,False
VALE,2023-05-10,14.25,14.260000228881836,13.8100004196167,14.0,10.645488739013672,20195600,False
VALE,2023-05-11,13.539999961853027,13.789999961853027,13.489999771118164,13.710000038146973,10.424976348876953,22353100,False
VALE,2023-05-12,13.6899995803833,13.899999618530273,13.670000076293945,13.779999732971191,10.478202819824219,12430000,False
VALE,2023-05-15,14.039999961853027,14.130000114440918,13.9399995803833,14.079999923706055,10.706320762634277,17708000,False
VALE,2023-05-16,13.979999542236328,14.069999694824219,13.640000343322754,13.6899995803833,10.40976619720459,15386500,False
VALE,2023-05-17,13.9399995803833,14.239999771118164,13.9399995803833,14.15999984741211,10.767152786254883,16908000,False
VALE,2023-05-18,14.020000457763672,14.109999656677246,13.880000114440918,14.09000015258789,10.713924407958984,17361200,False
VALE,2023-05-19,14.0,14.010000228881836,13.8100004196167,13.859999656677246,10.539034843444824,21901900,False
VALE,2023-05-22,13.829999923706055,13.829999923706055,13.670000076293945,13.6899995803833,10.40976619720459,12969000,False
VALE,2023-05-23,13.5,13.510000228881836,13.319999694824219,13.350000381469727,10.15123462677002,16843800,False
VALE,2023-05-24,13.210000038146973,13.229999542236328,13.0600004196167,13.119999885559082,9.97634506225586,18926500,False
VALE,2023-05-25,13.0600004196167,13.09000015258789,12.84000015258789,12.869999885559082,9.786247253417969,19233900,False
VALE,2023-05-26,13.270000457763672,13.380000114440918,13.140000343322754,13.260000228881836,10.08279800415039,19326400,False
VALE,2023-05-30,12.920000076293945,12.920000076293945,12.579999923706055,12.760000228881836,9.702603340148926,30416300,False
VALE,2023-05-31,12.640000343322754,12.770000457763672,12.510000228881836,12.680000305175781,9.641772270202637,45251700,False
VALE,2023-06-01,12.8100004196167,13.109999656677246,12.760000228881836,13.039999961853027,9.915512084960938,52730200,False
VALE,2023-06-02,13.710000038146973,13.770000457763672,13.5600004196167,13.680000305175781,10.402164459228516,29295500,False
VALE,2023-06-05,13.779999732971191,13.8100004196167,13.539999961853027,13.609999656677246,10.348936080932617,18834400,False
VALE,2023-06-06,13.739999771118164,13.920000076293945,13.720000267028809,13.739999771118164,10.447787284851074,23116100,False
VALE,2023-06-07,13.779999732971191,13.949999809265137,13.75,13.9399995803833,10.59986400604248,24257200,False
VALE,2023-06-08,14.039999961853027,14.100000381469727,13.920000076293945,14.09000015258789,10.713924407958984,15324000,False
VALE,2023-06-09,14.149999618530273,14.279999732971191,14.0,14.039999961853027,10.675904273986816,26761600,False
VALE,2023-06-12,13.8100004196167,13.819999694824219,13.619999885559082,13.770000457763672,10.470599174499512,17900600,False
VALE,2023-06-13,14.100000381469727,14.130000114440918,13.899999618530273,13.899999618530273,10.569451332092285,22862700,False
VALE,2023-06-14,14.260000228881836,14.359999656677246,14.069999694824219,14.25,10.835587501525879,29902000,False
VALE,2023-06-15,14.279999732971191,14.489999771118164,14.210000038146973,14.470000267028809,11.002874374389648,19115600,False
VALE,2023-06-16,14.329999923706055,14.550000190734863,14.279999732971191,14.4399995803833,10.980061531066895,20758100,False
VALE,2023-06-20,14.239999771118164,14.239999771118164,14.010000228881836,14.050000190734863,10.68350887298584,24522800,False
VALE,2023-06-21,14.0,14.039999961853027,13.899999618530273,13.979999542236328,10.630281448364258,25521500,False
VALE,2023-06-22,14.069999694824219,14.069999694824219,13.850000381469727,13.90999984741211,10.577054023742676,26128900,False
VALE,2023-06-23,13.699999809265137,13.760000228881836,13.59000015258789,13.699999809265137,10.41737174987793,20916100,False
VALE,2023-06-26,13.6899995803833,13.899999618530273,13.670000076293945,13.789999961853027,10.485806465148926,12696000,False
VALE,2023-06-27,14.0,14.069999694824219,13.84000015258789,13.90999984741211,10.577054023742676,15824300,False
VALE,2023-06-28,13.630000114440918,13.649999618530273,13.319999694824219,13.329999923706055,10.136025428771973,24680500,False
VALE,2023-06-29,13.319999694824219,13.5600004196167,13.3100004196167,13.520000457763672,10.280501365661621,17979100,False
VALE,2023-06-30,13.59000015258789,13.600000381469727,13.390000343322754,13.420000076293945,10.204461097717285,17534400,False
VALE,2023-07-03,13.670000076293945,13.869999885559082,13.649999618530273,13.760000228881836,10.462994575500488,13970200,False
VALE,2023-07-05,13.5,13.520000457763672,13.34000015258789,13.390000343322754,10.18165111541748,27230000,False
VALE,2023-07-06,13.289999961853027,13.430000305175781,13.09000015258789,13.170000076293945,10.014364242553711,23387800,False
VALE,2023-07-07,13.199999809265137,13.489999771118164,13.180000305175781,13.399999618530273,10.189253807067871,24673300,False
VALE,2023-07-10,13.210000038146973,13.369999885559082,13.1899995803833,13.210000038146973,10.044778823852539,16898100,False
VALE,2023-07-11,13.25,13.779999732971191,13.25,13.720000267028809,10.432579040527344,38742900,False
VALE,2023-07-12,14.050000190734863,14.100000381469727,13.920000076293945,13.930000305175781,10.592262268066406,17232800,False
VALE,2023-07-13,14.149999618530273,14.359999656677246,14.119999885559082,14.34000015258789,10.904023170471191,22772300,False
VALE,2023-07-14,14.350000381469727,14.40999984741211,14.199999809265137,14.289999961853027,10.866003036499023,17442400,False
VALE,2023-07-17,14.039999961853027,14.130000114440918,13.829999923706055,14.069999694824219,10.698716163635254,15263500,False
VALE,2023-07-18,14.020000457763672,14.1899995803833,13.949999809265137,14.029999732971191,10.66830062866211,9006100,False
VALE,2023-07-19,14.0,14.130000114440918,13.9399995803833,14.050000190734863,10.68350887298584,12094700,False
VALE,2023-07-20,14.220000267028809,14.289999961853027,14.039999961853027,14.050000190734863,10.68350887298584,14268900,False
VALE,2023-07-21,14.130000114440918,14.260000228881836,14.050000190734863,14.1899995803833,10.789963722229004,12214800,False
VALE,2023-07-24,14.220000267028809,14.829999923706055,14.210000038146973,14.710000038146973,11.185368537902832,20954300,False
VALE,2023-07-25,15.199999809265137,15.3100004196167,15.09000015258789,15.170000076293945,11.535147666931152,38292200,False
VALE,2023-07-26,15.039999961853027,15.260000228881836,14.920000076293945,15.100000381469727,11.481921195983887,20944300,False
VALE,2023-07-27,14.9399995803833,15.0,14.770000457763672,14.789999961853027,11.246198654174805,25218400,False
VALE,2023-07-28,14.520000457763672,14.619999885559082,14.239999771118164,14.239999771118164,10.827981948852539,31629500,False
VALE,2023-07-31,14.390000343322754,14.65999984741211,14.380000114440918,14.630000114440918,11.124537467956543,22070000,False
VALE,2023-08-01,14.319999694824219,14.380000114440918,14.140000343322754,14.149999618530273,10.759547233581543,19540000,False
VALE,2023-08-02,14.039999961853027,14.0600004196167,13.869999885559082,13.899999618530273,10.569451332092285,19278000,False
VALE,2023-08-03,13.729999542236328,13.890000343322754,13.619999885559082,13.800000190734863,10.49341106414795,26292100,False
VALE,2023-08-04,13.90999984741211,14.069999694824219,13.8100004196167,13.829999923706055,10.516223907470703,25710600,False
VALE,2023-08-07,13.729999542236328,13.899999618530273,13.600000381469727,13.869999885559082,10.546637535095215,14910100,False
VALE,2023-08-08,13.5,13.899999618530273,13.420000076293945,13.75,10.455391883850098,27126500,False
VALE,2023-08-09,13.789999961853027,13.850000381469727,13.569999694824219,13.600000381469727,10.341331481933594,15380500,False
VALE,2023-08-10,13.720000267028809,13.789999961853027,13.489999771118164,13.5,10.265294075012207,15100700,False
VALE,2023-08-11,13.460000038146973,13.510000228881836,13.289999961853027,13.319999694824219,10.128421783447266,29019800,False
VALE,2023-08-14,12.649999618530273,12.649999618530273,12.449999809265137,12.470000267028809,9.780194282531738,26182600,False
VALE,2023-08-15,12.369999885559082,12.390000343322754,12.239999771118164,12.270000457763672,9.623335838317871,24388500,False
VALE,2023-08-16,12.239999771118164,12.430000305175781,12.220000267028809,12.279999732971191,9.63117790222168,19020000,False
VALE,2023-08-17,12.550000190734863,12.609999656677246,12.350000381469727,12.390000343322754,9.717451095581055,28711100,False
VALE,2023-08-18,12.34000015258789,12.430000305175781,12.260000228881836,12.3100004196167,9.654706954956055,22482900,False
VALE,2023-08-21,12.260000228881836,12.380000114440918,12.220000267028809,12.300000190734863,9.646864891052246,17279100,False
VALE,2023-08-22,12.579999923706055,12.720000267028809,12.5,12.6899995803833,9.952739715576172,19366100,False
VALE,2023-08-23,12.8100004196167,13.050000190734863,12.789999961853027,12.970000267028809,10.172344207763672,17646900,False
VALE,2023-08-24,12.710000038146973,12.829999923706055,12.630000114440918,12.729999542236328,9.984112739562988,13100900,False
VALE,2023-08-25,12.770000457763672,12.829999923706055,12.649999618530273,12.739999771118164,9.991954803466797,13184800,False
VALE,2023-08-28,12.8100004196167,12.949999809265137,12.760000228881836,12.920000076293945,10.133129119873047,9681400,False
VALE,2023-08-29,12.989999771118164,13.380000114440918,12.930000305175781,13.329999923706055,10.454689979553223,21719400,False
VALE,2023-08-30,13.430000305175781,13.460000038146973,13.25,13.329999923706055,10.454689979553223,10979000,False
VALE,2023-08-31,13.359999656677246,13.420000076293945,13.149999618530273,13.170000076293945,10.329203605651855,15771800,False
VALE,2023-09-01,13.729999542236328,14.0,13.65999984741211,13.989999771118164,10.97232723236084,34557700,False
VALE,2023-09-05,13.920000076293945,13.979999542236328,13.819999694824219,13.880000114440918,10.886054992675781,13210500,False
VALE,2023-09-06,13.84000015258789,14.029999732971191,13.600000381469727,13.619999885559082,10.682137489318848,15946700,False
VALE,2023-09-07,13.420000076293945,13.489999771118164,13.140000343322754,13.180000305175781,10.337047576904297,13502700,False
VALE,2023-09-08,13.3100004196167,13.369999885559082,13.260000228881836,13.3100004196167,10.439004898071289,12086400,False
VALE,2023-09-11,13.739999771118164,13.819999694824219,13.670000076293945,13.6899995803833,10.73703670501709,18737400,False
VALE,2023-09-12,13.649999618530273,13.779999732971191,13.59000015258789,13.600000381469727,10.666450500488281,10806500,False
VALE,2023-09-13,13.640000343322754,13.779999732971191,13.630000114440918,13.699999809265137,10.744880676269531,13481200,False
VALE,2023-09-14,14.15999984741211,14.479999542236328,14.140000343322754,14.399999618530273,11.293888092041016,31659200,False
VALE,2023-09-15,14.59000015258789,14.59000015258789,14.270000457763672,14.319999694824219,11.231144905090332,18507900,False
VALE,2023-09-18,14.369999885559082,14.399999618530273,14.109999656677246,14.109999656677246,11.06644344329834,31129700,False
VALE,2023-09-19,14.1899995803833,14.239999771118164,13.989999771118164,14.119999885559082,11.074285507202148,67304800,False
VALE,2023-09-20,14.220000267028809,14.350000381469727,14.180000305175781,14.199999809265137,11.137029647827148,16016700,False
VALE,2023-09-21,13.789999961853027,13.859999656677246,13.630000114440918,13.649999618530273,10.705665588378906,20546100,False
VALE,2023-09-22,13.880000114440918,13.989999771118164,13.739999771118164,13.75,10.784096717834473,16404900,False
VALE,2023-09-25,13.460000038146973,13.489999771118164,13.210000038146973,13.399999618530273,10.509591102600098,34577200,False
VALE,2023-09-26,13.220000267028809,13.329999923706055,13.079999923706055,13.100000381469727,10.274303436279297,15038200,False
VALE,2023-09-27,13.170000076293945,13.199999809265137,12.880000114440918,12.989999771118164,10.188028335571289,24758600,False
VALE,2023-09-28,13.0600004196167,13.279999732971191,13.010000228881836,13.229999542236328,10.376260757446289,26473800,False
VALE,2023-09-29,13.430000305175781,13.510000228881836,13.329999923706055,13.399999618530273,10.509591102600098,13516100,False
VALE,2023-10-02,13.329999923706055,13.359999656677246,13.109999656677246,13.220000267028809,10.368417739868164,13755300,False
VALE,2023-10-03,13.029999732971191,13.180000305175781,12.84000015258789,12.880000114440918,10.10175609588623,15291000,False
VALE,2023-10-04,12.859999656677246,12.949999809265137,12.699999809265137,12.760000228881836,10.007640838623047,14998600,False
VALE,2023-10-05,12.720000267028809,12.890000343322754,12.670000076293945,12.779999732971191,10.023327827453613,15367200,False
VALE,2023-10-06,12.710000038146973,13.069999694824219,12.6899995803833,12.979999542236328,10.18018627166748,19676200,False
VALE,2023-10-09,12.789999961853027,12.90999984741211,12.649999618530273,12.859999656677246,10.08607006072998,13502900,False
VALE,2023-10-10,13.130000114440918,13.239999771118164,13.09000015258789,13.199999809265137,10.352731704711914,13860100,False
VALE,2023-10-11,13.270000457763672,13.390000343322754,13.180000305175781,13.369999885559082,10.486063003540039,15536000,False
VALE,2023-10-12,13.399999618530273,13.4399995803833,13.010000228881836,13.100000381469727,10.274303436279297,17744400,False
VALE,2023-10-13,13.199999809265137,13.329999923706055,13.039999961853027,13.09000015258789,10.266459465026855,14987200,False
VALE,2023-10-16,13.289999961853027,13.399999618530273,13.229999542236328,13.350000381469727,10.470376968383789,12852800,False
VALE,2023-10-17,13.149999618530273,13.539999961853027,13.140000343322754,13.460000038146973,10.55665111541748,19042200,False
VALE,2023-10-18,13.270000457763672,13.279999732971191,12.890000343322754,12.899999618530273,10.11744213104248,26635600,False
VALE,2023-10-19,12.859999656677246,12.949999809265137,12.739999771118164,12.760000228881836,10.007640838623047,27015700,False
VALE,2023-10-20,12.420000076293945,12.510000228881836,12.279999732971191,12.40999984741211,9.733137130737305,37491000,False
VALE,2023-10-23,12.390000343322754,12.5600004196167,12.319999694824219,12.4399995803833,9.75666618347168,20211600,False
VALE,2023-10-24,12.680000305175781,12.84000015258789,12.65999984741211,12.84000015258789,10.07038402557373,20913400,False
VALE,2023-10-25,12.949999809265137,13.0,12.710000038146973,12.720000267028809,9.976268768310547,20991200,False
VALE,2023-10-26,12.760000228881836,13.079999923706055,12.729999542236328,13.029999732971191,10.219402313232422,34973400,False
VALE,2023-10-27,13.199999809265137,13.6899995803833,13.1899995803833,13.489999771118164,10.580178260803223,51344400,False
VALE,2023-10-30,13.789999961853027,13.829999923706055,13.5,13.520000457763672,10.603707313537598,27782400,False
VALE,2023-10-31,13.430000305175781,13.75,13.399999618530273,13.710000038146973,10.752724647521973,16264100,False
VALE,2023-11-01,13.880000114440918,14.239999771118164,13.880000114440918,14.1899995803833,11.129186630249023,36950800,False
VALE,2023-11-02,14.390000343322754,14.579999923706055,14.350000381469727,14.489999771118164,11.364476203918457,19655500,False
VALE,2023-11-03,14.520000457763672,14.6899995803833,14.520000457763672,14.529999732971191,11.395848274230957,18727700,False
VALE,2023-11-06,14.630000114440918,14.6899995803833,14.5600004196167,14.609999656677246,11.458592414855957,20102900,False
VALE,2023-11-07,14.59000015258789,14.59000015258789,14.270000457763672,14.3100004196167,11.223302841186523,28179700,False
VALE,2023-11-08,14.40999984741211,14.479999542236328,14.210000038146973,14.239999771118164,11.168400764465332,20333100,False
VALE,2023-11-09,14.399999618530273,14.520000457763672,14.210000038146973,14.25,11.176244735717773,16796500,False
VALE,2023-11-10,14.460000038146973,14.609999656677246,14.359999656677246,14.59000015258789,11.442907333374023,18838400,False
VALE,2023-11-13,14.539999961853027,14.5600004196167,14.430000305175781,14.470000267028809,11.348791122436523,12429700,False
VALE,2023-11-14,15.0,15.25,14.970000267028809,15.15999984741211,11.889955520629883,25826500,False
VALE,2023-11-15,15.239999771118164,15.25,15.020000457763672,15.069999694824219,11.819369316101074,15926500,False
VALE,2023-11-16,15.100000381469727,15.25,15.020000457763672,15.199999809265137,11.921327590942383,22664600,False
VALE,2023-11-17,15.149999618530273,15.270000457763672,15.100000381469727,15.140000343322754,11.874269485473633,18139300,False
VALE,2023-11-20,15.510000228881836,15.760000228881836,15.5,15.649999618530273,12.274260520935059,34517300,False
VALE,2023-11-21,15.869999885559082,16.020000457763672,15.75,15.869999885559082,12.446806907653809,28567000,False
VALE,2023-11-22,15.5,15.529999732971191,15.100000381469727,15.210000038146973,12.292445182800293,45919300,False
VALE,2023-11-24,15.109999656677246,15.170000076293945,15.020000457763672,15.0600004196167,12.17121696472168,12785200,False
VALE,2023-11-27,15.069999694824219,15.079999923706055,14.819999694824219,14.890000343322754,12.03382682800293,22369100,False
VALE,2023-11-28,14.8100004196167,15.109999656677246,14.789999961853027,15.09000015258789,12.195463180541992,15452500,False
VALE,2023-11-29,14.960000038146973,15.020000457763672,14.859999656677246,14.9399995803833,12.074234962463379,13487500,False
VALE,2023-11-30,14.989999771118164,15.039999961853027,14.899999618530273,15.0,12.122726440429688,14308500,False
VALE,2023-12-01,15.119999885559082,15.470000267028809,15.079999923706055,15.369999885559082,12.421754837036133,26439400,False
VALE,2023-12-04,15.109999656677246,15.119999885559082,14.729999542236328,14.800000190734863,11.961090087890625,28980000,False
VALE,2023-12-05,14.720000267028809,14.789999961853027,14.59000015258789,14.720000267028809,11.896435737609863,17148400,False
VALE,2023-12-06,14.979999542236328,14.989999771118164,14.680000305175781,14.6899995803833,11.87218952178955,14782000,False
VALE,2023-12-07,14.850000381469727,14.859999656677246,14.739999771118164,14.829999923706055,11.985336303710938,16373200,False
VALE,2023-12-08,14.680000305175781,14.869999885559082,14.670000076293945,14.680000305175781,11.864108085632324,16258300,False
VALE,2023-12-11,14.600000381469727,14.829999923706055,14.510000228881836,14.779999732971191,11.944926261901855,16242700,False
VALE,2023-12-12,14.800000190734863,14.819999694824219,14.600000381469727,14.649999618530273,11.839862823486328,13796000,False
VALE,2023-12-13,14.65999984741211,14.890000343322754,14.510000228881836,14.84000015258789,11.993417739868164,24976500,False
VALE,2023-12-14,14.979999542236328,15.15999984741211,14.960000038146973,14.970000267028809,12.098481178283691,25031500,False
VALE,2023-12-15,14.989999771118164,15.010000228881836,14.90999984741211,14.960000038146973,12.090399742126465,17744900,False
VALE,2023-12-18,15.039999961853027,15.229999542236328,15.029999732971191,15.199999809265137,12.28436279296875,20641000,False
VALE,2023-12-19,15.359999656677246,15.4399995803833,15.329999923706055,15.359999656677246,12.41367244720459,21981000,False
VALE,2023-12-20,15.399999618530273,15.430000305175781,15.170000076293945,15.180000305175781,12.268199920654297,18300900,False
VALE,2023-12-21,15.640000343322754,15.84000015258789,15.630000114440918,15.770000457763672,12.745026588439941,17253800,False
VALE,2023-12-22,15.920000076293945,15.920000076293945,15.6899995803833,15.739999771118164,12.720782279968262,15426600,False
VALE,2023-12-26,15.970000267028809,16.049999237060547,15.920000076293945,15.930000305175781,12.874335289001465,13122500,False
VALE,2023-12-27,15.960000038146973,16.079999923706055,15.9399995803833,16.010000228881836,12.938990592956543,12392100,False
VALE,2023-12-28,15.9399995803833,16.020000457763672,15.890000343322754,15.890000343322754,12.842009544372559,9426600,False
VALE,2023-12-29,15.8100004196167,15.869999885559082,15.680000305175781,15.859999656677246,12.81776237487793,9239400,False
VALE,2024-01-02,15.880000114440918,15.989999771118164,15.579999923706055,15.710000038146973,12.69653606414795,15975000,False
VALE,2024-01-03,15.4399995803833,15.65999984741211,15.420000076293945,15.619999885559082,12.623800277709961,15678800,False
VALE,2024-01-04,15.4399995803833,15.520000457763672,15.350000381469727,15.430000305175781,12.470244407653809,17245100,False
VALE,2024-01-05,15.260000228881836,15.399999618530273,15.199999809265137,15.300000190734863,12.365181922912598,14500000,False
VALE,2024-01-08,15.119999885559082,15.300000190734863,15.050000190734863,15.270000457763672,12.340936660766602,13374700,False
VALE,2024-01-09,15.029999732971191,15.069999694824219,14.899999618530273,14.930000305175781,12.066154479980469,13918600,False
VALE,2024-01-10,14.760000228881836,14.800000190734863,14.6899995803833,14.770000457763672,11.936844825744629,16025000,False
VALE,2024-01-11,14.890000343322754,14.930000305175781,14.729999542236328,14.880000114440918,12.025745391845703,20917800,False
VALE,2024-01-12,14.949999809265137,15.020000457763672,14.729999542236328,14.770000457763672,11.936844825744629,15322900,False
VALE,2024-01-16,14.5,14.539999961853027,14.25,14.3100004196167,11.565081596374512,27908400,False
VALE,2024-01-17,14.109999656677246,14.180000305175781,13.989999771118164,14.0600004196167,11.363036155700684,28028800,False
VALE,2024-01-18,14.119999885559082,14.140000343322754,14.010000228881836,14.039999961853027,11.346871376037598,26767400,False
VALE,2024-01-19,13.930000305175781,13.970000267028809,13.789999961853027,13.800000190734863,11.152908325195312,43416200,False
VALE,2024-01-22,13.550000190734863,13.739999771118164,13.529999732971191,13.619999885559082,11.00743579864502,30192900,False
VALE,2024-01-23,13.920000076293945,14.0600004196167,13.859999656677246,14.029999732971191,11.338790893554688,35572600,False
VALE,2024-01-24,14.399999618530273,14.470000267028809,14.149999618530273,14.170000076293945,11.451936721801758,30016800,False
VALE,2024-01-25,14.180000305175781,14.270000457763672,13.680000305175781,13.850000381469727,11.193319320678711,46467900,False
VALE,2024-01-26,13.9399995803833,14.210000038146973,13.920000076293945,14.170000076293945,11.451936721801758,22598700,False
VALE,2024-01-29,13.970000267028809,14.0,13.829999923706055,13.989999771118164,11.306463241577148,15742100,False
VALE,2024-01-30,13.84000015258789,13.960000038146973,13.630000114440918,13.890000343322754,11.225645065307617,24436400,False
VALE,2024-01-31,13.789999961853027,13.890000343322754,13.670000076293945,13.6899995803833,11.064007759094238,23886100,False
VALE,2024-02-01,13.640000343322754,13.800000190734863,13.609999656677246,13.720000267028809,11.08825397491455,15902100,False
VALE,2024-02-02,13.479999542236328,13.5,13.270000457763672,13.289999961853027,10.74073600769043,25214600,False
VALE,2024-02-05,13.199999809265137,13.199999809265137,13.029999732971191,13.140000343322754,10.61950969696045,27078900,False
VALE,2024-02-06,13.350000381469727,13.470000267028809,13.329999923706055,13.40999984741211,10.83771800994873,23668400,False
VALE,2024-02-07,13.430000305175781,13.510000228881836,13.390000343322754,13.489999771118164,10.902372360229492,18090300,False
VALE,2024-02-08,13.4399995803833,13.4399995803833,13.220000267028809,13.270000457763672,10.724573135375977,30311000,False
VALE,2024-02-09,13.260000228881836,13.329999923706055,13.149999618530273,13.260000228881836,10.716489791870117,17703500,False
VALE,2024-02-12,13.289999961853027,13.569999694824219,13.229999542236328,13.430000305175781,10.8538818359375,15738500,False
VALE,2024-02-13,13.3100004196167,13.350000381469727,13.0600004196167,13.15999984741211,10.635671615600586,16482200,False
VALE,2024-02-14,13.270000457763672,13.4399995803833,13.170000076293945,13.25,10.70840835571289,20104500,False
VALE,2024-02-15,13.170000076293945,13.239999771118164,13.140000343322754,13.229999542236328,10.692244529724121,18601300,False
VALE,2024-02-16,13.369999885559082,13.770000457763672,13.359999656677246,13.630000114440918,11.015519142150879,34102600,False
VALE,2024-02-20,13.4399995803833,13.4399995803833,13.199999809265137,13.369999885559082,10.805390357971191,39600300,False
VALE,2024-02-21,13.40999984741211,13.520000457763672,13.380000114440918,13.430000305175781,10.8538818359375,18404400,False
VALE,2024-02-22,13.579999923706055,13.619999885559082,13.479999542236328,13.510000228881836,10.918537139892578,33413100,False
VALE,2024-02-23,13.75,13.760000228881836,13.449999809265137,13.470000267028809,10.886208534240723,27600500,False
VALE,2024-02-26,13.260000228881836,13.270000457763672,13.09000015258789,13.170000076293945,10.643754959106445,27558200,False
VALE,2024-02-27,13.449999809265137,13.680000305175781,13.420000076293945,13.619999885559082,11.00743579864502,25506300,False
VALE,2024-02-28,13.489999771118164,13.489999771118164,13.34000015258789,13.369999885559082,10.805390357971191,21413600,False
VALE,2024-02-29,13.449999809265137,13.529999732971191,13.390000343322754,13.40999984741211,10.83771800994873,19589700,False
VALE,2024-03-01,13.40999984741211,13.529999732971191,13.34000015258789,13.489999771118164,10.902372360229492,18882100,False
VALE,2024-03-04,13.479999542236328,13.520000457763672,13.399999618530273,13.4399995803833,10.86196231842041,14809900,False
VALE,2024-03-05,13.329999923706055,13.390000343322754,13.199999809265137,13.229999542236328,10.692244529724121,28324100,False
VALE,2024-03-06,13.4399995803833,13.5600004196167,13.4399995803833,13.470000267028809,10.886208534240723,20858000,False
VALE,2024-03-07,13.649999618530273,13.680000305175781,13.460000038146973,13.489999771118164,10.902372360229492,22602100,False
VALE,2024-03-08,13.380000114440918,13.399999618530273,13.180000305175781,13.1899995803833,10.659918785095215,38459600,False
VALE,2024-03-11,12.84000015258789,12.9399995803833,12.789999961853027,12.829999923706055,10.368972778320312,48299300,False
VALE,2024-03-12,12.460000038146973,12.520000457763672,12.180000305175781,12.210000038146973,10.304830551147461,57921400,False
VALE,2024-03-13,12.140000343322754,12.34000015258789,12.079999923706055,12.279999732971191,10.363907814025879,57827200,False
VALE,2024-03-14,12.239999771118164,12.260000228881836,12.050000190734863,12.109999656677246,10.220434188842773,30414600,False
VALE,2024-03-15,11.970000267028809,12.039999961853027,11.880000114440918,11.960000038146973,10.093838691711426,29480200,False
VALE,2024-03-18,12.140000343322754,12.149999618530273,11.989999771118164,12.119999885559082,10.228873252868652,25547700,False
VALE,2024-03-19,12.289999961853027,12.319999694824219,12.210000038146973,12.210000038146973,10.304830551147461,22059500,False
VALE,2024-03-20,12.199999809265137,12.420000076293945,12.140000343322754,12.380000114440918,10.448305130004883,23566100,False
VALE,2024-03-21,12.510000228881836,12.550000190734863,12.369999885559082,12.380000114440918,10.448305130004883,18904100,False
VALE,2024-03-22,12.289999961853027,12.329999923706055,12.180000305175781,12.180000305175781,10.279512405395508,12989400,False
VALE,2024-03-25,12.239999771118164,12.3100004196167,12.15999984741211,12.15999984741211,10.262632369995117,13617300,False
VALE,2024-03-26,12.109999656677246,12.149999618530273,11.9399995803833,12.020000457763672,10.144477844238281,19303100,False
VALE,2024-03-27,11.970000267028809,12.1899995803833,11.960000038146973,12.170000076293945,10.271071434020996,22717200,False
VALE,2024-03-28,12.0600004196167,12.1899995803833,12.039999961853027,12.1899995803833,10.287951469421387,28231800,False
VALE,2024-04-01,12.239999771118164,12.289999961853027,12.050000190734863,12.109999656677246,10.220434188842773,26536600,False
VALE,2024-04-02,12.210000038146973,12.40999984741211,12.1899995803833,12.270000457763672,10.355469703674316,33293700,False
VALE,2024-04-03,12.109999656677246,12.149999618530273,11.930000305175781,12.079999923706055,10.19511604309082,30003700,False
VALE,2024-04-04,12.119999885559082,12.199999809265137,11.899999618530273,11.920000076293945,10.060080528259277,41717900,False
VALE,2024-04-05,11.949999809265137,11.949999809265137,11.729999542236328,11.800000190734863,9.958805084228516,23086500,False
VALE,2024-04-08,12.069999694824219,12.5600004196167,12.0600004196167,12.5,10.549580574035645,60994600,False
VALE,2024-04-09,12.600000381469727,12.670000076293945,12.380000114440918,12.5,10.549580574035645,33561400,False
VALE,2024-04-10,12.220000267028809,12.350000381469727,12.079999923706055,12.149999618530273,10.254192352294922,28889900,False
VALE,2024-04-11,12.15999984741211,12.229999542236328,12.0600004196167,12.170000076293945,10.271071434020996,25353500,False
VALE,2024-04-12,12.25,12.369999885559082,11.960000038146973,12.020000457763672,10.144477844238281,31175600,False
VALE,2024-04-15,12.029999732971191,12.140000343322754,11.949999809265137,12.0,10.12759780883789,32461300,False
VALE,2024-04-16,11.6899995803833,11.739999771118164,11.520000457763672,11.670000076293945,9.849088668823242,41041100,False
VALE,2024-04-17,12.0600004196167,12.140000343322754,11.8100004196167,11.850000381469727,10.00100326538086,34810500,False
VALE,2024-04-18,11.890000343322754,11.970000267028809,11.739999771118164,11.84000015258789,9.992563247680664,25806200,False
VALE,2024-04-19,11.850000381469727,12.229999542236328,11.84000015258789,12.180000305175781,10.279512405395508,34857300,False
VALE,2024-04-22,12.020000457763672,12.279999732971191,11.949999809265137,12.199999809265137,10.29638957977295,31241100,False
VALE,2024-04-23,12.050000190734863,12.289999961853027,11.960000038146973,12.210000038146973,10.304830551147461,31418400,False
VALE,2024-04-24,12.420000076293945,12.460000038146973,12.210000038146973,12.369999885559082,10.439865112304688,36338900,False
VALE,2024-04-25,12.119999885559082,12.130000114440918,11.970000267028809,12.0600004196167,10.17823600769043,32970900,False
VALE,2024-04-26,12.180000305175781,12.350000381469727,12.15999984741211,12.279999732971191,10.363907814025879,21435400,False
VALE,2024-04-29,12.34000015258789,12.510000228881836,12.329999923706055,12.489999771118164,10.54114055633545,20450800,False
VALE,2024-04-30,12.270000457763672,12.289999961853027,12.140000343322754,12.170000076293945,10.271071434020996,28309500,False
VALE,2024-05-01,12.1899995803833,12.380000114440918,12.100000381469727,12.199999809265137,10.29638957977295,14475000,False
VALE,2024-05-02,12.449999809265137,12.5600004196167,12.34000015258789,12.520000457763672,10.566460609436035,27528800,False
VALE,2024-05-03,12.649999618530273,12.670000076293945,12.449999809265137,12.609999656677246,10.642416954040527,23144400,False
VALE,2024-05-06,12.65999984741211,12.729999542236328,12.59000015258789,12.59000015258789,10.625537872314453,17105300,False
VALE,2024-05-07,12.800000190734863,12.880000114440918,12.6899995803833,12.6899995803833,10.70993423461914,24043500,False
VALE,2024-05-08,12.5,12.619999885559082,12.460000038146973,12.550000190734863,10.591778755187988,18126800,False
VALE,2024-05-09,12.399999618530273,12.59000015258789,12.369999885559082,12.579999923706055,10.617097854614258,22627100,False
VALE,2024-05-10,12.630000114440918,12.649999618530273,12.430000305175781,12.4399995803833,10.498943328857422,16457200,False
VALE,2024-05-13,12.59000015258789,12.670000076293945,12.479999542236328,12.569999694824219,10.608658790588379,18536500,False
VALE,2024-05-14,12.5600004196167,12.619999885559082,12.460000038146973,12.5600004196167,10.6002197265625,15583300,False
VALE,2024-05-15,12.510000228881836,12.569999694824219,12.260000228881836,12.5600004196167,10.6002197265625,27650600,False
VALE,2024-05-16,12.680000305175781,12.6899995803833,12.550000190734863,12.65999984741211,10.684615135192871,18661100,False
VALE,2024-05-17,12.739999771118164,13.010000228881836,12.699999809265137,12.989999771118164,10.963125228881836,26194700,False
VALE,2024-05-20,12.899999618530273,13.0600004196167,12.8100004196167,12.920000076293945,10.904047012329102,22794100,False
VALE,2024-05-21,13.050000190734863,13.140000343322754,12.869999885559082,12.880000114440918,10.870287895202637,27331300,False
VALE,2024-05-22,12.8100004196167,12.890000343322754,12.600000381469727,12.649999618530273,10.676176071166992,21328100,False
VALE,2024-05-23,12.680000305175781,12.699999809265137,12.5,12.579999923706055,10.617097854614258,23961600,False
VALE,2024-05-24,12.600000381469727,12.75,12.5600004196167,12.600000381469727,10.633978843688965,13988900,False
VALE,2024-05-28,12.600000381469727,12.619999885559082,12.260000228881836,12.359999656677246,10.431426048278809,25526400,False
VALE,2024-05-29,12.220000267028809,12.260000228881836,12.079999923706055,12.130000114440918,10.237312316894531,18881400,False
VALE,2024-05-30,12.09000015258789,12.210000038146973,11.960000038146973,12.109999656677246,10.220434188842773,28640100,False
VALE,2024-05-31,12.130000114440918,12.149999618530273,11.970000267028809,12.050000190734863,10.169795989990234,32279400,False
VALE,2024-06-03,11.850000381469727,11.90999984741211,11.770000457763672,11.819999694824219,9.97568416595459,29505600,False
VALE,2024-06-04,11.600000381469727,11.600000381469727,11.520000457763672,11.539999961853027,9.739373207092285,25738600,False
VALE,2024-06-05,11.529999732971191,11.550000190734863,11.359999656677246,11.40999984741211,9.629656791687012,29843200,False
VALE,2024-06-06,11.460000038146973,11.670000076293945,11.420000076293945,11.619999885559082,9.806889533996582,28376200,False
VALE,2024-06-07,11.4399995803833,11.539999961853027,11.319999694824219,11.350000381469727,9.579018592834473,28272700,False
VALE,2024-06-10,11.270000457763672,11.449999809265137,11.229999542236328,11.399999618530273,9.621217727661133,20712600,False
VALE,2024-06-11,11.239999771118164,11.399999618530273,11.130000114440918,11.380000114440918,9.604338645935059,38516800,False
VALE,2024-06-12,11.399999618530273,11.430000305175781,11.069999694824219,11.119999885559082,9.384907722473145,31972000,False
VALE,2024-06-13,11.199999809265137,11.359999656677246,11.149999618530273,11.319999694824219,9.553699493408203,23361500,False
VALE,2024-06-14,11.239999771118164,11.319999694824219,11.210000038146973,11.260000228881836,9.503063201904297,16160500,False
VALE,2024-06-17,11.109999656677246,11.170000076293945,11.020000457763672,11.15999984741211,9.418665885925293,22624100,False
VALE,2024-06-18,11.130000114440918,11.279999732971191,11.130000114440918,11.180000305175781,9.435545921325684,18582000,False
VALE,2024-06-20,11.25,11.34000015258789,11.210000038146973,11.289999961853027,9.52838134765625,27685400,False
VALE,2024-06-21,11.229999542236328,11.319999694824219,11.170000076293945,11.25,9.494622230529785,24588900,False
VALE,2024-06-24,11.3100004196167,11.350000381469727,11.239999771118164,11.279999732971191,9.519942283630371,26305500,False
VALE,2024-06-25,11.260000228881836,11.260000228881836,11.069999694824219,11.100000381469727,9.368027687072754,19115100,False
VALE,2024-06-26,11.100000381469727,11.199999809265137,11.039999961853027,11.140000343322754,9.401786804199219,25511600,False
VALE,2024-06-27,11.130000114440918,11.1899995803833,10.989999771118164,11.15999984741211,9.418665885925293,24638000,False
VALE,2024-06-28,11.1899995803833,11.279999732971191,11.109999656677246,11.170000076293945,9.427104949951172,24791900,False
VALE,2024-07-01,11.319999694824219,11.329999923706055,11.1899995803833,11.199999809265137,9.452424049377441,27011800,False
VALE,2024-07-02,11.100000381469727,11.180000305175781,10.989999771118164,11.140000343322754,9.401786804199219,25738000,False
VALE,2024-07-03,11.369999885559082,11.670000076293945,11.359999656677246,11.609999656677246,9.798450469970703,32405900,False
VALE,2024-07-05,11.520000457763672,11.65999984741211,11.449999809265137,11.65999984741211,9.840649604797363,26780500,False
VALE,2024-07-08,11.449999809265137,11.529999732971191,11.4399995803833,11.479999542236328,9.68873405456543,27528000,False
VALE,2024-07-09,11.539999961853027,11.670000076293945,11.5,11.5600004196167,9.756253242492676,38670100,False
VALE,2024-07-10,11.59000015258789,11.600000381469727,11.390000343322754,11.470000267028809,9.680296897888184,21149900,False
VALE,2024-07-11,11.5600004196167,11.59000015258789,11.34000015258789,11.390000343322754,9.612778663635254,26688200,False
VALE,2024-07-12,11.380000114440918,11.59000015258789,11.350000381469727,11.520000457763672,9.722494125366211,21370000,False
VALE,2024-07-15,11.510000228881836,11.600000381469727,11.390000343322754,11.510000228881836,9.714055061340332,17824000,False
VALE,2024-07-16,11.479999542236328,11.489999771118164,11.300000190734863,11.489999771118164,9.697173118591309,25884700,False
VALE,2024-07-17,11.279999732971191,11.350000381469727,11.210000038146973,11.210000038146973,9.460865020751953,35962200,False
VALE,2024-07-18,11.140000343322754,11.15999984741211,10.920000076293945,10.9399995803833,9.232993125915527,32595800,False
VALE,2024-07-19,11.0,11.010000228881836,10.880000114440918,10.930000305175781,9.224553108215332,20922000,False
VALE,2024-07-22,10.979999542236328,10.989999771118164,10.899999618530273,10.920000076293945,9.21611499786377,21826300,False
VALE,2024-07-23,10.789999961853027,10.850000381469727,10.699999809265137,10.770000457763672,9.089518547058105,22896800,False
VALE,2024-07-24,10.699999809265137,10.800000190734863,10.640000343322754,10.670000076293945,9.005123138427734,22536800,False
VALE,2024-07-25,10.699999809265137,10.859999656677246,10.670000076293945,10.699999809265137,9.030441284179688,27696900,False
VALE,2024-07-26,10.880000114440918,10.930000305175781,10.75,10.859999656677246,9.165475845336914,25627100,False
VALE,2024-07-29,10.890000343322754,10.930000305175781,10.8100004196167,10.880000114440918,9.182355880737305,19719000,False
VALE,2024-07-30,10.779999732971191,10.789999961853027,10.640000343322754,10.6899995803833,9.022001266479492,33171500,False
VALE,2024-07-31,10.760000228881836,10.920000076293945,10.720000267028809,10.850000381469727,9.157036781311035,32738200,False
VALE,2024-08-01,10.859999656677246,10.90999984741211,10.460000038146973,10.479999542236328,8.844768524169922,34377700,False
VALE,2024-08-02,10.550000190734863,10.5600004196167,10.350000381469727,10.369999885559082,8.751932144165039,37203500,False
VALE,2024-08-05,9.710000038146973,10.0,9.65999984741211,9.949999809265137,8.709043502807617,36519600,False
VALE,2024-08-06,9.9399995803833,10.170000076293945,9.890000343322754,10.100000381469727,8.84033489227295,40183800,False
VALE,2024-08-07,10.199999809265137,10.369999885559082,10.109999656677246,10.119999885559082,8.857840538024902,29244000,False
VALE,2024-08-08,10.149999618530273,10.229999542236328,10.140000343322754,10.170000076293945,8.901604652404785,23923200,False
VALE,2024-08-09,10.350000381469727,10.350000381469727,10.220000267028809,10.270000457763672,8.989133834838867,33557700,False
VALE,2024-08-12,10.289999961853027,10.34000015258789,10.25,10.279999732971191,8.997886657714844,22723900,False
VALE,2024-08-13,10.279999732971191,10.369999885559082,10.25,10.34000015258789,9.050402641296387,21534700,False
VALE,2024-08-14,10.199999809265137,10.220000267028809,10.09000015258789,10.15999984741211,8.892851829528809,42813800,False
VALE,2024-08-15,10.180000305175781,10.270000457763672,10.15999984741211,10.210000038146973,8.936616897583008,26260400,False
VALE,2024-08-16,10.170000076293945,10.220000267028809,10.119999885559082,10.1899995803833,8.919110298156738,21741400,False
VALE,2024-08-19,10.390000343322754,10.630000114440918,10.369999885559082,10.510000228881836,9.199200630187988,47889500,False
VALE,2024-08-20,10.470000267028809,10.5,10.34000015258789,10.380000114440918,9.085413932800293,20379700,False
VALE,2024-08-21,10.630000114440918,10.710000038146973,10.5600004196167,10.640000343322754,9.31298828125,17569600,False
VALE,2024-08-22,10.4399995803833,10.5,10.34000015258789,10.430000305175781,9.129178047180176,26015700,False
VALE,2024-08-23,10.460000038146973,10.600000381469727,10.390000343322754,10.4399995803833,9.137930870056152,25739800,False
VALE,2024-08-26,10.5600004196167,10.680000305175781,10.550000190734863,10.609999656677246,9.286728858947754,19841800,False
VALE,2024-08-27,10.789999961853027,10.930000305175781,10.729999542236328,10.890000343322754,9.531807899475098,35588100,False
VALE,2024-08-28,10.619999885559082,10.770000457763672,10.579999923706055,10.6899995803833,9.35675048828125,29484400,False
VALE,2024-08-29,10.579999923706055,10.640000343322754,10.470000267028809,10.550000190734863,9.234210968017578,27684400,False
VALE,2024-08-30,10.479999542236328,10.569999694824219,10.4399995803833,10.520000457763672,9.207954406738281,19742700,False
VALE,2024-09-03,10.270000457763672,10.279999732971191,9.970000267028809,10.0,8.7528076171875,40055500,False
VALE,2024-09-04,10.0,10.15999984741211,10.0,10.109999656677246,8.849088668823242,30034300,False
VALE,2024-09-05,10.180000305175781,10.3100004196167,10.170000076293945,10.239999771118164,8.962875366210938,26346500,False
VALE,2024-09-06,10.239999771118164,10.3100004196167,10.069999694824219,10.130000114440918,8.866594314575195,29338200,False
VALE,2024-09-09,10.149999618530273,10.220000267028809,10.140000343322754,10.140000343322754,8.875347137451172,11507800,False
VALE,2024-09-10,10.09000015258789,10.100000381469727,9.850000381469727,9.90999984741211,8.674032211303711,29373800,False
VALE,2024-09-11,10.130000114440918,10.229999542236328,10.039999961853027,10.220000267028809,8.945369720458984,28253000,False
VALE,2024-09-12,10.25,10.399999618530273,10.25,10.369999885559082,9.076662063598633,21332800,False
VALE,2024-09-13,10.430000305175781,10.619999885559082,10.420000076293945,10.510000228881836,9.199200630187988,31773900,False
VALE,2024-09-16,10.579999923706055,10.630000114440918,10.510000228881836,10.59000015258789,9.269222259521484,16114200,False
VALE,2024-09-17,10.619999885559082,10.640000343322754,10.510000228881836,10.579999923706055,9.260470390319824,16863200,False
VALE,2024-09-18,10.520000457763672,10.710000038146973,10.479999542236328,10.529999732971191,9.216706275939941,19583600,False
VALE,2024-09-19,10.800000190734863,10.84000015258789,10.710000038146973,10.760000228881836,9.418021202087402,37319700,False
VALE,2024-09-20,10.619999885559082,10.640000343322754,10.319999694824219,10.399999618530273,9.102919578552246,27970100,False
VALE,2024-09-23,10.229999542236328,10.4399995803833,10.170000076293945,10.399999618530273,9.102919578552246,30930500,False
VALE,2024-09-24,10.979999542236328,11.130000114440918,10.970000267028809,11.069999694824219,9.68935775756836,50871000,False
VALE,2024-09-25,11.119999885559082,11.170000076293945,11.050000190734863,11.15999984741211,9.768133163452148,23486600,False
VALE,2024-09-26,11.550000190734863,11.850000381469727,11.539999961853027,11.800000190734863,10.328313827514648,56946400,False
VALE,2024-09-27,11.880000114440918,11.979999542236328,11.640000343322754,11.789999961853027,10.319560050964355,82285000,False
VALE,2024-09-30,11.890000343322754,11.960000038146973,11.65999984741211,11.680000305175781,10.22327995300293,36868800,False
VALE,2024-10-01,11.720000267028809,11.779999732971191,11.550000190734863,11.720000267028809,10.258291244506836,32292600,False
VALE,2024-10-02,11.920000076293945,12.050000190734863,11.760000228881836,11.779999732971191,10.310806274414062,25284000,False
VALE,2024-10-03,11.489999771118164,11.5600004196167,11.380000114440918,11.479999542236328,10.048222541809082,46405100,False
VALE,2024-10-04,11.460000038146973,11.539999961853027,11.399999618530273,11.449999809265137,10.021965026855469,19891900,False
VALE,2024-10-07,11.449999809265137,11.680000305175781,11.4399995803833,11.520000457763672,10.083234786987305,30935500,False
VALE,2024-10-08,11.0600004196167,11.100000381469727,10.949999809265137,11.050000190734863,9.67185115814209,46551600,False
VALE,2024-10-09,10.859999656677246,10.930000305175781,10.800000190734863,10.90999984741211,9.549312591552734,34581000,False
VALE,2024-10-10,10.970000267028809,11.010000228881836,10.859999656677246,10.989999771118164,9.619335174560547,18776000,False
VALE,2024-10-11,10.890000343322754,11.079999923706055,10.859999656677246,11.079999923706055,9.698110580444336,22288400,False
VALE,2024-10-14,11.010000228881836,11.1899995803833,10.9399995803833,11.100000381469727,9.715617179870605,25062900,False
VALE,2024-10-15,10.829999923706055,10.84000015258789,10.680000305175781,10.789999961853027,9.444278717041016,40558400,False
VALE,2024-10-16,10.869999885559082,11.039999961853027,10.84000015258789,10.979999542236328,9.610581398010254,32382500,False
VALE,2024-10-17,10.789999961853027,10.800000190734863,10.680000305175781,10.739999771118164,9.400514602661133,27350700,False
VALE,2024-10-18,10.850000381469727,10.880000114440918,10.609999656677246,10.630000114440918,9.304234504699707,21768100,False
VALE,2024-10-21,10.649999618530273,10.680000305175781,10.569999694824219,10.569999694824219,9.251717567443848,21239100,False
VALE,2024-10-22,10.569999694824219,10.640000343322754,10.5,10.619999885559082,9.295480728149414,23471300,False
VALE,2024-10-23,10.470000267028809,10.470000267028809,10.380000114440918,10.40999984741211,9.111672401428223,20616200,False
VALE,2024-10-24,10.399999618530273,10.520000457763672,10.369999885559082,10.489999771118164,9.181694984436035,21924600,False
VALE,2024-10-25,10.630000114440918,10.979999542236328,10.619999885559082,10.880000114440918,9.523054122924805,59680200,False
VALE,2024-10-28,10.970000267028809,11.039999961853027,10.9399995803833,11.010000228881836,9.636841773986816,69248500,False
VALE,2024-10-29,11.069999694824219,11.109999656677246,10.880000114440918,10.890000343322754,9.531807899475098,22045400,False
VALE,2024-10-30,10.800000190734863,10.850000381469727,10.739999771118164,10.8100004196167,9.461785316467285,31388800,False
VALE,2024-10-31,10.829999923706055,10.829999923706055,10.680000305175781,10.699999809265137,9.365503311157227,16824900,False
VALE,2024-11-01,10.729999542236328,10.779999732971191,10.550000190734863,10.600000381469727,9.277976989746094,20467700,False
VALE,2024-11-04,10.760000228881836,10.90999984741211,10.739999771118164,10.779999732971191,9.435526847839355,20468800,False
VALE,2024-11-05,10.819999694824219,10.890000343322754,10.710000038146973,10.8100004196167,9.461785316467285,20284400,False
VALE,2024-11-06,10.579999923706055,10.850000381469727,10.5,10.800000190734863,9.453032493591309,32024900,False
VALE,2024-11-07,11.069999694824219,11.319999694824219,11.0600004196167,11.210000038146973,9.811897277832031,51305200,False
VALE,2024-11-08,10.75,10.75,10.300000190734863,10.59000015258789,9.269222259521484,59281500,False
VALE,2024-11-11,10.3100004196167,10.34000015258789,10.1899995803833,10.220000267028809,8.945369720458984,31282000,False
VALE,2024-11-12,10.050000190734863,10.079999923706055,9.90999984741211,9.970000267028809,8.726548194885254,35192300,False
VALE,2024-11-13,9.930000305175781,9.989999771118164,9.829999923706055,9.890000343322754,8.656526565551758,26079100,False
VALE,2024-11-14,9.890000343322754,9.920000076293945,9.8100004196167,9.829999923706055,8.604009628295898,17960000,False
VALE,2024-11-15,9.90999984741211,9.90999984741211,9.779999732971191,9.8100004196167,8.586503982543945,15469500,False
VALE,2024-11-18,9.890000343322754,10.069999694824219,9.890000343322754,10.029999732971191,8.779065132141113,27526800,False
VALE,2024-11-19,10.0,10.0600004196167,9.970000267028809,10.020000457763672,8.77031421661377,17055400,False
VALE,2024-11-20,10.029999732971191,10.140000343322754,9.989999771118164,10.029999732971191,8.779065132141113,22687900,False
VALE,2024-11-21,9.869999885559082,9.970000267028809,9.84000015258789,9.960000038146973,8.717796325683594,28912900,False
VALE,2024-11-22,9.90999984741211,10.039999961853027,9.880000114440918,10.020000457763672,8.77031421661377,19121400,False
VALE,2024-11-25,10.119999885559082,10.149999618530273,10.020000457763672,10.069999694824219,8.814077377319336,17531900,False
VALE,2024-11-26,10.020000457763672,10.020000457763672,9.84000015258789,9.899999618530273,8.665279388427734,23544800,False
VALE,2024-11-27,9.930000305175781,10.020000457763672,9.829999923706055,9.869999885559082,8.639020919799805,28135400,False
VALE,2024-11-29,9.680000305175781,9.880000114440918,9.640000343322754,9.859999656677246,8.630268096923828,30374900,False
VALE,2024-12-02,9.739999771118164,9.8100004196167,9.6899995803833,9.789999961853027,8.568999290466309,31488800,False
VALE,2024-12-03,9.710000038146973,9.779999732971191,9.640000343322754,9.680000305175781,8.47271728515625,27941400,False
VALE,2024-12-04,9.640000343322754,9.649999618530273,9.420000076293945,9.510000228881836,8.323920249938965,45870400,False
VALE,2024-12-05,9.569999694824219,9.649999618530273,9.529999732971191,9.609999656677246,8.411447525024414,24568700,False
VALE,2024-12-06,9.550000190734863,9.579999923706055,9.329999923706055,9.359999656677246,8.192628860473633,27882800,False
VALE,2024-12-09,9.710000038146973,9.949999809265137,9.699999809265137,9.850000381469727,8.621516227722168,49368200,False
VALE,2024-12-10,9.84000015258789,9.930000305175781,9.819999694824219,9.880000114440918,8.647773742675781,24468900,False
VALE,2024-12-11,9.84000015258789,9.970000267028809,9.680000305175781,9.829999923706055,8.604009628295898,35413100,False
VALE,2024-12-12,9.649999618530273,9.65999984741211,9.40999984741211,9.470000267028809,8.366358757019043,31687400,False
VALE,2024-12-13,9.369999885559082,9.380000114440918,9.220000267028809,9.260000228881836,8.180831909179688,27085100,False
VALE,2024-12-16,9.1899995803833,9.34000015258789,9.09000015258789,9.100000381469727,8.039480209350586,35171700,False
VALE,2024-12-17,9.079999923706055,9.279999732971191,9.0,9.1899995803833,8.118989944458008,32039900,False
VALE,2024-12-18,9.050000190734863,9.050000190734863,8.6899995803833,8.739999771118164,7.721433162689209,41087500,False
VALE,2024-12-19,8.819999694824219,8.84000015258789,8.729999542236328,8.779999732971191,7.756772041320801,35452000,False
VALE,2024-12-20,8.779999732971191,8.9399995803833,8.760000228881836,8.899999618530273,7.86278772354126,35596200,False
VALE,2024-12-23,8.899999618530273,8.949999809265137,8.819999694824219,8.9399995803833,7.898125171661377,29069100,False
VALE,2024-12-24,8.960000038146973,8.970000267028809,8.890000343322754,8.9399995803833,7.898125171661377,6879100,False
VALE,2024-12-26,8.84000015258789,9.020000457763672,8.8100004196167,8.960000038146973,7.915794849395752,21706500,False
VALE,2024-12-27,8.819999694824219,8.930000305175781,8.8100004196167,8.920000076293945,7.880456924438477,25181600,False
VALE,2024-12-30,8.90999984741211,8.9399995803833,8.800000190734863,8.859999656677246,7.827448844909668,22315600,False
VALE,2024-12-31,8.859999656677246,8.9399995803833,8.84000015258789,8.869999885559082,7.836283206939697,11853000,False
VALE,2025-01-02,8.800000190734863,8.960000038146973,8.779999732971191,8.880000114440918,7.845118522644043,20711600,False
VALE,2025-01-03,8.789999961853027,8.8100004196167,8.619999885559082,8.630000114440918,7.624253749847412,27781300,False
VALE,2025-01-06,8.699999809265137,8.760000228881836,8.600000381469727,8.619999885559082,7.615419387817383,21631300,False
VALE,2025-01-07,8.65999984741211,8.75,8.520000457763672,8.5600004196167,7.562411785125732,29526200,False
VALE,2025-01-08,8.5,8.510000228881836,8.420000076293945,8.5,7.509403705596924,25887200,False
VALE,2025-01-10,8.470000267028809,8.609999656677246,8.449999809265137,8.5,7.509403705596924,26286700,False
VALE,2025-01-13,8.40999984741211,8.630000114440918,8.380000114440918,8.510000228881836,7.518238544464111,30172800,False
VALE,2025-01-14,8.630000114440918,8.710000038146973,8.579999923706055,8.619999885559082,7.615419387817383,29688900,False
VALE,2025-01-15,8.710000038146973,8.789999961853027,8.600000381469727,8.760000228881836,7.739103317260742,28032100,False
VALE,2025-01-16,8.739999771118164,8.850000381469727,8.649999618530273,8.770000457763672,7.747938632965088,142370500,False
VALE,2025-01-17,8.859999656677246,9.069999694824219,8.859999656677246,8.9399995803833,7.898125171661377,59396200,False
VALE,2025-01-21,8.979999542236328,9.010000228881836,8.84000015258789,8.979999542236328,7.933464050292969,32055600,False
VALE,2025-01-22,9.029999732971191,9.100000381469727,8.850000381469727,8.869999885559082,7.836283206939697,54050100,False
VALE,2025-01-23,8.869999885559082,8.90999984741211,8.779999732971191,8.890000343322754,7.853952407836914,47294300,False
VALE,2025-01-24,9.020000457763672,9.079999923706055,8.970000267028809,8.979999542236328,7.933464050292969,31999000,False
VALE,2025-01-27,8.960000038146973,9.1899995803833,8.930000305175781,9.15999984741211,8.092486381530762,42584600,False
VALE,2025-01-28,9.100000381469727,9.109999656677246,8.989999771118164,9.029999732971191,7.977636814117432,33070800,False
VALE,2025-01-29,9.020000457763672,9.170000076293945,8.989999771118164,9.069999694824219,8.012975692749023,32285400,False
VALE,2025-01-30,9.15999984741211,9.520000457763672,9.149999618530273,9.390000343322754,8.295681953430176,49521100,False
VALE,2025-01-31,9.430000305175781,9.510000228881836,9.289999961853027,9.289999961853027,8.20733642578125,41926200,False
VALE,2025-02-03,9.15999984741211,9.380000114440918,9.109999656677246,9.359999656677246,8.269179344177246,35563700,False
VALE,2025-02-04,9.420000076293945,9.470000267028809,9.359999656677246,9.430000305175781,8.331021308898926,39983400,False
VALE,2025-02-05,9.369999885559082,9.449999809265137,9.34000015258789,9.369999885559082,8.278013229370117,33600100,False
VALE,2025-02-06,9.609999656677246,9.680000305175781,9.5600004196167,9.609999656677246,8.490042686462402,37286000,False
VALE,2025-02-07,9.680000305175781,9.680000305175781,9.430000305175781,9.470000267028809,8.366358757019043,35975100,False
VALE,2025-02-10,9.5,9.600000381469727,9.489999771118164,9.5600004196167,8.445871353149414,22423300,False
VALE,2025-02-11,9.520000457763672,9.600000381469727,9.479999542236328,9.569999694824219,8.454705238342285,20254400,False
VALE,2025-02-12,9.579999923706055,9.630000114440918,9.529999732971191,9.5600004196167,8.445871353149414,25367400,False
VALE,2025-02-13,9.40999984741211,9.579999923706055,9.359999656677246,9.569999694824219,8.454705238342285,26851800,False
VALE,2025-02-14,9.699999809265137,9.819999694824219,9.649999618530273,9.760000228881836,8.622562408447266,31749100,False
VALE,2025-02-18,9.800000190734863,9.880000114440918,9.760000228881836,9.8100004196167,8.666735649108887,26121700,False
VALE,2025-02-19,9.739999771118164,9.779999732971191,9.630000114440918,9.739999771118164,8.60489273071289,31073400,False
VALE,2025-02-20,9.989999771118164,10.279999732971191,9.989999771118164,10.149999618530273,8.967111587524414,61783700,False
VALE,2025-02-21,10.180000305175781,10.229999542236328,10.069999694824219,10.109999656677246,8.93177318572998,42834300,False
VALE,2025-02-24,10.180000305175781,10.229999542236328,9.949999809265137,9.970000267028809,8.808088302612305,34888300,False
VALE,2025-02-25,9.920000076293945,9.960000038146973,9.869999885559082,9.890000343322754,8.737412452697754,29611900,False
VALE,2025-02-26,9.960000038146973,9.970000267028809,9.75,9.760000228881836,8.622562408447266,34061800,False
VALE,2025-02-27,9.779999732971191,9.779999732971191,9.619999885559082,9.630000114440918,8.507713317871094,27660500,False
VALE,2025-02-28,9.5600004196167,9.600000381469727,9.350000381469727,9.430000305175781,8.331021308898926,33537800,False
VALE,2025-03-03,9.600000381469727,9.680000305175781,9.350000381469727,9.390000343322754,8.295681953430176,25193200,False
VALE,2025-03-04,9.34000015258789,9.470000267028809,9.210000038146973,9.359999656677246,8.269179344177246,27472000,False
VALE,2025-03-05,9.470000267028809,9.739999771118164,9.449999809265137,9.699999809265137,8.569555282592773,31026500,False
VALE,2025-03-06,9.760000228881836,9.859999656677246,9.720000267028809,9.779999732971191,8.640231132507324,29942100,False
VALE,2025-03-07,9.6899995803833,9.949999809265137,9.670000076293945,9.899999618530273,8.746246337890625,30056900,False
VALE,2025-03-10,9.399999618530273,9.470000267028809,9.079999923706055,9.239999771118164,8.482766151428223,32666700,False
VALE,2025-03-11,9.289999961853027,9.4399995803833,9.15999984741211,9.399999618530273,8.629653930664062,36471200,False
VALE,2025-03-12,9.239999771118164,9.289999961853027,9.15999984741211,9.270000457763672,8.510309219360352,28406200,False
VALE,2025-03-13,9.279999732971191,9.539999961853027,9.270000457763672,9.420000076293945,8.648015975952148,24075700,False
VALE,2025-03-14,9.649999618530273,9.899999618530273,9.619999885559082,9.8100004196167,9.006054878234863,37639100,False
VALE,2025-03-17,9.880000114440918,10.109999656677246,9.869999885559082,10.079999923706055,9.253927230834961,34569100,False
VALE,2025-03-18,10.09000015258789,10.210000038146973,9.960000038146973,10.180000305175781,9.345731735229492,37160400,False
VALE,2025-03-19,10.130000114440918,10.220000267028809,10.039999961853027,10.1899995803833,9.354911804199219,47709100,False
VALE,2025-03-20,10.109999656677246,10.180000305175781,10.0600004196167,10.140000343322754,9.30901050567627,31148100,False
VALE,2025-03-21,10.0,10.09000015258789,9.979999542236328,10.069999694824219,9.244747161865234,35053400,False
VALE,2025-03-24,10.140000343322754,10.199999809265137,9.90999984741211,9.9399995803833,9.12540054321289,19496600,False
VALE,2025-03-25,10.079999923706055,10.15999984741211,10.050000190734863,10.09000015258789,9.263108253479004,27410600,False
VALE,2025-03-26,10.09000015258789,10.149999618530273,10.0600004196167,10.130000114440918,9.299830436706543,22939800,False
VALE,2025-03-27,10.069999694824219,10.199999809265137,10.0600004196167,10.170000076293945,9.336551666259766,20042800,False
VALE,2025-03-28,10.119999885559082,10.15999984741211,10.010000228881836,10.039999961853027,9.217205047607422,21447100,False
VALE,2025-03-31,9.850000381469727,10.0,9.760000228881836,9.979999542236328,9.162121772766113,28351400,False
VALE,2025-04-01,10.0600004196167,10.220000267028809,10.039999961853027,10.100000381469727,9.27228832244873,20845100,False
VALE,2025-04-02,10.109999656677246,10.109999656677246,9.9399995803833,10.09000015258789,9.263108253479004,24525700,False
VALE,2025-04-03,9.979999542236328,10.119999885559082,9.710000038146973,9.729999542236328,8.932609558105469,52912200,False
VALE,2025-04-04,9.289999961853027,9.300000190734863,8.869999885559082,9.079999923706055,8.3358793258667,73667800,False
VALE,2025-04-07,8.789999961853027,9.199999809265137,8.640000343322754,8.829999923706055,8.106367111206055,76247000,False
VALE,2025-04-08,9.0,9.010000228881836,8.170000076293945,8.260000228881836,7.5830793380737305,68739000,False
VALE,2025-04-09,8.149999618530273,8.920000076293945,8.0600004196167,8.859999656677246,8.13390827178955,87806200,False
VALE,2025-04-10,8.890000343322754,9.039999961853027,8.65999984741211,8.899999618530273,8.17063045501709,70888400,False
VALE,2025-04-11,9.010000228881836,9.279999732971191,8.9399995803833,9.220000267028809,8.46440601348877,38903800,False
VALE,2025-04-14,9.359999656677246,9.4399995803833,9.229999542236328,9.270000457763672,8.510309219360352,36387200,False
VALE,2025-04-15,9.3100004196167,9.34000015258789,9.100000381469727,9.130000114440918,8.381781578063965,23790300,False
VALE,2025-04-16,9.050000190734863,9.079999923706055,8.930000305175781,9.0,8.262434959411621,25841900,False
VALE,2025-04-17,8.989999771118164,9.199999809265137,8.979999542236328,9.109999656677246,8.363419532775879,26700100,False
VALE,2025-04-21,9.130000114440918,9.170000076293945,9.039999961853027,9.119999885559082,8.372601509094238,21868900,False
VALE,2025-04-22,9.1899995803833,9.510000228881836,9.180000305175781,9.4399995803833,8.666376113891602,42473800,False
VALE,2025-04-23,9.65999984741211,9.779999732971191,9.539999961853027,9.550000190734863,8.767361640930176,29221600,False
VALE,2025-04-24,9.710000038146973,9.819999694824219,9.65999984741211,9.75,8.950970649719238,30354500,False
VALE,2025-04-25,9.550000190734863,9.59000015258789,9.4399995803833,9.5,8.72145938873291,33335100,False
VALE,2025-04-28,9.510000228881836,9.619999885559082,9.479999542236328,9.600000381469727,8.813263893127441,22812000,False
VALE,2025-04-29,9.609999656677246,9.630000114440918,9.550000190734863,9.600000381469727,8.813263893127441,24641600,False
VALE,2025-04-30,9.3100004196167,9.430000305175781,9.289999961853027,9.3100004196167,8.547030448913574,30129700,False
VALE,2025-05-01,9.3100004196167,9.390000343322754,9.180000305175781,9.239999771118164,8.482766151428223,18480300,False
VALE,2025-05-02,9.4399995803833,9.520000457763672,9.319999694824219,9.369999885559082,8.602112770080566,21566800,False
VALE,2025-05-05,9.40999984741211,9.430000305175781,9.300000190734863,9.3100004196167,8.547030448913574,16698600,False
VALE,2025-05-06,9.350000381469727,9.399999618530273,9.300000190734863,9.3100004196167,8.547030448913574,17114100,False
VALE,2025-05-07,9.319999694824219,9.34000015258789,9.170000076293945,9.220000267028809,8.46440601348877,20660400,False
VALE,2025-05-08,9.3100004196167,9.430000305175781,9.270000457763672,9.300000190734863,8.537849426269531,28406000,False
VALE,2025-05-09,9.350000381469727,9.390000343322754,9.3100004196167,9.359999656677246,8.59293270111084,19632100,False
VALE,2025-05-12,9.710000038146973,9.770000457763672,9.539999961853027,9.600000381469727,8.813263893127441,25166500,False
VALE,2025-05-13,9.65999984741211,9.920000076293945,9.649999618530273,9.880000114440918,9.070317268371582,30990500,False
VALE,2025-05-14,9.920000076293945,9.930000305175781,9.760000228881836,9.789999961853027,8.987693786621094,25437300,False
VALE,2025-05-15,9.8100004196167,9.890000343322754,9.760000228881836,9.8100004196167,9.006054878234863,26677200,False
VALE,2025-05-16,9.680000305175781,9.850000381469727,9.619999885559082,9.800000190734863,8.99687385559082,21490100,False
VALE,2025-05-19,9.699999809265137,9.859999656677246,9.699999809265137,9.829999923706055,9.024415016174316,23440100,False
VALE,2025-05-20,9.800000190734863,9.819999694824219,9.710000038146973,9.779999732971191,8.97851276397705,17167900,False
VALE,2025-05-21,9.779999732971191,9.779999732971191,9.640000343322754,9.649999618530273,8.859166145324707,22641600,False
VALE,2025-05-22,9.630000114440918,9.75,9.550000190734863,9.579999923706055,8.794902801513672,34489600,False
VALE,2025-05-23,9.430000305175781,9.630000114440918,9.420000076293945,9.600000381469727,8.813263893127441,31060900,False
VALE,2025-05-27,9.539999961853027,9.579999923706055,9.479999542236328,9.539999961853027,8.758180618286133,22266700,False
VALE,2025-05-28,9.460000038146973,9.460000038146973,9.329999923706055,9.369999885559082,8.602112770080566,29963500,False
VALE,2025-05-29,9.479999542236328,9.510000228881836,9.40999984741211,9.4399995803833,8.666376113891602,26528800,False
VALE,2025-05-30,9.369999885559082,9.369999885559082,9.109999656677246,9.130000114440918,8.381781578063965,41904000,False
VALE,2025-06-02,9.239999771118164,9.3100004196167,9.210000038146973,9.270000457763672,8.510309219360352,25068000,False
VALE,2025-06-03,9.1899995803833,9.350000381469727,9.119999885559082,9.3100004196167,8.547030448913574,27835800,False
VALE,2025-06-04,9.390000343322754,9.510000228881836,9.350000381469727,9.350000381469727,8.583752632141113,31302000,False
VALE,2025-06-05,9.539999961853027,9.619999885559082,9.470000267028809,9.5,8.72145938873291,32895800,False
VALE,2025-06-06,9.510000228881836,9.550000190734863,9.40999984741211,9.489999771118164,8.712278366088867,28727700,False
VALE,2025-06-09,9.5,9.579999923706055,9.420000076293945,9.579999923706055,8.794902801513672,33646000,False
VALE,2025-06-10,9.600000381469727,9.739999771118164,9.59000015258789,9.65999984741211,8.86834716796875,30561100,False
VALE,2025-06-11,9.65999984741211,9.699999809265137,9.550000190734863,9.609999656677246,8.822443962097168,28707300,False
VALE,2025-06-12,9.539999961853027,9.600000381469727,9.479999542236328,9.539999961853027,8.758180618286133,23403400,False
VALE,2025-06-13,9.390000343322754,9.479999542236328,9.359999656677246,9.460000038146973,8.684737205505371,26563000,False
VALE,2025-06-16,9.539999961853027,9.859999656677246,9.529999732971191,9.819999694824219,9.015233993530273,46647600,False
VALE,2025-06-17,9.75,9.770000457763672,9.34000015258789,9.350000381469727,8.583752632141113,95010600,False
VALE,2025-06-18,9.399999618530273,9.460000038146973,9.279999732971191,9.300000190734863,8.537849426269531,32767100,False
VALE,2025-06-20,9.279999732971191,9.279999732971191,9.020000457763672,9.0600004196167,8.31751823425293,64685300,False
VALE,2025-06-23,9.050000190734863,9.1899995803833,9.010000228881836,9.180000305175781,8.42768383026123,38963300,False
VALE,2025-06-24,9.180000305175781,9.210000038146973,9.119999885559082,9.210000038146973,8.455224990844727,34861500,False
VALE,2025-06-25,9.050000190734863,9.119999885559082,8.970000267028809,9.0600004196167,8.31751823425293,39327000,False
VALE,2025-06-26,9.279999732971191,9.5,9.270000457763672,9.470000267028809,8.693917274475098,87645600,False
VALE,2025-06-27,9.510000228881836,9.739999771118164,9.479999542236328,9.739999771118164,8.941790580749512,66579000,False
VALE,2025-06-30,9.619999885559082,9.75,9.609999656677246,9.710000038146973,8.914249420166016,45313700,False
VALE,2025-07-01,9.699999809265137,9.869999885559082,9.649999618530273,9.819999694824219,9.015233993530273,49736000,False
VALE,2025-07-02,9.989999771118164,10.3100004196167,9.920000076293945,10.279999732971191,9.43753719329834,109623200,False
VALE,2025-07-03,10.229999542236328,10.369999885559082,10.170000076293945,10.220000267028809,9.382454872131348,23864300,False
VALE,2025-07-07,10.079999923706055,10.140000343322754,9.890000343322754,9.9399995803833,9.12540054321289,35574500,False
VALE,2025-07-08,10.010000228881836,10.210000038146973,9.979999542236328,9.989999771118164,9.171302795410156,49347700,False
VALE,2025-07-09,10.020000457763672,10.020000457763672,9.8100004196167,9.859999656677246,9.051956176757812,35222300,False
VALE,2025-07-10,10.079999923706055,10.319999694824219,9.949999809265137,9.960000038146973,9.14376163482666,84062800,False
VALE,2025-07-11,10.010000228881836,10.15999984741211,9.930000305175781,10.140000343322754,9.30901050567627,47689800,False
VALE,2025-07-14,9.979999542236328,10.010000228881836,9.859999656677246,9.899999618530273,9.088678359985352,28250000,False
VALE,2025-07-15,9.850000381469727,9.869999885559082,9.609999656677246,9.6899995803833,8.89588737487793,45335100,False
VALE,2025-07-16,9.699999809265137,9.84000015258789,9.6899995803833,9.779999732971191,8.97851276397705,46682700,False
VALE,2025-07-17,9.760000228881836,9.869999885559082,9.739999771118164,9.8100004196167,9.006054878234863,53805100,False
VALE,2025-07-18,9.850000381469727,9.899999618530273,9.739999771118164,9.770000457763672,8.969332695007324,35498200,False
VALE,2025-07-21,10.0,10.25,9.970000267028809,10.130000114440918,9.299830436706543,65886700,False
VALE,2025-07-22,10.279999732971191,10.460000038146973,10.239999771118164,10.369999885559082,9.520161628723145,72961900,False
VALE,2025-07-23,10.289999961853027,10.449999809265137,10.289999961853027,10.399999618530273,9.547701835632324,62197000,False
VALE,2025-07-24,10.329999923706055,10.350000381469727,10.180000305175781,10.229999542236328,9.391633987426758,58951400,False
VALE,2025-07-25,10.109999656677246,10.119999885559082,9.930000305175781,10.0,9.1804838180542,50742100,False
VALE,2025-07-28,9.859999656677246,9.899999618530273,9.760000228881836,9.84000015258789,9.03359603881836,44956700,False
VALE,2025-07-29,9.890000343322754,9.970000267028809,9.819999694824219,9.890000343322754,9.079498291015625,44793900,False
VALE,2025-07-30,9.75,9.760000228881836,9.5600004196167,9.630000114440918,8.840806007385254,69250100,False
VALE,2025-07-31,9.430000305175781,9.609999656677246,9.359999656677246,9.529999732971191,8.749000549316406,54555300,False
VALE,2025-08-01,9.890000343322754,9.930000305175781,9.65999984741211,9.710000038146973,8.914249420166016,91152400,False
VALE,2025-08-04,9.829999923706055,9.869999885559082,9.760000228881836,9.850000381469727,9.042777061462402,52292300,False
VALE,2025-08-05,9.890000343322754,10.010000228881836,9.84000015258789,9.869999885559082,9.061137199401855,27403100,False
VALE,2025-08-06,9.970000267028809,9.970000267028809,9.850000381469727,9.850000381469727,9.042777061462402,23122900,False
VALE,2025-08-07,9.960000038146973,10.010000228881836,9.869999885559082,9.989999771118164,9.171302795410156,24773700,False
VALE,2025-08-08,10.050000190734863,10.300000190734863,10.020000457763672,10.220000267028809,9.382454872131348,41941900,False
VALE,2025-08-11,10.25,10.289999961853027,10.149999618530273,10.199999809265137,9.364093780517578,28044300,False
VALE,2025-08-12,10.3100004196167,10.4399995803833,10.3100004196167,10.399999618530273,9.547701835632324,40571900,False
VALE,2025-08-13,10.0600004196167,10.140000343322754,10.029999732971191,10.079999923706055,9.573345184326172,24372200,False
VALE,2025-08-14,9.859999656677246,9.90999984741211,9.8100004196167,9.90999984741211,9.411890029907227,23363600,False
VALE,2025-08-15,9.90999984741211,9.970000267028809,9.84000015258789,9.920000076293945,9.421387672424316,19516800,False
VALE,2025-08-18,9.899999618530273,9.9399995803833,9.779999732971191,9.8100004196167,9.316917419433594,21700100,False
VALE,2025-08-19,9.760000228881836,9.829999923706055,9.670000076293945,9.710000038146973,9.221942901611328,24904400,False
VALE,2025-08-20,9.710000038146973,9.760000228881836,9.680000305175781,9.720000267028809,9.231440544128418,22484800,False
VALE,2025-08-21,9.699999809265137,9.8100004196167,9.680000305175781,9.8100004196167,9.316917419433594,14413900,False
VALE,2025-08-22,9.800000190734863,10.149999618530273,9.800000190734863,10.119999885559082,9.611334800720215,31606900,False
VALE,2025-08-25,10.180000305175781,10.260000228881836,10.140000343322754,10.170000076293945,9.658822059631348,16016600,False
VALE,2025-08-26,10.119999885559082,10.229999542236328,10.119999885559082,10.220000267028809,9.70630931854248,19044100,False
VALE,2025-08-27,10.170000076293945,10.260000228881836,10.130000114440918,10.25,9.734800338745117,14889000,False
VALE,2025-08-28,10.319999694824219,10.420000076293945,10.239999771118164,10.25,9.734800338745117,26193700,False
VALE,2025-08-29,10.25,10.319999694824219,10.25,10.279999732971191,9.76329231262207,15105200,False
VALE,2025-09-02,10.130000114440918,10.180000305175781,10.079999923706055,10.170000076293945,9.658822059631348,19694900,False
VALE,2025-09-03,10.220000267028809,10.25,10.149999618530273,10.210000038146973,9.69681167602539,21207900,False
VALE,2025-09-04,10.289999961853027,10.289999961853027,10.180000305175781,10.260000228881836,9.744297981262207,16803400,False
VALE,2025-09-05,10.4399995803833,10.550000190734863,10.350000381469727,10.399999618530273,9.8772611618042,25996800,False
VALE,2025-09-08,10.4399995803833,10.470000267028809,10.369999885559082,10.449999809265137,9.924747467041016,18200200,False
VALE,2025-09-09,10.550000190734863,10.630000114440918,10.329999923706055,10.350000381469727,9.829774856567383,26517800,False
VALE,2025-09-10,10.489999771118164,10.569999694824219,10.430000305175781,10.5,9.972234725952148,26580100,False
VALE,2025-09-11,10.449999809265137,10.670000076293945,10.449999809265137,10.630000114440918,10.095701217651367,30818300,False
VALE,2025-09-12,10.649999618530273,10.75,10.609999656677246,10.670000076293945,10.133689880371094,25684000,False
VALE,2025-09-15,10.75,10.859999656677246,10.699999809265137,10.829999923706055,10.285648345947266,22165700,False
VALE,2025-09-16,10.899999618530273,10.9399995803833,10.760000228881836,10.90999984741211,10.361626625061035,39632500,False
VALE,2025-09-17,10.869999885559082,11.010000228881836,10.8100004196167,10.880000114440918,10.333134651184082,34852900,False
VALE,2025-09-18,10.960000038146973,10.979999542236328,10.819999694824219,10.84000015258789,10.295145034790039,27690400,False
VALE,2025-09-19,10.859999656677246,10.930000305175781,10.8100004196167,10.859999656677246,10.314139366149902,22484800,False
VALE,2025-09-22,10.920000076293945,10.960000038146973,10.819999694824219,10.859999656677246,10.314139366149902,24583000,False
VALE,2025-09-23,10.90999984741211,11.0600004196167,10.899999618530273,10.949999809265137,10.399616241455078,33201700,False
VALE,2025-09-24,10.90999984741211,10.970000267028809,10.819999694824219,10.829999923706055,10.285648345947266,24335900,False
VALE,2025-09-25,10.930000305175781,10.970000267028809,10.850000381469727,10.890000343322754,10.342632293701172,24906400,False
VALE,2025-09-26,10.800000190734863,10.800000190734863,10.579999923706055,10.699999809265137,10.162181854248047,59854500,False
VALE,2025-09-29,10.819999694824219,10.880000114440918,10.729999542236328,10.75,10.20966911315918,33345800,False
VALE,2025-09-30,10.8100004196167,10.890000343322754,10.720000267028809,10.859999656677246,10.314139366149902,30235900,False
VALE,2025-10-01,10.9399995803833,11.079999923706055,10.899999618530273,10.979999542236328,10.428108215332031,30067300,False
VALE,2025-10-02,11.039999961853027,11.069999694824219,10.859999656677246,11.020000457763672,10.46609878540039,34919900,False
VALE,2025-10-03,10.970000267028809,11.09000015258789,10.970000267028809,11.010000228881836,10.4566011428833,27156600,False
VALE,2025-10-06,11.119999885559082,11.319999694824219,11.100000381469727,11.289999961853027,10.722526550292969,52374100,False
VALE,2025-10-07,11.1899995803833,11.210000038146973,11.020000457763672,11.039999961853027,10.485092163085938,36894700,False
VALE,2025-10-08,11.100000381469727,11.15999984741211,11.0600004196167,11.100000381469727,10.54207706451416,31062700,False
VALE,2025-10-09,11.199999809265137,11.329999923706055,11.020000457763672,11.029999732971191,10.475595474243164,42470000,False
VALE,2025-10-10,11.039999961853027,11.100000381469727,10.710000038146973,10.75,10.20966911315918,46652000,False
VALE,2025-10-13,10.960000038146973,11.0600004196167,10.899999618530273,11.010000228881836,10.4566011428833,30061800,False
VALE,2025-10-14,10.789999961853027,11.020000457763672,10.770000457763672,10.970000267028809,10.418611526489258,33461200,False
VALE,2025-10-15,11.020000457763672,11.199999809265137,11.010000228881836,11.170000076293945,10.608558654785156,38155500,False
VALE,2025-10-16,11.149999618530273,11.1899995803833,11.010000228881836,11.109999656677246,10.551573753356934,30463700,False
VALE,2025-10-17,11.020000457763672,11.140000343322754,11.0,11.100000381469727,10.54207706451416,29373700,False
VALE,2025-10-20,11.25,11.460000038146973,11.220000267028809,11.399999618530273,10.826997756958008,34717000,False
VALE,2025-10-21,11.279999732971191,11.380000114440918,11.229999542236328,11.270000457763672,10.703532218933105,41881300,False
VALE,2025-10-22,11.399999618530273,11.569999694824219,11.380000114440918,11.520000457763672,10.940966606140137,49747300,False
VALE,2025-10-23,11.640000343322754,11.65999984741211,11.449999809265137,11.460000038146973,10.883981704711914,24643000,False
VALE,2025-10-24,11.529999732971191,11.5600004196167,11.399999618530273,11.40999984741211,10.836495399475098,21305200,False
VALE,2025-10-27,11.539999961853027,11.550000190734863,11.430000305175781,11.460000038146973,10.883981704711914,26895400,False
VALE,2025-10-28,11.489999771118164,11.6899995803833,11.479999542236328,11.619999885559082,11.035940170288086,36276300,False
VALE,2025-10-29,11.859999656677246,11.9399995803833,11.75,11.829999923706055,11.235384941101074,48965200,False
VALE,2025-10-30,11.779999732971191,11.930000305175781,11.6899995803833,11.890000343322754,11.29236888885498,38570800,False
VALE,2025-10-31,11.899999618530273,12.220000267028809,11.890000343322754,12.09000015258789,11.482316017150879,45923400,False
VALE,2025-11-03,12.130000114440918,12.239999771118164,12.100000381469727,12.199999809265137,11.586787223815918,37428300,False
VALE,2025-11-04,12.020000457763672,12.069999694824219,11.869999885559082,11.9399995803833,11.339855194091797,51377400,False
VALE,2025-11-05,12.119999885559082,12.390000343322754,12.09000015258789,12.3100004196167,11.691258430480957,43423900,False
VALE,2025-11-06,12.350000381469727,12.399999618530273,12.180000305175781,12.229999542236328,11.615279197692871,33872800,False
VALE,2025-11-07,12.020000457763672,12.15999984741211,11.9399995803833,12.149999618530273,11.539299964904785,31631500,False
VALE,2025-11-10,12.329999923706055,12.34000015258789,12.210000038146973,12.300000190734863,11.681760787963867,19436300,False
VALE,2025-11-11,12.420000076293945,12.479999542236328,12.289999961853027,12.34000015258789,11.71975040435791,22881400,False
VALE,2025-11-12,12.420000076293945,12.489999771118164,12.359999656677246,12.479999542236328,11.852712631225586,22241900,False
VALE,2025-11-13,12.5,12.600000381469727,12.329999923706055,12.380000114440918,11.757740020751953,20435100,False
VALE,2025-11-14,12.260000228881836,12.420000076293945,12.1899995803833,12.300000190734863,11.681760787963867,24747100,False
VALE,2025-11-17,12.3100004196167,12.380000114440918,12.15999984741211,12.170000076293945,11.558295249938965,28106100,False
VALE,2025-11-18,12.140000343322754,12.279999732971191,12.050000190734863,12.170000076293945,11.558295249938965,26444000,False
VALE,2025-11-19,12.149999618530273,12.270000457763672,12.100000381469727,12.119999885559082,11.510807991027832,21571000,False
VALE,2025-11-20,12.220000267028809,12.270000457763672,11.890000343322754,11.920000076293945,11.320860862731934,31217100,False
VALE,2025-11-21,12.010000228881836,12.119999885559082,11.819999694824219,12.09000015258789,11.482316017150879,42962300,False
VALE,2025-11-24,12.079999923706055,12.170000076293945,12.0600004196167,12.09000015258789,11.482316017150879,20333400,False
VALE,2025-11-25,12.180000305175781,12.260000228881836,12.140000343322754,12.1899995803833,11.577289581298828,24892100,False
VALE,2025-11-26,12.279999732971191,12.5600004196167,12.279999732971191,12.510000228881836,11.881205558776855,28521300,False
VALE,2025-11-28,12.649999618530273,12.720000267028809,12.539999961853027,12.609999656677246,11.976179122924805,26854700,False
VALE,2025-12-01,12.65999984741211,12.739999771118164,12.640000343322754,12.6899995803833,12.052157402038574,23346100,False
VALE,2025-12-02,12.789999961853027,12.899999618530273,12.680000305175781,12.890000343322754,12.242105484008789,30154800,False
VALE,2025-12-03,13.0,13.390000343322754,12.960000038146973,13.300000190734863,12.631497383117676,70480300,False
VALE,2025-12-04,13.420000076293945,13.619999885559082,13.300000190734863,13.5600004196167,12.878429412841797,54701700,False
VALE,2025-12-05,13.529999732971191,13.5600004196167,12.800000190734863,12.899999618530273,12.251602172851562,77142900,False
VALE,2025-12-08,13.039999961853027,13.050000190734863,12.75,12.8100004196167,12.16612720489502,34302900,False
VALE,2025-12-09,12.6899995803833,12.920000076293945,12.609999656677246,12.800000190734863,12.15662956237793,21962800,False
VALE,2025-12-10,13.050000190734863,13.0600004196167,12.850000381469727,12.989999771118164,12.337079048156738,24953800,False
VALE,2025-12-11,13.029999732971191,13.399999618530273,13.020000457763672,13.289999961853027,12.621999740600586,40863000,False
VALE,2025-12-12,12.680000305175781,12.829999923706055,12.510000228881836,12.6899995803833,12.6899995803833,41038700,False
VALE,2025-12-15,12.789999961853027,12.819999694824219,12.670000076293945,12.770000457763672,12.770000457763672,22665300,False
VALE,2025-12-16,12.800000190734863,12.869999885559082,12.699999809265137,12.720000267028809,12.720000267028809,25328900,False
VALE,2025-12-17,12.739999771118164,12.869999885559082,12.710000038146973,12.789999961853027,12.789999961853027,24960500,False
VALE,2025-12-18,12.770000457763672,12.90999984741211,12.729999542236328,12.770000457763672,12.770000457763672,27332100,False
VALE,2025-12-19,12.800000190734863,12.869999885559082,12.710000038146973,12.720000267028809,12.720000267028809,31704300,False
VALE,2025-12-22,12.880000114440918,13.199999809265137,12.859999656677246,13.149999618530273,13.149999618530273,35663600,False
VALE,2025-12-23,13.199999809265137,13.239999771118164,13.130000114440918,13.210000038146973,13.210000038146973,21744800,False
VALE,2025-12-24,13.210000038146973,13.220000267028809,13.069999694824219,13.149999618530273,13.149999618530273,5409800,False
VALE,2025-12-26,13.220000267028809,13.279999732971191,13.15999984741211,13.229999542236328,13.229999542236328,14882000,False
VALE,2025-12-29,13.140000343322754,13.15999984741211,12.869999885559082,12.920000076293945,12.920000076293945,24130700,False
VALE,2025-12-30,13.229999542236328,13.239999771118164,13.079999923706055,13.100000381469727,13.100000381469727,17163200,False
VALE,2025-12-31,13.079999923706055,13.09000015258789,13.0,13.029999732971191,13.029999732971191,7913500,False
VALE,2026-01-02,13.25,13.300000190734863,13.180000305175781,13.260000228881836,13.260000228881836,16920500,False
VALE,2026-01-05,13.4399995803833,13.630000114440918,13.369999885559082,13.5600004196167,13.5600004196167,41816300,False
VALE,2026-01-06,13.649999618530273,14.180000305175781,13.649999618530273,14.170000076293945,14.170000076293945,61443200,False
VALE,2026-01-07,14.069999694824219,14.380000114440918,14.020000457763672,14.260000228881836,14.260000228881836,60415000,False
VALE,2026-01-08,13.949999809265137,14.109999656677246,13.760000228881836,14.069999694824219,14.069999694824219,44432400,False
VALE,2026-01-09,13.9399995803833,14.149999618530273,13.890000343322754,13.970000267028809,13.970000267028809,29252900,False
VALE,2026-01-12,14.029999732971191,14.079999923706055,13.859999656677246,13.899999618530273,13.899999618530273,24795300,False
VALE,2026-01-13,14.010000228881836,14.15999984741211,13.890000343322754,14.109999656677246,14.109999656677246,30406100,False
VALE,2026-01-14,14.180000305175781,14.680000305175781,14.170000076293945,14.609999656677246,14.609999656677246,50116000,False
VALE,2026-01-15,14.75,14.829999923706055,14.619999885559082,14.670000076293945,14.670000076293945,44294200,False
VALE,2026-01-16,14.529999732971191,14.630000114440918,14.420000076293945,14.609999656677246,14.609999656677246,30226400,False
VALE,2026-01-20,14.420000076293945,14.949999809265137,14.350000381469727,14.930000305175781,14.930000305175781,36506000,False
VALE,2026-01-21,15.170000076293945,15.609999656677246,15.149999618530273,15.569999694824219,15.569999694824219,57888700,False
VALE,2026-01-22,15.649999618530273,15.970000267028809,15.630000114440918,15.739999771118164,15.739999771118164,52672800,False
VALE,2026-01-23,15.899999618530273,16.219999313354492,15.8100004196167,16.18000030517578,16.18000030517578,31009400,False
VALE,2026-01-26,16.270000457763672,16.350000381469727,15.569999694824219,15.699999809265137,15.699999809265137,43762100,False
VALE,2026-01-27,16.110000610351562,16.540000915527344,16.06999969482422,16.440000534057617,16.440000534057617,40262000,False
VALE,2026-01-28,16.520000457763672,16.8799991607666,16.489999771118164,16.760000228881836,16.760000228881836,43600800,False
VALE,2026-01-29,17.110000610351562,17.34000015258789,16.600000381469727,16.940000534057617,16.940000534057617,86980600,False
VALE,2026-01-30,16.440000534057617,16.850000381469727,15.960000038146973,16.06999969482422,16.06999969482422,67037400,False
VALE,2026-02-02,16.100000381469727,16.229999542236328,15.970000267028809,16.139999389648438,16.139999389648438,29688000,False
VALE,2026-02-03,16.739999771118164,17.020000457763672,16.649999618530273,17.0,17.0,35370400,False
VALE,2026-02-04,17.100000381469727,17.15999984741211,16.649999618530273,17.030000686645508,17.030000686645508,49608000,False
VALE,2026-02-05,16.68000030517578,16.920000076293945,16.280000686645508,16.280000686645508,16.280000686645508,56058100,False
VALE,2026-02-06,16.6299991607666,16.6299991607666,16.290000915527344,16.299999237060547,16.299999237060547,39162300,False
VALE,2026-02-09,16.520000457763672,16.8700008392334,16.34000015258789,16.790000915527344,16.790000915527344,58837000,False
VALE,2026-02-10,16.709999084472656,16.8700008392334,16.59000015258789,16.739999771118164,16.739999771118164,23482300,False
VALE,2026-02-11,17.200000762939453,17.440000534057617,17.059999465942383,17.3799991607666,17.3799991607666,44898000,False
VALE,2026-02-12,17.530000686645508,17.719999313354492,17.0,17.040000915527344,17.040000915527344,74860700,False
VALE,2026-02-13,16.690000534057617,16.780000686645508,16.360000610351562,16.649999618530273,16.649999618530273,48148800,False
VALE,2026-02-17,16.110000610351562,16.190000534057617,15.510000228881836,15.899999618530273,15.899999618530273,58965500,False
VALE,2026-02-18,16.030000686645508,16.360000610351562,15.880000114440918,16.0,16.0,32094200,False
VALE,2026-02-19,15.779999732971191,16.139999389648438,15.729999542236328,16.100000381469727,16.100000381469727,20658000,False
VALE,2026-02-20,16.190000534057617,16.709999084472656,16.15999984741211,16.709999084472656,16.709999084472656,29053500,False
VALE,2026-02-23,16.850000381469727,17.06999969482422,16.770000457763672,16.920000076293945,16.920000076293945,21983800,False
VALE,2026-02-24,16.979999542236328,17.200000762939453,16.8700008392334,17.030000686645508,17.030000686645508,21360100,False
VALE,2026-02-25,17.389999389648438,17.600000381469727,17.139999389648438,17.530000686645508,17.530000686645508,27136200,False
VALE,2026-02-26,17.010000228881836,17.360000610351562,16.84000015258789,17.309999465942383,17.309999465942383,40949700,False
VALE,2026-02-27,17.329999923706055,17.420000076293945,17.149999618530273,17.18000030517578,17.18000030517578,16804400,False
VALE,2026-03-02,17.0,17.100000381469727,16.739999771118164,16.989999771118164,16.989999771118164,15224100,False
VALE,2026-03-03,15.930000305175781,16.059999465942383,15.510000228881836,15.970000267028809,15.970000267028809,47152100,False
VALE,2026-03-04,16.25,16.25,15.970000267028809,16.059999465942383,16.059999465942383,37487900,False
VALE,2026-03-05,15.760000228881836,15.800000190734863,15.199999809265137,15.420000076293945,15.420000076293945,45116200,False
VALE,2026-03-06,15.109999656677246,15.130000114440918,14.880000114440918,14.970000267028809,14.970000267028809,42916600,False
VALE,2026-03-09,14.739999771118164,15.470000267028809,14.630000114440918,15.329999923706055,15.329999923706055,48905200,False
VALE,2026-03-10,15.489999771118164,15.729999542236328,15.34000015258789,15.630000114440918,15.630000114440918,31753300,False
VALE,2026-03-11,15.520000457763672,15.699999809265137,15.220000267028809,15.34000015258789,15.34000015258789,53705100,False
VALE,2026-03-12,15.180000305175781,15.180000305175781,14.890000343322754,15.069999694824219,15.069999694824219,34568900,False
VALE,2026-03-13,15.0600004196167,15.229999542236328,14.630000114440918,14.680000305175781,14.680000305175781,30855700,False
VALE,2026-03-16,15.0,15.229999542236328,14.949999809265137,15.050000190734863,15.050000190734863,21838900,False
VALE,2026-03-17,15.25,15.3100004196167,15.0600004196167,15.100000381469727,15.100000381469727,19822200,False
VALE,2026-03-18,14.970000267028809,15.020000457763672,14.649999618530273,14.6899995803833,14.6899995803833,32857400,False
VALE,2026-03-19,14.109999656677246,14.699999809265137,14.0600004196167,14.630000114440918,14.630000114440918,35438000,False
VALE,2026-03-20,14.4399995803833,14.539999961853027,14.0,14.050000190734863,14.050000190734863,49923300,False
VALE,2026-03-23,14.4399995803833,15.0,14.390000343322754,14.789999961853027,14.789999961853027,32568600,False
VALE,2026-03-24,14.5600004196167,14.899999618530273,14.510000228881836,14.869999885559082,14.869999885559082,25883500,False
VALE,2026-03-25,15.15999984741211,15.350000381469727,15.079999923706055,15.140000343322754,15.140000343322754,27893700,False
VALE,2026-03-26,14.979999542236328,15.199999809265137,14.890000343322754,14.949999809265137,14.949999809265137,18773800,False
VALE,2026-03-27,14.989999771118164,15.289999961853027,14.9399995803833,15.029999732971191,15.029999732971191,20892100,False
