ticker,fecha,open,high,low,close,adj_close,volume,anomalia
XLE,2019-01-02,28.219999313354492,29.434999465942383,28.075000762939453,29.239999771118164,28.075000762939453,49785200,False
XLE,2019-01-03,29.325000762939453,29.43000030517578,28.6200008392334,28.950000762939453,28.6200008392334,36048200,False
XLE,2019-01-04,29.450000762939453,30.024999618530273,29.280000686645508,29.934999465942383,29.280000686645508,42703000,False
XLE,2019-01-07,30.15999984741211,30.600000381469727,29.760000228881836,30.3799991607666,29.760000228881836,36113400,False
XLE,2019-01-08,30.80500030517578,30.875,30.450000762939453,30.614999771118164,30.450000762939453,37384600,False
XLE,2019-01-09,31.024999618530273,31.204999923706055,30.704999923706055,31.100000381469727,30.704999923706055,37513600,False
XLE,2019-01-10,30.864999771118164,31.229999542236328,30.690000534057617,31.190000534057617,30.690000534057617,38335200,False
XLE,2019-01-11,31.030000686645508,31.204999923706055,30.729999542236328,31.0049991607666,30.729999542236328,28211800,False
XLE,2019-01-14,30.709999084472656,31.05500030517578,30.665000915527344,30.93000030517578,30.665000915527344,26383400,False
XLE,2019-01-15,31.100000381469727,31.334999084472656,30.885000228881836,31.040000915527344,30.885000228881836,19642400,False
XLE,2019-01-16,31.0049991607666,31.2549991607666,30.895000457763672,31.0,30.895000457763672,25082200,False
XLE,2019-01-17,30.764999389648438,31.420000076293945,30.69499969482422,31.28499984741211,30.69499969482422,20349600,False
XLE,2019-01-18,31.655000686645508,31.94499969482422,31.469999313354492,31.920000076293945,31.469999313354492,29063600,False
XLE,2019-01-22,31.56999969482422,31.639999389648438,31.139999389648438,31.225000381469727,31.139999389648438,39726400,False
XLE,2019-01-23,31.334999084472656,31.375,30.649999618530273,30.905000686645508,30.649999618530273,46735400,False
XLE,2019-01-24,30.84000015258789,31.350000381469727,30.71500015258789,31.06999969482422,30.71500015258789,26098400,False
XLE,2019-01-25,31.334999084472656,31.65999984741211,31.28499984741211,31.46500015258789,31.28499984741211,20467200,False
XLE,2019-01-28,31.049999237060547,31.165000915527344,30.809999465942383,31.149999618530273,30.809999465942383,24044800,False
XLE,2019-01-29,31.329999923706055,31.454999923706055,31.219999313354492,31.2450008392334,31.219999313354492,23768200,False
XLE,2019-01-30,31.440000534057617,31.78499984741211,31.270000457763672,31.684999465942383,31.270000457763672,24233000,False
XLE,2019-01-31,31.735000610351562,32.040000915527344,31.649999618530273,31.889999389648438,31.649999618530273,35688400,False
XLE,2019-02-01,32.23500061035156,32.6349983215332,32.130001068115234,32.44499969482422,32.130001068115234,29544800,False
XLE,2019-02-04,32.224998474121094,32.529998779296875,31.985000610351562,32.52000045776367,31.985000610351562,20215800,False
XLE,2019-02-05,32.494998931884766,32.625,32.38999938964844,32.56999969482422,32.38999938964844,15705400,False
XLE,2019-02-06,32.415000915527344,32.505001068115234,32.29999923706055,32.33000183105469,32.29999923706055,13607600,False
XLE,2019-02-07,32.130001068115234,32.2400016784668,31.31999969482422,31.614999771118164,31.31999969482422,29200200,False
XLE,2019-02-08,31.530000686645508,31.604999542236328,30.934999465942383,31.469999313354492,30.934999465942383,21268800,False
XLE,2019-02-11,31.31999969482422,31.670000076293945,31.229999542236328,31.6200008392334,31.229999542236328,24994800,False
XLE,2019-02-12,32.04499816894531,32.20500183105469,31.649999618530273,32.02000045776367,31.649999618530273,21354600,False
XLE,2019-02-13,32.150001525878906,32.67499923706055,32.1150016784668,32.41999816894531,32.1150016784668,26123400,False
XLE,2019-02-14,32.30500030517578,32.779998779296875,32.244998931884766,32.53499984741211,32.244998931884766,20426400,False
XLE,2019-02-15,32.875,33.084999084472656,32.79999923706055,33.060001373291016,32.79999923706055,20367600,False
XLE,2019-02-19,32.89500045776367,33.28499984741211,32.845001220703125,33.15999984741211,32.845001220703125,17443200,False
XLE,2019-02-20,33.11000061035156,33.46500015258789,33.10499954223633,33.29999923706055,33.10499954223633,19871400,False
XLE,2019-02-21,33.19499969482422,33.279998779296875,32.665000915527344,32.78499984741211,32.665000915527344,23732200,False
XLE,2019-02-22,33.029998779296875,33.130001068115234,32.71500015258789,32.880001068115234,32.71500015258789,19896600,False
XLE,2019-02-25,32.775001525878906,33.04499816894531,32.744998931884766,32.935001373291016,32.744998931884766,31808800,False
XLE,2019-02-26,32.904998779296875,33.130001068115234,32.81999969482422,32.83000183105469,32.81999969482422,21101400,False
XLE,2019-02-27,32.9900016784668,33.29499816894531,32.79999923706055,32.95500183105469,32.79999923706055,20588000,False
XLE,2019-02-28,32.959999084472656,33.005001068115234,32.41999816894531,32.625,32.41999816894531,22498800,False
XLE,2019-03-01,32.79999923706055,33.22999954223633,32.79999923706055,33.224998474121094,32.79999923706055,40655800,False
XLE,2019-03-04,33.345001220703125,33.42499923706055,32.78499984741211,33.28499984741211,32.78499984741211,39560000,False
XLE,2019-03-05,33.33000183105469,33.345001220703125,32.939998626708984,33.17499923706055,32.939998626708984,31615000,False
XLE,2019-03-06,32.904998779296875,32.974998474121094,32.59000015258789,32.755001068115234,32.59000015258789,45381000,False
XLE,2019-03-07,32.775001525878906,32.79999923706055,32.43000030517578,32.560001373291016,32.43000030517578,46892400,False
XLE,2019-03-08,32.03499984741211,32.099998474121094,31.655000686645508,31.950000762939453,31.655000686645508,31243000,False
XLE,2019-03-11,32.185001373291016,32.525001525878906,32.154998779296875,32.45000076293945,32.154998779296875,26424200,False
XLE,2019-03-12,32.505001068115234,32.82500076293945,32.494998931884766,32.65999984741211,32.494998931884766,22026200,False
XLE,2019-03-13,32.8650016784668,33.005001068115234,32.72999954223633,32.9900016784668,32.72999954223633,26413600,False
XLE,2019-03-14,33.02000045776367,33.189998626708984,32.98500061035156,33.025001525878906,32.98500061035156,24640800,False
XLE,2019-03-15,32.7400016784668,32.85499954223633,32.630001068115234,32.755001068115234,32.630001068115234,24854800,False
XLE,2019-03-18,32.79499816894531,33.26499938964844,32.779998779296875,33.209999084472656,32.779998779296875,20135800,False
XLE,2019-03-19,33.375,33.54499816894531,32.98500061035156,33.119998931884766,32.98500061035156,25052000,False
XLE,2019-03-20,33.09000015258789,33.709999084472656,32.9900016784668,33.40999984741211,32.9900016784668,27325800,False
XLE,2019-03-21,33.310001373291016,33.70000076293945,33.2400016784668,33.64500045776367,33.2400016784668,35755800,False
XLE,2019-03-22,33.34000015258789,33.39500045776367,32.61000061035156,32.73500061035156,32.61000061035156,39949600,False
XLE,2019-03-25,32.595001220703125,32.80500030517578,32.435001373291016,32.75,32.435001373291016,24692600,False
XLE,2019-03-26,33.130001068115234,33.44499969482422,33.040000915527344,33.220001220703125,33.040000915527344,23033000,False
XLE,2019-03-27,33.19499969482422,33.345001220703125,32.73500061035156,32.98500061035156,32.73500061035156,19165200,False
XLE,2019-03-28,32.845001220703125,33.150001525878906,32.779998779296875,33.11000061035156,32.779998779296875,18298400,False
XLE,2019-03-29,33.43000030517578,33.5099983215332,32.95000076293945,33.060001373291016,32.95000076293945,20075200,False
XLE,2019-04-01,33.279998779296875,33.564998626708984,33.23500061035156,33.494998931884766,33.23500061035156,24823400,False
XLE,2019-04-02,33.58000183105469,33.61000061035156,33.185001373291016,33.26499938964844,33.185001373291016,22304800,False
XLE,2019-04-03,33.36000061035156,33.42499923706055,32.83000183105469,32.94499969482422,32.83000183105469,23979600,False
XLE,2019-04-04,32.96500015258789,33.244998931884766,32.80500030517578,33.220001220703125,32.80500030517578,21008600,False
XLE,2019-04-05,33.310001373291016,33.845001220703125,33.29499816894531,33.80500030517578,33.29499816894531,34538400,False
XLE,2019-04-08,33.85499954223633,34.125,33.814998626708984,33.95500183105469,33.814998626708984,21204200,False
XLE,2019-04-09,33.85499954223633,33.85499954223633,33.435001373291016,33.540000915527344,33.435001373291016,29083800,False
XLE,2019-04-10,33.6150016784668,33.81999969482422,33.57500076293945,33.665000915527344,33.57500076293945,18751200,False
XLE,2019-04-11,33.6349983215332,33.92499923706055,33.43000030517578,33.689998626708984,33.43000030517578,21828400,False
XLE,2019-04-12,34.17499923706055,34.20000076293945,33.69499969482422,33.779998779296875,33.69499969482422,30853600,False
XLE,2019-04-15,33.7400016784668,33.81999969482422,33.525001525878906,33.58000183105469,33.525001525878906,16601400,False
XLE,2019-04-16,33.70000076293945,33.849998474121094,33.58000183105469,33.79999923706055,33.58000183105469,16260400,False
XLE,2019-04-17,34.005001068115234,34.08000183105469,33.709999084472656,33.755001068115234,33.709999084472656,21869200,False
XLE,2019-04-18,33.849998474121094,33.89500045776367,33.5099983215332,33.595001220703125,33.5099983215332,19519000,False
XLE,2019-04-22,33.904998779296875,34.33000183105469,33.810001373291016,34.30500030517578,33.810001373291016,28329400,False
XLE,2019-04-23,34.33000183105469,34.404998779296875,34.025001525878906,34.25,34.025001525878906,20424400,False
XLE,2019-04-24,34.279998779296875,34.29999923706055,33.6349983215332,33.650001525878906,33.6349983215332,22038200,False
XLE,2019-04-25,33.64500045776367,33.81999969482422,33.470001220703125,33.54499816894531,33.470001220703125,24121800,False
XLE,2019-04-26,33.29999923706055,33.310001373291016,32.81999969482422,33.11000061035156,32.81999969482422,33676800,False
XLE,2019-04-29,33.119998931884766,33.2599983215332,33.01499938964844,33.08000183105469,33.01499938964844,25949000,False
XLE,2019-04-30,33.400001525878906,33.42499923706055,33.01499938964844,33.05500030517578,33.01499938964844,28654000,False
XLE,2019-05-01,33.064998626708984,33.165000915527344,32.369998931884766,32.39500045776367,32.369998931884766,44311400,False
XLE,2019-05-02,32.189998626708984,32.3849983215332,31.815000534057617,31.829999923706055,31.815000534057617,56066000,False
XLE,2019-05-03,32.130001068115234,32.380001068115234,32.05500030517578,32.125,32.05500030517578,39249000,False
XLE,2019-05-06,31.8799991607666,32.2599983215332,31.850000381469727,32.154998779296875,31.850000381469727,40689400,False
XLE,2019-05-07,31.774999618530273,31.899999618530273,31.469999313354492,31.875,31.469999313354492,30129000,False
XLE,2019-05-08,31.860000610351562,32.13999938964844,31.790000915527344,31.875,31.790000915527344,19647400,False
XLE,2019-05-09,31.725000381469727,31.9950008392334,31.454999923706055,31.875,31.454999923706055,28819000,False
XLE,2019-05-10,31.875,32.10499954223633,31.424999237060547,32.025001525878906,31.424999237060547,26150000,False
XLE,2019-05-13,31.735000610351562,31.889999389648438,31.325000762939453,31.475000381469727,31.325000762939453,28139600,False
XLE,2019-05-14,31.645000457763672,32.130001068115234,31.614999771118164,31.860000610351562,31.614999771118164,18484000,False
XLE,2019-05-15,31.68000030517578,32.095001220703125,31.594999313354492,32.025001525878906,31.594999313354492,20184600,False
XLE,2019-05-16,32.10499954223633,32.31999969482422,32.10499954223633,32.20000076293945,32.10499954223633,18753000,False
XLE,2019-05-17,31.985000610351562,32.15999984741211,31.834999084472656,31.875,31.834999084472656,21111400,False
XLE,2019-05-20,31.8799991607666,32.040000915527344,31.825000762939453,31.889999389648438,31.825000762939453,16372200,False
XLE,2019-05-21,32.025001525878906,32.349998474121094,31.985000610351562,32.2599983215332,31.985000610351562,36761000,False
XLE,2019-05-22,32.064998626708984,32.13999938964844,31.655000686645508,31.760000228881836,31.655000686645508,19274000,False
XLE,2019-05-23,31.229999542236328,31.2549991607666,30.510000228881836,30.69499969482422,30.510000228881836,47927200,False
XLE,2019-05-24,30.940000534057617,31.059999465942383,30.545000076293945,30.809999465942383,30.545000076293945,20306800,False
XLE,2019-05-28,30.829999923706055,30.885000228881836,30.44499969482422,30.489999771118164,30.44499969482422,25861200,False
XLE,2019-05-29,30.06999969482422,30.315000534057617,29.889999389648438,30.295000076293945,29.889999389648438,33903200,False
XLE,2019-05-30,30.2450008392334,30.299999237060547,29.815000534057617,29.90999984741211,29.815000534057617,30347800,False
XLE,2019-05-31,29.5,29.770000457763672,29.385000228881836,29.385000228881836,29.385000228881836,43797000,False
XLE,2019-06-03,29.584999084472656,29.905000686645508,29.540000915527344,29.760000228881836,29.540000915527344,36049400,False
XLE,2019-06-04,30.040000915527344,30.344999313354492,29.959999084472656,30.274999618530273,29.959999084472656,29486800,False
XLE,2019-06-05,30.334999084472656,30.344999313354492,29.760000228881836,29.940000534057617,29.760000228881836,31763800,False
XLE,2019-06-06,30.0,30.610000610351562,30.0,30.4950008392334,30.0,64787800,False
XLE,2019-06-07,30.59000015258789,30.829999923706055,30.514999389648438,30.635000228881836,30.514999389648438,31548200,False
XLE,2019-06-10,30.799999237060547,31.0,30.68000030517578,30.725000381469727,30.68000030517578,19675600,False
XLE,2019-06-11,30.9950008392334,31.094999313354492,30.774999618530273,30.78499984741211,30.774999618530273,19045200,False
XLE,2019-06-12,30.584999084472656,30.655000686645508,30.2549991607666,30.350000381469727,30.2549991607666,27633000,False
XLE,2019-06-13,30.700000762939453,30.844999313354492,30.34000015258789,30.704999923706055,30.34000015258789,24383000,False
XLE,2019-06-14,30.780000686645508,30.78499984741211,30.43000030517578,30.5049991607666,30.43000030517578,15832600,False
XLE,2019-06-17,30.440000534057617,30.844999313354492,30.344999313354492,30.760000228881836,30.344999313354492,17590400,False
XLE,2019-06-18,30.959999084472656,31.3700008392334,30.905000686645508,31.184999465942383,30.905000686645508,34444200,False
XLE,2019-06-19,31.139999389648438,31.329999923706055,30.985000610351562,31.149999618530273,30.985000610351562,17655400,False
XLE,2019-06-20,31.649999618530273,31.889999389648438,31.614999771118164,31.84000015258789,31.614999771118164,51908000,False
XLE,2019-06-21,31.600000381469727,31.895000457763672,31.600000381469727,31.780000686645508,31.600000381469727,32712600,False
XLE,2019-06-24,31.770000457763672,31.860000610351562,31.44499969482422,31.4950008392334,31.44499969482422,20793200,False
XLE,2019-06-25,31.475000381469727,31.5049991607666,31.209999084472656,31.2450008392334,31.209999084472656,23774600,False
XLE,2019-06-26,31.559999465942383,31.96500015258789,31.479999542236328,31.725000381469727,31.479999542236328,28653600,False
XLE,2019-06-27,31.725000381469727,31.81999969482422,31.424999237060547,31.489999771118164,31.424999237060547,21217400,False
XLE,2019-06-28,31.565000534057617,31.885000228881836,31.565000534057617,31.854999542236328,31.565000534057617,34739200,False
XLE,2019-07-01,32.25,32.35499954223633,31.80500030517578,31.885000228881836,31.80500030517578,29772600,False
XLE,2019-07-02,31.790000915527344,31.854999542236328,31.235000610351562,31.375,31.235000610351562,24190800,False
XLE,2019-07-03,31.420000076293945,31.524999618530273,31.229999542236328,31.5,31.229999542236328,13974600,False
XLE,2019-07-05,31.385000228881836,31.575000762939453,31.315000534057617,31.545000076293945,31.315000534057617,14726400,False
XLE,2019-07-08,31.4950008392334,31.764999389648438,31.405000686645508,31.59000015258789,31.405000686645508,17256400,False
XLE,2019-07-09,31.540000915527344,31.635000228881836,31.329999923706055,31.614999771118164,31.329999923706055,14976200,False
XLE,2019-07-10,31.815000534057617,32.130001068115234,31.604999542236328,32.02000045776367,31.604999542236328,23534800,False
XLE,2019-07-11,32.1150016784668,32.119998931884766,31.885000228881836,32.084999084472656,31.885000228881836,25362600,False
XLE,2019-07-12,32.10499954223633,32.33000183105469,32.10499954223633,32.220001220703125,32.10499954223633,16162800,False
XLE,2019-07-15,32.275001525878906,32.29499816894531,31.860000610351562,31.93000030517578,31.860000610351562,19077800,False
XLE,2019-07-16,31.864999771118164,31.920000076293945,31.46500015258789,31.59000015258789,31.46500015258789,21174200,False
XLE,2019-07-17,31.565000534057617,31.665000915527344,31.209999084472656,31.229999542236328,31.209999084472656,27329400,False
XLE,2019-07-18,31.079999923706055,31.235000610351562,30.899999618530273,31.235000610351562,30.899999618530273,25509000,False
XLE,2019-07-19,31.264999389648438,31.485000610351562,31.1200008392334,31.3799991607666,31.1200008392334,19930600,False
XLE,2019-07-22,31.5,31.6299991607666,31.274999618530273,31.524999618530273,31.274999618530273,15686200,False
XLE,2019-07-23,31.524999618530273,31.69499969482422,31.43000030517578,31.610000610351562,31.43000030517578,14537600,False
XLE,2019-07-24,31.56999969482422,31.950000762939453,31.53499984741211,31.7450008392334,31.53499984741211,19815400,False
XLE,2019-07-25,31.864999771118164,31.905000686645508,31.290000915527344,31.385000228881836,31.290000915527344,20140800,False
XLE,2019-07-26,31.385000228881836,31.389999389648438,31.09000015258789,31.225000381469727,31.09000015258789,19307600,False
XLE,2019-07-29,31.200000762939453,31.225000381469727,30.8700008392334,31.100000381469727,30.8700008392334,16569800,False
XLE,2019-07-30,30.975000381469727,31.524999618530273,30.915000915527344,31.450000762939453,30.915000915527344,21602600,False
XLE,2019-07-31,31.450000762939453,31.719999313354492,31.09000015258789,31.350000381469727,31.09000015258789,30556000,False
XLE,2019-08-01,31.0049991607666,31.149999618530273,30.44499969482422,30.639999389648438,30.44499969482422,50380400,False
XLE,2019-08-02,30.764999389648438,30.94499969482422,29.889999389648438,30.200000762939453,29.889999389648438,43399800,False
XLE,2019-08-05,29.639999389648438,29.719999313354492,29.09000015258789,29.299999237060547,29.09000015258789,55153800,False
XLE,2019-08-06,29.375,29.545000076293945,28.950000762939453,29.264999389648438,28.950000762939453,33995000,False
XLE,2019-08-07,28.729999542236328,29.184999465942383,28.579999923706055,29.045000076293945,28.579999923706055,49604400,False
XLE,2019-08-08,29.239999771118164,29.895000457763672,29.104999542236328,29.8799991607666,29.104999542236328,46535600,False
XLE,2019-08-09,29.905000686645508,29.969999313354492,29.424999237060547,29.549999237060547,29.424999237060547,29186400,False
XLE,2019-08-12,29.479999542236328,29.524999618530273,29.06999969482422,29.200000762939453,29.06999969482422,43838000,False
XLE,2019-08-13,29.06999969482422,29.7450008392334,28.915000915527344,29.469999313354492,28.915000915527344,28695200,False
XLE,2019-08-14,28.84000015258789,28.90999984741211,28.270000457763672,28.315000534057617,28.270000457763672,47299400,False
XLE,2019-08-15,28.165000915527344,28.299999237060547,27.834999084472656,28.139999389648438,27.834999084472656,28575800,False
XLE,2019-08-16,28.290000915527344,28.594999313354492,28.19499969482422,28.510000228881836,28.19499969482422,42798600,False
XLE,2019-08-19,28.90999984741211,29.2450008392334,28.854999542236328,29.139999389648438,28.854999542236328,27763200,False
XLE,2019-08-20,29.0,29.03499984741211,28.78499984741211,28.895000457763672,28.78499984741211,19042600,False
XLE,2019-08-21,29.19499969482422,29.2450008392334,28.975000381469727,29.079999923706055,28.975000381469727,24074800,False
XLE,2019-08-22,29.18000030517578,29.295000076293945,28.934999465942383,28.950000762939453,28.934999465942383,18706200,False
XLE,2019-08-23,28.604999542236328,28.875,27.81999969482422,27.979999542236328,27.81999969482422,48817800,False
XLE,2019-08-26,28.225000381469727,28.375,27.979999542236328,28.100000381469727,27.979999542236328,21610600,False
XLE,2019-08-27,28.25,28.364999771118164,27.774999618530273,27.924999237060547,27.774999618530273,23662600,False
XLE,2019-08-28,28.06999969482422,28.46500015258789,27.93000030517578,28.325000762939453,27.93000030517578,31388800,False
XLE,2019-08-29,28.545000076293945,28.860000610351562,28.514999389648438,28.739999771118164,28.514999389648438,24663400,False
XLE,2019-08-30,28.850000381469727,29.100000381469727,28.56999969482422,28.739999771118164,28.56999969482422,26044600,False
XLE,2019-09-03,28.274999618530273,28.65999984741211,28.190000534057617,28.600000381469727,28.190000534057617,27929600,False
XLE,2019-09-04,29.0,29.125,28.915000915527344,29.0,28.915000915527344,22381800,False
XLE,2019-09-05,29.2549991607666,29.684999465942383,29.209999084472656,29.360000610351562,29.209999084472656,29077000,False
XLE,2019-09-06,29.299999237060547,29.549999237060547,29.135000228881836,29.514999389648438,29.135000228881836,24468600,False
XLE,2019-09-09,29.7549991607666,30.174999237060547,29.69499969482422,30.104999542236328,29.69499969482422,49514200,False
XLE,2019-09-10,30.290000915527344,30.899999618530273,30.229999542236328,30.459999084472656,30.229999542236328,51436000,False
XLE,2019-09-11,30.6299991607666,30.8700008392334,30.325000762939453,30.489999771118164,30.325000762939453,45504000,False
XLE,2019-09-12,30.104999542236328,30.520000457763672,29.854999542236328,30.299999237060547,29.854999542236328,38119000,False
XLE,2019-09-13,30.5,30.700000762939453,30.3700008392334,30.540000915527344,30.3700008392334,28123200,False
XLE,2019-09-16,31.81999969482422,31.825000762939453,31.200000762939453,31.565000534057617,31.200000762939453,61355600,False
XLE,2019-09-17,31.584999084472656,31.594999313354492,30.915000915527344,31.125,30.915000915527344,52900000,False
XLE,2019-09-18,30.899999618530273,31.100000381469727,30.760000228881836,30.975000381469727,30.760000228881836,23209000,False
XLE,2019-09-19,31.15999984741211,31.229999542236328,30.799999237060547,30.895000457763672,30.799999237060547,28037000,False
XLE,2019-09-20,30.635000228881836,30.760000228881836,30.489999771118164,30.639999389648438,30.489999771118164,40300200,False
XLE,2019-09-23,30.434999465942383,30.729999542236328,30.399999618530273,30.649999618530273,30.399999618530273,18660800,False
XLE,2019-09-24,30.55500030517578,30.584999084472656,29.985000610351562,30.165000915527344,29.985000610351562,41101000,False
XLE,2019-09-25,30.024999618530273,30.25,29.954999923706055,30.21500015258789,29.954999923706055,20248400,False
XLE,2019-09-26,30.079999923706055,30.149999618530273,29.670000076293945,29.81999969482422,29.670000076293945,28011000,False
XLE,2019-09-27,29.655000686645508,30.045000076293945,29.600000381469727,29.815000534057617,29.600000381469727,31263200,False
XLE,2019-09-30,29.674999237060547,29.795000076293945,29.56999969482422,29.600000381469727,29.56999969482422,39616800,False
XLE,2019-10-01,29.700000762939453,29.809999465942383,28.90999984741211,28.915000915527344,28.90999984741211,32749400,False
XLE,2019-10-02,28.7450008392334,28.815000534057617,28.125,28.204999923706055,28.125,37824600,False
XLE,2019-10-03,28.049999237060547,28.540000915527344,27.81999969482422,28.510000228881836,27.81999969482422,40914200,False
XLE,2019-10-04,28.6299991607666,28.729999542236328,28.34000015258789,28.690000534057617,28.34000015258789,20275800,False
XLE,2019-10-07,28.735000610351562,28.844999313354492,28.420000076293945,28.434999465942383,28.420000076293945,23284800,False
XLE,2019-10-08,28.145000457763672,28.364999771118164,27.90999984741211,27.950000762939453,27.90999984741211,40038400,False
XLE,2019-10-09,28.200000762939453,28.360000610351562,28.149999618530273,28.204999923706055,28.149999618530273,17833800,False
XLE,2019-10-10,28.299999237060547,28.635000228881836,28.2549991607666,28.559999465942383,28.2549991607666,20111400,False
XLE,2019-10-11,28.854999542236328,29.21500015258789,28.80500030517578,28.94499969482422,28.80500030517578,45127800,False
XLE,2019-10-14,28.735000610351562,29.03499984741211,28.625,28.93000030517578,28.625,24321200,False
XLE,2019-10-15,28.8700008392334,29.34000015258789,28.834999084472656,29.049999237060547,28.834999084472656,22170000,False
XLE,2019-10-16,28.950000762939453,29.155000686645508,28.635000228881836,28.645000457763672,28.635000228881836,23910600,False
XLE,2019-10-17,28.764999389648438,28.854999542236328,28.575000762939453,28.665000915527344,28.575000762939453,22616200,False
XLE,2019-10-18,28.59000015258789,28.81999969482422,28.510000228881836,28.514999389648438,28.510000228881836,20555600,False
XLE,2019-10-21,28.56999969482422,29.049999237060547,28.53499984741211,29.024999618530273,28.53499984741211,20948000,False
XLE,2019-10-22,29.114999771118164,29.735000610351562,29.024999618530273,29.399999618530273,29.024999618530273,39393800,False
XLE,2019-10-23,29.350000381469727,29.704999923706055,29.225000381469727,29.645000457763672,29.225000381469727,23640800,False
XLE,2019-10-24,29.815000534057617,29.834999084472656,29.364999771118164,29.520000457763672,29.364999771118164,24233600,False
XLE,2019-10-25,29.530000686645508,29.844999313354492,29.489999771118164,29.760000228881836,29.489999771118164,23750000,False
XLE,2019-10-28,29.860000610351562,30.030000686645508,29.540000915527344,29.59000015258789,29.540000915527344,23513200,False
XLE,2019-10-29,29.479999542236328,29.959999084472656,29.3799991607666,29.709999084472656,29.3799991607666,26936800,False
XLE,2019-10-30,29.780000686645508,29.795000076293945,28.989999771118164,29.104999542236328,28.989999771118164,31013400,False
XLE,2019-10-31,28.985000610351562,29.030000686645508,28.69499969482422,28.979999542236328,28.69499969482422,30064800,False
XLE,2019-11-01,29.125,29.69499969482422,29.100000381469727,29.639999389648438,29.100000381469727,26620200,False
XLE,2019-11-04,29.979999542236328,30.69499969482422,29.975000381469727,30.604999542236328,29.975000381469727,43060400,False
XLE,2019-11-05,30.690000534057617,30.915000915527344,30.545000076293945,30.645000457763672,30.545000076293945,35110200,False
XLE,2019-11-06,30.600000381469727,30.665000915527344,29.934999465942383,30.020000457763672,29.934999465942383,35655800,False
XLE,2019-11-07,30.325000762939453,30.565000534057617,30.2450008392334,30.469999313354492,30.2450008392334,26483400,False
XLE,2019-11-08,30.28499984741211,30.385000228881836,30.0,30.344999313354492,30.0,20779600,False
XLE,2019-11-11,30.059999465942383,30.315000534057617,29.94499969482422,30.174999237060547,29.94499969482422,28961000,False
XLE,2019-11-12,30.264999389648438,30.43000030517578,29.864999771118164,30.020000457763672,29.864999771118164,25082400,False
XLE,2019-11-13,29.864999771118164,29.9950008392334,29.764999389648438,29.889999389648438,29.764999389648438,21151200,False
XLE,2019-11-14,29.8799991607666,30.045000076293945,29.670000076293945,29.809999465942383,29.670000076293945,16233600,False
XLE,2019-11-15,29.934999465942383,30.155000686645508,29.899999618530273,30.040000915527344,29.899999618530273,18363600,False
XLE,2019-11-18,29.850000381469727,29.885000228881836,29.549999237060547,29.674999237060547,29.549999237060547,25508200,False
XLE,2019-11-19,29.579999923706055,29.604999542236328,29.200000762939453,29.235000610351562,29.200000762939453,30758200,False
XLE,2019-11-20,29.225000381469727,29.7450008392334,29.045000076293945,29.530000686645508,29.045000076293945,34290000,False
XLE,2019-11-21,29.6299991607666,30.040000915527344,29.53499984741211,30.014999389648438,29.53499984741211,31283400,False
XLE,2019-11-22,30.040000915527344,30.184999465942383,29.854999542236328,29.915000915527344,29.854999542236328,22984000,False
XLE,2019-11-25,29.8799991607666,29.9950008392334,29.764999389648438,29.94499969482422,29.764999389648438,24672000,False
XLE,2019-11-26,29.985000610351562,29.9950008392334,29.559999465942383,29.670000076293945,29.559999465942383,26804000,False
XLE,2019-11-27,29.704999923706055,29.80500030517578,29.5,29.7450008392334,29.5,19336600,False
XLE,2019-11-29,29.5,29.604999542236328,29.334999084472656,29.44499969482422,29.334999084472656,15660400,False
XLE,2019-12-02,29.545000076293945,29.735000610351562,29.40999984741211,29.44499969482422,29.40999984741211,30779000,False
XLE,2019-12-03,29.184999465942383,29.235000610351562,28.899999618530273,29.0049991607666,28.899999618530273,33891000,False
XLE,2019-12-04,29.260000228881836,29.530000686645508,29.165000915527344,29.440000534057617,29.165000915527344,34853000,False
XLE,2019-12-05,29.565000534057617,29.600000381469727,29.200000762939453,29.299999237060547,29.200000762939453,21784800,False
XLE,2019-12-06,29.424999237060547,29.950000762939453,29.420000076293945,29.860000610351562,29.420000076293945,33459200,False
XLE,2019-12-09,29.6299991607666,29.96500015258789,29.6299991607666,29.825000762939453,29.6299991607666,16812600,False
XLE,2019-12-10,29.924999237060547,29.9950008392334,29.7549991607666,29.885000228881836,29.7549991607666,17570200,False
XLE,2019-12-11,29.84000015258789,30.040000915527344,29.774999618530273,29.834999084472656,29.774999618530273,24872400,False
XLE,2019-12-12,29.8799991607666,30.489999771118164,29.844999313354492,30.385000228881836,29.844999313354492,44981600,False
XLE,2019-12-13,30.489999771118164,30.684999465942383,30.135000228881836,30.155000686645508,30.135000228881836,22743000,False
XLE,2019-12-16,30.3700008392334,30.68000030517578,30.354999542236328,30.559999465942383,30.354999542236328,22271800,False
XLE,2019-12-17,30.690000534057617,30.854999542236328,30.46500015258789,30.579999923706055,30.46500015258789,46292400,False
XLE,2019-12-18,30.545000076293945,30.889999389648438,30.5049991607666,30.69499969482422,30.5049991607666,25881400,False
XLE,2019-12-19,30.700000762939453,30.78499984741211,30.6299991607666,30.684999465942383,30.6299991607666,25534800,False
XLE,2019-12-20,30.479999542236328,30.71500015258789,30.424999237060547,30.68000030517578,30.424999237060547,34839600,False
XLE,2019-12-23,30.645000457763672,31.014999389648438,30.610000610351562,30.9950008392334,30.610000610351562,26944400,False
XLE,2019-12-24,31.065000534057617,31.110000610351562,30.924999237060547,30.979999542236328,30.924999237060547,10074800,False
XLE,2019-12-26,31.114999771118164,31.219999313354492,30.93000030517578,30.969999313354492,30.93000030517578,20312400,False
XLE,2019-12-27,31.084999084472656,31.114999771118164,30.81999969482422,30.84000015258789,30.81999969482422,21436600,False
XLE,2019-12-30,30.059999465942383,30.114999771118164,29.80500030517578,29.850000381469727,29.80500030517578,29259000,False
XLE,2019-12-31,29.700000762939453,30.049999237060547,29.614999771118164,30.020000457763672,29.614999771118164,21444800,False
XLE,2020-01-02,30.219999313354492,30.334999084472656,30.114999771118164,30.290000915527344,30.114999771118164,23889400,False
XLE,2020-01-03,30.565000534057617,30.655000686645508,30.049999237060547,30.200000762939453,30.049999237060547,59005800,False
XLE,2020-01-06,30.30500030517578,30.59000015258789,30.200000762939453,30.434999465942383,30.200000762939453,44916200,False
XLE,2020-01-07,30.350000381469727,30.385000228881836,30.0,30.354999542236328,30.0,22925000,False
XLE,2020-01-08,30.325000762939453,30.360000610351562,29.815000534057617,29.854999542236328,29.815000534057617,38042800,False
XLE,2020-01-09,29.84000015258789,30.104999542236328,29.489999771118164,30.075000762939453,29.489999771118164,30733600,False
XLE,2020-01-10,30.059999465942383,30.084999084472656,29.8700008392334,29.905000686645508,29.8700008392334,18302400,False
XLE,2020-01-13,29.860000610351562,30.010000228881836,29.704999923706055,29.915000915527344,29.704999923706055,17557000,False
XLE,2020-01-14,29.850000381469727,29.954999923706055,29.655000686645508,29.920000076293945,29.655000686645508,34678000,False
XLE,2020-01-15,29.790000915527344,29.8799991607666,29.614999771118164,29.700000762939453,29.614999771118164,21661600,False
XLE,2020-01-16,29.875,29.975000381469727,29.735000610351562,29.75,29.735000610351562,16449000,False
XLE,2020-01-17,29.829999923706055,29.844999313354492,29.510000228881836,29.559999465942383,29.510000228881836,23818200,False
XLE,2020-01-21,29.395000457763672,29.399999618530273,28.979999542236328,29.030000686645508,28.979999542236328,34709200,False
XLE,2020-01-22,28.975000381469727,28.9950008392334,28.670000076293945,28.75,28.670000076293945,29355400,False
XLE,2020-01-23,28.450000762939453,28.729999542236328,28.229999542236328,28.639999389648438,28.229999542236328,26556000,False
XLE,2020-01-24,28.510000228881836,28.639999389648438,28.09000015258789,28.309999465942383,28.09000015258789,40781200,False
XLE,2020-01-27,27.739999771118164,27.850000381469727,27.489999771118164,27.524999618530273,27.489999771118164,43365000,False
XLE,2020-01-28,27.68000030517578,27.81999969482422,27.540000915527344,27.649999618530273,27.540000915527344,28600200,False
XLE,2020-01-29,27.80500030517578,27.905000686645508,27.325000762939453,27.360000610351562,27.325000762939453,27490800,False
XLE,2020-01-30,27.075000762939453,27.610000610351562,27.0049991607666,27.579999923706055,27.0049991607666,48861000,False
XLE,2020-01-31,27.114999771118164,27.190000534057617,26.579999923706055,26.719999313354492,26.579999923706055,66861000,False
XLE,2020-02-03,26.684999465942383,26.725000381469727,26.274999618530273,26.3700008392334,26.274999618530273,42578400,False
XLE,2020-02-04,26.75,26.959999084472656,26.415000915527344,26.46500015258789,26.415000915527344,39639600,False
XLE,2020-02-05,26.905000686645508,27.55500030517578,26.889999389648438,27.459999084472656,26.889999389648438,68764000,False
XLE,2020-02-06,27.59000015258789,27.59000015258789,27.135000228881836,27.18000030517578,27.135000228881836,30801200,False
XLE,2020-02-07,26.975000381469727,27.104999542236328,26.850000381469727,26.989999771118164,26.850000381469727,27386600,False
XLE,2020-02-10,26.850000381469727,26.915000915527344,26.690000534057617,26.854999542236328,26.690000534057617,29281200,False
XLE,2020-02-11,27.219999313354492,27.260000228881836,27.03499984741211,27.155000686645508,27.03499984741211,27689200,False
XLE,2020-02-12,27.559999465942383,27.674999237060547,27.295000076293945,27.520000457763672,27.295000076293945,34399600,False
XLE,2020-02-13,27.44499969482422,27.59000015258789,27.274999618530273,27.434999465942383,27.274999618530273,23949800,False
XLE,2020-02-14,27.530000686645508,27.549999237060547,27.1200008392334,27.290000915527344,27.1200008392334,25040000,False
XLE,2020-02-18,27.049999237060547,27.28499984741211,26.815000534057617,27.065000534057617,26.815000534057617,32629400,False
XLE,2020-02-19,27.2450008392334,27.53499984741211,27.094999313354492,27.424999237060547,27.094999313354492,24910800,False
XLE,2020-02-20,27.4950008392334,27.700000762939453,27.325000762939453,27.395000457763672,27.325000762939453,26101600,False
XLE,2020-02-21,27.135000228881836,27.15999984741211,26.844999313354492,27.06999969482422,26.844999313354492,27616400,False
XLE,2020-02-24,26.049999237060547,26.200000762939453,25.739999771118164,25.81999969482422,25.739999771118164,66075000,False
XLE,2020-02-25,25.889999389648438,25.90999984741211,24.520000457763672,24.68000030517578,24.520000457763672,85674600,False
XLE,2020-02-26,24.770000457763672,24.889999389648438,23.924999237060547,23.934999465942383,23.924999237060547,97656600,False
XLE,2020-02-27,23.315000534057617,23.764999389648438,22.645000457763672,22.655000686645508,22.645000457763672,122557400,False
XLE,2020-02-28,21.940000534057617,22.920000076293945,21.760000228881836,22.635000228881836,21.760000228881836,137511600,False
XLE,2020-03-02,23.139999389648438,23.579999923706055,22.46500015258789,23.549999237060547,22.46500015258789,73285400,False
XLE,2020-03-03,23.684999465942383,23.9950008392334,22.575000762939453,22.829999923706055,22.575000762939453,97190600,False
XLE,2020-03-04,23.31999969482422,23.375,22.834999084472656,23.3700008392334,22.834999084472656,48969000,False
XLE,2020-03-05,22.700000762939453,22.80500030517578,22.139999389648438,22.514999389648438,22.139999389648438,58774600,False
XLE,2020-03-06,21.75,21.94499969482422,20.93000030517578,21.25,20.93000030517578,123034800,True
XLE,2020-03-09,17.53499984741211,18.21500015258789,16.864999771118164,16.969999313354492,16.864999771118164,133113800,True
XLE,2020-03-10,18.334999084472656,18.40999984741211,16.68000030517578,17.774999618530273,16.68000030517578,96862200,False
XLE,2020-03-11,17.225000381469727,17.524999618530273,16.565000534057617,16.834999084472656,16.565000534057617,86954600,False
XLE,2020-03-12,15.595000267028809,16.0,14.6899995803833,14.734999656677246,14.6899995803833,77658200,True
XLE,2020-03-13,15.979999542236328,16.110000610351562,14.399999618530273,16.094999313354492,14.399999618530273,68196800,True
XLE,2020-03-16,13.975000381469727,15.5600004196167,13.835000038146973,13.904999732971191,13.835000038146973,80467200,True
XLE,2020-03-17,14.039999961853027,14.59000015258789,13.475000381469727,14.0,13.475000381469727,90887200,False
XLE,2020-03-18,13.020000457763672,13.289999961853027,11.4399995803833,11.989999771118164,11.4399995803833,104271600,True
XLE,2020-03-19,12.164999961853027,12.854999542236328,11.489999771118164,12.805000305175781,11.489999771118164,104453000,True
XLE,2020-03-20,13.130000114440918,13.420000076293945,12.380000114440918,12.930000305175781,12.380000114440918,116714400,False
XLE,2020-03-23,12.5649995803833,12.645000457763672,11.574999809265137,11.78499984741211,11.574999809265137,96520400,True
XLE,2020-03-24,12.699999809265137,13.744999885559082,12.699999809265137,13.675000190734863,12.699999809265137,89022200,True
XLE,2020-03-25,13.975000381469727,15.0,13.369999885559082,14.319999694824219,13.369999885559082,104869800,False
XLE,2020-03-26,14.46500015258789,15.5,14.28499984741211,15.194999694824219,14.28499984741211,93836200,True
XLE,2020-03-27,14.5600004196167,14.604999542236328,14.079999923706055,14.164999961853027,14.079999923706055,73056800,True
XLE,2020-03-30,13.975000381469727,14.4350004196167,13.545000076293945,14.3100004196167,13.545000076293945,84254800,False
XLE,2020-03-31,14.710000038146973,15.0,14.239999771118164,14.529999732971191,14.239999771118164,68701200,False
XLE,2020-04-01,14.0600004196167,14.239999771118164,13.614999771118164,13.8100004196167,13.614999771118164,47653000,False
XLE,2020-04-02,14.505000114440918,15.880000114440918,14.130000114440918,15.074999809265137,14.130000114440918,146256200,True
XLE,2020-04-03,15.550000190734863,15.654999732971191,14.489999771118164,14.914999961853027,14.489999771118164,127668600,False
XLE,2020-04-06,15.25,15.8100004196167,15.045000076293945,15.704999923706055,15.045000076293945,76041400,False
XLE,2020-04-07,16.479999542236328,16.934999465942383,16.010000228881836,16.040000915527344,16.010000228881836,103019000,False
XLE,2020-04-08,16.3799991607666,17.165000915527344,16.2450008392334,17.110000610351562,16.2450008392334,83811600,True
XLE,2020-04-09,17.770000457763672,18.229999542236328,16.309999465942383,16.954999923706055,16.309999465942383,182655200,False
XLE,2020-04-13,17.545000076293945,17.610000610351562,16.6299991607666,16.899999618530273,16.6299991607666,67685600,False
XLE,2020-04-14,16.985000610351562,17.190000534057617,16.709999084472656,16.81999969482422,16.709999084472656,72648200,False
XLE,2020-04-15,16.149999618530273,16.190000534057617,15.529999732971191,16.030000686645508,15.529999732971191,73421000,False
XLE,2020-04-16,15.989999771118164,16.040000915527344,15.324999809265137,15.345000267028809,15.324999809265137,64605800,False
XLE,2020-04-17,15.664999961853027,16.9950008392334,15.654999732971191,16.975000381469727,15.654999732971191,91706800,True
XLE,2020-04-20,15.975000381469727,17.049999237060547,15.890000343322754,16.44499969482422,15.890000343322754,112790000,False
XLE,2020-04-21,15.970000267028809,16.450000762939453,15.694999694824219,16.155000686645508,15.694999694824219,120861600,False
XLE,2020-04-22,16.885000228881836,16.9950008392334,16.5049991607666,16.729999542236328,16.5049991607666,73753200,False
XLE,2020-04-23,17.239999771118164,17.674999237060547,17.06999969482422,17.270000457763672,17.06999969482422,83207200,False
XLE,2020-04-24,17.614999771118164,17.770000457763672,17.03499984741211,17.309999465942383,17.03499984741211,64859200,False
XLE,2020-04-27,17.18000030517578,17.809999465942383,16.790000915527344,17.684999465942383,16.790000915527344,46576000,False
XLE,2020-04-28,17.950000762939453,18.200000762939453,17.65999984741211,18.09000015258789,17.65999984741211,59138000,False
XLE,2020-04-29,18.684999465942383,19.4950008392334,18.670000076293945,19.43000030517578,18.670000076293945,71075000,True
XLE,2020-04-30,19.540000915527344,19.540000915527344,18.719999313354492,19.0,18.719999313354492,84040200,False
XLE,2020-05-01,18.610000610351562,18.75,17.704999923706055,17.924999237060547,17.704999923706055,58531800,True
XLE,2020-05-04,17.594999313354492,18.559999465942383,17.510000228881836,18.545000076293945,17.510000228881836,52780400,False
XLE,2020-05-05,19.30500030517578,19.459999084472656,18.4950008392334,18.559999465942383,18.4950008392334,68733400,False
XLE,2020-05-06,18.649999618530273,18.809999465942383,18.059999465942383,18.075000762939453,18.059999465942383,47350200,False
XLE,2020-05-07,18.584999084472656,18.895000457763672,18.415000915527344,18.545000076293945,18.415000915527344,48469400,False
XLE,2020-05-08,18.979999542236328,19.399999618530273,18.8700008392334,19.389999389648438,18.8700008392334,49646200,False
XLE,2020-05-11,19.260000228881836,19.315000534057617,18.959999084472656,19.049999237060547,18.959999084472656,46531400,False
XLE,2020-05-12,19.239999771118164,19.264999389648438,18.690000534057617,18.71500015258789,18.690000534057617,56129000,False
XLE,2020-05-13,18.59000015258789,18.614999771118164,17.735000610351562,17.864999771118164,17.735000610351562,68994800,False
XLE,2020-05-14,17.549999237060547,18.235000610351562,17.149999618530273,18.065000534057617,17.149999618530273,61968400,False
XLE,2020-05-15,18.06999969482422,18.44499969482422,17.834999084472656,17.9950008392334,17.834999084472656,54427800,False
XLE,2020-05-18,19.024999618530273,19.59000015258789,18.975000381469727,19.46500015258789,18.975000381469727,73139600,True
XLE,2020-05-19,19.489999771118164,19.549999237060547,18.905000686645508,18.920000076293945,18.905000686645508,53940600,False
XLE,2020-05-20,19.309999465942383,19.709999084472656,19.209999084472656,19.674999237060547,19.209999084472656,54521200,False
XLE,2020-05-21,19.735000610351562,19.815000534057617,19.204999923706055,19.360000610351562,19.204999923706055,56241800,False
XLE,2020-05-22,19.204999923706055,19.260000228881836,18.844999313354492,19.239999771118164,18.844999313354492,38495000,False
XLE,2020-05-26,19.854999542236328,19.979999542236328,19.725000381469727,19.774999618530273,19.725000381469727,74888600,False
XLE,2020-05-27,20.065000534057617,20.18000030517578,19.469999313354492,20.030000686645508,19.469999313354492,71225600,False
XLE,2020-05-28,20.079999923706055,20.079999923706055,19.375,19.469999313354492,19.375,54356800,False
XLE,2020-05-29,19.299999237060547,19.524999618530273,18.975000381469727,19.3799991607666,18.975000381469727,71500400,False
XLE,2020-06-01,19.350000381469727,19.829999923706055,19.09000015258789,19.719999313354492,19.09000015258789,47680000,False
XLE,2020-06-02,19.934999465942383,20.290000915527344,19.90999984741211,20.270000457763672,19.90999984741211,50318400,False
XLE,2020-06-03,20.59000015258789,20.959999084472656,20.549999237060547,20.864999771118164,20.549999237060547,54601800,False
XLE,2020-06-04,20.75,20.950000762939453,20.450000762939453,20.8700008392334,20.450000762939453,54849400,False
XLE,2020-06-05,21.915000915527344,22.625,21.895000457763672,22.420000076293945,21.895000457763672,100393400,True
XLE,2020-06-08,23.235000610351562,23.440000534057617,22.71500015258789,23.43000030517578,22.71500015258789,95069400,False
XLE,2020-06-09,22.68000030517578,22.7450008392334,22.239999771118164,22.549999237060547,22.239999771118164,87399000,False
XLE,2020-06-10,22.34000015258789,22.360000610351562,21.43000030517578,21.440000534057617,21.43000030517578,80977000,False
XLE,2020-06-11,19.94499969482422,20.520000457763672,19.354999542236328,19.420000076293945,19.354999542236328,96304400,True
XLE,2020-06-12,20.274999618530273,20.420000076293945,19.3700008392334,19.90999984741211,19.3700008392334,85635000,False
XLE,2020-06-15,19.059999465942383,20.174999237060547,18.850000381469727,19.969999313354492,18.850000381469727,65694800,False
XLE,2020-06-16,20.920000076293945,20.950000762939453,19.959999084472656,20.545000076293945,19.959999084472656,64083800,False
XLE,2020-06-17,20.46500015258789,20.469999313354492,19.84000015258789,19.844999313354492,19.84000015258789,46736000,False
XLE,2020-06-18,19.645000457763672,20.309999465942383,19.524999618530273,20.09000015258789,19.524999618530273,36937800,False
XLE,2020-06-19,20.71500015258789,20.719999313354492,19.764999389648438,19.78499984741211,19.764999389648438,53934200,False
XLE,2020-06-22,19.440000534057617,19.690000534057617,19.209999084472656,19.625,19.209999084472656,38896400,False
XLE,2020-06-23,19.920000076293945,19.969999313354492,19.584999084472656,19.645000457763672,19.584999084472656,29611600,False
XLE,2020-06-24,19.34000015258789,19.344999313354492,18.43000030517578,18.55500030517578,18.43000030517578,64726000,True
XLE,2020-06-25,18.3799991607666,18.979999542236328,18.28499984741211,18.90999984741211,18.28499984741211,48034400,False
XLE,2020-06-26,18.774999618530273,18.774999618530273,18.170000076293945,18.2549991607666,18.170000076293945,67722200,False
XLE,2020-06-29,18.299999237060547,18.65999984741211,18.219999313354492,18.5,18.219999313354492,38905600,False
XLE,2020-06-30,18.350000381469727,19.03499984741211,18.15999984741211,18.924999237060547,18.15999984741211,41886800,False
XLE,2020-07-01,19.0,19.2549991607666,18.440000534057617,18.46500015258789,18.440000534057617,49146800,False
XLE,2020-07-02,18.844999313354492,19.104999542236328,18.6299991607666,18.670000076293945,18.6299991607666,41558400,False
XLE,2020-07-06,19.0,19.135000228881836,18.489999771118164,18.725000381469727,18.489999771118164,45084400,False
XLE,2020-07-07,18.489999771118164,18.514999389648438,18.100000381469727,18.1299991607666,18.100000381469727,41821800,False
XLE,2020-07-08,18.1299991607666,18.40999984741211,17.96500015258789,18.114999771118164,17.96500015258789,41301800,False
XLE,2020-07-09,18.03499984741211,18.084999084472656,17.200000762939453,17.219999313354492,17.200000762939453,61087200,False
XLE,2020-07-10,17.1200008392334,17.790000915527344,17.1200008392334,17.770000457763672,17.1200008392334,50456000,False
XLE,2020-07-13,17.934999465942383,18.0049991607666,17.540000915527344,17.674999237060547,17.540000915527344,74447600,False
XLE,2020-07-14,17.55500030517578,18.329999923706055,17.5049991607666,18.295000076293945,17.5049991607666,68442200,False
XLE,2020-07-15,18.760000228881836,18.809999465942383,18.415000915527344,18.690000534057617,18.415000915527344,51805000,False
XLE,2020-07-16,18.565000534057617,18.844999313354492,18.329999923706055,18.604999542236328,18.329999923706055,37645600,False
XLE,2020-07-17,18.665000915527344,18.8700008392334,18.264999389648438,18.344999313354492,18.264999389648438,35433800,False
XLE,2020-07-20,18.280000686645508,18.489999771118164,18.024999618530273,18.040000915527344,18.024999618530273,40153000,False
XLE,2020-07-21,18.350000381469727,19.274999618530273,18.325000762939453,19.1299991607666,18.325000762939453,72340400,False
XLE,2020-07-22,18.924999237060547,18.924999237060547,18.6200008392334,18.895000457763672,18.6200008392334,39243400,False
XLE,2020-07-23,18.829999923706055,18.954999923706055,18.6200008392334,18.860000610351562,18.6200008392334,42087800,False
XLE,2020-07-24,18.860000610351562,19.139999389648438,18.684999465942383,18.7549991607666,18.684999465942383,39901200,False
XLE,2020-07-27,18.729999542236328,18.860000610351562,18.4950008392334,18.774999618530273,18.4950008392334,36462000,False
XLE,2020-07-28,18.665000915527344,18.844999313354492,18.405000686645508,18.454999923706055,18.405000686645508,35553800,False
XLE,2020-07-29,18.5049991607666,18.854999542236328,18.3799991607666,18.84000015258789,18.3799991607666,34430000,False
XLE,2020-07-30,18.44499969482422,18.454999923706055,17.940000534057617,18.100000381469727,17.940000534057617,65667400,False
XLE,2020-07-31,17.825000762939453,18.03499984741211,17.649999618530273,18.014999389648438,17.649999618530273,49548200,False
XLE,2020-08-03,18.010000228881836,18.18000030517578,17.860000610351562,18.079999923706055,17.860000610351562,42206800,False
XLE,2020-08-04,18.020000457763672,18.559999465942383,18.0049991607666,18.520000457763672,18.0049991607666,45144200,False
XLE,2020-08-05,18.885000228881836,18.950000762939453,18.545000076293945,18.71500015258789,18.545000076293945,61517400,False
XLE,2020-08-06,18.610000610351562,18.780000686645508,18.4950008392334,18.565000534057617,18.4950008392334,38381400,False
XLE,2020-08-07,18.399999618530273,18.635000228881836,18.184999465942383,18.59000015258789,18.184999465942383,36753200,False
XLE,2020-08-10,18.729999542236328,19.174999237060547,18.684999465942383,19.165000915527344,18.684999465942383,52616200,False
XLE,2020-08-11,19.540000915527344,19.764999389648438,19.010000228881836,19.100000381469727,19.010000228881836,53026200,False
XLE,2020-08-12,19.389999389648438,19.514999389648438,19.084999084472656,19.290000915527344,19.084999084472656,51065400,False
XLE,2020-08-13,19.135000228881836,19.295000076293945,18.8700008392334,18.915000915527344,18.8700008392334,31522000,False
XLE,2020-08-14,18.764999389648438,19.125,18.69499969482422,19.094999313354492,18.69499969482422,26559400,False
XLE,2020-08-17,19.100000381469727,19.110000610351562,18.8799991607666,18.985000610351562,18.8799991607666,28511600,False
XLE,2020-08-18,18.915000915527344,19.100000381469727,18.690000534057617,18.7450008392334,18.690000534057617,28697600,False
XLE,2020-08-19,18.729999542236328,18.815000534057617,18.469999313354492,18.530000686645508,18.469999313354492,29587800,False
XLE,2020-08-20,18.2549991607666,18.375,18.125,18.1299991607666,18.125,38215400,False
XLE,2020-08-21,18.059999465942383,18.094999313354492,17.844999313354492,18.014999389648438,17.844999313354492,34695600,False
XLE,2020-08-24,18.125,18.639999389648438,18.014999389648438,18.510000228881836,18.014999389648438,49654000,False
XLE,2020-08-25,18.610000610351562,18.635000228881836,18.15999984741211,18.25,18.15999984741211,40237000,False
XLE,2020-08-26,18.225000381469727,18.225000381469727,17.84000015258789,17.864999771118164,17.84000015258789,36002400,False
XLE,2020-08-27,17.8700008392334,18.020000457763672,17.68000030517578,17.899999618530273,17.68000030517578,44519400,False
XLE,2020-08-28,17.969999313354492,18.274999618530273,17.8799991607666,18.219999313354492,17.8799991607666,29150200,False
XLE,2020-08-31,18.2450008392334,18.270000457763672,17.825000762939453,17.825000762939453,17.825000762939453,37583000,False
XLE,2020-09-01,17.7450008392334,17.78499984741211,17.485000610351562,17.704999923706055,17.485000610351562,36521000,False
XLE,2020-09-02,17.700000762939453,17.80500030517578,17.510000228881836,17.6200008392334,17.510000228881836,47700400,False
XLE,2020-09-03,17.584999084472656,17.950000762939453,17.385000228881836,17.489999771118164,17.385000228881836,78884600,False
XLE,2020-09-04,17.670000076293945,17.790000915527344,17.219999313354492,17.434999465942383,17.219999313354492,68682000,False
XLE,2020-09-08,17.104999542236328,17.184999465942383,16.610000610351562,16.799999237060547,16.610000610351562,98437600,False
XLE,2020-09-09,16.989999771118164,17.084999084472656,16.854999542236328,16.915000915527344,16.854999542236328,49955200,False
XLE,2020-09-10,16.96500015258789,16.985000610351562,16.264999389648438,16.295000076293945,16.264999389648438,74006600,False
XLE,2020-09-11,16.329999923706055,16.415000915527344,16.174999237060547,16.309999465942383,16.174999237060547,50794600,False
XLE,2020-09-14,16.354999542236328,16.584999084472656,16.239999771118164,16.434999465942383,16.239999771118164,38888400,False
XLE,2020-09-15,16.545000076293945,16.69499969482422,16.264999389648438,16.315000534057617,16.264999389648438,51220800,False
XLE,2020-09-16,16.459999084472656,17.190000534057617,16.31999969482422,16.969999313354492,16.31999969482422,71772200,False
XLE,2020-09-17,16.700000762939453,17.010000228881836,16.53499984741211,16.9950008392334,16.53499984741211,44713400,False
XLE,2020-09-18,16.985000610351562,16.9950008392334,16.635000228881836,16.80500030517578,16.635000228881836,52812800,False
XLE,2020-09-21,16.1299991607666,16.170000076293945,15.71500015258789,15.984999656677246,15.71500015258789,61439200,False
XLE,2020-09-22,15.994999885559082,16.25,15.789999961853027,15.819999694824219,15.789999961853027,44697400,False
XLE,2020-09-23,15.880000114440918,15.9399995803833,15.085000038146973,15.104999542236328,15.085000038146973,52969200,False
XLE,2020-09-24,15.050000190734863,15.375,14.770000457763672,15.100000381469727,14.770000457763672,70487600,False
XLE,2020-09-25,14.944999694824219,15.204999923706055,14.850000381469727,15.09000015258789,14.850000381469727,55116800,False
XLE,2020-09-28,15.364999771118164,15.614999771118164,15.345000267028809,15.444999694824219,15.345000267028809,52752000,False
XLE,2020-09-29,15.399999618530273,15.4350004196167,14.869999885559082,15.020000457763672,14.869999885559082,47601800,False
XLE,2020-09-30,15.114999771118164,15.289999961853027,14.904999732971191,14.975000381469727,14.904999732971191,49149000,False
XLE,2020-10-01,14.8100004196167,14.875,14.425000190734863,14.515000343322754,14.425000190734863,56730400,False
XLE,2020-10-02,14.125,14.779999732971191,14.100000381469727,14.654999732971191,14.100000381469727,57410400,False
XLE,2020-10-05,14.78499984741211,15.104999542236328,14.75,15.095000267028809,14.75,63144400,False
XLE,2020-10-06,15.3149995803833,15.399999618530273,14.829999923706055,14.869999885559082,14.829999923706055,62223200,False
XLE,2020-10-07,14.954999923706055,15.119999885559082,14.78499984741211,15.079999923706055,14.78499984741211,42086000,False
XLE,2020-10-08,15.204999923706055,15.654999732971191,15.135000228881836,15.645000457763672,15.135000228881836,61126200,False
XLE,2020-10-09,15.78499984741211,15.824999809265137,15.369999885559082,15.395000457763672,15.369999885559082,51035800,False
XLE,2020-10-12,15.345000267028809,15.489999771118164,15.1850004196167,15.4350004196167,15.1850004196167,33369200,False
XLE,2020-10-13,15.4350004196167,15.524999618530273,15.149999618530273,15.194999694824219,15.149999618530273,50767600,False
XLE,2020-10-14,15.229999542236328,15.614999771118164,15.199999809265137,15.260000228881836,15.199999809265137,54488000,False
XLE,2020-10-15,15.0,15.449999809265137,14.864999771118164,15.444999694824219,14.864999771118164,40707800,False
XLE,2020-10-16,15.414999961853027,15.4350004196167,15.069999694824219,15.095000267028809,15.069999694824219,37423000,False
XLE,2020-10-19,15.149999618530273,15.225000381469727,14.760000228881836,14.774999618530273,14.760000228881836,50372000,False
XLE,2020-10-20,14.859999656677246,15.079999923706055,14.760000228881836,14.949999809265137,14.760000228881836,45980600,False
XLE,2020-10-21,14.864999771118164,14.949999809265137,14.65999984741211,14.664999961853027,14.65999984741211,49315200,False
XLE,2020-10-22,14.6899995803833,15.289999961853027,14.595000267028809,15.270000457763672,14.595000267028809,65648400,False
XLE,2020-10-23,15.350000381469727,15.4399995803833,15.005000114440918,15.194999694824219,15.005000114440918,49975400,False
XLE,2020-10-26,14.9350004196167,14.954999923706055,14.505000114440918,14.649999618530273,14.505000114440918,60802000,False
XLE,2020-10-27,14.635000228881836,14.640000343322754,14.425000190734863,14.460000038146973,14.425000190734863,43193600,False
XLE,2020-10-28,14.104999542236328,14.194999694824219,13.774999618530273,13.854999542236328,13.774999618530273,81098200,False
XLE,2020-10-29,13.675000190734863,14.324999809265137,13.489999771118164,14.279999732971191,13.489999771118164,74504200,False
XLE,2020-10-30,14.180000305175781,14.369999885559082,14.015000343322754,14.359999656677246,14.015000343322754,75799400,False
XLE,2020-11-02,14.555000305175781,15.045000076293945,14.28499984741211,14.850000381469727,14.28499984741211,83786200,False
XLE,2020-11-03,15.100000381469727,15.109999656677246,14.630000114440918,14.765000343322754,14.630000114440918,69755000,False
XLE,2020-11-04,14.78499984741211,15.140000343322754,14.385000228881836,14.78499984741211,14.385000228881836,87227400,False
XLE,2020-11-05,14.805000305175781,15.079999923706055,14.755000114440918,14.78499984741211,14.755000114440918,63591600,False
XLE,2020-11-06,14.78499984741211,15.005000114440918,14.404999732971191,14.46500015258789,14.404999732971191,66446400,False
XLE,2020-11-09,16.200000762939453,16.895000457763672,16.149999618530273,16.530000686645508,16.149999618530273,198713400,True
XLE,2020-11-10,16.84000015258789,17.065000534057617,16.489999771118164,17.065000534057617,16.489999771118164,146676200,False
XLE,2020-11-11,17.25,17.28499984741211,16.729999542236328,16.889999389648438,16.729999542236328,93085000,False
XLE,2020-11-12,16.594999313354492,16.829999923706055,16.170000076293945,16.344999313354492,16.170000076293945,77169600,False
XLE,2020-11-13,16.469999313354492,17.024999618530273,16.450000762939453,16.940000534057617,16.450000762939453,78865400,False
XLE,2020-11-16,17.65999984741211,18.094999313354492,17.44499969482422,18.05500030517578,17.44499969482422,95865400,True
XLE,2020-11-17,17.81999969482422,18.25,17.584999084472656,18.239999771118164,17.584999084472656,78020200,False
XLE,2020-11-18,18.395000457763672,18.46500015258789,17.709999084472656,17.709999084472656,17.709999084472656,82000400,False
XLE,2020-11-19,17.584999084472656,18.03499984741211,17.405000686645508,18.0,17.405000686645508,65872400,False
XLE,2020-11-20,17.954999923706055,18.03499984741211,17.780000686645508,17.905000686645508,17.780000686645508,39506400,False
XLE,2020-11-23,18.184999465942383,19.19499969482422,18.165000915527344,19.170000076293945,18.165000915527344,76324600,True
XLE,2020-11-24,19.815000534057617,20.209999084472656,19.639999389648438,20.155000686645508,19.639999389648438,106932000,False
XLE,2020-11-25,20.024999618530273,20.024999618530273,19.575000762939453,19.684999465942383,19.575000762939453,71352400,False
XLE,2020-11-27,19.575000762939453,19.735000610351562,19.299999237060547,19.454999923706055,19.299999237060547,37510800,False
XLE,2020-11-30,19.239999771118164,19.264999389648438,18.350000381469727,18.3799991607666,18.350000381469727,83087200,False
XLE,2020-12-01,18.889999389648438,18.9950008392334,18.434999465942383,18.46500015258789,18.434999465942383,68935600,False
XLE,2020-12-02,18.405000686645508,19.354999542236328,18.344999313354492,19.065000534057617,18.344999313354492,75483600,False
XLE,2020-12-03,19.149999618530273,19.5,18.954999923706055,19.264999389648438,18.954999923706055,72975400,False
XLE,2020-12-04,19.614999771118164,20.329999923706055,19.614999771118164,20.315000534057617,19.614999771118164,103700400,False
XLE,2020-12-07,20.075000762939453,20.1200008392334,19.649999618530273,19.84000015258789,19.649999618530273,69313200,False
XLE,2020-12-08,19.594999313354492,20.334999084472656,19.59000015258789,20.135000228881836,19.59000015258789,57854600,False
XLE,2020-12-09,20.34000015258789,20.670000076293945,19.934999465942383,20.18000030517578,19.934999465942383,86691800,False
XLE,2020-12-10,20.204999923706055,21.040000915527344,20.149999618530273,20.799999237060547,20.149999618530273,77604400,False
XLE,2020-12-11,20.65999984741211,20.665000915527344,20.270000457763672,20.559999465942383,20.270000457763672,56152200,False
XLE,2020-12-14,20.875,20.8799991607666,19.764999389648438,19.84000015258789,19.764999389648438,79884400,False
XLE,2020-12-15,19.950000762939453,20.329999923706055,19.764999389648438,20.229999542236328,19.764999389648438,58671800,False
XLE,2020-12-16,20.280000686645508,20.354999542236328,19.989999771118164,20.1299991607666,19.989999771118164,47628800,False
XLE,2020-12-17,20.309999465942383,20.315000534057617,19.915000915527344,20.03499984741211,19.915000915527344,46363400,False
XLE,2020-12-18,19.9950008392334,20.104999542236328,19.545000076293945,19.700000762939453,19.545000076293945,73140400,False
XLE,2020-12-21,18.704999923706055,19.229999542236328,18.510000228881836,19.065000534057617,18.510000228881836,80158800,False
XLE,2020-12-22,19.024999618530273,19.09000015258789,18.725000381469727,18.7450008392334,18.725000381469727,50185800,False
XLE,2020-12-23,18.905000686645508,19.424999237060547,18.899999618530273,19.15999984741211,18.899999618530273,53931800,False
XLE,2020-12-24,19.184999465942383,19.184999465942383,18.8700008392334,19.059999465942383,18.8700008392334,22903000,False
XLE,2020-12-28,19.1299991607666,19.3700008392334,18.885000228881836,18.940000534057617,18.885000228881836,37824600,False
XLE,2020-12-29,19.05500030517578,19.110000610351562,18.725000381469727,18.815000534057617,18.725000381469727,37968600,False
XLE,2020-12-30,18.829999923706055,19.290000915527344,18.78499984741211,19.110000610351562,18.78499984741211,56436600,False
XLE,2020-12-31,19.024999618530273,19.104999542236328,18.864999771118164,18.950000762939453,18.864999771118164,36309800,False
XLE,2021-01-04,19.170000076293945,19.329999923706055,18.7549991607666,18.979999542236328,18.7549991607666,67717600,False
XLE,2021-01-05,19.184999465942383,20.350000381469727,19.170000076293945,19.829999923706055,19.170000076293945,95473400,False
XLE,2021-01-06,20.219999313354492,20.625,19.959999084472656,20.434999465942383,19.959999084472656,86262800,False
XLE,2021-01-07,20.614999771118164,20.94499969482422,20.399999618530273,20.735000610351562,20.399999618530273,51457200,False
XLE,2021-01-08,21.0,21.0,20.545000076293945,20.709999084472656,20.545000076293945,62744000,False
XLE,2021-01-11,20.260000228881836,21.1200008392334,20.145000457763672,21.03499984741211,20.145000457763672,46890400,False
XLE,2021-01-12,21.290000915527344,21.885000228881836,21.1299991607666,21.770000457763672,21.1299991607666,87947200,False
XLE,2021-01-13,21.844999313354492,21.854999542236328,21.434999465942383,21.600000381469727,21.434999465942383,54764400,False
XLE,2021-01-14,21.735000610351562,22.5,21.71500015258789,22.239999771118164,21.71500015258789,83314600,False
XLE,2021-01-15,21.844999313354492,21.850000381469727,21.165000915527344,21.375,21.165000915527344,95497000,False
XLE,2021-01-19,21.635000228881836,21.954999923706055,21.565000534057617,21.80500030517578,21.565000534057617,55619400,False
XLE,2021-01-20,21.989999771118164,22.045000076293945,21.670000076293945,21.885000228881836,21.670000076293945,50725600,False
XLE,2021-01-21,21.764999389648438,21.875,20.950000762939453,21.145000457763672,20.950000762939453,59968000,False
XLE,2021-01-22,20.68000030517578,21.094999313354492,20.510000228881836,21.03499984741211,20.510000228881836,50444600,False
XLE,2021-01-25,20.80500030517578,20.885000228881836,20.440000534057617,20.81999969482422,20.440000534057617,81823200,False
XLE,2021-01-26,21.0049991607666,21.31999969482422,20.364999771118164,20.375,20.364999771118164,54999600,False
XLE,2021-01-27,20.040000915527344,20.65999984741211,19.7549991607666,20.100000381469727,19.7549991607666,99867200,False
XLE,2021-01-28,20.264999389648438,20.579999923706055,20.079999923706055,20.334999084472656,20.079999923706055,57248200,False
XLE,2021-01-29,20.049999237060547,20.309999465942383,19.584999084472656,19.65999984741211,19.584999084472656,63069000,False
XLE,2021-02-01,19.899999618530273,20.0,19.469999313354492,19.799999237060547,19.469999313354492,61021400,False
XLE,2021-02-02,20.274999618530273,20.4950008392334,20.014999389648438,20.014999389648438,20.014999389648438,63929000,False
XLE,2021-02-03,20.1200008392334,20.924999237060547,20.045000076293945,20.8700008392334,20.045000076293945,74385600,False
XLE,2021-02-04,21.024999618530273,21.104999542236328,20.655000686645508,21.100000381469727,20.655000686645508,48327800,False
XLE,2021-02-05,21.43000030517578,21.5,21.219999313354492,21.280000686645508,21.219999313354492,48196400,False
XLE,2021-02-08,21.59000015258789,22.274999618530273,21.56999969482422,22.170000076293945,21.56999969482422,62368200,False
XLE,2021-02-09,21.9950008392334,22.065000534057617,21.645000457763672,21.934999465942383,21.645000457763672,64798800,False
XLE,2021-02-10,22.010000228881836,22.375,21.8700008392334,22.354999542236328,21.8700008392334,58451000,False
XLE,2021-02-11,22.28499984741211,22.290000915527344,21.545000076293945,22.010000228881836,21.545000076293945,49632600,False
XLE,2021-02-12,21.854999542236328,22.354999542236328,21.815000534057617,22.334999084472656,21.815000534057617,47400800,False
XLE,2021-02-16,22.850000381469727,23.15999984741211,22.735000610351562,22.895000457763672,22.735000610351562,76593400,False
XLE,2021-02-17,23.1299991607666,23.385000228881836,22.795000076293945,23.235000610351562,22.795000076293945,68964400,False
XLE,2021-02-18,23.135000228881836,23.18000030517578,22.639999389648438,22.709999084472656,22.639999389648438,61360200,False
XLE,2021-02-19,22.739999771118164,23.18000030517578,22.71500015258789,23.09000015258789,22.71500015258789,54404200,False
XLE,2021-02-22,23.2450008392334,24.235000610351562,23.204999923706055,23.889999389648438,23.204999923706055,75644600,False
XLE,2021-02-23,24.174999237060547,24.354999542236328,23.2549991607666,24.28499984741211,23.2549991607666,98370800,False
XLE,2021-02-24,24.44499969482422,25.290000915527344,24.239999771118164,25.145000457763672,24.239999771118164,77748800,False
XLE,2021-02-25,25.405000686645508,25.405000686645508,24.489999771118164,24.65999984741211,24.489999771118164,75887800,False
XLE,2021-02-26,24.329999923706055,24.399999618530273,23.364999771118164,24.075000762939453,23.364999771118164,90308800,False
XLE,2021-03-01,24.709999084472656,25.040000915527344,24.530000686645508,24.700000762939453,24.530000686645508,69391600,False
XLE,2021-03-02,24.790000915527344,24.989999771118164,24.549999237060547,24.565000534057617,24.549999237060547,74468200,False
XLE,2021-03-03,24.7450008392334,25.489999771118164,24.739999771118164,24.924999237060547,24.739999771118164,82574400,False
XLE,2021-03-04,25.149999618530273,25.979999542236328,24.915000915527344,25.520000457763672,24.915000915527344,107573800,False
XLE,2021-03-05,26.2450008392334,26.53499984741211,25.59000015258789,26.475000381469727,25.59000015258789,112395800,False
XLE,2021-03-08,26.735000610351562,26.875,26.139999389648438,26.524999618530273,26.139999389648438,100610000,False
XLE,2021-03-09,26.375,26.7549991607666,25.875,26.059999465942383,25.875,118889600,False
XLE,2021-03-10,26.100000381469727,26.809999465942383,25.975000381469727,26.719999313354492,25.975000381469727,78416600,False
XLE,2021-03-11,26.774999618530273,27.184999465942383,26.670000076293945,26.729999542236328,26.670000076293945,50797400,False
XLE,2021-03-12,26.780000686645508,27.024999618530273,26.584999084472656,26.78499984741211,26.584999084472656,59786800,False
XLE,2021-03-15,26.725000381469727,26.799999237060547,26.15999984741211,26.479999542236328,26.15999984741211,60452600,False
XLE,2021-03-16,26.040000915527344,26.065000534057617,25.565000534057617,25.725000381469727,25.565000534057617,77287000,False
XLE,2021-03-17,25.649999618530273,26.049999237060547,25.43000030517578,25.924999237060547,25.43000030517578,64552200,False
XLE,2021-03-18,25.69499969482422,25.809999465942383,24.655000686645508,24.760000228881836,24.655000686645508,87207200,False
XLE,2021-03-19,24.75,25.174999237060547,24.43000030517578,24.764999389648438,24.43000030517578,81158600,False
XLE,2021-03-22,24.450000762939453,24.545000076293945,24.219999313354492,24.270000457763672,24.219999313354492,59561800,False
XLE,2021-03-23,23.780000686645508,24.450000762939453,23.6299991607666,23.915000915527344,23.6299991607666,103196200,False
XLE,2021-03-24,24.280000686645508,24.844999313354492,24.280000686645508,24.514999389648438,24.280000686645508,81630800,False
XLE,2021-03-25,24.104999542236328,24.674999237060547,23.71500015258789,24.604999542236328,23.71500015258789,80670200,False
XLE,2021-03-26,25.049999237060547,25.25,24.764999389648438,25.21500015258789,24.764999389648438,72348600,False
XLE,2021-03-29,25.0,25.1299991607666,24.610000610351562,24.915000915527344,24.610000610351562,47286200,False
XLE,2021-03-30,24.65999984741211,24.96500015258789,24.514999389648438,24.700000762939453,24.514999389648438,53392200,False
XLE,2021-03-31,24.649999618530273,24.760000228881836,24.434999465942383,24.530000686645508,24.434999465942383,48097400,False
XLE,2021-04-01,24.639999389648438,25.165000915527344,24.510000228881836,25.155000686645508,24.510000228881836,65039600,False
XLE,2021-04-05,25.104999542236328,25.110000610351562,24.40999984741211,24.55500030517578,24.40999984741211,53372200,False
XLE,2021-04-06,24.674999237060547,25.0049991607666,24.450000762939453,24.489999771118164,24.450000762939453,53257800,False
XLE,2021-04-07,24.5,24.700000762939453,24.40999984741211,24.575000762939453,24.40999984741211,49888600,False
XLE,2021-04-08,24.399999618530273,24.405000686645508,23.975000381469727,24.2549991607666,23.975000381469727,63766600,False
XLE,2021-04-09,24.25,24.459999084472656,23.985000610351562,24.094999313354492,23.985000610351562,44373400,False
XLE,2021-04-12,24.30500030517578,24.479999542236328,23.81999969482422,23.905000686645508,23.81999969482422,39196200,False
XLE,2021-04-13,23.864999771118164,24.059999465942383,23.690000534057617,23.93000030517578,23.690000534057617,44825400,False
XLE,2021-04-14,24.139999389648438,24.920000076293945,24.114999771118164,24.594999313354492,24.114999771118164,66767800,False
XLE,2021-04-15,24.625,24.625,24.295000076293945,24.395000457763672,24.295000076293945,49686200,False
XLE,2021-04-16,24.575000762939453,24.635000228881836,24.100000381469727,24.200000762939453,24.100000381469727,57189000,False
XLE,2021-04-19,24.25,24.43000030517578,23.940000534057617,24.174999237060547,23.940000534057617,40827800,False
XLE,2021-04-20,24.09000015258789,24.125,23.295000076293945,23.53499984741211,23.295000076293945,72574000,False
XLE,2021-04-21,23.235000610351562,23.920000076293945,23.125,23.834999084472656,23.125,56991000,False
XLE,2021-04-22,23.950000762939453,23.959999084472656,23.475000381469727,23.55500030517578,23.475000381469727,50062800,False
XLE,2021-04-23,23.575000762939453,23.875,23.434999465942383,23.770000457763672,23.434999465942383,33897800,False
XLE,2021-04-26,23.68000030517578,24.110000610351562,23.68000030517578,23.93000030517578,23.68000030517578,35891800,False
XLE,2021-04-27,24.020000457763672,24.30500030517578,23.90999984741211,24.219999313354492,23.90999984741211,42268800,False
XLE,2021-04-28,24.399999618530273,25.149999618530273,24.3799991607666,25.05500030517578,24.3799991607666,65874000,False
XLE,2021-04-29,25.415000915527344,25.645000457763672,25.024999618530273,25.334999084472656,25.024999618530273,66042400,False
XLE,2021-04-30,24.975000381469727,25.31999969482422,24.639999389648438,24.69499969482422,24.639999389648438,58519000,False
XLE,2021-05-03,24.979999542236328,25.440000534057617,24.899999618530273,25.375,24.899999618530273,45740000,False
XLE,2021-05-04,25.424999237060547,25.614999771118164,25.100000381469727,25.389999389648438,25.100000381469727,53917600,False
XLE,2021-05-05,25.704999923706055,26.290000915527344,25.704999923706055,26.209999084472656,25.704999923706055,79621200,False
XLE,2021-05-06,26.204999923706055,26.344999313354492,25.719999313354492,26.344999313354492,25.719999313354492,58710400,False
XLE,2021-05-07,26.075000762939453,26.860000610351562,25.979999542236328,26.815000534057617,25.979999542236328,63196200,False
XLE,2021-05-10,27.149999618530273,27.56999969482422,26.80500030517578,26.825000762939453,26.80500030517578,68998000,False
XLE,2021-05-11,26.264999389648438,26.639999389648438,25.905000686645508,26.135000228881836,25.905000686645508,113531800,False
XLE,2021-05-12,26.270000457763672,27.03499984741211,26.139999389648438,26.260000228881836,26.139999389648438,82195600,False
XLE,2021-05-13,25.94499969482422,26.424999237060547,25.59000015258789,25.940000534057617,25.59000015258789,79698200,False
XLE,2021-05-14,26.225000381469727,26.844999313354492,26.225000381469727,26.7450008392334,26.225000381469727,57183600,False
XLE,2021-05-17,26.649999618530273,27.375,26.610000610351562,27.364999771118164,26.610000610351562,67404200,False
XLE,2021-05-18,27.325000762939453,27.424999237060547,26.68000030517578,26.729999542236328,26.68000030517578,70435400,False
XLE,2021-05-19,26.104999542236328,26.360000610351562,25.700000762939453,26.065000534057617,25.700000762939453,87969600,False
XLE,2021-05-20,26.05500030517578,26.145000457763672,25.655000686645508,26.024999618530273,25.655000686645508,56522600,False
XLE,2021-05-21,26.28499984741211,26.469999313354492,26.059999465942383,26.079999923706055,26.059999465942383,50539800,False
XLE,2021-05-24,26.260000228881836,26.399999618530273,25.96500015258789,26.34000015258789,25.96500015258789,48020400,False
XLE,2021-05-25,26.274999618530273,26.344999313354492,25.764999389648438,25.80500030517578,25.764999389648438,48558600,False
XLE,2021-05-26,25.829999923706055,26.1299991607666,25.709999084472656,26.03499984741211,25.709999084472656,39554400,False
XLE,2021-05-27,26.139999389648438,26.375,25.90999984741211,26.05500030517578,25.90999984741211,39053600,False
XLE,2021-05-28,26.200000762939453,26.235000610351562,25.96500015258789,26.104999542236328,25.96500015258789,37125400,False
XLE,2021-06-01,26.6200008392334,27.170000076293945,26.604999542236328,27.110000610351562,26.604999542236328,72570200,False
XLE,2021-06-02,27.274999618530273,27.7450008392334,26.954999923706055,27.614999771118164,26.954999923706055,67893400,False
XLE,2021-06-03,27.5,27.844999313354492,27.325000762939453,27.690000534057617,27.325000762939453,58761600,False
XLE,2021-06-04,27.8700008392334,27.989999771118164,27.46500015258789,27.875,27.46500015258789,52658800,False
XLE,2021-06-07,27.8700008392334,28.040000915527344,27.71500015258789,27.7549991607666,27.71500015258789,40070400,False
XLE,2021-06-08,27.65999984741211,28.045000076293945,27.329999923706055,27.9950008392334,27.329999923706055,57553000,False
XLE,2021-06-09,28.075000762939453,28.19499969482422,27.80500030517578,27.81999969482422,27.80500030517578,56052200,False
XLE,2021-06-10,28.19499969482422,28.325000762939453,27.489999771118164,27.78499984741211,27.489999771118164,57353800,False
XLE,2021-06-11,27.885000228881836,28.040000915527344,27.655000686645508,27.690000534057617,27.655000686645508,38091400,False
XLE,2021-06-14,27.790000915527344,27.959999084472656,27.344999313354492,27.56999969482422,27.344999313354492,37745000,False
XLE,2021-06-15,27.7450008392334,28.170000076293945,27.674999237060547,28.094999313354492,27.674999237060547,64285000,False
XLE,2021-06-16,28.049999237060547,28.274999618530273,27.700000762939453,27.94499969482422,27.700000762939453,60786400,False
XLE,2021-06-17,27.875,28.110000610351562,26.6299991607666,26.9950008392334,26.6299991607666,106941800,False
XLE,2021-06-18,26.43000030517578,26.764999389648438,26.174999237060547,26.19499969482422,26.174999237060547,113812200,False
XLE,2021-06-21,26.145000457763672,27.084999084472656,26.145000457763672,27.03499984741211,26.145000457763672,84366800,False
XLE,2021-06-22,26.969999313354492,27.31999969482422,26.674999237060547,27.21500015258789,26.674999237060547,48344400,False
XLE,2021-06-23,27.46500015258789,27.774999618530273,27.239999771118164,27.290000915527344,27.239999771118164,40553000,False
XLE,2021-06-24,27.415000915527344,27.545000076293945,27.149999618530273,27.524999618530273,27.149999618530273,41756800,False
XLE,2021-06-25,27.600000381469727,27.684999465942383,27.44499969482422,27.670000076293945,27.44499969482422,38330000,False
XLE,2021-06-28,27.549999237060547,27.565000534057617,26.625,26.735000610351562,26.625,65702800,False
XLE,2021-06-29,26.895000457763672,27.045000076293945,26.56999969482422,26.604999542236328,26.56999969482422,31911000,False
XLE,2021-06-30,26.684999465942383,27.014999389648438,26.65999984741211,26.934999465942383,26.65999984741211,47034000,False
XLE,2021-07-01,27.549999237060547,27.635000228881836,27.149999618530273,27.405000686645508,27.149999618530273,47251600,False
XLE,2021-07-02,27.290000915527344,27.434999465942383,27.05500030517578,27.344999313354492,27.05500030517578,30471800,False
XLE,2021-07-06,27.2549991607666,27.30500030517578,26.344999313354492,26.454999923706055,26.344999313354492,68446200,False
XLE,2021-07-07,26.415000915527344,26.65999984741211,25.735000610351562,26.024999618530273,25.735000610351562,60823800,False
XLE,2021-07-08,25.565000534057617,26.1200008392334,25.475000381469727,25.875,25.475000381469727,49379800,False
XLE,2021-07-09,26.204999923706055,26.44499969482422,25.899999618530273,26.424999237060547,25.899999618530273,51206000,False
XLE,2021-07-12,26.125,26.545000076293945,25.940000534057617,26.385000228881836,25.940000534057617,41353000,False
XLE,2021-07-13,26.2549991607666,26.420000076293945,26.030000686645508,26.184999465942383,26.030000686645508,49786800,False
XLE,2021-07-14,26.264999389648438,26.56999969482422,25.30500030517578,25.405000686645508,25.30500030517578,66999400,False
XLE,2021-07-15,25.1299991607666,25.434999465942383,24.93000030517578,25.049999237060547,24.93000030517578,59670800,False
XLE,2021-07-16,25.239999771118164,25.25,24.295000076293945,24.34000015258789,24.295000076293945,74253800,False
XLE,2021-07-19,23.510000228881836,23.815000534057617,23.149999618530273,23.479999542236328,23.149999618530273,114994800,False
XLE,2021-07-20,23.489999771118164,24.045000076293945,23.290000915527344,23.795000076293945,23.290000915527344,83342000,False
XLE,2021-07-21,24.264999389648438,24.825000762939453,24.209999084472656,24.625,24.209999084472656,82042600,False
XLE,2021-07-22,24.600000381469727,24.600000381469727,24.139999389648438,24.350000381469727,24.139999389648438,47270000,False
XLE,2021-07-23,24.43000030517578,24.440000534057617,24.014999389648438,24.260000228881836,24.014999389648438,46951800,False
XLE,2021-07-26,24.31999969482422,24.959999084472656,24.274999618530273,24.860000610351562,24.274999618530273,47266200,False
XLE,2021-07-27,24.665000915527344,24.704999923706055,24.34000015258789,24.6299991607666,24.34000015258789,46888400,False
XLE,2021-07-28,24.69499969482422,25.059999465942383,24.469999313354492,24.854999542236328,24.469999313354492,39169200,False
XLE,2021-07-29,25.174999237060547,25.28499984741211,24.94499969482422,25.094999313354492,24.94499969482422,43794000,False
XLE,2021-07-30,25.045000076293945,25.149999618530273,24.545000076293945,24.69499969482422,24.545000076293945,49600600,False
XLE,2021-08-02,24.709999084472656,25.309999465942383,24.469999313354492,24.510000228881836,24.469999313354492,57810800,False
XLE,2021-08-03,24.43000030517578,24.979999542236328,24.200000762939453,24.93000030517578,24.200000762939453,64302000,False
XLE,2021-08-04,24.479999542236328,24.78499984741211,24.219999313354492,24.2549991607666,24.219999313354492,64523800,False
XLE,2021-08-05,24.405000686645508,24.829999923706055,24.299999237060547,24.530000686645508,24.299999237060547,45800000,False
XLE,2021-08-06,24.739999771118164,24.950000762939453,24.6200008392334,24.7549991607666,24.6200008392334,36214800,False
XLE,2021-08-09,24.424999237060547,24.600000381469727,24.239999771118164,24.405000686645508,24.239999771118164,42193400,False
XLE,2021-08-10,24.53499984741211,24.899999618530273,24.5049991607666,24.834999084472656,24.5049991607666,53283000,False
XLE,2021-08-11,24.770000457763672,25.075000762939453,24.614999771118164,25.030000686645508,24.614999771118164,47686200,False
XLE,2021-08-12,25.010000228881836,25.145000457763672,24.700000762939453,25.0049991607666,24.700000762939453,36517200,False
XLE,2021-08-13,25.020000457763672,25.020000457763672,24.649999618530273,24.709999084472656,24.649999618530273,33050800,False
XLE,2021-08-16,24.375,24.385000228881836,24.040000915527344,24.2549991607666,24.040000915527344,48258400,False
XLE,2021-08-17,24.020000457763672,24.395000457763672,23.790000915527344,24.0049991607666,23.790000915527344,51108200,False
XLE,2021-08-18,24.0,24.190000534057617,23.475000381469727,23.5049991607666,23.475000381469727,56305800,False
XLE,2021-08-19,23.100000381469727,23.25,22.56999969482422,22.895000457763672,22.56999969482422,99256200,False
XLE,2021-08-20,22.684999465942383,23.09000015258789,22.584999084472656,22.94499969482422,22.584999084472656,61587600,False
XLE,2021-08-23,23.5,23.8700008392334,23.450000762939453,23.80500030517578,23.450000762939453,58704400,False
XLE,2021-08-24,24.0049991607666,24.325000762939453,23.96500015258789,24.200000762939453,23.96500015258789,45382200,False
XLE,2021-08-25,24.149999618530273,24.520000457763672,23.989999771118164,24.385000228881836,23.989999771118164,39817600,False
XLE,2021-08-26,24.2450008392334,24.3799991607666,23.975000381469727,24.014999389648438,23.975000381469727,41465400,False
XLE,2021-08-27,24.315000534057617,24.81999969482422,24.260000228881836,24.655000686645508,24.260000228881836,46202600,False
XLE,2021-08-30,24.75,24.844999313354492,24.354999542236328,24.364999771118164,24.354999542236328,31817800,False
XLE,2021-08-31,24.2450008392334,24.46500015258789,24.139999389648438,24.200000762939453,24.139999389648438,53873200,False
XLE,2021-09-01,24.174999237060547,24.315000534057617,23.7549991607666,23.844999313354492,23.7549991607666,63459800,False
XLE,2021-09-02,24.065000534057617,24.645000457763672,24.065000534057617,24.450000762939453,24.065000534057617,61635400,False
XLE,2021-09-03,24.399999618530273,24.579999923706055,24.19499969482422,24.309999465942383,24.19499969482422,39162800,False
XLE,2021-09-07,24.19499969482422,24.5,24.075000762939453,24.165000915527344,24.075000762939453,42472800,False
XLE,2021-09-08,24.299999237060547,24.459999084472656,23.84000015258789,23.854999542236328,23.84000015258789,43798400,False
XLE,2021-09-09,23.69499969482422,24.280000686645508,23.56999969482422,23.905000686645508,23.56999969482422,50529600,False
XLE,2021-09-10,24.274999618530273,24.325000762939453,23.81999969482422,23.895000457763672,23.81999969482422,37513000,False
XLE,2021-09-13,24.204999923706055,24.7450008392334,24.204999923706055,24.579999923706055,24.204999923706055,68499600,False
XLE,2021-09-14,24.799999237060547,24.844999313354492,24.1200008392334,24.225000381469727,24.1200008392334,58935800,False
XLE,2021-09-15,24.56999969482422,25.149999618530273,24.530000686645508,25.1299991607666,24.530000686645508,76695000,False
XLE,2021-09-16,25.104999542236328,25.110000610351562,24.709999084472656,24.844999313354492,24.709999084472656,60643800,False
XLE,2021-09-17,24.719999313354492,25.110000610351562,24.594999313354492,24.65999984741211,24.594999313354492,64459000,False
XLE,2021-09-20,23.774999618530273,23.905000686645508,23.235000610351562,23.6200008392334,23.235000610351562,85660000,False
XLE,2021-09-21,23.899999618530273,24.024999618530273,23.424999237060547,23.674999237060547,23.424999237060547,51323400,False
XLE,2021-09-22,24.075000762939453,24.690000534057617,24.075000762939453,24.405000686645508,24.075000762939453,79252200,False
XLE,2021-09-23,24.540000915527344,25.334999084472656,24.424999237060547,25.260000228881836,24.424999237060547,49734200,False
XLE,2021-09-24,25.125,25.579999923706055,25.075000762939453,25.450000762939453,25.075000762939453,55503000,False
XLE,2021-09-27,26.010000228881836,26.459999084472656,25.975000381469727,26.354999542236328,25.975000381469727,81697400,False
XLE,2021-09-28,26.604999542236328,26.915000915527344,26.385000228881836,26.44499969482422,26.385000228881836,132975200,False
XLE,2021-09-29,26.420000076293945,26.610000610351562,26.094999313354492,26.44499969482422,26.094999313354492,69894400,False
XLE,2021-09-30,26.3700008392334,26.514999389648438,26.045000076293945,26.045000076293945,26.045000076293945,89198800,False
XLE,2021-10-01,26.235000610351562,26.94499969482422,26.235000610351562,26.920000076293945,26.235000610351562,83312000,False
XLE,2021-10-04,27.209999084472656,27.65999984741211,27.084999084472656,27.360000610351562,27.084999084472656,114815800,False
XLE,2021-10-05,27.75,28.024999618530273,27.235000610351562,27.520000457763672,27.235000610351562,98029600,False
XLE,2021-10-06,27.065000534057617,27.3799991607666,26.75,27.229999542236328,26.75,100174800,False
XLE,2021-10-07,27.299999237060547,27.59000015258789,27.165000915527344,27.440000534057617,27.165000915527344,77596200,False
XLE,2021-10-08,27.729999542236328,28.350000381469727,27.665000915527344,28.28499984741211,27.665000915527344,86200400,False
XLE,2021-10-11,28.709999084472656,28.795000076293945,28.155000686645508,28.18000030517578,28.155000686645508,86021400,False
XLE,2021-10-12,28.125,28.475000381469727,28.010000228881836,28.204999923706055,28.010000228881836,71038200,False
XLE,2021-10-13,28.0,28.325000762939453,27.684999465942383,28.18000030517578,27.684999465942383,57902600,False
XLE,2021-10-14,28.5,28.645000457763672,28.239999771118164,28.524999618530273,28.239999771118164,46786600,False
XLE,2021-10-15,28.844999313354492,28.954999923706055,28.649999618530273,28.665000915527344,28.649999618530273,45354800,False
XLE,2021-10-18,28.94499969482422,29.104999542236328,28.524999618530273,28.684999465942383,28.524999618530273,65257600,False
XLE,2021-10-19,28.80500030517578,29.110000610351562,28.649999618530273,29.010000228881836,28.649999618530273,44552600,False
XLE,2021-10-20,28.790000915527344,29.25,28.674999237060547,29.2450008392334,28.674999237060547,50212600,False
XLE,2021-10-21,29.020000457763672,29.125,28.469999313354492,28.704999923706055,28.469999313354492,64241800,False
XLE,2021-10-22,28.809999465942383,29.0,28.540000915527344,28.975000381469727,28.540000915527344,43005000,False
XLE,2021-10-25,29.329999923706055,29.559999465942383,29.174999237060547,29.399999618530273,29.174999237060547,50112200,False
XLE,2021-10-26,29.5,29.704999923706055,29.389999389648438,29.56999969482422,29.389999389648438,45503200,False
XLE,2021-10-27,29.25,29.40999984741211,28.655000686645508,28.719999313354492,28.655000686645508,68007600,False
XLE,2021-10-28,28.565000534057617,28.950000762939453,28.559999465942383,28.924999237060547,28.559999465942383,46735000,False
XLE,2021-10-29,29.06999969482422,29.135000228881836,28.614999771118164,28.735000610351562,28.614999771118164,43997800,False
XLE,2021-11-01,29.020000457763672,29.309999465942383,28.940000534057617,29.229999542236328,28.940000534057617,49656800,False
XLE,2021-11-02,29.059999465942383,29.28499984741211,28.860000610351562,28.954999923706055,28.860000610351562,34125400,False
XLE,2021-11-03,28.604999542236328,29.014999389648438,28.485000610351562,28.71500015258789,28.485000610351562,46674800,False
XLE,2021-11-04,29.139999389648438,29.21500015258789,28.4950008392334,28.7549991607666,28.4950008392334,76363200,False
XLE,2021-11-05,29.149999618530273,29.260000228881836,28.889999389648438,29.1299991607666,28.889999389648438,45207000,False
XLE,2021-11-08,29.375,29.700000762939453,29.235000610351562,29.395000457763672,29.235000610351562,40022400,False
XLE,2021-11-09,29.43000030517578,29.524999618530273,29.010000228881836,29.514999389648438,29.010000228881836,39378000,False
XLE,2021-11-10,29.389999389648438,29.485000610351562,28.565000534057617,28.735000610351562,28.565000534057617,72033000,False
XLE,2021-11-11,28.7549991607666,29.040000915527344,28.7549991607666,28.844999313354492,28.7549991607666,48996600,False
XLE,2021-11-12,28.725000381469727,28.889999389648438,28.600000381469727,28.774999618530273,28.600000381469727,34190000,False
XLE,2021-11-15,28.75,29.184999465942383,28.5049991607666,29.014999389648438,28.5049991607666,42751400,False
XLE,2021-11-16,29.100000381469727,29.295000076293945,28.920000076293945,29.059999465942383,28.920000076293945,40958800,False
XLE,2021-11-17,28.774999618530273,29.190000534057617,28.514999389648438,28.614999771118164,28.514999389648438,47339000,False
XLE,2021-11-18,28.549999237060547,28.774999618530273,28.100000381469727,28.44499969482422,28.100000381469727,57911000,False
XLE,2021-11-19,27.829999923706055,27.905000686645508,27.274999618530273,27.334999084472656,27.274999618530273,91379600,False
XLE,2021-11-22,27.295000076293945,28.239999771118164,27.290000915527344,27.81999969482422,27.290000915527344,67785800,False
XLE,2021-11-23,28.184999465942383,28.770000457763672,28.15999984741211,28.674999237060547,28.15999984741211,67724600,False
XLE,2021-11-24,28.524999618530273,29.1200008392334,28.485000610351562,28.954999923706055,28.485000610351562,42868600,False
XLE,2021-11-26,27.520000457763672,27.8799991607666,27.06999969482422,27.790000915527344,27.06999969482422,89454400,False
XLE,2021-11-29,28.395000457763672,28.68000030517578,27.860000610351562,27.950000762939453,27.860000610351562,70882400,False
XLE,2021-11-30,27.424999237060547,27.84000015258789,27.15999984741211,27.295000076293945,27.15999984741211,92524000,False
XLE,2021-12-01,27.934999465942383,28.190000534057617,26.989999771118164,27.0049991607666,26.989999771118164,89549600,False
XLE,2021-12-02,27.020000457763672,27.889999389648438,26.700000762939453,27.790000915527344,26.700000762939453,100743800,False
XLE,2021-12-03,28.165000915527344,28.290000915527344,27.30500030517578,27.56999969482422,27.30500030517578,75880200,False
XLE,2021-12-06,27.9950008392334,28.309999465942383,27.649999618530273,27.979999542236328,27.649999618530273,63939000,False
XLE,2021-12-07,28.3700008392334,28.905000686645508,28.334999084472656,28.635000228881836,28.334999084472656,73686600,False
XLE,2021-12-08,28.795000076293945,28.934999465942383,28.56999969482422,28.6299991607666,28.56999969482422,47030000,False
XLE,2021-12-09,28.450000762939453,28.524999618530273,28.235000610351562,28.40999984741211,28.235000610351562,46798800,False
XLE,2021-12-10,28.71500015258789,28.735000610351562,28.110000610351562,28.6200008392334,28.110000610351562,39051200,False
XLE,2021-12-13,28.364999771118164,28.450000762939453,27.690000534057617,27.825000762939453,27.690000534057617,57208000,False
XLE,2021-12-14,27.655000686645508,28.135000228881836,27.614999771118164,27.709999084472656,27.614999771118164,57597600,False
XLE,2021-12-15,27.670000076293945,27.739999771118164,26.959999084472656,27.575000762939453,26.959999084472656,67716200,False
XLE,2021-12-16,27.815000534057617,28.31999969482422,27.704999923706055,27.75,27.704999923706055,53731800,False
XLE,2021-12-17,27.549999237060547,27.674999237060547,26.940000534057617,27.184999465942383,26.940000534057617,69270200,False
XLE,2021-12-20,26.114999771118164,26.524999618530273,25.829999923706055,26.5049991607666,25.829999923706055,72661600,False
XLE,2021-12-21,26.774999618530273,27.360000610351562,26.764999389648438,27.260000228881836,26.764999389648438,50319400,False
XLE,2021-12-22,27.290000915527344,27.6200008392334,26.959999084472656,27.434999465942383,26.959999084472656,42206200,False
XLE,2021-12-23,27.55500030517578,27.829999923706055,27.440000534057617,27.450000762939453,27.440000534057617,33370600,False
XLE,2021-12-27,27.360000610351562,28.075000762939453,27.1299991607666,28.049999237060547,27.1299991607666,43484400,False
XLE,2021-12-28,28.1200008392334,28.30500030517578,27.875,28.030000686645508,27.875,35877000,False
XLE,2021-12-29,27.985000610351562,28.1200008392334,27.71500015258789,27.850000381469727,27.71500015258789,30218200,False
XLE,2021-12-30,27.860000610351562,28.079999923706055,27.655000686645508,27.68000030517578,27.655000686645508,27180000,False
XLE,2021-12-31,27.610000610351562,27.895000457763672,27.565000534057617,27.75,27.565000534057617,26482400,False
XLE,2022-01-03,27.790000915527344,28.655000686645508,27.774999618530273,28.610000610351562,27.774999618530273,65054200,False
XLE,2022-01-04,29.0,29.71500015258789,28.905000686645508,29.600000381469727,28.905000686645508,79957600,False
XLE,2022-01-05,29.889999389648438,30.219999313354492,29.549999237060547,29.594999313354492,29.549999237060547,90804000,False
XLE,2022-01-06,30.290000915527344,30.424999237060547,29.829999923706055,30.2549991607666,29.829999923706055,74681400,False
XLE,2022-01-07,30.3700008392334,30.75,30.15999984741211,30.670000076293945,30.15999984741211,71169200,False
XLE,2022-01-10,30.739999771118164,30.799999237060547,30.174999237060547,30.575000762939453,30.174999237060547,66473000,False
XLE,2022-01-11,30.84000015258789,31.670000076293945,30.579999923706055,31.614999771118164,30.579999923706055,76887800,False
XLE,2022-01-12,31.78499984741211,31.8700008392334,31.44499969482422,31.674999237060547,31.44499969482422,60496800,False
XLE,2022-01-13,31.674999237060547,31.93000030517578,31.385000228881836,31.514999389648438,31.385000228881836,59554000,False
XLE,2022-01-14,31.545000076293945,32.30500030517578,31.524999618530273,32.255001068115234,31.524999618530273,64801000,False
XLE,2022-01-18,32.599998474121094,32.76499938964844,31.889999389648438,32.3849983215332,31.889999389648438,82133400,False
XLE,2022-01-19,32.6349983215332,32.66999816894531,31.895000457763672,32.150001525878906,31.895000457763672,65978000,False
XLE,2022-01-20,31.940000534057617,32.709999084472656,31.790000915527344,31.854999542236328,31.790000915527344,83980800,False
XLE,2022-01-21,31.4950008392334,31.69499969482422,30.895000457763672,31.225000381469727,30.895000457763672,114539600,False
XLE,2022-01-24,30.485000610351562,31.545000076293945,29.920000076293945,31.434999465942383,29.920000076293945,124505600,False
XLE,2022-01-25,31.315000534057617,32.775001525878906,30.735000610351562,32.654998779296875,30.735000610351562,118434400,False
XLE,2022-01-26,33.0,33.26499938964844,32.244998931884766,32.599998474121094,32.244998931884766,130725400,False
XLE,2022-01-27,33.17499923706055,33.529998779296875,32.40999984741211,32.95500183105469,32.40999984741211,108901400,False
XLE,2022-01-28,32.73500061035156,33.1349983215332,32.130001068115234,32.814998626708984,32.130001068115234,105302400,False
XLE,2022-01-31,32.7400016784668,33.16999816894531,32.220001220703125,32.959999084472656,32.220001220703125,63298400,False
XLE,2022-02-01,32.76499938964844,34.21500015258789,32.689998626708984,34.1349983215332,32.689998626708984,90444600,False
XLE,2022-02-02,33.959999084472656,34.310001373291016,33.540000915527344,34.244998931884766,33.540000915527344,65197000,False
XLE,2022-02-03,34.10499954223633,34.17499923706055,33.54999923706055,33.91999816894531,33.54999923706055,61962600,False
XLE,2022-02-04,34.349998474121094,35.0,34.27000045776367,34.45000076293945,34.27000045776367,81733400,False
XLE,2022-02-07,34.28499984741211,35.21500015258789,34.025001525878906,34.88999938964844,34.025001525878906,65165000,False
XLE,2022-02-08,34.78499984741211,34.85499954223633,33.900001525878906,34.13999938964844,33.900001525878906,75764200,False
XLE,2022-02-09,34.220001220703125,34.689998626708984,34.1349983215332,34.42499923706055,34.1349983215332,70791400,False
XLE,2022-02-10,34.255001068115234,34.869998931884766,33.98500061035156,34.209999084472656,33.98500061035156,75643200,False
XLE,2022-02-11,34.439998626708984,35.25,34.224998474121094,35.20500183105469,34.224998474121094,93034000,False
XLE,2022-02-14,34.9900016784668,35.029998779296875,33.96500015258789,34.375,33.96500015258789,99633000,False
XLE,2022-02-15,33.529998779296875,34.095001220703125,33.34000015258789,34.01499938964844,33.34000015258789,86092200,False
XLE,2022-02-16,34.28499984741211,34.8849983215332,34.08000183105469,34.290000915527344,34.08000183105469,73444200,False
XLE,2022-02-17,34.2599983215332,34.595001220703125,33.970001220703125,34.23500061035156,33.970001220703125,67622800,False
XLE,2022-02-18,33.75,34.29499816894531,33.69499969482422,34.025001525878906,33.69499969482422,63291600,False
XLE,2022-02-22,35.05500030517578,35.05500030517578,32.970001220703125,33.474998474121094,32.970001220703125,93002800,False
XLE,2022-02-23,33.66999816894531,34.08000183105469,33.474998474121094,33.81999969482422,33.474998474121094,67958000,False
XLE,2022-02-24,34.540000915527344,34.58000183105469,32.68000030517578,33.55500030517578,32.68000030517578,123485800,False
XLE,2022-02-25,33.630001068115234,34.474998474121094,33.630001068115234,34.439998626708984,33.630001068115234,78423000,False
XLE,2022-02-28,34.19499969482422,35.33000183105469,34.005001068115234,35.290000915527344,34.005001068115234,96394200,False
XLE,2022-03-01,35.60499954223633,36.244998931884766,35.14500045776367,35.64500045776367,35.14500045776367,124231000,False
XLE,2022-03-02,36.189998626708984,36.75,36.01499938964844,36.459999084472656,36.01499938964844,90908200,False
XLE,2022-03-03,36.10499954223633,36.810001373291016,36.029998779296875,36.560001373291016,36.029998779296875,89119800,False
XLE,2022-03-04,36.55500030517578,37.6349983215332,36.459999084472656,37.6150016784668,36.459999084472656,105216800,False
XLE,2022-03-07,38.005001068115234,38.779998779296875,37.31999969482422,38.16999816894531,37.31999969482422,131214800,False
XLE,2022-03-08,39.040000915527344,40.11000061035156,37.665000915527344,38.77000045776367,37.665000915527344,196054400,False
XLE,2022-03-09,37.349998474121094,38.470001220703125,36.75,37.584999084472656,36.75,174036400,False
XLE,2022-03-10,38.029998779296875,38.834999084472656,37.7599983215332,38.73500061035156,37.7599983215332,137802600,False
XLE,2022-03-11,38.1150016784668,38.904998779296875,38.05500030517578,38.42499923706055,38.05500030517578,91837800,False
XLE,2022-03-14,37.60499954223633,37.869998931884766,36.775001525878906,37.275001525878906,36.775001525878906,101490000,False
XLE,2022-03-15,35.83000183105469,36.32500076293945,35.220001220703125,35.90999984741211,35.220001220703125,124724400,False
XLE,2022-03-16,36.04499816894531,36.36000061035156,35.369998931884766,35.744998931884766,35.369998931884766,107536200,False
XLE,2022-03-17,36.380001068115234,37.06999969482422,36.154998779296875,36.974998474121094,36.154998779296875,76956400,False
XLE,2022-03-18,36.90999984741211,37.189998626708984,36.65999984741211,36.939998626708984,36.65999984741211,58550800,False
XLE,2022-03-21,37.33000183105469,38.185001373291016,37.310001373291016,38.064998626708984,37.310001373291016,68714800,False
XLE,2022-03-22,37.904998779296875,38.1150016784668,37.35499954223633,37.78499984741211,37.35499954223633,66462200,False
XLE,2022-03-23,38.494998931884766,38.790000915527344,38.310001373291016,38.435001373291016,38.310001373291016,58663000,False
XLE,2022-03-24,38.58000183105469,38.90999984741211,38.275001525878906,38.529998779296875,38.275001525878906,52700600,False
XLE,2022-03-25,38.29999923706055,39.42499923706055,38.27000045776367,39.375,38.27000045776367,56083600,False
XLE,2022-03-28,38.564998626708984,38.58000183105469,38.154998779296875,38.400001525878906,38.154998779296875,69760400,False
XLE,2022-03-29,37.540000915527344,38.31999969482422,37.095001220703125,38.29999923706055,37.095001220703125,73274000,False
XLE,2022-03-30,38.66999816894531,39.02000045776367,38.43000030517578,38.744998931884766,38.43000030517578,49736400,False
XLE,2022-03-31,38.380001068115234,39.10499954223633,38.21500015258789,38.220001220703125,38.21500015258789,65606600,False
XLE,2022-04-01,38.16999816894531,38.88999938964844,38.14500045776367,38.529998779296875,38.14500045776367,49612600,False
XLE,2022-04-04,38.779998779296875,38.904998779296875,38.16999816894531,38.58000183105469,38.16999816894531,46007400,False
XLE,2022-04-05,38.650001525878906,39.244998931884766,37.93000030517578,37.974998474121094,37.93000030517578,54577200,False
XLE,2022-04-06,38.38999938964844,38.73500061035156,37.98500061035156,38.20000076293945,37.98500061035156,64328400,False
XLE,2022-04-07,38.380001068115234,38.83000183105469,37.66999816894531,38.70000076293945,37.66999816894531,54097400,False
XLE,2022-04-08,38.80500030517578,39.875,38.80500030517578,39.76499938964844,38.80500030517578,53426200,False
XLE,2022-04-11,39.34000015258789,39.349998474121094,38.48500061035156,38.56999969482422,38.48500061035156,52461000,False
XLE,2022-04-12,39.349998474121094,39.92499923706055,39.1349983215332,39.209999084472656,39.1349983215332,63929400,False
XLE,2022-04-13,39.689998626708984,39.904998779296875,39.03499984741211,39.79499816894531,39.03499984741211,49295800,False
XLE,2022-04-14,39.60499954223633,40.2400016784668,39.54499816894531,39.92499923706055,39.54499816894531,51869400,False
XLE,2022-04-18,40.255001068115234,40.75,40.005001068115234,40.5099983215332,40.005001068115234,60913200,False
XLE,2022-04-19,40.29999923706055,40.69499969482422,39.94499969482422,40.18000030517578,39.94499969482422,45727800,False
XLE,2022-04-20,40.28499984741211,40.54999923706055,39.89500045776367,40.334999084472656,39.89500045776367,52079400,False
XLE,2022-04-21,40.57500076293945,40.755001068115234,38.904998779296875,39.05500030517578,38.904998779296875,65157800,False
XLE,2022-04-22,38.900001525878906,39.459999084472656,38.084999084472656,38.099998474121094,38.084999084472656,71499200,False
XLE,2022-04-25,36.900001525878906,37.040000915527344,35.5,36.84000015258789,35.5,110724400,False
XLE,2022-04-26,37.1150016784668,37.900001525878906,36.79499816894531,36.88999938964844,36.79499816894531,89168600,False
XLE,2022-04-27,37.125,37.79499816894531,36.459999084472656,37.43000030517578,36.459999084472656,89132600,False
XLE,2022-04-28,37.68000030517578,38.880001068115234,36.939998626708984,38.564998626708984,36.939998626708984,87469600,False
XLE,2022-04-29,38.650001525878906,38.869998931884766,37.439998626708984,37.57500076293945,37.439998626708984,79416200,False
XLE,2022-05-02,37.345001220703125,38.189998626708984,37.22999954223633,38.17499923706055,37.22999954223633,104141200,False
XLE,2022-05-03,38.244998931884766,39.42499923706055,38.220001220703125,39.244998931884766,38.220001220703125,83298800,False
XLE,2022-05-04,40.0,40.959999084472656,39.4900016784668,40.875,39.4900016784668,90767400,False
XLE,2022-05-05,41.165000915527344,41.20500183105469,39.439998626708984,40.2599983215332,39.439998626708984,93194000,False
XLE,2022-05-06,40.779998779296875,41.46500015258789,39.96500015258789,41.459999084472656,39.96500015258789,94245600,False
XLE,2022-05-09,40.56999969482422,40.60499954223633,37.875,38.029998779296875,37.875,106044000,True
XLE,2022-05-10,38.6150016784668,39.345001220703125,37.564998626708984,38.375,37.564998626708984,113727800,False
XLE,2022-05-11,39.01499938964844,40.165000915527344,38.82500076293945,38.88999938964844,38.82500076293945,99705000,False
XLE,2022-05-12,38.875,39.07500076293945,37.84000015258789,39.05500030517578,37.84000015258789,90043600,False
XLE,2022-05-13,39.6349983215332,40.54999923706055,39.564998626708984,40.38999938964844,39.564998626708984,59437400,False
XLE,2022-05-16,40.53499984741211,41.880001068115234,40.5099983215332,41.45500183105469,40.5099983215332,56518800,False
XLE,2022-05-17,42.01499938964844,42.189998626708984,41.560001373291016,41.935001373291016,41.560001373291016,56329400,False
XLE,2022-05-18,42.23500061035156,42.28499984741211,40.369998931884766,40.86000061035156,40.369998931884766,66461400,False
XLE,2022-05-19,39.93000030517578,41.39500045776367,39.93000030517578,40.709999084472656,39.93000030517578,71441000,False
XLE,2022-05-20,41.209999084472656,41.69499969482422,40.064998626708984,40.8849983215332,40.064998626708984,63840000,False
XLE,2022-05-23,41.369998931884766,42.11000061035156,41.1150016784668,41.96500015258789,41.1150016784668,53289400,False
XLE,2022-05-24,41.5,42.29999923706055,41.18000030517578,42.125,41.18000030517578,53127600,False
XLE,2022-05-25,42.27000045776367,43.05500030517578,42.209999084472656,42.994998931884766,42.209999084472656,52648000,False
XLE,2022-05-26,43.255001068115234,43.79499816894531,43.224998474121094,43.470001220703125,43.224998474121094,42678200,False
XLE,2022-05-27,43.275001525878906,44.3849983215332,43.16999816894531,44.26499938964844,43.16999816894531,37334400,False
XLE,2022-05-31,44.994998931884766,45.22999954223633,43.3650016784668,43.599998474121094,43.3650016784668,78681200,False
XLE,2022-06-01,44.150001525878906,44.6349983215332,43.665000915527344,44.310001373291016,43.665000915527344,59297200,False
XLE,2022-06-02,44.0,44.47999954223633,43.72999954223633,44.16999816894531,43.72999954223633,52605400,False
XLE,2022-06-03,44.224998474121094,44.89500045776367,44.17499923706055,44.755001068115234,44.17499923706055,41050600,False
XLE,2022-06-06,44.970001220703125,45.0,44.46500015258789,44.70500183105469,44.46500015258789,33384600,False
XLE,2022-06-07,44.67499923706055,46.099998474121094,44.63999938964844,46.040000915527344,44.63999938964844,51378800,False
XLE,2022-06-08,46.26499938964844,46.654998779296875,45.85499954223633,46.13999938964844,45.85499954223633,56985400,False
XLE,2022-06-09,45.744998931884766,46.03499984741211,45.06999969482422,45.119998931884766,45.06999969482422,49176200,False
XLE,2022-06-10,44.599998474121094,45.27000045776367,43.84000015258789,44.35499954223633,43.84000015258789,62543600,False
XLE,2022-06-13,43.0099983215332,43.05500030517578,41.20500183105469,42.040000915527344,41.20500183105469,89462600,False
XLE,2022-06-14,42.8849983215332,43.435001373291016,41.56999969482422,42.119998931884766,41.56999969482422,69512800,False
XLE,2022-06-15,42.025001525878906,42.23500061035156,40.494998931884766,41.189998626708984,40.494998931884766,86446400,False
XLE,2022-06-16,40.095001220703125,40.314998626708984,38.53499984741211,38.869998931884766,38.53499984741211,115958200,True
XLE,2022-06-17,38.599998474121094,38.8849983215332,36.29999923706055,36.744998931884766,36.29999923706055,128468400,False
XLE,2022-06-21,37.30500030517578,38.47999954223633,37.2400016784668,38.220001220703125,37.2400016784668,70013400,False
XLE,2022-06-22,36.380001068115234,37.334999084472656,36.18000030517578,36.689998626708984,36.18000030517578,82425200,False
XLE,2022-06-23,36.8650016784668,37.130001068115234,34.73500061035156,35.33000183105469,34.73500061035156,113842200,False
XLE,2022-06-24,35.935001373291016,36.55500030517578,35.415000915527344,35.79499816894531,35.415000915527344,94797000,False
XLE,2022-06-27,36.209999084472656,37.095001220703125,36.165000915527344,36.845001220703125,36.165000915527344,67958800,False
XLE,2022-06-28,37.720001220703125,38.45000076293945,37.27000045776367,37.84000015258789,37.27000045776367,79568000,False
XLE,2022-06-29,38.3650016784668,38.494998931884766,36.41999816894531,36.525001525878906,36.41999816894531,71184000,False
XLE,2022-06-30,35.7400016784668,36.68000030517578,35.435001373291016,35.755001068115234,35.435001373291016,75533400,False
XLE,2022-07-01,36.189998626708984,36.44499969482422,35.064998626708984,36.290000915527344,35.064998626708984,69204000,False
XLE,2022-07-05,35.540000915527344,35.709999084472656,34.095001220703125,34.849998474121094,34.095001220703125,89865800,False
XLE,2022-07-06,34.474998474121094,35.095001220703125,33.224998474121094,34.255001068115234,33.224998474121094,96419000,False
XLE,2022-07-07,35.185001373291016,35.77000045776367,35.099998474121094,35.4900016784668,35.099998474121094,67587200,False
XLE,2022-07-08,35.91999816894531,36.06999969482422,34.97999954223633,35.474998474121094,34.97999954223633,43940600,False
XLE,2022-07-11,35.029998779296875,35.43000030517578,34.665000915527344,35.1349983215332,34.665000915527344,45508200,False
XLE,2022-07-12,34.21500015258789,34.654998779296875,33.83000183105469,34.45000076293945,33.83000183105469,64690200,False
XLE,2022-07-13,33.95000076293945,35.1150016784668,33.95000076293945,34.39500045776367,33.95000076293945,58978000,False
XLE,2022-07-14,33.189998626708984,33.78499984741211,32.7400016784668,33.744998931884766,32.7400016784668,73273600,False
XLE,2022-07-15,34.47999954223633,34.51499938964844,33.78499984741211,34.29499816894531,33.78499984741211,59920600,False
XLE,2022-07-18,35.209999084472656,35.65999984741211,34.915000915527344,35.08000183105469,34.915000915527344,51453600,False
XLE,2022-07-19,35.029998779296875,36.25,35.02000045776367,36.15999984741211,35.02000045776367,48776400,False
XLE,2022-07-20,35.7599983215332,36.67499923706055,35.61000061035156,36.5099983215332,35.61000061035156,41849400,False
XLE,2022-07-21,35.5099983215332,35.904998779296875,34.83000183105469,35.869998931884766,34.83000183105469,43159200,False
XLE,2022-07-22,36.0099983215332,36.3650016784668,35.369998931884766,35.57500076293945,35.369998931884766,40836400,False
XLE,2022-07-25,36.064998626708984,36.915000915527344,35.6349983215332,36.880001068115234,35.6349983215332,39112000,False
XLE,2022-07-26,37.31999969482422,37.48500061035156,36.29999923706055,36.54499816894531,36.29999923706055,37228800,False
XLE,2022-07-27,36.779998779296875,37.55500030517578,36.404998779296875,37.369998931884766,36.404998779296875,44810800,False
XLE,2022-07-28,37.70500183105469,37.96500015258789,36.8849983215332,37.58000183105469,36.8849983215332,46665400,False
XLE,2022-07-29,38.26499938964844,39.33000183105469,38.189998626708984,39.209999084472656,38.189998626708984,51667600,False
XLE,2022-08-01,38.540000915527344,38.63999938964844,37.8849983215332,38.400001525878906,37.8849983215332,51331000,False
XLE,2022-08-02,38.404998779296875,38.69499969482422,37.970001220703125,38.310001373291016,37.970001220703125,39864400,False
XLE,2022-08-03,38.470001220703125,38.584999084472656,36.97999954223633,37.209999084472656,36.97999954223633,57013200,False
XLE,2022-08-04,36.95500183105469,37.060001373291016,35.69499969482422,35.83000183105469,35.69499969482422,55991000,False
XLE,2022-08-05,35.345001220703125,36.85499954223633,35.345001220703125,36.540000915527344,35.345001220703125,45179600,False
XLE,2022-08-08,36.5,37.060001373291016,36.44499969482422,36.72999954223633,36.44499969482422,37756600,False
XLE,2022-08-09,37.25,37.849998474121094,37.185001373291016,37.375,37.185001373291016,34683000,False
XLE,2022-08-10,37.459999084472656,37.86000061035156,36.720001220703125,37.64500045776367,36.720001220703125,34788400,False
XLE,2022-08-11,38.349998474121094,39.27000045776367,38.23500061035156,38.939998626708984,38.23500061035156,60531600,False
XLE,2022-08-12,38.685001373291016,39.255001068115234,38.52000045776367,39.23500061035156,38.52000045776367,38381000,False
XLE,2022-08-15,37.814998626708984,38.68000030517578,37.470001220703125,38.470001220703125,37.470001220703125,42024400,False
XLE,2022-08-16,38.525001525878906,38.93000030517578,38.13999938964844,38.380001068115234,38.13999938964844,39357600,False
XLE,2022-08-17,38.20500183105469,39.099998474121094,38.10499954223633,38.70000076293945,38.10499954223633,45472400,False
XLE,2022-08-18,39.130001068115234,39.779998779296875,39.060001373291016,39.7400016784668,39.060001373291016,46866000,False
XLE,2022-08-19,39.63999938964844,40.005001068115234,39.40999984741211,39.72999954223633,39.40999984741211,39488400,False
XLE,2022-08-22,39.38999938964844,39.900001525878906,38.7400016784668,39.654998779296875,38.7400016784668,45696200,False
XLE,2022-08-23,40.30500030517578,41.39500045776367,40.275001525878906,41.084999084472656,40.275001525878906,54367000,False
XLE,2022-08-24,41.09000015258789,41.650001525878906,40.904998779296875,41.59000015258789,40.904998779296875,49093200,False
XLE,2022-08-25,41.83000183105469,42.119998931884766,41.505001068115234,41.90999984741211,41.505001068115234,39798600,False
XLE,2022-08-26,41.82500076293945,42.279998779296875,41.23500061035156,41.41999816894531,41.23500061035156,38635200,False
XLE,2022-08-29,41.400001525878906,42.59000015258789,41.29499816894531,42.04499816894531,41.29499816894531,52125000,False
XLE,2022-08-30,41.32500076293945,41.334999084472656,40.28499984741211,40.619998931884766,40.28499984741211,57641800,False
XLE,2022-08-31,39.6150016784668,40.91999816894531,39.470001220703125,40.25,39.470001220703125,58304600,False
XLE,2022-09-01,39.654998779296875,39.80500030517578,38.709999084472656,39.2599983215332,38.709999084472656,56604200,False
XLE,2022-09-02,40.224998474121094,40.5099983215332,39.76499938964844,39.97999954223633,39.76499938964844,57188200,False
XLE,2022-09-06,40.35499954223633,40.4900016784668,39.44499969482422,39.61000061035156,39.44499969482422,45568200,False
XLE,2022-09-07,38.744998931884766,39.31999969482422,38.38999938964844,39.150001525878906,38.38999938964844,60541400,False
XLE,2022-09-08,39.32500076293945,39.51499938964844,38.845001220703125,39.31999969482422,38.845001220703125,53681600,False
XLE,2022-09-09,40.025001525878906,40.494998931884766,39.72999954223633,40.29999923706055,39.72999954223633,38678800,False
XLE,2022-09-12,40.88999938964844,41.48500061035156,40.540000915527344,41.040000915527344,40.540000915527344,41731800,False
XLE,2022-09-13,40.400001525878906,41.09000015258789,39.82500076293945,40.005001068115234,39.82500076293945,61146000,False
XLE,2022-09-14,40.380001068115234,41.42499923706055,40.380001068115234,41.1349983215332,40.380001068115234,54384200,False
XLE,2022-09-15,40.404998779296875,40.57500076293945,39.880001068115234,40.07500076293945,39.880001068115234,55886400,False
XLE,2022-09-16,39.95000076293945,39.97999954223633,38.650001525878906,39.220001220703125,38.650001525878906,70403600,False
XLE,2022-09-19,37.72999954223633,38.845001220703125,37.63999938964844,38.81999969482422,37.63999938964844,37625800,False
XLE,2022-09-20,38.54999923706055,38.775001525878906,38.095001220703125,38.54999923706055,38.095001220703125,42299600,False
XLE,2022-09-21,39.275001525878906,39.33000183105469,37.970001220703125,37.98500061035156,37.970001220703125,68705800,False
XLE,2022-09-22,38.67499923706055,38.79999923706055,37.81999969482422,37.849998474121094,37.81999969482422,57748000,False
XLE,2022-09-23,36.380001068115234,36.45000076293945,34.970001220703125,35.2400016784668,34.970001220703125,105475600,True
XLE,2022-09-26,35.02000045776367,35.459999084472656,34.33000183105469,34.375,34.33000183105469,72159600,False
XLE,2022-09-27,34.970001220703125,35.404998779296875,34.564998626708984,34.7599983215332,34.564998626708984,67671200,False
XLE,2022-09-28,35.11000061035156,36.5,34.900001525878906,36.29999923706055,34.900001525878906,63147600,False
XLE,2022-09-29,36.03499984741211,36.375,35.400001525878906,36.29999923706055,35.400001525878906,48563000,False
XLE,2022-09-30,36.0099983215332,36.5099983215332,35.65999984741211,36.0099983215332,35.65999984741211,43369400,False
XLE,2022-10-03,37.30500030517578,38.244998931884766,37.244998931884766,38.04499816894531,37.244998931884766,69550600,False
XLE,2022-10-04,38.814998626708984,39.71500015258789,38.5099983215332,39.68000030517578,38.5099983215332,66330800,False
XLE,2022-10-05,39.665000915527344,40.814998626708984,39.32500076293945,40.5,39.32500076293945,61273600,False
XLE,2022-10-06,40.16999816894531,41.345001220703125,40.13999938964844,41.220001220703125,40.13999938964844,52670200,False
XLE,2022-10-07,41.30500030517578,41.77000045776367,40.60499954223633,40.900001525878906,40.60499954223633,56915400,False
XLE,2022-10-10,41.060001373291016,41.40999984741211,39.93000030517578,40.060001373291016,39.93000030517578,46331600,False
XLE,2022-10-11,39.310001373291016,40.42499923706055,39.14500045776367,39.7400016784668,39.14500045776367,53842200,False
XLE,2022-10-12,39.47999954223633,40.34000015258789,39.220001220703125,40.060001373291016,39.220001220703125,41102400,False
XLE,2022-10-13,39.53499984741211,41.85499954223633,39.525001525878906,41.69499969482422,39.525001525878906,70134800,False
XLE,2022-10-14,41.2400016784668,41.834999084472656,40.060001373291016,40.13999938964844,40.060001373291016,53494600,False
XLE,2022-10-17,40.77000045776367,41.310001373291016,40.525001525878906,40.63999938964844,40.525001525878906,37988400,False
XLE,2022-10-18,40.974998474121094,41.375,40.20500183105469,40.994998931884766,40.20500183105469,50375800,False
XLE,2022-10-19,41.1150016784668,42.36000061035156,41.099998474121094,42.20500183105469,41.099998474121094,62527600,False
XLE,2022-10-20,42.525001525878906,42.915000915527344,41.9900016784668,42.244998931884766,41.9900016784668,50523600,False
XLE,2022-10-21,42.47999954223633,43.54999923706055,42.369998931884766,43.46500015258789,42.369998931884766,50548400,False
XLE,2022-10-24,43.439998626708984,43.974998474121094,43.20500183105469,43.66999816894531,43.20500183105469,44992000,False
XLE,2022-10-25,43.5,43.915000915527344,43.26499938964844,43.71500015258789,43.26499938964844,37683600,False
XLE,2022-10-26,43.880001068115234,44.65999984741211,43.849998474121094,44.310001373291016,43.849998474121094,45413000,False
XLE,2022-10-27,44.91999816894531,45.220001220703125,44.334999084472656,44.470001220703125,44.334999084472656,50021200,False
XLE,2022-10-28,44.95000076293945,45.314998626708984,43.82500076293945,44.625,43.82500076293945,49328000,False
XLE,2022-10-31,44.185001373291016,45.59000015258789,44.1349983215332,45.0,44.1349983215332,59520800,False
XLE,2022-11-01,45.755001068115234,45.775001525878906,45.15999984741211,45.435001373291016,45.15999984741211,43510800,False
XLE,2022-11-02,45.290000915527344,45.525001525878906,44.23500061035156,44.34000015258789,44.23500061035156,56499200,False
XLE,2022-11-03,44.06999969482422,45.415000915527344,43.94499969482422,45.15999984741211,43.94499969482422,53634400,False
XLE,2022-11-04,46.165000915527344,46.5099983215332,45.06999969482422,45.709999084472656,45.06999969482422,60590600,False
XLE,2022-11-07,45.80500030517578,46.63999938964844,45.724998474121094,46.494998931884766,45.724998474121094,38775400,False
XLE,2022-11-08,46.404998779296875,46.7400016784668,45.970001220703125,46.540000915527344,45.970001220703125,43718600,False
XLE,2022-11-09,45.90999984741211,46.05500030517578,44.165000915527344,44.26499938964844,44.165000915527344,63028000,False
XLE,2022-11-10,45.18000030517578,45.29999923706055,44.25,45.25,44.25,58488200,False
XLE,2022-11-11,46.1150016784668,46.80500030517578,46.005001068115234,46.564998626708984,46.005001068115234,51082600,False
XLE,2022-11-14,46.43000030517578,47.35499954223633,46.42499923706055,46.54999923706055,46.42499923706055,46245200,False
XLE,2022-11-15,46.724998474121094,47.15999984741211,46.41999816894531,47.040000915527344,46.41999816894531,51542200,False
XLE,2022-11-16,46.619998931884766,46.904998779296875,45.84000015258789,46.08000183105469,45.84000015258789,47277200,False
XLE,2022-11-17,45.375,46.220001220703125,45.13999938964844,46.18000030517578,45.13999938964844,42859800,False
XLE,2022-11-18,45.32500076293945,45.939998626708984,44.755001068115234,45.814998626708984,44.755001068115234,47366200,False
XLE,2022-11-21,44.81999969482422,45.314998626708984,43.64500045776367,45.19499969482422,43.64500045776367,85153600,False
XLE,2022-11-22,45.7599983215332,46.71500015258789,45.54999923706055,46.61000061035156,45.54999923706055,53755000,False
XLE,2022-11-23,45.76499938964844,46.400001525878906,45.595001220703125,46.10499954223633,45.595001220703125,41197400,False
XLE,2022-11-25,46.1349983215332,46.459999084472656,45.85499954223633,45.935001373291016,45.85499954223633,15182600,False
XLE,2022-11-28,44.810001373291016,45.375,44.525001525878906,44.67499923706055,44.525001525878906,58262400,False
XLE,2022-11-29,45.16999816894531,45.6150016784668,45.005001068115234,45.349998474121094,45.005001068115234,38048400,False
XLE,2022-11-30,45.85499954223633,45.94499969482422,44.86000061035156,45.57500076293945,44.86000061035156,43830200,False
XLE,2022-12-01,45.89500045776367,46.125,45.27000045776367,45.42499923706055,45.27000045776367,38902000,False
XLE,2022-12-02,45.11000061035156,45.689998626708984,44.88999938964844,45.154998779296875,44.88999938964844,36770000,False
XLE,2022-12-05,45.599998474121094,45.779998779296875,43.439998626708984,43.814998626708984,43.439998626708984,51753800,False
XLE,2022-12-06,43.540000915527344,44.064998626708984,42.3650016784668,42.65999984741211,42.3650016784668,64930200,False
XLE,2022-12-07,42.650001525878906,43.209999084472656,42.185001373291016,42.560001373291016,42.185001373291016,48894200,False
XLE,2022-12-08,43.51499938964844,43.61000061035156,42.1349983215332,42.369998931884766,42.1349983215332,51280800,False
XLE,2022-12-09,42.23500061035156,42.70000076293945,41.32500076293945,41.34000015258789,41.32500076293945,48097800,False
XLE,2022-12-12,41.57500076293945,42.525001525878906,41.415000915527344,42.42499923706055,41.415000915527344,42184800,False
XLE,2022-12-13,43.25,43.59000015258789,42.88999938964844,43.22999954223633,42.88999938964844,54557400,False
XLE,2022-12-14,43.525001525878906,43.68000030517578,42.58000183105469,42.96500015258789,42.58000183105469,52675600,False
XLE,2022-12-15,42.59000015258789,42.80500030517578,41.97999954223633,42.70500183105469,41.97999954223633,40406600,False
XLE,2022-12-16,41.900001525878906,42.380001068115234,41.60499954223633,42.18000030517578,41.60499954223633,59101000,False
XLE,2022-12-19,42.189998626708984,42.32500076293945,41.439998626708984,41.744998931884766,41.439998626708984,36836600,False
XLE,2022-12-20,41.875,42.64500045776367,41.71500015258789,42.375,41.71500015258789,28593000,False
XLE,2022-12-21,43.2400016784668,43.375,42.60499954223633,43.18000030517578,42.60499954223633,34058200,False
XLE,2022-12-22,43.224998474121094,43.25,41.34000015258789,42.185001373291016,41.34000015258789,37359400,False
XLE,2022-12-23,42.744998931884766,43.540000915527344,42.525001525878906,43.529998779296875,42.525001525878906,29630000,False
XLE,2022-12-27,43.720001220703125,44.18000030517578,43.560001373291016,43.994998931884766,43.560001373291016,32749200,False
XLE,2022-12-28,43.935001373291016,43.935001373291016,42.875,43.0099983215332,42.875,31838000,False
XLE,2022-12-29,42.83000183105469,43.654998779296875,42.810001373291016,43.459999084472656,42.810001373291016,26915800,False
XLE,2022-12-30,43.22999954223633,43.81999969482422,43.224998474121094,43.73500061035156,43.224998474121094,22661800,False
XLE,2023-01-03,43.459999084472656,43.68000030517578,41.67499923706055,42.20000076293945,41.67499923706055,53082800,False
XLE,2023-01-04,41.57500076293945,42.439998626708984,41.415000915527344,42.19499969482422,41.415000915527344,45705200,False
XLE,2023-01-05,42.125,43.20000076293945,42.005001068115234,42.96500015258789,42.005001068115234,38723800,False
XLE,2023-01-06,43.52000045776367,44.314998626708984,43.40999984741211,43.779998779296875,43.40999984741211,44422400,False
XLE,2023-01-09,44.439998626708984,44.5099983215332,43.48500061035156,43.625,43.48500061035156,46003200,False
XLE,2023-01-10,43.90999984741211,44.025001525878906,43.244998931884766,43.935001373291016,43.244998931884766,31599000,False
XLE,2023-01-11,44.31999969482422,44.43000030517578,43.595001220703125,44.06999969482422,43.595001220703125,32903000,False
XLE,2023-01-12,44.334999084472656,45.20000076293945,44.25,44.90999984741211,44.25,36716000,False
XLE,2023-01-13,44.875,45.084999084472656,44.400001525878906,44.974998474121094,44.400001525878906,31808400,False
XLE,2023-01-17,45.08000183105469,45.540000915527344,44.8849983215332,45.06999969482422,44.8849983215332,33933200,False
XLE,2023-01-18,45.279998779296875,45.78499984741211,44.20000076293945,44.244998931884766,44.20000076293945,38075200,False
XLE,2023-01-19,43.9900016784668,44.974998474121094,43.89500045776367,44.79499816894531,43.89500045776367,34293800,False
XLE,2023-01-20,44.88999938964844,45.39500045776367,44.435001373291016,45.2400016784668,44.435001373291016,28560000,False
XLE,2023-01-23,45.56999969482422,45.79499816894531,45.154998779296875,45.29999923706055,45.154998779296875,29305000,False
XLE,2023-01-24,45.150001525878906,45.22999954223633,44.22999954223633,45.125,44.22999954223633,30755200,False
XLE,2023-01-25,44.904998779296875,45.130001068115234,44.189998626708984,45.130001068115234,44.189998626708984,26861200,False
XLE,2023-01-26,45.86000061035156,46.57500076293945,45.29999923706055,46.55500030517578,45.29999923706055,36663000,False
XLE,2023-01-27,46.30500030517578,46.53499984741211,45.540000915527344,45.6150016784668,45.540000915527344,34841000,False
XLE,2023-01-30,45.28499984741211,45.349998474121094,44.5099983215332,44.56999969482422,44.5099983215332,27525000,False
XLE,2023-01-31,44.41999816894531,45.03499984741211,43.96500015258789,44.96500015258789,43.96500015258789,27848200,False
XLE,2023-02-01,44.755001068115234,44.94499969482422,43.5,44.08000183105469,43.5,46967200,False
XLE,2023-02-02,43.90999984741211,43.994998931884766,42.599998474121094,43.07500076293945,42.599998474121094,49803000,False
XLE,2023-02-03,43.255001068115234,43.95500183105469,42.935001373291016,42.97999954223633,42.935001373291016,45454800,False
XLE,2023-02-06,43.02000045776367,43.345001220703125,42.2599983215332,42.78499984741211,42.2599983215332,31714400,False
XLE,2023-02-07,43.05500030517578,44.2400016784668,42.83000183105469,44.17499923706055,42.83000183105469,41014000,False
XLE,2023-02-08,44.13999938964844,44.3650016784668,43.529998779296875,43.779998779296875,43.529998779296875,26967200,False
XLE,2023-02-09,43.78499984741211,43.92499923706055,43.375,43.404998779296875,43.375,32150400,False
XLE,2023-02-10,44.125,45.19499969482422,44.084999084472656,45.10499954223633,44.084999084472656,40003200,False
XLE,2023-02-13,44.875,45.165000915527344,44.40999984741211,44.9900016784668,44.40999984741211,24744800,False
XLE,2023-02-14,44.6349983215332,45.334999084472656,44.5099983215332,45.005001068115234,44.5099983215332,27022600,False
XLE,2023-02-15,44.5,44.595001220703125,43.67499923706055,44.2400016784668,43.67499923706055,31939600,False
XLE,2023-02-16,44.0,44.380001068115234,43.7599983215332,43.80500030517578,43.7599983215332,25314200,False
XLE,2023-02-17,43.125,43.154998779296875,42.060001373291016,42.244998931884766,42.060001373291016,44680400,False
XLE,2023-02-21,42.060001373291016,42.52000045776367,41.95500183105469,42.03499984741211,41.95500183105469,33622600,False
XLE,2023-02-22,41.91999816894531,42.314998626708984,41.39500045776367,41.755001068115234,41.39500045776367,40270400,False
XLE,2023-02-23,42.3849983215332,42.630001068115234,41.849998474121094,42.3849983215332,41.849998474121094,35023400,False
XLE,2023-02-24,41.7599983215332,42.38999938964844,41.52000045776367,42.33000183105469,41.52000045776367,37496800,False
XLE,2023-02-27,42.415000915527344,42.63999938964844,42.10499954223633,42.45500183105469,42.10499954223633,30676400,False
XLE,2023-02-28,42.8849983215332,42.900001525878906,41.810001373291016,41.845001220703125,41.810001373291016,38007600,False
XLE,2023-03-01,41.880001068115234,42.8849983215332,41.724998474121094,42.66999816894531,41.724998474121094,37094000,False
XLE,2023-03-02,42.595001220703125,43.20500183105469,42.459999084472656,43.04499816894531,42.459999084472656,32798600,False
XLE,2023-03-03,42.529998779296875,43.845001220703125,42.5,43.630001068115234,42.5,50675200,False
XLE,2023-03-06,43.38999938964844,43.720001220703125,43.21500015258789,43.650001525878906,43.21500015258789,33898400,False
XLE,2023-03-07,43.38999938964844,43.5,42.779998779296875,42.88999938964844,42.779998779296875,37000400,False
XLE,2023-03-08,42.70000076293945,43.244998931884766,42.040000915527344,42.45000076293945,42.040000915527344,39399000,False
XLE,2023-03-09,42.69499969482422,43.29499816894531,41.84000015258789,41.849998474121094,41.84000015258789,37888200,False
XLE,2023-03-10,41.849998474121094,42.439998626708984,41.07500076293945,41.314998626708984,41.07500076293945,56624800,False
XLE,2023-03-13,40.2599983215332,41.20000076293945,39.55500030517578,40.474998474121094,39.55500030517578,83327000,False
XLE,2023-03-14,40.470001220703125,41.78499984741211,40.154998779296875,40.875,40.154998779296875,61066400,False
XLE,2023-03-15,39.375,39.67499923706055,38.119998931884766,38.68000030517578,38.119998931884766,115347000,False
XLE,2023-03-16,37.83000183105469,39.20000076293945,37.68000030517578,39.099998474121094,37.68000030517578,88790400,False
XLE,2023-03-17,38.875,39.20000076293945,38.16999816894531,38.48500061035156,38.16999816894531,67351600,False
XLE,2023-03-20,38.04999923706055,39.099998474121094,38.04999923706055,38.849998474121094,38.04999923706055,52288800,False
XLE,2023-03-21,39.650001525878906,40.31999969482422,39.529998779296875,40.19499969482422,39.529998779296875,59712400,False
XLE,2023-03-22,40.220001220703125,40.404998779296875,39.310001373291016,39.34000015258789,39.310001373291016,49209400,False
XLE,2023-03-23,39.55500030517578,39.900001525878906,38.41999816894531,38.79499816894531,38.41999816894531,49486200,False
XLE,2023-03-24,38.025001525878906,39.095001220703125,37.904998779296875,38.94499969482422,37.904998779296875,41298000,False
XLE,2023-03-27,39.35499954223633,40.0,39.040000915527344,39.775001525878906,39.040000915527344,40223800,False
XLE,2023-03-28,39.54999923706055,40.564998626708984,39.53499984741211,40.38999938964844,39.53499984741211,32596800,False
XLE,2023-03-29,40.790000915527344,40.994998931884766,40.525001525878906,40.95000076293945,40.525001525878906,36204600,False
XLE,2023-03-30,41.290000915527344,41.349998474121094,40.88999938964844,41.130001068115234,40.88999938964844,27460800,False
XLE,2023-03-31,41.23500061035156,41.48500061035156,41.084999084472656,41.415000915527344,41.084999084472656,32294600,False
XLE,2023-04-03,43.15999984741211,43.56999969482422,42.935001373291016,43.290000915527344,42.935001373291016,62452200,False
XLE,2023-04-04,43.41999816894531,43.474998474121094,42.125,42.505001068115234,42.125,49363000,False
XLE,2023-04-05,42.61000061035156,43.14500045776367,42.255001068115234,43.14500045776367,42.255001068115234,40552200,False
XLE,2023-04-06,43.08000183105469,43.125,42.404998779296875,42.4900016784668,42.404998779296875,33378600,False
XLE,2023-04-10,42.650001525878906,43.31999969482422,42.650001525878906,42.83000183105469,42.650001525878906,26977200,False
XLE,2023-04-11,43.06999969482422,43.505001068115234,42.82500076293945,43.23500061035156,42.82500076293945,25575200,False
XLE,2023-04-12,43.53499984741211,43.625,43.1349983215332,43.26499938964844,43.1349983215332,33334400,False
XLE,2023-04-13,43.20000076293945,43.64500045776367,43.095001220703125,43.53499984741211,43.095001220703125,31384600,False
XLE,2023-04-14,43.595001220703125,43.869998931884766,43.36000061035156,43.6150016784668,43.36000061035156,23560200,False
XLE,2023-04-17,43.470001220703125,43.650001525878906,42.95000076293945,43.099998474121094,42.95000076293945,23762000,False
XLE,2023-04-18,43.0,43.380001068115234,42.78499984741211,43.27000045776367,42.78499984741211,24493600,False
XLE,2023-04-19,42.880001068115234,43.154998779296875,42.64500045776367,43.119998931884766,42.64500045776367,34246200,False
XLE,2023-04-20,42.52000045776367,42.75,42.220001220703125,42.7400016784668,42.220001220703125,30396200,False
XLE,2023-04-21,42.89500045776367,42.915000915527344,42.29999923706055,42.4900016784668,42.29999923706055,33757600,False
XLE,2023-04-24,42.35499954223633,43.34000015258789,42.34000015258789,43.13999938964844,42.34000015258789,25251800,False
XLE,2023-04-25,42.720001220703125,42.79499816894531,42.08000183105469,42.33000183105469,42.08000183105469,30665200,False
XLE,2023-04-26,42.029998779296875,42.41999816894531,41.5099983215332,41.76499938964844,41.5099983215332,40070000,False
XLE,2023-04-27,41.7400016784668,42.02000045776367,41.345001220703125,41.915000915527344,41.345001220703125,34114600,False
XLE,2023-04-28,41.76499938964844,42.79499816894531,41.619998931884766,42.564998626708984,41.619998931884766,38228600,False
XLE,2023-05-01,42.029998779296875,42.540000915527344,41.86000061035156,42.084999084472656,41.86000061035156,27821400,False
XLE,2023-05-02,41.58000183105469,41.64500045776367,39.869998931884766,40.255001068115234,39.869998931884766,67648000,False
XLE,2023-05-03,39.7400016784668,40.20500183105469,39.47999954223633,39.494998931884766,39.47999954223633,59367600,False
XLE,2023-05-04,39.5099983215332,39.90999984741211,38.935001373291016,39.05500030517578,38.935001373291016,52861000,False
XLE,2023-05-05,40.1349983215332,40.43000030517578,39.89500045776367,40.1150016784668,39.89500045776367,39073400,False
XLE,2023-05-08,40.70000076293945,40.875,40.11000061035156,40.1150016784668,40.11000061035156,32711800,False
XLE,2023-05-09,39.79999923706055,40.5099983215332,39.71500015258789,40.130001068115234,39.71500015258789,41421200,False
XLE,2023-05-10,40.33000183105469,40.40999984741211,39.375,39.67499923706055,39.375,36052000,False
XLE,2023-05-11,39.1150016784668,39.404998779296875,38.900001525878906,39.20000076293945,38.900001525878906,38168200,False
XLE,2023-05-12,39.39500045776367,39.65999984741211,38.974998474121094,39.2599983215332,38.974998474121094,37913200,False
XLE,2023-05-15,39.404998779296875,39.685001373291016,39.095001220703125,39.459999084472656,39.095001220703125,32544600,False
XLE,2023-05-16,39.275001525878906,39.44499969482422,38.43000030517578,38.4900016784668,38.43000030517578,44511200,False
XLE,2023-05-17,38.8849983215332,39.439998626708984,38.599998474121094,39.22999954223633,38.599998474121094,46200600,False
XLE,2023-05-18,38.994998931884766,39.564998626708984,38.75,39.51499938964844,38.75,33154200,False
XLE,2023-05-19,39.880001068115234,40.130001068115234,39.595001220703125,39.81999969482422,39.595001220703125,36122200,False
XLE,2023-05-22,39.66999816894531,40.060001373291016,39.595001220703125,39.654998779296875,39.595001220703125,26943600,False
XLE,2023-05-23,40.03499984741211,40.53499984741211,39.93000030517578,40.08000183105469,39.93000030517578,42803800,False
XLE,2023-05-24,40.39500045776367,40.564998626708984,39.915000915527344,40.255001068115234,39.915000915527344,33474200,False
XLE,2023-05-25,39.67499923706055,39.7599983215332,39.16999816894531,39.540000915527344,39.16999816894531,38251000,False
XLE,2023-05-26,39.779998779296875,39.88999938964844,39.18000030517578,39.3849983215332,39.18000030517578,28785800,False
XLE,2023-05-30,38.70000076293945,39.025001525878906,38.54999923706055,38.97999954223633,38.54999923706055,40331600,False
XLE,2023-05-31,38.369998931884766,38.665000915527344,38.165000915527344,38.29499816894531,38.165000915527344,44797600,False
XLE,2023-06-01,38.3849983215332,39.20500183105469,38.125,38.77000045776367,38.125,51623600,False
XLE,2023-06-02,39.494998931884766,40.13999938964844,39.224998474121094,39.95000076293945,39.224998474121094,55278800,False
XLE,2023-06-05,40.53499984741211,40.53499984741211,39.6150016784668,39.685001373291016,39.6150016784668,37826200,False
XLE,2023-06-06,39.15999984741211,40.040000915527344,39.119998931884766,40.005001068115234,39.119998931884766,34750800,False
XLE,2023-06-07,40.20000076293945,41.1150016784668,40.17499923706055,41.064998626708984,40.17499923706055,60654200,False
XLE,2023-06-08,41.119998931884766,41.2599983215332,40.209999084472656,40.88999938964844,40.209999084472656,46155200,False
XLE,2023-06-09,40.869998931884766,41.06999969482422,40.55500030517578,40.665000915527344,40.55500030517578,38387000,False
XLE,2023-06-12,40.05500030517578,40.68000030517578,40.0,40.275001525878906,40.0,36387000,False
XLE,2023-06-13,40.720001220703125,41.2599983215332,40.44499969482422,40.46500015258789,40.44499969482422,40136400,False
XLE,2023-06-14,40.8650016784668,41.04499816894531,39.75,40.04999923706055,39.75,47605400,False
XLE,2023-06-15,40.119998931884766,40.79499816894531,40.11000061035156,40.4900016784668,40.11000061035156,46777000,False
XLE,2023-06-16,40.63999938964844,40.755001068115234,40.314998626708984,40.43000030517578,40.314998626708984,47461800,False
XLE,2023-06-20,39.810001373291016,39.85499954223633,38.8849983215332,39.18000030517578,38.8849983215332,42552000,False
XLE,2023-06-21,39.02000045776367,39.82500076293945,38.959999084472656,39.4900016784668,38.959999084472656,34473800,False
XLE,2023-06-22,39.130001068115234,39.17499923706055,38.814998626708984,38.959999084472656,38.814998626708984,33507400,False
XLE,2023-06-23,38.540000915527344,38.78499984741211,38.36000061035156,38.68000030517578,38.36000061035156,34905200,False
XLE,2023-06-26,38.75,39.595001220703125,38.65999984741211,39.375,38.65999984741211,32488600,False
XLE,2023-06-27,39.334999084472656,39.6349983215332,39.10499954223633,39.46500015258789,39.10499954223633,28388400,False
XLE,2023-06-28,39.42499923706055,39.915000915527344,39.07500076293945,39.8650016784668,39.07500076293945,32903200,False
XLE,2023-06-29,40.01499938964844,40.32500076293945,39.79999923706055,40.32500076293945,39.79999923706055,28435800,False
XLE,2023-06-30,40.599998474121094,40.790000915527344,40.29999923706055,40.584999084472656,40.29999923706055,35970600,False
XLE,2023-07-03,40.685001373291016,40.98500061035156,40.529998779296875,40.68000030517578,40.529998779296875,19539800,False
XLE,2023-07-05,40.849998474121094,40.86000061035156,40.224998474121094,40.45500183105469,40.224998474121094,32557400,False
XLE,2023-07-06,40.01499938964844,40.29499816894531,39.244998931884766,39.54499816894531,39.244998931884766,41967800,False
XLE,2023-07-07,39.349998474121094,40.77000045776367,39.31999969482422,40.39500045776367,39.31999969482422,48916000,False
XLE,2023-07-10,40.290000915527344,40.790000915527344,40.2599983215332,40.709999084472656,40.2599983215332,30925000,False
XLE,2023-07-11,40.89500045776367,41.66999816894531,40.814998626708984,41.60499954223633,40.814998626708984,39642000,False
XLE,2023-07-12,41.94499969482422,42.224998474121094,41.72999954223633,41.9900016784668,41.72999954223633,43077600,False
XLE,2023-07-13,41.9900016784668,42.25,41.439998626708984,41.83000183105469,41.439998626708984,53226400,False
XLE,2023-07-14,41.560001373291016,41.599998474121094,40.625,40.724998474121094,40.625,43988200,False
XLE,2023-07-17,40.58000183105469,40.81999969482422,40.459999084472656,40.64500045776367,40.459999084472656,32445800,False
XLE,2023-07-18,40.54999923706055,41.47999954223633,40.48500061035156,41.05500030517578,40.48500061035156,43209400,False
XLE,2023-07-19,41.05500030517578,41.57500076293945,40.96500015258789,41.29499816894531,40.96500015258789,37521000,False
XLE,2023-07-20,41.6349983215332,41.8650016784668,41.43000030517578,41.779998779296875,41.43000030517578,35449800,False
XLE,2023-07-21,41.935001373291016,42.16999816894531,41.665000915527344,42.150001525878906,41.665000915527344,31529000,False
XLE,2023-07-24,42.3650016784668,43.13999938964844,42.349998474121094,42.83000183105469,42.349998474121094,44539600,False
XLE,2023-07-25,42.810001373291016,43.30500030517578,42.54999923706055,43.05500030517578,42.54999923706055,33606600,False
XLE,2023-07-26,42.70000076293945,43.2400016784668,42.63999938964844,43.06999969482422,42.63999938964844,32788000,False
XLE,2023-07-27,43.30500030517578,43.47999954223633,42.67499923706055,42.79499816894531,42.67499923706055,35550600,False
XLE,2023-07-28,42.76499938964844,42.935001373291016,42.29999923706055,42.92499923706055,42.29999923706055,34627800,False
XLE,2023-07-31,43.29999923706055,43.8650016784668,43.17499923706055,43.7400016784668,43.17499923706055,36266400,False
XLE,2023-08-01,43.564998626708984,43.65999984741211,43.064998626708984,43.53499984741211,43.064998626708984,35766000,False
XLE,2023-08-02,43.2400016784668,43.459999084472656,42.599998474121094,42.96500015258789,42.599998474121094,45920000,False
XLE,2023-08-03,43.08000183105469,43.790000915527344,42.845001220703125,43.400001525878906,42.845001220703125,41630600,False
XLE,2023-08-04,43.709999084472656,44.119998931884766,43.40999984741211,43.459999084472656,43.40999984741211,43208200,False
XLE,2023-08-07,43.70500183105469,43.79499816894531,43.380001068115234,43.5099983215332,43.380001068115234,26821600,False
XLE,2023-08-08,42.80500030517578,43.744998931884766,42.48500061035156,43.724998474121094,42.48500061035156,37237200,False
XLE,2023-08-09,44.150001525878906,44.68000030517578,43.875,44.275001525878906,43.875,52085600,False
XLE,2023-08-10,44.34000015258789,44.845001220703125,43.970001220703125,44.27000045776367,43.970001220703125,39226600,False
XLE,2023-08-11,44.25,45.0,44.2400016784668,44.95000076293945,44.2400016784668,46689200,False
XLE,2023-08-14,44.82500076293945,44.94499969482422,44.459999084472656,44.7599983215332,44.459999084472656,30189400,False
XLE,2023-08-15,44.45000076293945,44.5,43.75,43.83000183105469,43.75,44982400,False
XLE,2023-08-16,43.875,44.349998474121094,43.41999816894531,43.45000076293945,43.41999816894531,37995400,False
XLE,2023-08-17,44.060001373291016,44.56999969482422,43.904998779296875,43.970001220703125,43.904998779296875,40464200,False
XLE,2023-08-18,43.71500015258789,44.459999084472656,43.57500076293945,44.404998779296875,43.57500076293945,35307200,False
XLE,2023-08-21,44.584999084472656,44.76499938964844,43.81999969482422,44.125,43.81999969482422,30488400,False
XLE,2023-08-22,44.18000030517578,44.334999084472656,43.7599983215332,43.78499984741211,43.7599983215332,25732800,False
XLE,2023-08-23,43.310001373291016,43.71500015258789,42.935001373291016,43.67499923706055,42.935001373291016,38798600,False
XLE,2023-08-24,43.279998779296875,43.834999084472656,43.25,43.375,43.25,33455000,False
XLE,2023-08-25,43.6349983215332,44.01499938964844,43.255001068115234,43.79499816894531,43.255001068115234,38036800,False
XLE,2023-08-28,43.90999984741211,44.41999816894531,43.834999084472656,44.09000015258789,43.834999084472656,25718200,False
XLE,2023-08-29,44.25,44.255001068115234,43.77000045776367,44.209999084472656,43.77000045776367,27019400,False
XLE,2023-08-30,44.40999984741211,44.5099983215332,44.23500061035156,44.43000030517578,44.23500061035156,27890200,False
XLE,2023-08-31,44.595001220703125,44.66999816894531,44.13999938964844,44.459999084472656,44.13999938964844,29617400,False
XLE,2023-09-01,44.95000076293945,45.41999816894531,44.939998626708984,45.369998931884766,44.939998626708984,35764200,False
XLE,2023-09-05,45.625,46.07500076293945,45.58000183105469,45.61000061035156,45.58000183105469,48737400,False
XLE,2023-09-06,45.52000045776367,45.875,45.29499816894531,45.630001068115234,45.29499816894531,40324200,False
XLE,2023-09-07,45.720001220703125,45.95500183105469,45.505001068115234,45.584999084472656,45.505001068115234,30729200,False
XLE,2023-09-08,45.79999923706055,46.35499954223633,45.775001525878906,46.025001525878906,45.775001525878906,34739000,False
XLE,2023-09-11,46.36000061035156,46.5,45.23500061035156,45.41999816894531,45.23500061035156,44095000,False
XLE,2023-09-12,45.90999984741211,46.540000915527344,45.82500076293945,46.4900016784668,45.82500076293945,53599400,False
XLE,2023-09-13,46.53499984741211,46.630001068115234,45.900001525878906,46.13999938964844,45.900001525878906,36315400,False
XLE,2023-09-14,46.619998931884766,46.845001220703125,46.47999954223633,46.68000030517578,46.47999954223633,37099800,False
XLE,2023-09-15,46.25,46.70500183105469,46.005001068115234,46.005001068115234,46.005001068115234,49612800,False
XLE,2023-09-18,46.13999938964844,46.275001525878906,45.71500015258789,46.05500030517578,45.71500015258789,33746600,False
XLE,2023-09-19,46.400001525878906,46.46500015258789,45.35499954223633,45.625,45.35499954223633,36264400,False
XLE,2023-09-20,45.400001525878906,45.915000915527344,45.16999816894531,45.20000076293945,45.16999816894531,35930400,False
XLE,2023-09-21,45.5099983215332,45.6150016784668,44.505001068115234,44.58000183105469,44.505001068115234,43446200,False
XLE,2023-09-22,44.915000915527344,45.21500015258789,44.6150016784668,44.654998779296875,44.6150016784668,42067400,False
XLE,2023-09-25,44.53499984741211,45.28499984741211,44.53499984741211,45.21500015258789,44.53499984741211,35073800,False
XLE,2023-09-26,44.82500076293945,45.224998474121094,44.755001068115234,44.95500183105469,44.755001068115234,33460000,False
XLE,2023-09-27,45.51499938964844,46.20500183105469,45.314998626708984,46.07500076293945,45.314998626708984,46289400,False
XLE,2023-09-28,45.875,46.39500045776367,45.77000045776367,46.125,45.77000045776367,48462800,False
XLE,2023-09-29,46.05500030517578,46.23500061035156,45.025001525878906,45.19499969482422,45.025001525878906,48369200,False
XLE,2023-10-02,45.1349983215332,45.255001068115234,43.9900016784668,44.29499816894531,43.9900016784668,50599800,False
XLE,2023-10-03,44.189998626708984,44.349998474121094,43.83000183105469,44.26499938964844,43.83000183105469,41466600,False
XLE,2023-10-04,43.60499954223633,43.68000030517578,42.45500183105469,42.875,42.45500183105469,59572400,False
XLE,2023-10-05,42.2599983215332,42.98500061035156,42.2599983215332,42.61000061035156,42.2599983215332,47037000,False
XLE,2023-10-06,42.61000061035156,43.255001068115234,42.130001068115234,42.8650016784668,42.130001068115234,51481000,False
XLE,2023-10-09,44.01499938964844,44.47999954223633,43.70000076293945,44.29499816894531,43.70000076293945,61489000,False
XLE,2023-10-10,44.334999084472656,44.64500045776367,44.084999084472656,44.349998474121094,44.084999084472656,41700600,False
XLE,2023-10-11,43.89500045776367,43.939998626708984,43.275001525878906,43.779998779296875,43.275001525878906,47145400,False
XLE,2023-10-12,44.244998931884766,44.28499984741211,43.625,43.83000183105469,43.625,39986400,False
XLE,2023-10-13,44.54499816894531,45.0099983215332,44.35499954223633,44.79499816894531,44.35499954223633,48511800,False
XLE,2023-10-16,45.084999084472656,45.22999954223633,44.665000915527344,45.095001220703125,44.665000915527344,38365200,False
XLE,2023-10-17,44.994998931884766,45.70500183105469,44.93000030517578,45.564998626708984,44.93000030517578,40424000,False
XLE,2023-10-18,45.75,46.16999816894531,45.64500045776367,45.97999954223633,45.64500045776367,47616800,False
XLE,2023-10-19,45.81999969482422,46.279998779296875,45.3849983215332,45.900001525878906,45.3849983215332,63297000,False
XLE,2023-10-20,45.81999969482422,45.9900016784668,44.974998474121094,45.130001068115234,44.974998474121094,46549600,False
XLE,2023-10-23,44.869998931884766,44.875,44.19499969482422,44.400001525878906,44.19499969482422,51888200,False
XLE,2023-10-24,44.5099983215332,44.54499816894531,43.7599983215332,43.775001525878906,43.7599983215332,44271600,False
XLE,2023-10-25,43.80500030517578,44.029998779296875,43.474998474121094,43.69499969482422,43.474998474121094,41412600,False
XLE,2023-10-26,43.29499816894531,43.55500030517578,42.92499923706055,43.35499954223633,42.92499923706055,44770400,False
XLE,2023-10-27,43.310001373291016,43.474998474121094,42.16999816894531,42.314998626708984,42.16999816894531,53809400,False
XLE,2023-10-30,42.46500015258789,42.77000045776367,42.04499816894531,42.45500183105469,42.04499816894531,45530600,False
XLE,2023-10-31,42.505001068115234,42.685001373291016,42.08000183105469,42.595001220703125,42.08000183105469,37205600,False
XLE,2023-11-01,42.8650016784668,43.095001220703125,42.435001373291016,42.494998931884766,42.435001373291016,46082600,False
XLE,2023-11-02,42.599998474121094,43.81999969482422,42.35499954223633,43.779998779296875,42.35499954223633,45323000,False
XLE,2023-11-03,43.70000076293945,43.84000015258789,43.07500076293945,43.34000015258789,43.07500076293945,47235000,False
XLE,2023-11-06,43.685001373291016,43.685001373291016,42.724998474121094,42.849998474121094,42.724998474121094,41035400,False
XLE,2023-11-07,42.290000915527344,42.3650016784668,41.71500015258789,41.900001525878906,41.71500015258789,47550200,False
XLE,2023-11-08,41.7400016784668,42.01499938964844,41.36000061035156,41.375,41.36000061035156,50742000,False
XLE,2023-11-09,41.68000030517578,41.775001525878906,41.224998474121094,41.25,41.224998474121094,38232200,False
XLE,2023-11-10,41.71500015258789,41.80500030517578,41.310001373291016,41.70500183105469,41.310001373291016,34565600,False
XLE,2023-11-13,41.77000045776367,42.09000015258789,41.63999938964844,42.005001068115234,41.63999938964844,28447400,False
XLE,2023-11-14,42.165000915527344,42.5,42.095001220703125,42.380001068115234,42.095001220703125,34724000,False
XLE,2023-11-15,42.314998626708984,42.834999084472656,42.2400016784668,42.29999923706055,42.2400016784668,33043600,False
XLE,2023-11-16,41.900001525878906,42.060001373291016,41.05500030517578,41.474998474121094,41.05500030517578,53166000,False
XLE,2023-11-17,41.83000183105469,42.625,41.72999954223633,42.345001220703125,41.72999954223633,48850800,False
XLE,2023-11-20,42.52000045776367,42.77000045776367,42.39500045776367,42.404998779296875,42.39500045776367,29093800,False
XLE,2023-11-21,42.20500183105469,42.3849983215332,41.904998779296875,42.310001373291016,41.904998779296875,26973800,False
XLE,2023-11-22,41.46500015258789,42.32500076293945,41.22999954223633,42.290000915527344,41.22999954223633,36547200,False
XLE,2023-11-24,42.275001525878906,42.779998779296875,42.25,42.46500015258789,42.25,19152600,False
XLE,2023-11-27,42.244998931884766,42.38999938964844,41.91999816894531,42.314998626708984,41.91999816894531,24501800,False
XLE,2023-11-28,42.400001525878906,42.71500015258789,42.244998931884766,42.32500076293945,42.244998931884766,28921800,False
XLE,2023-11-29,42.59000015258789,42.64500045776367,41.875,42.0099983215332,41.875,45268000,False
XLE,2023-11-30,42.369998931884766,42.89500045776367,41.78499984741211,42.290000915527344,41.78499984741211,58364600,False
XLE,2023-12-01,42.2400016784668,43.01499938964844,42.04999923706055,42.5099983215332,42.04999923706055,43048000,False
XLE,2023-12-04,42.20000076293945,42.58000183105469,42.005001068115234,42.314998626708984,42.005001068115234,37070200,False
XLE,2023-12-05,42.290000915527344,42.369998931884766,41.54999923706055,41.57500076293945,41.54999923706055,37747200,False
XLE,2023-12-06,41.30500030517578,41.595001220703125,40.79499816894531,40.95500183105469,40.79499816894531,62306600,False
XLE,2023-12-07,41.14500045776367,41.349998474121094,40.529998779296875,40.67499923706055,40.529998779296875,40908800,False
XLE,2023-12-08,40.94499969482422,41.2400016784668,40.86000061035156,41.1150016784668,40.86000061035156,34127200,False
XLE,2023-12-11,41.150001525878906,41.29999923706055,40.959999084472656,41.165000915527344,40.959999084472656,29344200,False
XLE,2023-12-12,40.78499984741211,40.83000183105469,40.369998931884766,40.599998474121094,40.369998931884766,45386600,False
XLE,2023-12-13,40.625,41.18000030517578,40.435001373291016,41.165000915527344,40.435001373291016,46445600,False
XLE,2023-12-14,41.58000183105469,42.43000030517578,41.58000183105469,42.375,41.58000183105469,60717400,False
XLE,2023-12-15,41.994998931884766,42.22999954223633,41.79999923706055,42.150001525878906,41.79999923706055,46366400,False
XLE,2023-12-18,42.4900016784668,42.70500183105469,42.04999923706055,42.09000015258789,42.04999923706055,42447200,False
XLE,2023-12-19,42.16999816894531,42.63999938964844,42.07500076293945,42.595001220703125,42.07500076293945,36862400,False
XLE,2023-12-20,42.744998931884766,42.994998931884766,42.150001525878906,42.20000076293945,42.150001525878906,39818200,False
XLE,2023-12-21,42.28499984741211,42.43000030517578,41.970001220703125,42.3650016784668,41.970001220703125,26062800,False
XLE,2023-12-22,42.66999816894531,42.86000061035156,42.42499923706055,42.4900016784668,42.42499923706055,25037800,False
XLE,2023-12-26,42.849998474121094,43.084999084472656,42.720001220703125,42.85499954223633,42.720001220703125,25983400,False
XLE,2023-12-27,42.85499954223633,43.0,42.5099983215332,42.665000915527344,42.5099983215332,20238200,False
XLE,2023-12-28,42.44499969482422,42.61000061035156,42.0,42.01499938964844,42.0,26198000,False
XLE,2023-12-29,42.15999984741211,42.20000076293945,41.79499816894531,41.91999816894531,41.79499816894531,24345400,False
XLE,2024-01-02,42.21500015258789,42.7599983215332,42.154998779296875,42.369998931884766,42.154998779296875,39301800,False
XLE,2024-01-03,42.435001373291016,43.21500015258789,42.220001220703125,43.060001373291016,42.220001220703125,37936000,False
XLE,2024-01-04,43.369998931884766,43.55500030517578,42.279998779296875,42.30500030517578,42.279998779296875,42049000,False
XLE,2024-01-05,42.709999084472656,42.72999954223633,42.14500045776367,42.34000015258789,42.14500045776367,34029200,False
XLE,2024-01-08,41.619998931884766,41.900001525878906,41.04999923706055,41.849998474121094,41.04999923706055,47218600,False
XLE,2024-01-09,41.904998779296875,41.95000076293945,41.09000015258789,41.18000030517578,41.09000015258789,33750400,False
XLE,2024-01-10,41.2599983215332,41.275001525878906,40.61000061035156,40.775001525878906,40.61000061035156,33159800,False
XLE,2024-01-11,40.994998931884766,41.099998474121094,40.71500015258789,40.880001068115234,40.71500015258789,38588600,False
XLE,2024-01-12,41.5099983215332,41.67499923706055,41.09000015258789,41.34000015258789,41.09000015258789,38769200,False
XLE,2024-01-16,41.25,41.30500030517578,40.33000183105469,40.35499954223633,40.33000183105469,36031200,False
XLE,2024-01-17,39.939998626708984,40.41999816894531,39.849998474121094,40.02000045776367,39.849998474121094,39284200,False
XLE,2024-01-18,40.029998779296875,40.064998626708984,39.4900016784668,39.95500183105469,39.4900016784668,35705600,False
XLE,2024-01-19,39.935001373291016,40.09000015258789,39.79499816894531,40.084999084472656,39.79499816894531,39940200,False
XLE,2024-01-22,40.0,40.32500076293945,39.7400016784668,40.23500061035156,39.7400016784668,30136800,False
XLE,2024-01-23,40.16999816894531,40.64500045776367,40.11000061035156,40.31999969482422,40.11000061035156,24709200,False
XLE,2024-01-24,40.529998779296875,40.915000915527344,40.34000015258789,40.89500045776367,40.34000015258789,33841000,False
XLE,2024-01-25,41.185001373291016,41.83000183105469,40.939998626708984,41.814998626708984,40.939998626708984,37609400,False
XLE,2024-01-26,41.77000045776367,42.13999938964844,41.46500015258789,42.125,41.46500015258789,36469600,False
XLE,2024-01-29,42.060001373291016,42.125,41.625,42.064998626708984,41.625,29680600,False
XLE,2024-01-30,41.650001525878906,42.5099983215332,41.4900016784668,42.5,41.4900016784668,35341200,False
XLE,2024-01-31,42.5,42.58000183105469,41.685001373291016,41.70500183105469,41.685001373291016,38580800,False
XLE,2024-02-01,41.95500183105469,42.150001525878906,41.314998626708984,41.70000076293945,41.314998626708984,51101400,False
XLE,2024-02-02,42.04999923706055,42.09000015258789,41.40999984741211,41.7599983215332,41.40999984741211,38075000,False
XLE,2024-02-05,41.505001068115234,41.904998779296875,41.20500183105469,41.654998779296875,41.20500183105469,31593600,False
XLE,2024-02-06,41.86000061035156,42.20000076293945,41.6150016784668,41.790000915527344,41.6150016784668,28056200,False
XLE,2024-02-07,41.90999984741211,42.09000015258789,41.53499984741211,41.875,41.53499984741211,26920400,False
XLE,2024-02-08,41.849998474121094,42.459999084472656,41.84000015258789,42.30500030517578,41.84000015258789,36201000,False
XLE,2024-02-09,42.3849983215332,42.564998626708984,41.61000061035156,41.654998779296875,41.61000061035156,38073400,False
XLE,2024-02-12,41.79999923706055,42.23500061035156,41.79999923706055,42.1150016784668,41.79999923706055,25893800,False
XLE,2024-02-13,42.154998779296875,42.29999923706055,41.41999816894531,41.689998626708984,41.41999816894531,41156800,False
XLE,2024-02-14,41.994998931884766,42.125,41.43000030517578,41.650001525878906,41.43000030517578,40894600,False
XLE,2024-02-15,41.63999938964844,42.93000030517578,41.60499954223633,42.810001373291016,41.60499954223633,43364400,False
XLE,2024-02-16,42.98500061035156,43.125,42.65999984741211,42.78499984741211,42.65999984741211,26960800,False
XLE,2024-02-20,42.83000183105469,42.85499954223633,42.34000015258789,42.39500045776367,42.34000015258789,28995600,False
XLE,2024-02-21,42.57500076293945,43.22999954223633,42.54499816894531,43.189998626708984,42.54499816894531,28745800,False
XLE,2024-02-22,42.915000915527344,43.44499969482422,42.709999084472656,43.26499938964844,42.709999084472656,35206800,False
XLE,2024-02-23,42.845001220703125,43.119998931884766,42.56999969482422,42.97999954223633,42.56999969482422,28952400,False
XLE,2024-02-26,42.93000030517578,43.415000915527344,42.71500015258789,43.130001068115234,42.71500015258789,23376400,False
XLE,2024-02-27,43.16999816894531,43.35499954223633,42.724998474121094,42.94499969482422,42.724998474121094,26317400,False
XLE,2024-02-28,43.0,43.32500076293945,42.689998626708984,42.86000061035156,42.689998626708984,26679600,False
XLE,2024-02-29,42.95000076293945,43.209999084472656,42.83000183105469,43.06999969482422,42.83000183105469,27335400,False
XLE,2024-03-01,43.380001068115234,43.77000045776367,43.30500030517578,43.56999969482422,43.30500030517578,32459600,False
XLE,2024-03-04,43.54499816894531,43.65999984741211,43.064998626708984,43.10499954223633,43.064998626708984,33198000,False
XLE,2024-03-05,43.040000915527344,43.70500183105469,42.98500061035156,43.42499923706055,42.98500061035156,32174200,False
XLE,2024-03-06,43.790000915527344,44.02000045776367,43.46500015258789,43.560001373291016,43.46500015258789,28008800,False
XLE,2024-03-07,43.619998931884766,44.17499923706055,43.584999084472656,43.93000030517578,43.584999084472656,24569200,False
XLE,2024-03-08,43.869998931884766,44.095001220703125,43.7599983215332,44.084999084472656,43.7599983215332,28252000,False
XLE,2024-03-11,44.095001220703125,44.55500030517578,43.76499938964844,44.540000915527344,43.76499938964844,24983800,False
XLE,2024-03-12,44.53499984741211,44.65999984741211,44.23500061035156,44.470001220703125,44.23500061035156,23780600,False
XLE,2024-03-13,44.935001373291016,45.42499923706055,44.86000061035156,45.18000030517578,44.86000061035156,42725200,False
XLE,2024-03-14,45.36000061035156,45.665000915527344,45.185001373291016,45.64500045776367,45.185001373291016,35946000,False
XLE,2024-03-15,45.61000061035156,46.11000061035156,45.505001068115234,45.779998779296875,45.505001068115234,37753400,False
XLE,2024-03-18,45.595001220703125,45.72999954223633,45.21500015258789,45.56999969482422,45.21500015258789,30496800,False
XLE,2024-03-19,45.564998626708984,46.125,45.53499984741211,46.09000015258789,45.53499984741211,28545800,False
XLE,2024-03-20,45.82500076293945,46.189998626708984,45.755001068115234,46.025001525878906,45.755001068115234,32659400,False
XLE,2024-03-21,46.10499954223633,46.39500045776367,45.959999084472656,46.29999923706055,45.959999084472656,23334200,False
XLE,2024-03-22,46.31999969482422,46.435001373291016,46.084999084472656,46.20000076293945,46.084999084472656,17948800,False
XLE,2024-03-25,46.36000061035156,46.939998626708984,46.349998474121094,46.630001068115234,46.349998474121094,35074400,False
XLE,2024-03-26,46.67499923706055,46.779998779296875,46.18000030517578,46.27000045776367,46.18000030517578,35373800,False
XLE,2024-03-27,46.16999816894531,46.709999084472656,46.09000015258789,46.70000076293945,46.09000015258789,33960000,False
XLE,2024-03-28,46.974998474121094,47.290000915527344,46.75,47.20500183105469,46.75,34615200,False
XLE,2024-04-01,47.345001220703125,47.69499969482422,46.880001068115234,47.55500030517578,46.880001068115234,42899000,False
XLE,2024-04-02,47.7599983215332,48.27000045776367,47.54999923706055,48.220001220703125,47.54999923706055,38671200,False
XLE,2024-04-03,48.400001525878906,48.6150016784668,48.2400016784668,48.54999923706055,48.2400016784668,29148800,False
XLE,2024-04-04,48.625,48.79999923706055,48.33000183105469,48.52000045776367,48.33000183105469,36941200,False
XLE,2024-04-05,48.720001220703125,49.23500061035156,48.42499923706055,49.040000915527344,48.42499923706055,31194600,False
XLE,2024-04-08,49.064998626708984,49.20500183105469,48.64500045776367,48.72999954223633,48.64500045776367,34034600,False
XLE,2024-04-09,48.939998626708984,49.06999969482422,48.38999938964844,48.744998931884766,48.38999938964844,35322800,False
XLE,2024-04-10,48.61000061035156,49.07500076293945,48.400001525878906,48.89500045776367,48.400001525878906,39199600,False
XLE,2024-04-11,49.04999923706055,49.06999969482422,48.16999816894531,48.86000061035156,48.16999816894531,39204600,False
XLE,2024-04-12,49.16999816894531,49.48500061035156,47.834999084472656,48.064998626708984,47.834999084472656,46572400,False
XLE,2024-04-15,48.29499816894531,48.525001525878906,47.55500030517578,47.6150016784668,47.55500030517578,48690800,False
XLE,2024-04-16,47.525001525878906,47.744998931884766,46.8650016784668,47.20000076293945,46.8650016784668,36497600,False
XLE,2024-04-17,47.099998474121094,47.56999969482422,46.72999954223633,47.064998626708984,46.72999954223633,27421000,False
XLE,2024-04-18,47.224998474121094,47.36000061035156,46.755001068115234,46.91999816894531,46.755001068115234,25555600,False
XLE,2024-04-19,47.0099983215332,47.80500030517578,46.939998626708984,47.48500061035156,46.939998626708984,35451400,False
XLE,2024-04-22,47.23500061035156,48.119998931884766,46.86000061035156,47.79499816894531,46.86000061035156,30244400,False
XLE,2024-04-23,47.57500076293945,48.060001373291016,47.345001220703125,48.060001373291016,47.345001220703125,28657400,False
XLE,2024-04-24,47.7599983215332,48.150001525878906,47.529998779296875,48.095001220703125,47.529998779296875,21303800,False
XLE,2024-04-25,48.040000915527344,48.459999084472656,47.625,48.314998626708984,47.625,26500200,False
XLE,2024-04-26,47.880001068115234,48.060001373291016,47.380001068115234,47.869998931884766,47.380001068115234,32366600,False
XLE,2024-04-29,47.72999954223633,48.29999923706055,47.70000076293945,48.19499969482422,47.70000076293945,22236400,False
XLE,2024-04-30,48.0,48.084999084472656,46.7400016784668,46.7599983215332,46.7400016784668,35399000,False
XLE,2024-05-01,46.69499969482422,46.845001220703125,45.76499938964844,46.01499938964844,45.76499938964844,50943800,False
XLE,2024-05-02,46.32500076293945,46.595001220703125,46.060001373291016,46.279998779296875,46.060001373291016,34616800,False
XLE,2024-05-03,46.31999969482422,46.369998931884766,45.67499923706055,46.28499984741211,45.67499923706055,38087800,False
XLE,2024-05-06,46.43000030517578,47.119998931884766,46.43000030517578,46.650001525878906,46.43000030517578,33445600,False
XLE,2024-05-07,46.71500015258789,46.95000076293945,46.59000015258789,46.60499954223633,46.59000015258789,20942200,False
XLE,2024-05-08,46.334999084472656,46.775001525878906,46.26499938964844,46.54999923706055,46.26499938964844,19811800,False
XLE,2024-05-09,46.599998474121094,47.17499923706055,46.599998474121094,47.17499923706055,46.599998474121094,22489400,False
XLE,2024-05-10,47.275001525878906,47.43000030517578,46.790000915527344,46.915000915527344,46.790000915527344,20568400,False
XLE,2024-05-13,47.025001525878906,47.20000076293945,46.59000015258789,46.790000915527344,46.59000015258789,20978000,False
XLE,2024-05-14,46.70000076293945,46.8849983215332,46.5099983215332,46.849998474121094,46.5099983215332,24911600,False
XLE,2024-05-15,46.75,47.040000915527344,46.060001373291016,46.95500183105469,46.060001373291016,38792200,False
XLE,2024-05-16,46.849998474121094,47.189998626708984,46.70000076293945,46.82500076293945,46.70000076293945,24580200,False
XLE,2024-05-17,46.90999984741211,47.55500030517578,46.89500045776367,47.47999954223633,46.89500045776367,29001600,False
XLE,2024-05-20,47.5,47.60499954223633,47.05500030517578,47.16999816894531,47.05500030517578,20134600,False
XLE,2024-05-21,47.04999923706055,47.435001373291016,46.904998779296875,46.939998626708984,46.904998779296875,22467600,False
XLE,2024-05-22,46.75,46.77000045776367,45.85499954223633,46.040000915527344,45.85499954223633,34868000,False
XLE,2024-05-23,46.27000045776367,46.43000030517578,45.540000915527344,45.619998931884766,45.540000915527344,26931400,False
XLE,2024-05-24,45.974998474121094,46.095001220703125,45.55500030517578,45.685001373291016,45.55500030517578,19041400,False
XLE,2024-05-28,45.845001220703125,46.275001525878906,45.72999954223633,46.154998779296875,45.72999954223633,28904200,False
XLE,2024-05-29,46.025001525878906,46.064998626708984,45.1349983215332,45.34000015258789,45.1349983215332,30053600,False
XLE,2024-05-30,45.2400016784668,45.6349983215332,45.224998474121094,45.470001220703125,45.224998474121094,22731400,False
XLE,2024-05-31,45.54999923706055,46.6349983215332,45.505001068115234,46.599998474121094,45.505001068115234,32503000,False
XLE,2024-06-03,46.44499969482422,46.459999084472656,45.04499816894531,45.380001068115234,45.04499816894531,40796600,False
XLE,2024-06-04,44.90999984741211,44.98500061035156,44.349998474121094,44.94499969482422,44.349998474121094,34721400,False
XLE,2024-06-05,45.0,45.06999969482422,44.665000915527344,44.939998626708984,44.665000915527344,21040200,False
XLE,2024-06-06,44.78499984741211,45.189998626708984,44.6150016784668,45.17499923706055,44.6150016784668,25506600,False
XLE,2024-06-07,45.09000015258789,45.52000045776367,44.775001525878906,44.994998931884766,44.775001525878906,20089800,False
XLE,2024-06-10,45.165000915527344,45.60499954223633,44.994998931884766,45.334999084472656,44.994998931884766,22543800,False
XLE,2024-06-11,45.1349983215332,45.29499816894531,44.720001220703125,45.244998931884766,44.720001220703125,18591200,False
XLE,2024-06-12,45.619998931884766,45.6349983215332,44.53499984741211,44.7599983215332,44.53499984741211,32560600,False
XLE,2024-06-13,44.63999938964844,44.76499938964844,44.125,44.349998474121094,44.125,28495600,False
XLE,2024-06-14,44.29999923706055,44.349998474121094,43.834999084472656,44.02000045776367,43.834999084472656,25811400,False
XLE,2024-06-17,43.959999084472656,44.334999084472656,43.79999923706055,44.1349983215332,43.79999923706055,29547800,False
XLE,2024-06-18,44.41999816894531,44.880001068115234,44.209999084472656,44.31999969482422,44.209999084472656,29285800,False
XLE,2024-06-20,44.45000076293945,45.3650016784668,44.310001373291016,45.1349983215332,44.310001373291016,34073800,False
XLE,2024-06-21,45.255001068115234,45.380001068115234,44.810001373291016,44.875,44.810001373291016,39972600,False
XLE,2024-06-24,44.76499938964844,45.814998626708984,44.689998626708984,45.63999938964844,44.689998626708984,31188200,False
XLE,2024-06-25,45.599998474121094,45.75,45.349998474121094,45.744998931884766,45.349998474121094,27666600,False
XLE,2024-06-26,45.79499816894531,45.79499816894531,45.08000183105469,45.29499816894531,45.08000183105469,23127400,False
XLE,2024-06-27,45.53499984741211,45.584999084472656,45.14500045776367,45.400001525878906,45.14500045776367,15631600,False
XLE,2024-06-28,45.75,45.90999984741211,45.40999984741211,45.57500076293945,45.40999984741211,25670000,False
XLE,2024-07-01,45.939998626708984,46.09000015258789,45.33000183105469,45.599998474121094,45.33000183105469,24563200,False
XLE,2024-07-02,46.040000915527344,46.04999923706055,45.275001525878906,45.564998626708984,45.275001525878906,25226800,False
XLE,2024-07-03,45.60499954223633,45.974998474121094,45.525001525878906,45.76499938964844,45.525001525878906,16280000,False
XLE,2024-07-05,45.67499923706055,45.709999084472656,44.849998474121094,45.04999923706055,44.849998474121094,23450400,False
XLE,2024-07-08,44.724998474121094,45.189998626708984,44.599998474121094,44.775001525878906,44.599998474121094,19595000,False
XLE,2024-07-09,44.33000183105469,44.869998931884766,44.20000076293945,44.380001068115234,44.20000076293945,19086600,False
XLE,2024-07-10,44.33000183105469,44.69499969482422,44.19499969482422,44.68000030517578,44.19499969482422,19320800,False
XLE,2024-07-11,44.564998626708984,45.2400016784668,44.40999984741211,45.14500045776367,44.40999984741211,22684800,False
XLE,2024-07-12,45.400001525878906,45.46500015258789,44.92499923706055,45.2599983215332,44.92499923706055,18117200,False
XLE,2024-07-15,45.58000183105469,46.36000061035156,45.404998779296875,45.94499969482422,45.404998779296875,30792000,False
XLE,2024-07-16,45.75,46.19499969482422,45.51499938964844,46.150001525878906,45.51499938964844,24129400,False
XLE,2024-07-17,46.255001068115234,46.90999984741211,46.244998931884766,46.61000061035156,46.244998931884766,29435400,False
XLE,2024-07-18,46.560001373291016,47.255001068115234,46.39500045776367,46.69499969482422,46.39500045776367,32867600,False
XLE,2024-07-19,46.619998931884766,46.939998626708984,46.064998626708984,46.185001373291016,46.064998626708984,26500200,False
XLE,2024-07-22,45.939998626708984,46.15999984741211,45.6349983215332,45.89500045776367,45.6349983215332,21527600,False
XLE,2024-07-23,45.76499938964844,45.80500030517578,45.11000061035156,45.165000915527344,45.11000061035156,33103800,False
XLE,2024-07-24,45.28499984741211,45.57500076293945,44.86000061035156,45.16999816894531,44.86000061035156,29328600,False
XLE,2024-07-25,45.20000076293945,46.095001220703125,44.98500061035156,45.95000076293945,44.98500061035156,36437400,False
XLE,2024-07-26,45.83000183105469,46.290000915527344,45.665000915527344,46.095001220703125,45.665000915527344,23730800,False
XLE,2024-07-29,46.099998474121094,46.1349983215332,45.27000045776367,45.70000076293945,45.27000045776367,27156600,False
XLE,2024-07-30,45.69499969482422,46.55500030517578,45.63999938964844,46.40999984741211,45.63999938964844,25673200,False
XLE,2024-07-31,47.040000915527344,47.06999969482422,46.56999969482422,46.60499954223633,46.56999969482422,36173800,False
XLE,2024-08-01,46.5,46.73500061035156,45.1349983215332,45.369998931884766,45.1349983215332,42558400,False
XLE,2024-08-02,44.849998474121094,45.095001220703125,43.755001068115234,44.20000076293945,43.755001068115234,45836200,False
XLE,2024-08-05,43.25,43.59000015258789,42.73500061035156,43.224998474121094,42.73500061035156,50039200,False
XLE,2024-08-06,43.3849983215332,43.97999954223633,43.21500015258789,43.4900016784668,43.21500015258789,31418600,False
XLE,2024-08-07,44.02000045776367,44.470001220703125,43.63999938964844,43.665000915527344,43.63999938964844,26126000,False
XLE,2024-08-08,43.790000915527344,44.665000915527344,43.790000915527344,44.60499954223633,43.790000915527344,21596800,False
XLE,2024-08-09,44.540000915527344,44.89500045776367,44.255001068115234,44.70500183105469,44.255001068115234,22345600,False
XLE,2024-08-12,44.96500015258789,45.21500015258789,43.75,44.92499923706055,43.75,28785800,False
XLE,2024-08-13,44.584999084472656,44.625,44.27000045776367,44.4900016784668,44.27000045776367,31386400,False
XLE,2024-08-14,44.57500076293945,44.95000076293945,44.400001525878906,44.75,44.400001525878906,21657600,False
XLE,2024-08-15,45.005001068115234,45.43000030517578,44.96500015258789,45.28499984741211,44.96500015258789,18335200,False
XLE,2024-08-16,45.005001068115234,45.345001220703125,44.970001220703125,45.23500061035156,44.970001220703125,17753000,False
XLE,2024-08-19,45.310001373291016,45.92499923706055,45.310001373291016,45.540000915527344,45.310001373291016,21762600,False
XLE,2024-08-20,45.439998626708984,45.47999954223633,44.31999969482422,44.34000015258789,44.31999969482422,33866400,False
XLE,2024-08-21,44.619998931884766,44.845001220703125,44.290000915527344,44.415000915527344,44.290000915527344,22737800,False
XLE,2024-08-22,44.44499969482422,44.72999954223633,44.35499954223633,44.529998779296875,44.35499954223633,19595400,False
XLE,2024-08-23,44.7400016784668,45.27000045776367,44.685001373291016,45.19499969482422,44.685001373291016,20734600,False
XLE,2024-08-26,45.69499969482422,46.0,45.26499938964844,45.599998474121094,45.26499938964844,19514800,False
XLE,2024-08-27,45.599998474121094,45.724998474121094,45.095001220703125,45.17499923706055,45.095001220703125,16627200,False
XLE,2024-08-28,44.900001525878906,45.165000915527344,44.685001373291016,44.8849983215332,44.685001373291016,17049000,False
XLE,2024-08-29,45.150001525878906,45.63999938964844,44.724998474121094,45.470001220703125,44.724998474121094,22498800,False
XLE,2024-08-30,45.0099983215332,45.654998779296875,44.904998779296875,45.63999938964844,44.904998779296875,28085000,False
XLE,2024-09-03,44.89500045776367,44.96500015258789,44.224998474121094,44.505001068115234,44.224998474121094,38194200,False
XLE,2024-09-04,44.54999923706055,44.834999084472656,43.80500030517578,43.88999938964844,43.80500030517578,30114000,False
XLE,2024-09-05,44.20500183105469,44.2400016784668,43.5099983215332,43.54999923706055,43.5099983215332,24991200,False
XLE,2024-09-06,43.64500045776367,43.90999984741211,42.83000183105469,43.005001068115234,42.83000183105469,35912000,False
XLE,2024-09-09,43.1349983215332,43.71500015258789,43.06999969482422,43.314998626708984,43.06999969482422,32824400,False
XLE,2024-09-10,43.380001068115234,43.435001373291016,42.20500183105469,42.56999969482422,42.20500183105469,49326800,False
XLE,2024-09-11,42.564998626708984,42.584999084472656,41.5099983215332,42.17499923706055,41.5099983215332,48125800,False
XLE,2024-09-12,42.34000015258789,42.720001220703125,42.025001525878906,42.55500030517578,42.025001525878906,31762000,False
XLE,2024-09-13,42.77000045776367,43.1150016784668,42.66999816894531,42.79499816894531,42.66999816894531,26195400,False
XLE,2024-09-16,43.154998779296875,43.55500030517578,42.959999084472656,43.28499984741211,42.959999084472656,26875000,False
XLE,2024-09-17,43.29999923706055,43.900001525878906,43.20500183105469,43.869998931884766,43.20500183105469,25034600,False
XLE,2024-09-18,43.80500030517578,44.494998931884766,43.744998931884766,43.95500183105469,43.744998931884766,28209600,False
XLE,2024-09-19,44.70000076293945,44.97999954223633,44.23500061035156,44.47999954223633,44.23500061035156,37806800,False
XLE,2024-09-20,44.29499816894531,44.48500061035156,43.88999938964844,44.380001068115234,43.88999938964844,27961600,False
XLE,2024-09-23,44.099998474121094,44.779998779296875,43.95000076293945,44.560001373291016,43.95000076293945,26630200,False
XLE,2024-09-24,45.06999969482422,45.06999969482422,44.3849983215332,44.45000076293945,44.3849983215332,34627400,False
XLE,2024-09-25,44.334999084472656,44.470001220703125,43.4900016784668,43.58000183105469,43.4900016784668,27633600,False
XLE,2024-09-26,42.71500015258789,43.290000915527344,42.584999084472656,42.724998474121094,42.584999084472656,46896400,False
XLE,2024-09-27,42.95500183105469,43.65999984741211,42.93000030517578,43.595001220703125,42.93000030517578,30489600,False
XLE,2024-09-30,43.51499938964844,43.97999954223633,43.26499938964844,43.900001525878906,43.26499938964844,22806600,False
XLE,2024-10-01,43.505001068115234,45.08000183105469,43.45000076293945,44.900001525878906,43.45000076293945,66114200,False
XLE,2024-10-02,45.529998779296875,45.64500045776367,44.85499954223633,45.36000061035156,44.85499954223633,41925200,False
XLE,2024-10-03,45.52000045776367,46.220001220703125,45.17499923706055,46.15999984741211,45.17499923706055,44726000,False
XLE,2024-10-04,46.54999923706055,46.73500061035156,46.125,46.59000015258789,46.125,35945600,False
XLE,2024-10-07,46.755001068115234,47.10499954223633,46.599998474121094,46.755001068115234,46.599998474121094,32519400,False
XLE,2024-10-08,46.150001525878906,46.20000076293945,45.314998626708984,45.53499984741211,45.314998626708984,39759800,False
XLE,2024-10-09,45.19499969482422,45.93000030517578,45.10499954223633,45.810001373291016,45.10499954223633,31519600,False
XLE,2024-10-10,46.064998626708984,46.375,45.72999954223633,46.119998931884766,45.72999954223633,26047400,False
XLE,2024-10-11,46.10499954223633,46.56999969482422,46.01499938964844,46.404998779296875,46.01499938964844,26414600,False
XLE,2024-10-14,46.08000183105469,46.459999084472656,46.0099983215332,46.3849983215332,46.0099983215332,22198600,False
XLE,2024-10-15,45.150001525878906,45.45000076293945,44.8650016784668,44.88999938964844,44.8650016784668,37839200,False
XLE,2024-10-16,45.14500045776367,45.255001068115234,44.98500061035156,45.10499954223633,44.98500061035156,19877000,False
XLE,2024-10-17,45.099998474121094,45.470001220703125,45.04999923706055,45.31999969482422,45.04999923706055,21433400,False
XLE,2024-10-18,45.23500061035156,45.3650016784668,44.849998474121094,45.16999816894531,44.849998474121094,24015200,False
XLE,2024-10-21,45.470001220703125,45.6150016784668,44.95500183105469,45.03499984741211,44.95500183105469,21162000,False
XLE,2024-10-22,45.20000076293945,45.349998474121094,44.974998474121094,45.13999938964844,44.974998474121094,17956400,False
XLE,2024-10-23,45.01499938964844,45.189998626708984,44.64500045776367,44.904998779296875,44.64500045776367,19813200,False
XLE,2024-10-24,45.0,45.1349983215332,44.599998474121094,44.900001525878906,44.599998474121094,17046600,False
XLE,2024-10-25,45.13999938964844,45.2599983215332,44.755001068115234,44.8849983215332,44.755001068115234,19104600,False
XLE,2024-10-28,43.93000030517578,44.630001068115234,43.88999938964844,44.599998474121094,43.88999938964844,24228000,False
XLE,2024-10-29,44.5,44.53499984741211,43.82500076293945,43.91999816894531,43.82500076293945,23791600,False
XLE,2024-10-30,44.07500076293945,44.3650016784668,43.904998779296875,44.02000045776367,43.904998779296875,19364200,False
XLE,2024-10-31,44.29999923706055,44.630001068115234,44.18000030517578,44.29499816894531,44.18000030517578,31623200,False
XLE,2024-11-01,44.89500045776367,45.05500030517578,43.92499923706055,44.01499938964844,43.92499923706055,26304600,False
XLE,2024-11-04,44.314998626708984,44.85499954223633,44.255001068115234,44.78499984741211,44.255001068115234,25811800,False
XLE,2024-11-05,45.005001068115234,45.20000076293945,44.80500030517578,45.084999084472656,44.80500030517578,20876600,False
XLE,2024-11-06,46.32500076293945,47.1349983215332,46.025001525878906,46.779998779296875,46.025001525878906,50053200,False
XLE,2024-11-07,46.75,46.75,46.209999084472656,46.564998626708984,46.209999084472656,26138000,False
XLE,2024-11-08,46.56999969482422,46.94499969482422,46.3849983215332,46.875,46.3849983215332,22336800,False
XLE,2024-11-11,46.8849983215332,47.29999923706055,46.665000915527344,47.13999938964844,46.665000915527344,20909400,False
XLE,2024-11-12,47.275001525878906,47.42499923706055,46.84000015258789,46.88999938964844,46.84000015258789,18500400,False
XLE,2024-11-13,47.029998779296875,47.45000076293945,46.46500015258789,47.255001068115234,46.46500015258789,23676200,False
XLE,2024-11-14,47.56999969482422,47.59000015258789,47.1349983215332,47.435001373291016,47.1349983215332,18011000,False
XLE,2024-11-15,47.38999938964844,47.845001220703125,47.19499969482422,47.3650016784668,47.19499969482422,28080400,False
XLE,2024-11-18,47.7400016784668,48.09000015258789,47.529998779296875,47.994998931884766,47.529998779296875,23892600,False
XLE,2024-11-19,47.61000061035156,47.974998474121094,47.46500015258789,47.689998626708984,47.46500015258789,23796400,False
XLE,2024-11-20,47.8650016784668,48.20500183105469,47.71500015258789,48.16999816894531,47.71500015258789,17917600,False
XLE,2024-11-21,48.38999938964844,48.92499923706055,48.27000045776367,48.560001373291016,48.27000045776367,33541000,False
XLE,2024-11-22,48.494998931884766,48.959999084472656,48.45000076293945,48.6349983215332,48.45000076293945,21555600,False
XLE,2024-11-25,48.625,48.869998931884766,47.560001373291016,47.67499923706055,47.560001373291016,32950600,False
XLE,2024-11-26,47.7400016784668,47.84000015258789,47.38999938964844,47.61000061035156,47.38999938964844,24932800,False
XLE,2024-11-27,47.564998626708984,47.96500015258789,47.5,47.560001373291016,47.5,15595600,False
XLE,2024-11-29,47.665000915527344,47.845001220703125,47.58000183105469,47.76499938964844,47.58000183105469,13636400,False
XLE,2024-12-02,47.75,47.83000183105469,46.834999084472656,47.2599983215332,46.834999084472656,22190000,False
XLE,2024-12-03,47.564998626708984,47.650001525878906,47.04999923706055,47.255001068115234,47.04999923706055,17886600,False
XLE,2024-12-04,47.23500061035156,47.23500061035156,45.84000015258789,46.1150016784668,45.84000015258789,32518000,False
XLE,2024-12-05,46.28499984741211,46.599998474121094,46.099998474121094,46.29499816894531,46.099998474121094,22662400,False
XLE,2024-12-06,46.20000076293945,46.20500183105469,45.42499923706055,45.5099983215332,45.42499923706055,26206600,False
XLE,2024-12-09,45.88999938964844,46.1349983215332,45.39500045776367,45.435001373291016,45.39500045776367,23627800,False
XLE,2024-12-10,45.69499969482422,45.7599983215332,45.060001373291016,45.125,45.060001373291016,23299800,False
XLE,2024-12-11,45.220001220703125,45.369998931884766,44.97999954223633,45.20000076293945,44.97999954223633,23147600,False
XLE,2024-12-12,45.119998931884766,45.20000076293945,44.790000915527344,44.834999084472656,44.790000915527344,21746200,False
XLE,2024-12-13,44.94499969482422,44.959999084472656,44.48500061035156,44.61000061035156,44.48500061035156,22346000,False
XLE,2024-12-16,44.48500061035156,44.48500061035156,43.595001220703125,43.630001068115234,43.595001220703125,25036200,False
XLE,2024-12-17,43.29999923706055,43.3849983215332,42.900001525878906,43.30500030517578,42.900001525878906,32011600,False
XLE,2024-12-18,43.185001373291016,43.38999938964844,42.025001525878906,42.025001525878906,42.025001525878906,39241200,False
XLE,2024-12-19,42.470001220703125,42.60499954223633,41.630001068115234,41.65999984741211,41.630001068115234,49981400,False
XLE,2024-12-20,41.654998779296875,42.21500015258789,41.54499816894531,42.06999969482422,41.54499816894531,35704800,False
XLE,2024-12-23,41.654998779296875,42.10499954223633,41.375,41.96500015258789,41.375,34445400,False
XLE,2024-12-24,42.084999084472656,42.400001525878906,41.810001373291016,42.31999969482422,41.810001373291016,15024200,False
XLE,2024-12-26,42.334999084472656,42.36000061035156,42.025001525878906,42.28499984741211,42.025001525878906,15386400,False
XLE,2024-12-27,42.25,42.7400016784668,42.06999969482422,42.279998779296875,42.06999969482422,20369800,False
XLE,2024-12-30,42.28499984741211,42.51499938964844,41.92499923706055,42.275001525878906,41.92499923706055,23545400,False
XLE,2024-12-31,42.375,42.95000076293945,42.290000915527344,42.83000183105469,42.290000915527344,21165000,False
XLE,2025-01-02,43.18000030517578,43.650001525878906,43.040000915527344,43.33000183105469,43.040000915527344,34887000,False
XLE,2025-01-03,43.584999084472656,43.880001068115234,43.40999984741211,43.73500061035156,43.40999984741211,22120800,False
XLE,2025-01-06,43.935001373291016,44.28499984741211,43.42499923706055,43.53499984741211,43.42499923706055,22835200,False
XLE,2025-01-07,43.85499954223633,44.30500030517578,43.59000015258789,43.970001220703125,43.59000015258789,25035800,False
XLE,2025-01-08,43.70000076293945,44.03499984741211,43.54499816894531,44.01499938964844,43.54499816894531,28483800,False
XLE,2025-01-10,44.584999084472656,45.099998474121094,43.959999084472656,44.19499969482422,43.959999084472656,34075800,False
XLE,2025-01-13,44.39500045776367,45.38999938964844,44.39500045776367,45.125,44.39500045776367,48896200,False
XLE,2025-01-14,45.04499816894531,45.650001525878906,44.97999954223633,45.61000061035156,44.97999954223633,31173000,False
XLE,2025-01-15,45.88999938964844,46.404998779296875,45.70000076293945,46.28499984741211,45.70000076293945,34657800,False
XLE,2025-01-16,46.130001068115234,46.665000915527344,46.07500076293945,46.619998931884766,46.07500076293945,25230600,False
XLE,2025-01-17,46.619998931884766,47.14500045776367,46.45500183105469,46.97999954223633,46.45500183105469,23899600,False
XLE,2025-01-21,46.86000061035156,47.0,46.494998931884766,46.7400016784668,46.494998931884766,49302000,False
XLE,2025-01-22,46.595001220703125,46.650001525878906,45.86000061035156,45.88999938964844,45.86000061035156,35880200,False
XLE,2025-01-23,46.2400016784668,46.40999984741211,45.775001525878906,46.099998474121094,45.775001525878906,29359200,False
XLE,2025-01-24,46.165000915527344,46.35499954223633,45.599998474121094,45.654998779296875,45.599998474121094,29156800,False
XLE,2025-01-27,45.5,45.58000183105469,44.8650016784668,45.18000030517578,44.8650016784668,31993400,False
XLE,2025-01-28,45.314998626708984,45.474998474121094,44.525001525878906,44.75,44.525001525878906,37401800,False
XLE,2025-01-29,44.63999938964844,45.08000183105469,44.57500076293945,44.849998474121094,44.57500076293945,20681800,False
XLE,2025-01-30,45.125,45.314998626708984,44.79999923706055,45.08000183105469,44.79999923706055,39092600,False
XLE,2025-01-31,44.95500183105469,45.05500030517578,43.71500015258789,43.81999969482422,43.71500015258789,44537400,False
XLE,2025-02-03,43.814998626708984,44.275001525878906,43.415000915527344,44.095001220703125,43.415000915527344,39816400,False
XLE,2025-02-04,43.88999938964844,45.1150016784668,43.814998626708984,45.02000045776367,43.814998626708984,40279800,False
XLE,2025-02-05,45.005001068115234,45.18000030517578,44.755001068115234,45.1150016784668,44.755001068115234,21772000,False
XLE,2025-02-06,45.31999969482422,45.43000030517578,44.04499816894531,44.28499984741211,44.04499816894531,41309600,False
XLE,2025-02-07,44.45000076293945,44.685001373291016,44.220001220703125,44.279998779296875,44.220001220703125,22568400,False
XLE,2025-02-10,44.67499923706055,45.33000183105469,44.67499923706055,45.255001068115234,44.67499923706055,25871400,False
XLE,2025-02-11,45.470001220703125,45.92499923706055,45.18000030517578,45.619998931884766,45.18000030517578,26226800,False
XLE,2025-02-12,45.244998931884766,45.55500030517578,44.439998626708984,44.52000045776367,44.439998626708984,38798800,False
XLE,2025-02-13,44.45000076293945,44.95500183105469,44.15999984741211,44.85499954223633,44.15999984741211,31550400,False
XLE,2025-02-14,45.025001525878906,45.665000915527344,45.025001525878906,45.03499984741211,45.025001525878906,25885800,False
XLE,2025-02-18,45.25,45.95000076293945,44.9900016784668,45.650001525878906,44.9900016784668,29574800,False
XLE,2025-02-19,45.84000015258789,46.439998626708984,45.814998626708984,46.0099983215332,45.814998626708984,24531200,False
XLE,2025-02-20,45.915000915527344,46.5099983215332,45.720001220703125,46.43000030517578,45.720001220703125,28332200,False
XLE,2025-02-21,46.150001525878906,46.275001525878906,45.439998626708984,45.46500015258789,45.439998626708984,31276600,False
XLE,2025-02-24,45.54499816894531,45.720001220703125,45.23500061035156,45.474998474121094,45.23500061035156,26295200,False
XLE,2025-02-25,45.46500015258789,45.67499923706055,44.45500183105469,44.81999969482422,44.45500183105469,26608600,False
XLE,2025-02-26,44.875,44.994998931884766,44.36000061035156,44.564998626708984,44.36000061035156,24305600,False
XLE,2025-02-27,44.875,45.35499954223633,44.4900016784668,44.80500030517578,44.4900016784668,30048000,False
XLE,2025-02-28,44.65999984741211,45.53499984741211,44.380001068115234,45.5,44.380001068115234,26627200,False
XLE,2025-03-03,45.67499923706055,45.935001373291016,43.505001068115234,43.90999984741211,43.505001068115234,49501800,False
XLE,2025-03-04,43.26499938964844,44.189998626708984,42.71500015258789,43.48500061035156,42.71500015258789,50677000,False
XLE,2025-03-05,42.85499954223633,43.07500076293945,42.01499938964844,42.849998474121094,42.01499938964844,56510800,False
XLE,2025-03-06,42.64500045776367,43.244998931884766,42.310001373291016,42.97999954223633,42.310001373291016,47104200,False
XLE,2025-03-07,43.17499923706055,44.029998779296875,43.17499923706055,43.71500015258789,43.17499923706055,44849200,False
XLE,2025-03-10,43.95500183105469,44.64500045776367,43.630001068115234,44.040000915527344,43.630001068115234,40045400,False
XLE,2025-03-11,44.220001220703125,44.40999984741211,43.45500183105469,43.689998626708984,43.45500183105469,30230200,False
XLE,2025-03-12,43.720001220703125,44.29499816894531,43.55500030517578,43.88999938964844,43.55500030517578,32240400,False
XLE,2025-03-13,43.73500061035156,44.3650016784668,43.32500076293945,43.59000015258789,43.32500076293945,30742000,False
XLE,2025-03-14,43.83000183105469,44.939998626708984,43.630001068115234,44.880001068115234,43.630001068115234,32023200,False
XLE,2025-03-17,44.845001220703125,45.80500030517578,44.845001220703125,45.595001220703125,44.845001220703125,29761600,False
XLE,2025-03-18,45.849998474121094,45.95500183105469,45.310001373291016,45.66999816894531,45.310001373291016,30806600,False
XLE,2025-03-19,45.72999954223633,46.619998931884766,45.720001220703125,46.415000915527344,45.720001220703125,31742600,False
XLE,2025-03-20,46.15999984741211,46.7400016784668,45.96500015258789,46.584999084472656,45.96500015258789,33163600,False
XLE,2025-03-21,46.43000030517578,46.540000915527344,45.970001220703125,46.2599983215332,45.970001220703125,36975600,False
XLE,2025-03-24,46.11000061035156,46.70000076293945,46.03499984741211,46.42499923706055,46.03499984741211,23824600,False
XLE,2025-03-25,46.630001068115234,47.02000045776367,46.474998474121094,46.6150016784668,46.474998474121094,22292000,False
XLE,2025-03-26,47.04999923706055,47.40999984741211,46.775001525878906,46.88999938964844,46.775001525878906,25564600,False
XLE,2025-03-27,46.75,46.92499923706055,46.25,46.435001373291016,46.25,19147800,False
XLE,2025-03-28,46.40999984741211,46.584999084472656,45.98500061035156,46.21500015258789,45.98500061035156,22248800,False
XLE,2025-03-31,46.1150016784668,47.0,46.04999923706055,46.724998474121094,46.04999923706055,28813800,False
XLE,2025-04-01,46.75,47.04499816894531,46.244998931884766,47.0,46.244998931884766,27121200,False
XLE,2025-04-02,46.599998474121094,47.10499954223633,46.4900016784668,47.064998626708984,46.4900016784668,33960600,False
XLE,2025-04-03,44.82500076293945,45.16999816894531,43.35499954223633,43.369998931884766,43.35499954223633,75657800,True
XLE,2025-04-04,41.82500076293945,42.29499816894531,39.380001068115234,39.380001068115234,39.380001068115234,100752000,True
XLE,2025-04-07,38.10499954223633,40.790000915527344,37.4900016784668,39.125,37.90797805786133,113906800,False
XLE,2025-04-08,40.33000183105469,40.540000915527344,37.61000061035156,38.220001220703125,37.61000061035156,90538400,False
XLE,2025-04-09,37.474998474121094,41.60499954223633,37.244998931884766,41.18000030517578,39.8990592956543,118962400,True
XLE,2025-04-10,40.11000061035156,40.11000061035156,37.7400016784668,38.4900016784668,37.7400016784668,79046600,True
XLE,2025-04-11,38.66999816894531,39.7400016784668,37.90999984741211,39.44499969482422,38.21802520751953,41916800,False
XLE,2025-04-14,40.380001068115234,40.380001068115234,39.189998626708984,39.584999084472656,39.189998626708984,32748200,False
XLE,2025-04-15,39.54999923706055,40.2599983215332,39.505001068115234,39.525001525878906,39.505001068115234,22167000,False
XLE,2025-04-16,39.77000045776367,40.525001525878906,39.66999816894531,39.849998474121094,39.66999816894531,27331400,False
XLE,2025-04-17,40.17499923706055,41.380001068115234,40.154998779296875,40.75,40.154998779296875,47908800,False
XLE,2025-04-21,40.10499954223633,40.20500183105469,39.244998931884766,39.685001373291016,39.244998931884766,31012000,False
XLE,2025-04-22,40.20000076293945,40.994998931884766,40.025001525878906,40.69499969482422,40.025001525878906,22097400,False
XLE,2025-04-23,41.04999923706055,41.4900016784668,40.369998931884766,40.619998931884766,40.369998931884766,43216200,False
XLE,2025-04-24,41.0,41.38999938964844,40.64500045776367,41.27000045776367,40.64500045776367,21219000,False
XLE,2025-04-25,40.900001525878906,41.22999954223633,40.7400016784668,41.19499969482422,40.7400016784668,17664800,False
XLE,2025-04-28,41.150001525878906,41.599998474121094,41.095001220703125,41.48500061035156,41.095001220703125,16436800,False
XLE,2025-04-29,41.02000045776367,41.51499938964844,40.939998626708984,41.3650016784668,40.939998626708984,19843400,False
XLE,2025-04-30,40.70000076293945,40.7599983215332,39.755001068115234,40.25,39.755001068115234,37814200,False
XLE,2025-05-01,39.91999816894531,40.93000030517578,39.91999816894531,40.400001525878906,39.91999816894531,36314400,False
XLE,2025-05-02,40.88999938964844,41.19499969482422,40.15999984741211,40.9900016784668,40.15999984741211,32038800,False
XLE,2025-05-05,40.474998474121094,40.529998779296875,40.025001525878906,40.25,40.025001525878906,29530200,False
XLE,2025-05-06,40.43000030517578,40.61000061035156,40.03499984741211,40.2599983215332,40.03499984741211,22995400,False
XLE,2025-05-07,40.349998474121094,40.47999954223633,39.970001220703125,40.275001525878906,39.970001220703125,22446200,False
XLE,2025-05-08,40.64500045776367,41.36000061035156,40.58000183105469,40.80500030517578,40.58000183105469,30565800,False
XLE,2025-05-09,41.29999923706055,41.41999816894531,40.880001068115234,41.21500015258789,40.880001068115234,19993200,False
XLE,2025-05-12,42.7400016784668,42.935001373291016,41.97999954223633,42.290000915527344,41.97999954223633,32610000,False
XLE,2025-05-13,42.5,43.224998474121094,42.33000183105469,42.8849983215332,42.33000183105469,29031600,False
XLE,2025-05-14,42.599998474121094,42.790000915527344,42.459999084472656,42.625,42.459999084472656,21332600,False
XLE,2025-05-15,42.084999084472656,42.83000183105469,41.97999954223633,42.80500030517578,41.97999954223633,29721600,False
XLE,2025-05-16,42.900001525878906,42.92499923706055,42.30500030517578,42.7400016784668,42.30500030517578,21725800,False
XLE,2025-05-19,42.3849983215332,42.43000030517578,41.875,42.185001373291016,41.875,24787000,False
XLE,2025-05-20,42.154998779296875,42.25,41.755001068115234,41.79499816894531,41.755001068115234,22782200,False
XLE,2025-05-21,41.54499816894531,41.625,41.02000045776367,41.025001525878906,41.02000045776367,25698400,False
XLE,2025-05-22,40.810001373291016,41.099998474121094,40.36000061035156,40.8650016784668,40.36000061035156,23732200,False
XLE,2025-05-23,40.505001068115234,41.099998474121094,40.4900016784668,40.994998931884766,40.4900016784668,23511000,False
XLE,2025-05-27,41.279998779296875,41.415000915527344,40.974998474121094,41.349998474121094,40.974998474121094,19028000,False
XLE,2025-05-28,41.54999923706055,41.67499923706055,40.720001220703125,40.82500076293945,40.720001220703125,29552600,False
XLE,2025-05-29,40.88999938964844,41.130001068115234,40.630001068115234,41.130001068115234,40.630001068115234,23792800,False
XLE,2025-05-30,40.814998626708984,40.97999954223633,40.439998626708984,40.76499938964844,40.439998626708984,31038600,False
XLE,2025-06-02,41.529998779296875,41.584999084472656,40.82500076293945,41.29999923706055,40.82500076293945,32031000,False
XLE,2025-06-03,41.33000183105469,42.04999923706055,40.939998626708984,41.790000915527344,40.939998626708984,30352600,False
XLE,2025-06-04,41.77000045776367,42.095001220703125,40.92499923706055,40.974998474121094,40.92499923706055,44939200,False
XLE,2025-06-05,41.279998779296875,41.29999923706055,40.83000183105469,40.935001373291016,40.83000183105469,27655000,False
XLE,2025-06-06,41.30500030517578,41.83000183105469,41.30500030517578,41.70500183105469,41.30500030517578,28556800,False
XLE,2025-06-09,41.869998931884766,42.220001220703125,41.540000915527344,41.78499984741211,41.540000915527344,28680400,False
XLE,2025-06-10,42.22999954223633,42.80500030517578,42.209999084472656,42.529998779296875,42.209999084472656,46092200,False
XLE,2025-06-11,42.81999969482422,43.21500015258789,42.400001525878906,43.14500045776367,42.400001525878906,48996600,False
XLE,2025-06-12,42.94499969482422,43.310001373291016,42.630001068115234,43.29499816894531,42.630001068115234,34028200,False
XLE,2025-06-13,44.10499954223633,44.28499984741211,43.474998474121094,44.04999923706055,43.474998474121094,84194800,False
XLE,2025-06-16,43.93000030517578,44.375,43.59000015258789,43.91999816894531,43.59000015258789,69406600,False
XLE,2025-06-17,44.28499984741211,44.65999984741211,44.0099983215332,44.33000183105469,44.0099983215332,67884200,False
XLE,2025-06-18,44.4900016784668,44.71500015258789,43.939998626708984,44.040000915527344,43.939998626708984,70473000,False
XLE,2025-06-20,44.21500015258789,44.6150016784668,44.084999084472656,44.4900016784668,44.084999084472656,56744800,False
XLE,2025-06-23,44.685001373291016,44.71500015258789,42.83000183105469,43.01499938964844,42.83000183105469,105688200,False
XLE,2025-06-24,42.38999938964844,42.900001525878906,42.29499816894531,42.45500183105469,42.29499816894531,65358800,False
XLE,2025-06-25,42.404998779296875,42.560001373291016,42.130001068115234,42.27000045776367,42.130001068115234,43723000,False
XLE,2025-06-26,42.3650016784668,42.959999084472656,42.2599983215332,42.875,42.2599983215332,33565600,False
XLE,2025-06-27,42.849998474121094,42.849998474121094,42.39500045776367,42.650001525878906,42.39500045776367,35411800,False
XLE,2025-06-30,42.48500061035156,42.66999816894531,42.279998779296875,42.404998779296875,42.279998779296875,26247600,False
XLE,2025-07-01,42.470001220703125,42.93000030517578,42.08000183105469,42.72999954223633,42.08000183105469,40772800,False
XLE,2025-07-02,43.09000015258789,43.53499984741211,42.6150016784668,43.46500015258789,42.6150016784668,42468800,False
XLE,2025-07-03,43.404998779296875,43.654998779296875,43.30500030517578,43.51499938964844,43.30500030517578,22266200,False
XLE,2025-07-07,43.25,43.47999954223633,42.650001525878906,43.095001220703125,42.650001525878906,35673000,False
XLE,2025-07-08,43.04499816894531,44.415000915527344,43.03499984741211,44.255001068115234,43.22721481323242,47472400,False
XLE,2025-07-09,44.14500045776367,44.31999969482422,43.900001525878906,44.029998779296875,43.900001525878906,28672400,False
XLE,2025-07-10,43.93000030517578,44.38999938964844,43.6150016784668,44.3650016784668,43.6150016784668,28823800,False
XLE,2025-07-11,44.290000915527344,44.720001220703125,44.154998779296875,44.564998626708984,44.154998779296875,30171600,False
XLE,2025-07-14,44.47999954223633,44.47999954223633,43.84000015258789,44.07500076293945,43.84000015258789,33441600,False
XLE,2025-07-15,43.9900016784668,44.18000030517578,43.3849983215332,43.439998626708984,43.3849983215332,33859000,False
XLE,2025-07-16,43.380001068115234,43.630001068115234,42.90999984741211,43.064998626708984,42.90999984741211,35501600,False
XLE,2025-07-17,42.845001220703125,43.39500045776367,42.7400016784668,43.33000183105469,42.7400016784668,36085600,False
XLE,2025-07-18,43.67499923706055,43.875,42.810001373291016,42.97999954223633,42.810001373291016,60975600,False
XLE,2025-07-21,43.0099983215332,43.084999084472656,42.45000076293945,42.53499984741211,42.45000076293945,30434400,False
XLE,2025-07-22,42.48500061035156,42.970001220703125,42.44499969482422,42.73500061035156,42.44499969482422,32444000,False
XLE,2025-07-23,42.90999984741211,43.43000030517578,42.79999923706055,43.404998779296875,42.79999923706055,28046000,False
XLE,2025-07-24,43.290000915527344,43.77000045776367,43.095001220703125,43.71500015258789,43.095001220703125,24022200,False
XLE,2025-07-25,43.7599983215332,43.834999084472656,43.32500076293945,43.54999923706055,43.32500076293945,20143200,False
XLE,2025-07-28,43.84000015258789,44.119998931884766,43.775001525878906,44.04499816894531,43.775001525878906,23705200,False
XLE,2025-07-29,44.1150016784668,44.4900016784668,43.970001220703125,44.474998474121094,43.970001220703125,24552000,False
XLE,2025-07-30,44.20000076293945,44.224998474121094,43.564998626708984,43.84000015258789,43.564998626708984,26552400,False
XLE,2025-07-31,43.380001068115234,44.11000061035156,43.380001068115234,43.60499954223633,43.380001068115234,24960800,False
XLE,2025-08-01,43.439998626708984,43.595001220703125,42.560001373291016,42.79499816894531,42.560001373291016,42329400,False
XLE,2025-08-04,42.720001220703125,43.040000915527344,42.47999954223633,42.70000076293945,42.47999954223633,26509600,False
XLE,2025-08-05,42.689998626708984,42.814998626708984,42.17499923706055,42.755001068115234,42.17499923706055,31413600,False
XLE,2025-08-06,43.025001525878906,43.275001525878906,42.23500061035156,42.36000061035156,42.23500061035156,38249400,False
XLE,2025-08-07,42.61000061035156,43.084999084472656,42.13999938964844,42.19499969482422,42.13999938964844,35042000,False
XLE,2025-08-08,42.39500045776367,42.85499954223633,42.18000030517578,42.46500015258789,42.18000030517578,40736200,False
XLE,2025-08-11,42.54999923706055,42.73500061035156,42.04999923706055,42.125,42.04999923706055,28828800,False
XLE,2025-08-12,42.209999084472656,42.70000076293945,42.084999084472656,42.33000183105469,42.084999084472656,34522600,False
XLE,2025-08-13,42.36000061035156,42.82500076293945,42.209999084472656,42.81999969482422,42.209999084472656,25601200,False
XLE,2025-08-14,42.790000915527344,42.845001220703125,42.32500076293945,42.779998779296875,42.32500076293945,24944600,False
XLE,2025-08-15,42.79999923706055,43.26499938964844,42.64500045776367,42.779998779296875,42.64500045776367,27297800,False
XLE,2025-08-18,42.55500030517578,42.724998474121094,42.279998779296875,42.525001525878906,42.279998779296875,26428400,False
XLE,2025-08-19,42.404998779296875,42.790000915527344,42.29499816894531,42.540000915527344,42.29499816894531,25693800,False
XLE,2025-08-20,42.61000061035156,43.06999969482422,42.56999969482422,42.89500045776367,42.56999969482422,27967200,False
XLE,2025-08-21,42.81999969482422,43.28499984741211,42.70500183105469,43.189998626708984,42.70500183105469,22088000,False
XLE,2025-08-22,43.334999084472656,44.17499923706055,43.26499938964844,44.06999969482422,43.26499938964844,30936400,False
XLE,2025-08-25,43.959999084472656,44.2400016784668,43.814998626708984,44.185001373291016,43.814998626708984,23412800,False
XLE,2025-08-26,44.0099983215332,44.154998779296875,43.70500183105469,44.1150016784668,43.70500183105469,22855600,False
XLE,2025-08-27,44.04999923706055,44.77000045776367,44.0,44.61000061035156,44.0,26877400,False
XLE,2025-08-28,44.625,45.01499938964844,44.33000183105469,44.95000076293945,44.33000183105469,24086200,False
XLE,2025-08-29,44.970001220703125,45.310001373291016,44.90999984741211,45.19499969482422,44.90999984741211,23745000,False
XLE,2025-09-02,45.07500076293945,45.34000015258789,44.73500061035156,45.2599983215332,44.73500061035156,25964400,False
XLE,2025-09-03,44.900001525878906,45.275001525878906,44.095001220703125,44.244998931884766,44.095001220703125,36018200,False
XLE,2025-09-04,44.25,44.724998474121094,44.060001373291016,44.540000915527344,44.060001373291016,25895400,False
XLE,2025-09-05,44.17499923706055,44.31999969482422,43.459999084472656,43.68000030517578,43.459999084472656,48182200,False
XLE,2025-09-08,43.82500076293945,44.01499938964844,43.19499969482422,43.58000183105469,43.19499969482422,34931800,False
XLE,2025-09-09,43.814998626708984,44.40999984741211,43.76499938964844,43.790000915527344,43.76499938964844,41193400,False
XLE,2025-09-10,43.88999938964844,44.58000183105469,43.790000915527344,44.55500030517578,43.790000915527344,29932800,False
XLE,2025-09-11,44.20000076293945,44.65999984741211,44.064998626708984,44.564998626708984,44.064998626708984,25176800,False
XLE,2025-09-12,44.75,44.95000076293945,44.290000915527344,44.29999923706055,44.290000915527344,22297800,False
XLE,2025-09-15,44.3849983215332,44.5,44.07500076293945,44.150001525878906,44.07500076293945,23287800,False
XLE,2025-09-16,44.345001220703125,45.029998779296875,44.334999084472656,44.88999938964844,44.334999084472656,41593000,False
XLE,2025-09-17,44.83000183105469,45.310001373291016,44.6349983215332,44.994998931884766,44.6349983215332,26044800,False
XLE,2025-09-18,45.03499984741211,45.125,44.51499938964844,44.85499954223633,44.51499938964844,28713000,False
XLE,2025-09-19,44.814998626708984,44.849998474121094,44.10499954223633,44.2599983215332,44.10499954223633,29979200,False
XLE,2025-09-22,43.72999954223633,44.04999923706055,43.55500030517578,43.834999084472656,43.55500030517578,22502400,False
XLE,2025-09-23,44.0099983215332,45.06999969482422,44.0099983215332,44.59000015258789,44.0099983215332,44214800,False
XLE,2025-09-24,44.904998779296875,45.59000015258789,44.85499954223633,45.16999816894531,44.85499954223633,35406200,False
XLE,2025-09-25,45.165000915527344,45.619998931884766,45.040000915527344,45.57500076293945,45.040000915527344,31887200,False
XLE,2025-09-26,45.650001525878906,46.45500183105469,45.63999938964844,45.994998931884766,45.63999938964844,40161600,False
XLE,2025-09-29,45.67499923706055,45.7400016784668,44.915000915527344,45.150001525878906,44.915000915527344,37674400,False
XLE,2025-09-30,44.755001068115234,44.849998474121094,44.31999969482422,44.66999816894531,44.31999969482422,47544800,False
XLE,2025-10-01,44.45000076293945,44.81999969482422,44.400001525878906,44.66999816894531,44.400001525878906,27661200,False
XLE,2025-10-02,44.56999969482422,44.96500015258789,44.17499923706055,44.220001220703125,44.17499923706055,31793600,False
XLE,2025-10-03,44.44499969482422,44.71500015258789,44.38999938964844,44.45500183105469,44.38999938964844,24048000,False
XLE,2025-10-06,44.73500061035156,44.93000030517578,44.494998931884766,44.67499923706055,44.494998931884766,21488400,False
XLE,2025-10-07,44.6349983215332,44.779998779296875,43.95500183105469,44.744998931884766,44.078800201416016,25324000,False
XLE,2025-10-08,44.744998931884766,44.744998931884766,44.150001525878906,44.48500061035156,44.150001525878906,20024200,False
XLE,2025-10-09,44.58000183105469,44.959999084472656,43.834999084472656,43.880001068115234,43.834999084472656,23397800,False
XLE,2025-10-10,43.55500030517578,43.775001525878906,42.595001220703125,42.61000061035156,42.595001220703125,44892200,False
XLE,2025-10-13,42.935001373291016,43.244998931884766,42.79499816894531,43.189998626708984,42.79499816894531,22889600,False
XLE,2025-10-14,42.57500076293945,43.43000030517578,42.52000045776367,43.185001373291016,42.542030334472656,25084600,False
XLE,2025-10-15,43.459999084472656,43.70500183105469,42.84000015258789,43.15999984741211,42.84000015258789,24267000,False
XLE,2025-10-16,43.23500061035156,43.3650016784668,42.349998474121094,42.63999938964844,42.349998474121094,29193800,False
XLE,2025-10-17,42.81999969482422,43.08000183105469,42.64500045776367,42.9900016784668,42.64500045776367,24071800,False
XLE,2025-10-20,43.064998626708984,43.54499816894531,43.064998626708984,43.44499969482422,43.064998626708984,25352400,False
XLE,2025-10-21,43.564998626708984,43.665000915527344,43.125,43.345001220703125,43.125,25885200,False
XLE,2025-10-22,43.6349983215332,44.09000015258789,43.27000045776367,43.900001525878906,43.27000045776367,32814000,False
XLE,2025-10-23,44.685001373291016,44.779998779296875,44.21500015258789,44.48500061035156,44.21500015258789,47308800,False
XLE,2025-10-24,44.685001373291016,44.70000076293945,44.005001068115234,44.03499984741211,44.005001068115234,21191000,False
XLE,2025-10-27,44.17499923706055,44.31999969482422,43.94499969482422,44.13999938964844,43.94499969482422,19597200,False
XLE,2025-10-28,43.974998474121094,44.1150016784668,43.654998779296875,43.68000030517578,43.654998779296875,22474600,False
XLE,2025-10-29,43.72999954223633,44.22999954223633,43.63999938964844,44.005001068115234,43.63999938964844,26807800,False
XLE,2025-10-30,43.9900016784668,44.310001373291016,43.685001373291016,43.744998931884766,43.685001373291016,20663400,False
XLE,2025-10-31,43.849998474121094,44.314998626708984,43.65999984741211,44.064998626708984,43.65999984741211,26985400,False
XLE,2025-11-03,44.07500076293945,44.189998626708984,43.564998626708984,44.06999969482422,43.564998626708984,22232000,False
XLE,2025-11-04,43.529998779296875,43.71500015258789,43.185001373291016,43.595001220703125,43.185001373291016,29477600,False
XLE,2025-11-05,43.599998474121094,44.19499969482422,43.54499816894531,43.709999084472656,43.54499816894531,23857200,False
XLE,2025-11-06,43.775001525878906,44.54999923706055,43.775001525878906,44.1349983215332,43.775001525878906,32154800,False
XLE,2025-11-07,44.290000915527344,44.875,44.16999816894531,44.77000045776367,44.16999816894531,35458400,False
XLE,2025-11-10,44.8849983215332,45.279998779296875,44.30500030517578,45.17499923706055,44.502403259277344,31264600,False
XLE,2025-11-11,45.44499969482422,46.084999084472656,45.40999984741211,45.76499938964844,45.40999984741211,38752800,False
XLE,2025-11-12,45.45500183105469,45.665000915527344,45.060001373291016,45.125,45.060001373291016,29863200,False
XLE,2025-11-13,45.27000045776367,45.650001525878906,45.040000915527344,45.2400016784668,45.040000915527344,32243800,False
XLE,2025-11-14,45.47999954223633,46.11000061035156,44.90999984741211,46.0099983215332,45.32497024536133,34179400,False
XLE,2025-11-17,45.95500183105469,45.970001220703125,44.9900016784668,45.16999816894531,44.9900016784668,37447400,False
XLE,2025-11-18,44.974998474121094,45.650001525878906,44.849998474121094,45.529998779296875,44.852115631103516,34839400,False
XLE,2025-11-19,44.724998474121094,45.084999084472656,44.40999984741211,44.939998626708984,44.40999984741211,41062800,False
XLE,2025-11-20,45.16999816894531,45.78499984741211,44.39500045776367,44.43000030517578,44.39500045776367,41630000,False
XLE,2025-11-21,44.505001068115234,44.904998779296875,44.03499984741211,44.709999084472656,44.0443229675293,39317200,False
XLE,2025-11-24,44.65999984741211,44.724998474121094,43.89500045776367,44.584999084472656,43.92118453979492,33681800,False
XLE,2025-11-25,44.23500061035156,44.47999954223633,43.939998626708984,44.30500030517578,43.939998626708984,29299000,False
XLE,2025-11-26,44.29499816894531,44.959999084472656,44.255001068115234,44.63999938964844,44.255001068115234,26611000,False
XLE,2025-11-28,44.665000915527344,45.41999816894531,44.599998474121094,45.224998474121094,44.599998474121094,16666600,False
XLE,2025-12-01,45.290000915527344,45.90999984741211,45.255001068115234,45.65999984741211,45.255001068115234,31150000,False
XLE,2025-12-02,45.59000015258789,45.59000015258789,44.845001220703125,45.06999969482422,44.845001220703125,33305000,False
XLE,2025-12-03,45.375,45.994998931884766,45.310001373291016,45.915000915527344,45.310001373291016,30174000,False
XLE,2025-12-04,45.88999938964844,46.185001373291016,45.755001068115234,46.11000061035156,45.755001068115234,23799600,False
XLE,2025-12-05,46.029998779296875,46.65999984741211,45.90999984741211,45.91999816894531,45.90999984741211,22164400,False
XLE,2025-12-08,45.65999984741211,45.91999816894531,45.27000045776367,45.41999816894531,45.27000045776367,27891900,False
XLE,2025-12-09,45.5,46.08000183105469,45.459999084472656,45.70000076293945,45.459999084472656,20917400,False
XLE,2025-12-10,45.84000015258789,46.27000045776367,45.630001068115234,46.18000030517578,45.630001068115234,26255100,False
XLE,2025-12-11,45.900001525878906,46.25,45.84000015258789,45.959999084472656,45.84000015258789,25827200,False
XLE,2025-12-12,46.04999923706055,46.2400016784668,45.38999938964844,45.5099983215332,45.38999938964844,33161200,False
XLE,2025-12-15,45.61000061035156,45.61000061035156,44.81999969482422,45.189998626708984,44.81999969482422,27521600,False
XLE,2025-12-16,44.83000183105469,44.849998474121094,43.77000045776367,43.810001373291016,43.77000045776367,49312400,False
XLE,2025-12-17,44.130001068115234,44.880001068115234,44.060001373291016,44.779998779296875,44.11328125,43375300,False
XLE,2025-12-18,44.650001525878906,44.709999084472656,43.97999954223633,44.130001068115234,43.97999954223633,29920200,False
XLE,2025-12-19,44.25,44.529998779296875,44.029998779296875,44.130001068115234,44.029998779296875,31959600,False
XLE,2025-12-22,44.13999938964844,44.4900016784668,44.09000015258789,44.209999084472656,44.09000015258789,23707400,False
XLE,2025-12-23,44.369998931884766,44.54999923706055,44.220001220703125,44.5,44.220001220703125,19137500,False
XLE,2025-12-24,44.41999816894531,44.560001373291016,44.310001373291016,44.369998931884766,44.310001373291016,11293900,False
XLE,2025-12-26,44.31999969482422,44.439998626708984,43.9900016784668,44.20000076293945,43.9900016784668,17884500,False
XLE,2025-12-29,44.5099983215332,44.7400016784668,44.290000915527344,44.619998931884766,44.33035659790039,31352100,False
XLE,2025-12-30,44.79999923706055,45.09000015258789,44.79999923706055,44.959999084472656,44.79999923706055,18654700,False
XLE,2025-12-31,44.93000030517578,45.02000045776367,44.56999969482422,44.709999084472656,44.56999969482422,16965900,False
XLE,2026-01-02,44.720001220703125,45.779998779296875,44.4900016784668,45.650001525878906,45.35367202758789,31935500,False
XLE,2026-01-05,47.15999984741211,47.31999969482422,45.75,46.88999938964844,46.58562088012695,94961000,False
XLE,2026-01-06,47.0,47.060001373291016,45.529998779296875,45.63999938964844,45.529998779296875,69568200,False
XLE,2026-01-07,45.81999969482422,45.81999969482422,45.08000183105469,45.130001068115234,45.08000183105469,42739200,False
XLE,2026-01-08,45.31999969482422,46.849998474121094,45.220001220703125,46.54999923706055,46.24782943725586,51451000,False
XLE,2026-01-09,46.75,46.880001068115234,46.5099983215332,46.66999816894531,46.5099983215332,38839900,False
XLE,2026-01-12,46.75,46.810001373291016,46.099998474121094,46.34000015258789,46.099998474121094,28264400,False
XLE,2026-01-13,46.72999954223633,47.38999938964844,46.68000030517578,47.0,46.694908142089844,50469200,False
XLE,2026-01-14,47.25,48.650001525878906,47.18000030517578,48.060001373291016,47.74802780151367,80750200,False
XLE,2026-01-15,47.630001068115234,48.06999969482422,47.27000045776367,47.61000061035156,47.30094909667969,49328800,False
XLE,2026-01-16,47.560001373291016,47.810001373291016,47.4900016784668,47.689998626708984,47.4900016784668,30796300,False
XLE,2026-01-20,48.09000015258789,48.310001373291016,47.5,47.599998474121094,47.5,50178700,False
XLE,2026-01-21,48.290000915527344,49.04999923706055,48.290000915527344,48.75,48.43354797363281,58996000,False
XLE,2026-01-22,48.619998931884766,49.0,48.41999816894531,48.90999984741211,48.59251022338867,50869500,False
XLE,2026-01-23,49.52000045776367,49.88999938964844,49.09000015258789,49.189998626708984,49.09000015258789,51431200,False
XLE,2026-01-26,49.869998931884766,49.88999938964844,48.95000076293945,49.220001220703125,48.95000076293945,40122600,False
XLE,2026-01-27,49.38999938964844,49.81999969482422,49.15999984741211,49.66999816894531,49.34757614135742,39840300,False
XLE,2026-01-28,49.970001220703125,50.13999938964844,49.560001373291016,50.04999923706055,49.7251091003418,41890400,False
XLE,2026-01-29,51.150001525878906,51.72999954223633,50.47999954223633,50.5099983215332,50.47999954223633,77520700,False
XLE,2026-01-30,50.36000061035156,51.09000015258789,49.880001068115234,51.04999923706055,50.7186164855957,74039400,False
XLE,2026-02-02,50.099998474121094,50.5099983215332,49.77000045776367,50.04999923706055,49.77000045776367,61479900,False
XLE,2026-02-03,50.2400016784668,51.779998779296875,50.02000045776367,51.66999816894531,51.334590911865234,83754100,False
XLE,2026-02-04,51.81999969482422,52.959999084472656,51.81999969482422,52.83000183105469,52.487064361572266,78149900,False
XLE,2026-02-05,52.2599983215332,52.4900016784668,51.439998626708984,52.209999084472656,51.871089935302734,54235600,False
XLE,2026-02-06,52.5,53.41999816894531,52.36000061035156,53.25,52.90433883666992,41669600,False
XLE,2026-02-09,53.209999084472656,53.720001220703125,52.97999954223633,53.63999938964844,53.291805267333984,38798500,False
XLE,2026-02-10,53.77000045776367,53.790000915527344,53.2400016784668,53.58000183105469,53.2400016784668,32146000,False
XLE,2026-02-11,54.279998779296875,55.11000061035156,54.25,54.97999954223633,54.62310791015625,57349700,False
XLE,2026-02-12,54.939998626708984,55.2400016784668,53.7599983215332,53.97999954223633,53.7599983215332,67427800,False
XLE,2026-02-13,53.939998626708984,54.58000183105469,53.810001373291016,54.349998474121094,53.997196197509766,48392100,False
XLE,2026-02-17,54.560001373291016,54.90999984741211,53.18000030517578,53.75,53.401092529296875,50499600,False
XLE,2026-02-18,54.529998779296875,54.86000061035156,54.220001220703125,54.779998779296875,54.42440414428711,59196100,False
XLE,2026-02-19,55.459999084472656,55.880001068115234,54.93000030517578,55.18000030517578,54.93000030517578,62513500,False
XLE,2026-02-20,55.0,55.290000915527344,54.5099983215332,54.880001068115234,54.52375793457031,50833500,False
XLE,2026-02-23,55.040000915527344,55.93000030517578,54.869998931884766,55.150001525878906,54.869998931884766,44013500,False
XLE,2026-02-24,55.11000061035156,55.220001220703125,54.400001525878906,55.099998474121094,54.74232864379883,42921700,False
XLE,2026-02-25,55.29999923706055,55.369998931884766,54.189998626708984,54.869998931884766,54.51382064819336,36207500,False
XLE,2026-02-26,54.369998931884766,55.66999816894531,54.119998931884766,55.04999923706055,54.69265365600586,47033500,False
XLE,2026-02-27,55.63999938964844,56.150001525878906,54.93000030517578,55.91999816894531,55.557003021240234,59071500,False
XLE,2026-03-02,57.77000045776367,57.880001068115234,56.27000045776367,57.040000915527344,56.66973876953125,135633300,False
XLE,2026-03-03,57.38999938964844,57.720001220703125,56.04999923706055,56.52000045776367,56.15311050415039,154770800,False
XLE,2026-03-04,56.060001373291016,56.43000030517578,55.33000183105469,56.189998626708984,55.825252532958984,70732700,False
XLE,2026-03-05,56.529998779296875,57.060001373291016,56.08000183105469,56.47999954223633,56.11336898803711,85177800,False
XLE,2026-03-06,57.150001525878906,57.34000015258789,56.16999816894531,56.56999969482422,56.20278549194336,68219000,False
XLE,2026-03-09,56.84000015258789,57.150001525878906,55.939998626708984,56.31999969482422,55.954410552978516,88747400,False
XLE,2026-03-10,56.060001373291016,56.459999084472656,55.369998931884766,55.599998474121094,55.369998931884766,88817900,False
XLE,2026-03-11,55.630001068115234,57.040000915527344,55.540000915527344,56.97999954223633,56.61012649536133,48743700,False
XLE,2026-03-12,57.130001068115234,58.220001220703125,57.060001373291016,57.5099983215332,57.13668441772461,69358700,False
XLE,2026-03-13,57.5,57.93000030517578,57.099998474121094,57.70000076293945,57.3254508972168,43374600,False
XLE,2026-03-16,57.7599983215332,58.099998474121094,57.27000045776367,57.900001525878906,57.52415466308594,39474300,False
XLE,2026-03-17,58.22999954223633,59.04999923706055,57.97999954223633,58.5099983215332,58.130191802978516,40137700,False
XLE,2026-03-18,58.7400016784668,58.970001220703125,58.43000030517578,58.43000030517578,58.43000030517578,42908000,False
XLE,2026-03-19,58.869998931884766,59.720001220703125,58.52000045776367,59.36000061035156,58.97467803955078,69231400,False
XLE,2026-03-20,59.560001373291016,60.31999969482422,59.279998779296875,59.310001373291016,59.279998779296875,73003400,False
XLE,2026-03-23,57.88999938964844,59.84000015258789,57.65999984741211,59.630001068115234,59.630001068115234,71027200,False
XLE,2026-03-24,59.79999923706055,61.470001220703125,59.77000045776367,60.84000015258789,60.84000015258789,51207500,False
XLE,2026-03-25,60.31999969482422,61.0,60.2599983215332,60.56999969482422,60.56999969482422,42680700,False
XLE,2026-03-26,60.66999816894531,61.86000061035156,60.59000015258789,61.52000045776367,61.52000045776367,54967600,False
XLE,2026-03-27,61.529998779296875,62.790000915527344,61.2599983215332,62.560001373291016,62.560001373291016,59553200,False
XLE,2026-03-30,63.130001068115234,63.459999084472656,61.779998779296875,61.959999084472656,61.959999084472656,49750100,False
XLE,2026-03-31,62.040000915527344,62.83000183105469,60.040000915527344,61.2599983215332,61.2599983215332,94766900,False
XLE,2026-04-01,59.720001220703125,60.619998931884766,58.36000061035156,58.970001220703125,58.970001220703125,96652900,False
XLE,2026-04-02,60.529998779296875,61.0099983215332,58.97999954223633,59.25,59.25,60400500,False
XLE,2026-04-06,59.11000061035156,59.689998626708984,58.88999938964844,59.68000030517578,59.68000030517578,25474200,False
XLE,2026-04-07,59.810001373291016,60.77000045776367,59.790000915527344,60.15999984741211,60.15999984741211,38811700,False
XLE,2026-04-08,56.68000030517578,58.189998626708984,56.18000030517578,58.04999923706055,58.04999923706055,88023600,False
XLE,2026-04-09,58.20000076293945,59.02000045776367,57.11000061035156,57.33000183105469,57.33000183105469,55088500,False
XLE,2026-04-10,57.16999816894531,57.47999954223633,56.400001525878906,56.939998626708984,56.939998626708984,42561700,False
XLE,2026-04-13,57.619998931884766,57.720001220703125,56.650001525878906,57.11000061035156,57.11000061035156,43100900,False
XLE,2026-04-14,56.5,56.5,55.40999984741211,55.95000076293945,55.95000076293945,58830100,False
XLE,2026-04-15,55.599998474121094,56.209999084472656,55.27000045776367,55.7599983215332,55.7599983215332,39551500,False
XLE,2026-04-16,55.84000015258789,56.880001068115234,55.77000045776367,56.58000183105469,56.58000183105469,31282600,False
XLE,2026-04-17,54.40999984741211,55.15999984741211,53.40999984741211,55.02000045776367,55.02000045776367,90913300,False
XLE,2026-04-20,55.099998474121094,55.720001220703125,54.79999923706055,55.06999969482422,55.06999969482422,35150000,False
XLE,2026-04-21,55.31999969482422,55.959999084472656,54.91999816894531,55.869998931884766,55.869998931884766,41299800,False
XLE,2026-04-22,56.36000061035156,56.779998779296875,56.130001068115234,56.540000915527344,56.540000915527344,40565500,False
XLE,2026-04-23,56.88999938964844,57.189998626708984,56.470001220703125,56.97999954223633,56.97999954223633,34707200,False
XLE,2026-04-24,56.77000045776367,56.91999816894531,56.16999816894531,56.869998931884766,56.869998931884766,36426700,False
XLE,2026-04-27,57.099998474121094,57.68000030517578,56.630001068115234,56.77000045776367,56.77000045776367,33070600,False
XLE,2026-04-28,57.720001220703125,58.04999923706055,57.380001068115234,57.709999084472656,57.709999084472656,39151300,False
XLE,2026-04-29,58.279998779296875,59.11000061035156,58.060001373291016,59.029998779296875,59.029998779296875,40616700,False
XLE,2026-04-30,58.20000076293945,59.84000015258789,57.939998626708984,59.650001525878906,59.650001525878906,35896800,False
XLE,2026-05-01,59.060001373291016,59.599998474121094,58.2599983215332,58.849998474121094,58.849998474121094,35828400,False
XLE,2026-05-04,58.72999954223633,59.630001068115234,58.220001220703125,59.38999938964844,59.38999938964844,36883000,False
XLE,2026-05-05,59.22999954223633,59.7599983215332,58.88999938964844,59.45000076293945,59.45000076293945,27041400,False
XLE,2026-05-06,57.290000915527344,57.88999938964844,56.65999984741211,57.0,57.0,57907500,False
XLE,2026-05-07,55.869998931884766,56.150001525878906,55.130001068115234,55.95000076293945,55.95000076293945,52909900,False
XLE,2026-05-08,55.849998474121094,56.22999954223633,55.459999084472656,55.70000076293945,55.70000076293945,30573500,False
XLE,2026-05-11,56.2599983215332,57.220001220703125,56.2400016784668,57.16999816894531,57.16999816894531,31929600,False
