ticker,fecha,open,high,low,close,adj_close,volume,anomalia
XLF,2019-01-02,23.469999313354492,24.06999969482422,23.399999618530273,24.020000457763672,23.399999618530273,62945000,False
XLF,2019-01-03,23.84000015258789,23.899999618530273,23.420000076293945,23.479999542236328,23.420000076293945,65729700,False
XLF,2019-01-04,23.8799991607666,24.309999465942383,23.81999969482422,24.260000228881836,23.81999969482422,64638400,False
XLF,2019-01-07,24.209999084472656,24.510000228881836,24.059999465942383,24.290000915527344,24.059999465942383,48167000,False
XLF,2019-01-08,24.510000228881836,24.549999237060547,24.030000686645508,24.309999465942383,24.030000686645508,90114700,False
XLF,2019-01-09,24.3700008392334,24.520000457763672,24.200000762939453,24.43000030517578,24.200000762939453,61037100,False
XLF,2019-01-10,24.290000915527344,24.520000457763672,24.209999084472656,24.440000534057617,24.209999084472656,48630500,False
XLF,2019-01-11,24.31999969482422,24.549999237060547,24.18000030517578,24.5,24.18000030517578,44961600,False
XLF,2019-01-14,24.260000228881836,24.75,24.229999542236328,24.670000076293945,24.229999542236328,50610600,False
XLF,2019-01-15,24.56999969482422,24.93000030517578,24.5,24.889999389648438,24.5,59156500,False
XLF,2019-01-16,25.18000030517578,25.56999969482422,25.110000610351562,25.420000076293945,25.110000610351562,72982400,False
XLF,2019-01-17,25.31999969482422,25.649999618530273,25.170000076293945,25.559999465942383,25.170000076293945,55771300,False
XLF,2019-01-18,25.739999771118164,26.030000686645508,25.530000686645508,26.0,25.530000686645508,58400200,False
XLF,2019-01-22,25.780000686645508,25.90999984741211,25.56999969482422,25.700000762939453,25.56999969482422,79651700,False
XLF,2019-01-23,25.799999237060547,25.829999923706055,25.440000534057617,25.729999542236328,25.440000534057617,44072000,False
XLF,2019-01-24,25.639999389648438,25.860000610351562,25.559999465942383,25.790000915527344,25.559999465942383,25496900,False
XLF,2019-01-25,25.969999313354492,26.170000076293945,25.899999618530273,26.0,25.899999618530273,63140000,False
XLF,2019-01-28,25.75,25.950000762939453,25.709999084472656,25.920000076293945,25.709999084472656,66894900,False
XLF,2019-01-29,25.90999984741211,26.010000228881836,25.81999969482422,25.829999923706055,25.81999969482422,29442100,False
XLF,2019-01-30,25.90999984741211,26.139999389648438,25.729999542236328,25.979999542236328,25.729999542236328,62076800,False
XLF,2019-01-31,25.760000228881836,25.979999542236328,25.719999313354492,25.940000534057617,25.719999313354492,64021500,False
XLF,2019-02-01,25.979999542236328,26.170000076293945,25.950000762939453,26.049999237060547,25.950000762939453,42920300,False
XLF,2019-02-04,26.059999465942383,26.170000076293945,25.920000076293945,26.15999984741211,25.920000076293945,30362500,False
XLF,2019-02-05,26.209999084472656,26.229999542236328,25.989999771118164,26.09000015258789,25.989999771118164,39094900,False
XLF,2019-02-06,26.010000228881836,26.200000762939453,25.969999313354492,26.059999465942383,25.969999313354492,51542800,False
XLF,2019-02-07,25.979999542236328,26.049999237060547,25.59000015258789,25.799999237060547,25.59000015258789,80395700,False
XLF,2019-02-08,25.65999984741211,25.780000686645508,25.34000015258789,25.670000076293945,25.34000015258789,54911100,False
XLF,2019-02-11,25.75,25.799999237060547,25.6200008392334,25.75,25.6200008392334,53115700,False
XLF,2019-02-12,25.940000534057617,26.229999542236328,25.93000030517578,26.1299991607666,25.93000030517578,37671300,False
XLF,2019-02-13,26.25,26.43000030517578,26.190000534057617,26.200000762939453,26.190000534057617,42969600,False
XLF,2019-02-14,26.0,26.079999923706055,25.729999542236328,25.8799991607666,25.729999542236328,47630100,False
XLF,2019-02-15,26.09000015258789,26.43000030517578,25.8799991607666,26.43000030517578,25.8799991607666,46880800,False
XLF,2019-02-19,26.299999237060547,26.549999237060547,26.219999313354492,26.469999313354492,26.219999313354492,23868300,False
XLF,2019-02-20,26.459999084472656,26.649999618530273,26.399999618530273,26.639999389648438,26.399999618530273,27509100,False
XLF,2019-02-21,26.59000015258789,26.68000030517578,26.40999984741211,26.5,26.40999984741211,46619900,False
XLF,2019-02-22,26.5,26.579999923706055,26.360000610351562,26.459999084472656,26.360000610351562,26343700,False
XLF,2019-02-25,26.579999923706055,26.81999969482422,26.540000915527344,26.56999969482422,26.540000915527344,33835900,False
XLF,2019-02-26,26.3799991607666,26.690000534057617,26.360000610351562,26.489999771118164,26.360000610351562,35659700,False
XLF,2019-02-27,26.440000534057617,26.639999389648438,26.40999984741211,26.59000015258789,26.40999984741211,42542400,False
XLF,2019-02-28,26.600000381469727,26.649999618530273,26.510000228881836,26.520000457763672,26.510000228881836,39835900,False
XLF,2019-03-01,26.75,26.940000534057617,26.610000610351562,26.690000534057617,26.610000610351562,82657300,False
XLF,2019-03-04,26.760000228881836,26.940000534057617,26.299999237060547,26.520000457763672,26.299999237060547,76611900,False
XLF,2019-03-05,26.56999969482422,26.579999923706055,26.219999313354492,26.420000076293945,26.219999313354492,39868100,False
XLF,2019-03-06,26.420000076293945,26.510000228881836,26.229999542236328,26.25,26.229999542236328,43158900,False
XLF,2019-03-07,26.149999618530273,26.149999618530273,25.829999923706055,25.979999542236328,25.829999923706055,62622100,False
XLF,2019-03-08,25.690000534057617,25.989999771118164,25.68000030517578,25.969999313354492,25.68000030517578,55826400,False
XLF,2019-03-11,26.100000381469727,26.31999969482422,25.979999542236328,26.239999771118164,25.979999542236328,63343500,False
XLF,2019-03-12,26.280000686645508,26.389999389648438,26.239999771118164,26.299999237060547,26.239999771118164,32521100,False
XLF,2019-03-13,26.399999618530273,26.579999923706055,26.31999969482422,26.479999542236328,26.31999969482422,42817500,False
XLF,2019-03-14,26.440000534057617,26.68000030517578,26.43000030517578,26.579999923706055,26.43000030517578,37665700,False
XLF,2019-03-15,26.450000762939453,26.709999084472656,26.43000030517578,26.6299991607666,26.43000030517578,70020400,False
XLF,2019-03-18,26.68000030517578,26.979999542236328,26.68000030517578,26.899999618530273,26.68000030517578,43980700,False
XLF,2019-03-19,27.049999237060547,27.100000381469727,26.6200008392334,26.690000534057617,26.6200008392334,45029300,False
XLF,2019-03-20,26.6299991607666,26.639999389648438,26.110000610351562,26.139999389648438,26.110000610351562,65860300,False
XLF,2019-03-21,25.959999084472656,26.170000076293945,25.780000686645508,26.059999465942383,25.780000686645508,104914100,False
XLF,2019-03-22,25.75,25.889999389648438,25.229999542236328,25.34000015258789,25.229999542236328,121855900,False
XLF,2019-03-25,25.309999465942383,25.530000686645508,25.079999923706055,25.229999542236328,25.079999923706055,72835600,False
XLF,2019-03-26,25.43000030517578,25.59000015258789,25.280000686645508,25.530000686645508,25.280000686645508,51171500,False
XLF,2019-03-27,25.469999313354492,25.600000381469727,25.299999237060547,25.420000076293945,25.299999237060547,73148100,False
XLF,2019-03-28,25.469999313354492,25.649999618530273,25.350000381469727,25.639999389648438,25.350000381469727,52089300,False
XLF,2019-03-29,25.860000610351562,25.8799991607666,25.610000610351562,25.709999084472656,25.610000610351562,50234400,False
XLF,2019-04-01,25.920000076293945,26.360000610351562,25.90999984741211,26.34000015258789,25.90999984741211,62485300,False
XLF,2019-04-02,26.270000457763672,26.459999084472656,26.229999542236328,26.31999969482422,26.229999542236328,41002400,False
XLF,2019-04-03,26.5,26.6200008392334,26.290000915527344,26.399999618530273,26.290000915527344,52030900,False
XLF,2019-04-04,26.399999618530273,26.670000076293945,26.399999618530273,26.559999465942383,26.399999618530273,54378900,False
XLF,2019-04-05,26.610000610351562,26.700000762939453,26.520000457763672,26.600000381469727,26.520000457763672,37088800,False
XLF,2019-04-08,26.530000686645508,26.639999389648438,26.469999313354492,26.6299991607666,26.469999313354492,34998000,False
XLF,2019-04-09,26.510000228881836,26.510000228881836,26.290000915527344,26.40999984741211,26.290000915527344,65954800,False
XLF,2019-04-10,26.40999984741211,26.530000686645508,26.280000686645508,26.489999771118164,26.280000686645508,48232700,False
XLF,2019-04-11,26.59000015258789,26.75,26.510000228881836,26.649999618530273,26.510000228881836,62205000,False
XLF,2019-04-12,27.040000915527344,27.329999923706055,26.899999618530273,27.139999389648438,26.899999618530273,84627600,False
XLF,2019-04-15,27.149999618530273,27.15999984741211,26.90999984741211,26.969999313354492,26.90999984741211,40030400,False
XLF,2019-04-16,27.030000686645508,27.3799991607666,27.010000228881836,27.350000381469727,27.010000228881836,56093400,False
XLF,2019-04-17,27.450000762939453,27.459999084472656,27.200000762939453,27.420000076293945,27.200000762939453,58834000,False
XLF,2019-04-18,27.3700008392334,27.450000762939453,27.299999237060547,27.34000015258789,27.299999237060547,52495700,False
XLF,2019-04-22,27.260000228881836,27.34000015258789,27.170000076293945,27.260000228881836,27.170000076293945,39324100,False
XLF,2019-04-23,27.25,27.459999084472656,27.139999389648438,27.43000030517578,27.139999389648438,54250300,False
XLF,2019-04-24,27.34000015258789,27.520000457763672,27.280000686645508,27.399999618530273,27.280000686645508,39505200,False
XLF,2019-04-25,27.270000457763672,27.559999465942383,27.200000762939453,27.450000762939453,27.200000762939453,44532300,False
XLF,2019-04-26,27.450000762939453,27.719999313354492,27.40999984741211,27.700000762939453,27.40999984741211,41527900,False
XLF,2019-04-29,27.799999237060547,28.1299991607666,27.729999542236328,27.979999542236328,27.729999542236328,61643200,False
XLF,2019-04-30,28.020000457763672,28.059999465942383,27.780000686645508,28.020000457763672,27.780000686645508,38800300,False
XLF,2019-05-01,28.049999237060547,28.139999389648438,27.770000457763672,27.790000915527344,27.770000457763672,67969500,False
XLF,2019-05-02,27.770000457763672,27.950000762939453,27.6200008392334,27.81999969482422,27.6200008392334,50972900,False
XLF,2019-05-03,27.940000534057617,28.1200008392334,27.889999389648438,28.06999969482422,27.889999389648438,34598900,False
XLF,2019-05-06,27.579999923706055,27.979999542236328,27.530000686645508,27.8799991607666,27.530000686645508,42517000,False
XLF,2019-05-07,27.6200008392334,27.889999389648438,27.229999542236328,27.420000076293945,27.229999542236328,60090800,False
XLF,2019-05-08,27.309999465942383,27.59000015258789,27.239999771118164,27.360000610351562,27.239999771118164,44254200,False
XLF,2019-05-09,27.030000686645508,27.360000610351562,26.899999618530273,27.299999237060547,26.899999618530273,56468300,False
XLF,2019-05-10,27.149999618530273,27.530000686645508,26.90999984741211,27.479999542236328,26.90999984741211,63453600,False
XLF,2019-05-13,26.93000030517578,26.989999771118164,26.59000015258789,26.68000030517578,26.59000015258789,54962500,False
XLF,2019-05-14,26.739999771118164,27.1200008392334,26.709999084472656,26.889999389648438,26.709999084472656,52398400,False
XLF,2019-05-15,26.6200008392334,26.920000076293945,26.520000457763672,26.790000915527344,26.520000457763672,49061700,False
XLF,2019-05-16,26.8799991607666,27.209999084472656,26.860000610351562,27.059999465942383,26.860000610351562,44872600,False
XLF,2019-05-17,26.790000915527344,27.139999389648438,26.75,26.8799991607666,26.75,62711500,False
XLF,2019-05-20,26.780000686645508,27.030000686645508,26.780000686645508,26.90999984741211,26.780000686645508,44357300,False
XLF,2019-05-21,27.020000457763672,27.190000534057617,27.020000457763672,27.190000534057617,27.020000457763672,36851400,False
XLF,2019-05-22,27.049999237060547,27.110000610351562,26.950000762939453,27.030000686645508,26.950000762939453,25867600,False
XLF,2019-05-23,26.770000457763672,26.780000686645508,26.420000076293945,26.649999618530273,26.420000076293945,51832900,False
XLF,2019-05-24,26.75,26.8700008392334,26.670000076293945,26.860000610351562,26.670000076293945,30582000,False
XLF,2019-05-28,26.780000686645508,26.860000610351562,26.549999237060547,26.549999237060547,26.549999237060547,35177700,False
XLF,2019-05-29,26.34000015258789,26.549999237060547,26.219999313354492,26.5,26.219999313354492,39700600,False
XLF,2019-05-30,26.559999465942383,26.709999084472656,26.280000686645508,26.40999984741211,26.280000686645508,40641200,False
XLF,2019-05-31,26.06999969482422,26.200000762939453,25.989999771118164,26.010000228881836,25.989999771118164,49259200,False
XLF,2019-06-03,25.969999313354492,26.290000915527344,25.920000076293945,26.18000030517578,25.920000076293945,63329300,False
XLF,2019-06-04,26.5,26.920000076293945,26.43000030517578,26.889999389648438,26.43000030517578,45454400,False
XLF,2019-06-05,26.940000534057617,27.079999923706055,26.709999084472656,27.059999465942383,26.709999084472656,46599700,False
XLF,2019-06-06,27.06999969482422,27.270000457763672,26.920000076293945,27.15999984741211,26.920000076293945,37297600,False
XLF,2019-06-07,27.15999984741211,27.25,27.079999923706055,27.1200008392334,27.079999923706055,33054800,False
XLF,2019-06-10,27.280000686645508,27.549999237060547,27.280000686645508,27.350000381469727,27.280000686645508,37081400,False
XLF,2019-06-11,27.5,27.610000610351562,27.280000686645508,27.360000610351562,27.280000686645508,34273400,False
XLF,2019-06-12,27.329999923706055,27.3799991607666,27.030000686645508,27.09000015258789,27.030000686645508,36866000,False
XLF,2019-06-13,27.139999389648438,27.270000457763672,27.06999969482422,27.18000030517578,27.06999969482422,31020000,False
XLF,2019-06-14,27.209999084472656,27.329999923706055,27.0,27.239999771118164,27.0,29724100,False
XLF,2019-06-17,27.229999542236328,27.309999465942383,26.959999084472656,26.989999771118164,26.959999084472656,40981600,False
XLF,2019-06-18,26.93000030517578,27.459999084472656,26.93000030517578,27.350000381469727,26.93000030517578,46237400,False
XLF,2019-06-19,27.399999618530273,27.59000015258789,27.270000457763672,27.299999237060547,27.270000457763672,58118500,False
XLF,2019-06-20,27.450000762939453,27.530000686645508,27.1200008392334,27.420000076293945,27.1200008392334,50583800,False
XLF,2019-06-21,27.299999237060547,27.479999542236328,27.18000030517578,27.219999313354492,27.18000030517578,65322300,False
XLF,2019-06-24,27.170000076293945,27.360000610351562,27.079999923706055,27.110000610351562,27.079999923706055,48377800,False
XLF,2019-06-25,27.110000610351562,27.149999618530273,26.889999389648438,27.020000457763672,26.889999389648438,47748500,False
XLF,2019-06-26,27.079999923706055,27.209999084472656,26.959999084472656,26.969999313354492,26.959999084472656,31448000,False
XLF,2019-06-27,27.06999969482422,27.290000915527344,27.06999969482422,27.209999084472656,27.06999969482422,59459800,False
XLF,2019-06-28,27.530000686645508,27.700000762939453,27.239999771118164,27.600000381469727,27.239999771118164,76728100,False
XLF,2019-07-01,27.920000076293945,28.049999237060547,27.780000686645508,27.93000030517578,27.780000686645508,48971100,False
XLF,2019-07-02,27.889999389648438,27.979999542236328,27.709999084472656,27.860000610351562,27.709999084472656,56626800,False
XLF,2019-07-03,27.950000762939453,28.09000015258789,27.8700008392334,28.079999923706055,27.8700008392334,23706800,False
XLF,2019-07-05,28.170000076293945,28.270000457763672,28.030000686645508,28.15999984741211,28.030000686645508,40683100,False
XLF,2019-07-08,28.010000228881836,28.1299991607666,27.940000534057617,28.020000457763672,27.940000534057617,26286700,False
XLF,2019-07-09,27.829999923706055,28.1200008392334,27.809999465942383,28.06999969482422,27.809999465942383,25895800,False
XLF,2019-07-10,28.079999923706055,28.229999542236328,27.93000030517578,27.969999313354492,27.93000030517578,36566700,False
XLF,2019-07-11,28.010000228881836,28.170000076293945,27.959999084472656,28.1299991607666,27.959999084472656,40907500,False
XLF,2019-07-12,28.170000076293945,28.31999969482422,28.100000381469727,28.31999969482422,28.100000381469727,31109900,False
XLF,2019-07-15,28.329999923706055,28.350000381469727,28.079999923706055,28.15999984741211,28.079999923706055,28346100,False
XLF,2019-07-16,28.209999084472656,28.260000228881836,28.030000686645508,28.09000015258789,28.030000686645508,47287700,False
XLF,2019-07-17,27.989999771118164,28.079999923706055,27.809999465942383,27.850000381469727,27.809999465942383,35062600,False
XLF,2019-07-18,27.809999465942383,28.110000610351562,27.780000686645508,28.059999465942383,27.780000686645508,46369800,False
XLF,2019-07-19,28.1299991607666,28.18000030517578,27.920000076293945,27.940000534057617,27.920000076293945,29338500,False
XLF,2019-07-22,27.8799991607666,28.049999237060547,27.829999923706055,28.0,27.829999923706055,26683300,False
XLF,2019-07-23,28.06999969482422,28.329999923706055,28.059999465942383,28.290000915527344,28.059999465942383,45307600,False
XLF,2019-07-24,28.229999542236328,28.579999923706055,28.209999084472656,28.579999923706055,28.209999084472656,36374200,False
XLF,2019-07-25,28.56999969482422,28.610000610351562,28.31999969482422,28.3799991607666,28.31999969482422,34180400,False
XLF,2019-07-26,28.440000534057617,28.709999084472656,28.3799991607666,28.690000534057617,28.3799991607666,33642800,False
XLF,2019-07-29,28.639999389648438,28.719999313354492,28.440000534057617,28.469999313354492,28.440000534057617,35955100,False
XLF,2019-07-30,28.25,28.420000076293945,28.190000534057617,28.389999389648438,28.190000534057617,30726100,False
XLF,2019-07-31,28.389999389648438,28.530000686645508,28.200000762939453,28.25,28.200000762939453,64485400,False
XLF,2019-08-01,28.229999542236328,28.420000076293945,27.56999969482422,27.610000610351562,27.56999969482422,107976300,False
XLF,2019-08-02,27.559999465942383,27.739999771118164,27.229999542236328,27.600000381469727,27.229999542236328,66036400,False
XLF,2019-08-05,26.989999771118164,27.1200008392334,26.479999542236328,26.68000030517578,26.479999542236328,85527900,False
XLF,2019-08-06,26.850000381469727,27.1299991607666,26.59000015258789,27.110000610351562,26.59000015258789,53445000,False
XLF,2019-08-07,26.600000381469727,26.8700008392334,26.239999771118164,26.75,26.239999771118164,82354600,False
XLF,2019-08-08,27.010000228881836,27.270000457763672,26.8799991607666,27.260000228881836,26.8799991607666,66653200,False
XLF,2019-08-09,27.110000610351562,27.309999465942383,26.899999618530273,27.170000076293945,26.899999618530273,53782700,False
XLF,2019-08-12,26.850000381469727,26.950000762939453,26.56999969482422,26.649999618530273,26.56999969482422,56837600,False
XLF,2019-08-13,26.600000381469727,27.170000076293945,26.5,26.979999542236328,26.5,72255900,False
XLF,2019-08-14,26.3799991607666,26.520000457763672,25.959999084472656,25.979999542236328,25.959999084472656,92067300,False
XLF,2019-08-15,26.110000610351562,26.280000686645508,25.920000076293945,26.110000610351562,25.920000076293945,59504500,False
XLF,2019-08-16,26.239999771118164,26.639999389648438,26.239999771118164,26.56999969482422,26.239999771118164,48451800,False
XLF,2019-08-19,26.979999542236328,27.030000686645508,26.790000915527344,26.84000015258789,26.790000915527344,38297700,False
XLF,2019-08-20,26.690000534057617,26.739999771118164,26.450000762939453,26.479999542236328,26.450000762939453,40579300,False
XLF,2019-08-21,26.649999618530273,26.690000534057617,26.530000686645508,26.600000381469727,26.530000686645508,44913500,False
XLF,2019-08-22,26.739999771118164,26.850000381469727,26.56999969482422,26.780000686645508,26.56999969482422,43896700,False
XLF,2019-08-23,26.59000015258789,26.790000915527344,25.920000076293945,26.100000381469727,25.920000076293945,86245300,False
XLF,2019-08-26,26.270000457763672,26.3700008392334,26.110000610351562,26.350000381469727,26.110000610351562,34175500,False
XLF,2019-08-27,26.450000762939453,26.530000686645508,26.030000686645508,26.190000534057617,26.030000686645508,54240800,False
XLF,2019-08-28,26.049999237060547,26.469999313354492,26.030000686645508,26.43000030517578,26.030000686645508,51870400,False
XLF,2019-08-29,26.670000076293945,26.920000076293945,26.6200008392334,26.829999923706055,26.6200008392334,49818300,False
XLF,2019-08-30,26.979999542236328,27.059999465942383,26.81999969482422,26.920000076293945,26.81999969482422,40561000,False
XLF,2019-09-03,26.700000762939453,26.729999542236328,26.40999984741211,26.639999389648438,26.40999984741211,59997200,False
XLF,2019-09-04,26.84000015258789,26.950000762939453,26.780000686645508,26.899999618530273,26.780000686645508,43945700,False
XLF,2019-09-05,27.280000686645508,27.68000030517578,27.270000457763672,27.450000762939453,27.270000457763672,68639200,False
XLF,2019-09-06,27.479999542236328,27.559999465942383,27.34000015258789,27.440000534057617,27.34000015258789,35660800,False
XLF,2019-09-09,27.6299991607666,27.969999313354492,27.56999969482422,27.860000610351562,27.56999969482422,67797700,False
XLF,2019-09-10,27.950000762939453,28.079999923706055,27.700000762939453,27.959999084472656,27.700000762939453,77540100,False
XLF,2019-09-11,27.979999542236328,28.149999618530273,27.729999542236328,28.1200008392334,27.729999542236328,53285900,False
XLF,2019-09-12,28.040000915527344,28.3799991607666,27.950000762939453,28.270000457763672,27.950000762939453,72872200,False
XLF,2019-09-13,28.489999771118164,28.600000381469727,28.360000610351562,28.489999771118164,28.360000610351562,56248700,False
XLF,2019-09-16,28.25,28.43000030517578,28.209999084472656,28.389999389648438,28.209999084472656,36693600,False
XLF,2019-09-17,28.290000915527344,28.420000076293945,28.190000534057617,28.420000076293945,28.190000534057617,40868800,False
XLF,2019-09-18,28.309999465942383,28.59000015258789,28.229999542236328,28.520000457763672,28.229999542236328,57268900,False
XLF,2019-09-19,28.5,28.670000076293945,28.3799991607666,28.389999389648438,28.3799991607666,42335000,False
XLF,2019-09-20,28.290000915527344,28.399999618530273,28.059999465942383,28.079999923706055,28.059999465942383,82921100,False
XLF,2019-09-23,27.940000534057617,28.209999084472656,27.889999389648438,28.1299991607666,27.889999389648438,35827300,False
XLF,2019-09-24,28.209999084472656,28.270000457763672,27.780000686645508,27.860000610351562,27.780000686645508,61659700,False
XLF,2019-09-25,27.920000076293945,28.139999389648438,27.809999465942383,28.09000015258789,27.809999465942383,53544400,False
XLF,2019-09-26,28.049999237060547,28.079999923706055,27.920000076293945,27.959999084472656,27.920000076293945,53107500,False
XLF,2019-09-27,28.190000534057617,28.290000915527344,27.920000076293945,28.06999969482422,27.920000076293945,73386900,False
XLF,2019-09-30,28.139999389648438,28.170000076293945,27.979999542236328,28.0,27.979999542236328,30608000,False
XLF,2019-10-01,28.1299991607666,28.149999618530273,27.40999984741211,27.40999984741211,27.40999984741211,54786200,False
XLF,2019-10-02,27.239999771118164,27.25,26.790000915527344,26.850000381469727,26.790000915527344,78141700,False
XLF,2019-10-03,26.809999465942383,26.959999084472656,26.450000762939453,26.959999084472656,26.450000762939453,81128700,False
XLF,2019-10-04,26.989999771118164,27.479999542236328,26.969999313354492,27.459999084472656,26.969999313354492,40697200,False
XLF,2019-10-07,27.350000381469727,27.56999969482422,27.290000915527344,27.31999969482422,27.290000915527344,36922900,False
XLF,2019-10-08,27.049999237060547,27.059999465942383,26.760000228881836,26.780000686645508,26.760000228881836,60008900,False
XLF,2019-10-09,26.950000762939453,27.15999984741211,26.93000030517578,27.030000686645508,26.93000030517578,45131000,False
XLF,2019-10-10,27.100000381469727,27.510000228881836,27.100000381469727,27.309999465942383,27.100000381469727,54305400,False
XLF,2019-10-11,27.739999771118164,27.989999771118164,27.639999389648438,27.649999618530273,27.639999389648438,78702500,False
XLF,2019-10-14,27.559999465942383,27.75,27.530000686645508,27.690000534057617,27.530000686645508,35821000,False
XLF,2019-10-15,27.850000381469727,28.260000228881836,27.739999771118164,28.09000015258789,27.739999771118164,65130200,False
XLF,2019-10-16,28.09000015258789,28.15999984741211,27.950000762939453,28.020000457763672,27.950000762939453,44595200,False
XLF,2019-10-17,28.170000076293945,28.25,27.969999313354492,28.040000915527344,27.969999313354492,32013600,False
XLF,2019-10-18,27.959999084472656,28.219999313354492,27.959999084472656,28.110000610351562,27.959999084472656,40523700,False
XLF,2019-10-21,28.350000381469727,28.540000915527344,28.34000015258789,28.5,28.34000015258789,44145400,False
XLF,2019-10-22,28.450000762939453,28.610000610351562,28.329999923706055,28.420000076293945,28.329999923706055,50423000,False
XLF,2019-10-23,28.360000610351562,28.540000915527344,28.350000381469727,28.540000915527344,28.350000381469727,30615400,False
XLF,2019-10-24,28.56999969482422,28.6200008392334,28.389999389648438,28.5,28.389999389648438,33469600,False
XLF,2019-10-25,28.469999313354492,28.729999542236328,28.229999542236328,28.639999389648438,28.229999542236328,28330200,False
XLF,2019-10-28,28.75,28.920000076293945,28.739999771118164,28.790000915527344,28.739999771118164,50104600,False
XLF,2019-10-29,28.729999542236328,29.0,28.700000762939453,28.860000610351562,28.700000762939453,48458100,False
XLF,2019-10-30,28.860000610351562,28.920000076293945,28.639999389648438,28.84000015258789,28.639999389648438,51106700,False
XLF,2019-10-31,28.739999771118164,28.75,28.469999313354492,28.700000762939453,28.469999313354492,56795500,False
XLF,2019-11-01,28.920000076293945,29.149999618530273,28.860000610351562,29.1200008392334,28.860000610351562,42302300,False
XLF,2019-11-04,29.3700008392334,29.420000076293945,29.290000915527344,29.3700008392334,29.290000915527344,37319100,False
XLF,2019-11-05,29.459999084472656,29.6200008392334,29.40999984741211,29.479999542236328,29.40999984741211,39516100,False
XLF,2019-11-06,29.459999084472656,29.6299991607666,29.420000076293945,29.6299991607666,29.420000076293945,40179900,False
XLF,2019-11-07,29.809999465942383,30.030000686645508,29.739999771118164,29.850000381469727,29.739999771118164,61738600,False
XLF,2019-11-08,29.81999969482422,29.850000381469727,29.639999389648438,29.84000015258789,29.639999389648438,53808800,False
XLF,2019-11-11,29.65999984741211,29.81999969482422,29.6200008392334,29.760000228881836,29.6200008392334,19702400,False
XLF,2019-11-12,29.770000457763672,29.889999389648438,29.690000534057617,29.799999237060547,29.690000534057617,44640600,False
XLF,2019-11-13,29.56999969482422,29.709999084472656,29.450000762939453,29.610000610351562,29.450000762939453,43495400,False
XLF,2019-11-14,29.530000686645508,29.670000076293945,29.469999313354492,29.670000076293945,29.469999313354492,46158400,False
XLF,2019-11-15,29.770000457763672,29.799999237060547,29.65999984741211,29.75,29.65999984741211,30097000,False
XLF,2019-11-18,29.75,29.81999969482422,29.65999984741211,29.809999465942383,29.65999984741211,25440500,False
XLF,2019-11-19,29.8799991607666,29.969999313354492,29.790000915527344,29.8700008392334,29.790000915527344,30770900,False
XLF,2019-11-20,29.75,29.809999465942383,29.520000457763672,29.729999542236328,29.520000457763672,46719500,False
XLF,2019-11-21,29.790000915527344,29.84000015258789,29.600000381469727,29.700000762939453,29.600000381469727,37192700,False
XLF,2019-11-22,29.739999771118164,29.950000762939453,29.739999771118164,29.920000076293945,29.739999771118164,35195000,False
XLF,2019-11-25,29.959999084472656,30.149999618530273,29.950000762939453,30.110000610351562,29.950000762939453,50094100,False
XLF,2019-11-26,30.110000610351562,30.110000610351562,29.93000030517578,30.079999923706055,29.93000030517578,33516200,False
XLF,2019-11-27,30.15999984741211,30.209999084472656,30.059999465942383,30.200000762939453,30.059999465942383,31012300,False
XLF,2019-11-29,30.139999389648438,30.239999771118164,30.09000015258789,30.149999618530273,30.09000015258789,19444200,False
XLF,2019-12-02,30.200000762939453,30.260000228881836,29.93000030517578,29.959999084472656,29.93000030517578,52427800,False
XLF,2019-12-03,29.610000610351562,29.6200008392334,29.350000381469727,29.540000915527344,29.350000381469727,66912000,False
XLF,2019-12-04,29.56999969482422,29.899999618530273,29.549999237060547,29.81999969482422,29.549999237060547,41793900,False
XLF,2019-12-05,29.940000534057617,30.010000228881836,29.829999923706055,29.959999084472656,29.829999923706055,44933500,False
XLF,2019-12-06,30.290000915527344,30.459999084472656,30.280000686645508,30.360000610351562,30.280000686645508,40811300,False
XLF,2019-12-09,30.299999237060547,30.420000076293945,30.280000686645508,30.290000915527344,30.280000686645508,21627500,False
XLF,2019-12-10,30.209999084472656,30.360000610351562,30.1299991607666,30.299999237060547,30.1299991607666,37362100,False
XLF,2019-12-11,30.290000915527344,30.34000015258789,30.200000762939453,30.229999542236328,30.200000762939453,24490200,False
XLF,2019-12-12,30.270000457763672,30.90999984741211,30.25,30.81999969482422,30.25,68427500,False
XLF,2019-12-13,30.790000915527344,30.969999313354492,30.530000686645508,30.709999084472656,30.530000686645508,48135700,False
XLF,2019-12-16,30.959999084472656,31.020000457763672,30.790000915527344,30.81999969482422,30.790000915527344,45914900,False
XLF,2019-12-17,30.84000015258789,31.040000915527344,30.829999923706055,30.940000534057617,30.829999923706055,30911900,False
XLF,2019-12-18,31.040000915527344,31.040000915527344,30.809999465942383,30.809999465942383,30.809999465942383,39079700,False
XLF,2019-12-19,30.81999969482422,30.889999389648438,30.770000457763672,30.799999237060547,30.770000457763672,36946900,False
XLF,2019-12-20,30.799999237060547,30.8799991607666,30.639999389648438,30.68000030517578,30.639999389648438,97416000,False
XLF,2019-12-23,30.760000228881836,30.770000457763672,30.56999969482422,30.610000610351562,30.56999969482422,38293100,False
XLF,2019-12-24,30.670000076293945,30.690000534057617,30.600000381469727,30.68000030517578,30.600000381469727,12315900,False
XLF,2019-12-26,30.709999084472656,30.850000381469727,30.709999084472656,30.850000381469727,30.709999084472656,15891300,False
XLF,2019-12-27,30.899999618530273,30.90999984741211,30.75,30.770000457763672,30.75,19417400,False
XLF,2019-12-30,30.90999984741211,30.959999084472656,30.649999618530273,30.68000030517578,30.649999618530273,18819300,False
XLF,2019-12-31,30.65999984741211,30.790000915527344,30.6200008392334,30.780000686645508,30.6200008392334,15788100,False
XLF,2020-01-02,30.889999389648438,31.079999923706055,30.799999237060547,31.079999923706055,30.799999237060547,28843300,False
XLF,2020-01-03,30.68000030517578,30.8799991607666,30.59000015258789,30.75,30.59000015258789,51363600,False
XLF,2020-01-06,30.469999313354492,30.75,30.459999084472656,30.729999542236328,30.459999084472656,27956100,False
XLF,2020-01-07,30.65999984741211,30.709999084472656,30.530000686645508,30.530000686645508,30.530000686645508,39627500,False
XLF,2020-01-08,30.559999465942383,30.899999618530273,30.559999465942383,30.729999542236328,30.559999465942383,47966600,False
XLF,2020-01-09,30.950000762939453,30.979999542236328,30.829999923706055,30.920000076293945,30.829999923706055,27705300,False
XLF,2020-01-10,30.940000534057617,30.950000762939453,30.649999618530273,30.690000534057617,30.649999618530273,33458200,False
XLF,2020-01-13,30.760000228881836,30.93000030517578,30.68000030517578,30.899999618530273,30.68000030517578,27542700,False
XLF,2020-01-14,30.899999618530273,31.079999923706055,30.799999237060547,30.84000015258789,30.799999237060547,37575400,False
XLF,2020-01-15,30.690000534057617,30.790000915527344,30.56999969482422,30.670000076293945,30.56999969482422,41457300,False
XLF,2020-01-16,30.81999969482422,30.940000534057617,30.75,30.940000534057617,30.75,34444000,False
XLF,2020-01-17,31.030000686645508,31.100000381469727,30.90999984741211,31.030000686645508,30.90999984741211,38819400,False
XLF,2020-01-21,30.8799991607666,31.020000457763672,30.770000457763672,30.770000457763672,30.770000457763672,41276500,False
XLF,2020-01-22,30.8700008392334,30.940000534057617,30.81999969482422,30.860000610351562,30.81999969482422,27391000,False
XLF,2020-01-23,30.700000762939453,30.850000381469727,30.489999771118164,30.780000686645508,30.489999771118164,43072300,False
XLF,2020-01-24,30.790000915527344,30.790000915527344,30.200000762939453,30.389999389648438,30.200000762939453,58924900,False
XLF,2020-01-27,29.790000915527344,30.059999465942383,29.75,29.920000076293945,29.75,50289300,False
XLF,2020-01-28,30.079999923706055,30.399999618530273,30.030000686645508,30.270000457763672,30.030000686645508,34257900,False
XLF,2020-01-29,30.3700008392334,30.479999542236328,30.170000076293945,30.219999313354492,30.170000076293945,41167500,False
XLF,2020-01-30,29.950000762939453,30.6200008392334,29.93000030517578,30.600000381469727,29.93000030517578,51210000,False
XLF,2020-01-31,30.34000015258789,30.3799991607666,29.850000381469727,29.959999084472656,29.850000381469727,58958800,False
XLF,2020-02-03,30.170000076293945,30.469999313354492,30.149999618530273,30.170000076293945,30.149999618530273,40168200,False
XLF,2020-02-04,30.579999923706055,30.75,30.450000762939453,30.459999084472656,30.450000762939453,79273300,False
XLF,2020-02-05,30.8700008392334,31.100000381469727,30.799999237060547,31.06999969482422,30.799999237060547,51086900,False
XLF,2020-02-06,31.239999771118164,31.270000457763672,30.969999313354492,31.030000686645508,30.969999313354492,37044400,False
XLF,2020-02-07,30.860000610351562,31.010000228881836,30.790000915527344,30.920000076293945,30.790000915527344,27982500,False
XLF,2020-02-10,30.81999969482422,31.010000228881836,30.809999465942383,31.010000228881836,30.809999465942383,17723700,False
XLF,2020-02-11,31.09000015258789,31.260000228881836,31.09000015258789,31.1200008392334,31.09000015258789,27997400,False
XLF,2020-02-12,31.280000686645508,31.3799991607666,31.100000381469727,31.139999389648438,31.100000381469727,26964200,False
XLF,2020-02-13,31.040000915527344,31.200000762939453,30.950000762939453,31.1299991607666,30.950000762939453,22758700,False
XLF,2020-02-14,31.100000381469727,31.190000534057617,31.020000457763672,31.170000076293945,31.020000457763672,22080200,False
XLF,2020-02-18,31.079999923706055,31.15999984741211,30.719999313354492,30.899999618530273,30.719999313354492,37768900,False
XLF,2020-02-19,31.010000228881836,31.209999084472656,30.969999313354492,31.1299991607666,30.969999313354492,25643300,False
XLF,2020-02-20,31.020000457763672,31.280000686645508,30.860000610351562,31.06999969482422,30.860000610351562,50344300,False
XLF,2020-02-21,30.920000076293945,30.989999771118164,30.600000381469727,30.770000457763672,30.600000381469727,51128200,False
XLF,2020-02-24,29.799999237060547,30.059999465942383,29.6299991607666,29.770000457763672,29.6299991607666,70455400,False
XLF,2020-02-25,29.780000686645508,29.84000015258789,28.6200008392334,28.760000228881836,28.6200008392334,111826900,False
XLF,2020-02-26,28.950000762939453,29.219999313354492,28.549999237060547,28.549999237060547,28.549999237060547,95015700,False
XLF,2020-02-27,27.940000534057617,28.389999389648438,27.309999465942383,27.329999923706055,27.309999465942383,143536200,True
XLF,2020-02-28,26.399999618530273,26.850000381469727,25.969999313354492,26.59000015258789,25.969999313354492,192063500,False
XLF,2020-03-02,26.639999389648438,27.950000762939453,26.360000610351562,27.950000762939453,26.360000610351562,127115500,True
XLF,2020-03-03,27.860000610351562,28.25,26.6299991607666,26.899999618530273,26.6299991607666,256525000,False
XLF,2020-03-04,27.260000228881836,27.799999237060547,26.799999237060547,27.790000915527344,26.799999237060547,124408000,False
XLF,2020-03-05,26.8700008392334,26.940000534057617,26.149999618530273,26.450000762939453,26.149999618530273,130265700,True
XLF,2020-03-06,25.25,25.84000015258789,25.030000686645508,25.549999237060547,25.030000686645508,160606600,False
XLF,2020-03-09,23.0,23.8799991607666,22.520000457763672,22.809999465942383,22.520000457763672,134165700,True
XLF,2020-03-10,23.8700008392334,24.170000076293945,22.84000015258789,24.149999618530273,22.84000015258789,149282300,True
XLF,2020-03-11,23.40999984741211,23.649999618530273,22.520000457763672,22.84000015258789,22.520000457763672,146915400,True
XLF,2020-03-12,20.940000534057617,22.209999084472656,20.299999237060547,20.3700008392334,20.299999237060547,161437500,True
XLF,2020-03-13,21.899999618530273,23.09000015258789,20.899999618530273,23.049999237060547,20.899999618530273,160945700,True
XLF,2020-03-16,19.350000381469727,21.34000015258789,18.93000030517578,19.889999389648438,18.93000030517578,110661600,True
XLF,2020-03-17,20.350000381469727,21.190000534057617,19.540000915527344,20.969999313354492,19.540000915527344,122295100,True
XLF,2020-03-18,19.649999618530273,20.049999237060547,18.280000686645508,19.190000534057617,18.280000686645508,145056400,True
XLF,2020-03-19,18.790000915527344,19.889999389648438,18.110000610351562,19.610000610351562,18.110000610351562,105652800,False
XLF,2020-03-20,19.81999969482422,19.920000076293945,18.670000076293945,18.90999984741211,18.670000076293945,157840900,False
XLF,2020-03-23,18.440000534057617,18.600000381469727,17.489999771118164,17.65999984741211,17.489999771118164,144547900,True
XLF,2020-03-24,18.709999084472656,19.959999084472656,18.579999923706055,19.850000381469727,18.579999923706055,158551100,True
XLF,2020-03-25,20.139999389648438,21.229999542236328,19.389999389648438,20.389999389648438,19.389999389648438,162949600,False
XLF,2020-03-26,20.65999984741211,21.81999969482422,20.6299991607666,21.670000076293945,20.6299991607666,129753900,True
XLF,2020-03-27,20.790000915527344,21.670000076293945,20.549999237060547,21.010000228881836,20.549999237060547,109305600,False
XLF,2020-03-30,21.040000915527344,21.530000686645508,20.600000381469727,21.40999984741211,20.600000381469727,67297200,False
XLF,2020-03-31,21.209999084472656,21.450000762939453,20.639999389648438,20.81999969482422,20.639999389648438,83819900,False
XLF,2020-04-01,19.719999313354492,19.940000534057617,19.3700008392334,19.549999237060547,19.3700008392334,79185000,True
XLF,2020-04-02,19.43000030517578,20.200000762939453,19.360000610351562,20.040000915527344,19.360000610351562,68398300,False
XLF,2020-04-03,19.850000381469727,20.139999389648438,19.360000610351562,19.639999389648438,19.360000610351562,68418100,False
XLF,2020-04-06,20.6200008392334,21.219999313354492,20.469999313354492,21.049999237060547,20.469999313354492,69015100,True
XLF,2020-04-07,22.200000762939453,22.219999313354492,21.25,21.260000228881836,21.25,70950900,False
XLF,2020-04-08,21.579999923706055,22.329999923706055,21.34000015258789,22.190000534057617,21.34000015258789,80003400,True
XLF,2020-04-09,22.770000457763672,23.65999984741211,22.729999542236328,23.3799991607666,22.729999542236328,147845500,True
XLF,2020-04-13,23.309999465942383,23.329999923706055,22.329999923706055,22.530000686645508,22.329999923706055,66236300,False
XLF,2020-04-14,23.06999969482422,23.139999389648438,22.209999084472656,22.6299991607666,22.209999084472656,96169000,False
XLF,2020-04-15,21.729999542236328,21.860000610351562,21.540000915527344,21.649999618530273,21.540000915527344,63482000,True
XLF,2020-04-16,21.600000381469727,21.639999389648438,21.059999465942383,21.270000457763672,21.059999465942383,68907600,False
XLF,2020-04-17,22.100000381469727,22.520000457763672,21.920000076293945,22.389999389648438,21.920000076293945,88698600,True
XLF,2020-04-20,21.950000762939453,22.360000610351562,21.75,22.0,21.75,59063100,False
XLF,2020-04-21,21.329999923706055,21.709999084472656,21.209999084472656,21.290000915527344,21.209999084472656,71957900,False
XLF,2020-04-22,21.729999542236328,21.790000915527344,21.469999313354492,21.520000457763672,21.469999313354492,47507800,False
XLF,2020-04-23,21.579999923706055,21.860000610351562,21.399999618530273,21.43000030517578,21.399999618530273,71740200,False
XLF,2020-04-24,21.65999984741211,21.829999923706055,21.329999923706055,21.739999771118164,21.329999923706055,33825300,False
XLF,2020-04-27,21.959999084472656,22.600000381469727,21.920000076293945,22.479999542236328,21.920000076293945,109435100,False
XLF,2020-04-28,23.15999984741211,23.329999923706055,22.670000076293945,22.719999313354492,22.670000076293945,46452300,False
XLF,2020-04-29,23.420000076293945,23.65999984741211,23.18000030517578,23.3799991607666,23.18000030517578,70064400,False
XLF,2020-04-30,22.90999984741211,23.15999984741211,22.68000030517578,22.790000915527344,22.68000030517578,56745700,False
XLF,2020-05-01,22.25,22.309999465942383,21.90999984741211,22.059999465942383,21.90999984741211,37534300,False
XLF,2020-05-04,21.770000457763672,21.889999389648438,21.440000534057617,21.860000610351562,21.440000534057617,50177200,False
XLF,2020-05-05,22.15999984741211,22.280000686645508,21.790000915527344,21.790000915527344,21.790000915527344,65123000,False
XLF,2020-05-06,21.989999771118164,22.049999237060547,21.299999237060547,21.31999969482422,21.299999237060547,63738400,False
XLF,2020-05-07,21.600000381469727,22.18000030517578,21.600000381469727,21.81999969482422,21.600000381469727,61339000,False
XLF,2020-05-08,22.239999771118164,22.31999969482422,22.010000228881836,22.290000915527344,22.010000228881836,42218300,False
XLF,2020-05-11,21.979999542236328,22.049999237060547,21.739999771118164,21.860000610351562,21.739999771118164,54994900,False
XLF,2020-05-12,21.950000762939453,22.030000686645508,21.270000457763672,21.290000915527344,21.270000457763672,62202700,False
XLF,2020-05-13,21.110000610351562,21.139999389648438,20.5,20.65999984741211,20.5,86848300,False
XLF,2020-05-14,20.299999237060547,21.209999084472656,20.09000015258789,21.190000534057617,20.09000015258789,103763100,False
XLF,2020-05-15,20.989999771118164,21.229999542236328,20.799999237060547,21.049999237060547,20.799999237060547,70285000,False
XLF,2020-05-18,21.829999923706055,22.299999237060547,21.68000030517578,22.1299991607666,21.68000030517578,79548500,True
XLF,2020-05-19,22.0,22.110000610351562,21.579999923706055,21.59000015258789,21.579999923706055,56673200,False
XLF,2020-05-20,21.950000762939453,22.200000762939453,21.93000030517578,22.06999969482422,21.93000030517578,50402600,False
XLF,2020-05-21,22.0,22.209999084472656,21.8799991607666,22.0,21.8799991607666,49939900,False
XLF,2020-05-22,21.989999771118164,22.020000457763672,21.700000762939453,21.920000076293945,21.700000762939453,37584500,False
XLF,2020-05-26,22.75,23.299999237060547,22.729999542236328,23.059999465942383,22.729999542236328,108349200,True
XLF,2020-05-27,24.09000015258789,24.100000381469727,23.540000915527344,24.059999465942383,23.540000915527344,121521200,True
XLF,2020-05-28,24.329999923706055,24.34000015258789,23.610000610351562,23.68000030517578,23.610000610351562,101590100,False
XLF,2020-05-29,23.399999618530273,23.6200008392334,23.170000076293945,23.40999984741211,23.170000076293945,86969000,False
XLF,2020-06-01,23.5,23.790000915527344,23.34000015258789,23.68000030517578,23.34000015258789,52619200,False
XLF,2020-06-02,23.889999389648438,24.040000915527344,23.700000762939453,23.8700008392334,23.700000762939453,52572800,False
XLF,2020-06-03,24.399999618530273,24.8700008392334,24.34000015258789,24.760000228881836,24.34000015258789,77622900,False
XLF,2020-06-04,24.719999313354492,25.299999237060547,24.520000457763672,25.299999237060547,24.520000457763672,97575100,False
XLF,2020-06-05,26.780000686645508,26.829999923706055,26.149999618530273,26.239999771118164,26.149999618530273,135859300,False
XLF,2020-06-08,26.670000076293945,26.799999237060547,26.3700008392334,26.739999771118164,26.3700008392334,80298400,False
XLF,2020-06-09,26.110000610351562,26.399999618530273,25.920000076293945,26.170000076293945,25.920000076293945,92833100,False
XLF,2020-06-10,26.020000457763672,26.15999984741211,25.170000076293945,25.190000534057617,25.170000076293945,110848900,False
XLF,2020-06-11,24.0,24.360000610351562,23.09000015258789,23.1299991607666,23.09000015258789,233116600,True
XLF,2020-06-12,24.059999465942383,24.059999465942383,23.219999313354492,23.829999923706055,23.219999313354492,127502900,False
XLF,2020-06-15,23.010000228881836,24.239999771118164,22.959999084472656,24.15999984741211,22.959999084472656,92469500,False
XLF,2020-06-16,25.1200008392334,25.1200008392334,23.950000762939453,24.540000915527344,23.950000762939453,108121300,False
XLF,2020-06-17,24.610000610351562,24.610000610351562,24.1299991607666,24.170000076293945,24.1299991607666,56320900,False
XLF,2020-06-18,23.93000030517578,24.3700008392334,23.860000610351562,24.139999389648438,23.860000610351562,61206500,False
XLF,2020-06-19,24.600000381469727,24.610000610351562,23.709999084472656,23.979999542236328,23.709999084472656,99903900,False
XLF,2020-06-22,23.68000030517578,23.8799991607666,23.530000686645508,23.709999084472656,23.530000686645508,47929500,False
XLF,2020-06-23,24.06999969482422,24.219999313354492,23.799999237060547,23.81999969482422,23.799999237060547,47218900,False
XLF,2020-06-24,23.510000228881836,23.520000457763672,22.90999984741211,22.979999542236328,22.90999984741211,90217500,False
XLF,2020-06-25,22.899999618530273,23.639999389648438,22.860000610351562,23.59000015258789,22.860000610351562,110208900,False
XLF,2020-06-26,23.190000534057617,23.260000228881836,22.520000457763672,22.579999923706055,22.520000457763672,123959100,True
XLF,2020-06-29,22.81999969482422,22.979999542236328,22.6299991607666,22.829999923706055,22.6299991607666,69107100,False
XLF,2020-06-30,22.709999084472656,23.299999237060547,22.690000534057617,23.139999389648438,22.690000534057617,60653100,False
XLF,2020-07-01,23.239999771118164,23.350000381469727,22.8700008392334,22.940000534057617,22.8700008392334,60500300,False
XLF,2020-07-02,23.450000762939453,23.530000686645508,22.920000076293945,22.969999313354492,22.920000076293945,50841900,False
XLF,2020-07-06,23.479999542236328,23.65999984741211,23.280000686645508,23.40999984741211,23.280000686645508,60271700,False
XLF,2020-07-07,23.219999313354492,23.229999542236328,22.8700008392334,22.93000030517578,22.8700008392334,43810900,False
XLF,2020-07-08,22.920000076293945,23.229999542236328,22.84000015258789,23.170000076293945,22.84000015258789,53046100,False
XLF,2020-07-09,23.15999984741211,23.209999084472656,22.489999771118164,22.68000030517578,22.489999771118164,71163700,False
XLF,2020-07-10,22.670000076293945,23.489999771118164,22.670000076293945,23.459999084472656,22.670000076293945,94440600,False
XLF,2020-07-13,23.760000228881836,23.90999984741211,23.420000076293945,23.559999465942383,23.420000076293945,102487100,False
XLF,2020-07-14,23.459999084472656,23.75,23.25,23.68000030517578,23.25,102468300,False
XLF,2020-07-15,24.25,24.260000228881836,23.889999389648438,24.149999618530273,23.889999389648438,90561800,False
XLF,2020-07-16,23.940000534057617,24.399999618530273,23.850000381469727,24.149999618530273,23.850000381469727,74678500,False
XLF,2020-07-17,24.200000762939453,24.219999313354492,23.940000534057617,23.950000762939453,23.940000534057617,47033200,False
XLF,2020-07-20,23.81999969482422,23.979999542236328,23.75,23.84000015258789,23.75,40127600,False
XLF,2020-07-21,24.0,24.43000030517578,23.969999313354492,24.309999465942383,23.969999313354492,46491300,False
XLF,2020-07-22,24.190000534057617,24.329999923706055,24.110000610351562,24.309999465942383,24.110000610351562,44437400,False
XLF,2020-07-23,24.260000228881836,24.469999313354492,24.18000030517578,24.329999923706055,24.18000030517578,49916100,False
XLF,2020-07-24,24.350000381469727,24.479999542236328,24.190000534057617,24.270000457763672,24.190000534057617,41245600,False
XLF,2020-07-27,24.15999984741211,24.18000030517578,23.860000610351562,24.06999969482422,23.860000610351562,43060200,False
XLF,2020-07-28,23.979999542236328,24.1200008392334,23.899999618530273,24.010000228881836,23.899999618530273,35370500,False
XLF,2020-07-29,23.969999313354492,24.489999771118164,23.93000030517578,24.459999084472656,23.93000030517578,36491600,False
XLF,2020-07-30,24.0,24.06999969482422,23.709999084472656,24.020000457763672,23.709999084472656,53994600,False
XLF,2020-07-31,24.010000228881836,24.059999465942383,23.709999084472656,24.030000686645508,23.709999084472656,50115900,False
XLF,2020-08-03,24.1299991607666,24.290000915527344,23.959999084472656,24.100000381469727,23.959999084472656,42982100,False
XLF,2020-08-04,24.0,24.040000915527344,23.8700008392334,24.0,23.8700008392334,30754400,False
XLF,2020-08-05,24.15999984741211,24.389999389648438,24.1299991607666,24.329999923706055,24.1299991607666,34860700,False
XLF,2020-08-06,24.25,24.420000076293945,24.149999618530273,24.31999969482422,24.149999618530273,33115400,False
XLF,2020-08-07,24.200000762939453,24.860000610351562,24.149999618530273,24.84000015258789,24.149999618530273,63302800,False
XLF,2020-08-10,24.979999542236328,25.110000610351562,24.8700008392334,25.020000457763672,24.8700008392334,45436100,False
XLF,2020-08-11,25.489999771118164,25.719999313354492,25.25,25.309999465942383,25.25,73758600,False
XLF,2020-08-12,25.760000228881836,25.770000457763672,25.059999465942383,25.239999771118164,25.059999465942383,58793600,False
XLF,2020-08-13,25.049999237060547,25.260000228881836,24.93000030517578,25.079999923706055,24.93000030517578,35222500,False
XLF,2020-08-14,24.959999084472656,25.299999237060547,24.93000030517578,25.18000030517578,24.93000030517578,28276900,False
XLF,2020-08-17,25.09000015258789,25.110000610351562,24.75,24.760000228881836,24.75,53397000,False
XLF,2020-08-18,24.780000686645508,24.84000015258789,24.579999923706055,24.600000381469727,24.579999923706055,35502500,False
XLF,2020-08-19,24.690000534057617,24.940000534057617,24.520000457763672,24.59000015258789,24.520000457763672,59847200,False
XLF,2020-08-20,24.309999465942383,24.5,24.290000915527344,24.360000610351562,24.290000915527344,45586100,False
XLF,2020-08-21,24.31999969482422,24.530000686645508,24.229999542236328,24.309999465942383,24.229999542236328,35349200,False
XLF,2020-08-24,24.450000762939453,24.889999389648438,24.389999389648438,24.889999389648438,24.389999389648438,51010900,False
XLF,2020-08-25,25.100000381469727,25.170000076293945,24.799999237060547,24.959999084472656,24.799999237060547,55236900,False
XLF,2020-08-26,24.899999618530273,24.959999084472656,24.75,24.84000015258789,24.75,30646600,False
XLF,2020-08-27,24.81999969482422,25.3799991607666,24.81999969482422,25.260000228881836,24.81999969482422,66463900,False
XLF,2020-08-28,25.440000534057617,25.450000762939453,25.149999618530273,25.360000610351562,25.149999618530273,49170600,False
XLF,2020-08-31,25.34000015258789,25.34000015258789,25.059999465942383,25.059999465942383,25.059999465942383,52259000,False
XLF,2020-09-01,24.93000030517578,25.219999313354492,24.850000381469727,25.1299991607666,24.850000381469727,42036100,False
XLF,2020-09-02,25.1200008392334,25.579999923706055,25.049999237060547,25.489999771118164,25.049999237060547,48432500,False
XLF,2020-09-03,25.639999389648438,26.010000228881836,24.940000534057617,25.100000381469727,24.940000534057617,98405500,False
XLF,2020-09-04,25.549999237060547,25.690000534057617,24.889999389648438,25.290000915527344,24.889999389648438,111105500,False
XLF,2020-09-08,25.040000915527344,25.100000381469727,24.549999237060547,24.639999389648438,24.549999237060547,84687600,False
XLF,2020-09-09,24.8700008392334,25.06999969482422,24.709999084472656,24.889999389648438,24.709999084472656,52321200,False
XLF,2020-09-10,24.969999313354492,25.139999389648438,24.489999771118164,24.540000915527344,24.489999771118164,55515300,False
XLF,2020-09-11,24.579999923706055,24.84000015258789,24.5,24.709999084472656,24.5,69285700,False
XLF,2020-09-14,24.93000030517578,25.270000457763672,24.860000610351562,25.049999237060547,24.860000610351562,51021000,False
XLF,2020-09-15,25.100000381469727,25.1200008392334,24.690000534057617,24.709999084472656,24.690000534057617,48459900,False
XLF,2020-09-16,24.760000228881836,25.270000457763672,24.709999084472656,24.989999771118164,24.709999084472656,62119900,False
XLF,2020-09-17,24.649999618530273,24.8799991607666,24.579999923706055,24.729999542236328,24.579999923706055,47334200,False
XLF,2020-09-18,24.729999542236328,24.93000030517578,24.6299991607666,24.68000030517578,24.6299991607666,61707200,False
XLF,2020-09-21,24.030000686645508,24.170000076293945,23.559999465942383,23.93000030517578,23.559999465942383,72307300,False
XLF,2020-09-22,23.8700008392334,24.100000381469727,23.530000686645508,23.729999542236328,23.530000686645508,84561500,False
XLF,2020-09-23,23.780000686645508,23.950000762939453,23.200000762939453,23.200000762939453,23.200000762939453,54282500,False
XLF,2020-09-24,23.209999084472656,23.579999923706055,22.940000534057617,23.25,22.940000534057617,56512300,False
XLF,2020-09-25,23.079999923706055,23.56999969482422,23.030000686645508,23.489999771118164,23.030000686645508,46026600,False
XLF,2020-09-28,23.81999969482422,24.219999313354492,23.81999969482422,24.049999237060547,23.81999969482422,62803500,False
XLF,2020-09-29,23.979999542236328,24.020000457763672,23.6200008392334,23.75,23.6200008392334,53250800,False
XLF,2020-09-30,23.850000381469727,24.270000457763672,23.84000015258789,24.06999969482422,23.84000015258789,66732200,False
XLF,2020-10-01,24.170000076293945,24.329999923706055,23.920000076293945,24.110000610351562,23.920000076293945,65766100,False
XLF,2020-10-02,23.790000915527344,24.440000534057617,23.729999542236328,24.299999237060547,23.729999542236328,63368100,False
XLF,2020-10-05,24.530000686645508,24.780000686645508,24.469999313354492,24.700000762939453,24.469999313354492,58911700,False
XLF,2020-10-06,24.90999984741211,25.079999923706055,24.360000610351562,24.450000762939453,24.360000610351562,88404900,False
XLF,2020-10-07,24.68000030517578,24.979999542236328,24.68000030517578,24.860000610351562,24.68000030517578,53815200,False
XLF,2020-10-08,25.0,25.260000228881836,24.940000534057617,25.200000762939453,24.940000534057617,57646300,False
XLF,2020-10-09,25.34000015258789,25.3700008392334,25.030000686645508,25.229999542236328,25.030000686645508,52031600,False
XLF,2020-10-12,25.209999084472656,25.59000015258789,25.209999084472656,25.510000228881836,25.209999084472656,45931400,False
XLF,2020-10-13,25.43000030517578,25.510000228881836,24.940000534057617,25.020000457763672,24.940000534057617,60377800,False
XLF,2020-10-14,25.040000915527344,25.1299991607666,24.75,24.780000686645508,24.75,48982200,False
XLF,2020-10-15,24.549999237060547,24.979999542236328,24.510000228881836,24.969999313354492,24.510000228881836,41637200,False
XLF,2020-10-16,25.020000457763672,25.149999618530273,24.8700008392334,24.989999771118164,24.8700008392334,40103600,False
XLF,2020-10-19,25.079999923706055,25.09000015258789,24.56999969482422,24.610000610351562,24.56999969482422,42989000,False
XLF,2020-10-20,24.770000457763672,25.100000381469727,24.760000228881836,24.809999465942383,24.760000228881836,67293900,False
XLF,2020-10-21,24.770000457763672,24.93000030517578,24.68000030517578,24.68000030517578,24.68000030517578,44307200,False
XLF,2020-10-22,24.670000076293945,25.200000762939453,24.65999984741211,25.170000076293945,24.65999984741211,39511800,False
XLF,2020-10-23,25.329999923706055,25.40999984741211,25.049999237060547,25.25,25.049999237060547,45092700,False
XLF,2020-10-26,24.889999389648438,24.93000030517578,24.450000762939453,24.68000030517578,24.450000762939453,54015100,False
XLF,2020-10-27,24.670000076293945,24.670000076293945,24.209999084472656,24.229999542236328,24.209999084472656,46083300,False
XLF,2020-10-28,23.719999313354492,23.93000030517578,23.469999313354492,23.610000610351562,23.469999313354492,89288300,False
XLF,2020-10-29,23.549999237060547,23.959999084472656,23.25,23.790000915527344,23.25,60908400,False
XLF,2020-10-30,23.649999618530273,23.899999618530273,23.469999313354492,23.860000610351562,23.469999313354492,66221600,False
XLF,2020-11-02,24.260000228881836,24.420000076293945,23.959999084472656,24.309999465942383,23.959999084472656,65136000,False
XLF,2020-11-03,24.760000228881836,25.100000381469727,24.729999542236328,24.850000381469727,24.729999542236328,79834200,False
XLF,2020-11-04,24.40999984741211,25.0,24.190000534057617,24.559999465942383,24.190000534057617,87397400,False
XLF,2020-11-05,24.770000457763672,25.34000015258789,24.770000457763672,25.15999984741211,24.770000457763672,65942300,False
XLF,2020-11-06,25.280000686645508,25.309999465942383,24.8799991607666,24.959999084472656,24.8799991607666,60783500,False
XLF,2020-11-09,26.979999542236328,27.440000534057617,26.65999984741211,27.010000228881836,26.65999984741211,162966800,True
XLF,2020-11-10,27.040000915527344,27.25,26.790000915527344,27.149999618530273,26.790000915527344,85851200,False
XLF,2020-11-11,27.299999237060547,27.31999969482422,26.8799991607666,27.040000915527344,26.8799991607666,65062400,False
XLF,2020-11-12,26.709999084472656,26.770000457763672,26.350000381469727,26.59000015258789,26.350000381469727,62733800,False
XLF,2020-11-13,26.84000015258789,27.139999389648438,26.770000457763672,27.030000686645508,26.770000457763672,45031800,False
XLF,2020-11-16,27.709999084472656,27.729999542236328,27.360000610351562,27.6299991607666,27.360000610351562,67556100,False
XLF,2020-11-17,27.31999969482422,27.639999389648438,27.1299991607666,27.59000015258789,27.1299991607666,63679700,False
XLF,2020-11-18,27.719999313354492,27.940000534057617,27.31999969482422,27.329999923706055,27.31999969482422,71578400,False
XLF,2020-11-19,27.190000534057617,27.450000762939453,27.020000457763672,27.420000076293945,27.020000457763672,47194800,False
XLF,2020-11-20,27.280000686645508,27.389999389648438,27.1200008392334,27.18000030517578,27.1200008392334,39974700,False
XLF,2020-11-23,27.530000686645508,27.770000457763672,27.389999389648438,27.690000534057617,27.389999389648438,51870500,False
XLF,2020-11-24,28.170000076293945,28.690000534057617,28.100000381469727,28.65999984741211,28.100000381469727,60983200,False
XLF,2020-11-25,28.5,28.579999923706055,28.219999313354492,28.559999465942383,28.219999313354492,45204600,False
XLF,2020-11-27,28.559999465942383,28.59000015258789,28.360000610351562,28.469999313354492,28.360000610351562,26981200,False
XLF,2020-11-30,28.299999237060547,28.3799991607666,27.829999923706055,27.8799991607666,27.829999923706055,72524200,False
XLF,2020-12-01,28.399999618530273,28.56999969482422,28.290000915527344,28.309999465942383,28.290000915527344,53972100,False
XLF,2020-12-02,28.270000457763672,28.670000076293945,28.219999313354492,28.6200008392334,28.219999313354492,57471800,False
XLF,2020-12-03,28.639999389648438,28.799999237060547,28.459999084472656,28.6299991607666,28.459999084472656,49566000,False
XLF,2020-12-04,28.81999969482422,29.030000686645508,28.799999237060547,28.979999542236328,28.799999237060547,52713100,False
XLF,2020-12-07,28.809999465942383,28.860000610351562,28.610000610351562,28.780000686645508,28.610000610351562,34631600,False
XLF,2020-12-08,28.510000228881836,28.84000015258789,28.510000228881836,28.770000457763672,28.510000228881836,31628500,False
XLF,2020-12-09,28.93000030517578,28.950000762939453,28.59000015258789,28.700000762939453,28.59000015258789,47589600,False
XLF,2020-12-10,28.479999542236328,28.780000686645508,28.389999389648438,28.75,28.389999389648438,41298300,False
XLF,2020-12-11,28.43000030517578,28.530000686645508,28.229999542236328,28.459999084472656,28.229999542236328,48216300,False
XLF,2020-12-14,28.84000015258789,28.84000015258789,28.110000610351562,28.1299991607666,28.110000610351562,38302900,False
XLF,2020-12-15,28.350000381469727,28.690000534057617,28.190000534057617,28.610000610351562,28.190000534057617,38604200,False
XLF,2020-12-16,28.65999984741211,28.68000030517578,28.520000457763672,28.65999984741211,28.520000457763672,55602800,False
XLF,2020-12-17,28.709999084472656,28.790000915527344,28.579999923706055,28.739999771118164,28.579999923706055,38510900,False
XLF,2020-12-18,28.780000686645508,28.780000686645508,28.31999969482422,28.489999771118164,28.31999969482422,56080100,False
XLF,2020-12-21,28.670000076293945,28.860000610351562,28.229999542236328,28.719999313354492,28.229999542236328,77688100,False
XLF,2020-12-22,28.739999771118164,28.780000686645508,28.420000076293945,28.440000534057617,28.420000076293945,42317900,False
XLF,2020-12-23,28.610000610351562,29.06999969482422,28.600000381469727,28.90999984741211,28.600000381469727,52681400,False
XLF,2020-12-24,28.969999313354492,28.979999542236328,28.709999084472656,28.950000762939453,28.709999084472656,16071000,False
XLF,2020-12-28,29.149999618530273,29.31999969482422,28.989999771118164,29.09000015258789,28.989999771118164,32824800,False
XLF,2020-12-29,29.209999084472656,29.219999313354492,28.959999084472656,28.989999771118164,28.959999084472656,23607000,False
XLF,2020-12-30,29.09000015258789,29.209999084472656,29.020000457763672,29.1200008392334,29.020000457763672,16616700,False
XLF,2020-12-31,29.079999923706055,29.520000457763672,29.0,29.479999542236328,29.0,26239300,False
XLF,2021-01-04,29.59000015258789,29.600000381469727,28.829999923706055,29.079999923706055,28.829999923706055,47086300,False
XLF,2021-01-05,29.06999969482422,29.34000015258789,28.920000076293945,29.209999084472656,28.920000076293945,35265400,False
XLF,2021-01-06,29.770000457763672,30.739999771118164,29.770000457763672,30.5,29.770000457763672,102254900,True
XLF,2021-01-07,30.950000762939453,31.260000228881836,30.8799991607666,30.940000534057617,30.8799991607666,64342700,False
XLF,2021-01-08,31.09000015258789,31.100000381469727,30.510000228881836,30.920000076293945,30.510000228881836,54266400,False
XLF,2021-01-11,30.6200008392334,31.06999969482422,30.489999771118164,31.020000457763672,30.489999771118164,56590400,False
XLF,2021-01-12,31.200000762939453,31.489999771118164,31.110000610351562,31.34000015258789,31.110000610351562,60546600,False
XLF,2021-01-13,31.290000915527344,31.399999618530273,31.09000015258789,31.31999969482422,31.09000015258789,55394700,False
XLF,2021-01-14,31.40999984741211,31.6200008392334,31.290000915527344,31.459999084472656,31.290000915527344,49828800,False
XLF,2021-01-15,31.0,31.190000534057617,30.709999084472656,30.940000534057617,30.709999084472656,68732700,False
XLF,2021-01-19,31.100000381469727,31.18000030517578,30.829999923706055,31.020000457763672,30.829999923706055,97457200,False
XLF,2021-01-20,31.1200008392334,31.1200008392334,30.780000686645508,30.889999389648438,30.780000686645508,56113100,False
XLF,2021-01-21,30.8700008392334,30.93000030517578,30.559999465942383,30.559999465942383,30.559999465942383,43713800,False
XLF,2021-01-22,30.25,30.459999084472656,30.200000762939453,30.34000015258789,30.200000762939453,37928000,False
XLF,2021-01-25,30.040000915527344,30.15999984741211,29.739999771118164,30.1200008392334,29.739999771118164,68321500,False
XLF,2021-01-26,30.239999771118164,30.280000686645508,29.860000610351562,29.8799991607666,29.860000610351562,55504600,False
XLF,2021-01-27,29.469999313354492,29.5,28.940000534057617,29.0,28.940000534057617,84059200,False
XLF,2021-01-28,29.3700008392334,29.8799991607666,29.280000686645508,29.540000915527344,29.280000686645508,62985900,False
XLF,2021-01-29,29.459999084472656,29.540000915527344,28.81999969482422,28.950000762939453,28.81999969482422,78260700,False
XLF,2021-02-01,29.270000457763672,29.3700008392334,29.020000457763672,29.329999923706055,29.020000457763672,41947400,False
XLF,2021-02-02,29.670000076293945,30.190000534057617,29.65999984741211,30.040000915527344,29.65999984741211,54263000,False
XLF,2021-02-03,30.0,30.219999313354492,29.940000534057617,30.209999084472656,29.940000534057617,46195200,False
XLF,2021-02-04,30.309999465942383,30.889999389648438,30.299999237060547,30.8799991607666,30.299999237060547,63061800,False
XLF,2021-02-05,31.100000381469727,31.1299991607666,30.81999969482422,30.889999389648438,30.81999969482422,38461900,False
XLF,2021-02-08,30.989999771118164,31.290000915527344,30.989999771118164,31.290000915527344,30.989999771118164,48756300,False
XLF,2021-02-09,31.190000534057617,31.399999618530273,31.079999923706055,31.299999237060547,31.079999923706055,33572000,False
XLF,2021-02-10,31.459999084472656,31.5,31.149999618530273,31.299999237060547,31.149999618530273,38899600,False
XLF,2021-02-11,31.31999969482422,31.440000534057617,30.989999771118164,31.200000762939453,30.989999771118164,31909500,False
XLF,2021-02-12,31.170000076293945,31.549999237060547,31.139999389648438,31.520000457763672,31.139999389648438,38271800,False
XLF,2021-02-16,31.84000015258789,32.209999084472656,31.700000762939453,32.060001373291016,31.700000762939453,71330600,False
XLF,2021-02-17,31.959999084472656,32.2599983215332,31.850000381469727,32.220001220703125,31.850000381469727,60460900,False
XLF,2021-02-18,31.989999771118164,32.20000076293945,31.770000457763672,32.029998779296875,31.770000457763672,45188200,False
XLF,2021-02-19,32.2400016784668,32.52000045776367,32.20000076293945,32.40999984741211,32.20000076293945,54361800,False
XLF,2021-02-22,32.29999923706055,32.83000183105469,32.290000915527344,32.709999084472656,32.290000915527344,65930200,False
XLF,2021-02-23,32.939998626708984,32.95000076293945,32.56999969482422,32.90999984741211,32.56999969482422,94331400,False
XLF,2021-02-24,32.959999084472656,33.63999938964844,32.939998626708984,33.54999923706055,32.939998626708984,66000600,False
XLF,2021-02-25,33.81999969482422,33.84000015258789,32.849998474121094,32.939998626708984,32.849998474121094,92189400,False
XLF,2021-02-26,32.88999938964844,32.9900016784668,32.189998626708984,32.310001373291016,32.189998626708984,103105700,False
XLF,2021-03-01,32.86000061035156,33.52000045776367,32.86000061035156,33.31999969482422,32.86000061035156,67590700,False
XLF,2021-03-02,33.279998779296875,33.470001220703125,33.16999816894531,33.20000076293945,33.16999816894531,49987000,False
XLF,2021-03-03,33.33000183105469,33.959999084472656,33.290000915527344,33.459999084472656,33.290000915527344,72541700,False
XLF,2021-03-04,33.369998931884766,33.689998626708984,32.599998474121094,33.08000183105469,32.599998474121094,101311800,False
XLF,2021-03-05,33.63999938964844,33.79999923706055,32.779998779296875,33.709999084472656,32.779998779296875,109299800,False
XLF,2021-03-08,33.959999084472656,34.58000183105469,33.81999969482422,34.13999938964844,33.81999969482422,90538200,False
XLF,2021-03-09,33.869998931884766,34.33000183105469,33.52000045776367,33.83000183105469,33.52000045776367,117224600,False
XLF,2021-03-10,33.9900016784668,34.650001525878906,33.93000030517578,34.52000045776367,33.93000030517578,73269300,False
XLF,2021-03-11,34.34000015258789,34.689998626708984,34.13999938964844,34.41999816894531,34.13999938964844,50904800,False
XLF,2021-03-12,34.81999969482422,34.95000076293945,34.65999984741211,34.77000045776367,34.65999984741211,68126000,False
XLF,2021-03-15,34.900001525878906,34.90999984741211,34.25,34.56999969482422,34.25,57836400,False
XLF,2021-03-16,34.38999938964844,34.43000030517578,33.939998626708984,34.209999084472656,33.939998626708984,67373600,False
XLF,2021-03-17,34.459999084472656,34.63999938964844,34.08000183105469,34.439998626708984,34.08000183105469,64051100,False
XLF,2021-03-18,34.790000915527344,35.290000915527344,34.5,34.619998931884766,34.5,96690500,False
XLF,2021-03-19,34.349998474121094,34.380001068115234,33.86000061035156,34.220001220703125,33.86000061035156,98510500,False
XLF,2021-03-22,33.81999969482422,33.88999938964844,33.5099983215332,33.630001068115234,33.5099983215332,68170600,False
XLF,2021-03-23,33.43000030517578,33.65999984741211,33.040000915527344,33.15999984741211,33.040000915527344,70441900,False
XLF,2021-03-24,33.400001525878906,33.79999923706055,33.279998779296875,33.279998779296875,33.279998779296875,63357100,False
XLF,2021-03-25,33.2599983215332,33.88999938964844,33.0,33.84000015258789,33.0,60532600,False
XLF,2021-03-26,34.189998626708984,34.43000030517578,33.95000076293945,34.369998931884766,33.95000076293945,53779900,False
XLF,2021-03-29,33.88999938964844,34.290000915527344,33.720001220703125,34.06999969482422,33.720001220703125,71777800,False
XLF,2021-03-30,34.25,34.470001220703125,34.209999084472656,34.310001373291016,34.209999084472656,55011400,False
XLF,2021-03-31,34.2400016784668,34.380001068115234,34.029998779296875,34.04999923706055,34.029998779296875,51138300,False
XLF,2021-04-01,34.0,34.470001220703125,34.0,34.470001220703125,34.0,51690100,False
XLF,2021-04-05,34.84000015258789,34.90999984741211,34.630001068115234,34.7400016784668,34.630001068115234,51790700,False
XLF,2021-04-06,34.65999984741211,34.83000183105469,34.54999923706055,34.66999816894531,34.54999923706055,41336800,False
XLF,2021-04-07,34.77000045776367,34.91999816894531,34.599998474121094,34.84000015258789,34.599998474121094,38660800,False
XLF,2021-04-08,34.709999084472656,34.88999938964844,34.470001220703125,34.849998474121094,34.470001220703125,39927400,False
XLF,2021-04-09,35.09000015258789,35.16999816894531,34.88999938964844,35.150001525878906,34.88999938964844,40133700,False
XLF,2021-04-12,35.220001220703125,35.310001373291016,35.13999938964844,35.29999923706055,35.13999938964844,44435500,False
XLF,2021-04-13,35.099998474121094,35.13999938964844,34.779998779296875,34.970001220703125,34.779998779296875,39950900,False
XLF,2021-04-14,34.880001068115234,35.43000030517578,34.83000183105469,35.18000030517578,34.83000183105469,44065300,False
XLF,2021-04-15,35.2599983215332,35.29999923706055,34.81999969482422,35.150001525878906,34.81999969482422,55483500,False
XLF,2021-04-16,35.459999084472656,35.529998779296875,35.2400016784668,35.400001525878906,35.2400016784668,39115700,False
XLF,2021-04-19,35.38999938964844,35.4900016784668,35.18000030517578,35.29999923706055,35.18000030517578,31172300,False
XLF,2021-04-20,35.09000015258789,35.11000061035156,34.52000045776367,34.63999938964844,34.52000045776367,50227700,False
XLF,2021-04-21,34.52000045776367,35.150001525878906,34.41999816894531,35.119998931884766,34.41999816894531,39680000,False
XLF,2021-04-22,35.08000183105469,35.130001068115234,34.66999816894531,34.72999954223633,34.66999816894531,43611200,False
XLF,2021-04-23,34.72999954223633,35.529998779296875,34.66999816894531,35.380001068115234,34.66999816894531,50437700,False
XLF,2021-04-26,35.5099983215332,35.849998474121094,35.47999954223633,35.52000045776367,35.47999954223633,43749700,False
XLF,2021-04-27,35.56999969482422,35.849998474121094,35.4900016784668,35.79999923706055,35.4900016784668,50852400,False
XLF,2021-04-28,35.939998626708984,36.040000915527344,35.83000183105469,35.939998626708984,35.83000183105469,35771700,False
XLF,2021-04-29,36.220001220703125,36.61000061035156,36.189998626708984,36.58000183105469,36.189998626708984,48573000,False
XLF,2021-04-30,36.380001068115234,36.5099983215332,36.20000076293945,36.2599983215332,36.20000076293945,43940900,False
XLF,2021-05-03,36.56999969482422,36.63999938964844,36.29999923706055,36.439998626708984,36.29999923706055,33317300,False
XLF,2021-05-04,36.279998779296875,36.72999954223633,36.040000915527344,36.72999954223633,36.040000915527344,66939700,False
XLF,2021-05-05,36.84000015258789,37.16999816894531,36.84000015258789,37.029998779296875,36.84000015258789,38954200,False
XLF,2021-05-06,37.18000030517578,37.59000015258789,36.959999084472656,37.58000183105469,36.959999084472656,43332900,False
XLF,2021-05-07,37.150001525878906,37.790000915527344,37.060001373291016,37.779998779296875,37.060001373291016,64616700,False
XLF,2021-05-10,37.97999954223633,38.2599983215332,37.720001220703125,37.75,37.720001220703125,56341100,False
XLF,2021-05-11,37.369998931884766,37.709999084472656,36.939998626708984,37.08000183105469,36.939998626708984,82723700,False
XLF,2021-05-12,37.369998931884766,37.5099983215332,36.54999923706055,36.70000076293945,36.54999923706055,97911900,False
XLF,2021-05-13,36.560001373291016,37.52000045776367,36.540000915527344,37.290000915527344,36.540000915527344,66882600,False
XLF,2021-05-14,37.5,37.97999954223633,37.459999084472656,37.880001068115234,37.459999084472656,44850200,False
XLF,2021-05-17,37.7599983215332,37.9900016784668,37.61000061035156,37.95000076293945,37.61000061035156,40376700,False
XLF,2021-05-18,37.91999816894531,38.04999923706055,37.400001525878906,37.41999816894531,37.400001525878906,40299200,False
XLF,2021-05-19,36.9900016784668,37.209999084472656,36.59000015258789,37.189998626708984,36.59000015258789,63573900,False
XLF,2021-05-20,37.25,37.470001220703125,36.95000076293945,37.209999084472656,36.95000076293945,59216100,False
XLF,2021-05-21,37.36000061035156,37.779998779296875,37.34000015258789,37.58000183105469,37.34000015258789,44950300,False
XLF,2021-05-24,37.7400016784668,37.849998474121094,37.54999923706055,37.7599983215332,37.54999923706055,29159600,False
XLF,2021-05-25,37.810001373291016,38.099998474121094,37.33000183105469,37.380001068115234,37.33000183105469,38755900,False
XLF,2021-05-26,37.52000045776367,37.65999984741211,37.220001220703125,37.4900016784668,37.220001220703125,38601900,False
XLF,2021-05-27,37.83000183105469,38.02000045776367,37.61000061035156,37.91999816894531,37.61000061035156,39789500,False
XLF,2021-05-28,38.09000015258789,38.09000015258789,37.709999084472656,37.9900016784668,37.709999084472656,39265000,False
XLF,2021-06-01,38.369998931884766,38.47999954223633,38.119998931884766,38.220001220703125,38.119998931884766,35710700,False
XLF,2021-06-02,38.34000015258789,38.380001068115234,38.06999969482422,38.279998779296875,38.06999969482422,37537500,False
XLF,2021-06-03,38.15999984741211,38.599998474121094,38.040000915527344,38.369998931884766,38.040000915527344,54877500,False
XLF,2021-06-04,38.41999816894531,38.5,38.130001068115234,38.470001220703125,38.130001068115234,27250900,False
XLF,2021-06-07,38.529998779296875,38.529998779296875,38.150001525878906,38.220001220703125,38.150001525878906,37401800,False
XLF,2021-06-08,38.0099983215332,38.2400016784668,37.72999954223633,38.119998931884766,37.72999954223633,47747700,False
XLF,2021-06-09,37.970001220703125,38.02000045776367,37.65999984741211,37.7599983215332,37.65999984741211,40776200,False
XLF,2021-06-10,38.08000183105469,38.18000030517578,37.290000915527344,37.31999969482422,37.290000915527344,53775500,False
XLF,2021-06-11,37.38999938964844,37.58000183105469,37.380001068115234,37.560001373291016,37.380001068115234,40416700,False
XLF,2021-06-14,37.4900016784668,37.54999923706055,36.95000076293945,37.16999816894531,36.95000076293945,50613400,False
XLF,2021-06-15,37.18000030517578,37.43000030517578,37.0,37.2400016784668,37.0,51315100,False
XLF,2021-06-16,37.119998931884766,37.45000076293945,36.7400016784668,37.20000076293945,36.7400016784668,84961100,False
XLF,2021-06-17,37.38999938964844,37.40999984741211,35.9900016784668,36.099998474121094,35.9900016784668,97659900,False
XLF,2021-06-18,35.619998931884766,35.7400016784668,35.18000030517578,35.22999954223633,35.18000030517578,180960000,False
XLF,2021-06-21,35.439998626708984,35.93000030517578,35.380001068115234,35.90999984741211,35.380001068115234,89831400,False
XLF,2021-06-22,35.9900016784668,36.11000061035156,35.630001068115234,35.970001220703125,35.630001068115234,42576400,False
XLF,2021-06-23,36.0,36.209999084472656,35.95000076293945,36.040000915527344,35.95000076293945,48094900,False
XLF,2021-06-24,36.25,36.58000183105469,36.08000183105469,36.4900016784668,36.08000183105469,42942800,False
XLF,2021-06-25,36.68000030517578,37.029998779296875,36.470001220703125,36.93000030517578,36.470001220703125,56845000,False
XLF,2021-06-28,36.86000061035156,36.88999938964844,36.45000076293945,36.65999984741211,36.45000076293945,70250700,False
XLF,2021-06-29,36.849998474121094,37.04999923706055,36.43000030517578,36.529998779296875,36.43000030517578,61051200,False
XLF,2021-06-30,36.41999816894531,36.77000045776367,36.40999984741211,36.689998626708984,36.40999984741211,42414100,False
XLF,2021-07-01,36.869998931884766,37.0,36.68000030517578,36.97999954223633,36.68000030517578,36615600,False
XLF,2021-07-02,36.97999954223633,37.02000045776367,36.790000915527344,36.939998626708984,36.790000915527344,27018400,False
XLF,2021-07-06,36.849998474121094,36.869998931884766,36.119998931884766,36.36000061035156,36.119998931884766,49225300,False
XLF,2021-07-07,36.13999938964844,36.4900016784668,36.060001373291016,36.40999984741211,36.060001373291016,43747100,False
XLF,2021-07-08,35.83000183105469,36.040000915527344,35.5099983215332,35.68000030517578,35.5099983215332,75084200,False
XLF,2021-07-09,36.20000076293945,36.7599983215332,36.09000015258789,36.709999084472656,36.09000015258789,70546500,False
XLF,2021-07-12,36.4900016784668,37.13999938964844,36.33000183105469,37.06999969482422,36.33000183105469,62953400,False
XLF,2021-07-13,36.95000076293945,37.0099983215332,36.529998779296875,36.66999816894531,36.529998779296875,44476200,False
XLF,2021-07-14,36.689998626708984,36.93000030517578,36.099998474121094,36.5,36.099998474121094,69632700,False
XLF,2021-07-15,36.13999938964844,36.849998474121094,36.13999938964844,36.619998931884766,36.13999938964844,53977600,False
XLF,2021-07-16,36.810001373291016,36.810001373291016,36.040000915527344,36.119998931884766,36.040000915527344,56160700,False
XLF,2021-07-19,35.41999816894531,35.61000061035156,34.900001525878906,35.11000061035156,34.900001525878906,89972200,False
XLF,2021-07-20,35.06999969482422,36.220001220703125,35.0,35.97999954223633,35.0,70635800,False
XLF,2021-07-21,36.27000045776367,36.779998779296875,36.2400016784668,36.599998474121094,36.2400016784668,59975000,False
XLF,2021-07-22,36.470001220703125,36.560001373291016,36.04999923706055,36.20000076293945,36.04999923706055,35292300,False
XLF,2021-07-23,36.54999923706055,36.650001525878906,36.15999984741211,36.2599983215332,36.15999984741211,36766900,False
XLF,2021-07-26,36.189998626708984,36.540000915527344,36.16999816894531,36.470001220703125,36.16999816894531,25396000,False
XLF,2021-07-27,36.189998626708984,36.619998931884766,36.02000045776367,36.459999084472656,36.02000045776367,38988400,False
XLF,2021-07-28,36.59000015258789,36.63999938964844,36.15999984741211,36.40999984741211,36.15999984741211,42908200,False
XLF,2021-07-29,36.650001525878906,36.970001220703125,36.4900016784668,36.810001373291016,36.4900016784668,41434200,False
XLF,2021-07-30,36.709999084472656,36.97999954223633,36.43000030517578,36.52000045776367,36.43000030517578,52385300,False
XLF,2021-08-02,36.77000045776367,37.189998626708984,36.47999954223633,36.529998779296875,36.47999954223633,47589900,False
XLF,2021-08-03,36.65999984741211,36.9900016784668,36.119998931884766,36.939998626708984,36.119998931884766,42169600,False
XLF,2021-08-04,36.59000015258789,37.02000045776367,36.43000030517578,36.630001068115234,36.43000030517578,52346400,False
XLF,2021-08-05,36.86000061035156,37.11000061035156,36.849998474121094,37.11000061035156,36.849998474121094,37168200,False
XLF,2021-08-06,37.459999084472656,37.93000030517578,37.45000076293945,37.86000061035156,37.45000076293945,58081000,False
XLF,2021-08-09,37.810001373291016,38.13999938964844,37.599998474121094,37.959999084472656,37.599998474121094,48015600,False
XLF,2021-08-10,37.93000030517578,38.470001220703125,37.88999938964844,38.36000061035156,37.88999938964844,40907400,False
XLF,2021-08-11,38.470001220703125,38.810001373291016,38.290000915527344,38.79999923706055,38.290000915527344,48372100,False
XLF,2021-08-12,38.84000015258789,38.91999816894531,38.599998474121094,38.869998931884766,38.599998474121094,44566400,False
XLF,2021-08-13,38.900001525878906,38.95000076293945,38.4900016784668,38.58000183105469,38.4900016784668,43077200,False
XLF,2021-08-16,38.33000183105469,38.52000045776367,37.9900016784668,38.47999954223633,37.9900016784668,48011800,False
XLF,2021-08-17,38.220001220703125,38.5,37.83000183105469,38.209999084472656,37.83000183105469,52414800,False
XLF,2021-08-18,38.060001373291016,38.33000183105469,37.709999084472656,37.7400016784668,37.709999084472656,39550400,False
XLF,2021-08-19,37.33000183105469,37.7400016784668,37.220001220703125,37.459999084472656,37.220001220703125,48961300,False
XLF,2021-08-20,37.459999084472656,37.75,37.31999969482422,37.689998626708984,37.31999969482422,33898600,False
XLF,2021-08-23,37.880001068115234,38.15999984741211,37.880001068115234,38.0,37.880001068115234,28807400,False
XLF,2021-08-24,38.06999969482422,38.31999969482422,38.040000915527344,38.22999954223633,38.040000915527344,37677300,False
XLF,2021-08-25,38.33000183105469,38.91999816894531,38.25,38.68000030517578,38.25,47904800,False
XLF,2021-08-26,38.849998474121094,38.900001525878906,38.45000076293945,38.4900016784668,38.45000076293945,38484300,False
XLF,2021-08-27,38.540000915527344,39.0099983215332,38.529998779296875,39.0,38.529998779296875,38511100,False
XLF,2021-08-30,39.02000045776367,39.040000915527344,38.43000030517578,38.45000076293945,38.43000030517578,30096500,False
XLF,2021-08-31,38.41999816894531,38.689998626708984,38.2599983215332,38.400001525878906,38.2599983215332,49876200,False
XLF,2021-09-01,38.43000030517578,38.45000076293945,38.04999923706055,38.18000030517578,38.04999923706055,43976200,False
XLF,2021-09-02,38.27000045776367,38.45000076293945,38.15999984741211,38.310001373291016,38.15999984741211,29611500,False
XLF,2021-09-03,38.2400016784668,38.31999969482422,37.97999954223633,38.06999969482422,37.97999954223633,34847500,False
XLF,2021-09-07,38.20000076293945,38.20000076293945,37.84000015258789,37.84000015258789,37.84000015258789,39214900,False
XLF,2021-09-08,37.75,37.93000030517578,37.54999923706055,37.75,37.54999923706055,32523900,False
XLF,2021-09-09,37.70000076293945,38.220001220703125,37.66999816894531,37.86000061035156,37.66999816894531,33421000,False
XLF,2021-09-10,38.06999969482422,38.11000061035156,37.56999969482422,37.58000183105469,37.56999969482422,39350500,False
XLF,2021-09-13,37.849998474121094,38.06999969482422,37.7400016784668,38.0099983215332,37.7400016784668,40357300,False
XLF,2021-09-14,38.13999938964844,38.279998779296875,37.380001068115234,37.5,37.380001068115234,45670600,False
XLF,2021-09-15,37.47999954223633,37.95000076293945,37.439998626708984,37.86000061035156,37.439998626708984,36371300,False
XLF,2021-09-16,38.0,38.189998626708984,37.58000183105469,37.75,37.58000183105469,42630200,False
XLF,2021-09-17,37.70000076293945,37.939998626708984,37.47999954223633,37.58000183105469,37.47999954223633,82987200,False
XLF,2021-09-20,36.59000015258789,36.689998626708984,36.029998779296875,36.54999923706055,36.029998779296875,95008800,False
XLF,2021-09-21,36.779998779296875,36.91999816894531,36.40999984741211,36.5,36.40999984741211,45837600,False
XLF,2021-09-22,36.959999084472656,37.369998931884766,36.880001068115234,37.11000061035156,36.880001068115234,58347800,False
XLF,2021-09-23,37.470001220703125,38.20000076293945,37.40999984741211,38.02000045776367,37.40999984741211,71805000,False
XLF,2021-09-24,37.9900016784668,38.349998474121094,37.939998626708984,38.220001220703125,37.939998626708984,48066100,False
XLF,2021-09-27,38.560001373291016,38.849998474121094,38.4900016784668,38.7400016784668,38.4900016784668,58794500,False
XLF,2021-09-28,38.72999954223633,38.91999816894531,38.040000915527344,38.099998474121094,38.040000915527344,96152700,False
XLF,2021-09-29,38.220001220703125,38.29999923706055,37.95000076293945,38.130001068115234,37.95000076293945,49882500,False
XLF,2021-09-30,38.349998474121094,38.36000061035156,37.52000045776367,37.529998779296875,37.52000045776367,73319300,False
XLF,2021-10-01,37.630001068115234,38.40999984741211,37.4900016784668,38.150001525878906,37.4900016784668,70444000,False
XLF,2021-10-04,38.09000015258789,38.59000015258789,37.7599983215332,37.81999969482422,37.7599983215332,69772700,False
XLF,2021-10-05,38.099998474121094,38.75,37.959999084472656,38.560001373291016,37.959999084472656,56058400,False
XLF,2021-10-06,38.209999084472656,38.630001068115234,37.93000030517578,38.599998474121094,37.93000030517578,63405900,False
XLF,2021-10-07,39.0,39.2400016784668,38.779998779296875,38.83000183105469,38.779998779296875,53295600,False
XLF,2021-10-08,38.869998931884766,39.15999984741211,38.689998626708984,39.02000045776367,38.689998626708984,38607500,False
XLF,2021-10-11,39.11000061035156,39.400001525878906,38.61000061035156,38.630001068115234,38.61000061035156,50748300,False
XLF,2021-10-12,38.58000183105469,38.77000045776367,38.40999984741211,38.5099983215332,38.40999984741211,58527700,False
XLF,2021-10-13,38.5,38.540000915527344,37.7400016784668,38.290000915527344,37.7400016784668,72105100,False
XLF,2021-10-14,38.720001220703125,38.939998626708984,38.349998474121094,38.93000030517578,38.349998474121094,51893500,False
XLF,2021-10-15,39.310001373291016,39.709999084472656,39.18000030517578,39.5099983215332,39.18000030517578,58411100,False
XLF,2021-10-18,39.43000030517578,39.75,39.31999969482422,39.52000045776367,39.31999969482422,56312700,False
XLF,2021-10-19,39.70000076293945,39.90999984741211,39.54999923706055,39.90999984741211,39.54999923706055,33082600,False
XLF,2021-10-20,39.84000015258789,40.22999954223633,39.72999954223633,40.22999954223633,39.72999954223633,44670200,False
XLF,2021-10-21,40.220001220703125,40.310001373291016,39.849998474121094,40.060001373291016,39.849998474121094,35067600,False
XLF,2021-10-22,40.25,40.689998626708984,40.209999084472656,40.619998931884766,40.209999084472656,41458200,False
XLF,2021-10-25,40.720001220703125,40.77000045776367,40.470001220703125,40.56999969482422,40.470001220703125,33121000,False
XLF,2021-10-26,40.66999816894531,40.86000061035156,40.540000915527344,40.599998474121094,40.540000915527344,41586900,False
XLF,2021-10-27,40.5,40.68000030517578,39.91999816894531,39.93000030517578,39.91999816894531,62449500,False
XLF,2021-10-28,40.09000015258789,40.439998626708984,40.060001373291016,40.41999816894531,40.060001373291016,44566600,False
XLF,2021-10-29,40.470001220703125,40.54999923706055,40.18000030517578,40.2599983215332,40.18000030517578,42092000,False
XLF,2021-11-01,40.540000915527344,40.630001068115234,40.119998931884766,40.279998779296875,40.119998931884766,37503800,False
XLF,2021-11-02,40.27000045776367,40.5,40.15999984741211,40.380001068115234,40.15999984741211,31436800,False
XLF,2021-11-03,40.25,40.68000030517578,40.16999816894531,40.529998779296875,40.16999816894531,42946800,False
XLF,2021-11-04,40.380001068115234,40.47999954223633,39.689998626708984,40.0,39.689998626708984,48279700,False
XLF,2021-11-05,40.31999969482422,40.4900016784668,39.88999938964844,40.02000045776367,39.88999938964844,57866300,False
XLF,2021-11-08,40.27000045776367,40.529998779296875,40.13999938964844,40.2400016784668,40.13999938964844,32864600,False
XLF,2021-11-09,40.029998779296875,40.15999984741211,39.7599983215332,40.02000045776367,39.7599983215332,48420400,False
XLF,2021-11-10,39.97999954223633,40.20000076293945,39.849998474121094,39.95000076293945,39.849998474121094,60695100,False
XLF,2021-11-11,40.0099983215332,40.189998626708984,39.84000015258789,40.060001373291016,39.84000015258789,31438900,False
XLF,2021-11-12,40.119998931884766,40.15999984741211,39.790000915527344,40.150001525878906,39.790000915527344,39218800,False
XLF,2021-11-15,40.2599983215332,40.36000061035156,40.06999969482422,40.150001525878906,40.06999969482422,30081100,False
XLF,2021-11-16,40.20000076293945,40.349998474121094,40.0,40.11000061035156,40.0,32599500,False
XLF,2021-11-17,40.04999923706055,40.04999923706055,39.540000915527344,39.650001525878906,39.540000915527344,53557200,False
XLF,2021-11-18,39.689998626708984,39.77000045776367,39.27000045776367,39.45000076293945,39.27000045776367,42990100,False
XLF,2021-11-19,39.11000061035156,39.25,38.720001220703125,39.02000045776367,38.720001220703125,71858100,False
XLF,2021-11-22,39.540000915527344,39.959999084472656,39.220001220703125,39.56999969482422,39.220001220703125,81965800,False
XLF,2021-11-23,39.83000183105469,40.220001220703125,39.65999984741211,40.189998626708984,39.65999984741211,61571200,False
XLF,2021-11-24,40.11000061035156,40.2599983215332,39.95000076293945,40.099998474121094,39.95000076293945,40410300,False
XLF,2021-11-26,38.84000015258789,39.0099983215332,38.33000183105469,38.77000045776367,38.33000183105469,76492200,False
XLF,2021-11-29,39.220001220703125,39.36000061035156,38.599998474121094,38.88999938964844,38.599998474121094,79316500,False
XLF,2021-11-30,38.41999816894531,38.58000183105469,37.900001525878906,37.959999084472656,37.900001525878906,121263700,False
XLF,2021-12-01,38.630001068115234,38.880001068115234,37.540000915527344,37.540000915527344,37.540000915527344,101946500,False
XLF,2021-12-02,37.88999938964844,38.869998931884766,37.75,38.65999984741211,37.75,98076400,False
XLF,2021-12-03,38.709999084472656,38.810001373291016,37.72999954223633,38.029998779296875,37.72999954223633,97178200,False
XLF,2021-12-06,38.630001068115234,38.97999954223633,38.33000183105469,38.61000061035156,38.33000183105469,69716600,False
XLF,2021-12-07,39.060001373291016,39.40999984741211,38.869998931884766,39.29999923706055,38.869998931884766,115475500,False
XLF,2021-12-08,39.31999969482422,39.47999954223633,38.9900016784668,39.09000015258789,38.9900016784668,53033200,False
XLF,2021-12-09,38.900001525878906,39.209999084472656,38.7599983215332,39.0099983215332,38.7599983215332,45521100,False
XLF,2021-12-10,39.279998779296875,39.290000915527344,38.79999923706055,39.04999923706055,38.79999923706055,38900900,False
XLF,2021-12-13,38.959999084472656,38.970001220703125,38.5,38.630001068115234,38.5,44343000,False
XLF,2021-12-14,38.56999969482422,39.150001525878906,38.540000915527344,38.86000061035156,38.540000915527344,51734400,False
XLF,2021-12-15,38.959999084472656,39.09000015258789,38.47999954223633,38.970001220703125,38.47999954223633,70424900,False
XLF,2021-12-16,39.41999816894531,39.7400016784668,39.220001220703125,39.459999084472656,39.220001220703125,71156600,False
XLF,2021-12-17,39.20000076293945,39.25,38.349998474121094,38.59000015258789,38.349998474121094,97654400,False
XLF,2021-12-20,37.810001373291016,37.86000061035156,37.209999084472656,37.65999984741211,37.209999084472656,85242300,False
XLF,2021-12-21,38.040000915527344,38.61000061035156,38.040000915527344,38.439998626708984,38.040000915527344,57667900,False
XLF,2021-12-22,38.33000183105469,38.650001525878906,38.27000045776367,38.619998931884766,38.27000045776367,49702700,False
XLF,2021-12-23,38.84000015258789,39.16999816894531,38.79999923706055,38.81999969482422,38.79999923706055,39057300,False
XLF,2021-12-27,38.939998626708984,39.220001220703125,38.7400016784668,39.220001220703125,38.7400016784668,36120300,False
XLF,2021-12-28,39.150001525878906,39.4900016784668,39.13999938964844,39.2400016784668,39.13999938964844,34055200,False
XLF,2021-12-29,39.31999969482422,39.43000030517578,39.13999938964844,39.189998626708984,39.13999938964844,27150500,False
XLF,2021-12-30,39.310001373291016,39.529998779296875,39.0,39.119998931884766,39.0,30089100,False
XLF,2021-12-31,39.040000915527344,39.2400016784668,38.970001220703125,39.04999923706055,38.970001220703125,28497800,False
XLF,2022-01-03,39.34000015258789,39.68000030517578,39.31999969482422,39.529998779296875,39.31999969482422,49884400,False
XLF,2022-01-04,39.9900016784668,40.70000076293945,39.970001220703125,40.56999969482422,39.970001220703125,74210200,False
XLF,2022-01-05,40.689998626708984,40.900001525878906,40.06999969482422,40.099998474121094,40.06999969482422,76288400,False
XLF,2022-01-06,40.52000045776367,40.720001220703125,40.150001525878906,40.689998626708984,40.150001525878906,57725200,False
XLF,2022-01-07,40.779998779296875,41.27000045776367,40.63999938964844,41.16999816894531,40.63999938964844,62185500,False
XLF,2022-01-10,41.43000030517578,41.459999084472656,40.599998474121094,41.029998779296875,40.599998474121094,73620000,False
XLF,2022-01-11,41.18000030517578,41.40999984741211,40.79999923706055,41.38999938964844,40.79999923706055,60706300,False
XLF,2022-01-12,41.5,41.65999984741211,41.220001220703125,41.41999816894531,41.220001220703125,51560600,False
XLF,2022-01-13,41.47999954223633,41.70000076293945,41.119998931884766,41.2599983215332,41.119998931884766,51659600,False
XLF,2022-01-14,40.599998474121094,40.869998931884766,40.34000015258789,40.83000183105469,40.34000015258789,81135500,False
XLF,2022-01-18,40.560001373291016,40.599998474121094,39.66999816894531,39.91999816894531,39.66999816894531,82526700,False
XLF,2022-01-19,40.220001220703125,40.2400016784668,39.220001220703125,39.25,39.220001220703125,85975100,False
XLF,2022-01-20,39.36000061035156,39.869998931884766,38.91999816894531,39.0,38.91999816894531,80314000,False
XLF,2022-01-21,38.84000015258789,38.95000076293945,38.040000915527344,38.20000076293945,38.040000915527344,117914300,False
XLF,2022-01-24,37.540000915527344,38.38999938964844,36.81999969482422,38.310001373291016,36.81999969482422,169153300,False
XLF,2022-01-25,37.880001068115234,38.75,37.2599983215332,38.470001220703125,37.2599983215332,97364900,False
XLF,2022-01-26,38.88999938964844,39.209999084472656,38.11000061035156,38.56999969482422,38.11000061035156,106682000,False
XLF,2022-01-27,38.939998626708984,39.34000015258789,37.970001220703125,38.220001220703125,37.970001220703125,91498900,False
XLF,2022-01-28,38.06999969482422,38.72999954223633,37.59000015258789,38.720001220703125,37.59000015258789,79753600,False
XLF,2022-01-31,38.45000076293945,39.09000015258789,38.220001220703125,39.060001373291016,38.220001220703125,58740900,False
XLF,2022-02-01,39.11000061035156,39.70000076293945,38.90999984741211,39.599998474121094,38.90999984741211,64601500,False
XLF,2022-02-02,39.58000183105469,39.939998626708984,39.33000183105469,39.869998931884766,39.33000183105469,46649400,False
XLF,2022-02-03,39.86000061035156,40.0,39.369998931884766,39.43000030517578,39.369998931884766,50677000,False
XLF,2022-02-04,39.5,40.439998626708984,39.47999954223633,40.099998474121094,39.47999954223633,77792400,False
XLF,2022-02-07,40.150001525878906,40.47999954223633,39.91999816894531,40.220001220703125,39.91999816894531,52710400,False
XLF,2022-02-08,40.5,40.880001068115234,40.400001525878906,40.779998779296875,40.400001525878906,56921200,False
XLF,2022-02-09,41.0,41.310001373291016,40.900001525878906,41.040000915527344,40.900001525878906,67505300,False
XLF,2022-02-10,40.849998474121094,41.38999938964844,40.5099983215332,40.68000030517578,40.5099983215332,67260800,False
XLF,2022-02-11,40.54999923706055,41.040000915527344,39.869998931884766,40.11000061035156,39.869998931884766,77962800,False
XLF,2022-02-14,40.09000015258789,40.22999954223633,39.33000183105469,39.65999984741211,39.33000183105469,71521600,False
XLF,2022-02-15,40.13999938964844,40.40999984741211,40.0,40.20000076293945,40.0,55439600,False
XLF,2022-02-16,40.0,40.40999984741211,39.95000076293945,40.22999954223633,39.95000076293945,41168800,False
XLF,2022-02-17,39.810001373291016,39.939998626708984,39.119998931884766,39.22999954223633,39.119998931884766,59107800,False
XLF,2022-02-18,39.189998626708984,39.54999923706055,39.02000045776367,39.220001220703125,39.02000045776367,47816500,False
XLF,2022-02-22,39.040000915527344,39.400001525878906,38.689998626708984,39.02000045776367,38.689998626708984,60719700,False
XLF,2022-02-23,39.310001373291016,39.43000030517578,38.2400016784668,38.34000015258789,38.2400016784668,64169800,False
XLF,2022-02-24,37.06999969482422,38.0,36.79999923706055,37.880001068115234,36.79999923706055,143075700,False
XLF,2022-02-25,38.130001068115234,39.20000076293945,38.119998931884766,39.099998474121094,38.119998931884766,99127100,False
XLF,2022-02-28,38.16999816894531,38.77000045776367,38.119998931884766,38.52000045776367,38.119998931884766,107370200,False
XLF,2022-03-01,38.150001525878906,38.2599983215332,36.849998474121094,37.099998474121094,36.849998474121094,129873100,False
XLF,2022-03-02,37.40999984741211,38.279998779296875,37.38999938964844,38.060001373291016,37.38999938964844,88182500,False
XLF,2022-03-03,38.22999954223633,38.43000030517578,37.619998931884766,37.939998626708984,37.619998931884766,71952600,False
XLF,2022-03-04,37.27000045776367,37.279998779296875,36.79999923706055,37.22999954223633,36.79999923706055,105904100,False
XLF,2022-03-07,36.88999938964844,36.93000030517578,35.849998474121094,35.869998931884766,35.849998474121094,116046200,False
XLF,2022-03-08,36.02000045776367,36.66999816894531,35.4900016784668,35.65999984741211,35.4900016784668,114915000,False
XLF,2022-03-09,36.849998474121094,37.279998779296875,36.70000076293945,36.970001220703125,36.70000076293945,88716400,False
XLF,2022-03-10,36.36000061035156,36.900001525878906,36.25,36.65999984741211,36.25,71547300,False
XLF,2022-03-11,36.97999954223633,37.209999084472656,36.380001068115234,36.400001525878906,36.380001068115234,76788200,False
XLF,2022-03-14,36.95000076293945,37.459999084472656,36.689998626708984,36.86000061035156,36.689998626708984,70969700,False
XLF,2022-03-15,37.22999954223633,37.439998626708984,36.90999984741211,37.380001068115234,36.90999984741211,51828700,False
XLF,2022-03-16,37.86000061035156,38.4900016784668,37.7400016784668,38.43000030517578,37.7400016784668,87007600,False
XLF,2022-03-17,38.209999084472656,38.91999816894531,37.959999084472656,38.90999984741211,37.959999084472656,58266400,False
XLF,2022-03-18,38.900001525878906,39.099998474121094,38.529998779296875,39.0,38.529998779296875,82342500,False
XLF,2022-03-21,39.02000045776367,39.13999938964844,38.61000061035156,38.810001373291016,38.61000061035156,46828600,False
XLF,2022-03-22,39.27000045776367,39.689998626708984,39.220001220703125,39.439998626708984,39.220001220703125,61053100,False
XLF,2022-03-23,39.189998626708984,39.279998779296875,38.689998626708984,38.709999084472656,38.689998626708984,42142600,False
XLF,2022-03-24,38.97999954223633,39.060001373291016,38.70000076293945,39.02000045776367,38.70000076293945,30421500,False
XLF,2022-03-25,39.150001525878906,39.599998474121094,39.09000015258789,39.52000045776367,39.09000015258789,48613100,False
XLF,2022-03-28,39.400001525878906,39.439998626708984,38.959999084472656,39.40999984741211,38.959999084472656,44761000,False
XLF,2022-03-29,39.88999938964844,40.0099983215332,39.27000045776367,39.5,39.27000045776367,67968600,False
XLF,2022-03-30,39.5,39.52000045776367,38.9900016784668,39.220001220703125,38.9900016784668,47405300,False
XLF,2022-03-31,39.16999816894531,39.33000183105469,38.310001373291016,38.31999969482422,38.310001373291016,66619600,False
XLF,2022-04-01,38.58000183105469,38.65999984741211,37.95000076293945,38.220001220703125,37.95000076293945,68422500,False
XLF,2022-04-04,38.130001068115234,38.36000061035156,37.779998779296875,38.04999923706055,37.779998779296875,134312400,False
XLF,2022-04-05,37.900001525878906,38.310001373291016,37.720001220703125,37.810001373291016,37.720001220703125,56165700,False
XLF,2022-04-06,37.5099983215332,37.709999084472656,37.40999984741211,37.54999923706055,37.40999984741211,55835100,False
XLF,2022-04-07,37.52000045776367,37.689998626708984,36.97999954223633,37.5099983215332,36.97999954223633,53346900,False
XLF,2022-04-08,37.65999984741211,38.060001373291016,37.560001373291016,37.88999938964844,37.560001373291016,44672300,False
XLF,2022-04-11,37.790000915527344,38.15999984741211,37.65999984741211,37.720001220703125,37.65999984741211,54435500,False
XLF,2022-04-12,37.689998626708984,38.040000915527344,37.150001525878906,37.310001373291016,37.150001525878906,67215400,False
XLF,2022-04-13,36.959999084472656,37.33000183105469,36.88999938964844,37.310001373291016,36.88999938964844,57445600,False
XLF,2022-04-14,37.22999954223633,37.4900016784668,36.880001068115234,36.88999938964844,36.880001068115234,68544200,False
XLF,2022-04-18,36.65999984741211,37.279998779296875,36.650001525878906,37.11000061035156,36.650001525878906,52748400,False
XLF,2022-04-19,37.209999084472656,37.68000030517578,37.20000076293945,37.619998931884766,37.20000076293945,41519100,False
XLF,2022-04-20,37.90999984741211,38.150001525878906,37.790000915527344,37.880001068115234,37.790000915527344,54635800,False
XLF,2022-04-21,38.13999938964844,38.31999969482422,37.209999084472656,37.279998779296875,37.209999084472656,54998100,False
XLF,2022-04-22,37.220001220703125,37.22999954223633,36.130001068115234,36.16999816894531,36.130001068115234,73170900,False
XLF,2022-04-25,35.869998931884766,36.310001373291016,35.33000183105469,36.22999954223633,35.33000183105469,91392800,False
XLF,2022-04-26,35.81999969482422,36.20000076293945,35.29999923706055,35.31999969482422,35.29999923706055,81457500,False
XLF,2022-04-27,35.27000045776367,35.650001525878906,35.15999984741211,35.290000915527344,35.15999984741211,81603000,False
XLF,2022-04-28,35.650001525878906,35.869998931884766,35.119998931884766,35.7400016784668,35.119998931884766,62680000,False
XLF,2022-04-29,35.560001373291016,35.689998626708984,34.43000030517578,34.5099983215332,34.43000030517578,74631700,False
XLF,2022-05-02,34.66999816894531,34.790000915527344,33.84000015258789,34.52000045776367,33.84000015258789,104408800,False
XLF,2022-05-03,34.7599983215332,35.31999969482422,34.63999938964844,34.970001220703125,34.63999938964844,73896300,False
XLF,2022-05-04,35.029998779296875,36.099998474121094,34.90999984741211,36.040000915527344,34.90999984741211,87794900,False
XLF,2022-05-05,35.619998931884766,35.689998626708984,34.560001373291016,34.9900016784668,34.560001373291016,101093900,False
XLF,2022-05-06,34.849998474121094,34.900001525878906,34.2400016784668,34.7400016784668,34.2400016784668,99281900,False
XLF,2022-05-09,34.27000045776367,34.47999954223633,33.75,33.90999984741211,33.75,85922800,False
XLF,2022-05-10,34.220001220703125,34.439998626708984,33.189998626708984,33.61000061035156,33.189998626708984,107581200,False
XLF,2022-05-11,33.650001525878906,34.33000183105469,33.25,33.29999923706055,33.25,110212200,False
XLF,2022-05-12,33.02000045776367,33.36000061035156,32.40999984741211,33.04999923706055,32.40999984741211,114304100,False
XLF,2022-05-13,33.45000076293945,33.810001373291016,33.22999954223633,33.529998779296875,33.22999954223633,64036200,False
XLF,2022-05-16,33.400001525878906,33.54999923706055,32.9900016784668,33.25,32.9900016784668,55662200,False
XLF,2022-05-17,33.900001525878906,34.2400016784668,33.709999084472656,34.13999938964844,33.709999084472656,62859300,False
XLF,2022-05-18,33.81999969482422,33.869998931884766,33.06999969482422,33.20000076293945,33.06999969482422,74279300,False
XLF,2022-05-19,32.75,33.220001220703125,32.70000076293945,32.97999954223633,32.70000076293945,71525400,False
XLF,2022-05-20,33.209999084472656,33.380001068115234,32.22999954223633,32.91999816894531,32.22999954223633,77984600,False
XLF,2022-05-23,33.54999923706055,34.2400016784668,33.380001068115234,33.9900016784668,33.380001068115234,78189300,False
XLF,2022-05-24,33.790000915527344,34.029998779296875,33.220001220703125,33.91999816894531,33.220001220703125,77871200,False
XLF,2022-05-25,33.84000015258789,34.400001525878906,33.7400016784668,34.189998626708984,33.7400016784668,72192600,False
XLF,2022-05-26,34.560001373291016,35.099998474121094,34.529998779296875,34.97999954223633,34.529998779296875,50803200,False
XLF,2022-05-27,35.130001068115234,35.63999938964844,35.06999969482422,35.56999969482422,35.06999969482422,43862500,False
XLF,2022-05-31,35.279998779296875,35.7400016784668,35.09000015258789,35.470001220703125,35.09000015258789,64778900,False
XLF,2022-06-01,35.380001068115234,35.470001220703125,34.56999969482422,34.900001525878906,34.56999969482422,48642400,False
XLF,2022-06-02,34.93000030517578,35.40999984741211,34.65999984741211,35.380001068115234,34.65999984741211,45334700,False
XLF,2022-06-03,35.04999923706055,35.20000076293945,34.83000183105469,34.869998931884766,34.83000183105469,36699400,False
XLF,2022-06-06,35.15999984741211,35.52000045776367,34.959999084472656,34.970001220703125,34.959999084472656,32829600,False
XLF,2022-06-07,34.72999954223633,35.27000045776367,34.70000076293945,35.2400016784668,34.70000076293945,32031400,False
XLF,2022-06-08,34.970001220703125,35.06999969482422,34.4900016784668,34.619998931884766,34.4900016784668,38251800,False
XLF,2022-06-09,34.58000183105469,34.599998474121094,33.72999954223633,33.75,33.72999954223633,49715100,False
XLF,2022-06-10,33.02000045776367,33.13999938964844,32.5,32.529998779296875,32.5,74190900,False
XLF,2022-06-13,31.709999084472656,32.099998474121094,31.3700008392334,31.559999465942383,31.3700008392334,104065100,False
XLF,2022-06-14,31.690000534057617,31.90999984741211,31.049999237060547,31.290000915527344,31.049999237060547,75592200,False
XLF,2022-06-15,31.6200008392334,32.09000015258789,31.100000381469727,31.639999389648438,31.100000381469727,87858800,False
XLF,2022-06-16,31.0,31.010000228881836,30.579999923706055,30.84000015258789,30.579999923706055,100838500,False
XLF,2022-06-17,30.90999984741211,31.280000686645508,30.6299991607666,30.93000030517578,30.6299991607666,116937700,False
XLF,2022-06-21,31.469999313354492,31.579999923706055,31.190000534057617,31.3799991607666,31.190000534057617,58065800,False
XLF,2022-06-22,31.020000457763672,31.600000381469727,30.979999542236328,31.309999465942383,30.979999542236328,48035800,False
XLF,2022-06-23,31.329999923706055,31.389999389648438,30.68000030517578,31.190000534057617,30.68000030517578,69348900,False
XLF,2022-06-24,31.31999969482422,32.369998931884766,31.270000457763672,32.34000015258789,31.270000457763672,65489300,False
XLF,2022-06-27,32.59000015258789,32.59000015258789,32.08000183105469,32.22999954223633,32.08000183105469,47244800,False
XLF,2022-06-28,32.560001373291016,32.869998931884766,31.889999389648438,31.90999984741211,31.889999389648438,42459900,False
XLF,2022-06-29,31.940000534057617,32.060001373291016,31.6200008392334,31.729999542236328,31.6200008392334,64507500,False
XLF,2022-06-30,31.229999542236328,31.729999542236328,30.850000381469727,31.450000762939453,30.850000381469727,75294300,False
XLF,2022-07-01,31.350000381469727,31.979999542236328,31.139999389648438,31.8799991607666,31.139999389648438,77308400,False
XLF,2022-07-05,31.3799991607666,31.790000915527344,31.020000457763672,31.770000457763672,31.020000457763672,51536800,False
XLF,2022-07-06,31.700000762939453,31.950000762939453,31.389999389648438,31.690000534057617,31.389999389648438,48001700,False
XLF,2022-07-07,31.959999084472656,32.2400016784668,31.93000030517578,32.150001525878906,31.93000030517578,33120100,False
XLF,2022-07-08,32.2400016784668,32.34000015258789,31.950000762939453,32.08000183105469,31.950000762939453,29062200,False
XLF,2022-07-11,31.899999618530273,32.060001373291016,31.729999542236328,31.81999969482422,31.729999542236328,30564300,False
XLF,2022-07-12,31.579999923706055,32.20000076293945,31.559999465942383,31.6200008392334,31.559999465942383,38211000,False
XLF,2022-07-13,31.280000686645508,31.549999237060547,30.950000762939453,31.34000015258789,30.950000762939453,51441600,False
XLF,2022-07-14,30.700000762939453,30.84000015258789,30.3700008392334,30.739999771118164,30.3700008392334,57782300,False
XLF,2022-07-15,31.18000030517578,31.959999084472656,31.100000381469727,31.780000686645508,31.100000381469727,59650200,False
XLF,2022-07-18,32.22999954223633,32.45000076293945,31.520000457763672,31.65999984741211,31.520000457763672,38671600,False
XLF,2022-07-19,32.08000183105469,32.709999084472656,31.989999771118164,32.61000061035156,31.989999771118164,40568000,False
XLF,2022-07-20,32.540000915527344,32.790000915527344,32.439998626708984,32.72999954223633,32.439998626708984,38507700,False
XLF,2022-07-21,32.63999938964844,32.939998626708984,32.38999938964844,32.939998626708984,32.38999938964844,40561800,False
XLF,2022-07-22,32.9900016784668,33.15999984741211,32.5,32.75,32.5,25741200,False
XLF,2022-07-25,32.95000076293945,33.11000061035156,32.720001220703125,32.959999084472656,32.720001220703125,24699300,False
XLF,2022-07-26,32.79999923706055,32.9900016784668,32.41999816894531,32.5,32.41999816894531,26357800,False
XLF,2022-07-27,32.630001068115234,33.15999984741211,32.52000045776367,33.0,32.52000045776367,44817200,False
XLF,2022-07-28,33.029998779296875,33.25,32.5,33.2400016784668,32.5,40974600,False
XLF,2022-07-29,33.31999969482422,33.81999969482422,33.290000915527344,33.709999084472656,33.290000915527344,38724000,False
XLF,2022-08-01,33.38999938964844,33.619998931884766,33.20000076293945,33.43000030517578,33.20000076293945,35131300,False
XLF,2022-08-02,33.27000045776367,33.4900016784668,33.02000045776367,33.060001373291016,33.02000045776367,36806900,False
XLF,2022-08-03,33.310001373291016,33.63999938964844,33.119998931884766,33.560001373291016,33.119998931884766,27314900,False
XLF,2022-08-04,33.529998779296875,33.619998931884766,33.38999938964844,33.45000076293945,33.38999938964844,24505800,False
XLF,2022-08-05,33.36000061035156,33.849998474121094,33.2400016784668,33.689998626708984,33.2400016784668,34366100,False
XLF,2022-08-08,33.939998626708984,34.04999923706055,33.63999938964844,33.66999816894531,33.63999938964844,24369100,False
XLF,2022-08-09,33.72999954223633,33.93000030517578,33.66999816894531,33.84000015258789,33.66999816894531,26425400,False
XLF,2022-08-10,34.43000030517578,34.72999954223633,34.36000061035156,34.599998474121094,34.36000061035156,45366000,False
XLF,2022-08-11,34.91999816894531,35.22999954223633,34.880001068115234,35.0099983215332,34.880001068115234,46985200,False
XLF,2022-08-12,35.18000030517578,35.56999969482422,35.0,35.560001373291016,35.0,36370300,False
XLF,2022-08-15,35.20000076293945,35.650001525878906,35.130001068115234,35.54999923706055,35.130001068115234,25366000,False
XLF,2022-08-16,35.38999938964844,35.970001220703125,35.38999938964844,35.810001373291016,35.38999938964844,41300800,False
XLF,2022-08-17,35.400001525878906,35.790000915527344,35.380001068115234,35.630001068115234,35.380001068115234,33158000,False
XLF,2022-08-18,35.599998474121094,35.720001220703125,35.43000030517578,35.66999816894531,35.43000030517578,15966200,False
XLF,2022-08-19,35.459999084472656,35.459999084472656,34.84000015258789,34.959999084472656,34.84000015258789,33587400,False
XLF,2022-08-22,34.45000076293945,34.459999084472656,34.099998474121094,34.189998626708984,34.099998474121094,36810100,False
XLF,2022-08-23,34.150001525878906,34.400001525878906,34.04999923706055,34.04999923706055,34.04999923706055,23244000,False
XLF,2022-08-24,33.9900016784668,34.34000015258789,33.91999816894531,34.22999954223633,33.91999816894531,20682200,False
XLF,2022-08-25,34.29999923706055,34.790000915527344,34.209999084472656,34.7599983215332,34.209999084472656,26402600,False
XLF,2022-08-26,34.90999984741211,34.91999816894531,33.689998626708984,33.720001220703125,33.689998626708984,38230600,False
XLF,2022-08-29,33.470001220703125,33.720001220703125,33.279998779296875,33.47999954223633,33.279998779296875,34872100,False
XLF,2022-08-30,33.59000015258789,33.70000076293945,33.099998474121094,33.29999923706055,33.099998474121094,41870700,False
XLF,2022-08-31,33.470001220703125,33.59000015258789,33.0,33.04999923706055,33.0,39768200,False
XLF,2022-09-01,32.90999984741211,33.20000076293945,32.5099983215332,33.150001525878906,32.5099983215332,40604600,False
XLF,2022-09-02,33.529998779296875,33.810001373291016,32.72999954223633,32.88999938964844,32.72999954223633,43208800,False
XLF,2022-09-06,33.060001373291016,33.13999938964844,32.47999954223633,32.810001373291016,32.47999954223633,45877100,False
XLF,2022-09-07,32.709999084472656,33.52000045776367,32.65999984741211,33.459999084472656,32.65999984741211,35023000,False
XLF,2022-09-08,33.290000915527344,34.06999969482422,33.150001525878906,34.04999923706055,33.150001525878906,50760900,False
XLF,2022-09-09,34.20000076293945,34.45000076293945,34.189998626708984,34.36000061035156,34.189998626708984,41327100,False
XLF,2022-09-12,34.5,34.81999969482422,34.41999816894531,34.63999938964844,34.41999816894531,41969600,False
XLF,2022-09-13,33.959999084472656,34.08000183105469,33.2400016784668,33.349998474121094,33.2400016784668,60771600,False
XLF,2022-09-14,33.41999816894531,33.58000183105469,32.95000076293945,33.25,32.95000076293945,39233200,False
XLF,2022-09-15,33.290000915527344,33.790000915527344,33.20000076293945,33.36000061035156,33.20000076293945,47653000,False
XLF,2022-09-16,33.029998779296875,33.119998931884766,32.709999084472656,33.060001373291016,32.709999084472656,53893300,False
XLF,2022-09-19,32.5,33.279998779296875,32.5,33.2599983215332,32.5,36491400,False
XLF,2022-09-20,32.9900016784668,33.060001373291016,32.470001220703125,32.77000045776367,32.470001220703125,42193600,False
XLF,2022-09-21,32.97999954223633,33.099998474121094,32.06999969482422,32.09000015258789,32.06999969482422,49644600,False
XLF,2022-09-22,32.15999984741211,32.209999084472656,31.489999771118164,31.549999237060547,31.489999771118164,52299500,False
XLF,2022-09-23,31.239999771118164,31.309999465942383,30.600000381469727,31.049999237060547,30.600000381469727,56801000,False
XLF,2022-09-26,30.81999969482422,31.110000610351562,30.34000015258789,30.559999465942383,30.34000015258789,49969700,False
XLF,2022-09-27,30.799999237060547,30.959999084472656,30.1200008392334,30.43000030517578,30.1200008392334,60630400,False
XLF,2022-09-28,30.520000457763672,31.209999084472656,30.440000534057617,31.030000686645508,30.440000534057617,46088700,False
XLF,2022-09-29,30.700000762939453,30.81999969482422,30.260000228881836,30.639999389648438,30.260000228881836,41860000,False
XLF,2022-09-30,30.65999984741211,31.040000915527344,30.280000686645508,30.360000610351562,30.280000686645508,37984300,False
XLF,2022-10-03,30.65999984741211,31.34000015258789,30.299999237060547,31.18000030517578,30.299999237060547,47086100,False
XLF,2022-10-04,31.65999984741211,32.369998931884766,31.6200008392334,32.34000015258789,31.6200008392334,53441800,False
XLF,2022-10-05,31.84000015258789,32.27000045776367,31.729999542236328,32.09000015258789,31.729999542236328,41766800,False
XLF,2022-10-06,31.90999984741211,32.130001068115234,31.56999969482422,31.639999389648438,31.56999969482422,34717900,False
XLF,2022-10-07,31.360000610351562,31.459999084472656,30.719999313354492,30.889999389648438,30.719999313354492,36380700,False
XLF,2022-10-10,31.059999465942383,31.190000534057617,30.56999969482422,30.75,30.56999969482422,31011700,False
XLF,2022-10-11,30.549999237060547,30.8700008392334,30.229999542236328,30.360000610351562,30.229999542236328,50431900,False
XLF,2022-10-12,30.3700008392334,30.690000534057617,30.18000030517578,30.290000915527344,30.18000030517578,48265700,False
XLF,2022-10-13,29.68000030517578,31.6200008392334,29.59000015258789,31.540000915527344,29.714767456054688,83086100,False
XLF,2022-10-14,31.81999969482422,32.189998626708984,30.940000534057617,31.010000228881836,30.940000534057617,60886900,False
XLF,2022-10-17,31.670000076293945,32.0,31.579999923706055,31.790000915527344,31.579999923706055,47222200,False
XLF,2022-10-18,32.619998931884766,32.65999984741211,31.93000030517578,32.29999923706055,31.93000030517578,48150700,False
XLF,2022-10-19,32.02000045776367,32.290000915527344,31.59000015258789,31.770000457763672,31.59000015258789,35205700,False
XLF,2022-10-20,31.729999542236328,32.04999923706055,31.170000076293945,31.260000228881836,31.170000076293945,43124400,False
XLF,2022-10-21,31.350000381469727,32.220001220703125,31.1200008392334,32.189998626708984,31.1200008392334,54487300,False
XLF,2022-10-24,32.380001068115234,32.77000045776367,32.279998779296875,32.619998931884766,32.279998779296875,40117200,False
XLF,2022-10-25,32.45000076293945,33.06999969482422,32.38999938964844,33.0099983215332,32.38999938964844,33950300,False
XLF,2022-10-26,33.11000061035156,33.459999084472656,33.02000045776367,33.09000015258789,33.02000045776367,38012100,False
XLF,2022-10-27,33.400001525878906,33.72999954223633,33.29999923706055,33.36000061035156,33.29999923706055,41232200,False
XLF,2022-10-28,33.45000076293945,34.22999954223633,33.38999938964844,34.189998626708984,33.38999938964844,36421300,False
XLF,2022-10-31,33.970001220703125,34.209999084472656,33.93000030517578,33.97999954223633,33.93000030517578,40083800,False
XLF,2022-11-01,34.2599983215332,34.349998474121094,33.91999816894531,34.06999969482422,33.91999816894531,38946100,False
XLF,2022-11-02,34.0,34.599998474121094,33.61000061035156,33.63999938964844,33.61000061035156,58039800,False
XLF,2022-11-03,33.220001220703125,33.560001373291016,33.08000183105469,33.29999923706055,33.08000183105469,40828100,False
XLF,2022-11-04,33.779998779296875,34.09000015258789,33.43000030517578,33.90999984741211,33.43000030517578,41825600,False
XLF,2022-11-07,34.15999984741211,34.27000045776367,33.939998626708984,34.25,33.939998626708984,30060300,False
XLF,2022-11-08,34.2599983215332,34.619998931884766,34.09000015258789,34.45000076293945,34.09000015258789,34839600,False
XLF,2022-11-09,34.220001220703125,34.349998474121094,33.79999923706055,33.869998931884766,33.79999923706055,42126200,False
XLF,2022-11-10,34.900001525878906,35.630001068115234,34.810001373291016,35.58000183105469,34.810001373291016,67677700,True
XLF,2022-11-11,35.7599983215332,36.029998779296875,35.630001068115234,35.869998931884766,35.630001068115234,46076100,False
XLF,2022-11-14,35.77000045776367,35.79999923706055,35.33000183105469,35.36000061035156,35.33000183105469,38002700,False
XLF,2022-11-15,35.7400016784668,35.880001068115234,35.08000183105469,35.439998626708984,35.08000183105469,57802100,False
XLF,2022-11-16,35.41999816894531,35.5099983215332,35.150001525878906,35.27000045776367,35.150001525878906,32852400,False
XLF,2022-11-17,34.86000061035156,35.099998474121094,34.7599983215332,35.08000183105469,34.7599983215332,35706900,False
XLF,2022-11-18,35.54999923706055,35.599998474121094,35.08000183105469,35.369998931884766,35.08000183105469,39455400,False
XLF,2022-11-21,35.31999969482422,35.54999923706055,35.279998779296875,35.47999954223633,35.279998779296875,24630900,False
XLF,2022-11-22,35.66999816894531,35.880001068115234,35.66999816894531,35.84000015258789,35.66999816894531,29582300,False
XLF,2022-11-23,35.779998779296875,36.08000183105469,35.779998779296875,35.9900016784668,35.779998779296875,27916900,False
XLF,2022-11-25,36.029998779296875,36.15999984741211,35.959999084472656,36.11000061035156,35.959999084472656,11266500,False
XLF,2022-11-28,35.90999984741211,36.060001373291016,35.43000030517578,35.4900016784668,35.43000030517578,34196600,False
XLF,2022-11-29,35.45000076293945,35.779998779296875,35.40999984741211,35.70000076293945,35.40999984741211,31489600,False
XLF,2022-11-30,35.650001525878906,36.31999969482422,35.13999938964844,36.310001373291016,35.13999938964844,58607000,False
XLF,2022-12-01,36.4900016784668,36.4900016784668,35.81999969482422,36.099998474121094,35.81999969482422,58157600,False
XLF,2022-12-02,35.720001220703125,35.959999084472656,35.61000061035156,35.93000030517578,35.61000061035156,40483300,False
XLF,2022-12-05,35.65999984741211,35.720001220703125,34.849998474121094,35.040000915527344,34.849998474121094,53402000,False
XLF,2022-12-06,35.0,35.20000076293945,34.45000076293945,34.72999954223633,34.45000076293945,45102200,False
XLF,2022-12-07,34.59000015258789,34.97999954223633,34.5099983215332,34.59000015258789,34.5099983215332,37775900,False
XLF,2022-12-08,34.689998626708984,34.86000061035156,34.5,34.619998931884766,34.5,46600900,False
XLF,2022-12-09,34.4900016784668,34.779998779296875,34.47999954223633,34.529998779296875,34.47999954223633,40885600,False
XLF,2022-12-12,34.54999923706055,35.029998779296875,34.38999938964844,34.9900016784668,34.38999938964844,72570900,False
XLF,2022-12-13,35.900001525878906,35.900001525878906,34.849998474121094,35.08000183105469,34.849998474121094,55659000,False
XLF,2022-12-14,34.9900016784668,35.33000183105469,34.4900016784668,34.63999938964844,34.4900016784668,54685100,False
XLF,2022-12-15,34.099998474121094,34.2400016784668,33.7400016784668,33.959999084472656,33.7400016784668,70330100,False
XLF,2022-12-16,33.599998474121094,33.79999923706055,33.38999938964844,33.70000076293945,33.38999938964844,59619300,False
XLF,2022-12-19,33.400001525878906,33.7400016784668,33.189998626708984,33.400001525878906,33.189998626708984,37456800,False
XLF,2022-12-20,33.529998779296875,33.77000045776367,33.40999984741211,33.540000915527344,33.40999984741211,45446400,False
XLF,2022-12-21,33.86000061035156,34.15999984741211,33.84000015258789,34.060001373291016,33.84000015258789,31318100,False
XLF,2022-12-22,33.84000015258789,33.869998931884766,33.209999084472656,33.7599983215332,33.209999084472656,25605100,False
XLF,2022-12-23,33.7400016784668,34.0,33.56999969482422,33.95000076293945,33.56999969482422,17116200,False
XLF,2022-12-27,34.02000045776367,34.099998474121094,33.79999923706055,33.939998626708984,33.79999923706055,25601100,False
XLF,2022-12-28,34.0,34.09000015258789,33.779998779296875,33.81999969482422,33.779998779296875,24395100,False
XLF,2022-12-29,34.0,34.349998474121094,33.91999816894531,34.290000915527344,33.91999816894531,26624200,False
XLF,2022-12-30,34.040000915527344,34.27000045776367,33.91999816894531,34.20000076293945,33.91999816894531,24735700,False
XLF,2023-01-03,34.45000076293945,34.689998626708984,34.06999969482422,34.31999969482422,34.06999969482422,37396500,False
XLF,2023-01-04,34.66999816894531,35.119998931884766,34.56999969482422,34.869998931884766,34.56999969482422,44669300,False
XLF,2023-01-05,34.75,34.75,34.369998931884766,34.61000061035156,34.369998931884766,45585700,False
XLF,2023-01-06,34.84000015258789,35.4900016784668,34.599998474121094,35.380001068115234,34.599998474121094,41229700,False
XLF,2023-01-09,35.5,35.70000076293945,35.15999984741211,35.25,35.15999984741211,48726600,False
XLF,2023-01-10,35.189998626708984,35.47999954223633,35.06999969482422,35.45000076293945,35.06999969482422,34663700,False
XLF,2023-01-11,35.540000915527344,35.779998779296875,35.470001220703125,35.779998779296875,35.470001220703125,32014700,False
XLF,2023-01-12,35.900001525878906,36.060001373291016,35.619998931884766,35.849998474121094,35.619998931884766,56642400,False
XLF,2023-01-13,35.38999938964844,36.16999816894531,35.2599983215332,36.119998931884766,35.2599983215332,65920900,False
XLF,2023-01-17,36.029998779296875,36.04999923706055,35.77000045776367,35.880001068115234,35.77000045776367,65345200,False
XLF,2023-01-18,35.68000030517578,35.900001525878906,35.18000030517578,35.209999084472656,35.18000030517578,53693000,False
XLF,2023-01-19,34.779998779296875,34.97999954223633,34.560001373291016,34.79999923706055,34.560001373291016,61169500,False
XLF,2023-01-20,34.900001525878906,35.369998931884766,34.7400016784668,35.349998474121094,34.7400016784668,42330100,False
XLF,2023-01-23,35.380001068115234,35.90999984741211,35.27000045776367,35.7599983215332,35.27000045776367,44997300,False
XLF,2023-01-24,35.70000076293945,35.939998626708984,35.29999923706055,35.779998779296875,35.29999923706055,34333500,False
XLF,2023-01-25,35.470001220703125,36.06999969482422,35.459999084472656,36.060001373291016,35.459999084472656,38458700,False
XLF,2023-01-26,36.150001525878906,36.310001373291016,35.90999984741211,36.25,35.90999984741211,29944200,False
XLF,2023-01-27,36.20000076293945,36.459999084472656,36.150001525878906,36.25,36.150001525878906,30787400,False
XLF,2023-01-30,36.060001373291016,36.33000183105469,36.0099983215332,36.06999969482422,36.0099983215332,31595000,False
XLF,2023-01-31,36.13999938964844,36.56999969482422,35.970001220703125,36.560001373291016,35.970001220703125,30282100,False
XLF,2023-02-01,36.18000030517578,36.880001068115234,36.099998474121094,36.560001373291016,36.099998474121094,51418700,False
XLF,2023-02-02,36.7599983215332,36.810001373291016,36.369998931884766,36.65999984741211,36.369998931884766,42107300,False
XLF,2023-02-03,36.369998931884766,36.900001525878906,36.36000061035156,36.59000015258789,36.36000061035156,43155000,False
XLF,2023-02-06,36.380001068115234,36.59000015258789,36.29999923706055,36.58000183105469,36.29999923706055,32273600,False
XLF,2023-02-07,36.349998474121094,37.11000061035156,36.349998474121094,37.0,36.349998474121094,33000500,False
XLF,2023-02-08,36.72999954223633,37.099998474121094,36.68000030517578,36.779998779296875,36.68000030517578,34555500,False
XLF,2023-02-09,36.93000030517578,37.040000915527344,36.290000915527344,36.369998931884766,36.290000915527344,44329600,False
XLF,2023-02-10,36.189998626708984,36.52000045776367,36.06999969482422,36.4900016784668,36.06999969482422,28108900,False
XLF,2023-02-13,36.470001220703125,36.90999984741211,36.439998626708984,36.90999984741211,36.439998626708984,32209000,False
XLF,2023-02-14,36.84000015258789,37.08000183105469,36.47999954223633,36.709999084472656,36.47999954223633,33525300,False
XLF,2023-02-15,36.41999816894531,36.77000045776367,36.369998931884766,36.75,36.369998931884766,28510000,False
XLF,2023-02-16,36.400001525878906,36.65999984741211,36.310001373291016,36.380001068115234,36.310001373291016,34379100,False
XLF,2023-02-17,36.20000076293945,36.439998626708984,36.09000015258789,36.38999938964844,36.09000015258789,35889800,False
XLF,2023-02-21,36.08000183105469,36.130001068115234,35.47999954223633,35.63999938964844,35.47999954223633,36425200,False
XLF,2023-02-22,35.63999938964844,35.779998779296875,35.40999984741211,35.599998474121094,35.40999984741211,31065200,False
XLF,2023-02-23,35.75,35.91999816894531,35.29999923706055,35.630001068115234,35.29999923706055,42357600,False
XLF,2023-02-24,35.31999969482422,35.77000045776367,35.2599983215332,35.65999984741211,35.2599983215332,48732600,False
XLF,2023-02-27,35.9900016784668,36.04999923706055,35.58000183105469,35.650001525878906,35.58000183105469,31664600,False
XLF,2023-02-28,35.70000076293945,35.900001525878906,35.61000061035156,35.720001220703125,35.61000061035156,32531400,False
XLF,2023-03-01,35.560001373291016,35.7599983215332,35.459999084472656,35.599998474121094,35.459999084472656,32790300,False
XLF,2023-03-02,35.38999938964844,35.470001220703125,35.0099983215332,35.43000030517578,35.0099983215332,38401900,False
XLF,2023-03-03,35.56999969482422,36.0,35.5,35.9900016784668,35.5,33091600,False
XLF,2023-03-06,36.0099983215332,36.2400016784668,35.90999984741211,36.02000045776367,35.90999984741211,30111100,False
XLF,2023-03-07,35.88999938964844,35.91999816894531,35.0,35.09000015258789,35.0,53804400,False
XLF,2023-03-08,35.04999923706055,35.2400016784668,34.779998779296875,34.959999084472656,34.779998779296875,50860300,False
XLF,2023-03-09,34.7599983215332,34.81999969482422,33.369998931884766,33.540000915527344,33.369998931884766,107108500,True
XLF,2023-03-10,33.150001525878906,33.720001220703125,32.529998779296875,32.93000030517578,32.529998779296875,166569400,False
XLF,2023-03-13,31.760000228881836,32.31999969482422,31.3700008392334,31.6299991607666,31.3700008392334,165965900,True
XLF,2023-03-14,32.84000015258789,32.849998474121094,31.8700008392334,32.27000045776367,31.8700008392334,128115500,False
XLF,2023-03-15,31.360000610351562,31.540000915527344,30.959999084472656,31.40999984741211,30.959999084472656,132235000,False
XLF,2023-03-16,31.200000762939453,32.34000015258789,30.899999618530273,32.0099983215332,30.899999618530273,133892600,False
XLF,2023-03-17,31.709999084472656,31.709999084472656,30.899999618530273,30.979999542236328,30.899999618530273,136760600,False
XLF,2023-03-20,31.06999969482422,31.440000534057617,31.020000457763672,31.170000076293945,31.020000457763672,75384500,False
XLF,2023-03-21,31.8799991607666,32.040000915527344,31.809999465942383,31.959999084472656,31.809999465942383,115899200,False
XLF,2023-03-22,31.959999084472656,32.04999923706055,31.200000762939453,31.219999313354492,31.200000762939453,67874100,False
XLF,2023-03-23,31.280000686645508,31.600000381469727,30.790000915527344,31.010000228881836,30.790000915527344,82366300,False
XLF,2023-03-24,30.6299991607666,31.020000457763672,30.389999389648438,30.989999771118164,30.389999389648438,76619100,False
XLF,2023-03-27,31.520000457763672,31.59000015258789,31.239999771118164,31.420000076293945,31.239999771118164,61393300,False
XLF,2023-03-28,31.3799991607666,31.520000457763672,31.219999313354492,31.40999984741211,31.219999313354492,42980100,False
XLF,2023-03-29,31.75,31.8799991607666,31.610000610351562,31.8700008392334,31.610000610351562,52147200,False
XLF,2023-03-30,32.099998474121094,32.119998931884766,31.6200008392334,31.799999237060547,31.6200008392334,45061700,False
XLF,2023-03-31,31.979999542236328,32.15999984741211,31.860000610351562,32.150001525878906,31.860000610351562,49034400,False
XLF,2023-04-03,32.119998931884766,32.34000015258789,32.02000045776367,32.209999084472656,32.02000045776367,51213500,False
XLF,2023-04-04,32.290000915527344,32.34000015258789,31.700000762939453,31.90999984741211,31.700000762939453,45939300,False
XLF,2023-04-05,31.670000076293945,31.959999084472656,31.65999984741211,31.8700008392334,31.65999984741211,57965300,False
XLF,2023-04-06,31.809999465942383,32.04999923706055,31.780000686645508,31.989999771118164,31.780000686645508,36762300,False
XLF,2023-04-10,31.8700008392334,32.06999969482422,31.799999237060547,32.060001373291016,31.799999237060547,27900700,False
XLF,2023-04-11,32.13999938964844,32.47999954223633,32.119998931884766,32.34000015258789,32.119998931884766,53912600,False
XLF,2023-04-12,32.5,32.66999816894531,32.189998626708984,32.27000045776367,32.189998626708984,63645800,False
XLF,2023-04-13,32.290000915527344,32.58000183105469,32.06999969482422,32.560001373291016,32.06999969482422,58550300,False
XLF,2023-04-14,32.900001525878906,33.150001525878906,32.720001220703125,32.880001068115234,32.720001220703125,65276200,False
XLF,2023-04-17,32.86000061035156,33.27000045776367,32.720001220703125,33.2599983215332,32.720001220703125,69670600,False
XLF,2023-04-18,33.33000183105469,33.43000030517578,33.08000183105469,33.36000061035156,33.08000183105469,49507500,False
XLF,2023-04-19,33.310001373291016,33.529998779296875,33.25,33.439998626708984,33.25,39478900,False
XLF,2023-04-20,33.220001220703125,33.43000030517578,33.209999084472656,33.34000015258789,33.209999084472656,39291800,False
XLF,2023-04-21,33.2400016784668,33.2599983215332,33.029998779296875,33.220001220703125,33.029998779296875,41545000,False
XLF,2023-04-24,33.20000076293945,33.31999969482422,33.060001373291016,33.13999938964844,33.060001373291016,32774200,False
XLF,2023-04-25,32.93000030517578,32.9900016784668,32.560001373291016,32.56999969482422,32.560001373291016,58534300,False
XLF,2023-04-26,32.47999954223633,32.65999984741211,32.119998931884766,32.2599983215332,32.119998931884766,54294200,False
XLF,2023-04-27,32.380001068115234,32.84000015258789,32.380001068115234,32.779998779296875,32.380001068115234,46398800,False
XLF,2023-04-28,32.619998931884766,33.20000076293945,32.54999923706055,33.16999816894531,32.54999923706055,54598700,False
XLF,2023-05-01,33.2599983215332,33.43000030517578,33.040000915527344,33.08000183105469,33.040000915527344,31950600,False
XLF,2023-05-02,32.95000076293945,32.959999084472656,32.029998779296875,32.33000183105469,32.029998779296875,76096700,False
XLF,2023-05-03,32.369998931884766,32.529998779296875,31.93000030517578,31.959999084472656,31.93000030517578,65642400,False
XLF,2023-05-04,31.68000030517578,31.850000381469727,31.260000228881836,31.549999237060547,31.260000228881836,76076600,False
XLF,2023-05-05,32.06999969482422,32.380001068115234,32.02000045776367,32.33000183105469,32.02000045776367,55019400,False
XLF,2023-05-08,32.5099983215332,32.619998931884766,32.34000015258789,32.380001068115234,32.34000015258789,34323600,False
XLF,2023-05-09,32.13999938964844,32.38999938964844,32.06999969482422,32.2599983215332,32.06999969482422,29736200,False
XLF,2023-05-10,32.470001220703125,32.540000915527344,31.799999237060547,32.08000183105469,31.799999237060547,39706100,False
XLF,2023-05-11,31.8799991607666,32.08000183105469,31.739999771118164,32.029998779296875,31.739999771118164,36693200,False
XLF,2023-05-12,32.2400016784668,32.2400016784668,31.690000534057617,31.899999618530273,31.690000534057617,36253000,False
XLF,2023-05-15,31.959999084472656,32.220001220703125,31.899999618530273,32.15999984741211,31.899999618530273,33208500,False
XLF,2023-05-16,32.099998474121094,32.189998626708984,31.84000015258789,31.860000610351562,31.84000015258789,31241400,False
XLF,2023-05-17,32.11000061035156,32.59000015258789,32.040000915527344,32.5,32.040000915527344,46818800,False
XLF,2023-05-18,32.439998626708984,32.779998779296875,32.31999969482422,32.7400016784668,32.31999969482422,42232500,False
XLF,2023-05-19,32.81999969482422,32.91999816894531,32.45000076293945,32.599998474121094,32.45000076293945,40132900,False
XLF,2023-05-22,32.709999084472656,32.779998779296875,32.459999084472656,32.65999984741211,32.459999084472656,35286200,False
XLF,2023-05-23,32.52000045776367,32.689998626708984,32.2599983215332,32.279998779296875,32.2599983215332,42217200,False
XLF,2023-05-24,32.040000915527344,32.06999969482422,31.790000915527344,31.860000610351562,31.790000915527344,46610700,False
XLF,2023-05-25,31.780000686645508,31.959999084472656,31.65999984741211,31.850000381469727,31.65999984741211,41658900,False
XLF,2023-05-26,31.920000076293945,32.189998626708984,31.8700008392334,32.11000061035156,31.8700008392334,44183000,False
XLF,2023-05-30,32.15999984741211,32.22999954223633,31.889999389648438,32.099998474121094,31.889999389648438,57900500,False
XLF,2023-05-31,31.90999984741211,31.940000534057617,31.489999771118164,31.760000228881836,31.489999771118164,67667900,False
XLF,2023-06-01,31.940000534057617,32.16999816894531,31.719999313354492,32.099998474121094,31.719999313354492,48643400,False
XLF,2023-06-02,32.40999984741211,32.91999816894531,32.40999984741211,32.79999923706055,32.40999984741211,65752900,False
XLF,2023-06-05,32.84000015258789,32.84000015258789,32.47999954223633,32.630001068115234,32.47999954223633,53591100,False
XLF,2023-06-06,32.599998474121094,33.09000015258789,32.58000183105469,33.040000915527344,32.58000183105469,46236100,False
XLF,2023-06-07,33.06999969482422,33.2400016784668,32.869998931884766,33.16999816894531,32.869998931884766,48467100,False
XLF,2023-06-08,33.060001373291016,33.189998626708984,32.880001068115234,33.13999938964844,32.880001068115234,36261200,False
XLF,2023-06-09,33.08000183105469,33.290000915527344,33.060001373291016,33.150001525878906,33.060001373291016,34021700,False
XLF,2023-06-12,33.18000030517578,33.27000045776367,32.88999938964844,33.13999938964844,32.88999938964844,33655200,False
XLF,2023-06-13,33.11000061035156,33.47999954223633,33.06999969482422,33.34000015258789,33.06999969482422,46054400,False
XLF,2023-06-14,33.41999816894531,33.59000015258789,33.099998474121094,33.209999084472656,33.099998474121094,57195400,False
XLF,2023-06-15,33.099998474121094,33.72999954223633,33.06999969482422,33.650001525878906,33.06999969482422,52241800,False
XLF,2023-06-16,33.79999923706055,33.83000183105469,33.540000915527344,33.58000183105469,33.540000915527344,49861100,False
XLF,2023-06-20,33.209999084472656,33.27000045776367,32.97999954223633,33.18000030517578,32.97999954223633,50683100,False
XLF,2023-06-21,33.099998474121094,33.29999923706055,33.0,33.13999938964844,33.0,35967600,False
XLF,2023-06-22,33.08000183105469,33.09000015258789,32.77000045776367,32.880001068115234,32.77000045776367,38690000,False
XLF,2023-06-23,32.630001068115234,32.849998474121094,32.52000045776367,32.7400016784668,32.52000045776367,35529600,False
XLF,2023-06-26,32.689998626708984,32.939998626708984,32.58000183105469,32.66999816894531,32.58000183105469,25728300,False
XLF,2023-06-27,32.72999954223633,33.0,32.709999084472656,32.93000030517578,32.709999084472656,34348100,False
XLF,2023-06-28,32.88999938964844,32.900001525878906,32.70000076293945,32.849998474121094,32.70000076293945,36663200,False
XLF,2023-06-29,33.02000045776367,33.41999816894531,32.97999954223633,33.41999816894531,32.97999954223633,47471000,False
XLF,2023-06-30,33.63999938964844,33.849998474121094,33.58000183105469,33.709999084472656,33.58000183105469,44762300,False
XLF,2023-07-03,33.709999084472656,34.0,33.65999984741211,33.900001525878906,33.65999984741211,19128000,False
XLF,2023-07-05,33.70000076293945,33.91999816894531,33.599998474121094,33.83000183105469,33.599998474121094,39831600,False
XLF,2023-07-06,33.54999923706055,33.58000183105469,33.25,33.540000915527344,33.25,45808400,False
XLF,2023-07-07,33.400001525878906,33.869998931884766,33.400001525878906,33.59000015258789,33.400001525878906,33488700,False
XLF,2023-07-10,33.599998474121094,33.93000030517578,33.56999969482422,33.7400016784668,33.56999969482422,27254400,False
XLF,2023-07-11,33.86000061035156,34.18000030517578,33.790000915527344,34.13999938964844,33.790000915527344,33744600,False
XLF,2023-07-12,34.41999816894531,34.599998474121094,34.27000045776367,34.36000061035156,34.27000045776367,46546000,False
XLF,2023-07-13,34.40999984741211,34.529998779296875,34.349998474121094,34.47999954223633,34.349998474121094,40453700,False
XLF,2023-07-14,34.72999954223633,34.7400016784668,34.20000076293945,34.25,34.20000076293945,47552700,False
XLF,2023-07-17,34.209999084472656,34.68000030517578,34.209999084472656,34.58000183105469,34.209999084472656,38568900,False
XLF,2023-07-18,34.65999984741211,35.0,34.61000061035156,34.970001220703125,34.61000061035156,47160800,False
XLF,2023-07-19,34.970001220703125,35.2599983215332,34.959999084472656,35.119998931884766,34.959999084472656,45599800,False
XLF,2023-07-20,35.060001373291016,35.38999938964844,35.04999923706055,35.380001068115234,35.04999923706055,45591500,False
XLF,2023-07-21,35.439998626708984,35.459999084472656,35.16999816894531,35.2599983215332,35.16999816894531,30615700,False
XLF,2023-07-24,35.279998779296875,35.709999084472656,35.27000045776367,35.599998474121094,35.27000045776367,32299800,False
XLF,2023-07-25,35.5,35.58000183105469,35.34000015258789,35.369998931884766,35.34000015258789,36218600,False
XLF,2023-07-26,35.33000183105469,35.689998626708984,35.279998779296875,35.58000183105469,35.279998779296875,35638700,False
XLF,2023-07-27,35.58000183105469,35.66999816894531,35.08000183105469,35.130001068115234,35.08000183105469,44072800,False
XLF,2023-07-28,35.40999984741211,35.41999816894531,35.0099983215332,35.20000076293945,35.0099983215332,32422700,False
XLF,2023-07-31,35.27000045776367,35.439998626708984,35.18000030517578,35.33000183105469,35.18000030517578,28627000,False
XLF,2023-08-01,35.2599983215332,35.36000061035156,35.13999938964844,35.33000183105469,35.13999938964844,26480300,False
XLF,2023-08-02,35.029998779296875,35.15999984741211,34.83000183105469,35.029998779296875,34.83000183105469,48923800,False
XLF,2023-08-03,34.81999969482422,35.130001068115234,34.720001220703125,35.04999923706055,34.720001220703125,31861600,False
XLF,2023-08-04,35.02000045776367,35.36000061035156,34.880001068115234,34.90999984741211,34.880001068115234,36195700,False
XLF,2023-08-07,35.130001068115234,35.459999084472656,35.119998931884766,35.400001525878906,35.119998931884766,33119300,False
XLF,2023-08-08,34.939998626708984,35.11000061035156,34.66999816894531,35.08000183105469,34.66999816894531,37254800,False
XLF,2023-08-09,35.060001373291016,35.15999984741211,34.779998779296875,34.81999969482422,34.779998779296875,38304200,False
XLF,2023-08-10,35.0,35.2599983215332,34.7599983215332,34.849998474121094,34.7599983215332,38097500,False
XLF,2023-08-11,34.7400016784668,34.97999954223633,34.65999984741211,34.91999816894531,34.65999984741211,27518700,False
XLF,2023-08-14,34.81999969482422,34.91999816894531,34.689998626708984,34.849998474121094,34.689998626708984,23773800,False
XLF,2023-08-15,34.560001373291016,34.599998474121094,34.16999816894531,34.209999084472656,34.16999816894531,57472100,False
XLF,2023-08-16,34.150001525878906,34.41999816894531,34.119998931884766,34.15999984741211,34.119998931884766,33566500,False
XLF,2023-08-17,34.27000045776367,34.31999969482422,33.88999938964844,33.9900016784668,33.88999938964844,38205400,False
XLF,2023-08-18,33.75,34.08000183105469,33.720001220703125,33.97999954223633,33.720001220703125,40860000,False
XLF,2023-08-21,34.029998779296875,34.099998474121094,33.66999816894531,33.939998626708984,33.66999816894531,32308300,False
XLF,2023-08-22,33.95000076293945,33.9900016784668,33.56999969482422,33.619998931884766,33.56999969482422,43133000,False
XLF,2023-08-23,33.68000030517578,33.959999084472656,33.630001068115234,33.95000076293945,33.630001068115234,30240500,False
XLF,2023-08-24,33.900001525878906,34.310001373291016,33.83000183105469,33.83000183105469,33.83000183105469,35784900,False
XLF,2023-08-25,33.970001220703125,34.119998931884766,33.709999084472656,33.9900016784668,33.709999084472656,40347200,False
XLF,2023-08-28,34.099998474121094,34.29999923706055,34.06999969482422,34.18000030517578,34.06999969482422,34905300,False
XLF,2023-08-29,34.150001525878906,34.5,34.099998474121094,34.4900016784668,34.099998474121094,43394300,False
XLF,2023-08-30,34.540000915527344,34.709999084472656,34.439998626708984,34.5099983215332,34.439998626708984,33799900,False
XLF,2023-08-31,34.61000061035156,34.619998931884766,34.34000015258789,34.380001068115234,34.34000015258789,27999700,False
XLF,2023-09-01,34.59000015258789,34.79999923706055,34.560001373291016,34.689998626708984,34.560001373291016,41075700,False
XLF,2023-09-05,34.650001525878906,34.790000915527344,34.33000183105469,34.34000015258789,34.33000183105469,38612300,False
XLF,2023-09-06,34.25,34.38999938964844,34.06999969482422,34.31999969482422,34.06999969482422,35672800,False
XLF,2023-09-07,34.18000030517578,34.380001068115234,34.130001068115234,34.22999954223633,34.130001068115234,47632600,False
XLF,2023-09-08,34.2599983215332,34.369998931884766,34.130001068115234,34.29999923706055,34.130001068115234,39720800,False
XLF,2023-09-11,34.459999084472656,34.63999938964844,34.369998931884766,34.459999084472656,34.369998931884766,28965100,False
XLF,2023-09-12,34.45000076293945,34.939998626708984,34.40999984741211,34.689998626708984,34.40999984741211,48615200,False
XLF,2023-09-13,34.849998474121094,34.88999938964844,34.560001373291016,34.689998626708984,34.560001373291016,31994900,False
XLF,2023-09-14,34.93000030517578,35.060001373291016,34.7599983215332,35.0099983215332,34.7599983215332,65685500,False
XLF,2023-09-15,34.779998779296875,35.040000915527344,34.7599983215332,34.83000183105469,34.7599983215332,51800200,False
XLF,2023-09-18,34.630001068115234,34.81999969482422,34.52000045776367,34.77000045776367,34.52000045776367,32458700,False
XLF,2023-09-19,34.79999923706055,34.869998931884766,34.5099983215332,34.72999954223633,34.5099983215332,36112900,False
XLF,2023-09-20,34.849998474121094,34.959999084472656,34.47999954223633,34.4900016784668,34.47999954223633,31618000,False
XLF,2023-09-21,34.369998931884766,34.369998931884766,33.91999816894531,33.91999816894531,33.91999816894531,48103300,False
XLF,2023-09-22,33.970001220703125,34.0,33.65999984741211,33.65999984741211,33.65999984741211,41688300,False
XLF,2023-09-25,33.59000015258789,33.7599983215332,33.47999954223633,33.7400016784668,33.47999954223633,40141700,False
XLF,2023-09-26,33.4900016784668,33.63999938964844,33.22999954223633,33.290000915527344,33.22999954223633,46165400,False
XLF,2023-09-27,33.380001068115234,33.380001068115234,32.95000076293945,33.2400016784668,32.95000076293945,49360900,False
XLF,2023-09-28,33.27000045776367,33.599998474121094,33.2599983215332,33.47999954223633,33.2599983215332,63638100,False
XLF,2023-09-29,33.63999938964844,33.689998626708984,33.09000015258789,33.16999816894531,33.09000015258789,52860500,False
XLF,2023-10-02,33.060001373291016,33.13999938964844,32.709999084472656,32.88999938964844,32.709999084472656,49350600,False
XLF,2023-10-03,32.72999954223633,32.81999969482422,32.2400016784668,32.369998931884766,32.2400016784668,52921800,False
XLF,2023-10-04,32.380001068115234,32.630001068115234,32.209999084472656,32.61000061035156,32.209999084472656,40136000,False
XLF,2023-10-05,32.52000045776367,32.81999969482422,32.45000076293945,32.7599983215332,32.45000076293945,41407800,False
XLF,2023-10-06,32.619998931884766,33.22999954223633,32.5099983215332,33.040000915527344,32.5099983215332,54057800,False
XLF,2023-10-09,32.7400016784668,33.130001068115234,32.709999084472656,33.060001373291016,32.709999084472656,61396600,False
XLF,2023-10-10,33.15999984741211,33.5099983215332,33.150001525878906,33.29999923706055,33.150001525878906,44743400,False
XLF,2023-10-11,33.400001525878906,33.529998779296875,33.099998474121094,33.349998474121094,33.099998474121094,35746400,False
XLF,2023-10-12,33.45000076293945,33.45000076293945,32.90999984741211,33.13999938964844,32.90999984741211,41991200,False
XLF,2023-10-13,33.349998474121094,33.65999984741211,33.029998779296875,33.209999084472656,33.029998779296875,53213800,False
XLF,2023-10-16,33.459999084472656,33.720001220703125,33.38999938964844,33.560001373291016,33.38999938964844,45589300,False
XLF,2023-10-17,33.40999984741211,33.939998626708984,33.400001525878906,33.720001220703125,33.400001525878906,41925200,False
XLF,2023-10-18,33.54999923706055,33.58000183105469,33.06999969482422,33.13999938964844,33.06999969482422,46942100,False
XLF,2023-10-19,33.08000183105469,33.2599983215332,32.68000030517578,32.70000076293945,32.68000030517578,66656200,False
XLF,2023-10-20,32.689998626708984,32.75,32.16999816894531,32.20000076293945,32.16999816894531,59921300,False
XLF,2023-10-23,32.130001068115234,32.36000061035156,31.969999313354492,32.0,31.969999313354492,55913700,False
XLF,2023-10-24,32.150001525878906,32.369998931884766,32.04999923706055,32.220001220703125,32.04999923706055,35825000,False
XLF,2023-10-25,32.099998474121094,32.31999969482422,32.0099983215332,32.099998474121094,32.0099983215332,59240100,False
XLF,2023-10-26,32.02000045776367,32.349998474121094,31.969999313354492,32.029998779296875,31.969999313354492,56046100,False
XLF,2023-10-27,31.989999771118164,32.029998779296875,31.360000610351562,31.450000762939453,31.360000610351562,73057300,False
XLF,2023-10-30,31.670000076293945,32.09000015258789,31.59000015258789,32.0099983215332,31.59000015258789,48978100,False
XLF,2023-10-31,32.06999969482422,32.369998931884766,32.0099983215332,32.36000061035156,32.0099983215332,41050100,False
XLF,2023-11-01,32.41999816894531,32.70000076293945,32.349998474121094,32.56999969482422,32.349998474121094,51764100,False
XLF,2023-11-02,32.869998931884766,33.36000061035156,32.810001373291016,33.34000015258789,32.810001373291016,47417000,False
XLF,2023-11-03,33.65999984741211,33.939998626708984,33.650001525878906,33.779998779296875,33.650001525878906,58801300,False
XLF,2023-11-06,33.869998931884766,33.91999816894531,33.5,33.68000030517578,33.5,40599700,False
XLF,2023-11-07,33.58000183105469,33.709999084472656,33.52000045776367,33.630001068115234,33.52000045776367,27442000,False
XLF,2023-11-08,33.619998931884766,33.70000076293945,33.459999084472656,33.66999816894531,33.459999084472656,30165800,False
XLF,2023-11-09,33.779998779296875,33.83000183105469,33.470001220703125,33.529998779296875,33.470001220703125,34336600,False
XLF,2023-11-10,33.689998626708984,33.939998626708984,33.4900016784668,33.90999984741211,33.4900016784668,35146100,False
XLF,2023-11-13,33.790000915527344,33.95000076293945,33.7400016784668,33.86000061035156,33.7400016784668,28327300,False
XLF,2023-11-14,34.22999954223633,34.689998626708984,34.20000076293945,34.5,34.20000076293945,54296300,False
XLF,2023-11-15,34.560001373291016,34.790000915527344,34.54999923706055,34.689998626708984,34.54999923706055,35000200,False
XLF,2023-11-16,34.790000915527344,34.869998931884766,34.68000030517578,34.83000183105469,34.68000030517578,33222500,False
XLF,2023-11-17,34.959999084472656,35.02000045776367,34.869998931884766,35.0099983215332,34.869998931884766,31336100,False
XLF,2023-11-20,34.959999084472656,35.22999954223633,34.88999938964844,35.150001525878906,34.88999938964844,37285400,False
XLF,2023-11-21,35.099998474121094,35.220001220703125,35.06999969482422,35.130001068115234,35.06999969482422,27285700,False
XLF,2023-11-22,35.209999084472656,35.34000015258789,35.150001525878906,35.27000045776367,35.150001525878906,32719200,False
XLF,2023-11-24,35.27000045776367,35.439998626708984,35.2599983215332,35.380001068115234,35.2599983215332,13168500,False
XLF,2023-11-27,35.25,35.31999969482422,35.18000030517578,35.2599983215332,35.18000030517578,35017000,False
XLF,2023-11-28,35.220001220703125,35.369998931884766,35.15999984741211,35.25,35.15999984741211,39329300,False
XLF,2023-11-29,35.349998474121094,35.709999084472656,35.349998474121094,35.5,35.349998474121094,36651300,False
XLF,2023-11-30,35.58000183105469,35.900001525878906,35.470001220703125,35.900001525878906,35.470001220703125,37334500,False
XLF,2023-12-01,35.84000015258789,36.209999084472656,35.779998779296875,36.16999816894531,35.779998779296875,51267600,False
XLF,2023-12-04,35.959999084472656,36.27000045776367,35.91999816894531,36.130001068115234,35.91999816894531,41366600,False
XLF,2023-12-05,36.02000045776367,36.029998779296875,35.790000915527344,35.95000076293945,35.790000915527344,39510900,False
XLF,2023-12-06,36.150001525878906,36.279998779296875,35.720001220703125,35.77000045776367,35.720001220703125,35616100,False
XLF,2023-12-07,35.86000061035156,35.959999084472656,35.77000045776367,35.939998626708984,35.77000045776367,26050900,False
XLF,2023-12-08,35.900001525878906,36.189998626708984,35.86000061035156,36.130001068115234,35.86000061035156,33213100,False
XLF,2023-12-11,36.13999938964844,36.41999816894531,36.13999938964844,36.349998474121094,36.13999938964844,31165700,False
XLF,2023-12-12,36.439998626708984,36.619998931884766,36.290000915527344,36.61000061035156,36.290000915527344,37245700,False
XLF,2023-12-13,36.619998931884766,37.2400016784668,36.54999923706055,37.20000076293945,36.54999923706055,56989000,False
XLF,2023-12-14,37.5,37.709999084472656,37.369998931884766,37.56999969482422,37.369998931884766,66865700,False
XLF,2023-12-15,37.2599983215332,37.439998626708984,37.189998626708984,37.349998474121094,37.189998626708984,69246200,False
XLF,2023-12-18,37.349998474121094,37.41999816894531,37.25,37.290000915527344,37.25,43434000,False
XLF,2023-12-19,37.27000045776367,37.58000183105469,37.16999816894531,37.56999969482422,37.16999816894531,32509000,False
XLF,2023-12-20,37.470001220703125,37.560001373291016,36.900001525878906,36.900001525878906,36.900001525878906,52985700,False
XLF,2023-12-21,37.060001373291016,37.27000045776367,36.91999816894531,37.2599983215332,36.91999816894531,27522200,False
XLF,2023-12-22,37.369998931884766,37.4900016784668,37.20000076293945,37.34000015258789,37.20000076293945,30331400,False
XLF,2023-12-26,37.369998931884766,37.560001373291016,37.310001373291016,37.4900016784668,37.310001373291016,17837600,False
XLF,2023-12-27,37.40999984741211,37.61000061035156,37.349998474121094,37.61000061035156,37.349998474121094,32640800,False
XLF,2023-12-28,37.54999923706055,37.79999923706055,37.540000915527344,37.720001220703125,37.540000915527344,25308000,False
XLF,2023-12-29,37.709999084472656,37.77000045776367,37.4900016784668,37.599998474121094,37.4900016784668,30218300,False
XLF,2024-01-02,37.5,37.779998779296875,37.43000030517578,37.7599983215332,37.43000030517578,31351900,False
XLF,2024-01-03,37.59000015258789,37.650001525878906,37.380001068115234,37.439998626708984,37.380001068115234,46909000,False
XLF,2024-01-04,37.56999969482422,37.88999938964844,37.52000045776367,37.59000015258789,37.52000045776367,36904200,False
XLF,2024-01-05,37.59000015258789,37.95000076293945,37.56999969482422,37.75,37.56999969482422,44852300,False
XLF,2024-01-08,37.7599983215332,38.0099983215332,37.560001373291016,37.9900016784668,37.560001373291016,39098300,False
XLF,2024-01-09,37.790000915527344,37.79999923706055,37.630001068115234,37.75,37.630001068115234,36338100,False
XLF,2024-01-10,37.689998626708984,37.84000015258789,37.56999969482422,37.810001373291016,37.56999969482422,37095500,False
XLF,2024-01-11,37.7599983215332,37.810001373291016,37.369998931884766,37.66999816894531,37.369998931884766,49043500,False
XLF,2024-01-12,37.849998474121094,37.9900016784668,37.45000076293945,37.599998474121094,37.45000076293945,41333900,False
XLF,2024-01-16,37.279998779296875,37.40999984741211,37.130001068115234,37.34000015258789,37.130001068115234,44042100,False
XLF,2024-01-17,37.02000045776367,37.41999816894531,37.0,37.27000045776367,37.0,38715900,False
XLF,2024-01-18,37.220001220703125,37.369998931884766,36.95000076293945,37.33000183105469,36.95000076293945,42064900,False
XLF,2024-01-19,37.470001220703125,37.97999954223633,37.349998474121094,37.93000030517578,37.349998474121094,59417700,False
XLF,2024-01-22,38.09000015258789,38.29999923706055,38.02000045776367,38.11000061035156,38.02000045776367,51828800,False
XLF,2024-01-23,38.09000015258789,38.20000076293945,38.0099983215332,38.16999816894531,38.0099983215332,46255500,False
XLF,2024-01-24,38.33000183105469,38.529998779296875,38.290000915527344,38.31999969482422,38.290000915527344,43975500,False
XLF,2024-01-25,38.470001220703125,38.54999923706055,38.27000045776367,38.5099983215332,38.27000045776367,50693800,False
XLF,2024-01-26,38.45000076293945,38.720001220703125,38.40999984741211,38.650001525878906,38.40999984741211,38620200,False
XLF,2024-01-29,38.529998779296875,38.779998779296875,38.43000030517578,38.75,38.43000030517578,44175600,False
XLF,2024-01-30,38.790000915527344,39.279998779296875,38.77000045776367,39.2400016784668,38.77000045776367,43229300,False
XLF,2024-01-31,39.15999984741211,39.45000076293945,38.7400016784668,38.7599983215332,38.7400016784668,65780900,False
XLF,2024-02-01,38.689998626708984,38.849998474121094,38.25,38.81999969482422,38.25,63445600,False
XLF,2024-02-02,38.689998626708984,39.15999984741211,38.66999816894531,38.97999954223633,38.66999816894531,61778400,False
XLF,2024-02-05,38.7599983215332,38.880001068115234,38.58000183105469,38.75,38.58000183105469,37351300,False
XLF,2024-02-06,38.70000076293945,38.88999938964844,38.650001525878906,38.83000183105469,38.650001525878906,41055700,False
XLF,2024-02-07,39.040000915527344,39.16999816894531,38.77000045776367,39.119998931884766,38.77000045776367,39018700,False
XLF,2024-02-08,38.939998626708984,39.09000015258789,38.720001220703125,38.970001220703125,38.720001220703125,47331500,False
XLF,2024-02-09,38.91999816894531,39.099998474121094,38.81999969482422,39.08000183105469,38.81999969482422,50680400,False
XLF,2024-02-12,39.08000183105469,39.43000030517578,38.9900016784668,39.2599983215332,38.9900016784668,39952700,False
XLF,2024-02-13,38.959999084472656,39.060001373291016,38.41999816894531,38.72999954223633,38.41999816894531,62948300,False
XLF,2024-02-14,38.959999084472656,39.130001068115234,38.810001373291016,39.099998474121094,38.810001373291016,58722500,False
XLF,2024-02-15,39.220001220703125,39.849998474121094,39.209999084472656,39.77000045776367,39.209999084472656,58107900,False
XLF,2024-02-16,39.72999954223633,39.810001373291016,39.54999923706055,39.630001068115234,39.54999923706055,37900000,False
XLF,2024-02-20,39.349998474121094,39.65999984741211,39.31999969482422,39.52000045776367,39.31999969482422,39952200,False
XLF,2024-02-21,39.470001220703125,39.63999938964844,39.33000183105469,39.63999938964844,39.33000183105469,40242400,False
XLF,2024-02-22,39.86000061035156,40.2400016784668,39.790000915527344,40.099998474121094,39.790000915527344,55188200,False
XLF,2024-02-23,40.25,40.470001220703125,40.220001220703125,40.29999923706055,40.220001220703125,42190500,False
XLF,2024-02-26,40.2599983215332,40.529998779296875,40.029998779296875,40.099998474121094,40.029998779296875,38370000,False
XLF,2024-02-27,40.13999938964844,40.220001220703125,39.939998626708984,40.209999084472656,39.939998626708984,42599500,False
XLF,2024-02-28,40.130001068115234,40.5,40.119998931884766,40.36000061035156,40.119998931884766,40040800,False
XLF,2024-02-29,40.459999084472656,40.54999923706055,40.16999816894531,40.34000015258789,40.16999816894531,37629700,False
XLF,2024-03-01,40.33000183105469,40.41999816894531,40.15999984741211,40.290000915527344,40.15999984741211,40794900,False
XLF,2024-03-04,40.220001220703125,40.5,40.209999084472656,40.38999938964844,40.209999084472656,53413200,False
XLF,2024-03-05,40.25,40.630001068115234,40.25,40.400001525878906,40.25,50770200,False
XLF,2024-03-06,40.459999084472656,40.72999954223633,40.279998779296875,40.61000061035156,40.279998779296875,58459500,False
XLF,2024-03-07,40.7599983215332,40.84000015258789,40.400001525878906,40.54999923706055,40.400001525878906,35505100,False
XLF,2024-03-08,40.61000061035156,40.83000183105469,40.56999969482422,40.619998931884766,40.56999969482422,47266600,False
XLF,2024-03-11,40.470001220703125,40.72999954223633,40.400001525878906,40.689998626708984,40.400001525878906,36233100,False
XLF,2024-03-12,40.779998779296875,40.97999954223633,40.63999938964844,40.86000061035156,40.63999938964844,53199300,False
XLF,2024-03-13,40.939998626708984,41.16999816894531,40.90999984741211,41.15999984741211,40.90999984741211,43471400,False
XLF,2024-03-14,41.16999816894531,41.25,40.61000061035156,40.83000183105469,40.61000061035156,65563400,False
XLF,2024-03-15,40.599998474121094,40.97999954223633,40.52000045776367,40.790000915527344,40.52000045776367,67568000,False
XLF,2024-03-18,40.779998779296875,40.91999816894531,40.58000183105469,40.869998931884766,40.58000183105469,39140600,False
XLF,2024-03-19,40.900001525878906,41.09000015258789,40.880001068115234,41.06999969482422,40.880001068115234,36748300,False
XLF,2024-03-20,41.02000045776367,41.59000015258789,40.95000076293945,41.560001373291016,40.95000076293945,52255300,False
XLF,2024-03-21,41.65999984741211,42.0,41.61000061035156,41.900001525878906,41.61000061035156,49209200,False
XLF,2024-03-22,41.95000076293945,42.040000915527344,41.38999938964844,41.41999816894531,41.38999938964844,32033000,False
XLF,2024-03-25,41.38999938964844,41.459999084472656,41.2599983215332,41.2599983215332,41.2599983215332,31784000,False
XLF,2024-03-26,41.40999984741211,41.529998779296875,41.27000045776367,41.400001525878906,41.27000045776367,30135500,False
XLF,2024-03-27,41.599998474121094,41.900001525878906,41.4900016784668,41.88999938964844,41.4900016784668,36670300,False
XLF,2024-03-28,41.939998626708984,42.220001220703125,41.869998931884766,42.119998931884766,41.869998931884766,41490200,False
XLF,2024-04-01,42.15999984741211,42.20000076293945,41.810001373291016,41.88999938964844,41.810001373291016,37537700,False
XLF,2024-04-02,41.7599983215332,41.81999969482422,41.599998474121094,41.66999816894531,41.599998474121094,36359800,False
XLF,2024-04-03,41.68000030517578,41.959999084472656,41.540000915527344,41.650001525878906,41.540000915527344,39715900,False
XLF,2024-04-04,42.0,42.08000183105469,41.130001068115234,41.18000030517578,41.130001068115234,52657500,False
XLF,2024-04-05,41.34000015258789,41.68000030517578,41.20000076293945,41.56999969482422,41.20000076293945,47540300,False
XLF,2024-04-08,41.58000183105469,41.81999969482422,41.560001373291016,41.75,41.560001373291016,35165700,False
XLF,2024-04-09,41.77000045776367,41.880001068115234,41.18000030517578,41.5099983215332,41.18000030517578,51953600,False
XLF,2024-04-10,41.11000061035156,41.27000045776367,40.7599983215332,40.88999938964844,40.7599983215332,59492800,False
XLF,2024-04-11,40.869998931884766,40.93000030517578,40.349998474121094,40.599998474121094,40.349998474121094,56870800,False
XLF,2024-04-12,40.33000183105469,40.5,39.90999984741211,40.060001373291016,39.90999984741211,81234800,False
XLF,2024-04-15,40.58000183105469,40.7400016784668,39.7400016784668,39.86000061035156,39.7400016784668,71800600,False
XLF,2024-04-16,39.88999938964844,39.97999954223633,39.529998779296875,39.59000015258789,39.529998779296875,66751300,False
XLF,2024-04-17,39.77000045776367,39.95000076293945,39.529998779296875,39.689998626708984,39.529998779296875,41561900,False
XLF,2024-04-18,39.869998931884766,40.18000030517578,39.7400016784668,39.83000183105469,39.7400016784668,48893400,False
XLF,2024-04-19,40.04999923706055,40.459999084472656,39.970001220703125,40.380001068115234,39.970001220703125,55513600,False
XLF,2024-04-22,40.599998474121094,41.099998474121094,40.43000030517578,40.869998931884766,40.43000030517578,50701200,False
XLF,2024-04-23,41.060001373291016,41.22999954223633,40.95000076293945,41.130001068115234,40.95000076293945,36488600,False
XLF,2024-04-24,41.02000045776367,41.18000030517578,40.90999984741211,41.119998931884766,40.90999984741211,33957500,False
XLF,2024-04-25,40.91999816894531,41.029998779296875,40.529998779296875,40.880001068115234,40.529998779296875,50365700,False
XLF,2024-04-26,40.810001373291016,41.04999923706055,40.720001220703125,40.81999969482422,40.720001220703125,35796900,False
XLF,2024-04-29,40.810001373291016,40.9900016784668,40.61000061035156,40.7599983215332,40.61000061035156,36596100,False
XLF,2024-04-30,40.66999816894531,40.7599983215332,40.36000061035156,40.36000061035156,40.36000061035156,34481600,False
XLF,2024-05-01,40.33000183105469,40.849998474121094,40.279998779296875,40.36000061035156,40.279998779296875,54717600,False
XLF,2024-05-02,40.63999938964844,40.70000076293945,40.16999816894531,40.459999084472656,40.16999816894531,37085100,False
XLF,2024-05-03,40.70000076293945,40.790000915527344,40.349998474121094,40.54999923706055,40.349998474121094,45012600,False
XLF,2024-05-06,40.86000061035156,41.06999969482422,40.77000045776367,41.06999969482422,40.77000045776367,42335600,False
XLF,2024-05-07,41.16999816894531,41.290000915527344,41.099998474121094,41.209999084472656,41.099998474121094,42601200,False
XLF,2024-05-08,41.16999816894531,41.43000030517578,41.060001373291016,41.36000061035156,41.060001373291016,28390900,False
XLF,2024-05-09,41.2599983215332,41.66999816894531,41.25,41.66999816894531,41.25,31594800,False
XLF,2024-05-10,41.81999969482422,41.90999984741211,41.77000045776367,41.83000183105469,41.77000045776367,34306800,False
XLF,2024-05-13,41.95000076293945,42.02000045776367,41.65999984741211,41.65999984741211,41.65999984741211,29570100,False
XLF,2024-05-14,41.81999969482422,41.900001525878906,41.65999984741211,41.869998931884766,41.65999984741211,30638300,False
XLF,2024-05-15,41.970001220703125,42.220001220703125,41.959999084472656,42.18000030517578,41.959999084472656,36138300,False
XLF,2024-05-16,42.220001220703125,42.380001068115234,42.15999984741211,42.18000030517578,42.15999984741211,36032700,False
XLF,2024-05-17,42.25,42.4900016784668,42.20000076293945,42.4900016784668,42.20000076293945,29813200,False
XLF,2024-05-20,42.400001525878906,42.459999084472656,41.88999938964844,41.90999984741211,41.88999938964844,35719600,False
XLF,2024-05-21,41.9900016784668,42.220001220703125,41.970001220703125,42.18000030517578,41.970001220703125,33413400,False
XLF,2024-05-22,42.09000015258789,42.27000045776367,41.849998474121094,41.939998626708984,41.849998474121094,38661100,False
XLF,2024-05-23,41.900001525878906,41.939998626708984,41.20000076293945,41.36000061035156,41.20000076293945,51768500,False
XLF,2024-05-24,41.439998626708984,41.619998931884766,41.439998626708984,41.61000061035156,41.439998626708984,23477300,False
XLF,2024-05-28,41.52000045776367,41.52000045776367,41.0,41.150001525878906,41.0,31004900,False
XLF,2024-05-29,40.81999969482422,40.95000076293945,40.70000076293945,40.81999969482422,40.70000076293945,40620200,False
XLF,2024-05-30,40.86000061035156,41.130001068115234,40.7599983215332,41.040000915527344,40.7599983215332,32769300,False
XLF,2024-05-31,41.119998931884766,41.68000030517578,41.0,41.63999938964844,41.0,38664000,False
XLF,2024-06-03,41.630001068115234,41.68000030517578,41.02000045776367,41.380001068115234,41.02000045776367,37855000,False
XLF,2024-06-04,41.15999984741211,41.5,41.0,41.189998626708984,41.0,27586400,False
XLF,2024-06-05,41.31999969482422,41.36000061035156,41.0099983215332,41.310001373291016,41.0099983215332,23817300,False
XLF,2024-06-06,41.380001068115234,41.5,41.130001068115234,41.290000915527344,41.130001068115234,39040200,False
XLF,2024-06-07,41.29999923706055,41.709999084472656,41.220001220703125,41.47999954223633,41.220001220703125,42273300,False
XLF,2024-06-10,41.29999923706055,41.369998931884766,41.04999923706055,41.31999969482422,41.04999923706055,31615200,False
XLF,2024-06-11,41.119998931884766,41.13999938964844,40.650001525878906,40.849998474121094,40.650001525878906,54584900,False
XLF,2024-06-12,41.27000045776367,41.31999969482422,40.75,40.810001373291016,40.75,46399800,False
XLF,2024-06-13,40.810001373291016,40.81999969482422,40.5,40.779998779296875,40.5,39497900,False
XLF,2024-06-14,40.5,40.72999954223633,40.369998931884766,40.650001525878906,40.369998931884766,29083000,False
XLF,2024-06-17,40.54999923706055,41.02000045776367,40.47999954223633,41.0099983215332,40.47999954223633,36076900,False
XLF,2024-06-18,40.959999084472656,41.27000045776367,40.91999816894531,41.27000045776367,40.91999816894531,38900300,False
XLF,2024-06-20,41.18000030517578,41.599998474121094,41.13999938964844,41.4900016784668,41.13999938964844,42869100,False
XLF,2024-06-21,41.38999938964844,41.43000030517578,41.09000015258789,41.33000183105469,41.09000015258789,42530600,False
XLF,2024-06-24,41.34000015258789,41.849998474121094,41.2400016784668,41.59000015258789,41.2400016784668,45252000,False
XLF,2024-06-25,41.5099983215332,41.63999938964844,41.15999984741211,41.279998779296875,41.15999984741211,32845400,False
XLF,2024-06-26,41.09000015258789,41.11000061035156,40.81999969482422,41.02000045776367,40.81999969482422,37978500,False
XLF,2024-06-27,40.900001525878906,41.02000045776367,40.720001220703125,40.970001220703125,40.720001220703125,25466100,False
XLF,2024-06-28,41.060001373291016,41.369998931884766,40.939998626708984,41.11000061035156,40.939998626708984,44045100,False
XLF,2024-07-01,41.279998779296875,41.54999923706055,41.029998779296875,41.20000076293945,41.029998779296875,36131100,False
XLF,2024-07-02,41.119998931884766,41.68000030517578,41.099998474121094,41.68000030517578,41.099998474121094,27033100,False
XLF,2024-07-03,41.720001220703125,41.7599983215332,41.529998779296875,41.54999923706055,41.529998779296875,21113200,False
XLF,2024-07-05,41.63999938964844,41.63999938964844,41.29999923706055,41.540000915527344,41.29999923706055,21421100,False
XLF,2024-07-08,41.599998474121094,41.849998474121094,41.380001068115234,41.43000030517578,41.380001068115234,27779300,False
XLF,2024-07-09,41.470001220703125,42.02000045776367,41.41999816894531,41.75,41.41999816894531,33140000,False
XLF,2024-07-10,41.54999923706055,41.91999816894531,41.529998779296875,41.90999984741211,41.529998779296875,28445400,False
XLF,2024-07-11,41.95000076293945,42.310001373291016,41.81999969482422,42.2400016784668,41.81999969482422,45836600,False
XLF,2024-07-12,42.189998626708984,42.560001373291016,42.08000183105469,42.380001068115234,42.08000183105469,39041200,False
XLF,2024-07-15,42.529998779296875,43.040000915527344,42.5,43.0,42.5,46561200,False
XLF,2024-07-16,43.029998779296875,43.5099983215332,42.95000076293945,43.4900016784668,42.95000076293945,52243100,False
XLF,2024-07-17,43.439998626708984,43.900001525878906,43.369998931884766,43.81999969482422,43.369998931884766,54773300,False
XLF,2024-07-18,43.66999816894531,44.11000061035156,43.189998626708984,43.290000915527344,43.189998626708984,58731300,False
XLF,2024-07-19,43.27000045776367,43.36000061035156,42.79999923706055,42.849998474121094,42.79999923706055,47220000,False
XLF,2024-07-22,42.95000076293945,43.16999816894531,42.75,43.09000015258789,42.75,29071100,False
XLF,2024-07-23,43.20000076293945,43.38999938964844,43.099998474121094,43.16999816894531,43.099998474121094,23800400,False
XLF,2024-07-24,43.040000915527344,43.130001068115234,42.58000183105469,42.58000183105469,42.58000183105469,47786900,False
XLF,2024-07-25,42.65999984741211,43.369998931884766,42.650001525878906,42.7400016784668,42.650001525878906,44862000,False
XLF,2024-07-26,42.970001220703125,43.540000915527344,42.95000076293945,43.40999984741211,42.95000076293945,32636300,False
XLF,2024-07-29,43.5099983215332,43.540000915527344,43.130001068115234,43.349998474121094,43.130001068115234,35195700,False
XLF,2024-07-30,43.619998931884766,44.0,43.599998474121094,43.849998474121094,43.599998474121094,31418700,False
XLF,2024-07-31,43.95000076293945,44.11000061035156,43.709999084472656,43.7400016784668,43.709999084472656,38694800,False
XLF,2024-08-01,43.900001525878906,43.959999084472656,42.93000030517578,43.119998931884766,42.93000030517578,47060900,False
XLF,2024-08-02,42.630001068115234,42.779998779296875,41.79999923706055,42.060001373291016,41.79999923706055,78599800,False
XLF,2024-08-05,41.13999938964844,41.22999954223633,40.65999984741211,40.84000015258789,40.65999984741211,107913600,False
XLF,2024-08-06,41.02000045776367,41.9900016784668,40.90999984741211,41.5,40.90999984741211,57668900,False
XLF,2024-08-07,41.959999084472656,42.36000061035156,41.4900016784668,41.54999923706055,41.4900016784668,43912600,False
XLF,2024-08-08,41.81999969482422,42.27000045776367,41.7599983215332,42.220001220703125,41.7599983215332,41260500,False
XLF,2024-08-09,42.209999084472656,42.5099983215332,42.040000915527344,42.400001525878906,42.040000915527344,23838800,False
XLF,2024-08-12,42.47999954223633,42.59000015258789,42.09000015258789,42.18000030517578,42.09000015258789,20509300,False
XLF,2024-08-13,42.43000030517578,42.560001373291016,42.119998931884766,42.529998779296875,42.119998931884766,24922000,False
XLF,2024-08-14,42.630001068115234,43.130001068115234,42.599998474121094,43.04999923706055,42.599998474121094,30673000,False
XLF,2024-08-15,43.459999084472656,43.689998626708984,43.310001373291016,43.45000076293945,43.310001373291016,33329000,False
XLF,2024-08-16,43.400001525878906,43.77000045776367,43.400001525878906,43.77000045776367,43.400001525878906,25338900,False
XLF,2024-08-19,43.779998779296875,44.02000045776367,43.779998779296875,44.0099983215332,43.779998779296875,24458600,False
XLF,2024-08-20,43.959999084472656,44.0,43.779998779296875,43.869998931884766,43.779998779296875,19620400,False
XLF,2024-08-21,43.939998626708984,43.9900016784668,43.56999969482422,43.79999923706055,43.56999969482422,19914100,False
XLF,2024-08-22,43.849998474121094,44.04999923706055,43.810001373291016,44.04999923706055,43.810001373291016,24738700,False
XLF,2024-08-23,44.18000030517578,44.540000915527344,44.09000015258789,44.43000030517578,44.09000015258789,32762500,False
XLF,2024-08-26,44.58000183105469,44.810001373291016,44.470001220703125,44.56999969482422,44.470001220703125,23716300,False
XLF,2024-08-27,44.65999984741211,44.81999969482422,44.58000183105469,44.79999923706055,44.58000183105469,21583500,False
XLF,2024-08-28,44.68000030517578,45.15999984741211,44.63999938964844,44.90999984741211,44.63999938964844,24726200,False
XLF,2024-08-29,45.060001373291016,45.459999084472656,44.75,45.310001373291016,44.75,33726600,False
XLF,2024-08-30,45.439998626708984,45.779998779296875,45.22999954223633,45.7400016784668,45.22999954223633,28967700,False
XLF,2024-09-03,45.5,45.880001068115234,45.189998626708984,45.400001525878906,45.189998626708984,39893900,False
XLF,2024-09-04,45.47999954223633,45.77000045776367,45.220001220703125,45.45000076293945,45.220001220703125,32006100,False
XLF,2024-09-05,45.63999938964844,45.65999984741211,44.75,44.95000076293945,44.75,39523500,False
XLF,2024-09-06,44.95000076293945,45.20000076293945,44.189998626708984,44.290000915527344,44.189998626708984,51331300,False
XLF,2024-09-09,44.709999084472656,45.20000076293945,44.650001525878906,44.95000076293945,44.650001525878906,41010900,False
XLF,2024-09-10,45.099998474121094,45.13999938964844,43.97999954223633,44.4900016784668,43.97999954223633,59115000,False
XLF,2024-09-11,44.31999969482422,44.349998474121094,43.380001068115234,44.279998779296875,43.380001068115234,59397500,False
XLF,2024-09-12,44.36000061035156,44.52000045776367,44.0,44.380001068115234,44.0,37732700,False
XLF,2024-09-13,44.5099983215332,44.689998626708984,44.40999984741211,44.5099983215332,44.40999984741211,32912300,False
XLF,2024-09-16,44.70000076293945,45.099998474121094,44.70000076293945,45.09000015258789,44.70000076293945,37063700,False
XLF,2024-09-17,45.189998626708984,45.47999954223633,45.13999938964844,45.33000183105469,45.13999938964844,27893300,False
XLF,2024-09-18,45.349998474121094,45.689998626708984,45.09000015258789,45.189998626708984,45.09000015258789,41783900,False
XLF,2024-09-19,45.650001525878906,45.810001373291016,45.34000015258789,45.689998626708984,45.34000015258789,46457700,False
XLF,2024-09-20,45.59000015258789,45.65999984741211,45.34000015258789,45.65999984741211,45.34000015258789,48699200,False
XLF,2024-09-23,45.4900016784668,45.66999816894531,45.36000061035156,45.439998626708984,45.36000061035156,31615300,False
XLF,2024-09-24,45.29999923706055,45.29999923706055,44.900001525878906,45.060001373291016,44.900001525878906,40341400,False
XLF,2024-09-25,45.08000183105469,45.13999938964844,44.650001525878906,44.790000915527344,44.650001525878906,32546900,False
XLF,2024-09-26,44.91999816894531,45.11000061035156,44.77000045776367,45.02000045776367,44.77000045776367,31445200,False
XLF,2024-09-27,45.119998931884766,45.439998626708984,45.04999923706055,45.150001525878906,45.04999923706055,23226100,False
XLF,2024-09-30,45.040000915527344,45.34000015258789,44.84000015258789,45.31999969482422,44.84000015258789,23593400,False
XLF,2024-10-01,45.20000076293945,45.310001373291016,44.779998779296875,45.08000183105469,44.779998779296875,32703000,False
XLF,2024-10-02,45.060001373291016,45.22999954223633,44.83000183105469,45.130001068115234,44.83000183105469,37709400,False
XLF,2024-10-03,44.959999084472656,45.04999923706055,44.66999816894531,44.88999938964844,44.66999816894531,23545700,False
XLF,2024-10-04,45.33000183105469,45.689998626708984,45.150001525878906,45.650001525878906,45.150001525878906,40432000,False
XLF,2024-10-07,45.650001525878906,45.66999816894531,44.900001525878906,45.09000015258789,44.900001525878906,26599300,False
XLF,2024-10-08,45.2599983215332,45.459999084472656,45.18000030517578,45.349998474121094,45.18000030517578,28763000,False
XLF,2024-10-09,45.349998474121094,45.86000061035156,45.2599983215332,45.77000045776367,45.2599983215332,28334300,False
XLF,2024-10-10,45.81999969482422,45.86000061035156,45.439998626708984,45.630001068115234,45.439998626708984,34127400,False
XLF,2024-10-11,45.91999816894531,46.599998474121094,45.88999938964844,46.5099983215332,45.88999938964844,52850300,False
XLF,2024-10-14,46.59000015258789,46.849998474121094,46.459999084472656,46.79999923706055,46.459999084472656,35850800,False
XLF,2024-10-15,47.119998931884766,47.38999938964844,46.84000015258789,46.900001525878906,46.84000015258789,42356800,False
XLF,2024-10-16,47.08000183105469,47.5,46.9900016784668,47.47999954223633,46.9900016784668,44973700,False
XLF,2024-10-17,47.68000030517578,47.810001373291016,47.58000183105469,47.61000061035156,47.58000183105469,45823400,False
XLF,2024-10-18,47.61000061035156,47.720001220703125,47.349998474121094,47.619998931884766,47.349998474121094,34279600,False
XLF,2024-10-21,47.540000915527344,47.650001525878906,47.150001525878906,47.2400016784668,47.150001525878906,26207400,False
XLF,2024-10-22,47.0,47.22999954223633,46.779998779296875,47.150001525878906,46.779998779296875,30018700,False
XLF,2024-10-23,47.099998474121094,47.220001220703125,46.880001068115234,47.11000061035156,46.880001068115234,20697200,False
XLF,2024-10-24,47.119998931884766,47.209999084472656,46.86000061035156,47.150001525878906,46.86000061035156,19617500,False
XLF,2024-10-25,47.34000015258789,47.41999816894531,46.52000045776367,46.630001068115234,46.52000045776367,25526500,False
XLF,2024-10-28,46.869998931884766,47.25,46.86000061035156,47.209999084472656,46.86000061035156,31415900,False
XLF,2024-10-29,47.09000015258789,47.220001220703125,46.880001068115234,46.91999816894531,46.880001068115234,27930900,False
XLF,2024-10-30,46.97999954223633,47.43000030517578,46.939998626708984,47.130001068115234,46.939998626708984,28704300,False
XLF,2024-10-31,47.06999969482422,47.209999084472656,46.47999954223633,46.47999954223633,46.47999954223633,53417100,False
XLF,2024-11-01,46.630001068115234,47.0,46.52000045776367,46.63999938964844,46.52000045776367,40139900,False
XLF,2024-11-04,46.61000061035156,46.650001525878906,46.029998779296875,46.279998779296875,46.029998779296875,41705600,False
XLF,2024-11-05,46.31999969482422,46.72999954223633,46.22999954223633,46.709999084472656,46.22999954223633,35221800,False
XLF,2024-11-06,49.040000915527344,49.68000030517578,48.70000076293945,49.54999923706055,48.70000076293945,153473400,True
XLF,2024-11-07,49.439998626708984,49.439998626708984,48.65999984741211,48.75,48.65999984741211,70611400,False
XLF,2024-11-08,49.099998474121094,49.470001220703125,48.849998474121094,49.189998626708984,48.849998474121094,60376500,False
XLF,2024-11-11,49.68000030517578,50.13999938964844,49.66999816894531,49.88999938964844,49.66999816894531,63654700,False
XLF,2024-11-12,49.869998931884766,49.939998626708984,49.59000015258789,49.7400016784668,49.59000015258789,58512400,False
XLF,2024-11-13,49.84000015258789,50.130001068115234,49.689998626708984,49.77000045776367,49.689998626708984,31880700,False
XLF,2024-11-14,49.880001068115234,49.9900016784668,49.54999923706055,49.63999938964844,49.54999923706055,38252800,False
XLF,2024-11-15,49.63999938964844,50.0099983215332,49.61000061035156,49.869998931884766,49.61000061035156,40741500,False
XLF,2024-11-18,49.90999984741211,50.11000061035156,49.70000076293945,50.02000045776367,49.70000076293945,27141600,False
XLF,2024-11-19,49.619998931884766,49.880001068115234,49.41999816894531,49.689998626708984,49.41999816894531,27014700,False
XLF,2024-11-20,49.88999938964844,49.91999816894531,49.29999923706055,49.540000915527344,49.29999923706055,33932500,False
XLF,2024-11-21,49.790000915527344,50.400001525878906,49.65999984741211,50.16999816894531,49.65999984741211,50881800,False
XLF,2024-11-22,50.13999938964844,50.779998779296875,50.130001068115234,50.72999954223633,50.130001068115234,42050800,False
XLF,2024-11-25,51.0099983215332,51.25,50.86000061035156,51.060001373291016,50.86000061035156,47492500,False
XLF,2024-11-26,51.08000183105469,51.2599983215332,50.7599983215332,51.15999984741211,50.7599983215332,28418400,False
XLF,2024-11-27,51.22999954223633,51.619998931884766,51.209999084472656,51.2599983215332,51.209999084472656,31803700,False
XLF,2024-11-29,51.439998626708984,51.56999969482422,51.25,51.34000015258789,51.25,15178400,False
XLF,2024-12-02,51.41999816894531,51.4900016784668,50.70000076293945,50.83000183105469,50.70000076293945,55483600,False
XLF,2024-12-03,51.130001068115234,51.130001068115234,50.45000076293945,50.45000076293945,50.45000076293945,46924300,False
XLF,2024-12-04,50.400001525878906,50.439998626708984,50.09000015258789,50.2599983215332,50.09000015258789,41017400,False
XLF,2024-12-05,50.34000015258789,50.66999816894531,50.29999923706055,50.40999984741211,50.29999923706055,33599300,False
XLF,2024-12-06,50.400001525878906,50.56999969482422,50.2599983215332,50.400001525878906,50.2599983215332,23439400,False
XLF,2024-12-09,50.439998626708984,50.4900016784668,49.689998626708984,49.709999084472656,49.689998626708984,41998300,False
XLF,2024-12-10,49.75,49.97999954223633,49.38999938964844,49.70000076293945,49.38999938964844,38861800,False
XLF,2024-12-11,49.900001525878906,49.91999816894531,49.58000183105469,49.79999923706055,49.58000183105469,35035900,False
XLF,2024-12-12,49.93000030517578,49.970001220703125,49.58000183105469,49.58000183105469,49.58000183105469,23107300,False
XLF,2024-12-13,49.779998779296875,49.79999923706055,49.43000030517578,49.540000915527344,49.43000030517578,39160400,False
XLF,2024-12-16,49.56999969482422,49.630001068115234,49.36000061035156,49.45000076293945,49.36000061035156,35242800,False
XLF,2024-12-17,49.2599983215332,49.27000045776367,48.93000030517578,49.099998474121094,48.93000030517578,46103300,False
XLF,2024-12-18,49.189998626708984,49.29999923706055,47.59000015258789,47.630001068115234,47.59000015258789,72399500,False
XLF,2024-12-19,48.16999816894531,48.529998779296875,47.790000915527344,47.79999923706055,47.790000915527344,63641000,False
XLF,2024-12-20,47.70000076293945,48.88999938964844,47.599998474121094,48.5099983215332,47.599998474121094,56066100,False
XLF,2024-12-23,48.060001373291016,48.459999084472656,47.869998931884766,48.41999816894531,47.869998931884766,43033300,False
XLF,2024-12-24,48.52000045776367,49.0099983215332,48.43000030517578,48.9900016784668,48.43000030517578,18350500,False
XLF,2024-12-26,48.77000045776367,49.130001068115234,48.7400016784668,49.11000061035156,48.7400016784668,20805600,False
XLF,2024-12-27,48.849998474121094,49.16999816894531,48.4900016784668,48.75,48.4900016784668,33852400,False
XLF,2024-12-30,48.25,48.5,47.86000061035156,48.279998779296875,47.86000061035156,34819800,False
XLF,2024-12-31,48.400001525878906,48.56999969482422,48.15999984741211,48.33000183105469,48.15999984741211,25170500,False
XLF,2025-01-02,48.58000183105469,48.77000045776367,47.939998626708984,48.209999084472656,47.939998626708984,35879100,False
XLF,2025-01-03,48.4900016784668,48.619998931884766,48.08000183105469,48.59000015258789,48.08000183105469,25198100,False
XLF,2025-01-06,48.79999923706055,49.02000045776367,48.349998474121094,48.439998626708984,48.349998474121094,54289900,False
XLF,2025-01-07,48.650001525878906,48.7599983215332,48.119998931884766,48.33000183105469,48.119998931884766,57682700,False
XLF,2025-01-08,48.34000015258789,48.5,48.02000045776367,48.4900016784668,48.02000045776367,36422000,False
XLF,2025-01-10,48.099998474121094,48.13999938964844,47.150001525878906,47.31999969482422,47.150001525878906,53128700,False
XLF,2025-01-13,47.08000183105469,47.68000030517578,47.040000915527344,47.65999984741211,47.040000915527344,36002800,False
XLF,2025-01-14,47.849998474121094,48.290000915527344,47.7400016784668,48.25,47.7400016784668,39353300,False
XLF,2025-01-15,49.279998779296875,49.61000061035156,49.0099983215332,49.47999954223633,49.0099983215332,61176900,False
XLF,2025-01-16,49.459999084472656,49.849998474121094,49.459999084472656,49.810001373291016,49.459999084472656,33830400,False
XLF,2025-01-17,49.90999984741211,50.31999969482422,49.72999954223633,50.22999954223633,49.72999954223633,43693100,False
XLF,2025-01-21,50.400001525878906,50.709999084472656,50.38999938964844,50.650001525878906,50.38999938964844,33267500,False
XLF,2025-01-22,50.650001525878906,50.65999984741211,50.209999084472656,50.40999984741211,50.209999084472656,37226400,False
XLF,2025-01-23,50.4900016784668,50.790000915527344,50.47999954223633,50.70000076293945,50.47999954223633,32048800,False
XLF,2025-01-24,50.529998779296875,50.900001525878906,50.47999954223633,50.849998474121094,50.47999954223633,39088700,False
XLF,2025-01-27,50.7599983215332,51.439998626708984,50.619998931884766,51.40999984741211,50.619998931884766,61707400,False
XLF,2025-01-28,51.349998474121094,51.54999923706055,51.11000061035156,51.31999969482422,51.11000061035156,39885300,False
XLF,2025-01-29,51.18000030517578,51.7400016784668,51.16999816894531,51.279998779296875,51.16999816894531,43612200,False
XLF,2025-01-30,51.75,52.040000915527344,51.43000030517578,51.77000045776367,51.43000030517578,64250500,False
XLF,2025-01-31,51.83000183105469,51.970001220703125,51.439998626708984,51.470001220703125,51.439998626708984,40424200,False
XLF,2025-02-03,50.75,51.400001525878906,50.40999984741211,51.2599983215332,50.40999984741211,77416200,False
XLF,2025-02-04,51.31999969482422,51.38999938964844,51.0,51.13999938964844,51.0,41742700,False
XLF,2025-02-05,51.36000061035156,51.689998626708984,51.13999938964844,51.68000030517578,51.13999938964844,34758600,False
XLF,2025-02-06,51.97999954223633,52.130001068115234,51.7599983215332,52.11000061035156,51.7599983215332,34355900,False
XLF,2025-02-07,52.16999816894531,52.2599983215332,51.779998779296875,51.81999969482422,51.779998779296875,40601400,False
XLF,2025-02-10,51.90999984741211,51.97999954223633,51.189998626708984,51.40999984741211,51.189998626708984,37921500,False
XLF,2025-02-11,51.33000183105469,51.63999938964844,51.02000045776367,51.540000915527344,51.02000045776367,45162900,False
XLF,2025-02-12,51.279998779296875,51.380001068115234,50.91999816894531,51.36000061035156,50.91999816894531,45473100,False
XLF,2025-02-13,51.5,51.77000045776367,51.279998779296875,51.70000076293945,51.279998779296875,36372200,False
XLF,2025-02-14,51.77000045776367,52.02000045776367,51.75,51.79999923706055,51.75,29574300,False
XLF,2025-02-18,51.880001068115234,52.20000076293945,51.75,52.16999816894531,51.75,33496800,False
XLF,2025-02-19,52.040000915527344,52.25,51.900001525878906,52.189998626708984,51.900001525878906,31748500,False
XLF,2025-02-20,52.11000061035156,52.150001525878906,51.040000915527344,51.38999938964844,51.040000915527344,47078900,False
XLF,2025-02-21,51.40999984741211,51.5,50.650001525878906,50.75,50.650001525878906,51789900,False
XLF,2025-02-24,50.9900016784668,51.40999984741211,50.68000030517578,50.970001220703125,50.68000030517578,56673900,False
XLF,2025-02-25,51.27000045776367,51.40999984741211,50.310001373291016,50.959999084472656,50.310001373291016,50132800,False
XLF,2025-02-26,50.970001220703125,51.31999969482422,50.75,50.849998474121094,50.75,31250500,False
XLF,2025-02-27,51.029998779296875,51.79999923706055,50.9900016784668,51.130001068115234,50.9900016784668,44378600,False
XLF,2025-02-28,51.38999938964844,52.2599983215332,51.16999816894531,52.18000030517578,51.200523376464844,63537100,False
XLF,2025-03-03,52.31999969482422,52.63999938964844,51.369998931884766,51.7400016784668,51.369998931884766,76100100,False
XLF,2025-03-04,51.220001220703125,51.279998779296875,49.63999938964844,49.91999816894531,49.63999938964844,99342400,False
XLF,2025-03-05,49.939998626708984,50.45000076293945,49.560001373291016,50.209999084472656,49.560001373291016,75561700,False
XLF,2025-03-06,49.619998931884766,49.959999084472656,49.060001373291016,49.380001068115234,49.060001373291016,55477700,False
XLF,2025-03-07,49.20000076293945,49.33000183105469,48.25,49.119998931884766,48.25,87351400,False
XLF,2025-03-10,48.290000915527344,48.61000061035156,47.459999084472656,48.02000045776367,47.459999084472656,78221400,False
XLF,2025-03-11,47.95000076293945,48.08000183105469,47.279998779296875,47.61000061035156,47.279998779296875,72972200,False
XLF,2025-03-12,48.119998931884766,48.189998626708984,47.220001220703125,47.68000030517578,47.220001220703125,60700100,False
XLF,2025-03-13,47.79999923706055,48.08000183105469,47.279998779296875,47.41999816894531,47.279998779296875,49986300,False
XLF,2025-03-14,47.869998931884766,48.599998474121094,47.619998931884766,48.52000045776367,47.619998931884766,49535700,False
XLF,2025-03-17,48.33000183105469,49.33000183105469,48.31999969482422,49.09000015258789,48.31999969482422,43570500,False
XLF,2025-03-18,49.130001068115234,49.290000915527344,48.849998474121094,49.029998779296875,48.849998474121094,32714200,False
XLF,2025-03-19,49.060001373291016,49.83000183105469,48.86000061035156,49.56999969482422,48.86000061035156,44290700,False
XLF,2025-03-20,49.290000915527344,49.97999954223633,49.20000076293945,49.63999938964844,49.20000076293945,46326000,False
XLF,2025-03-21,49.38999938964844,49.63999938964844,49.029998779296875,49.459999084472656,49.029998779296875,53382800,False
XLF,2025-03-24,49.790000915527344,50.27000045776367,49.65999984741211,50.150001525878906,49.65999984741211,43158200,False
XLF,2025-03-25,50.33000183105469,50.5099983215332,50.08000183105469,50.43000030517578,50.08000183105469,24873700,False
XLF,2025-03-26,50.58000183105469,50.90999984741211,50.09000015258789,50.279998779296875,50.09000015258789,39729200,False
XLF,2025-03-27,50.189998626708984,50.45000076293945,49.790000915527344,50.18000030517578,49.790000915527344,32299800,False
XLF,2025-03-28,50.029998779296875,50.29999923706055,49.02000045776367,49.209999084472656,49.02000045776367,45365400,False
XLF,2025-03-31,48.720001220703125,50.060001373291016,48.58000183105469,49.810001373291016,49.05253601074219,38042300,False
XLF,2025-04-01,49.619998931884766,49.970001220703125,49.20000076293945,49.75,49.20000076293945,37959100,False
XLF,2025-04-02,49.349998474121094,50.33000183105469,49.27000045776367,50.15999984741211,49.397212982177734,41792100,False
XLF,2025-04-03,48.20000076293945,48.650001525878906,47.599998474121094,47.689998626708984,47.599998474121094,101160600,True
XLF,2025-04-04,46.06999969482422,46.40999984741211,44.09000015258789,44.20000076293945,44.09000015258789,128135300,True
XLF,2025-04-07,42.84000015258789,45.650001525878906,42.209999084472656,44.09000015258789,43.41952133178711,179993200,False
XLF,2025-04-08,45.79999923706055,46.220001220703125,43.2400016784668,43.91999816894531,43.25210189819336,98804200,False
XLF,2025-04-09,43.2400016784668,47.61000061035156,43.06999969482422,47.22999954223633,46.51176834106445,177242900,True
XLF,2025-04-10,46.529998779296875,46.599998474121094,44.540000915527344,45.90999984741211,45.21184539794922,93318200,False
XLF,2025-04-11,45.599998474121094,46.970001220703125,45.369998931884766,46.66999816894531,45.96028137207031,63647400,False
XLF,2025-04-14,47.349998474121094,47.619998931884766,46.869998931884766,47.150001525878906,46.869998931884766,52008900,False
XLF,2025-04-15,47.41999816894531,47.900001525878906,47.22999954223633,47.27000045776367,47.22999954223633,41840100,False
XLF,2025-04-16,47.16999816894531,47.34000015258789,46.18000030517578,46.529998779296875,46.18000030517578,47934300,False
XLF,2025-04-17,46.5,47.209999084472656,46.43000030517578,46.650001525878906,46.43000030517578,61866600,False
XLF,2025-04-21,46.40999984741211,46.54999923706055,45.13999938964844,45.650001525878906,45.13999938964844,43082300,False
XLF,2025-04-22,46.34000015258789,47.279998779296875,46.20000076293945,47.15999984741211,46.44283676147461,38154800,False
XLF,2025-04-23,48.040000915527344,48.72999954223633,47.560001373291016,47.720001220703125,47.560001373291016,50290900,False
XLF,2025-04-24,47.54999923706055,48.34000015258789,47.36000061035156,48.25,47.51625442504883,26817900,False
XLF,2025-04-25,48.0099983215332,48.22999954223633,47.70000076293945,48.02000045776367,47.70000076293945,28113000,False
XLF,2025-04-28,48.220001220703125,48.56999969482422,47.83000183105469,48.16999816894531,47.83000183105469,33922800,False
XLF,2025-04-29,48.18000030517578,48.7599983215332,47.959999084472656,48.66999816894531,47.959999084472656,42475300,False
XLF,2025-04-30,48.150001525878906,48.93000030517578,47.5,48.7599983215332,48.01850128173828,33759900,False
XLF,2025-05-01,48.58000183105469,49.06999969482422,48.439998626708984,48.75,48.439998626708984,34420200,False
XLF,2025-05-02,49.4900016784668,49.939998626708984,49.33000183105469,49.7599983215332,49.33000183105469,35032100,False
XLF,2025-05-05,49.34000015258789,49.83000183105469,49.099998474121094,49.439998626708984,49.099998474121094,24139900,False
XLF,2025-05-06,49.0,49.560001373291016,48.970001220703125,49.15999984741211,48.970001220703125,28949100,False
XLF,2025-05-07,49.31999969482422,49.720001220703125,49.2599983215332,49.45000076293945,49.2599983215332,30070100,False
XLF,2025-05-08,49.84000015258789,50.369998931884766,49.72999954223633,49.86000061035156,49.72999954223633,31294200,False
XLF,2025-05-09,49.959999084472656,50.040000915527344,49.720001220703125,49.86000061035156,49.720001220703125,22075000,False
XLF,2025-05-12,51.11000061035156,51.20000076293945,50.54999923706055,50.869998931884766,50.54999923706055,44274100,False
XLF,2025-05-13,51.0,51.31999969482422,50.90999984741211,51.08000183105469,50.90999984741211,33986100,False
XLF,2025-05-14,51.11000061035156,51.16999816894531,50.790000915527344,50.939998626708984,50.790000915527344,38764200,False
XLF,2025-05-15,50.869998931884766,51.36000061035156,50.83000183105469,51.279998779296875,50.83000183105469,34742500,False
XLF,2025-05-16,51.27000045776367,51.66999816894531,51.15999984741211,51.59000015258789,51.15999984741211,53401000,False
XLF,2025-05-19,51.31999969482422,51.77000045776367,51.2400016784668,51.619998931884766,51.2400016784668,26348400,False
XLF,2025-05-20,51.380001068115234,51.52000045776367,51.11000061035156,51.34000015258789,51.11000061035156,26903000,False
XLF,2025-05-21,51.02000045776367,51.16999816894531,50.25,50.290000915527344,50.25,40022000,False
XLF,2025-05-22,50.18000030517578,50.52000045776367,49.970001220703125,50.22999954223633,49.970001220703125,33662800,False
XLF,2025-05-23,49.59000015258789,50.290000915527344,49.56999969482422,50.04999923706055,49.56999969482422,33645600,False
XLF,2025-05-27,50.439998626708984,50.959999084472656,50.2599983215332,50.93000030517578,50.2599983215332,38636400,False
XLF,2025-05-28,50.88999938964844,51.02000045776367,50.5099983215332,50.59000015258789,50.5099983215332,31730200,False
XLF,2025-05-29,50.7599983215332,50.86000061035156,50.36000061035156,50.849998474121094,50.36000061035156,34098400,False
XLF,2025-05-30,50.68000030517578,51.04999923706055,50.459999084472656,50.959999084472656,50.459999084472656,37953200,False
XLF,2025-06-02,50.61000061035156,51.0,50.290000915527344,50.97999954223633,50.290000915527344,30142300,False
XLF,2025-06-03,50.81999969482422,51.130001068115234,50.40999984741211,51.08000183105469,50.40999984741211,33705400,False
XLF,2025-06-04,51.150001525878906,51.209999084472656,50.779998779296875,50.790000915527344,50.779998779296875,24600500,False
XLF,2025-06-05,50.79999923706055,50.880001068115234,50.45000076293945,50.650001525878906,50.45000076293945,42014400,False
XLF,2025-06-06,51.16999816894531,51.439998626708984,51.04999923706055,51.279998779296875,51.04999923706055,34982800,False
XLF,2025-06-09,51.34000015258789,51.36000061035156,50.689998626708984,51.0,50.689998626708984,28322100,False
XLF,2025-06-10,50.9900016784668,51.08000183105469,50.880001068115234,51.060001373291016,50.880001068115234,27728600,False
XLF,2025-06-11,51.11000061035156,51.34000015258789,50.810001373291016,51.0,50.810001373291016,39368400,False
XLF,2025-06-12,50.70000076293945,51.0099983215332,50.5,51.0,50.5,25500900,False
XLF,2025-06-13,50.349998474121094,50.459999084472656,49.810001373291016,49.959999084472656,49.810001373291016,54921900,False
XLF,2025-06-16,50.31999969482422,50.880001068115234,50.310001373291016,50.529998779296875,50.310001373291016,35632400,False
XLF,2025-06-17,50.27000045776367,50.47999954223633,50.09000015258789,50.2400016784668,50.09000015258789,31130700,False
XLF,2025-06-18,50.220001220703125,50.77000045776367,50.150001525878906,50.220001220703125,50.150001525878906,45728200,False
XLF,2025-06-20,50.369998931884766,50.58000183105469,50.220001220703125,50.36000061035156,50.220001220703125,44456100,False
XLF,2025-06-23,50.20000076293945,50.84000015258789,49.84000015258789,50.81999969482422,50.21868896484375,43022700,False
XLF,2025-06-24,51.31999969482422,51.77000045776367,51.279998779296875,51.58000183105469,51.279998779296875,41225000,False
XLF,2025-06-25,51.59000015258789,51.599998474121094,51.29999923706055,51.40999984741211,51.29999923706055,33123900,False
XLF,2025-06-26,51.439998626708984,51.83000183105469,51.40999984741211,51.790000915527344,51.40999984741211,37866000,False
XLF,2025-06-27,51.75,52.22999954223633,51.70000076293945,51.939998626708984,51.70000076293945,38954100,False
XLF,2025-06-30,52.18000030517578,52.439998626708984,52.13999938964844,52.369998931884766,52.13999938964844,42472900,False
XLF,2025-07-01,52.2400016784668,52.77000045776367,52.209999084472656,52.65999984741211,52.209999084472656,33844800,False
XLF,2025-07-02,52.75,52.7599983215332,52.34000015258789,52.619998931884766,52.34000015258789,40791100,False
XLF,2025-07-03,52.75,53.27000045776367,52.70000076293945,53.189998626708984,52.70000076293945,25904800,False
XLF,2025-07-07,53.130001068115234,53.25,52.41999816894531,52.68000030517578,52.41999816894531,34049000,False
XLF,2025-07-08,52.560001373291016,52.599998474121094,52.18000030517578,52.209999084472656,52.18000030517578,53715000,False
XLF,2025-07-09,52.47999954223633,52.5,52.13999938964844,52.400001525878906,52.13999938964844,36634900,False
XLF,2025-07-10,52.279998779296875,52.7599983215332,52.279998779296875,52.709999084472656,52.279998779296875,27992600,False
XLF,2025-07-11,52.36000061035156,52.40999984741211,52.08000183105469,52.15999984741211,52.08000183105469,30289900,False
XLF,2025-07-14,52.150001525878906,52.58000183105469,52.02000045776367,52.54999923706055,52.02000045776367,27636500,False
XLF,2025-07-15,52.34000015258789,52.45000076293945,51.650001525878906,51.650001525878906,51.650001525878906,47704600,False
XLF,2025-07-16,51.93000030517578,52.060001373291016,51.33000183105469,52.0099983215332,51.39461135864258,46726500,False
XLF,2025-07-17,51.869998931884766,52.599998474121094,51.810001373291016,52.5099983215332,51.888694763183594,48213900,False
XLF,2025-07-18,52.58000183105469,52.650001525878906,52.43000030517578,52.540000915527344,52.43000030517578,29791300,False
XLF,2025-07-21,52.56999969482422,52.939998626708984,52.369998931884766,52.38999938964844,52.369998931884766,36871400,False
XLF,2025-07-22,52.5,52.75,52.470001220703125,52.68000030517578,52.470001220703125,32289100,False
XLF,2025-07-23,52.79999923706055,53.099998474121094,52.560001373291016,53.099998474121094,52.560001373291016,32111300,False
XLF,2025-07-24,53.119998931884766,53.439998626708984,53.0099983215332,53.06999969482422,53.0099983215332,32371900,False
XLF,2025-07-25,53.099998474121094,53.4900016784668,52.9900016784668,53.439998626708984,52.9900016784668,28964700,False
XLF,2025-07-28,53.380001068115234,53.439998626708984,52.959999084472656,53.06999969482422,52.959999084472656,29119300,False
XLF,2025-07-29,53.25,53.29999923706055,52.68000030517578,52.79999923706055,52.68000030517578,37883200,False
XLF,2025-07-30,52.779998779296875,53.029998779296875,52.439998626708984,52.70000076293945,52.439998626708984,37260100,False
XLF,2025-07-31,52.47999954223633,52.9900016784668,52.27000045776367,52.369998931884766,52.27000045776367,46179400,False
XLF,2025-08-01,51.720001220703125,51.7599983215332,51.04999923706055,51.400001525878906,51.04999923706055,63060800,False
XLF,2025-08-04,51.599998474121094,51.90999984741211,51.4900016784668,51.90999984741211,51.4900016784668,40053100,False
XLF,2025-08-05,52.04999923706055,52.09000015258789,51.36000061035156,51.70000076293945,51.36000061035156,33551000,False
XLF,2025-08-06,51.810001373291016,52.029998779296875,51.65999984741211,51.95000076293945,51.65999984741211,34198700,False
XLF,2025-08-07,52.18000030517578,52.25,51.220001220703125,51.369998931884766,51.220001220703125,43119400,False
XLF,2025-08-08,51.66999816894531,51.970001220703125,51.5,51.849998474121094,51.5,39484400,False
XLF,2025-08-11,51.959999084472656,52.029998779296875,51.720001220703125,51.83000183105469,51.720001220703125,29351200,False
XLF,2025-08-12,52.04999923706055,52.54999923706055,52.040000915527344,52.459999084472656,52.040000915527344,37510000,False
XLF,2025-08-13,52.65999984741211,52.90999984741211,52.4900016784668,52.7599983215332,52.4900016784668,41154900,False
XLF,2025-08-14,52.709999084472656,53.04999923706055,52.529998779296875,53.0099983215332,52.529998779296875,35841500,False
XLF,2025-08-15,53.130001068115234,53.15999984741211,52.41999816894531,52.459999084472656,52.41999816894531,46108500,False
XLF,2025-08-18,52.38999938964844,52.560001373291016,52.290000915527344,52.5,52.290000915527344,25405100,False
XLF,2025-08-19,52.45000076293945,52.869998931884766,52.45000076293945,52.599998474121094,52.45000076293945,24870800,False
XLF,2025-08-20,52.63999938964844,53.0099983215332,52.5099983215332,52.869998931884766,52.5099983215332,39138800,False
XLF,2025-08-21,52.720001220703125,52.79999923706055,52.349998474121094,52.70000076293945,52.349998474121094,29037000,False
XLF,2025-08-22,52.970001220703125,53.68000030517578,52.95000076293945,53.56999969482422,52.95000076293945,47249800,False
XLF,2025-08-25,53.470001220703125,53.58000183105469,53.2400016784668,53.2599983215332,53.2400016784668,24756500,False
XLF,2025-08-26,53.099998474121094,53.689998626708984,53.099998474121094,53.66999816894531,53.099998474121094,27907000,False
XLF,2025-08-27,53.540000915527344,53.939998626708984,53.5099983215332,53.779998779296875,53.5099983215332,39530100,False
XLF,2025-08-28,53.88999938964844,53.90999984741211,53.70000076293945,53.849998474121094,53.70000076293945,28837300,False
XLF,2025-08-29,53.900001525878906,54.13999938964844,53.79999923706055,53.9900016784668,53.79999923706055,36062400,False
XLF,2025-09-02,53.70000076293945,53.70000076293945,53.119998931884766,53.59000015258789,53.119998931884766,38733100,False
XLF,2025-09-03,53.5,53.599998474121094,53.130001068115234,53.5,53.130001068115234,36420100,False
XLF,2025-09-04,53.689998626708984,54.08000183105469,53.56999969482422,54.060001373291016,53.56999969482422,32730000,False
XLF,2025-09-05,54.11000061035156,54.25,52.869998931884766,53.06999969482422,52.869998931884766,58377100,False
XLF,2025-09-08,53.09000015258789,53.16999816894531,52.84000015258789,53.11000061035156,52.84000015258789,49490900,False
XLF,2025-09-09,52.97999954223633,53.59000015258789,52.959999084472656,53.34000015258789,52.959999084472656,38884500,False
XLF,2025-09-10,53.16999816894531,53.400001525878906,52.93000030517578,53.15999984741211,52.93000030517578,32915900,False
XLF,2025-09-11,53.189998626708984,54.06999969482422,53.18000030517578,54.029998779296875,53.390708923339844,36635400,False
XLF,2025-09-12,53.959999084472656,54.06999969482422,53.709999084472656,53.79999923706055,53.709999084472656,25705900,False
XLF,2025-09-15,53.88999938964844,54.09000015258789,53.619998931884766,53.68000030517578,53.619998931884766,31922000,False
XLF,2025-09-16,53.61000061035156,53.66999816894531,53.27000045776367,53.560001373291016,53.27000045776367,28482500,False
XLF,2025-09-17,53.66999816894531,54.33000183105469,53.650001525878906,54.08000183105469,53.650001525878906,47976100,False
XLF,2025-09-18,54.11000061035156,54.5,53.9900016784668,54.130001068115234,53.9900016784668,36609100,False
XLF,2025-09-19,54.2599983215332,54.40999984741211,53.91999816894531,54.25,53.91999816894531,46731400,False
XLF,2025-09-22,53.70000076293945,54.060001373291016,53.63999938964844,54.0,53.63999938964844,32393000,False
XLF,2025-09-23,53.95000076293945,54.4900016784668,53.630001068115234,53.7599983215332,53.630001068115234,28698900,False
XLF,2025-09-24,53.83000183105469,53.959999084472656,53.5,53.61000061035156,53.5,23893400,False
XLF,2025-09-25,53.470001220703125,53.709999084472656,53.2400016784668,53.470001220703125,53.2400016784668,24757500,False
XLF,2025-09-26,53.709999084472656,54.099998474121094,53.63999938964844,53.86000061035156,53.63999938964844,30686100,False
XLF,2025-09-29,54.040000915527344,54.150001525878906,53.7400016784668,54.130001068115234,53.7400016784668,20713800,False
XLF,2025-09-30,54.060001373291016,54.2400016784668,53.41999816894531,53.869998931884766,53.41999816894531,32442200,False
XLF,2025-10-01,53.61000061035156,53.7599983215332,53.369998931884766,53.38999938964844,53.369998931884766,33210100,False
XLF,2025-10-02,53.310001373291016,53.47999954223633,53.060001373291016,53.349998474121094,53.060001373291016,32443400,False
XLF,2025-10-03,53.41999816894531,53.970001220703125,53.380001068115234,53.720001220703125,53.380001068115234,32111600,False
XLF,2025-10-06,53.93000030517578,54.06999969482422,53.29999923706055,53.70000076293945,53.29999923706055,32001300,False
XLF,2025-10-07,53.880001068115234,54.04999923706055,53.52000045776367,53.77000045776367,53.52000045776367,31250500,False
XLF,2025-10-08,53.93000030517578,53.95000076293945,53.34000015258789,53.5099983215332,53.34000015258789,26848700,False
XLF,2025-10-09,53.630001068115234,53.810001373291016,53.189998626708984,53.31999969482422,53.189998626708984,33922400,False
XLF,2025-10-10,53.459999084472656,53.68000030517578,52.15999984741211,52.15999984741211,52.15999984741211,73596200,False
XLF,2025-10-13,52.54999923706055,52.81999969482422,52.34000015258789,52.65999984741211,52.34000015258789,39651900,False
XLF,2025-10-14,52.45000076293945,53.650001525878906,52.25,53.2400016784668,52.78324890136719,62588700,False
XLF,2025-10-15,53.43000030517578,53.7599983215332,52.86000061035156,53.2400016784668,52.86000061035156,39526600,False
XLF,2025-10-16,53.09000015258789,53.119998931884766,51.540000915527344,51.7599983215332,51.540000915527344,85420100,False
XLF,2025-10-17,51.900001525878906,52.36000061035156,51.72999954223633,52.18000030517578,51.732337951660156,52288900,False
XLF,2025-10-20,52.36000061035156,52.900001525878906,52.290000915527344,52.790000915527344,52.33710479736328,39479600,False
XLF,2025-10-21,52.65999984741211,53.130001068115234,52.65999984741211,52.72999954223633,52.65999984741211,31213600,False
XLF,2025-10-22,52.779998779296875,52.81999969482422,52.119998931884766,52.43000030517578,52.119998931884766,53727500,False
XLF,2025-10-23,52.59000015258789,52.68000030517578,52.290000915527344,52.540000915527344,52.290000915527344,29483700,False
XLF,2025-10-24,52.849998474121094,53.279998779296875,52.810001373291016,53.11000061035156,52.810001373291016,31947800,False
XLF,2025-10-27,53.369998931884766,53.43000030517578,53.20000076293945,53.33000183105469,53.20000076293945,27154100,False
XLF,2025-10-28,53.33000183105469,53.400001525878906,52.939998626708984,52.9900016784668,52.939998626708984,33648000,False
XLF,2025-10-29,52.45000076293945,52.58000183105469,51.869998931884766,52.09000015258789,51.869998931884766,61846300,False
XLF,2025-10-30,52.02000045776367,52.81999969482422,52.02000045776367,52.22999954223633,52.02000045776367,48568700,False
XLF,2025-10-31,52.0099983215332,52.5,51.939998626708984,52.369998931884766,51.939998626708984,40425800,False
XLF,2025-11-03,52.33000183105469,52.34000015258789,51.650001525878906,52.150001525878906,51.702598571777344,38693200,False
XLF,2025-11-04,51.95000076293945,52.540000915527344,51.84000015258789,52.41999816894531,51.97027587890625,44675200,False
XLF,2025-11-05,52.4900016784668,52.81999969482422,52.18000030517578,52.599998474121094,52.18000030517578,38036300,False
XLF,2025-11-06,52.5099983215332,52.70000076293945,52.16999816894531,52.40999984741211,52.16999816894531,42625700,False
XLF,2025-11-07,52.279998779296875,52.79999923706055,52.09000015258789,52.779998779296875,52.32719039916992,46218700,False
XLF,2025-11-10,52.93000030517578,53.150001525878906,52.650001525878906,52.970001220703125,52.650001525878906,42010600,False
XLF,2025-11-11,53.06999969482422,53.34000015258789,52.880001068115234,53.209999084472656,52.880001068115234,29995800,False
XLF,2025-11-12,53.220001220703125,53.88999938964844,53.220001220703125,53.66999816894531,53.220001220703125,46052700,False
XLF,2025-11-13,53.56999969482422,53.7599983215332,52.880001068115234,52.97999954223633,52.880001068115234,50455300,False
XLF,2025-11-14,52.810001373291016,52.810001373291016,52.27000045776367,52.45000076293945,52.27000045776367,46154600,False
XLF,2025-11-17,52.470001220703125,52.4900016784668,51.25,51.45000076293945,51.25,70048500,False
XLF,2025-11-18,51.279998779296875,51.75,51.150001525878906,51.369998931884766,51.150001525878906,66043600,False
XLF,2025-11-19,51.380001068115234,51.650001525878906,51.189998626708984,51.560001373291016,51.189998626708984,46003900,False
XLF,2025-11-20,52.029998779296875,52.38999938964844,51.08000183105469,51.11000061035156,51.08000183105469,70096400,False
XLF,2025-11-21,51.459999084472656,51.970001220703125,51.13999938964844,51.66999816894531,51.226715087890625,68942900,False
XLF,2025-11-24,51.7400016784668,51.970001220703125,51.33000183105469,51.88999938964844,51.444828033447266,43789100,False
XLF,2025-11-25,52.11000061035156,52.65999984741211,51.90999984741211,52.540000915527344,52.08925247192383,50989800,False
XLF,2025-11-26,52.66999816894531,53.150001525878906,52.599998474121094,52.95000076293945,52.599998474121094,35268500,False
XLF,2025-11-28,53.099998474121094,53.54999923706055,53.029998779296875,53.33000183105469,53.029998779296875,16136100,False
XLF,2025-12-01,53.06999969482422,53.400001525878906,52.84000015258789,52.88999938964844,52.84000015258789,29296300,False
XLF,2025-12-02,52.9900016784668,53.13999938964844,52.63999938964844,52.84000015258789,52.63999938964844,29771500,False
XLF,2025-12-03,52.939998626708984,53.599998474121094,52.880001068115234,53.54999923706055,53.0905876159668,32018000,False
XLF,2025-12-04,53.59000015258789,53.90999984741211,53.470001220703125,53.65999984741211,53.470001220703125,33678700,False
XLF,2025-12-05,53.540000915527344,53.93000030517578,53.45000076293945,53.68000030517578,53.45000076293945,28532300,False
XLF,2025-12-08,53.70000076293945,53.709999084472656,53.279998779296875,53.47999954223633,53.279998779296875,31164200,False
XLF,2025-12-09,53.5,53.95000076293945,53.25,53.279998779296875,53.25,46335400,False
XLF,2025-12-10,53.279998779296875,54.08000183105469,53.209999084472656,53.88999938964844,53.427669525146484,45437500,False
XLF,2025-12-11,53.959999084472656,54.97999954223633,53.93000030517578,54.869998931884766,54.399261474609375,51786500,False
XLF,2025-12-12,55.15999984741211,55.209999084472656,54.709999084472656,54.95000076293945,54.709999084472656,64428900,False
XLF,2025-12-15,55.18000030517578,55.310001373291016,54.81999969482422,54.9900016784668,54.81999969482422,35356800,False
XLF,2025-12-16,55.040000915527344,55.15999984741211,54.47999954223633,54.63999938964844,54.47999954223633,37342300,False
XLF,2025-12-17,54.79999923706055,55.06999969482422,54.58000183105469,54.630001068115234,54.58000183105469,41112400,False
XLF,2025-12-18,54.77000045776367,55.02000045776367,54.36000061035156,54.540000915527344,54.36000061035156,35021600,False
XLF,2025-12-19,54.560001373291016,55.02000045776367,54.560001373291016,54.84000015258789,54.560001373291016,46595300,False
XLF,2025-12-22,54.75,55.439998626708984,54.7400016784668,55.31999969482422,55.03709030151367,37987800,False
XLF,2025-12-23,55.310001373291016,55.560001373291016,55.310001373291016,55.43000030517578,55.310001373291016,24732900,False
XLF,2025-12-24,55.5099983215332,55.88999938964844,55.40999984741211,55.72999954223633,55.44499206542969,15685800,False
XLF,2025-12-26,55.709999084472656,55.79999923706055,55.439998626708984,55.619998931884766,55.439998626708984,20410100,False
XLF,2025-12-29,55.59000015258789,55.68000030517578,55.2599983215332,55.31999969482422,55.2599983215332,34223800,False
XLF,2025-12-30,55.400001525878906,55.400001525878906,55.13999938964844,55.18000030517578,55.13999938964844,16160900,False
XLF,2025-12-31,55.220001220703125,55.2599983215332,54.75,54.77000045776367,54.75,22996200,False
XLF,2026-01-02,54.83000183105469,55.0,54.34000015258789,54.93000030517578,54.64908218383789,36087100,False
XLF,2026-01-05,54.81999969482422,56.5099983215332,54.81999969482422,56.130001068115234,55.84294891357422,58044100,False
XLF,2026-01-06,56.040000915527344,56.52000045776367,55.9900016784668,56.400001525878906,56.111568450927734,38950800,False
XLF,2026-01-07,56.22999954223633,56.34000015258789,55.540000915527344,55.61000061035156,55.540000915527344,44720900,False
XLF,2026-01-08,55.45000076293945,56.25,55.40999984741211,55.900001525878906,55.6141242980957,35358300,False
XLF,2026-01-09,55.97999954223633,56.15999984741211,55.720001220703125,55.72999954223633,55.720001220703125,29544900,False
XLF,2026-01-12,55.029998779296875,55.36000061035156,54.84000015258789,55.290000915527344,55.00724411010742,42021600,False
XLF,2026-01-13,55.150001525878906,55.22999954223633,54.150001525878906,54.22999954223633,54.150001525878906,77045100,False
XLF,2026-01-14,54.04999923706055,54.18000030517578,53.689998626708984,54.150001525878906,53.87307357788086,59754600,False
XLF,2026-01-15,54.220001220703125,54.70000076293945,54.209999084472656,54.369998931884766,54.209999084472656,48490800,False
XLF,2026-01-16,54.369998931884766,54.7599983215332,54.290000915527344,54.439998626708984,54.290000915527344,44363200,False
XLF,2026-01-20,53.61000061035156,54.11000061035156,53.099998474121094,53.20000076293945,53.099998474121094,57030800,False
XLF,2026-01-21,53.369998931884766,53.83000183105469,53.2400016784668,53.459999084472656,53.2400016784668,49360300,False
XLF,2026-01-22,53.650001525878906,54.04999923706055,53.63999938964844,53.810001373291016,53.63999938964844,46919300,False
XLF,2026-01-23,53.4900016784668,53.5099983215332,52.880001068115234,53.06999969482422,52.880001068115234,47057500,False
XLF,2026-01-26,53.099998474121094,53.54999923706055,53.09000015258789,53.40999984741211,53.13685607910156,31072700,False
XLF,2026-01-27,53.31999969482422,53.43000030517578,52.84000015258789,53.0,52.84000015258789,38633700,False
XLF,2026-01-28,52.93000030517578,53.209999084472656,52.7599983215332,52.9900016784668,52.7599983215332,45450800,False
XLF,2026-01-29,53.31999969482422,53.630001068115234,52.9900016784668,53.54999923706055,53.27614212036133,51975400,False
XLF,2026-01-30,53.380001068115234,53.65999984741211,53.02000045776367,53.439998626708984,53.16670227050781,42767000,False
XLF,2026-02-02,53.45000076293945,54.09000015258789,53.20000076293945,54.029998779296875,53.753684997558594,48031500,False
XLF,2026-02-03,53.720001220703125,54.16999816894531,53.15999984741211,53.529998779296875,53.25624084472656,66887100,False
XLF,2026-02-04,53.5099983215332,54.18000030517578,53.400001525878906,53.959999084472656,53.684043884277344,59506400,False
XLF,2026-02-05,53.939998626708984,54.060001373291016,53.18000030517578,53.290000915527344,53.18000030517578,64475000,False
XLF,2026-02-06,53.83000183105469,54.349998474121094,53.83000183105469,54.2599983215332,53.98250961303711,53073800,False
XLF,2026-02-09,54.08000183105469,54.38999938964844,53.900001525878906,53.939998626708984,53.900001525878906,31699900,False
XLF,2026-02-10,53.70000076293945,54.2599983215332,53.119998931884766,53.54999923706055,53.27614212036133,57920800,False
XLF,2026-02-11,53.66999816894531,53.93000030517578,52.689998626708984,52.7400016784668,52.689998626708984,60339900,False
XLF,2026-02-12,52.900001525878906,53.11000061035156,51.43000030517578,51.689998626708984,51.43000030517578,94645100,False
XLF,2026-02-13,51.54999923706055,51.93000030517578,51.25,51.650001525878906,51.385860443115234,56449300,False
XLF,2026-02-17,51.81999969482422,52.40999984741211,51.81999969482422,52.20000076293945,51.93304443359375,54064700,False
XLF,2026-02-18,52.349998474121094,52.779998779296875,52.279998779296875,52.59000015258789,52.32105255126953,45224000,False
XLF,2026-02-19,52.13999938964844,52.380001068115234,51.7400016784668,52.150001525878906,51.88330078125,47344400,False
XLF,2026-02-20,52.040000915527344,52.5,51.720001220703125,52.4900016784668,52.22156524658203,52934100,False
XLF,2026-02-23,52.189998626708984,52.470001220703125,50.63999938964844,50.72999954223633,50.63999938964844,94600400,False
XLF,2026-02-24,50.45000076293945,51.18000030517578,50.2400016784668,50.97999954223633,50.71928405761719,64114100,False
XLF,2026-02-25,51.2400016784668,51.88999938964844,51.16999816894531,51.869998931884766,51.604732513427734,47652800,False
XLF,2026-02-26,52.06999969482422,52.65999984741211,51.97999954223633,52.5,52.231510162353516,60884300,False
XLF,2026-02-27,51.880001068115234,52.060001373291016,51.0099983215332,51.43000030517578,51.16698455810547,81998700,False
XLF,2026-03-02,50.61000061035156,51.630001068115234,50.459999084472656,51.29999923706055,51.03764724731445,70107200,False
XLF,2026-03-03,50.290000915527344,51.54999923706055,50.08000183105469,51.209999084472656,50.9481086730957,94738700,False
XLF,2026-03-04,51.33000183105469,51.650001525878906,51.08000183105469,51.5,51.23662567138672,51472400,False
XLF,2026-03-05,51.2400016784668,51.81999969482422,50.90999984741211,51.22999954223633,50.9680061340332,58430700,False
XLF,2026-03-06,50.439998626708984,50.619998931884766,49.75,50.56999969482422,50.31138229370117,75632700,False
XLF,2026-03-09,49.91999816894531,50.52000045776367,49.18000030517578,50.33000183105469,50.072608947753906,78178700,False
XLF,2026-03-10,50.33000183105469,50.689998626708984,49.75,50.060001373291016,49.80398941040039,70834200,False
XLF,2026-03-11,49.97999954223633,50.119998931884766,49.220001220703125,49.63999938964844,49.38613510131836,56301200,False
XLF,2026-03-12,48.97999954223633,49.220001220703125,48.790000915527344,48.83000183105469,48.790000915527344,67871700,False
XLF,2026-03-13,49.11000061035156,49.459999084472656,48.849998474121094,48.88999938964844,48.849998474121094,47595200,False
XLF,2026-03-16,49.25,49.75,49.11000061035156,49.29999923706055,49.11000061035156,45720100,False
XLF,2026-03-17,49.70000076293945,50.189998626708984,49.5099983215332,49.560001373291016,49.5099983215332,46974000,False
XLF,2026-03-18,49.369998931884766,49.709999084472656,48.91999816894531,48.970001220703125,48.91999816894531,49239100,False
XLF,2026-03-19,48.77000045776367,49.18000030517578,48.52000045776367,48.9900016784668,48.739463806152344,58374000,False
XLF,2026-03-20,48.959999084472656,49.34000015258789,48.790000915527344,49.08000183105469,48.829002380371094,82914000,False
XLF,2026-03-23,49.70000076293945,49.86000061035156,49.220001220703125,49.27000045776367,49.27000045776367,81044800,False
XLF,2026-03-24,48.79999923706055,49.59000015258789,48.779998779296875,49.279998779296875,49.279998779296875,43296400,False
XLF,2026-03-25,49.59000015258789,49.95000076293945,48.9900016784668,49.34000015258789,49.34000015258789,40438800,False
XLF,2026-03-26,49.11000061035156,49.4900016784668,48.880001068115234,49.04999923706055,49.04999923706055,45035700,False
XLF,2026-03-27,48.790000915527344,48.84000015258789,47.66999816894531,47.810001373291016,47.810001373291016,64823900,False
XLF,2026-03-30,48.22999954223633,48.720001220703125,48.09000015258789,48.36000061035156,48.36000061035156,58128900,False
XLF,2026-03-31,48.91999816894531,49.459999084472656,48.5099983215332,49.369998931884766,49.369998931884766,85361900,False
XLF,2026-04-01,49.79999923706055,49.849998474121094,49.13999938964844,49.439998626708984,49.439998626708984,61558300,False
XLF,2026-04-02,48.83000183105469,49.810001373291016,48.599998474121094,49.529998779296875,49.529998779296875,39519800,False
XLF,2026-04-06,49.5099983215332,50.0099983215332,49.45000076293945,49.880001068115234,49.880001068115234,27345800,False
XLF,2026-04-07,49.619998931884766,50.02000045776367,49.5,49.880001068115234,49.880001068115234,31750000,False
XLF,2026-04-08,51.189998626708984,51.47999954223633,50.959999084472656,51.20000076293945,51.20000076293945,48175400,False
XLF,2026-04-09,50.939998626708984,51.540000915527344,50.79999923706055,51.33000183105469,51.33000183105469,30330500,False
XLF,2026-04-10,51.22999954223633,51.290000915527344,50.63999938964844,50.77000045776367,50.77000045776367,35427500,False
XLF,2026-04-13,50.5,51.66999816894531,50.41999816894531,51.65999984741211,51.65999984741211,33635900,False
XLF,2026-04-14,51.5099983215332,51.90999984741211,51.439998626708984,51.779998779296875,51.779998779296875,36498400,False
XLF,2026-04-15,52.06999969482422,52.33000183105469,51.81999969482422,52.16999816894531,52.16999816894531,33804700,False
XLF,2026-04-16,52.09000015258789,52.40999984741211,51.91999816894531,52.029998779296875,52.029998779296875,25432000,False
XLF,2026-04-17,52.369998931884766,52.97999954223633,52.29999923706055,52.43000030517578,52.43000030517578,45183400,False
XLF,2026-04-20,52.34000015258789,52.7599983215332,52.2599983215332,52.630001068115234,52.630001068115234,26160600,False
XLF,2026-04-21,52.709999084472656,53.189998626708984,52.20000076293945,52.29999923706055,52.29999923706055,34150100,False
XLF,2026-04-22,52.47999954223633,52.650001525878906,52.06999969482422,52.209999084472656,52.209999084472656,31838400,False
XLF,2026-04-23,52.08000183105469,52.16999816894531,51.29999923706055,51.79999923706055,51.79999923706055,44647900,False
XLF,2026-04-24,51.58000183105469,51.66999816894531,51.31999969482422,51.41999816894531,51.41999816894531,27225300,False
XLF,2026-04-27,51.310001373291016,51.900001525878906,51.27000045776367,51.810001373291016,51.810001373291016,25764300,False
XLF,2026-04-28,52.20000076293945,52.400001525878906,51.79999923706055,51.849998474121094,51.849998474121094,24337500,False
XLF,2026-04-29,52.130001068115234,52.29999923706055,51.70000076293945,51.91999816894531,51.91999816894531,22153100,False
XLF,2026-04-30,51.5099983215332,52.25,51.20000076293945,52.130001068115234,52.130001068115234,31406400,False
XLF,2026-05-01,52.400001525878906,52.61000061035156,51.91999816894531,51.91999816894531,51.91999816894531,39618200,False
XLF,2026-05-04,51.779998779296875,52.189998626708984,51.4900016784668,51.58000183105469,51.58000183105469,44456300,False
XLF,2026-05-05,51.56999969482422,51.77000045776367,51.380001068115234,51.59000015258789,51.59000015258789,27419600,False
XLF,2026-05-06,51.91999816894531,52.2400016784668,51.779998779296875,51.84000015258789,51.84000015258789,39084600,False
XLF,2026-05-07,51.779998779296875,52.08000183105469,51.41999816894531,51.54999923706055,51.54999923706055,36983100,False
XLF,2026-05-08,51.68000030517578,51.7400016784668,51.13999938964844,51.2400016784668,51.2400016784668,29627700,False
XLF,2026-05-11,51.2599983215332,51.459999084472656,50.959999084472656,51.18000030517578,51.18000030517578,30743200,False
