ticker,fecha,open,high,low,close,adj_close,volume,anomalia
XLK,2019-01-02,30.354999542236328,31.19499969482422,30.315000534057617,31.010000228881836,29.06829833984375,30885800,False
XLK,2019-01-03,30.219999313354492,30.239999771118164,29.405000686645508,29.44499969482422,27.601289749145508,49893400,False
XLK,2019-01-04,29.985000610351562,30.8799991607666,29.889999389648438,30.75,28.824575424194336,41535600,False
XLK,2019-01-07,30.75,31.235000610351562,30.68000030517578,31.024999618530273,29.082359313964844,23817200,False
XLK,2019-01-08,31.325000762939453,31.434999465942383,30.915000915527344,31.28499984741211,29.32607650756836,26005200,False
XLK,2019-01-09,31.454999923706055,31.854999542236328,31.420000076293945,31.690000534057617,29.705718994140625,28044800,False
XLK,2019-01-10,31.440000534057617,31.844999313354492,31.295000076293945,31.829999923706055,29.836959838867188,21868200,False
XLK,2019-01-11,31.645000457763672,31.790000915527344,31.575000762939453,31.770000457763672,29.78070831298828,15451200,False
XLK,2019-01-14,31.489999771118164,31.584999084472656,31.364999771118164,31.475000381469727,29.504180908203125,14483800,False
XLK,2019-01-15,31.575000762939453,32.01499938964844,31.520000457763672,31.950000762939453,29.94944190979004,28654000,False
XLK,2019-01-16,31.985000610351562,32.17499923706055,31.920000076293945,31.979999542236328,29.97756004333496,18937000,False
XLK,2019-01-17,31.864999771118164,32.369998931884766,31.780000686645508,32.185001373291016,30.169729232788086,20256800,False
XLK,2019-01-18,32.505001068115234,32.7400016784668,32.29499816894531,32.67499923706055,30.629051208496094,27303200,False
XLK,2019-01-22,32.40999984741211,32.46500015258789,31.8700008392334,32.125,30.113479614257812,29985000,False
XLK,2019-01-23,32.2599983215332,32.5,31.875,32.23500061035156,30.216598510742188,19152200,False
XLK,2019-01-24,32.349998474121094,32.619998931884766,32.334999084472656,32.505001068115234,30.469688415527344,28341800,False
XLK,2019-01-25,32.75,33.064998626708984,32.630001068115234,32.96500015258789,30.900882720947266,20061600,False
XLK,2019-01-28,32.474998474121094,32.53499984741211,32.255001068115234,32.525001525878906,30.488433837890625,19324800,False
XLK,2019-01-29,32.59000015258789,32.595001220703125,32.125,32.17499923706055,30.160348892211914,17147800,False
XLK,2019-01-30,32.709999084472656,33.27000045776367,32.564998626708984,33.17499923706055,31.097734451293945,33990600,False
XLK,2019-01-31,33.005001068115234,33.31999969482422,32.900001525878906,33.13999938964844,31.06492805480957,36501800,False
XLK,2019-02-01,33.154998779296875,33.51499938964844,33.10499954223633,33.334999084472656,31.247724533081055,19475600,False
XLK,2019-02-04,33.380001068115234,33.875,33.35499954223633,33.869998931884766,31.749210357666016,15208600,False
XLK,2019-02-05,33.98500061035156,34.2400016784668,33.94499969482422,34.154998779296875,32.01637268066406,24121400,False
XLK,2019-02-06,34.19499969482422,34.3650016784668,34.064998626708984,34.27000045776367,32.124168395996094,20379200,False
XLK,2019-02-07,33.95500183105469,34.099998474121094,33.56999969482422,33.79999923706055,31.683603286743164,29264000,False
XLK,2019-02-08,33.494998931884766,33.994998931884766,33.474998474121094,33.994998931884766,31.866390228271484,16977600,False
XLK,2019-02-11,34.099998474121094,34.20500183105469,33.900001525878906,33.97999954223633,31.852327346801758,14869400,False
XLK,2019-02-12,34.21500015258789,34.474998474121094,34.165000915527344,34.43000030517578,32.27415466308594,19418200,False
XLK,2019-02-13,34.599998474121094,34.724998474121094,34.45500183105469,34.474998474121094,32.31633377075195,18241800,False
XLK,2019-02-14,34.345001220703125,34.65999984741211,34.31999969482422,34.53499984741211,32.37258529663086,19484000,False
XLK,2019-02-15,34.79499816894531,34.845001220703125,34.6150016784668,34.810001373291016,32.63036346435547,14712000,False
XLK,2019-02-19,34.66999816894531,34.92499923706055,34.6349983215332,34.81999969482422,32.63973617553711,16638200,False
XLK,2019-02-20,34.849998474121094,35.005001068115234,34.67499923706055,34.86000061035156,32.67723083496094,19704200,False
XLK,2019-02-21,34.775001525878906,35.01499938964844,34.65999984741211,34.875,32.691287994384766,19508200,False
XLK,2019-02-22,35.03499984741211,35.34000015258789,35.025001525878906,35.31999969482422,33.10841369628906,24493200,False
XLK,2019-02-25,35.584999084472656,35.73500061035156,35.46500015258789,35.4900016784668,33.26778030395508,40341000,False
XLK,2019-02-26,35.3650016784668,35.665000915527344,35.334999084472656,35.564998626708984,33.33808517456055,28268000,False
XLK,2019-02-27,35.43000030517578,35.57500076293945,35.165000915527344,35.529998779296875,33.305274963378906,19555000,False
XLK,2019-02-28,35.400001525878906,35.564998626708984,35.34000015258789,35.43000030517578,33.211544036865234,18876600,False
XLK,2019-03-01,35.709999084472656,35.76499938964844,35.3849983215332,35.66999816894531,33.43650817871094,24668000,False
XLK,2019-03-04,35.81999969482422,35.90999984741211,35.13999938964844,35.53499984741211,33.30997085571289,31653000,False
XLK,2019-03-05,35.51499938964844,35.560001373291016,35.31999969482422,35.43000030517578,33.211544036865234,17907600,False
XLK,2019-03-06,35.404998779296875,35.44499969482422,35.20000076293945,35.244998931884766,33.038116455078125,26244200,False
XLK,2019-03-07,35.14500045776367,35.17499923706055,34.79499816894531,34.90999984741211,32.72410583496094,36996600,False
XLK,2019-03-08,34.4900016784668,34.935001373291016,34.41999816894531,34.904998779296875,32.71940612792969,25781400,False
XLK,2019-03-11,35.029998779296875,35.689998626708984,35.029998779296875,35.654998779296875,33.42243957519531,29153800,False
XLK,2019-03-12,35.755001068115234,35.98500061035156,35.64500045776367,35.8650016784668,33.61928939819336,36101200,False
XLK,2019-03-13,36.02000045776367,36.314998626708984,36.0,36.099998474121094,33.83958435058594,35667200,False
XLK,2019-03-14,36.15999984741211,36.28499984741211,36.07500076293945,36.17499923706055,33.90988540649414,21313200,False
XLK,2019-03-15,36.185001373291016,36.65999984741211,36.15999984741211,36.494998931884766,34.32038116455078,42049000,False
XLK,2019-03-18,36.52000045776367,36.744998931884766,36.42499923706055,36.650001525878906,34.46613311767578,29675200,False
XLK,2019-03-19,36.79999923706055,36.900001525878906,36.58000183105469,36.724998474121094,34.53667068481445,32306200,False
XLK,2019-03-20,36.685001373291016,36.92499923706055,36.404998779296875,36.625,34.44264221191406,27408600,False
XLK,2019-03-21,36.630001068115234,37.625,36.625,37.54499816894531,35.30781555175781,54548200,False
XLK,2019-03-22,37.349998474121094,37.505001068115234,36.64500045776367,36.65999984741211,34.47554397583008,53494800,False
XLK,2019-03-25,36.540000915527344,36.744998931884766,36.26499938964844,36.5,34.32508087158203,43893800,False
XLK,2019-03-26,36.81999969482422,37.05500030517578,36.48500061035156,36.70000076293945,34.5131721496582,27930200,False
XLK,2019-03-27,36.755001068115234,36.89500045776367,36.16999816894531,36.4900016784668,34.31568145751953,31662400,False
XLK,2019-03-28,36.599998474121094,36.790000915527344,36.415000915527344,36.63999938964844,34.45673370361328,21079400,False
XLK,2019-03-29,36.94499969482422,37.01499938964844,36.76499938964844,37.0,34.7952880859375,28694400,False
XLK,2019-04-01,37.36000061035156,37.54999923706055,37.150001525878906,37.505001068115234,35.27020263671875,25181000,False
XLK,2019-04-02,37.53499984741211,37.685001373291016,37.41999816894531,37.6349983215332,35.3924560546875,23574200,False
XLK,2019-04-03,37.86000061035156,38.130001068115234,37.790000915527344,37.939998626708984,35.67927932739258,27738000,False
XLK,2019-04-04,37.92499923706055,38.025001525878906,37.55500030517578,37.779998779296875,35.528812408447266,23006200,False
XLK,2019-04-05,37.904998779296875,38.0,37.84000015258789,37.959999084472656,35.698081970214844,13419600,False
XLK,2019-04-08,37.869998931884766,38.125,37.709999084472656,38.10499954223633,35.83445358276367,14619800,False
XLK,2019-04-09,37.939998626708984,38.08000183105469,37.84000015258789,37.92499923706055,35.6651725769043,26880200,False
XLK,2019-04-10,37.959999084472656,38.20000076293945,37.939998626708984,38.189998626708984,35.91437911987305,17234800,False
XLK,2019-04-11,38.27000045776367,38.279998779296875,38.060001373291016,38.13999938964844,35.867366790771484,15394600,False
XLK,2019-04-12,38.35499954223633,38.404998779296875,38.13999938964844,38.404998779296875,36.116573333740234,17110000,False
XLK,2019-04-15,38.404998779296875,38.5,38.185001373291016,38.38999938964844,36.10247039794922,19821400,False
XLK,2019-04-16,38.5099983215332,38.625,38.400001525878906,38.584999084472656,36.28583908081055,19218600,False
XLK,2019-04-17,38.83000183105469,38.849998474121094,38.61000061035156,38.79999923706055,36.4880256652832,24495800,False
XLK,2019-04-18,38.8849983215332,38.91999816894531,38.619998931884766,38.90999984741211,36.59147644042969,22983800,False
XLK,2019-04-22,38.72999954223633,39.01499938964844,38.69499969482422,39.0,36.67612075805664,16168800,False
XLK,2019-04-23,39.060001373291016,39.474998474121094,39.02000045776367,39.42499923706055,37.07579040527344,33385600,False
XLK,2019-04-24,39.45500183105469,39.619998931884766,39.380001068115234,39.439998626708984,37.08989334106445,21876600,False
XLK,2019-04-25,39.619998931884766,39.72999954223633,39.220001220703125,39.43000030517578,37.080482482910156,22775200,False
XLK,2019-04-26,39.189998626708984,39.290000915527344,38.86000061035156,39.279998779296875,36.939422607421875,22100400,False
XLK,2019-04-29,39.28499984741211,39.415000915527344,39.244998931884766,39.290000915527344,36.94883346557617,21226400,False
XLK,2019-04-30,39.27000045776367,39.40999984741211,39.04999923706055,39.35499954223633,37.00995635986328,37685800,False
XLK,2019-05-01,39.75,39.849998474121094,39.25,39.255001068115234,36.915924072265625,30893600,False
XLK,2019-05-02,39.244998931884766,39.529998779296875,38.84000015258789,39.04999923706055,36.72312545776367,49977600,False
XLK,2019-05-03,39.189998626708984,39.45500183105469,39.1349983215332,39.41999816894531,37.07109451293945,26576600,False
XLK,2019-05-06,38.47999954223633,39.18000030517578,38.33000183105469,39.1150016784668,36.784263610839844,26045000,False
XLK,2019-05-07,38.67499923706055,38.82500076293945,37.92499923706055,38.275001525878906,35.99431228637695,41251200,False
XLK,2019-05-08,38.150001525878906,38.560001373291016,38.084999084472656,38.22999954223633,35.951995849609375,27334600,False
XLK,2019-05-09,37.755001068115234,38.095001220703125,37.33000183105469,37.970001220703125,35.70748519897461,38601800,False
XLK,2019-05-10,37.724998474121094,38.2599983215332,37.18000030517578,38.09000015258789,35.82034683227539,39192400,False
XLK,2019-05-13,37.01499938964844,37.23500061035156,36.54999923706055,36.654998779296875,34.470848083496094,50922400,False
XLK,2019-05-14,36.84000015258789,37.474998474121094,36.810001373291016,37.244998931884766,35.02568817138672,36808600,False
XLK,2019-05-15,36.98500061035156,37.76499938964844,36.92499923706055,37.650001525878906,35.40655517578125,30097200,False
XLK,2019-05-16,37.67499923706055,38.27000045776367,37.625,37.994998931884766,35.730995178222656,30889400,False
XLK,2019-05-17,37.60499954223633,38.20000076293945,37.599998474121094,37.689998626708984,35.44417953491211,27087800,False
XLK,2019-05-20,37.05500030517578,37.345001220703125,36.85499954223633,37.03499984741211,34.82820129394531,29349200,False
XLK,2019-05-21,37.42499923706055,37.61000061035156,37.34000015258789,37.4900016784668,35.2560920715332,29682200,False
XLK,2019-05-22,37.244998931884766,37.52000045776367,37.224998474121094,37.29499816894531,35.07270050048828,23042200,False
XLK,2019-05-23,36.790000915527344,36.810001373291016,36.369998931884766,36.63999938964844,34.45673370361328,32171400,False
XLK,2019-05-24,36.84000015258789,37.029998779296875,36.61000061035156,36.650001525878906,34.46613311767578,23500000,False
XLK,2019-05-28,36.76499938964844,37.0,36.525001525878906,36.54499816894531,34.367393493652344,51545600,False
XLK,2019-05-29,36.275001525878906,36.505001068115234,36.084999084472656,36.33000183105469,34.16521453857422,29509600,False
XLK,2019-05-30,36.415000915527344,36.630001068115234,36.30500030517578,36.55500030517578,34.37680435180664,22841000,False
XLK,2019-05-31,36.1150016784668,36.28499984741211,35.93000030517578,35.94499969482422,33.80314254760742,24079600,False
XLK,2019-06-03,36.0,36.20000076293945,35.07500076293945,35.314998626708984,33.210693359375,39407400,False
XLK,2019-06-04,35.76499938964844,36.494998931884766,35.584999084472656,36.494998931884766,34.32038116455078,30192400,False
XLK,2019-06-05,36.97999954223633,37.05500030517578,36.54999923706055,36.970001220703125,34.7670783996582,28791600,False
XLK,2019-06-06,37.06999969482422,37.474998474121094,36.900001525878906,37.400001525878906,35.171451568603516,23845000,False
XLK,2019-06-07,37.595001220703125,38.31999969482422,37.52000045776367,38.095001220703125,35.82502365112305,23984200,False
XLK,2019-06-10,38.369998931884766,38.845001220703125,38.369998931884766,38.48500061035156,36.19179916381836,26927600,False
XLK,2019-06-11,38.875,38.915000915527344,38.26499938964844,38.48500061035156,36.19179916381836,23100200,False
XLK,2019-06-12,38.29999923706055,38.404998779296875,38.18000030517578,38.27000045776367,35.98961639404297,15193800,False
XLK,2019-06-13,38.404998779296875,38.52000045776367,38.244998931884766,38.3849983215332,36.09775161743164,19734800,False
XLK,2019-06-14,38.03499984741211,38.17499923706055,37.8849983215332,38.04999923706055,35.782718658447266,16883400,False
XLK,2019-06-17,38.07500076293945,38.27000045776367,37.994998931884766,38.08000183105469,35.810935974121094,18702200,False
XLK,2019-06-18,38.48500061035156,38.959999084472656,38.3650016784668,38.77000045776367,36.45982360839844,32362400,False
XLK,2019-06-19,38.869998931884766,39.0099983215332,38.60499954223633,38.90999984741211,36.59147644042969,24742400,False
XLK,2019-06-20,39.47999954223633,39.61000061035156,39.150001525878906,39.47999954223633,37.12750244140625,27783800,False
XLK,2019-06-21,39.19499969482422,39.494998931884766,39.13999938964844,39.154998779296875,36.95197296142578,41430400,False
XLK,2019-06-24,39.224998474121094,39.36000061035156,39.16999816894531,39.22999954223633,37.02275466918945,16431800,False
XLK,2019-06-25,39.209999084472656,39.244998931884766,38.46500015258789,38.5099983215332,36.34326171875,26245400,False
XLK,2019-06-26,38.8849983215332,39.20000076293945,38.875,38.92499923706055,36.73492431640625,18138400,False
XLK,2019-06-27,39.05500030517578,39.15999984741211,38.939998626708984,39.025001525878906,36.82929611206055,13675000,False
XLK,2019-06-28,39.14500045776367,39.189998626708984,38.900001525878906,39.02000045776367,36.824581146240234,35566800,False
XLK,2019-07-01,39.915000915527344,39.96500015258789,39.474998474121094,39.63999938964844,37.409690856933594,28553200,False
XLK,2019-07-02,39.619998931884766,39.77000045776367,39.529998779296875,39.744998931884766,37.50878143310547,15568400,False
XLK,2019-07-03,39.845001220703125,40.04999923706055,39.76499938964844,40.04999923706055,37.796627044677734,10683600,False
XLK,2019-07-05,39.724998474121094,40.04499816894531,39.58000183105469,39.974998474121094,37.72584533691406,11847800,False
XLK,2019-07-08,39.665000915527344,39.720001220703125,39.48500061035156,39.66999816894531,37.4379997253418,14919800,False
XLK,2019-07-09,39.46500015258789,39.84000015258789,39.404998779296875,39.810001373291016,37.570133209228516,18499600,False
XLK,2019-07-10,40.029998779296875,40.3650016784668,40.0,40.125,37.867401123046875,20217200,False
XLK,2019-07-11,40.224998474121094,40.43000030517578,40.13999938964844,40.275001525878906,38.00896072387695,22704400,False
XLK,2019-07-12,40.400001525878906,40.595001220703125,40.33000183105469,40.56999969482422,38.287376403808594,15506800,False
XLK,2019-07-15,40.68000030517578,40.755001068115234,40.59000015258789,40.70500183105469,38.41476821899414,12572000,False
XLK,2019-07-16,40.654998779296875,40.65999984741211,40.255001068115234,40.32500076293945,38.056148529052734,16011400,False
XLK,2019-07-17,40.400001525878906,40.4900016784668,40.21500015258789,40.220001220703125,37.95705795288086,13416000,False
XLK,2019-07-18,40.130001068115234,40.58000183105469,40.099998474121094,40.52000045776367,38.24018096923828,16044000,False
XLK,2019-07-19,40.92499923706055,40.939998626708984,40.29499816894531,40.345001220703125,38.07502365112305,23359400,False
XLK,2019-07-22,40.5,40.90999984741211,40.494998931884766,40.810001373291016,38.51386260986328,13849400,False
XLK,2019-07-23,41.04499816894531,41.07500076293945,40.72999954223633,41.03499984741211,38.7261962890625,11010800,False
XLK,2019-07-24,40.97999954223633,41.38999938964844,40.97999954223633,41.375,39.04706954956055,18514200,False
XLK,2019-07-25,41.28499984741211,41.28499984741211,40.98500061035156,41.20500183105469,38.886634826660156,19846800,False
XLK,2019-07-26,41.224998474121094,41.375,41.185001373291016,41.29499816894531,38.97157287597656,22240400,False
XLK,2019-07-29,41.314998626708984,41.34000015258789,40.95000076293945,41.27000045776367,38.94798278808594,16946400,False
XLK,2019-07-30,40.98500061035156,41.18000030517578,40.89500045776367,41.005001068115234,38.69789505004883,14728000,False
XLK,2019-07-31,41.224998474121094,41.27000045776367,39.959999084472656,40.3849983215332,38.112770080566406,33738600,False
XLK,2019-08-01,40.45500183105469,41.310001373291016,39.97999954223633,40.18000030517578,37.91930389404297,57666000,False
XLK,2019-08-02,39.85499954223633,39.869998931884766,39.165000915527344,39.525001525878906,37.30116653442383,44743800,False
XLK,2019-08-05,38.470001220703125,38.525001525878906,37.56999969482422,37.875,35.74399948120117,55653200,False
XLK,2019-08-06,38.3849983215332,38.64500045776367,38.064998626708984,38.505001068115234,36.33855056762695,38301600,False
XLK,2019-08-07,38.064998626708984,38.849998474121094,37.85499954223633,38.744998931884766,36.56504440307617,41164800,False
XLK,2019-08-08,39.05500030517578,39.70500183105469,38.95500183105469,39.69499969482422,37.46159362792969,31983200,False
XLK,2019-08-09,39.459999084472656,39.56999969482422,38.94499969482422,39.244998931884766,37.03691864013672,31145200,False
XLK,2019-08-12,38.974998474121094,39.119998931884766,38.54999923706055,38.72999954223633,36.55089569091797,21786800,False
XLK,2019-08-13,38.69499969482422,39.849998474121094,38.61000061035156,39.70000076293945,37.46631622314453,52085600,False
XLK,2019-08-14,38.970001220703125,39.14500045776367,38.380001068115234,38.47999954223633,36.314964294433594,47138600,False
XLK,2019-08-15,38.51499938964844,38.61000061035156,38.084999084472656,38.40999984741211,36.2488899230957,31324600,False
XLK,2019-08-16,38.80500030517578,39.220001220703125,38.75,39.13999938964844,36.937828063964844,21694000,False
XLK,2019-08-19,39.755001068115234,39.85499954223633,39.529998779296875,39.73500061035156,37.49934768676758,15756200,False
XLK,2019-08-20,39.685001373291016,39.8849983215332,39.51499938964844,39.53499984741211,37.31060028076172,16675400,False
XLK,2019-08-21,39.915000915527344,40.099998474121094,39.81999969482422,40.0,37.74943542480469,16802600,False
XLK,2019-08-22,40.10499954223633,40.19499969482422,39.54999923706055,39.904998779296875,37.65978240966797,15188200,False
XLK,2019-08-23,39.685001373291016,40.04999923706055,38.42499923706055,38.584999084472656,36.41404724121094,40797800,False
XLK,2019-08-26,39.060001373291016,39.1349983215332,38.79499816894531,39.119998931884766,36.91896438598633,20717000,False
XLK,2019-08-27,39.375,39.44499969482422,38.834999084472656,39.060001373291016,36.86232376098633,20066000,False
XLK,2019-08-28,38.849998474121094,39.15999984741211,38.56999969482422,39.095001220703125,36.895355224609375,14279000,False
XLK,2019-08-29,39.625,39.89500045776367,39.48500061035156,39.775001525878906,37.537105560302734,16241200,False
XLK,2019-08-30,40.03499984741211,40.084999084472656,39.47999954223633,39.76499938964844,37.52766418457031,20150800,False
XLK,2019-09-03,39.435001373291016,39.78499984741211,39.13999938964844,39.279998779296875,37.06993865966797,23675000,False
XLK,2019-09-04,39.70500183105469,39.970001220703125,39.665000915527344,39.95000076293945,37.70224380493164,15458800,False
XLK,2019-09-05,40.474998474121094,40.95000076293945,40.45500183105469,40.78499984741211,38.49026870727539,20086600,False
XLK,2019-09-06,40.875,40.89500045776367,40.63999938964844,40.75,38.457237243652344,18300200,False
XLK,2019-09-09,40.939998626708984,40.959999084472656,40.22999954223633,40.44499969482422,38.16939926147461,25221400,False
XLK,2019-09-10,40.2599983215332,40.2599983215332,39.78499984741211,40.2400016784668,37.97594451904297,19717000,False
XLK,2019-09-11,40.3650016784668,40.66999816894531,40.279998779296875,40.65999984741211,38.37230682373047,18818600,False
XLK,2019-09-12,40.90999984741211,41.209999084472656,40.709999084472656,40.880001068115234,38.57992935180664,25542000,False
XLK,2019-09-13,40.814998626708984,40.814998626708984,40.53499984741211,40.58000183105469,38.29680633544922,33067200,False
XLK,2019-09-16,40.244998931884766,40.56999969482422,40.20500183105469,40.47999954223633,38.202430725097656,15451800,False
XLK,2019-09-17,40.5099983215332,40.64500045776367,40.415000915527344,40.64500045776367,38.35814666748047,15402600,False
XLK,2019-09-18,40.58000183105469,40.66999816894531,40.09000015258789,40.63999938964844,38.353424072265625,17261400,False
XLK,2019-09-19,40.76499938964844,41.09000015258789,40.67499923706055,40.72999954223633,38.43836975097656,16387000,False
XLK,2019-09-20,40.73500061035156,40.755001068115234,40.025001525878906,40.130001068115234,37.9901123046875,30027200,False
XLK,2019-09-23,40.1349983215332,40.375,40.04999923706055,40.255001068115234,38.10844039916992,15648400,False
XLK,2019-09-24,40.52000045776367,40.67499923706055,39.69499969482422,39.8650016784668,37.73924255371094,35448200,False
XLK,2019-09-25,39.810001373291016,40.45000076293945,39.44499969482422,40.34000015258789,38.18892288208008,23913200,False
XLK,2019-09-26,40.32500076293945,40.525001525878906,40.06999969482422,40.3849983215332,38.23151397705078,18178600,False
XLK,2019-09-27,40.3849983215332,40.470001220703125,39.54499816894531,39.845001220703125,37.720314025878906,25564200,False
XLK,2019-09-30,40.01499938964844,40.36000061035156,39.959999084472656,40.26499938964844,38.117923736572266,22002800,False
XLK,2019-10-01,40.44499969482422,40.71500015258789,39.875,39.88999938964844,37.76289749145508,22044600,False
XLK,2019-10-02,39.625,39.6349983215332,38.845001220703125,39.13999938964844,37.05290603637695,39509600,False
XLK,2019-10-03,39.125,39.6349983215332,38.63999938964844,39.619998931884766,37.507293701171875,34944400,False
XLK,2019-10-04,39.900001525878906,40.32500076293945,39.86000061035156,40.275001525878906,38.12738800048828,21876800,False
XLK,2019-10-07,40.13999938964844,40.439998626708984,40.07500076293945,40.10499954223633,37.96643829345703,21238800,False
XLK,2019-10-08,39.845001220703125,39.96500015258789,39.3650016784668,39.369998931884766,37.27064514160156,28733600,False
XLK,2019-10-09,39.779998779296875,40.10499954223633,39.720001220703125,39.95500183105469,37.82444763183594,20503000,False
XLK,2019-10-10,39.915000915527344,40.38999938964844,39.8849983215332,40.22999954223633,38.08477783203125,18796200,False
XLK,2019-10-11,40.724998474121094,41.14500045776367,40.65999984741211,40.78499984741211,38.61017608642578,31941200,False
XLK,2019-10-14,40.744998931884766,40.93000030517578,40.7400016784668,40.7599983215332,38.58651351928711,11325600,False
XLK,2019-10-15,40.92499923706055,41.310001373291016,40.8849983215332,41.209999084472656,39.01252365112305,16205800,False
XLK,2019-10-16,40.98500061035156,41.005001068115234,40.775001525878906,40.92499923706055,38.742713928222656,20066000,False
XLK,2019-10-17,41.064998626708984,41.18000030517578,40.630001068115234,40.845001220703125,38.66698455810547,13731800,False
XLK,2019-10-18,40.78499984741211,40.845001220703125,40.20000076293945,40.45500183105469,38.29778289794922,17452600,False
XLK,2019-10-21,40.69499969482422,40.90999984741211,40.54999923706055,40.88999938964844,38.7095832824707,12678600,False
XLK,2019-10-22,40.970001220703125,41.1150016784668,40.310001373291016,40.34000015258789,38.18892288208008,18916000,False
XLK,2019-10-23,40.21500015258789,40.380001068115234,40.130001068115234,40.375,38.2220458984375,17617000,False
XLK,2019-10-24,40.80500030517578,41.0,40.654998779296875,40.96500015258789,38.78059005737305,14508200,False
XLK,2019-10-25,40.96500015258789,41.5099983215332,40.939998626708984,41.459999084472656,39.249183654785156,16305400,False
XLK,2019-10-28,41.82500076293945,42.005001068115234,41.80500030517578,41.98500061035156,39.74620056152344,14459800,False
XLK,2019-10-29,41.95000076293945,42.025001525878906,41.59000015258789,41.60499954223633,39.38645935058594,15520800,False
XLK,2019-10-30,41.72999954223633,41.90999984741211,41.45000076293945,41.86000061035156,39.627864837646484,25558600,False
XLK,2019-10-31,41.92499923706055,41.970001220703125,41.564998626708984,41.834999084472656,39.60419845581055,22461800,False
XLK,2019-11-01,41.974998474121094,42.334999084472656,41.90999984741211,42.334999084472656,40.0775260925293,19841200,False
XLK,2019-11-04,42.65999984741211,42.685001373291016,42.46500015258789,42.55500030517578,40.28580093383789,20363200,False
XLK,2019-11-05,42.67499923706055,42.689998626708984,42.36000061035156,42.505001068115234,40.238460540771484,15799600,False
XLK,2019-11-06,42.5,42.525001525878906,42.27000045776367,42.48500061035156,40.21952819824219,17077200,False
XLK,2019-11-07,42.77000045776367,43.060001373291016,42.70000076293945,42.81999969482422,40.53666687011719,28085000,False
XLK,2019-11-08,42.709999084472656,43.060001373291016,42.540000915527344,43.060001373291016,40.76387405395508,12573000,False
XLK,2019-11-11,42.814998626708984,43.13999938964844,42.7599983215332,43.08000183105469,40.782806396484375,8488000,False
XLK,2019-11-12,43.13999938964844,43.3849983215332,43.03499984741211,43.224998474121094,40.92007064819336,16562400,False
XLK,2019-11-13,43.05500030517578,43.36000061035156,43.04499816894531,43.31999969482422,41.010013580322266,15372200,False
XLK,2019-11-14,43.150001525878906,43.30500030517578,43.029998779296875,43.27000045776367,40.962677001953125,12182600,False
XLK,2019-11-15,43.57500076293945,43.619998931884766,43.439998626708984,43.619998931884766,41.29400634765625,14124800,False
XLK,2019-11-18,43.60499954223633,43.814998626708984,43.439998626708984,43.75,41.417076110839844,13022200,False
XLK,2019-11-19,43.92499923706055,43.96500015258789,43.67499923706055,43.834999084472656,41.49755859375,14087400,False
XLK,2019-11-20,43.73500061035156,43.8650016784668,43.2400016784668,43.56999969482422,41.246681213378906,24759800,False
XLK,2019-11-21,43.48500061035156,43.53499984741211,43.2599983215332,43.349998474121094,41.038414001464844,18755400,False
XLK,2019-11-22,43.474998474121094,43.54499816894531,43.125,43.29499816894531,40.98634338378906,11780000,False
XLK,2019-11-25,43.4900016784668,43.92499923706055,43.474998474121094,43.92499923706055,41.58274841308594,14739800,False
XLK,2019-11-26,43.95000076293945,44.07500076293945,43.880001068115234,43.96500015258789,41.62061309814453,19454400,False
XLK,2019-11-27,44.099998474121094,44.209999084472656,43.970001220703125,44.209999084472656,41.85255813598633,18697000,False
XLK,2019-11-29,44.095001220703125,44.165000915527344,44.005001068115234,44.08000183105469,41.729488372802734,11360200,False
XLK,2019-12-02,44.099998474121094,44.099998474121094,43.2599983215332,43.45000076293945,41.13307189941406,23167600,False
XLK,2019-12-03,42.76499938964844,43.095001220703125,42.58000183105469,43.064998626708984,40.76860427856445,22494400,False
XLK,2019-12-04,43.345001220703125,43.380001068115234,43.17499923706055,43.2400016784668,40.93428421020508,13829000,False
XLK,2019-12-05,43.39500045776367,43.435001373291016,43.19499969482422,43.400001525878906,41.08574676513672,15620600,False
XLK,2019-12-06,43.72999954223633,43.91999816894531,43.69499969482422,43.880001068115234,41.540138244628906,18407000,False
XLK,2019-12-09,43.80500030517578,43.94499969482422,43.650001525878906,43.650001525878906,41.322410583496094,11370200,False
XLK,2019-12-10,43.720001220703125,43.915000915527344,43.57500076293945,43.685001373291016,41.35554504394531,12350800,False
XLK,2019-12-11,43.79999923706055,44.02000045776367,43.709999084472656,43.97999954223633,41.63481521606445,9879000,False
XLK,2019-12-12,43.85499954223633,44.51499938964844,43.75,44.45000076293945,42.07974624633789,24189400,False
XLK,2019-12-13,44.404998779296875,44.845001220703125,44.31999969482422,44.744998931884766,42.359031677246094,26256200,False
XLK,2019-12-16,45.084999084472656,45.29999923706055,45.07500076293945,45.14500045776367,42.737693786621094,19744600,False
XLK,2019-12-17,45.224998474121094,45.244998931884766,44.97999954223633,45.040000915527344,42.6382942199707,14919400,False
XLK,2019-12-18,45.095001220703125,45.209999084472656,45.02000045776367,45.03499984741211,42.63356399536133,12970200,False
XLK,2019-12-19,45.064998626708984,45.3650016784668,45.04999923706055,45.36000061035156,42.94123458862305,13724000,False
XLK,2019-12-20,45.47999954223633,45.529998779296875,45.36000061035156,45.474998474121094,43.190547943115234,23400800,False
XLK,2019-12-23,45.6150016784668,45.720001220703125,45.54999923706055,45.60499954223633,43.31400680541992,15530400,False
XLK,2019-12-24,45.685001373291016,45.685001373291016,45.51499938964844,45.619998931884766,43.32826232910156,4890800,False
XLK,2019-12-26,45.71500015258789,45.970001220703125,45.685001373291016,45.959999084472656,43.65117645263672,8269200,False
XLK,2019-12-27,46.14500045776367,46.14500045776367,45.84000015258789,45.95500183105469,43.64643096923828,19332200,False
XLK,2019-12-30,45.94499969482422,45.95000076293945,45.34000015258789,45.689998626708984,43.39474105834961,16491200,False
XLK,2019-12-31,45.53499984741211,45.8849983215332,45.474998474121094,45.834999084472656,43.5324592590332,11601800,False
XLK,2020-01-02,46.25,46.69499969482422,46.15999984741211,46.69499969482422,44.34925842285156,26567000,False
XLK,2020-01-03,46.01499938964844,46.4900016784668,46.0099983215332,46.16999816894531,43.85062026977539,30023600,False
XLK,2020-01-06,45.709999084472656,46.33000183105469,45.625,46.279998779296875,43.955108642578125,15630000,False
XLK,2020-01-07,46.36000061035156,46.4900016784668,46.189998626708984,46.2599983215332,43.93610763549805,15363600,False
XLK,2020-01-08,46.310001373291016,46.959999084472656,46.224998474121094,46.755001068115234,44.4062385559082,23254400,False
XLK,2020-01-09,47.185001373291016,47.314998626708984,46.94499969482422,47.28499984741211,44.909629821777344,15554800,False
XLK,2020-01-10,47.4900016784668,47.55500030517578,47.095001220703125,47.17499923706055,44.805137634277344,15330600,False
XLK,2020-01-13,47.38999938964844,47.81999969482422,47.3650016784668,47.76499938964844,45.36549377441406,15524400,False
XLK,2020-01-14,47.82500076293945,47.869998931884766,47.46500015258789,47.540000915527344,45.15180587768555,16134600,False
XLK,2020-01-15,47.56999969482422,47.82500076293945,47.435001373291016,47.595001220703125,45.20405197143555,14417000,False
XLK,2020-01-16,47.900001525878906,48.244998931884766,47.834999084472656,48.23500061035156,45.811893463134766,11543200,False
XLK,2020-01-17,48.459999084472656,48.60499954223633,48.20000076293945,48.560001373291016,46.12057113647461,21661000,False
XLK,2020-01-21,48.40999984741211,48.81999969482422,48.400001525878906,48.540000915527344,46.10157775878906,17975000,False
XLK,2020-01-22,48.845001220703125,49.05500030517578,48.67499923706055,48.71500015258789,46.26778793334961,15491600,False
XLK,2020-01-23,48.76499938964844,48.98500061035156,48.55500030517578,48.94499969482422,46.48622512817383,14956400,False
XLK,2020-01-24,49.30500030517578,49.415000915527344,48.54499816894531,48.71500015258789,46.26778793334961,23617400,False
XLK,2020-01-27,47.58000183105469,47.93000030517578,47.35499954223633,47.55500030517578,45.16604995727539,35574600,False
XLK,2020-01-28,47.970001220703125,48.595001220703125,47.869998931884766,48.46500015258789,46.03034210205078,31184400,False
XLK,2020-01-29,48.8650016784668,48.935001373291016,48.39500045776367,48.59000015258789,46.14906311035156,21126600,False
XLK,2020-01-30,48.56999969482422,49.05500030517578,48.275001525878906,49.0099983215332,46.54795455932617,19933600,False
XLK,2020-01-31,48.724998474121094,48.75,47.494998931884766,47.665000915527344,45.27052307128906,26964600,False
XLK,2020-02-03,47.720001220703125,48.415000915527344,47.665000915527344,48.29499816894531,45.86888122558594,25075600,False
XLK,2020-02-04,49.1349983215332,49.665000915527344,49.01499938964844,49.560001373291016,47.070335388183594,19097800,False
XLK,2020-02-05,50.375,50.400001525878906,49.4900016784668,49.849998474121094,47.34576416015625,32697000,False
XLK,2020-02-06,50.05500030517578,50.31999969482422,49.83000183105469,50.30500030517578,47.77790451049805,13505600,False
XLK,2020-02-07,50.06999969482422,50.26499938964844,49.744998931884766,49.845001220703125,47.34101104736328,16598000,False
XLK,2020-02-10,49.55500030517578,50.529998779296875,49.54499816894531,50.52000045776367,47.98210525512695,16347600,False
XLK,2020-02-11,50.904998779296875,50.95000076293945,50.20000076293945,50.349998474121094,47.820640563964844,15105800,False
XLK,2020-02-12,50.69499969482422,50.915000915527344,50.40999984741211,50.89500045776367,48.3382682800293,12152800,False
XLK,2020-02-13,50.494998931884766,51.025001525878906,50.41999816894531,50.7599983215332,48.21004867553711,14802800,False
XLK,2020-02-14,50.86000061035156,51.064998626708984,50.70000076293945,50.97999954223633,48.419002532958984,12392400,False
XLK,2020-02-18,50.56999969482422,50.900001525878906,50.51499938964844,50.790000915527344,48.23854446411133,20633200,False
XLK,2020-02-19,51.119998931884766,51.470001220703125,51.084999084472656,51.39500045776367,48.81315231323242,16615600,False
XLK,2020-02-20,51.28499984741211,51.40999984741211,50.165000915527344,50.86000061035156,48.305023193359375,26324600,False
XLK,2020-02-21,50.599998474121094,50.64500045776367,49.40999984741211,49.720001220703125,47.2222900390625,29899000,False
XLK,2020-02-24,47.334999084472656,48.35499954223633,46.900001525878906,47.665000915527344,45.27052307128906,42365200,False
XLK,2020-02-25,48.095001220703125,48.27000045776367,45.970001220703125,46.13999938964844,43.8221435546875,62934400,False
XLK,2020-02-26,46.314998626708984,47.35499954223633,46.0,46.349998474121094,44.02158737182617,55759600,False
XLK,2020-02-27,44.83000183105469,45.779998779296875,43.81999969482422,43.849998474121094,41.64716720581055,67825800,False
XLK,2020-02-28,42.10499954223633,44.60499954223633,42.029998779296875,44.185001373291016,41.96534729003906,111854400,False
XLK,2020-03-02,44.97999954223633,46.75,44.189998626708984,46.7400016784668,44.39198684692383,70008600,False
XLK,2020-03-03,47.005001068115234,47.33000183105469,44.4900016784668,44.96500015258789,42.7061653137207,94989200,False
XLK,2020-03-04,45.935001373291016,46.90999984741211,45.29999923706055,46.89500045776367,44.53919982910156,44727600,False
XLK,2020-03-05,45.64500045776367,46.51499938964844,45.119998931884766,45.415000915527344,43.13356399536133,49019000,False
XLK,2020-03-06,43.89500045776367,44.720001220703125,43.244998931884766,44.45500183105469,42.22178649902344,57631800,False
XLK,2020-03-09,40.790000915527344,43.0,40.75,41.08000183105469,39.01633071899414,59119800,True
XLK,2020-03-10,42.84000015258789,43.82500076293945,41.310001373291016,43.81999969482422,41.618682861328125,71164600,False
XLK,2020-03-11,42.64500045776367,42.90999984741211,41.154998779296875,41.75,39.65266799926758,63304200,False
XLK,2020-03-12,38.720001220703125,40.95000076293945,37.5,37.67499923706055,35.78238296508789,65490600,True
XLK,2020-03-13,40.04499816894531,42.189998626708984,38.150001525878906,42.095001220703125,39.980342864990234,65849600,True
XLK,2020-03-16,35.86000061035156,39.60499954223633,35.595001220703125,36.279998779296875,34.457454681396484,81244800,True
XLK,2020-03-17,37.1349983215332,39.220001220703125,35.970001220703125,38.75,36.80337142944336,100814600,False
XLK,2020-03-18,36.17499923706055,37.90999984741211,35.1349983215332,37.290000915527344,35.416725158691406,107412400,False
XLK,2020-03-19,36.94499969482422,38.69499969482422,36.060001373291016,37.42499923706055,35.54494094848633,123454200,False
XLK,2020-03-20,38.130001068115234,38.52000045776367,35.59000015258789,35.709999084472656,33.916099548339844,90444000,False
XLK,2020-03-23,35.345001220703125,36.11000061035156,34.04999923706055,35.20000076293945,33.60628128051758,84958400,False
XLK,2020-03-24,37.33000183105469,38.834999084472656,37.18000030517578,38.80500030517578,37.048065185546875,75329000,True
XLK,2020-03-25,39.099998474121094,40.54499816894531,38.0099983215332,38.755001068115234,37.000328063964844,57480800,False
XLK,2020-03-26,39.244998931884766,41.255001068115234,39.150001525878906,41.154998779296875,39.291664123535156,56425800,False
XLK,2020-03-27,39.880001068115234,40.630001068115234,39.125,39.29499816894531,37.515872955322266,58485400,False
XLK,2020-03-30,39.81999969482422,41.04499816894531,39.69499969482422,40.95000076293945,39.095943450927734,47480200,False
XLK,2020-03-31,40.85499954223633,41.59000015258789,39.974998474121094,40.185001373291016,38.36557388305664,39988800,False
XLK,2020-04-01,38.79499816894531,39.625,37.98500061035156,38.27000045776367,36.53728103637695,54984800,False
XLK,2020-04-02,38.1349983215332,39.21500015258789,37.97999954223633,39.165000915527344,37.39176559448242,44223600,False
XLK,2020-04-03,38.994998931884766,39.415000915527344,38.07500076293945,38.560001373291016,36.81415939331055,31572000,False
XLK,2020-04-06,40.255001068115234,42.125,40.0,41.849998474121094,39.955196380615234,35987200,True
XLK,2020-04-07,43.32500076293945,43.34000015258789,41.43000030517578,41.474998474121094,39.59717559814453,44298800,False
XLK,2020-04-08,42.02000045776367,42.76499938964844,41.625,42.59000015258789,40.66168975830078,27428600,False
XLK,2020-04-09,43.095001220703125,43.314998626708984,42.29999923706055,42.599998474121094,40.67124557495117,39259800,False
XLK,2020-04-13,42.43000030517578,42.755001068115234,41.82500076293945,42.69499969482422,40.761940002441406,25301600,False
XLK,2020-04-14,43.64500045776367,44.564998626708984,43.470001220703125,44.48500061035156,42.47089385986328,31779000,False
XLK,2020-04-15,43.599998474121094,43.869998931884766,43.189998626708984,43.51499938964844,41.5448112487793,25858200,False
XLK,2020-04-16,44.084999084472656,44.154998779296875,43.32500076293945,44.04499816894531,42.05082321166992,23667600,False
XLK,2020-04-17,44.82500076293945,44.834999084472656,43.98500061035156,44.630001068115234,42.60932540893555,28284800,False
XLK,2020-04-20,44.025001525878906,44.61000061035156,43.85499954223633,43.915000915527344,41.92671203613281,20407000,False
XLK,2020-04-21,43.29499816894531,43.400001525878906,41.81999969482422,42.07500076293945,40.17001724243164,32765000,False
XLK,2020-04-22,43.095001220703125,43.935001373291016,42.939998626708984,43.69499969482422,41.71665954589844,24032000,False
XLK,2020-04-23,43.79499816894531,44.290000915527344,43.36000061035156,43.39500045776367,41.430259704589844,21169600,False
XLK,2020-04-24,43.57500076293945,44.32500076293945,43.29499816894531,44.314998626708984,42.30859375,16885000,False
XLK,2020-04-27,44.71500015258789,44.845001220703125,44.42499923706055,44.69499969482422,42.67138671875,15598600,False
XLK,2020-04-28,45.25,45.279998779296875,44.040000915527344,44.099998474121094,42.103328704833984,25267600,False
XLK,2020-04-29,45.040000915527344,46.06999969482422,44.880001068115234,45.90999984741211,43.83137512207031,22925800,False
XLK,2020-04-30,46.005001068115234,46.005001068115234,45.3650016784668,45.70500183105469,43.635658264160156,30861200,False
XLK,2020-05-01,44.70000076293945,45.32500076293945,44.279998779296875,44.45000076293945,42.437477111816406,23990200,False
XLK,2020-05-04,44.244998931884766,45.084999084472656,44.040000915527344,45.040000915527344,43.000770568847656,21458000,False
XLK,2020-05-05,45.55500030517578,46.2400016784668,45.474998474121094,45.65999984741211,43.59270095825195,17374600,False
XLK,2020-05-06,46.099998474121094,46.459999084472656,45.810001373291016,46.01499938964844,43.93162155151367,16941000,False
XLK,2020-05-07,46.63999938964844,46.970001220703125,46.56999969482422,46.70500183105469,44.590389251708984,21088800,False
XLK,2020-05-08,47.150001525878906,47.45500183105469,46.875,47.38999938964844,45.244361877441406,15221600,False
XLK,2020-05-11,47.064998626708984,47.98500061035156,46.970001220703125,47.70500183105469,45.545101165771484,20768800,False
XLK,2020-05-12,47.900001525878906,48.03499984741211,46.685001373291016,46.720001220703125,44.604705810546875,27042000,False
XLK,2020-05-13,46.744998931884766,47.10499954223633,45.310001373291016,45.915000915527344,43.836151123046875,33942200,False
XLK,2020-05-14,45.595001220703125,46.529998779296875,45.095001220703125,46.5,44.39466094970703,30475200,False
XLK,2020-05-15,45.76499938964844,46.744998931884766,45.6349983215332,46.73500061035156,44.61903381347656,28032800,False
XLK,2020-05-18,47.654998779296875,48.150001525878906,47.4900016784668,47.880001068115234,45.712188720703125,20033400,False
XLK,2020-05-19,47.900001525878906,48.44499969482422,47.685001373291016,47.70500183105469,45.545101165771484,20092800,False
XLK,2020-05-20,48.3650016784668,48.84000015258789,48.34000015258789,48.75,46.542789459228516,18192000,False
XLK,2020-05-21,48.70000076293945,48.845001220703125,48.04499816894531,48.06999969482422,45.89358139038086,20581600,False
XLK,2020-05-22,48.0,48.30500030517578,47.80500030517578,48.244998931884766,46.06065368652344,18489600,False
XLK,2020-05-26,49.209999084472656,49.244998931884766,48.154998779296875,48.19499969482422,46.01291275024414,26001400,False
XLK,2020-05-27,48.189998626708984,48.4900016784668,47.165000915527344,48.470001220703125,46.27546691894531,38856800,False
XLK,2020-05-28,48.290000915527344,49.2599983215332,48.255001068115234,48.375,46.184776306152344,21147400,False
XLK,2020-05-29,48.52000045776367,49.099998474121094,48.1150016784668,48.98500061035156,46.76715850830078,35555000,False
XLK,2020-06-01,48.755001068115234,49.07500076293945,48.540000915527344,48.970001220703125,46.75283432006836,26719400,False
XLK,2020-06-02,49.06999969482422,49.43000030517578,48.60499954223633,49.43000030517578,47.1920051574707,22415200,False
XLK,2020-06-03,49.630001068115234,49.974998474121094,49.415000915527344,49.814998626708984,47.559566497802734,22035800,False
XLK,2020-06-04,49.619998931884766,49.96500015258789,49.130001068115234,49.404998779296875,47.168128967285156,15138800,False
XLK,2020-06-05,49.755001068115234,50.849998474121094,49.66999816894531,50.70500183105469,48.40928268432617,20756400,False
XLK,2020-06-08,50.6150016784668,50.97999954223633,50.150001525878906,50.959999084472656,48.652732849121094,16130200,False
XLK,2020-06-09,50.70500183105469,51.45000076293945,50.65999984741211,51.20000076293945,48.88186264038086,14707800,False
XLK,2020-06-10,51.56999969482422,52.44499969482422,51.474998474121094,52.05500030517578,49.698158264160156,24389600,False
XLK,2020-06-11,51.150001525878906,51.224998474121094,49.05500030517578,49.06999969482422,46.84830093383789,39742000,False
XLK,2020-06-12,50.3849983215332,50.6349983215332,48.84000015258789,49.70500183105469,47.45454788208008,43287000,False
XLK,2020-06-15,48.79999923706055,50.40999984741211,48.63999938964844,50.185001373291016,47.91282272338867,29924000,False
XLK,2020-06-16,51.3849983215332,51.69499969482422,50.459999084472656,51.255001068115234,48.93437957763672,27935800,False
XLK,2020-06-17,51.54499816894531,51.72999954223633,51.15999984741211,51.244998931884766,48.92481994628906,17324200,False
XLK,2020-06-18,51.150001525878906,51.529998779296875,51.040000915527344,51.474998474121094,49.14441680908203,13717200,False
XLK,2020-06-19,52.095001220703125,52.154998779296875,50.875,51.119998931884766,48.80548858642578,31280000,False
XLK,2020-06-22,51.04499816894531,51.98500061035156,50.96500015258789,51.939998626708984,49.72502899169922,14738000,False
XLK,2020-06-23,52.404998779296875,52.915000915527344,52.2400016784668,52.314998626708984,50.084041595458984,19028000,False
XLK,2020-06-24,52.099998474121094,52.38999938964844,50.85499954223633,51.1349983215332,48.95435333251953,25425600,False
XLK,2020-06-25,51.209999084472656,51.845001220703125,50.654998779296875,51.790000915527344,49.58142852783203,20534400,False
XLK,2020-06-26,51.689998626708984,51.76499938964844,50.6150016784668,50.77000045776367,48.60491943359375,44275600,False
XLK,2020-06-29,50.76499938964844,51.33000183105469,50.154998779296875,51.32500076293945,49.13624572753906,18547200,False
XLK,2020-06-30,51.33000183105469,52.45500183105469,51.2599983215332,52.244998931884766,50.017032623291016,16500000,False
XLK,2020-07-01,52.279998779296875,52.6349983215332,52.040000915527344,52.33000183105469,50.09840393066406,21709200,False
XLK,2020-07-02,52.82500076293945,53.11000061035156,52.525001525878906,52.6349983215332,50.3903923034668,19144600,False
XLK,2020-07-06,53.314998626708984,53.80500030517578,53.28499984741211,53.55500030517578,51.27116012573242,16046200,False
XLK,2020-07-07,53.494998931884766,54.03499984741211,52.939998626708984,52.994998931884766,50.73504638671875,15863600,False
XLK,2020-07-08,53.415000915527344,53.8650016784668,53.130001068115234,53.86000061035156,51.563148498535156,13327000,False
XLK,2020-07-09,54.29999923706055,54.310001373291016,53.279998779296875,54.05500030517578,51.74982452392578,17767800,False
XLK,2020-07-10,53.93000030517578,54.064998626708984,53.400001525878906,54.040000915527344,51.735477447509766,14724600,False
XLK,2020-07-13,54.5,54.86000061035156,52.78499984741211,52.91999816894531,50.66323471069336,28910400,False
XLK,2020-07-14,52.5,53.60499954223633,51.939998626708984,53.529998779296875,51.24721145629883,30053200,False
XLK,2020-07-15,54.02000045776367,54.28499984741211,53.189998626708984,53.81999969482422,51.52485275268555,23779200,False
XLK,2020-07-16,53.244998931884766,53.39500045776367,52.744998931884766,53.154998779296875,50.88821792602539,17180600,False
XLK,2020-07-17,53.470001220703125,53.564998626708984,52.92499923706055,53.415000915527344,51.13713073730469,12710400,False
XLK,2020-07-20,53.564998626708984,54.90999984741211,53.26499938964844,54.779998779296875,52.44392013549805,17018400,False
XLK,2020-07-21,55.16999816894531,55.189998626708984,54.029998779296875,54.22999954223633,51.91736602783203,18794800,False
XLK,2020-07-22,54.279998779296875,54.834999084472656,54.23500061035156,54.665000915527344,52.33382797241211,15028000,False
XLK,2020-07-23,54.375,54.73500061035156,53.005001068115234,53.244998931884766,50.974365234375,23349600,False
XLK,2020-07-24,52.35499954223633,52.94499969482422,51.73500061035156,52.599998474121094,50.35688781738281,22911600,False
XLK,2020-07-27,52.91999816894531,53.48500061035156,52.814998626708984,53.43000030517578,51.15148162841797,16908000,False
XLK,2020-07-28,53.26499938964844,53.43000030517578,52.76499938964844,52.80500030517578,50.55315017700195,17825400,False
XLK,2020-07-29,53.005001068115234,53.71500015258789,53.005001068115234,53.56999969482422,51.28551483154297,13187000,False
XLK,2020-07-30,53.084999084472656,53.904998779296875,52.79999923706055,53.869998931884766,51.572723388671875,21556800,False
XLK,2020-07-31,54.720001220703125,55.23500061035156,53.83000183105469,55.21500015258789,52.86037826538086,25185800,False
XLK,2020-08-03,55.96500015258789,56.755001068115234,55.939998626708984,56.57500076293945,54.16237258911133,24327000,False
XLK,2020-08-04,56.45500183105469,56.724998474121094,56.209999084472656,56.720001220703125,54.301177978515625,17971600,False
XLK,2020-08-05,56.900001525878906,57.060001373291016,56.64500045776367,56.93000030517578,54.50222396850586,12960200,False
XLK,2020-08-06,56.8849983215332,57.78499984741211,56.7599983215332,57.72999954223633,55.26811218261719,16399400,False
XLK,2020-08-07,57.5,57.505001068115234,56.41999816894531,56.869998931884766,54.44478988647461,27476200,False
XLK,2020-08-10,56.97999954223633,57.07500076293945,55.94499969482422,56.709999084472656,54.2916145324707,16481200,False
XLK,2020-08-11,56.525001525878906,56.76499938964844,55.57500076293945,55.689998626708984,53.31510925292969,18844400,False
XLK,2020-08-12,56.13999938964844,57.10499954223633,56.06999969482422,56.95500183105469,54.52616500854492,14196800,False
XLK,2020-08-13,57.03499984741211,57.45500183105469,56.775001525878906,56.97999954223633,54.55010223388672,11453600,False
XLK,2020-08-14,57.005001068115234,57.10499954223633,56.625,56.939998626708984,54.51180648803711,8334200,False
XLK,2020-08-17,57.28499984741211,57.45000076293945,57.21500015258789,57.31999969482422,54.87560272216797,8174600,False
XLK,2020-08-18,57.43000030517578,57.689998626708984,57.04999923706055,57.53499984741211,55.08142852783203,8930000,False
XLK,2020-08-19,57.68000030517578,57.935001373291016,57.369998931884766,57.46500015258789,55.0144157409668,14239400,False
XLK,2020-08-20,57.25,58.345001220703125,57.189998626708984,58.22999954223633,55.74678421020508,12803000,False
XLK,2020-08-21,58.28499984741211,59.03499984741211,58.255001068115234,58.970001220703125,56.45523452758789,15288600,False
XLK,2020-08-24,59.81999969482422,59.84000015258789,58.98500061035156,59.47999954223633,56.94348907470703,16440600,False
XLK,2020-08-25,59.345001220703125,59.80500030517578,59.255001068115234,59.779998779296875,57.23068618774414,18628200,False
XLK,2020-08-26,60.404998779296875,61.154998779296875,60.27000045776367,60.994998931884766,58.39387893676758,16463000,False
XLK,2020-08-27,61.25,61.529998779296875,60.494998931884766,61.04499816894531,58.44175338745117,18174200,False
XLK,2020-08-28,61.28499984741211,61.779998779296875,61.20500183105469,61.58000183105469,58.95392990112305,13092600,False
XLK,2020-08-31,61.82500076293945,62.17499923706055,61.439998626708984,61.775001525878906,59.14060974121094,19040000,False
XLK,2020-09-01,62.33000183105469,63.03499984741211,61.939998626708984,62.95500183105469,60.27029037475586,25612600,False
XLK,2020-09-02,63.85499954223633,63.86000061035156,62.404998779296875,63.51499938964844,60.80641174316406,40395000,False
XLK,2020-09-03,62.5,62.54999923706055,59.400001525878906,59.89500045776367,57.340782165527344,54162000,False
XLK,2020-09-04,59.560001373291016,60.40999984741211,56.525001525878906,59.060001373291016,56.54140853881836,62544200,False
XLK,2020-09-08,56.814998626708984,58.165000915527344,56.290000915527344,56.38999938964844,53.985260009765625,47860400,False
XLK,2020-09-09,57.76499938964844,58.79999923706055,57.1349983215332,58.22999954223633,55.74678421020508,36783800,False
XLK,2020-09-10,59.029998779296875,59.119998931884766,56.56999969482422,56.915000915527344,54.48786544799805,32109800,False
XLK,2020-09-11,57.45000076293945,57.66999816894531,55.7599983215332,56.47999954223633,54.07142639160156,37166400,False
XLK,2020-09-14,57.41999816894531,57.974998474121094,57.150001525878906,57.665000915527344,55.20589065551758,24730200,False
XLK,2020-09-15,58.54499816894531,58.650001525878906,57.845001220703125,58.23500061035156,55.75157928466797,18260400,False
XLK,2020-09-16,58.494998931884766,58.57500076293945,57.279998779296875,57.334999084472656,54.88995361328125,19637000,False
XLK,2020-09-17,55.994998931884766,57.255001068115234,55.904998779296875,56.86000061035156,54.43520736694336,30403600,False
XLK,2020-09-18,56.95500183105469,57.05500030517578,55.189998626708984,55.880001068115234,53.497005462646484,41837600,False
XLK,2020-09-21,54.75,56.244998931884766,54.55500030517578,56.220001220703125,53.94171905517578,38381800,False
XLK,2020-09-22,56.85499954223633,57.255001068115234,55.88999938964844,57.11000061035156,54.795654296875,25537400,False
XLK,2020-09-23,57.13999938964844,57.19499969482422,55.15999984741211,55.33000183105469,53.087791442871094,23707800,False
XLK,2020-09-24,54.814998626708984,56.33000183105469,54.744998931884766,55.63999938964844,53.38522720336914,31838600,False
XLK,2020-09-25,55.66999816894531,57.13999938964844,55.31999969482422,56.970001220703125,54.66133117675781,19326600,False
XLK,2020-09-28,57.915000915527344,58.064998626708984,57.435001373291016,58.060001373291016,55.70716094970703,17473200,False
XLK,2020-09-29,57.98500061035156,58.22999954223633,57.7400016784668,57.8650016784668,55.52006912231445,20851000,False
XLK,2020-09-30,57.834999084472656,58.94499969482422,57.810001373291016,58.349998474121094,55.985408782958984,22318400,False
XLK,2020-10-01,59.15999984741211,59.2400016784668,58.59000015258789,58.96500015258789,56.57548141479492,27076400,False
XLK,2020-10-02,57.51499938964844,58.470001220703125,57.2400016784668,57.470001220703125,55.14106369018555,37251600,False
XLK,2020-10-05,57.880001068115234,58.76499938964844,57.845001220703125,58.72999954223633,56.35000228881836,12270600,False
XLK,2020-10-06,58.59000015258789,59.14500045776367,57.6150016784668,57.81999969482422,55.47687911987305,26862200,False
XLK,2020-10-07,58.42499923706055,58.994998931884766,58.380001068115234,58.880001068115234,56.493934631347656,12992400,False
XLK,2020-10-08,59.39500045776367,59.39500045776367,58.98500061035156,59.185001373291016,56.78657150268555,10109600,False
XLK,2020-10-09,59.46500015258789,60.10499954223633,59.45000076293945,60.09000015258789,57.65489959716797,14425400,False
XLK,2020-10-12,60.974998474121094,62.1349983215332,60.66999816894531,61.72999954223633,59.22843551635742,19163800,False
XLK,2020-10-13,61.93000030517578,62.040000915527344,61.099998474121094,61.334999084472656,58.84944152832031,17613800,False
XLK,2020-10-14,61.48500061035156,61.810001373291016,60.55500030517578,61.0099983215332,58.5376091003418,14534000,False
XLK,2020-10-15,60.0,60.85499954223633,59.84000015258789,60.73500061035156,58.27376174926758,13185000,False
XLK,2020-10-16,61.06999969482422,61.314998626708984,60.505001068115234,60.560001373291016,58.10585403442383,11544200,False
XLK,2020-10-19,60.8650016784668,61.095001220703125,59.26499938964844,59.45000076293945,57.04083251953125,16616400,False
XLK,2020-10-20,59.67499923706055,60.28499984741211,59.290000915527344,59.654998779296875,57.237518310546875,14566600,False
XLK,2020-10-21,59.5099983215332,60.1349983215332,59.43000030517578,59.564998626708984,57.151161193847656,12171800,False
XLK,2020-10-22,59.59000015258789,59.78499984741211,58.60499954223633,59.28499984741211,56.88252258300781,13486400,False
XLK,2020-10-23,59.369998931884766,59.380001068115234,58.724998474121094,59.220001220703125,56.82014846801758,10312800,False
XLK,2020-10-26,58.564998626708984,59.03499984741211,57.21500015258789,57.935001373291016,55.58723068237305,18189200,False
XLK,2020-10-27,58.21500015258789,58.470001220703125,57.89500045776367,58.224998474121094,55.865478515625,19064800,False
XLK,2020-10-28,57.119998931884766,57.154998779296875,55.65999984741211,55.755001068115234,53.49555969238281,32756600,False
XLK,2020-10-29,55.970001220703125,57.34000015258789,55.935001373291016,56.685001373291016,54.38787078857422,19409000,False
XLK,2020-10-30,55.88999938964844,56.2400016784668,54.78499984741211,55.43000030517578,53.183738708496094,25848600,False
XLK,2020-11-02,55.85499954223633,56.310001373291016,55.040000915527344,55.56999969482422,53.31807327270508,24039800,False
XLK,2020-11-03,56.005001068115234,57.04999923706055,55.775001525878906,56.54999923706055,54.258358001708984,20970200,False
XLK,2020-11-04,58.27000045776367,59.189998626708984,57.685001373291016,58.75,56.36919403076172,30763800,False
XLK,2020-11-05,60.29499816894531,60.75,60.04499816894531,60.57500076293945,58.1202507019043,22189800,False
XLK,2020-11-06,60.43000030517578,60.98500061035156,59.60499954223633,60.790000915527344,58.3265266418457,19455200,False
XLK,2020-11-09,62.08000183105469,62.68000030517578,60.29499816894531,60.349998474121094,57.90435791015625,39768200,False
XLK,2020-11-10,59.82500076293945,60.244998931884766,58.744998931884766,59.224998474121094,56.824947357177734,23538400,False
XLK,2020-11-11,59.82500076293945,60.79499816894531,59.70500183105469,60.630001068115234,58.17300033569336,14488600,False
XLK,2020-11-12,60.630001068115234,60.93000030517578,59.810001373291016,60.09000015258789,57.65489959716797,14352800,False
XLK,2020-11-13,60.54499816894531,60.724998474121094,59.974998474121094,60.599998474121094,58.144222259521484,11851600,False
XLK,2020-11-16,60.60499954223633,61.29499816894531,60.47999954223633,61.185001373291016,58.70552062988281,14864200,False
XLK,2020-11-17,60.880001068115234,61.17499923706055,60.584999084472656,60.845001220703125,58.37929916381836,9939400,False
XLK,2020-11-18,60.7400016784668,61.029998779296875,60.16999816894531,60.19499969482422,57.755645751953125,9542800,False
XLK,2020-11-19,60.07500076293945,60.790000915527344,59.810001373291016,60.68000030517578,58.22099304199219,12155200,False
XLK,2020-11-20,60.73500061035156,60.75,60.03499984741211,60.05500030517578,57.62131881713867,9915800,False
XLK,2020-11-23,60.2400016784668,60.6349983215332,59.52000045776367,60.040000915527344,57.606910705566406,9807000,False
XLK,2020-11-24,60.27000045776367,60.994998931884766,59.834999084472656,60.875,58.40809631347656,13634000,False
XLK,2020-11-25,61.084999084472656,61.2599983215332,60.775001525878906,61.005001068115234,58.532814025878906,12186400,False
XLK,2020-11-27,61.33000183105469,61.59000015258789,61.21500015258789,61.33000183105469,58.84465026855469,7025800,False
XLK,2020-11-30,61.310001373291016,61.83000183105469,60.6150016784668,61.7400016784668,59.23802947998047,32229200,False
XLK,2020-12-01,62.25,62.875,61.9900016784668,62.529998779296875,59.99601364135742,22681200,False
XLK,2020-12-02,62.26499938964844,62.505001068115234,61.79499816894531,62.435001373291016,59.90487289428711,16038800,False
XLK,2020-12-03,62.505001068115234,62.814998626708984,62.22999954223633,62.39500045776367,59.86648941040039,13775400,False
XLK,2020-12-04,62.48500061035156,63.029998779296875,62.349998474121094,63.02000045776367,60.46616744995117,10358800,False
XLK,2020-12-07,63.05500030517578,63.3849983215332,62.94499969482422,63.20000076293945,60.63887023925781,8905400,False
XLK,2020-12-08,63.13999938964844,63.60499954223633,62.869998931884766,63.404998779296875,60.83555221557617,7886800,False
XLK,2020-12-09,63.3650016784668,63.55500030517578,61.974998474121094,62.189998626708984,59.669795989990234,17271800,False
XLK,2020-12-10,61.810001373291016,62.57500076293945,61.665000915527344,62.279998779296875,59.75614547729492,9997400,False
XLK,2020-12-11,61.904998779296875,62.150001525878906,61.45000076293945,62.150001525878906,59.63141632080078,13023200,False
XLK,2020-12-14,62.34000015258789,62.935001373291016,62.29999923706055,62.375,59.8472900390625,11055800,False
XLK,2020-12-15,63.04999923706055,63.415000915527344,62.64500045776367,63.415000915527344,60.845149993896484,9099200,False
XLK,2020-12-16,63.5,64.06999969482422,63.290000915527344,63.845001220703125,61.257728576660156,10309200,False
XLK,2020-12-17,64.30999755859375,64.48999786376953,64.04499816894531,64.3499984741211,61.74226379394531,11505000,False
XLK,2020-12-18,64.44499969482422,64.45500183105469,63.71500015258789,64.125,61.526371002197266,17693400,False
XLK,2020-12-21,63.165000915527344,64.06999969482422,62.599998474121094,64.04000091552734,61.587928771972656,15232200,False
XLK,2020-12-22,64.3949966430664,64.88500213623047,64.0999984741211,64.59500122070312,62.12168884277344,14334200,False
XLK,2020-12-23,64.66999816894531,64.71499633789062,64.01000213623047,64.1050033569336,61.65044021606445,11300800,False
XLK,2020-12-24,64.21499633789062,64.69000244140625,64.16999816894531,64.52999877929688,62.05916976928711,4384600,False
XLK,2020-12-28,65.16999816894531,65.38999938964844,64.86499786376953,65.26000213623047,62.76123046875,8171000,False
XLK,2020-12-29,65.61499786376953,65.69999694824219,64.83499908447266,64.94999694824219,62.46307373046875,8841400,False
XLK,2020-12-30,65.17500305175781,65.30999755859375,64.81999969482422,64.91500091552734,62.429420471191406,8141400,False
XLK,2020-12-31,64.94499969482422,65.19499969482422,64.48500061035156,65.01000213623047,62.520790100097656,11058400,False
XLK,2021-01-04,65.33999633789062,65.3550033569336,63.119998931884766,63.95000076293945,61.50137710571289,21017200,False
XLK,2021-01-05,63.80500030517578,64.47000122070312,63.76499938964844,64.36499786376953,61.90047073364258,12361400,False
XLK,2021-01-06,63.44499969482422,64.48999786376953,63.060001373291016,63.255001068115234,60.832984924316406,27258000,False
XLK,2021-01-07,63.8650016784668,65.08499908447266,63.84000015258789,64.95999908447266,62.47270584106445,19652000,False
XLK,2021-01-08,65.27999877929688,65.55500030517578,64.63999938964844,65.37999725341797,62.87661361694336,12387600,False
XLK,2021-01-11,64.74500274658203,65.30000305175781,64.56999969482422,64.83999633789062,62.357303619384766,17853200,False
XLK,2021-01-12,64.76000213623047,64.84500122070312,63.915000915527344,64.52999877929688,62.05916976928711,17089200,False
XLK,2021-01-13,64.61499786376953,65.13999938964844,64.48999786376953,64.94000244140625,62.453468322753906,13605200,False
XLK,2021-01-14,65.0999984741211,65.23500061035156,64.2750015258789,64.37000274658203,61.90528869628906,15624800,False
XLK,2021-01-15,64.2750015258789,64.55999755859375,63.58000183105469,63.709999084472656,61.27055358886719,12641200,False
XLK,2021-01-19,64.1500015258789,64.6500015258789,63.92499923706055,64.54000091552734,62.068782806396484,11569600,False
XLK,2021-01-20,65.03500366210938,66.05000305175781,64.94499969482422,65.81999969482422,63.29977035522461,11770000,False
XLK,2021-01-21,66.17500305175781,66.88999938964844,65.81999969482422,66.66999816894531,64.11723327636719,8945200,False
XLK,2021-01-22,66.38999938964844,66.75,66.25499725341797,66.41500091552734,63.87200164794922,11243600,False
XLK,2021-01-25,67.16500091552734,67.3949966430664,65.3499984741211,66.97000122070312,64.40575408935547,18205200,False
XLK,2021-01-26,67.20500183105469,67.30999755859375,66.76000213623047,67.01499938964844,64.44902038574219,8593400,False
XLK,2021-01-27,66.69499969482422,66.91000366210938,65.15499877929688,65.75,63.232452392578125,24484600,False
XLK,2021-01-28,66.08499908447266,67.12000274658203,65.86000061035156,66.0199966430664,63.49212646484375,16181600,False
XLK,2021-01-29,65.69000244140625,65.94999694824219,64.11499786376953,64.46499633789062,61.99664306640625,19023200,False
XLK,2021-02-01,65.2300033569336,66.4000015258789,64.75,66.08000183105469,63.54981231689453,11232600,False
XLK,2021-02-02,66.72000122070312,67.16999816894531,66.625,66.9749984741211,64.41055297851562,8595000,False
XLK,2021-02-03,67.11000061035156,67.25,66.54499816894531,66.74500274658203,64.18936157226562,11574800,False
XLK,2021-02-04,67.1050033569336,67.80999755859375,66.91000366210938,67.80999755859375,65.21357727050781,8134200,False
XLK,2021-02-05,68.01499938964844,68.0250015258789,67.46499633789062,67.66000366210938,65.06929779052734,9413800,False
XLK,2021-02-08,67.93499755859375,68.4000015258789,67.83999633789062,68.37000274658203,65.75213623046875,11713200,False
XLK,2021-02-09,68.19000244140625,68.61499786376953,68.16999816894531,68.29000091552734,65.67520141601562,10552200,False
XLK,2021-02-10,68.56500244140625,68.6500015258789,67.61000061035156,68.19000244140625,65.57902526855469,9464400,False
XLK,2021-02-11,68.6500015258789,68.98500061035156,68.38500213623047,68.94000244140625,66.3003158569336,7565800,False
XLK,2021-02-12,68.76000213623047,69.33999633789062,68.56999969482422,69.29499816894531,66.64170837402344,6755600,False
XLK,2021-02-16,69.56999969482422,69.62000274658203,68.88999938964844,69.06999969482422,66.42533874511719,9722200,False
XLK,2021-02-17,68.43499755859375,68.61000061035156,67.7699966430664,68.45999908447266,65.83868408203125,15274800,False
XLK,2021-02-18,67.75,68.23999786376953,67.26499938964844,68.125,65.5165023803711,10954800,False
XLK,2021-02-19,68.4749984741211,68.53500366210938,67.72000122070312,68.0250015258789,65.42034149169922,11685600,False
XLK,2021-02-22,67.19000244140625,67.41000366210938,66.48500061035156,66.5250015258789,63.977779388427734,14262600,False
XLK,2021-02-23,65.41999816894531,66.75,64.30500030517578,66.33999633789062,63.79984664916992,24198400,False
XLK,2021-02-24,65.84500122070312,67.41500091552734,65.33999633789062,67.3550033569336,64.77599334716797,16472200,False
XLK,2021-02-25,66.75499725341797,67.19999694824219,64.70999908447266,65.0,62.511165618896484,34313800,False
XLK,2021-02-26,65.6449966430664,66.3499984741211,64.76499938964844,65.34500122070312,62.84294509887695,35511600,False
XLK,2021-03-01,66.45500183105469,67.48999786376953,66.03500366210938,67.44999694824219,64.86736297607422,24773800,False
XLK,2021-03-02,67.54499816894531,67.58999633789062,66.28500366210938,66.37999725341797,63.83833694458008,24802800,False
XLK,2021-03-03,66.05999755859375,66.25,64.63999938964844,64.70999908447266,62.23226547241211,29889600,False
XLK,2021-03-04,64.51000213623047,64.9800033569336,62.47999954223633,63.279998779296875,60.85702133178711,76955600,False
XLK,2021-03-05,64.06999969482422,64.65499877929688,62.35499954223633,64.4749984741211,62.00627136230469,46085800,False
XLK,2021-03-08,64.41500091552734,64.7249984741211,62.849998474121094,62.915000915527344,60.50600051879883,35242400,False
XLK,2021-03-09,64.38500213623047,65.45500183105469,64.30000305175781,65.05500030517578,62.56406021118164,22987200,False
XLK,2021-03-10,65.75499725341797,65.76499938964844,64.74500274658203,64.79499816894531,62.31401443481445,18459000,False
XLK,2021-03-11,65.7699966430664,66.58999633789062,65.62999725341797,66.18000030517578,63.645992279052734,13362800,False
XLK,2021-03-12,65.38999938964844,65.7249984741211,64.97000122070312,65.70500183105469,63.189178466796875,12442200,False
XLK,2021-03-15,65.75499725341797,66.44499969482422,65.49500274658203,66.40499877929688,63.862369537353516,16585000,False
XLK,2021-03-16,66.91500091552734,67.54499816894531,66.62000274658203,66.90499877929688,64.3432388305664,13106800,False
XLK,2021-03-17,66.36499786376953,67.25,65.86000061035156,66.8499984741211,64.29031372070312,19366400,False
XLK,2021-03-18,65.93499755859375,66.05000305175781,64.91500091552734,64.99500274658203,62.50636672973633,17584800,False
XLK,2021-03-19,65.01000213623047,65.29499816894531,64.48999786376953,64.80000305175781,62.31882095336914,27224800,False
XLK,2021-03-22,65.01000213623047,66.25499725341797,64.90499877929688,65.93499755859375,63.544227600097656,15984200,False
XLK,2021-03-23,66.11499786376953,66.40499877929688,65.3499984741211,65.5250015258789,63.14908981323242,12929200,False
XLK,2021-03-24,65.91999816894531,65.93000030517578,64.72000122070312,64.7300033569336,62.3829231262207,14209400,False
XLK,2021-03-25,64.34500122070312,64.9800033569336,63.86000061035156,64.69000244140625,62.34436798095703,22573000,False
XLK,2021-03-26,64.65499877929688,66.40499877929688,64.62999725341797,66.33499908447266,63.929725646972656,14883200,False
XLK,2021-03-29,66.13500213623047,66.31999969482422,65.48999786376953,65.98999786376953,63.59722137451172,17317800,False
XLK,2021-03-30,65.5250015258789,65.59500122070312,64.97000122070312,65.36499786376953,62.99489212036133,13235400,False
XLK,2021-03-31,65.86499786376953,66.80999755859375,65.80999755859375,66.40499877929688,63.9971809387207,15430400,False
XLK,2021-04-01,67.12999725341797,67.74500274658203,67.06500244140625,67.73999786376953,65.28377532958984,14351600,False
XLK,2021-04-05,68.13500213623047,69.26000213623047,68.04499816894531,69.13999938964844,66.63300323486328,12866800,False
XLK,2021-04-06,69.02999877929688,69.25499725341797,68.61499786376953,68.84500122070312,66.34872436523438,11315600,False
XLK,2021-04-07,68.79000091552734,69.33499908447266,68.54000091552734,69.20999908447266,66.70048522949219,10085200,False
XLK,2021-04-08,69.86000061035156,70.2249984741211,69.73999786376953,70.20999908447266,67.66419982910156,14144600,False
XLK,2021-04-09,69.95500183105469,70.90499877929688,69.83000183105469,70.88500213623047,68.31473541259766,9401000,False
XLK,2021-04-12,70.59500122070312,70.7699966430664,70.19999694824219,70.54499816894531,67.987060546875,15907000,False
XLK,2021-04-13,70.81500244140625,71.26499938964844,70.68499755859375,71.20999908447266,68.62796020507812,11315800,False
XLK,2021-04-14,71.19999694824219,71.23500061035156,70.31999969482422,70.45500183105469,67.90032196044922,11216200,False
XLK,2021-04-15,71.0999984741211,71.72000122070312,71.08999633789062,71.66500091552734,69.06645202636719,11028800,False
XLK,2021-04-16,71.72000122070312,71.78500366210938,71.3499984741211,71.6500015258789,69.05199432373047,11695600,False
XLK,2021-04-19,71.33000183105469,71.66000366210938,70.62999725341797,71.05500030517578,68.47856140136719,10254000,False
XLK,2021-04-20,70.90499877929688,71.21499633789062,70.02999877929688,70.42500305175781,67.87142181396484,9873400,False
XLK,2021-04-21,70.30000305175781,71.16000366210938,70.1050033569336,71.13500213623047,68.5556869506836,9254200,False
XLK,2021-04-22,71.01000213623047,71.31500244140625,69.98999786376953,70.30000305175781,67.7509536743164,11652200,False
XLK,2021-04-23,70.43000030517578,71.57499694824219,70.41500091552734,71.3499984741211,68.76287078857422,8886000,False
XLK,2021-04-26,71.375,71.79000091552734,71.32499694824219,71.71499633789062,69.11463928222656,7735000,False
XLK,2021-04-27,71.83000183105469,71.88500213623047,71.28500366210938,71.54000091552734,68.94598388671875,10822000,False
XLK,2021-04-28,71.125,71.22000122070312,70.70500183105469,70.875,68.30510711669922,10691200,False
XLK,2021-04-29,71.45500183105469,71.54499816894531,70.09500122070312,70.81500244140625,68.24726867675781,13416600,False
XLK,2021-04-30,70.09500122070312,70.4749984741211,69.68499755859375,69.8499984741211,67.31727600097656,10583400,False
XLK,2021-05-03,70.2249984741211,70.36499786376953,69.4800033569336,69.65499877929688,67.12934875488281,10805800,False
XLK,2021-05-04,69.13500213623047,69.15499877929688,67.6449966430664,68.40499877929688,65.92466735839844,19919600,False
XLK,2021-05-05,68.96499633789062,68.99500274658203,68.11000061035156,68.23999786376953,65.76564025878906,11245800,False
XLK,2021-05-06,68.20999908447266,68.96499633789062,67.72000122070312,68.92500305175781,66.4258041381836,14338600,False
XLK,2021-05-07,69.61499786376953,69.92500305175781,69.21499633789062,69.51499938964844,66.99441528320312,19196600,False
XLK,2021-05-10,69.18000030517578,69.21499633789062,67.73500061035156,67.76000213623047,65.30305480957031,20281000,False
XLK,2021-05-11,66.46499633789062,67.69499969482422,66.30500030517578,67.55500030517578,65.1054916381836,27046800,False
XLK,2021-05-12,66.55999755859375,66.92500305175781,65.4800033569336,65.65499877929688,63.274383544921875,29414600,False
XLK,2021-05-13,66.375,67.125,66.08000183105469,66.5250015258789,64.11283111572266,22610400,False
XLK,2021-05-14,67.2699966430664,68.2249984741211,67.13999938964844,67.98999786376953,65.52471160888672,16823000,False
XLK,2021-05-17,67.58999633789062,67.61000061035156,66.875,67.48999786376953,65.0428237915039,16267200,False
XLK,2021-05-18,67.68499755859375,67.82499694824219,66.90499877929688,66.94999694824219,64.52241516113281,11737200,False
XLK,2021-05-19,65.91000366210938,67.23500061035156,65.75,67.18499755859375,64.7489013671875,30581200,False
XLK,2021-05-20,67.45500183105469,68.69999694824219,67.44499969482422,68.47000122070312,65.98731231689453,16828200,False
XLK,2021-05-21,68.81999969482422,68.88500213623047,68.03500366210938,68.09500122070312,65.62589263916016,14148400,False
XLK,2021-05-24,68.66000366210938,69.54499816894531,68.625,69.30500030517578,66.79202270507812,13229000,False
XLK,2021-05-25,69.58499908447266,69.74500274658203,69.16999816894531,69.32499694824219,66.8113021850586,11245800,False
XLK,2021-05-26,69.42500305175781,69.625,69.09500122070312,69.31999969482422,66.80648040771484,13311400,False
XLK,2021-05-27,69.26000213623047,69.54499816894531,68.94000244140625,68.95500183105469,66.45472717285156,11354600,False
XLK,2021-05-28,69.30500030517578,69.5999984741211,69.16500091552734,69.19999694824219,66.69082641601562,9222600,False
XLK,2021-06-01,69.51000213623047,69.58499908447266,68.73500061035156,68.86000061035156,66.36314392089844,12907400,False
XLK,2021-06-02,69.0,69.61499786376953,68.87000274658203,69.33499908447266,66.82095336914062,10098200,False
XLK,2021-06-03,68.7750015258789,69.05000305175781,68.2699966430664,68.69000244140625,66.19933319091797,12721200,False
XLK,2021-06-04,69.11000061035156,70.08999633789062,69.11000061035156,70.01000213623047,67.47147369384766,11182600,False
XLK,2021-06-07,69.94999694824219,70.07499694824219,69.65499877929688,69.99500274658203,67.4570083618164,11784000,False
XLK,2021-06-08,70.33000183105469,70.625,69.80500030517578,70.0,67.4618148803711,8902600,False
XLK,2021-06-09,70.33999633789062,70.45999908447266,70.01000213623047,70.05000305175781,67.51002502441406,9763400,False
XLK,2021-06-10,70.19499969482422,70.73999786376953,69.94499969482422,70.56500244140625,68.00636291503906,11275400,False
XLK,2021-06-11,70.65499877929688,70.98500061035156,70.58999633789062,70.98500061035156,68.41111755371094,12100600,False
XLK,2021-06-14,71.05500030517578,71.70999908447266,70.76499938964844,71.70500183105469,69.1050033569336,11426600,False
XLK,2021-06-15,71.6500015258789,71.6500015258789,71.13500213623047,71.26499938964844,68.68096923828125,15079600,False
XLK,2021-06-16,71.4000015258789,71.53500366210938,70.18499755859375,70.87999725341797,68.30992126464844,19202800,False
XLK,2021-06-17,70.67500305175781,71.99500274658203,70.67500305175781,71.69999694824219,69.10018157958984,15864200,False
XLK,2021-06-18,71.3550033569336,71.63500213623047,70.95999908447266,71.04499816894531,68.46894073486328,20816600,False
XLK,2021-06-21,70.94499969482422,71.71499633789062,70.48500061035156,71.67500305175781,69.20271301269531,12276000,False
XLK,2021-06-22,71.62999725341797,72.36499786376953,71.55000305175781,72.32499694824219,69.8302993774414,9253200,False
XLK,2021-06-23,72.33499908447266,72.5,72.08499908447266,72.24500274658203,69.75306701660156,8271000,False
XLK,2021-06-24,72.70999908447266,72.91999816894531,72.55500030517578,72.69999694824219,70.19236755371094,12279000,False
XLK,2021-06-25,72.76499938964844,72.81999969482422,72.49500274658203,72.61499786376953,70.11031341552734,14385800,False
XLK,2021-06-28,72.91500091552734,73.45999908447266,72.9000015258789,73.375,70.84405517578125,12557400,False
XLK,2021-06-29,73.41500091552734,73.94499969482422,73.24500274658203,73.91000366210938,71.36062622070312,9829200,False
XLK,2021-06-30,73.79499816894531,74.01000213623047,73.5999984741211,73.83000183105469,71.28340148925781,11013600,False
XLK,2021-07-01,73.7300033569336,73.95500183105469,73.45500183105469,73.95500183105469,71.4040756225586,11636600,False
XLK,2021-07-02,74.30999755859375,75.00499725341797,74.29000091552734,74.93000030517578,72.34545135498047,12780000,False
XLK,2021-07-06,75.08999633789062,75.56999969482422,74.49500274658203,75.21499633789062,72.62060546875,11870600,False
XLK,2021-07-07,75.69499969482422,75.77999877929688,75.0199966430664,75.625,73.01647186279297,14883800,False
XLK,2021-07-08,74.43499755859375,75.12000274658203,74.0999984741211,74.91000366210938,72.3261489868164,17086200,False
XLK,2021-07-09,74.81999969482422,75.66999816894531,74.70999908447266,75.5999984741211,72.9923324584961,9775800,False
XLK,2021-07-12,75.9000015258789,75.93499755859375,75.41500091552734,75.66000366210938,73.0502700805664,9619600,False
XLK,2021-07-13,75.52999877929688,76.5199966430664,75.46499633789062,75.97000122070312,73.34957885742188,15202800,False
XLK,2021-07-14,76.58000183105469,76.91999816894531,76.19499969482422,76.52999877929688,73.89026641845703,12886800,False
XLK,2021-07-15,76.44000244140625,76.5,75.49500274658203,75.9000015258789,73.28199005126953,12506200,False
XLK,2021-07-16,76.05000305175781,76.41000366210938,75.07499694824219,75.1500015258789,72.55786895751953,15080400,False
XLK,2021-07-19,74.25499725341797,74.45999908447266,73.68499755859375,74.11499786376953,71.55854797363281,24254000,False
XLK,2021-07-20,74.48500061035156,75.62999725341797,74.05500030517578,75.21499633789062,72.62060546875,14715600,False
XLK,2021-07-21,75.18499755859375,75.95500183105469,75.04499816894531,75.94000244140625,73.32061767578125,12234000,False
XLK,2021-07-22,76.0999984741211,76.55999755859375,76.0999984741211,76.5,73.86129760742188,9577800,False
XLK,2021-07-23,76.83999633789062,77.30000305175781,76.56500244140625,77.26000213623047,74.5950927734375,12576200,False
XLK,2021-07-26,77.06500244140625,77.36000061035156,76.7750015258789,77.22000122070312,74.55644226074219,8993400,False
XLK,2021-07-27,77.125,77.1500015258789,75.5250015258789,76.48999786376953,73.85164642333984,18089800,False
XLK,2021-07-28,76.51499938964844,76.80000305175781,75.66500091552734,76.3949966430664,73.7599105834961,13941200,False
XLK,2021-07-29,76.31500244140625,77.01000213623047,76.30500030517578,76.75,74.10266876220703,12030600,False
XLK,2021-07-30,76.26000213623047,76.77999877929688,76.23999786376953,76.69999694824219,74.05439758300781,10148800,False
XLK,2021-08-02,77.04499816894531,77.1500015258789,76.31999969482422,76.42500305175781,73.78888702392578,12205200,False
XLK,2021-08-03,76.56500244140625,76.95500183105469,75.94499969482422,76.91500091552734,74.26197052001953,10824800,False
XLK,2021-08-04,76.8550033569336,77.26000213623047,76.61000061035156,77.06999969482422,74.41162872314453,11322800,False
XLK,2021-08-05,77.20999908447266,77.5199966430664,76.9800033569336,77.49500274658203,74.82197570800781,6674600,False
XLK,2021-08-06,77.2249984741211,77.5199966430664,77.20500183105469,77.43000030517578,74.75920867919922,7602800,False
XLK,2021-08-09,77.5199966430664,77.66000366210938,77.1050033569336,77.18000030517578,74.51783752441406,7198200,False
XLK,2021-08-10,77.31999969482422,77.38999938964844,76.40499877929688,76.625,73.98197937011719,10421400,False
XLK,2021-08-11,76.88999938964844,77.02999877929688,76.24500274658203,76.63500213623047,73.99165344238281,10831600,False
XLK,2021-08-12,76.55500030517578,77.12000274658203,76.23999786376953,77.07499694824219,74.41645812988281,6947800,False
XLK,2021-08-13,77.125,77.51499938964844,77.04000091552734,77.49500274658203,74.82197570800781,5630800,False
XLK,2021-08-16,77.30999755859375,77.8550033569336,76.65499877929688,77.84500122070312,75.1598892211914,9493800,False
XLK,2021-08-17,77.37000274658203,77.49500274658203,76.72000122070312,77.19999694824219,74.53713989257812,19052600,False
XLK,2021-08-18,77.0199966430664,77.36499786376953,76.05000305175781,76.13500213623047,73.5088882446289,13481200,False
XLK,2021-08-19,75.71499633789062,77.16500091552734,75.6050033569336,76.87999725341797,74.22818756103516,19291000,False
XLK,2021-08-20,77.16999816894531,77.94000244140625,76.98500061035156,77.87000274658203,75.18401336669922,14769400,False
XLK,2021-08-23,78.07499694824219,78.98500061035156,78.06999969482422,78.875,76.15436553955078,10802400,False
XLK,2021-08-24,78.9749984741211,79.06500244140625,78.71499633789062,78.78500366210938,76.06745147705078,9537000,False
XLK,2021-08-25,78.97000122070312,79.18000030517578,78.61000061035156,78.73999786376953,76.02403259277344,9430400,False
XLK,2021-08-26,78.6449966430664,78.80500030517578,78.18000030517578,78.24500274658203,75.54609680175781,12056600,False
XLK,2021-08-27,78.31500244140625,79.05500030517578,78.18000030517578,79.0,76.27505493164062,14088800,False
XLK,2021-08-30,79.23500061035156,79.94499969482422,79.23500061035156,79.8499984741211,77.09573364257812,10026800,False
XLK,2021-08-31,79.9000015258789,79.92500305175781,79.27999877929688,79.43000030517578,76.69023132324219,21971000,False
XLK,2021-09-01,79.70500183105469,80.06500244140625,79.38500213623047,79.44999694824219,76.70953369140625,20289800,False
XLK,2021-09-02,79.74500274658203,79.8499984741211,79.04499816894531,79.36499786376953,76.6274642944336,21769600,False
XLK,2021-09-03,79.2699966430664,79.88999938964844,79.24500274658203,79.68000030517578,76.9316177368164,21204800,False
XLK,2021-09-07,79.7750015258789,79.87000274658203,79.32499694824219,79.69999694824219,76.9509048461914,19721800,False
XLK,2021-09-08,79.69000244140625,79.71499633789062,78.83000183105469,79.3949966430664,76.65644836425781,11466400,False
XLK,2021-09-09,79.44999694824219,79.7249984741211,79.02999877929688,79.09500122070312,76.36678314208984,11161000,False
XLK,2021-09-10,79.53500366210938,79.7300033569336,78.23500061035156,78.31500244140625,75.61370849609375,17080200,False
XLK,2021-09-13,78.91000366210938,79.11499786376953,77.82499694824219,78.33999633789062,75.63780975341797,22637800,False
XLK,2021-09-14,78.67500305175781,78.83499908447266,78.02999877929688,78.23999786376953,75.54126739501953,18431600,False
XLK,2021-09-15,78.50499725341797,78.98999786376953,78.06500244140625,78.92500305175781,76.20265197753906,16339200,False
XLK,2021-09-16,78.6449966430664,79.05000305175781,78.16000366210938,78.97000122070312,76.24610137939453,16148600,False
XLK,2021-09-17,78.76499938964844,78.7699966430664,77.625,77.73999786376953,75.05852508544922,22663000,False
XLK,2021-09-20,76.46499633789062,76.8550033569336,75.17500305175781,76.19000244140625,73.69139099121094,35669400,False
XLK,2021-09-21,76.65499877929688,76.84500122070312,75.92500305175781,76.22000122070312,73.72040557861328,18455000,False
XLK,2021-09-22,76.63500213623047,77.56500244140625,76.29499816894531,77.26499938964844,74.73113250732422,27990600,False
XLK,2021-09-23,77.66500091552734,78.48500061035156,77.42500305175781,78.30000305175781,75.732177734375,19534000,False
XLK,2021-09-24,77.82499694824219,78.48500061035156,77.79000091552734,78.3550033569336,75.78536987304688,11652400,False
XLK,2021-09-27,77.69499969482422,77.875,77.0999984741211,77.59500122070312,75.05030822753906,15015000,False
XLK,2021-09-28,76.5999984741211,76.7750015258789,75.23500061035156,75.29499816894531,72.82571411132812,38190600,False
XLK,2021-09-29,75.6050033569336,76.0,75.06999969482422,75.19999694824219,72.73383331298828,25012000,False
XLK,2021-09-30,75.63999938964844,75.96499633789062,74.62000274658203,74.66000366210938,72.21155548095703,33415600,False
XLK,2021-10-01,74.93000030517578,75.94999694824219,74.16999816894531,75.78500366210938,73.2996597290039,45483800,False
XLK,2021-10-04,75.3499984741211,75.44000244140625,73.44000244140625,74.02999877929688,71.60221099853516,50773000,False
XLK,2021-10-05,74.18000030517578,75.51499938964844,74.11000061035156,75.08499908447266,72.62261199951172,32967000,False
XLK,2021-10-06,74.22000122070312,75.62999725341797,73.9749984741211,75.57499694824219,73.0965347290039,40004800,False
XLK,2021-10-07,76.2300033569336,76.8550033569336,76.125,76.26499938964844,73.7638931274414,19895600,False
XLK,2021-10-08,76.55999755859375,76.61499786376953,75.8550033569336,75.9800033569336,73.48826599121094,18426400,False
XLK,2021-10-11,75.63999938964844,76.57499694824219,75.50499725341797,75.55999755859375,73.08203125,14970600,False
XLK,2021-10-12,75.8550033569336,75.94999694824219,75.04499816894531,75.16999816894531,72.7048110961914,17853400,False
XLK,2021-10-13,75.49500274658203,75.79499816894531,75.00499725341797,75.62999725341797,73.14973449707031,19521600,False
XLK,2021-10-14,76.4000015258789,77.37000274658203,76.29000091552734,77.33499908447266,74.798828125,15197200,False
XLK,2021-10-15,77.6050033569336,77.97000122070312,77.37000274658203,77.95500183105469,75.39849090576172,12779200,False
XLK,2021-10-18,77.5199966430664,78.65499877929688,77.30500030517578,78.61499786376953,76.0368423461914,11630200,False
XLK,2021-10-19,78.82499694824219,79.3949966430664,78.66500091552734,79.3949966430664,76.79127502441406,13201400,False
XLK,2021-10-20,79.47000122070312,79.58499908447266,78.83000183105469,79.17500305175781,76.57849884033203,12025400,False
XLK,2021-10-21,78.93499755859375,79.5199966430664,78.7699966430664,79.4800033569336,76.87348937988281,10023200,False
XLK,2021-10-22,79.44999694824219,79.77999877929688,78.875,79.20500183105469,76.60750579833984,12490000,False
XLK,2021-10-25,79.50499725341797,79.75,79.15499877929688,79.46499633789062,76.85897827148438,10336800,False
XLK,2021-10-26,80.0,80.33499908447266,79.6500015258789,79.69000244140625,77.07659912109375,13189600,False
XLK,2021-10-27,79.82499694824219,80.2300033569336,79.54000091552734,79.62000274658203,77.00888061523438,17448000,False
XLK,2021-10-28,80.1050033569336,80.4800033569336,79.95500183105469,80.41999816894531,77.78265380859375,12756800,False
XLK,2021-10-29,79.62999725341797,80.81500244140625,79.53500366210938,80.76499938964844,78.1163330078125,20131800,False
XLK,2021-11-01,80.76499938964844,80.80500030517578,80.23500061035156,80.6449966430664,78.0002670288086,24421200,False
XLK,2021-11-02,80.75499725341797,81.55500030517578,80.75499725341797,81.3550033569336,78.68701171875,26814600,False
XLK,2021-11-03,81.49500274658203,82.0,81.0199966430664,81.83000183105469,79.14642333984375,25978600,False
XLK,2021-11-04,82.13999938964844,83.30999755859375,81.99500274658203,83.11000061035156,80.38444519042969,28691400,False
XLK,2021-11-05,83.72000122070312,84.01000213623047,83.0199966430664,83.54000091552734,80.80033874511719,24223600,False
XLK,2021-11-08,83.80999755859375,84.13500213623047,83.61499786376953,83.98999786376953,81.2355728149414,12781000,False
XLK,2021-11-09,84.11499786376953,84.20500183105469,83.22000122070312,83.6449966430664,80.90188598632812,16823000,False
XLK,2021-11-10,83.0,83.41500091552734,82.01499938964844,82.26499938964844,79.567138671875,25788800,False
XLK,2021-11-11,82.8550033569336,82.88999938964844,82.51499938964844,82.6500015258789,79.93954467773438,10103800,False
XLK,2021-11-12,82.92500305175781,83.79499816894531,82.78500366210938,83.65499877929688,80.91154479980469,12244200,False
XLK,2021-11-15,83.98999786376953,84.11000061035156,83.09500122070312,83.56999969482422,80.82935333251953,12490200,False
XLK,2021-11-16,83.47000122070312,84.56500244140625,83.41999816894531,84.44999694824219,81.68048095703125,13538800,False
XLK,2021-11-17,84.28500366210938,84.7249984741211,83.93000030517578,84.19499969482422,81.43385314941406,15417800,False
XLK,2021-11-18,84.68000030517578,85.15499877929688,84.06999969482422,85.03500366210938,82.24632263183594,19964000,False
XLK,2021-11-19,85.33999633789062,85.9800033569336,85.05500030517578,85.65499877929688,82.84596252441406,17714600,False
XLK,2021-11-22,85.98999786376953,87.125,84.6500015258789,84.69999694824219,81.92229461669922,28451600,False
XLK,2021-11-23,84.375,84.7750015258789,83.43499755859375,84.50499725341797,81.73368835449219,29239800,False
XLK,2021-11-24,84.0,85.13999938964844,83.58999633789062,85.12000274658203,82.3285140991211,18241000,False
XLK,2021-11-26,83.90499877929688,84.55500030517578,82.66500091552734,82.99500274658203,80.27322387695312,24767800,False
XLK,2021-11-29,84.2300033569336,85.30000305175781,83.96499633789062,85.06999969482422,82.28016662597656,24979800,False
XLK,2021-11-30,84.75,85.5250015258789,83.63999938964844,84.36000061035156,81.59342956542969,54066800,False
XLK,2021-12-01,85.25,85.8949966430664,83.12999725341797,83.20500183105469,80.47632598876953,39084200,False
XLK,2021-12-02,82.43499755859375,84.3550033569336,82.25499725341797,83.97000122070312,81.21623229980469,46872400,False
XLK,2021-12-03,84.20999908447266,84.47000122070312,81.5250015258789,82.56500244140625,79.85731506347656,48470000,False
XLK,2021-12-06,82.80500030517578,83.5999984741211,81.94499969482422,83.3499984741211,80.61656188964844,37800400,False
XLK,2021-12-07,85.01000213623047,86.36499786376953,85.0,86.26000213623047,83.4311294555664,28691000,False
XLK,2021-12-08,86.29000091552734,86.71499633789062,85.69499969482422,86.65499877929688,83.81317901611328,23261600,False
XLK,2021-12-09,86.44000244140625,87.00499725341797,85.6500015258789,85.72000122070312,82.90884399414062,17201000,False
XLK,2021-12-10,86.62000274658203,87.55000305175781,86.36499786376953,87.44000244140625,84.57244110107422,24776600,False
XLK,2021-12-13,87.62000274658203,87.79000091552734,86.01499938964844,86.13999938964844,83.31507110595703,20974000,False
XLK,2021-12-14,85.0999984741211,85.6449966430664,83.70500183105469,84.7249984741211,81.94646453857422,27094800,False
XLK,2021-12-15,84.79499816894531,87.05500030517578,83.98999786376953,86.97000122070312,84.11785888671875,28270800,False
XLK,2021-12-16,87.29499816894531,87.43499755859375,84.00499725341797,84.50499725341797,81.73368835449219,31275600,False
XLK,2021-12-17,83.57499694824219,84.76000213623047,83.13999938964844,83.94000244140625,81.18721771240234,44821600,False
XLK,2021-12-20,82.5,83.04499816894531,82.18000030517578,82.78500366210938,80.22157287597656,32649600,False
XLK,2021-12-21,83.66999816894531,84.94999694824219,82.8949966430664,84.87999725341797,82.251708984375,16810800,False
XLK,2021-12-22,84.76499938964844,86.05000305175781,84.54000091552734,85.98999786376953,83.32731628417969,13376200,False
XLK,2021-12-23,86.1050033569336,86.81500244140625,86.09500122070312,86.47000122070312,83.7924575805664,9792600,False
XLK,2021-12-27,86.81500244140625,88.34500122070312,86.79499816894531,88.32499694824219,85.59002685546875,13266600,False
XLK,2021-12-28,88.48999786376953,88.5199966430664,87.6449966430664,87.86499786376953,85.1442642211914,11422200,False
XLK,2021-12-29,87.8949966430664,88.29499816894531,87.48500061035156,87.94000244140625,85.21694946289062,9687800,False
XLK,2021-12-30,87.9749984741211,88.2699966430664,87.25499725341797,87.36000061035156,84.65492248535156,10526400,False
XLK,2021-12-31,87.2750015258789,87.48500061035156,86.8949966430664,86.93499755859375,84.24305725097656,10243000,False
XLK,2022-01-03,87.05000305175781,87.83999633789062,86.66999816894531,87.76000213623047,85.04254150390625,20302800,False
XLK,2022-01-04,87.91000366210938,88.0,86.17500305175781,86.83000183105469,84.14132690429688,16648000,False
XLK,2022-01-05,86.32499694824219,86.38999938964844,84.12999725341797,84.16000366210938,81.55400085449219,23628400,False
XLK,2022-01-06,83.48999786376953,84.5999984741211,83.23500061035156,83.73500061035156,81.14215850830078,23767200,False
XLK,2022-01-07,83.68000030517578,84.08000183105469,82.41999816894531,82.96499633789062,80.39599609375,30488600,False
XLK,2022-01-10,81.7300033569336,83.08499908447266,80.6449966430664,82.9800033569336,80.4105453491211,32501400,False
XLK,2022-01-11,82.76499938964844,84.09500122070312,82.1500015258789,83.9749984741211,81.37472534179688,19207600,False
XLK,2022-01-12,84.5999984741211,85.18000030517578,83.94999694824219,84.37000274658203,81.75749206542969,18144000,False
XLK,2022-01-13,84.80500030517578,85.05000305175781,81.9749984741211,82.18499755859375,79.6401596069336,20942600,False
XLK,2022-01-14,81.625,82.93000030517578,81.625,82.87999725341797,80.3136215209961,22351400,False
XLK,2022-01-18,81.67500305175781,82.16000366210938,80.66500091552734,80.88999938964844,78.38525390625,24694200,False
XLK,2022-01-19,81.1449966430664,82.1449966430664,79.68000030517578,79.76000213623047,77.2902603149414,24961400,False
XLK,2022-01-20,80.47000122070312,81.375,78.625,78.7300033569336,76.2921371459961,37609000,False
XLK,2022-01-21,78.54000091552734,79.44499969482422,77.1449966430664,77.16500091552734,74.77558135986328,48016600,False
XLK,2022-01-24,75.87999725341797,77.62000274658203,73.12000274658203,77.56500244140625,75.1632080078125,67413400,False
XLK,2022-01-25,76.04499816894531,77.20999908447266,74.9000015258789,75.7699966430664,73.42379760742188,48886200,False
XLK,2022-01-26,77.83000183105469,78.73999786376953,75.30999755859375,76.21499633789062,73.8550033569336,53596200,False
XLK,2022-01-27,77.44999694824219,77.86000061035156,75.41500091552734,75.69000244140625,73.34627532958984,39446800,False
XLK,2022-01-28,76.62999725341797,79.0199966430664,75.48999786376953,79.0,76.55377960205078,44236000,False
XLK,2022-01-31,79.0199966430664,81.08999633789062,78.63500213623047,80.98500061035156,78.4773178100586,29121000,False
XLK,2022-02-01,81.09500122070312,81.33000183105469,80.0199966430664,81.19499969482422,78.6808090209961,23389800,False
XLK,2022-02-02,81.37000274658203,81.98999786376953,80.81999969482422,81.8550033569336,79.32036590576172,25504800,False
XLK,2022-02-03,80.69499969482422,81.24500274658203,79.18499755859375,79.4800033569336,77.01891326904297,27865400,False
XLK,2022-02-04,79.05500030517578,80.5,78.72000122070312,79.80000305175781,77.32902526855469,29721400,False
XLK,2022-02-07,79.86000061035156,80.33499908447266,78.96499633789062,79.2699966430664,76.8154067993164,14622600,False
XLK,2022-02-08,79.0199966430664,80.46499633789062,78.83499908447266,80.25,77.76508331298828,21139800,False
XLK,2022-02-09,81.28500366210938,82.05500030517578,80.94999694824219,82.02999877929688,79.48995208740234,17795600,False
XLK,2022-02-10,80.4000015258789,81.76499938964844,79.46499633789062,79.88500213623047,77.411376953125,31692200,False
XLK,2022-02-11,79.96499633789062,80.31500244140625,77.1500015258789,77.44499969482422,75.04692077636719,34878800,False
XLK,2022-02-14,77.23999786376953,78.04499816894531,76.5199966430664,77.41999816894531,75.022705078125,41030400,False
XLK,2022-02-15,78.58499908447266,79.51000213623047,78.30999755859375,79.45500183105469,76.99469757080078,24437400,False
XLK,2022-02-16,78.91500091552734,79.6500015258789,78.05500030517578,79.375,76.91716003417969,20318200,False
XLK,2022-02-17,78.63500213623047,78.71499633789062,76.8550033569336,77.0,74.61569213867188,24906400,False
XLK,2022-02-18,77.26499938964844,77.375,75.63500213623047,76.22000122070312,73.85985565185547,25310800,False
XLK,2022-02-22,75.41999816894531,76.7249984741211,74.69000244140625,75.51499938964844,73.17668151855469,26893600,False
XLK,2022-02-23,76.30000305175781,76.50499725341797,73.54499816894531,73.625,71.34520721435547,37879400,False
XLK,2022-02-24,71.09500122070312,76.19499969482422,70.86000061035156,76.13999938964844,73.78233337402344,50967800,False
XLK,2022-02-25,76.25499725341797,77.19999694824219,75.31999969482422,77.17500305175781,74.78528594970703,28301600,False
XLK,2022-02-28,76.3550033569336,77.36000061035156,75.71499633789062,77.03500366210938,74.64962005615234,34822200,False
XLK,2022-03-01,76.74500274658203,77.13999938964844,74.90499877929688,75.49500274658203,73.15731048583984,29925000,False
XLK,2022-03-02,76.05000305175781,77.44999694824219,75.45999908447266,77.12999725341797,74.74166107177734,25592400,False
XLK,2022-03-03,77.77999877929688,77.78500366210938,75.81999969482422,76.20999908447266,73.85016632080078,23450600,False
XLK,2022-03-04,75.61499786376953,75.93000030517578,74.27999877929688,74.875,72.5565185546875,26731200,False
XLK,2022-03-07,74.80999755859375,75.15499877929688,72.09500122070312,72.13500213623047,69.90135955810547,32864200,False
XLK,2022-03-08,71.94000244140625,74.01499938964844,70.7249984741211,71.78500366210938,69.56220245361328,36898400,False
XLK,2022-03-09,73.73500061035156,74.96499633789062,73.1449966430664,74.625,72.31426239013672,35327400,False
XLK,2022-03-10,73.30500030517578,73.5250015258789,72.20999908447266,73.31999969482422,71.04966735839844,27448400,False
XLK,2022-03-11,73.97000122070312,74.15499877929688,71.91999816894531,72.02999877929688,69.79959869384766,21457800,False
XLK,2022-03-14,71.69999694824219,72.51499938964844,70.48999786376953,70.69499969482422,68.50594329833984,27852400,False
XLK,2022-03-15,71.25499725341797,73.21499633789062,71.0199966430664,73.06999969482422,70.80740356445312,22993800,False
XLK,2022-03-16,73.99500274658203,75.4749984741211,72.81999969482422,75.44499969482422,73.10884857177734,27176000,False
XLK,2022-03-17,75.04000091552734,76.02999877929688,74.63500213623047,75.9800033569336,73.6272964477539,18518800,False
XLK,2022-03-18,75.70999908447266,77.67500305175781,75.33999633789062,77.53500366210938,75.13414764404297,27897800,False
XLK,2022-03-21,76.9749984741211,77.65499877929688,76.2300033569336,77.24500274658203,74.99142456054688,22341400,False
XLK,2022-03-22,77.30000305175781,78.76000213623047,77.19499969482422,78.3550033569336,76.06903839111328,17485800,False
XLK,2022-03-23,77.625,78.33999633789062,77.07499694824219,77.1500015258789,74.89921569824219,12360600,False
XLK,2022-03-24,77.58000183105469,79.17500305175781,77.31999969482422,79.15499877929688,76.84571075439453,14263400,False
XLK,2022-03-25,79.27999877929688,79.38999938964844,78.12000274658203,79.11000061035156,76.8020248413086,14874600,False
XLK,2022-03-28,78.74500274658203,80.08499908447266,78.54499816894531,80.05000305175781,77.71461486816406,18593000,False
XLK,2022-03-29,80.98500061035156,81.82499694824219,80.40499877929688,81.75,79.36499786376953,18829800,False
XLK,2022-03-30,81.33000183105469,81.55999755859375,80.23500061035156,80.66000366210938,78.30680084228516,18680200,False
XLK,2022-03-31,80.6500015258789,80.80000305175781,79.34500122070312,79.46499633789062,77.14665985107422,19424000,False
XLK,2022-04-01,79.54499816894531,79.7300033569336,78.34500122070312,79.2300033569336,76.91851806640625,28209600,False
XLK,2022-04-04,79.43499755859375,80.7750015258789,79.40499877929688,80.73500061035156,78.3796157836914,23048200,False
XLK,2022-04-05,80.38500213623047,80.56999969482422,78.76000213623047,79.03500366210938,76.72921752929688,23588200,False
XLK,2022-04-06,77.72000122070312,77.9000015258789,76.4800033569336,77.16500091552734,74.91374969482422,34225400,False
XLK,2022-04-07,76.75499725341797,77.80500030517578,76.2300033569336,77.28500366210938,75.03026580810547,23200200,False
XLK,2022-04-08,76.94000244140625,77.12000274658203,76.04000091552734,76.20500183105469,73.98177337646484,26354600,False
XLK,2022-04-11,75.25,75.34500122070312,74.18499755859375,74.28500366210938,72.11778259277344,21595400,False
XLK,2022-04-12,75.20500183105469,75.7750015258789,73.67500305175781,73.95500183105469,71.79740905761719,22172200,False
XLK,2022-04-13,74.0,75.375,73.7249984741211,75.1449966430664,72.95269012451172,14446800,False
XLK,2022-04-14,75.2249984741211,75.36000061035156,73.28500366210938,73.31999969482422,71.18094635009766,17407000,False
XLK,2022-04-18,72.95999908447266,74.03500366210938,72.94000244140625,73.55999755859375,71.4139404296875,14060600,False
XLK,2022-04-19,73.375,75.06999969482422,73.1050033569336,74.94000244140625,72.753662109375,13562200,False
XLK,2022-04-20,75.66500091552734,75.86499786376953,74.6500015258789,74.87000274658203,72.68572998046875,15652600,False
XLK,2022-04-21,75.5999984741211,76.30999755859375,73.375,73.5999984741211,71.45276641845703,18509200,False
XLK,2022-04-22,73.5199966430664,73.94999694824219,71.44000244140625,71.54000091552734,69.45287322998047,22094800,False
XLK,2022-04-25,71.2249984741211,72.66500091552734,70.77999877929688,72.61499786376953,70.49651336669922,28707600,False
XLK,2022-04-26,71.95500183105469,72.06500244140625,69.875,69.91000366210938,67.87042236328125,25953200,False
XLK,2022-04-27,70.69000244140625,72.30999755859375,70.53500366210938,70.94499969482422,68.87522888183594,40048600,False
XLK,2022-04-28,72.05999755859375,74.20500183105469,71.67500305175781,73.78500366210938,71.63238525390625,27762400,False
XLK,2022-04-29,72.9800033569336,73.83000183105469,70.57499694824219,70.70999908447266,68.64708709716797,29589800,False
XLK,2022-05-02,70.62999725341797,71.87999725341797,69.83000183105469,71.78500366210938,69.69073486328125,37004400,False
XLK,2022-05-03,71.7750015258789,72.3499984741211,71.24500274658203,71.91000366210938,69.81208801269531,27469800,False
XLK,2022-05-04,72.19000244140625,74.56999969482422,70.99500274658203,74.43499755859375,72.26341247558594,28650400,False
XLK,2022-05-05,73.33999633789062,73.43000030517578,70.01000213623047,70.8550033569336,68.78784942626953,36442200,False
XLK,2022-05-06,70.20999908447266,71.41000366210938,69.2300033569336,70.28500366210938,68.23448944091797,34862200,False
XLK,2022-05-09,69.01499938964844,69.45999908447266,67.25499725341797,67.56500244140625,65.59383392333984,41124600,False
XLK,2022-05-10,69.17500305175781,69.56500244140625,67.57499694824219,68.59500122070312,66.59380340576172,36370400,False
XLK,2022-05-11,67.9749984741211,69.26499938964844,66.2249984741211,66.43000030517578,64.49195861816406,34781800,False
XLK,2022-05-12,65.44499969482422,66.69999694824219,64.21499633789062,65.74500274658203,63.826934814453125,36506600,False
XLK,2022-05-13,66.63999938964844,68.26499938964844,66.20999908447266,67.93000030517578,65.94818878173828,24495400,False
XLK,2022-05-16,67.36499786376953,68.23500061035156,66.75499725341797,67.33000183105469,65.3656997680664,17423400,False
XLK,2022-05-17,68.77999877929688,69.38500213623047,68.0,69.27999877929688,67.25880432128906,18602200,False
XLK,2022-05-18,68.36499786376953,68.56500244140625,65.86000061035156,66.11000061035156,64.18128204345703,23670200,False
XLK,2022-05-19,65.61499786376953,66.51000213623047,65.07499694824219,65.38500213623047,63.477439880371094,20874800,False
XLK,2022-05-20,66.29499816894531,66.4749984741211,63.52000045776367,65.52999877929688,63.618194580078125,20252600,False
XLK,2022-05-23,65.73500061035156,67.12000274658203,65.52999877929688,67.03500366210938,65.07929229736328,17219600,False
XLK,2022-05-24,66.0999984741211,66.43499755859375,64.88500213623047,66.04000091552734,64.11331176757812,17122000,False
XLK,2022-05-25,65.6050033569336,67.30500030517578,65.55500030517578,66.80999755859375,64.86087036132812,13656600,False
XLK,2022-05-26,66.41999816894531,68.70999908447266,66.27999877929688,68.41500091552734,66.41903686523438,15556600,False
XLK,2022-05-27,69.18000030517578,70.74500274658203,69.05000305175781,70.7300033569336,68.66649627685547,16281800,False
XLK,2022-05-31,70.45500183105469,70.91500091552734,69.54000091552734,70.2249984741211,68.17623901367188,19420800,False
XLK,2022-06-01,70.9800033569336,71.45999908447266,69.49500274658203,70.01499938964844,67.97235870361328,13304800,False
XLK,2022-06-02,69.5199966430664,71.71499633789062,69.19499969482422,71.70999908447266,69.61790466308594,13868400,False
XLK,2022-06-03,70.3499984741211,70.83499908447266,69.66999816894531,69.99500274658203,67.95294952392578,11263800,False
XLK,2022-06-06,70.875,71.31500244140625,69.65499877929688,70.0,67.95780181884766,12589600,False
XLK,2022-06-07,69.25499725341797,70.97000122070312,69.11499786376953,70.83499908447266,68.7684326171875,11016600,False
XLK,2022-06-08,70.625,70.96499633789062,69.83999633789062,70.03500366210938,67.99179077148438,8814200,False
XLK,2022-06-09,69.5250015258789,70.20500183105469,68.1500015258789,68.16500091552734,66.17633056640625,9765200,False
XLK,2022-06-10,66.98999786376953,67.19999694824219,65.5250015258789,65.54499816894531,63.63276290893555,20886400,False
XLK,2022-06-13,63.47999954223633,64.08499908447266,62.40999984741211,62.63999938964844,60.81251907348633,36332600,False
XLK,2022-06-14,63.11000061035156,63.45500183105469,62.45000076293945,63.03499984741211,61.19599533081055,18250400,False
XLK,2022-06-15,63.81999969482422,65.31500244140625,62.95500183105469,64.36499786376953,62.48719024658203,25069600,False
XLK,2022-06-16,62.72999954223633,62.78499984741211,61.23500061035156,61.744998931884766,59.94363021850586,32690800,False
XLK,2022-06-17,61.73500061035156,62.900001525878906,61.29999923706055,62.310001373291016,60.49214172363281,27684200,False
XLK,2022-06-21,63.05500030517578,64.18000030517578,63.05500030517578,63.72999954223633,62.0315055847168,17245000,False
XLK,2022-06-22,63.03499984741211,64.33999633789062,62.86000061035156,63.459999084472656,61.768699645996094,15163400,False
XLK,2022-06-23,64.00499725341797,64.53500366210938,63.41999816894531,64.41000366210938,62.693382263183594,16042200,False
XLK,2022-06-24,65.1500015258789,66.73999786376953,65.1500015258789,66.7249984741211,64.94668579101562,25492200,False
XLK,2022-06-27,66.94000244140625,67.13999938964844,65.9749984741211,66.2750015258789,64.50867462158203,13917200,False
XLK,2022-06-28,66.33499908447266,66.99500274658203,64.26000213623047,64.29000091552734,62.576576232910156,15260800,False
XLK,2022-06-29,64.20999908447266,64.80500030517578,63.689998626708984,64.41999816894531,62.703102111816406,13607200,False
XLK,2022-06-30,63.564998626708984,64.36000061035156,62.55500030517578,63.560001373291016,61.86604309082031,15720400,False
XLK,2022-07-01,63.15999984741211,63.8650016784668,62.6150016784668,63.70500183105469,62.00716781616211,13930600,False
XLK,2022-07-05,62.84000015258789,64.5199966430664,62.47999954223633,64.50499725341797,62.785831451416016,14341000,False
XLK,2022-07-06,64.6449966430664,65.58000183105469,64.32499694824219,65.05999755859375,63.326045989990234,16167000,False
XLK,2022-07-07,65.34500122070312,66.55500030517578,65.34500122070312,66.40499877929688,64.63520812988281,13082200,False
XLK,2022-07-08,65.69499969482422,66.6500015258789,65.48999786376953,66.43499755859375,64.66441345214844,12627000,False
XLK,2022-07-11,65.8550033569336,66.13999938964844,65.06999969482422,65.5199966430664,63.773799896240234,11416600,False
XLK,2022-07-12,65.76000213623047,66.12999725341797,64.24500274658203,64.625,62.90263748168945,16553400,False
XLK,2022-07-13,63.40999984741211,64.87000274658203,63.130001068115234,64.45500183105469,62.73717498779297,15162600,False
XLK,2022-07-14,63.939998626708984,65.2750015258789,63.1150016784668,65.04499816894531,63.31145095825195,13728800,False
XLK,2022-07-15,65.66999816894531,66.22000122070312,65.3949966430664,66.19000244140625,64.42594146728516,13529200,False
XLK,2022-07-18,66.83999633789062,67.08000183105469,65.30000305175781,65.55000305175781,63.803001403808594,9897600,False
XLK,2022-07-19,66.27999877929688,67.62000274658203,65.87999725341797,67.55000305175781,65.74969482421875,12330600,False
XLK,2022-07-20,67.55999755859375,68.88999938964844,67.37999725341797,68.6050033569336,66.77657318115234,12537200,False
XLK,2022-07-21,68.69000244140625,69.58499908447266,67.9749984741211,69.56999969482422,67.71585845947266,12957600,False
XLK,2022-07-22,69.54000091552734,69.82499694824219,68.21499633789062,68.61000061035156,66.78143310546875,10583600,False
XLK,2022-07-25,68.58000183105469,68.65499877929688,67.66000366210938,68.17500305175781,66.3580322265625,13951200,False
XLK,2022-07-26,68.12000274658203,68.13999938964844,66.81999969482422,67.06999969482422,65.28247833251953,10167800,False
XLK,2022-07-27,68.17500305175781,70.31999969482422,68.07499694824219,69.95500183105469,68.09058380126953,17076200,False
XLK,2022-07-28,70.03500366210938,71.18000030517578,69.41000366210938,71.0199966430664,69.127197265625,12408000,False
XLK,2022-07-29,71.23999786376953,72.33499908447266,70.94000244140625,72.11000061035156,70.18816375732422,10177400,False
XLK,2022-08-01,71.45999908447266,72.67500305175781,71.28500366210938,71.95500183105469,70.03730010986328,12515800,False
XLK,2022-08-02,71.33499908447266,72.2699966430664,70.83000183105469,71.44499969482422,69.54088592529297,15921800,False
XLK,2022-08-03,71.79499816894531,73.55000305175781,71.77999877929688,73.34500122070312,71.39024353027344,14243200,False
XLK,2022-08-04,73.31999969482422,73.71499633789062,72.8499984741211,73.68000030517578,71.71630859375,11679800,False
XLK,2022-08-05,72.5,73.71499633789062,72.44000244140625,73.51000213623047,71.55084991455078,7921000,False
XLK,2022-08-08,73.44499969482422,74.01499938964844,72.48999786376953,72.88500213623047,70.9425277709961,11102200,False
XLK,2022-08-09,72.29499816894531,72.44000244140625,71.76499938964844,72.15499877929688,70.2319564819336,8565600,False
XLK,2022-08-10,73.87000274658203,74.18499755859375,73.27999877929688,74.125,72.14945983886719,19273200,False
XLK,2022-08-11,74.58999633789062,75.0250015258789,73.69999694824219,73.83499908447266,71.8671875,11025800,False
XLK,2022-08-12,74.31999969482422,75.30999755859375,74.08999633789062,75.30500030517578,73.29800415039062,8093600,False
XLK,2022-08-15,75.00499725341797,75.88999938964844,74.91999816894531,75.77999877929688,73.76033782958984,7162600,False
XLK,2022-08-16,75.43499755859375,75.93000030517578,74.87000274658203,75.57499694824219,73.56079864501953,10990600,False
XLK,2022-08-17,74.88500213623047,75.61000061035156,74.49500274658203,75.03500366210938,73.03520202636719,12632800,False
XLK,2022-08-18,75.11000061035156,75.7249984741211,74.81999969482422,75.42500305175781,73.41481018066406,9976800,False
XLK,2022-08-19,74.80500030517578,74.8949966430664,73.88999938964844,74.05500030517578,72.08132934570312,10146200,False
XLK,2022-08-22,73.04499816894531,73.06999969482422,71.80999755859375,71.98999786376953,70.07137298583984,10744200,False
XLK,2022-08-23,71.8499984741211,72.55999755859375,71.70500183105469,71.80000305175781,69.88642883300781,14777200,False
XLK,2022-08-24,71.75,72.1500015258789,71.44999694824219,71.84500122070312,69.93023681640625,8983200,False
XLK,2022-08-25,72.02999877929688,73.06500244140625,71.93499755859375,73.05999755859375,71.11283874511719,7126600,False
XLK,2022-08-26,73.02999877929688,73.20500183105469,69.88999938964844,69.94000244140625,68.07599639892578,14321800,False
XLK,2022-08-29,69.18499755859375,69.69000244140625,68.75,69.01499938964844,67.1756591796875,13231600,False
XLK,2022-08-30,69.40499877929688,69.5250015258789,67.67500305175781,68.29499816894531,66.4748306274414,13268800,False
XLK,2022-08-31,68.70500183105469,68.92500305175781,67.59500122070312,67.62999725341797,65.82755279541016,14171400,False
XLK,2022-09-01,66.97000122070312,67.38500213623047,65.88999938964844,67.30000305175781,65.50636291503906,15988600,False
XLK,2022-09-02,67.99500274658203,68.37999725341797,66.07499694824219,66.42500305175781,64.65469360351562,16606600,False
XLK,2022-09-06,66.51499938964844,66.80000305175781,65.55000305175781,65.98500061035156,64.22639465332031,14990000,False
XLK,2022-09-07,66.11499786376953,67.30999755859375,65.88999938964844,67.04000091552734,65.25328826904297,11657000,False
XLK,2022-09-08,66.54499816894531,67.62000274658203,66.24500274658203,67.2699966430664,65.47715759277344,11210600,False
XLK,2022-09-09,67.83000183105469,68.78500366210938,67.69999694824219,68.5999984741211,66.7717056274414,11418600,False
XLK,2022-09-12,69.0250015258789,69.7300033569336,69.01499938964844,69.69999694824219,67.8423843383789,10181000,False
XLK,2022-09-13,67.70999908447266,68.08999633789062,65.81999969482422,66.0,64.24099731445312,20148800,False
XLK,2022-09-14,66.30999755859375,66.7249984741211,65.6050033569336,66.23999786376953,64.47460174560547,13229200,False
XLK,2022-09-15,65.70999908447266,66.11000061035156,64.32499694824219,64.71499633789062,62.99024963378906,14885200,False
XLK,2022-09-16,64.1500015258789,64.48999786376953,63.439998626708984,64.3550033569336,62.63985061645508,20762200,False
XLK,2022-09-19,63.55500030517578,64.77999877929688,63.51499938964844,64.72000122070312,63.15065383911133,15683000,False
XLK,2022-09-20,64.11499786376953,64.74500274658203,63.779998779296875,64.33999633789062,62.77986526489258,12109400,False
XLK,2022-09-21,64.67500305175781,65.625,63.32500076293945,63.334999084472656,61.79923629760742,16808800,False
XLK,2022-09-22,62.97999954223633,63.380001068115234,62.334999084472656,62.689998626708984,61.16987991333008,16033800,False
XLK,2022-09-23,62.119998931884766,62.21500015258789,61.05500030517578,61.869998931884766,60.369754791259766,19396200,False
XLK,2022-09-26,61.68000030517578,62.71500015258789,61.26499938964844,61.439998626708984,59.95018005371094,17193600,False
XLK,2022-09-27,62.255001068115234,62.84000015258789,60.95000076293945,61.52000045776367,60.028255462646484,18714800,False
XLK,2022-09-28,61.11000061035156,62.470001220703125,60.63999938964844,62.16999816894531,60.66249084472656,18933400,False
XLK,2022-09-29,61.279998779296875,61.41999816894531,59.834999084472656,60.54999923706055,59.08176803588867,31096600,False
XLK,2022-09-30,60.30500030517578,61.20000076293945,59.279998779296875,59.38999938964844,57.94989013671875,19513000,False
XLK,2022-10-03,59.86000061035156,61.595001220703125,59.630001068115234,61.22999954223633,59.745269775390625,17332200,False
XLK,2022-10-04,62.470001220703125,63.35499954223633,62.42499923706055,63.28499984741211,61.75044631958008,17779000,False
XLK,2022-10-05,62.43000030517578,63.95500183105469,62.064998626708984,63.494998931884766,61.95535659790039,14600400,False
XLK,2022-10-06,63.33000183105469,64.0250015258789,62.900001525878906,62.974998474121094,61.44796371459961,14348200,False
XLK,2022-10-07,61.689998626708984,61.69499969482422,60.060001373291016,60.3849983215332,58.9207763671875,15749000,False
XLK,2022-10-10,60.3849983215332,60.470001220703125,58.775001525878906,59.369998931884766,57.93037414550781,16706200,False
XLK,2022-10-11,59.029998779296875,59.439998626708984,58.025001525878906,58.459999084472656,57.042442321777344,21044800,False
XLK,2022-10-12,58.505001068115234,58.904998779296875,58.18000030517578,58.279998779296875,56.8668098449707,14111600,False
XLK,2022-10-13,56.70500183105469,60.404998779296875,56.48500061035156,60.09000015258789,58.63291931152344,38114600,False
XLK,2022-10-14,60.58000183105469,60.709999084472656,58.30500030517578,58.400001525878906,56.98389434814453,22484000,False
XLK,2022-10-17,59.83000183105469,60.47999954223633,59.66999816894531,60.18000030517578,58.72073745727539,14599600,False
XLK,2022-10-18,61.7400016784668,61.959999084472656,59.92499923706055,60.689998626708984,59.2183723449707,13998000,False
XLK,2022-10-19,60.15999984741211,61.1150016784668,59.904998779296875,60.51499938964844,59.04761505126953,10984000,False
XLK,2022-10-20,60.53499984741211,61.8650016784668,60.25,60.54999923706055,59.08176803588867,12429600,False
XLK,2022-10-21,60.400001525878906,62.29999923706055,60.19499969482422,62.16999816894531,60.66249084472656,17126000,False
XLK,2022-10-24,62.435001373291016,63.2599983215332,61.67499923706055,63.029998779296875,61.50163269042969,13385200,False
XLK,2022-10-25,63.185001373291016,64.27999877929688,63.185001373291016,64.23500061035156,62.67741012573242,10265000,False
XLK,2022-10-26,62.6150016784668,64.12999725341797,62.51499938964844,62.80500030517578,61.28208923339844,15169400,False
XLK,2022-10-27,63.040000915527344,63.42499923706055,61.94499969482422,62.09000015258789,60.58441925048828,11694800,False
XLK,2022-10-28,62.435001373291016,64.92500305175781,62.435001373291016,64.79000091552734,63.21895980834961,14935400,False
XLK,2022-10-31,64.1449966430664,64.31999969482422,63.55500030517578,63.935001373291016,62.38468933105469,13292200,False
XLK,2022-11-01,64.7300033569336,64.84500122070312,63.125,63.400001525878906,61.86265563964844,9413200,False
XLK,2022-11-02,63.35499954223633,64.16999816894531,61.189998626708984,61.209999084472656,59.725765228271484,18092400,False
XLK,2022-11-03,60.35499954223633,60.46500015258789,59.3650016784668,59.40999984741211,57.96940994262695,16010600,False
XLK,2022-11-04,60.64500045776367,60.810001373291016,59.11000061035156,60.494998931884766,59.02810287475586,17896200,False
XLK,2022-11-07,60.599998474121094,61.60499954223633,60.16999816894531,61.505001068115234,60.01361083984375,10427600,False
XLK,2022-11-08,62.01499938964844,62.845001220703125,61.18000030517578,62.095001220703125,60.589298248291016,12722000,False
XLK,2022-11-09,61.52000045776367,61.54499816894531,60.38999938964844,60.47999954223633,59.013465881347656,11962600,False
XLK,2022-11-10,63.46500015258789,65.5199966430664,63.14500045776367,65.44999694824219,63.862937927246094,27932200,True
XLK,2022-11-11,65.38999938964844,66.79000091552734,65.06999969482422,66.56999969482422,64.95579528808594,15977800,False
XLK,2022-11-14,66.04499816894531,66.82499694824219,65.68499755859375,66.0,64.39961242675781,14526600,False
XLK,2022-11-15,67.5,67.7750015258789,66.12999725341797,66.80000305175781,65.18021392822266,12716200,False
XLK,2022-11-16,66.28500366210938,66.4800033569336,65.61000061035156,65.88500213623047,64.28739929199219,10095800,False
XLK,2022-11-17,64.83499908447266,66.2750015258789,64.80999755859375,65.97000122070312,64.37034606933594,8149600,False
XLK,2022-11-18,66.71499633789062,66.73500061035156,65.48999786376953,66.04499816894531,64.44351959228516,11912400,False
XLK,2022-11-21,65.66999816894531,65.94000244140625,65.20500183105469,65.33499908447266,63.750736236572266,8363800,False
XLK,2022-11-22,65.62000274658203,66.63500213623047,65.1500015258789,66.5999984741211,64.98506927490234,9019200,False
XLK,2022-11-23,66.45500183105469,67.38999938964844,66.41000366210938,67.19000244140625,65.5607681274414,9480600,False
XLK,2022-11-25,66.73500061035156,67.00499725341797,66.6050033569336,66.80000305175781,65.18021392822266,3263000,False
XLK,2022-11-28,66.04499816894531,66.47000122070312,65.1050033569336,65.37000274658203,63.78490447998047,13030200,False
XLK,2022-11-29,65.28500366210938,65.4800033569336,64.46499633789062,64.7300033569336,63.1604118347168,11570200,False
XLK,2022-11-30,64.69999694824219,67.98999786376953,64.63500213623047,67.9800033569336,66.33160400390625,23334400,False
XLK,2022-12-01,68.04499816894531,68.4000015258789,67.23500061035156,68.07499694824219,66.42430114746094,15165800,False
XLK,2022-12-02,66.93499755859375,67.90499877929688,66.67500305175781,67.68000030517578,66.03887939453125,8934400,False
XLK,2022-12-05,67.16000366210938,67.53500366210938,66.11499786376953,66.55500030517578,64.94114685058594,11526200,False
XLK,2022-12-06,66.48500061035156,66.58499908447266,64.70999908447266,65.12999725341797,63.55070877075195,11799200,False
XLK,2022-12-07,64.8949966430664,65.30000305175781,64.33499908447266,64.80000305175781,63.22871017456055,10413800,False
XLK,2022-12-08,65.16000366210938,66.05000305175781,64.7699966430664,65.86000061035156,64.26300048828125,8965800,False
XLK,2022-12-09,65.56500244140625,66.375,65.20999908447266,65.45500183105469,63.867828369140625,10402800,False
XLK,2022-12-12,65.55999755859375,66.88500213623047,65.54000091552734,66.88500213623047,65.26313781738281,14806200,False
XLK,2022-12-13,69.31999969482422,69.66500091552734,66.98999786376953,67.67500305175781,66.03399658203125,18607600,False
XLK,2022-12-14,67.61000061035156,68.4000015258789,66.31999969482422,67.1050033569336,65.47781372070312,19541000,False
XLK,2022-12-15,66.00499725341797,66.25,64.3499984741211,64.59500122070312,63.028690338134766,19223800,False
XLK,2022-12-16,64.375,64.75499725341797,63.415000915527344,63.7400016784668,62.19441604614258,23999200,False
XLK,2022-12-19,63.564998626708984,63.665000915527344,62.29499816894531,62.709999084472656,61.365089416503906,14276600,False
XLK,2022-12-20,62.380001068115234,63.125,62.08000183105469,62.80500030517578,61.45804977416992,12622000,False
XLK,2022-12-21,63.095001220703125,64.1449966430664,62.939998626708984,63.845001220703125,62.475746154785156,14670600,False
XLK,2022-12-22,63.04499816894531,63.1150016784668,61.18000030517578,62.23500061035156,60.900272369384766,15323600,False
XLK,2022-12-23,61.790000915527344,62.36000061035156,61.334999084472656,62.29999923706055,60.96389389038086,8231600,False
XLK,2022-12-27,62.084999084472656,62.19499969482422,61.345001220703125,61.709999084472656,60.38654327392578,9530200,False
XLK,2022-12-28,61.560001373291016,62.1349983215332,60.64500045776367,60.71500015258789,59.41287612915039,10362600,False
XLK,2022-12-29,61.310001373291016,62.51499938964844,61.30500030517578,62.30500030517578,60.96877670288086,10954200,False
XLK,2022-12-30,61.65999984741211,62.255001068115234,61.275001525878906,62.220001220703125,60.885597229003906,8905800,False
XLK,2023-01-03,62.8849983215332,63.29999923706055,61.189998626708984,61.630001068115234,60.30825424194336,15196200,False
XLK,2023-01-04,61.95000076293945,62.185001373291016,61.11000061035156,61.790000915527344,60.464820861816406,11813000,False
XLK,2023-01-05,61.47999954223633,61.63999938964844,60.48500061035156,60.59000015258789,59.290557861328125,11341000,False
XLK,2023-01-06,61.125,62.64500045776367,60.404998779296875,62.3650016784668,61.02749252319336,13825400,False
XLK,2023-01-09,62.92499923706055,64.23999786376953,62.904998779296875,63.09000015258789,61.7369384765625,21427200,False
XLK,2023-01-10,62.935001373291016,63.58000183105469,62.599998474121094,63.47999954223633,62.11857986450195,17209000,False
XLK,2023-01-11,63.68000030517578,64.58000183105469,63.48500061035156,64.58000183105469,63.19498062133789,13758000,False
XLK,2023-01-12,64.68000030517578,65.3550033569336,63.88999938964844,65.05999755859375,63.66468811035156,15358600,False
XLK,2023-01-13,64.44499969482422,65.33999633789062,64.29499816894531,65.24500274658203,63.84571075439453,10153200,False
XLK,2023-01-17,65.15499877929688,65.92500305175781,65.07499694824219,65.54000091552734,64.1343994140625,10425800,False
XLK,2023-01-18,65.91000366210938,66.26000213623047,64.65499877929688,64.69499969482422,63.30751419067383,13936000,False
XLK,2023-01-19,64.19000244140625,64.55000305175781,63.70500183105469,63.939998626708984,62.56871032714844,14645000,False
XLK,2023-01-20,64.26000213623047,65.72000122070312,64.02999877929688,65.66999816894531,64.26161193847656,14127800,False
XLK,2023-01-23,65.93499755859375,67.55000305175781,65.78500366210938,67.16500091552734,65.72454833984375,23472600,False
XLK,2023-01-24,66.78500366210938,67.38999938964844,66.68499755859375,67.13500213623047,65.6951904296875,12575600,False
XLK,2023-01-25,66.0,67.16500091552734,65.38500213623047,66.99500274658203,65.55819702148438,14342200,False
XLK,2023-01-26,67.6500015258789,68.09500122070312,66.94999694824219,68.06500244140625,66.6052474975586,11161800,False
XLK,2023-01-27,67.63500213623047,68.83000183105469,67.6050033569336,68.3499984741211,66.8841323852539,13549400,False
XLK,2023-01-30,67.56500244140625,67.86000061035156,66.98999786376953,67.04499816894531,65.60710906982422,9705600,False
XLK,2023-01-31,67.04499816894531,68.01000213623047,67.0,67.9800033569336,66.52206420898438,8871600,False
XLK,2023-02-01,67.93000030517578,70.13500213623047,67.6050033569336,69.58000183105469,68.08776092529297,18852800,False
XLK,2023-02-02,70.7699966430664,71.87999725341797,70.44499969482422,71.4800033569336,69.94701385498047,18824000,False
XLK,2023-02-03,70.25,72.04499816894531,70.1449966430664,70.88500213623047,69.3647689819336,16145400,False
XLK,2023-02-06,70.0999984741211,70.6500015258789,69.75499725341797,70.0199966430664,68.51831817626953,12977400,False
XLK,2023-02-07,70.125,72.04000091552734,70.09500122070312,71.7699966430664,70.23078155517578,15708200,False
XLK,2023-02-08,71.91000366210938,72.29499816894531,70.76000213623047,70.90499877929688,69.38431549072266,12577000,False
XLK,2023-02-09,72.0,72.12000274658203,70.23500061035156,70.51499938964844,69.00270080566406,12624000,False
XLK,2023-02-10,69.98999786376953,70.43000030517578,69.5250015258789,70.19000244140625,68.68465423583984,9861600,False
XLK,2023-02-13,70.46499633789062,71.55999755859375,70.41999816894531,71.40499877929688,69.87361145019531,8411800,False
XLK,2023-02-14,71.06999969482422,72.11499786376953,70.625,71.70999908447266,70.17207336425781,12622000,False
XLK,2023-02-15,71.2750015258789,72.05000305175781,71.1050033569336,72.04499816894531,70.49988555908203,10491000,False
XLK,2023-02-16,71.0,71.80500030517578,70.73999786376953,70.79499816894531,69.27669525146484,13001200,False
XLK,2023-02-17,70.29000091552734,70.37000274658203,69.30000305175781,69.91000366210938,68.41067504882812,10606600,False
XLK,2023-02-21,68.9749984741211,69.38999938964844,68.19000244140625,68.25,66.78627014160156,12277800,False
XLK,2023-02-22,68.38999938964844,68.69999694824219,67.82499694824219,68.1500015258789,66.68841552734375,14338400,False
XLK,2023-02-23,69.41999816894531,69.54000091552734,68.30500030517578,69.27999877929688,67.79419708251953,13120000,False
XLK,2023-02-24,68.05000305175781,68.33999633789062,67.6500015258789,68.04499816894531,66.58565521240234,14347400,False
XLK,2023-02-27,68.7300033569336,69.08000183105469,68.28500366210938,68.41000366210938,66.9428482055664,9389000,False
XLK,2023-02-28,68.19000244140625,68.91999816894531,68.06999969482422,68.26000213623047,66.79605865478516,10485800,False
XLK,2023-03-01,68.29000091552734,68.4000015258789,67.55000305175781,67.76000213623047,66.3067855834961,15069400,False
XLK,2023-03-02,67.57499694824219,68.80999755859375,67.45999908447266,68.59500122070312,67.12387084960938,10969400,False
XLK,2023-03-03,69.03500366210938,70.07499694824219,68.97000122070312,70.06999969482422,68.5672378540039,14439600,False
XLK,2023-03-06,70.5199966430664,71.36000061035156,70.3499984741211,70.40499877929688,68.89506530761719,15999200,False
XLK,2023-03-07,70.3499984741211,70.62000274658203,69.3550033569336,69.52999877929688,68.03882598876953,14120000,False
XLK,2023-03-08,69.7750015258789,70.19000244140625,69.36499786376953,70.1050033569336,68.60151672363281,13247000,False
XLK,2023-03-09,70.21499633789062,71.00499725341797,68.96499633789062,69.0999984741211,67.6180419921875,15624600,False
XLK,2023-03-10,69.0,69.17500305175781,67.61499786376953,67.88500213623047,66.4291000366211,30556800,False
XLK,2023-03-13,67.45999908447266,69.19999694824219,67.04000091552734,68.25499725341797,66.7911605834961,34439400,False
XLK,2023-03-14,69.13500213623047,70.07499694824219,68.8499984741211,69.83000183105469,68.3323974609375,21202200,False
XLK,2023-03-15,69.06500244140625,69.95500183105469,68.7300033569336,69.87000274658203,68.37153625488281,23060000,False
XLK,2023-03-16,69.625,71.93000030517578,69.3949966430664,71.83000183105469,70.28949737548828,26086800,False
XLK,2023-03-17,71.97000122070312,72.58999633789062,71.30999755859375,71.7300033569336,70.19163513183594,23078600,False
XLK,2023-03-20,71.44499969482422,71.8550033569336,70.91000366210938,71.76499938964844,70.38091278076172,11981600,False
XLK,2023-03-21,72.15499877929688,72.4749984741211,71.40499877929688,72.34500122070312,70.9497299194336,13066400,False
XLK,2023-03-22,72.34500122070312,73.78500366210938,71.58499908447266,71.625,70.24362182617188,14224400,False
XLK,2023-03-23,72.54000091552734,73.7750015258789,72.1050033569336,72.79000091552734,71.38615417480469,17595800,False
XLK,2023-03-24,72.55999755859375,73.01499938964844,72.08000183105469,72.9800033569336,71.5724868774414,11872600,False
XLK,2023-03-27,73.08999633789062,73.33999633789062,72.24500274658203,72.41500091552734,71.01838684082031,10810600,False
XLK,2023-03-28,72.29000091552734,72.31500244140625,71.42500305175781,72.07499694824219,70.6849365234375,9968000,False
XLK,2023-03-29,72.9800033569336,73.75,72.875,73.58499908447266,72.16580963134766,14256600,False
XLK,2023-03-30,74.26499938964844,74.54499816894531,73.94000244140625,74.44000244140625,73.00433349609375,11202400,False
XLK,2023-03-31,74.3499984741211,75.57499694824219,74.25499725341797,75.50499725341797,74.04878234863281,15069800,False
XLK,2023-04-03,75.04499816894531,75.48999786376953,74.68499755859375,75.38500213623047,73.93109893798828,21142200,False
XLK,2023-04-04,75.49500274658203,75.75499725341797,74.69000244140625,74.97000122070312,73.52410888671875,15824800,False
XLK,2023-04-05,74.61499786376953,74.68499755859375,73.58000183105469,74.11499786376953,72.68559265136719,15737600,False
XLK,2023-04-06,73.57499694824219,74.62999725341797,73.25499725341797,74.53500366210938,73.09750366210938,15696000,False
XLK,2023-04-10,73.79499816894531,74.51000213623047,73.38999938964844,74.49500274658203,73.05827331542969,9517200,False
XLK,2023-04-11,74.36499786376953,74.375,73.66999816894531,73.79499816894531,72.37175750732422,12791600,False
XLK,2023-04-12,74.29499816894531,74.49500274658203,73.25499725341797,73.375,71.95986938476562,13235800,False
XLK,2023-04-13,73.66000366210938,74.8550033569336,73.54000091552734,74.73999786376953,73.29854583740234,13641800,False
XLK,2023-04-14,74.31999969482422,74.93499755859375,73.67500305175781,74.32499694824219,72.89153289794922,13003600,False
XLK,2023-04-17,74.41999816894531,74.76000213623047,74.01499938964844,74.59500122070312,73.15633392333984,8306000,False
XLK,2023-04-18,75.16500091552734,75.36499786376953,74.5,74.82499694824219,73.38189697265625,9212800,False
XLK,2023-04-19,74.1500015258789,74.75,74.05000305175781,74.61000061035156,73.17105865478516,8623200,False
XLK,2023-04-20,73.92500305175781,74.8550033569336,73.79000091552734,74.12000274658203,72.69049835205078,11416200,False
XLK,2023-04-21,73.79499816894531,74.01499938964844,73.4000015258789,73.87999725341797,72.45513916015625,12237600,False
XLK,2023-04-24,73.58499908447266,73.94499969482422,73.00499725341797,73.55500030517578,72.13639831542969,9079800,False
XLK,2023-04-25,73.19499969482422,73.33499908447266,71.95999908447266,71.98500061035156,70.5966796875,11022600,False
XLK,2023-04-26,73.25,73.80999755859375,72.87999725341797,73.05500030517578,71.64604187011719,13603400,False
XLK,2023-04-27,73.4000015258789,74.66000366210938,73.22000122070312,74.6050033569336,73.16614532470703,12084800,False
XLK,2023-04-28,74.6050033569336,75.43000030517578,74.5250015258789,75.41500091552734,73.96053314208984,11792000,False
XLK,2023-05-01,75.3550033569336,75.82499694824219,75.23500061035156,75.45999908447266,74.0046615600586,8194400,False
XLK,2023-05-02,75.55000305175781,75.63500213623047,74.36499786376953,74.75499725341797,73.31324005126953,12058800,False
XLK,2023-05-03,74.84500122070312,75.33000183105469,74.08999633789062,74.125,72.69539642333984,11630200,False
XLK,2023-05-04,73.83000183105469,74.2699966430664,73.46499633789062,73.7699966430664,72.34724426269531,10861000,False
XLK,2023-05-05,74.48500061035156,75.875,74.37999725341797,75.62000274658203,74.16157531738281,12230000,False
XLK,2023-05-08,75.4749984741211,75.6449966430664,75.11499786376953,75.58000183105469,74.12234497070312,6795600,False
XLK,2023-05-09,75.16500091552734,75.30500030517578,74.91999816894531,75.0,73.55352783203125,12473200,False
XLK,2023-05-10,75.65499877929688,76.08999633789062,75.18000030517578,75.91500091552734,74.45087432861328,10551800,False
XLK,2023-05-11,75.79000091552734,75.79000091552734,75.05000305175781,75.57499694824219,74.117431640625,8956800,False
XLK,2023-05-12,75.70500183105469,75.81500244140625,74.88999938964844,75.4749984741211,74.01936340332031,7908000,False
XLK,2023-05-15,75.55000305175781,76.11499786376953,75.27999877929688,76.0999984741211,74.63232421875,6796600,False
XLK,2023-05-16,75.99500274658203,76.59500122070312,75.97000122070312,76.18000030517578,74.71078491210938,9398200,False
XLK,2023-05-17,76.5,77.32499694824219,76.1449966430664,77.19499969482422,75.7061767578125,11916600,False
XLK,2023-05-18,77.29000091552734,78.88999938964844,77.29000091552734,78.7750015258789,77.25572204589844,15491200,False
XLK,2023-05-19,78.79499816894531,78.93000030517578,78.47000122070312,78.73999786376953,77.22138977050781,9805000,False
XLK,2023-05-22,78.50499725341797,79.09500122070312,78.375,78.88999938964844,77.3685073852539,10794200,False
XLK,2023-05-23,78.49500274658203,78.81999969482422,77.69499969482422,77.7249984741211,76.22595977783203,11691000,False
XLK,2023-05-24,77.11000061035156,77.46499633789062,76.73500061035156,77.15499877929688,75.6669692993164,10925600,False
XLK,2023-05-25,79.20500183105469,80.43000030517578,78.79000091552734,80.11499786376953,78.56987762451172,18078000,False
XLK,2023-05-26,80.31999969482422,82.53500366210938,80.30999755859375,82.38999938964844,80.8010025024414,15160000,False
XLK,2023-05-30,83.5999984741211,84.0199966430664,82.65499877929688,82.83000183105469,81.2325210571289,18123600,False
XLK,2023-05-31,82.3550033569336,83.12999725341797,82.09500122070312,82.13999938964844,80.55583190917969,19301000,False
XLK,2023-06-01,81.87999725341797,83.32499694824219,81.61499786376953,82.9749984741211,81.37471771240234,17419400,False
XLK,2023-06-02,83.46499633789062,83.83499908447266,82.86000061035156,83.44999694824219,81.8405532836914,14270600,False
XLK,2023-06-05,83.4000015258789,83.95500183105469,82.82499694824219,82.97000122070312,81.36981964111328,10909000,False
XLK,2023-06-06,82.7699966430664,83.12999725341797,82.3550033569336,82.94999694824219,81.35018920898438,9975600,False
XLK,2023-06-07,82.79000091552734,83.43499755859375,81.54000091552734,81.70999908447266,80.13412475585938,13703800,False
XLK,2023-06-08,81.83000183105469,82.7249984741211,81.7699966430664,82.59500122070312,81.0020523071289,10665200,False
XLK,2023-06-09,82.99500274658203,83.8550033569336,82.7249984741211,83.00499725341797,81.40414428710938,14413600,False
XLK,2023-06-12,83.57499694824219,84.84500122070312,83.40499877929688,84.80999755859375,83.1743392944336,13787200,False
XLK,2023-06-13,85.56500244140625,85.7300033569336,84.63500213623047,85.32499694824219,83.67938995361328,16595800,False
XLK,2023-06-14,85.2249984741211,86.23500061035156,84.93000030517578,86.20500183105469,84.54241943359375,16769000,False
XLK,2023-06-15,85.8550033569336,87.70500183105469,85.83499908447266,87.31500244140625,85.63101959228516,17732600,False
XLK,2023-06-16,88.1449966430664,88.1500015258789,86.51000213623047,86.59500122070312,84.92489624023438,17366600,False
XLK,2023-06-20,85.91999816894531,86.44999694824219,85.37000274658203,85.83000183105469,84.35096740722656,14137800,False
XLK,2023-06-21,85.5,85.66500091552734,84.30999755859375,84.55999755859375,83.10286712646484,12058000,False
XLK,2023-06-22,84.18000030517578,85.28500366210938,84.16500091552734,85.25,83.78096008300781,15224200,False
XLK,2023-06-23,84.19999694824219,84.82499694824219,83.97000122070312,84.32499694824219,82.87189483642578,14729000,False
XLK,2023-06-26,84.4000015258789,85.13999938964844,83.66000366210938,83.72000122070312,82.27732849121094,10890200,False
XLK,2023-06-27,84.05500030517578,85.56500244140625,83.9749984741211,85.37000274658203,83.8989028930664,13833000,False
XLK,2023-06-28,84.8949966430664,85.87999725341797,84.83000183105469,85.41999816894531,83.94802856445312,11371600,False
XLK,2023-06-29,85.51000213623047,85.7249984741211,85.05500030517578,85.56999969482422,84.095458984375,9128200,False
XLK,2023-06-30,86.41999816894531,87.1500015258789,86.3550033569336,86.93000030517578,85.43201446533203,11398400,False
XLK,2023-07-03,86.91500091552734,86.95500183105469,86.30500030517578,86.74500274658203,85.25020599365234,6182200,False
XLK,2023-07-05,86.13999938964844,86.8550033569336,86.06500244140625,86.20999908447266,84.72442626953125,9395600,False
XLK,2023-07-06,85.36000061035156,86.05999755859375,85.0999984741211,85.9800033569336,84.4983901977539,12116400,False
XLK,2023-07-07,85.83999633789062,86.63999938964844,85.55500030517578,85.6050033569336,84.12984466552734,11622200,False
XLK,2023-07-10,85.29499816894531,85.83499908447266,84.97000122070312,85.83000183105469,84.35096740722656,16877200,False
XLK,2023-07-11,86.01000213623047,86.11000061035156,85.17500305175781,86.01499938964844,84.53276824951172,9996000,False
XLK,2023-07-12,86.875,87.4000015258789,86.4000015258789,86.98999786376953,85.4909896850586,16104400,False
XLK,2023-07-13,87.58499908447266,88.31500244140625,87.41000366210938,88.125,86.60640716552734,9349200,False
XLK,2023-07-14,88.34500122070312,89.03500366210938,87.73999786376953,87.99500274658203,86.47866821289062,11543800,False
XLK,2023-07-17,88.16000366210938,89.37999725341797,88.05999755859375,89.12000274658203,87.58427429199219,11858800,False
XLK,2023-07-18,88.91500091552734,90.56500244140625,88.44999694824219,90.12999725341797,88.57687377929688,16406000,False
XLK,2023-07-19,90.3550033569336,90.7300033569336,89.55999755859375,89.90499877929688,88.35574340820312,20990000,False
XLK,2023-07-20,89.33000183105469,89.70999908447266,87.83499908447266,88.11000061035156,86.59168243408203,24356000,False
XLK,2023-07-21,88.66999816894531,89.11499786376953,87.95999908447266,88.06500244140625,86.54744720458984,14871400,False
XLK,2023-07-24,88.45500183105469,88.66999816894531,87.87999725341797,88.22000122070312,86.69978332519531,11308200,False
XLK,2023-07-25,88.50499725341797,89.5250015258789,88.48999786376953,89.2300033569336,87.69239044189453,10802200,False
XLK,2023-07-26,88.29499816894531,88.51000213623047,87.41000366210938,88.02999877929688,86.51305389404297,15501600,False
XLK,2023-07-27,89.22000122070312,89.48999786376953,87.375,87.7750015258789,86.26244354248047,13857000,False
XLK,2023-07-28,88.58999633789062,89.23500061035156,88.40499877929688,88.97000122070312,87.4368667602539,11287400,False
XLK,2023-07-31,89.05000305175781,89.28500366210938,88.66500091552734,89.17500305175781,87.63833618164062,10138400,False
XLK,2023-08-01,88.88500213623047,89.51499938964844,88.6500015258789,89.32499694824219,87.78572082519531,8845800,False
XLK,2023-08-02,88.54000091552734,88.59500122070312,86.80000305175781,87.11499786376953,85.61383056640625,15818600,False
XLK,2023-08-03,86.40499877929688,87.2699966430664,86.3499984741211,86.76000213623047,85.26494598388672,11321000,False
XLK,2023-08-04,86.46499633789062,86.98500061035156,85.44499969482422,85.58000183105469,84.10527038574219,14431800,False
XLK,2023-08-07,85.94000244140625,86.23500061035156,85.19999694824219,85.81999969482422,84.34114837646484,9536000,False
XLK,2023-08-08,85.22000122070312,85.2699966430664,84.30500030517578,85.16000366210938,83.6925048828125,11461800,False
XLK,2023-08-09,85.2750015258789,85.2750015258789,83.7699966430664,84.05999755859375,82.6114730834961,14301800,False
XLK,2023-08-10,84.69999694824219,85.43499755859375,83.65499877929688,84.06999969482422,82.62128448486328,12731400,False
XLK,2023-08-11,83.4000015258789,83.94000244140625,83.16000366210938,83.44999694824219,82.01197814941406,10772000,False
XLK,2023-08-14,83.36499786376953,84.79000091552734,83.16500091552734,84.77999877929688,83.31906127929688,10328000,False
XLK,2023-08-15,84.52999877929688,84.83000183105469,83.75,83.94499969482422,82.49845123291016,9366400,False
XLK,2023-08-16,83.76499938964844,84.24500274658203,83.13999938964844,83.1449966430664,81.71221923828125,9779400,False
XLK,2023-08-17,83.51499938964844,83.66999816894531,82.2300033569336,82.3550033569336,80.93584442138672,12614800,False
XLK,2023-08-18,81.5199966430664,82.81500244140625,81.47000122070312,82.4800033569336,81.05870056152344,13658600,False
XLK,2023-08-21,82.90499877929688,84.2249984741211,82.82499694824219,84.05500030517578,82.60655212402344,13132800,False
XLK,2023-08-22,84.80999755859375,84.86000061035156,83.7750015258789,83.95999908447266,82.51319122314453,11361800,False
XLK,2023-08-23,84.16500091552734,85.7249984741211,84.16000366210938,85.4749984741211,84.00208282470703,10113200,False
XLK,2023-08-24,86.55000305175781,86.55500030517578,83.44000244140625,83.50499725341797,82.06603240966797,13929000,False
XLK,2023-08-25,83.83999633789062,84.81999969482422,83.09500122070312,84.3550033569336,82.90137481689453,15686600,False
XLK,2023-08-28,84.99500274658203,85.2249984741211,84.38999938964844,85.04499816894531,83.5794906616211,8963800,False
XLK,2023-08-29,84.80000305175781,86.83499908447266,84.70999908447266,86.75,85.25511932373047,13713800,False
XLK,2023-08-30,86.76499938964844,87.49500274658203,86.46499633789062,87.40499877929688,85.8988265991211,12266600,False
XLK,2023-08-31,87.6050033569336,88.16500091552734,87.51000213623047,87.83000183105469,86.31651306152344,11963400,False
XLK,2023-09-01,88.37999725341797,88.49500274658203,87.6500015258789,88.0999984741211,86.58184814453125,9244600,False
XLK,2023-09-05,87.87999725341797,88.69000244140625,87.59500122070312,88.41500091552734,86.89142608642578,10060400,False
XLK,2023-09-06,88.06999969482422,88.29000091552734,86.94000244140625,87.4800033569336,85.97254943847656,18143200,False
XLK,2023-09-07,85.8550033569336,86.40499877929688,85.54000091552734,86.21499633789062,84.72933197021484,12513600,False
XLK,2023-09-08,86.20999908447266,86.94999694824219,86.16999816894531,86.3949966430664,84.90623474121094,8584800,False
XLK,2023-09-11,87.15499877929688,87.23500061035156,86.08499908447266,86.84500122070312,85.3484878540039,8272800,False
XLK,2023-09-12,86.12000274658203,86.42500305175781,85.11499786376953,85.2699966430664,83.80060577392578,12243000,False
XLK,2023-09-13,85.23500061035156,85.94499969482422,84.99500274658203,85.48500061035156,84.01192474365234,10008800,False
XLK,2023-09-14,86.01000213623047,86.31999969482422,85.47000122070312,86.1050033569336,84.62122344970703,9473200,False
XLK,2023-09-15,85.79499816894531,85.81999969482422,84.2249984741211,84.44999694824219,82.99473571777344,13116800,False
XLK,2023-09-18,84.0250015258789,84.95500183105469,84.0,84.67500305175781,83.39362335205078,9943800,False
XLK,2023-09-19,84.31500244140625,84.84500122070312,83.8550033569336,84.62999725341797,83.34930419921875,8236600,False
XLK,2023-09-20,84.86000061035156,84.97000122070312,83.26499938964844,83.30000305175781,82.0394287109375,10760400,False
XLK,2023-09-21,82.42500305175781,83.01000213623047,81.98999786376953,82.02999877929688,80.78865051269531,14741200,False
XLK,2023-09-22,82.38999938964844,82.95999908447266,82.0199966430664,82.20500183105469,80.96100616455078,12537800,False
XLK,2023-09-25,81.99500274658203,82.59500122070312,81.78500366210938,82.47000122070312,81.22198486328125,10577400,False
XLK,2023-09-26,81.93000030517578,81.9749984741211,80.70500183105469,80.98500061035156,79.75945281982422,14926000,False
XLK,2023-09-27,81.375,81.53500366210938,80.30500030517578,81.11000061035156,79.88257598876953,11665200,False
XLK,2023-09-28,80.7249984741211,82.20500183105469,80.34500122070312,81.68499755859375,80.44886779785156,12829400,False
XLK,2023-09-29,82.48999786376953,83.25499725341797,81.68499755859375,81.96499633789062,80.72462463378906,15883800,False
XLK,2023-10-02,82.00499725341797,83.08499908447266,81.87999725341797,82.84500122070312,81.59130859375,13656200,False
XLK,2023-10-03,82.375,82.94000244140625,81.0199966430664,81.44000244140625,80.20758056640625,14838800,False
XLK,2023-10-04,81.50499725341797,82.67500305175781,81.50499725341797,82.45500183105469,81.20721435546875,15194200,False
XLK,2023-10-05,82.44999694824219,82.69999694824219,81.57499694824219,82.56500244140625,81.3155517578125,12023000,False
XLK,2023-10-06,82.0,84.47000122070312,81.76000213623047,84.11000061035156,82.837158203125,16625600,False
XLK,2023-10-09,83.59500122070312,84.67500305175781,83.20999908447266,84.54499816894531,83.26558685302734,13139200,False
XLK,2023-10-10,84.6050033569336,85.3550033569336,84.37000274658203,84.67500305175781,83.39362335205078,20402800,False
XLK,2023-10-11,84.93499755859375,85.5,84.66500091552734,85.45999908447266,84.16674041748047,10389200,False
XLK,2023-10-12,85.53500366210938,86.41500091552734,84.88999938964844,85.54000091552734,84.24553680419922,15405800,False
XLK,2023-10-13,85.70999908447266,85.8550033569336,84.0199966430664,84.31500244140625,83.03907775878906,15183200,False
XLK,2023-10-16,84.45500183105469,85.51000213623047,84.44000244140625,85.125,83.8368148803711,14544200,False
XLK,2023-10-17,84.05500030517578,85.16999816894531,83.44999694824219,84.7300033569336,83.44778442382812,15317800,False
XLK,2023-10-18,84.13500213623047,84.81999969482422,83.51499938964844,83.86000061035156,82.5909652709961,12862800,False
XLK,2023-10-19,84.19499969482422,84.76000213623047,83.23500061035156,83.37999725341797,82.11822509765625,19991800,False
XLK,2023-10-20,83.33999633789062,83.4000015258789,81.88500213623047,81.97000122070312,80.72955322265625,15350400,False
XLK,2023-10-23,81.45999908447266,82.9000015258789,81.00499725341797,82.06500244140625,80.8231201171875,15159000,False
XLK,2023-10-24,82.38999938964844,82.75499725341797,81.73999786376953,82.62999725341797,81.37957000732422,11180400,False
XLK,2023-10-25,83.0250015258789,83.125,81.41000366210938,81.65499877929688,80.41931915283203,15529600,False
XLK,2023-10-26,81.80000305175781,82.16000366210938,79.75,80.09500122070312,78.88294219970703,20646400,False
XLK,2023-10-27,80.58499908447266,81.375,80.20500183105469,80.55999755859375,79.34088134765625,16231600,False
XLK,2023-10-30,80.98500061035156,81.71499633789062,80.73999786376953,81.42500305175781,80.19281768798828,14180800,False
XLK,2023-10-31,81.46499633789062,82.07499694824219,80.83000183105469,82.00499725341797,80.76402282714844,10893600,False
XLK,2023-11-01,82.1500015258789,83.69999694824219,82.1500015258789,83.58999633789062,82.32502746582031,20945800,False
XLK,2023-11-02,84.34500122070312,85.08000183105469,84.2300033569336,85.00499725341797,83.71862030029297,16192600,False
XLK,2023-11-03,84.91999816894531,86.2249984741211,84.73500061035156,85.87999725341797,84.58039093017578,15661800,False
XLK,2023-11-06,85.99500274658203,86.4749984741211,85.7249984741211,86.44499969482422,85.13682556152344,11099200,False
XLK,2023-11-07,86.67500305175781,87.6449966430664,86.54499816894531,87.38999938964844,86.06753540039062,13029800,False
XLK,2023-11-08,87.69000244140625,88.02999877929688,87.29000091552734,87.88500213623047,86.55503845214844,10722400,False
XLK,2023-11-09,88.01499938964844,88.66000366210938,87.36000061035156,87.4749984741211,86.15125274658203,14374600,False
XLK,2023-11-10,88.00499725341797,89.81999969482422,87.90499877929688,89.76000213623047,88.40167999267578,13346400,False
XLK,2023-11-13,89.38500213623047,89.45999908447266,88.86000061035156,89.23500061035156,87.88461303710938,11725000,False
XLK,2023-11-14,90.5999984741211,91.25,90.31999969482422,91.0199966430664,89.6426010131836,16508400,False
XLK,2023-11-15,91.42500305175781,91.56500244140625,90.78500366210938,91.13500213623047,89.75586700439453,13147800,False
XLK,2023-11-16,90.95500183105469,91.69000244140625,90.79000091552734,91.58999633789062,90.2039794921875,11553600,False
XLK,2023-11-17,91.38500213623047,91.75,91.00499725341797,91.4000015258789,90.01685333251953,13277800,False
XLK,2023-11-20,91.51499938964844,92.96499633789062,91.50499725341797,92.7249984741211,91.3218002319336,11116200,False
XLK,2023-11-21,92.30500030517578,92.44999694824219,91.63999938964844,91.9749984741211,90.5831527709961,13350800,False
XLK,2023-11-22,92.55500030517578,93.17500305175781,92.13500213623047,92.38500213623047,90.98695373535156,11213400,False
XLK,2023-11-24,92.2300033569336,92.30999755859375,91.8550033569336,92.20500183105469,90.8096694946289,4193800,False
XLK,2023-11-27,92.07499694824219,92.73500061035156,91.91000366210938,92.19999694824219,90.80474090576172,8420000,False
XLK,2023-11-28,91.88999938964844,92.62000274658203,91.88999938964844,92.375,90.97709655761719,11012400,False
XLK,2023-11-29,93.05000305175781,93.44999694824219,92.38999938964844,92.44499969482422,91.04603576660156,10765400,False
XLK,2023-11-30,92.83000183105469,92.95500183105469,91.80500030517578,92.58000183105469,91.17899322509766,13744000,False
XLK,2023-12-01,92.33999633789062,92.95500183105469,91.8949966430664,92.79000091552734,91.38581085205078,13992200,False
XLK,2023-12-04,91.86499786376953,91.86499786376953,90.66000366210938,91.66000366210938,90.27291870117188,18221800,False
XLK,2023-12-05,91.16999816894531,92.31500244140625,91.16999816894531,92.20999908447266,90.8145980834961,10841400,False
XLK,2023-12-06,92.78500366210938,92.91999816894531,91.36000061035156,91.43000030517578,90.04640197753906,14731400,False
XLK,2023-12-07,91.86499786376953,92.69499969482422,91.66999816894531,92.54000091552734,91.13959503173828,13928800,False
XLK,2023-12-08,92.33999633789062,93.40499877929688,92.2249984741211,93.33000183105469,91.91764831542969,12808800,False
XLK,2023-12-11,93.05500030517578,94.16500091552734,92.83999633789062,94.1449966430664,92.72032165527344,37795400,False
XLK,2023-12-12,93.80000305175781,94.80000305175781,93.72000122070312,94.7699966430664,93.33584594726562,15055400,False
XLK,2023-12-13,94.99500274658203,95.83499908447266,94.7699966430664,95.6050033569336,94.1582260131836,29395000,False
XLK,2023-12-14,95.68000030517578,96.04000091552734,94.66500091552734,95.37000274658203,93.92677307128906,15427400,False
XLK,2023-12-15,95.2699966430664,96.4000015258789,95.2699966430664,95.8499984741211,94.3995132446289,18131200,False
XLK,2023-12-18,95.62000274658203,96.13999938964844,95.21499633789062,95.92500305175781,94.68180847167969,10138000,False
XLK,2023-12-19,95.90499877929688,96.30000305175781,95.8499984741211,96.29000091552734,95.04207611083984,9003600,False
XLK,2023-12-20,96.18000030517578,96.5199966430664,94.81999969482422,94.83499908447266,93.6059341430664,13734800,False
XLK,2023-12-21,95.80000305175781,96.11499786376953,95.09500122070312,95.9000015258789,94.6571273803711,11336000,False
XLK,2023-12-22,96.17500305175781,96.30500030517578,95.55000305175781,96.0250015258789,94.78050231933594,10215000,False
XLK,2023-12-26,96.08499908447266,96.625,96.08499908447266,96.42500305175781,95.17533111572266,6207600,False
XLK,2023-12-27,96.4749984741211,96.62000274658203,96.01000213623047,96.41999816894531,95.1703872680664,11764600,False
XLK,2023-12-28,96.76000213623047,96.86000061035156,96.48999786376953,96.53500366210938,95.28390502929688,9615400,False
XLK,2023-12-29,96.58499908447266,96.77999877929688,95.76000213623047,96.23999786376953,94.99272155761719,12190600,False
XLK,2024-01-02,94.93000030517578,95.08000183105469,93.125,93.72000122070312,92.50538635253906,23545400,False
XLK,2024-01-03,92.86499786376953,93.375,92.5999984741211,92.76499938964844,91.5627670288086,18190000,False
XLK,2024-01-04,92.19499969482422,92.83499908447266,91.99500274658203,92.08499908447266,90.89156341552734,12127200,False
XLK,2024-01-05,92.19000244140625,92.8550033569336,91.70999908447266,92.05999755859375,90.86688995361328,16350600,False
XLK,2024-01-08,92.5250015258789,94.43499755859375,92.43000030517578,94.37000274658203,93.1469497680664,16434600,False
XLK,2024-01-09,93.6449966430664,94.79000091552734,93.44499969482422,94.5199966430664,93.29501342773438,10633800,False
XLK,2024-01-10,94.56500244140625,95.52999877929688,94.36499786376953,95.32499694824219,94.08959197998047,9785400,False
XLK,2024-01-11,95.79499816894531,96.2750015258789,94.46499633789062,95.80999755859375,94.56830596923828,13296600,False
XLK,2024-01-12,95.96499633789062,96.33999633789062,95.63999938964844,96.12000274658203,94.8742904663086,8834600,False
XLK,2024-01-16,96.0,96.76499938964844,95.44499969482422,96.36000061035156,95.11117553710938,11775600,False
XLK,2024-01-17,95.6449966430664,96.0,94.84500122070312,95.88500213623047,94.64231872558594,14109000,False
XLK,2024-01-18,97.16500091552734,97.91999816894531,96.80000305175781,97.83000183105469,96.5621109008789,18918800,False
XLK,2024-01-19,98.47000122070312,100.1050033569336,98.25499725341797,100.08499908447266,98.78789520263672,18333200,False
XLK,2024-01-22,100.57499694824219,101.13999938964844,100.1449966430664,100.5250015258789,99.22219848632812,14969000,False
XLK,2024-01-23,100.62000274658203,100.99500274658203,100.03500366210938,100.93000030517578,99.62194061279297,13263800,False
XLK,2024-01-24,101.625,102.6449966430664,101.33499908447266,101.625,100.30793762207031,17651200,False
XLK,2024-01-25,102.55999755859375,103.07499694824219,101.58000183105469,102.05000305175781,100.72742462158203,17071400,False
XLK,2024-01-26,101.33499908447266,101.78500366210938,100.6449966430664,100.875,99.5676498413086,10553000,False
XLK,2024-01-29,101.0,101.81999969482422,100.80000305175781,101.80000305175781,100.48065948486328,7639600,False
XLK,2024-01-30,101.76499938964844,101.91999816894531,100.6500015258789,100.95999908447266,99.65155792236328,12251600,False
XLK,2024-01-31,100.0,100.41000366210938,98.79000091552734,98.83999633789062,97.55902099609375,16295200,False
XLK,2024-02-01,99.23500061035156,100.2249984741211,99.16999816894531,100.08499908447266,98.78789520263672,14303400,False
XLK,2024-02-02,99.40499877929688,101.44000244140625,99.375,101.12000274658203,99.80947875976562,12872200,False
XLK,2024-02-05,101.52999877929688,101.63999938964844,100.4000015258789,101.3499984741211,100.03650665283203,10086200,False
XLK,2024-02-06,101.45999908447266,101.63500213623047,100.23500061035156,100.88500213623047,99.57752990722656,12677200,False
XLK,2024-02-07,101.59500122070312,102.24500274658203,101.19000244140625,102.22000122070312,100.89521789550781,11365800,False
XLK,2024-02-08,102.3949966430664,102.81500244140625,102.2699966430664,102.54000091552734,101.21107482910156,9948200,False
XLK,2024-02-09,102.97000122070312,104.05500030517578,102.8499984741211,103.91999816894531,102.57318878173828,11612200,False
XLK,2024-02-12,103.91500091552734,104.23500061035156,102.9800033569336,103.12999725341797,101.79342651367188,10753200,False
XLK,2024-02-13,100.8949966430664,102.05999755859375,100.58999633789062,101.37999725341797,100.06610870361328,19459400,False
XLK,2024-02-14,102.13500213623047,102.5199966430664,101.41500091552734,102.44000244140625,101.11238098144531,11791600,False
XLK,2024-02-15,102.57499694824219,102.67500305175781,101.65499877929688,102.2249984741211,100.90016174316406,10796400,False
XLK,2024-02-16,102.5,102.70500183105469,101.1500015258789,101.28500366210938,99.97235107421875,11090400,False
XLK,2024-02-20,100.69000244140625,101.05000305175781,99.25,100.25499725341797,98.9556884765625,17447600,False
XLK,2024-02-21,99.28500366210938,99.625,98.53500366210938,99.625,98.33384704589844,15954400,False
XLK,2024-02-22,102.19999694824219,103.16500091552734,101.96499633789062,102.88500213623047,101.55160522460938,18551600,False
XLK,2024-02-23,103.69999694824219,103.83000183105469,102.31999969482422,102.6449966430664,101.31471252441406,12324000,False
XLK,2024-02-26,103.09500122070312,103.3499984741211,102.63999938964844,102.74500274658203,101.4134292602539,18248800,False
XLK,2024-02-27,103.0250015258789,103.0250015258789,102.06999969482422,102.83499908447266,101.50225067138672,9984400,False
XLK,2024-02-28,102.49500274658203,102.62999725341797,101.9800033569336,102.3499984741211,101.0235366821289,8329000,False
XLK,2024-02-29,102.8949966430664,103.73500061035156,102.31999969482422,103.48999786376953,102.14875793457031,11986800,False
XLK,2024-03-01,103.75499725341797,105.52999877929688,103.70500183105469,105.37999725341797,104.01426696777344,13136800,False
XLK,2024-03-04,105.2300033569336,105.98500061035156,104.99500274658203,105.37999725341797,104.01426696777344,20443800,False
XLK,2024-03-05,104.33999633789062,104.38999938964844,102.125,102.79000091552734,101.45783996582031,18042800,False
XLK,2024-03-06,103.86499786376953,104.38500213623047,102.91000366210938,103.6050033569336,102.26226806640625,14303200,False
XLK,2024-03-07,104.48999786376953,105.55999755859375,103.97000122070312,105.23999786376953,103.87608337402344,12120800,False
XLK,2024-03-08,105.43000030517578,106.17500305175781,103.61000061035156,103.67500305175781,102.33136749267578,14912200,False
XLK,2024-03-11,103.19999694824219,103.62000274658203,102.6449966430664,103.38999938964844,102.05005645751953,15648400,False
XLK,2024-03-12,104.38500213623047,105.5199966430664,103.3949966430664,105.51000213623047,104.14259338378906,17382800,False
XLK,2024-03-13,105.19000244140625,105.25,103.93499755859375,104.37000274658203,103.01736450195312,12815400,False
XLK,2024-03-14,104.80999755859375,105.18000030517578,103.75499725341797,104.38999938964844,103.03710174560547,16023200,False
XLK,2024-03-15,102.88999938964844,103.36000061035156,102.3949966430664,102.81500244140625,101.48251342773438,19633400,False
XLK,2024-03-18,103.54499816894531,104.20999908447266,103.06999969482422,103.1500015258789,101.98130798339844,14176600,False
XLK,2024-03-19,102.6449966430664,103.69999694824219,102.12999725341797,103.68499755859375,102.51023864746094,13390200,False
XLK,2024-03-20,103.76499938964844,104.87999725341797,103.4000015258789,104.84500122070312,103.65708923339844,13357400,False
XLK,2024-03-21,105.96499633789062,105.96499633789062,104.83000183105469,104.91999816894531,103.73123168945312,12312000,False
XLK,2024-03-22,104.92500305175781,105.33999633789062,104.55000305175781,104.95500183105469,103.7658462524414,11507000,False
XLK,2024-03-25,103.95999908447266,104.70500183105469,103.66000366210938,104.26000213623047,103.07872772216797,8777800,False
XLK,2024-03-26,104.63500213623047,104.80500030517578,103.74500274658203,103.83000183105469,102.65359497070312,8538400,False
XLK,2024-03-27,104.48500061035156,104.54000091552734,103.55999755859375,104.36000061035156,103.17758178710938,12495000,False
XLK,2024-03-28,104.11499786376953,104.43499755859375,103.92500305175781,104.13500213623047,102.95514678955078,8854400,False
XLK,2024-04-01,104.3550033569336,105.03500366210938,104.04499816894531,104.42500305175781,103.2418441772461,11654800,False
XLK,2024-04-02,103.26499938964844,103.56999969482422,102.58000183105469,103.41999816894531,102.24822235107422,11418200,False
XLK,2024-04-03,102.9000015258789,104.2300033569336,102.875,103.69499969482422,102.5201187133789,10670000,False
XLK,2024-04-04,104.68499755859375,105.05000305175781,102.0,102.05500030517578,100.89869689941406,16464800,False
XLK,2024-04-05,102.5,103.75,102.21499633789062,103.2249984741211,102.05545043945312,12808800,False
XLK,2024-04-08,103.29000091552734,103.62999725341797,102.7249984741211,103.1050033569336,101.93681335449219,8125800,False
XLK,2024-04-09,103.63500213623047,103.8499984741211,102.33000183105469,103.625,102.45092010498047,9400800,False
XLK,2024-04-10,102.44499969482422,102.73500061035156,101.91500091552734,102.3550033569336,101.19532012939453,13836800,False
XLK,2024-04-11,102.80999755859375,104.56999969482422,102.31500244140625,104.4000015258789,103.2171401977539,10563600,False
XLK,2024-04-12,103.15499877929688,103.63999938964844,102.33000183105469,102.70999908447266,101.54627990722656,16186800,False
XLK,2024-04-15,103.33999633789062,103.40499877929688,100.6050033569336,100.76000213623047,99.61837768554688,17189000,False
XLK,2024-04-16,100.9800033569336,101.50499725341797,100.4800033569336,100.87999725341797,99.73702239990234,14914000,False
XLK,2024-04-17,101.25,101.41999816894531,99.3499984741211,99.42500305175781,98.29849243164062,13090400,False
XLK,2024-04-18,99.3949966430664,99.6500015258789,98.18499755859375,98.29000091552734,97.1763687133789,15280600,False
XLK,2024-04-19,97.91500091552734,98.23500061035156,96.0199966430664,96.26499938964844,95.17430114746094,21880000,False
XLK,2024-04-22,97.00499725341797,97.70999908447266,96.04000091552734,97.125,96.0245590209961,13293400,False
XLK,2024-04-23,97.52999877929688,98.70999908447266,97.38500213623047,98.56500244140625,97.44824981689453,12151600,False
XLK,2024-04-24,99.29499816894531,99.70500183105469,98.47000122070312,99.01499938964844,97.89314270019531,9160200,False
XLK,2024-04-25,97.77999877929688,98.98500061035156,97.34500122070312,98.80000305175781,97.68058776855469,11568000,False
XLK,2024-04-26,99.58000183105469,100.6449966430664,99.19000244140625,99.91500091552734,98.782958984375,10104200,False
XLK,2024-04-29,100.43000030517578,100.58000183105469,99.76000213623047,100.34500122070312,99.20807647705078,7494800,False
XLK,2024-04-30,100.0,100.40499877929688,98.1050033569336,98.13500213623047,97.02311706542969,14929000,False
XLK,2024-05-01,97.61000061035156,99.25,97.11000061035156,97.12999725341797,96.02949523925781,20453600,False
XLK,2024-05-02,98.37000274658203,98.66500091552734,97.12999725341797,98.52999877929688,97.41363525390625,13340000,False
XLK,2024-05-03,101.19499969482422,101.61499786376953,100.83499908447266,101.2750015258789,100.12753295898438,13316400,False
XLK,2024-05-06,101.66000366210938,102.46499633789062,101.50499725341797,102.46499633789062,101.30404663085938,8021000,False
XLK,2024-05-07,102.76499938964844,102.81500244140625,102.12000274658203,102.12999725341797,100.97284698486328,10020800,False
XLK,2024-05-08,101.76499938964844,102.52999877929688,101.73999786376953,102.41999816894531,101.25957489013672,7176000,False
XLK,2024-05-09,102.25499725341797,102.47000122070312,101.87999725341797,102.38999938964844,101.22989654541016,9589600,False
XLK,2024-05-10,102.92500305175781,103.38500213623047,102.44499969482422,102.7699966430664,101.6055908203125,8753800,False
XLK,2024-05-13,103.5250015258789,103.61000061035156,102.93000030517578,103.25499725341797,102.0851058959961,6582000,False
XLK,2024-05-14,103.22000122070312,104.31500244140625,103.16000366210938,104.16999816894531,102.98973846435547,9825200,False
XLK,2024-05-15,104.82499694824219,106.55000305175781,104.75,106.51499938964844,105.30817413330078,14308600,False
XLK,2024-05-16,106.58000183105469,106.91000366210938,106.0999984741211,106.1449966430664,104.9423599243164,12066600,False
XLK,2024-05-17,106.38999938964844,106.45500183105469,105.33000183105469,105.91000366210938,104.71003723144531,7616000,False
XLK,2024-05-20,106.01499938964844,107.3550033569336,105.91999816894531,107.15499877929688,105.94091796875,6276800,False
XLK,2024-05-21,106.74500274658203,107.50499725341797,106.55500030517578,107.33000183105469,106.11394500732422,6140400,False
XLK,2024-05-22,107.63500213623047,107.96499633789062,106.93499755859375,107.56999969482422,106.3512191772461,11783000,False
XLK,2024-05-23,108.80000305175781,108.80999755859375,106.3550033569336,106.69499969482422,105.48612976074219,9400400,False
XLK,2024-05-24,106.96499633789062,107.82499694824219,106.61000061035156,107.59500122070312,106.37593078613281,5906400,False
XLK,2024-05-28,108.20500183105469,108.29000091552734,107.375,108.05000305175781,106.82577514648438,8786400,False
XLK,2024-05-29,106.91000366210938,107.87999725341797,106.91000366210938,107.36499786376953,106.14854431152344,8569000,False
XLK,2024-05-30,106.16999816894531,106.33000183105469,104.58999633789062,104.91500091552734,103.72628784179688,10450600,False
XLK,2024-05-31,105.2249984741211,105.24500274658203,102.76499938964844,105.08000183105469,103.88943481445312,12081000,False
XLK,2024-06-03,105.88500213623047,105.9800033569336,104.08499908447266,105.34500122070312,104.15142822265625,9628000,False
XLK,2024-06-04,105.29000091552734,105.73500061035156,104.75,105.56500244140625,104.36893463134766,6405400,False
XLK,2024-06-05,106.4000015258789,107.91000366210938,106.2300033569336,107.91000366210938,106.68737030029297,8788800,False
XLK,2024-06-06,107.97000122070312,108.04499816894531,107.26499938964844,107.55000305175781,106.3314437866211,7057600,False
XLK,2024-06-07,107.66500091552734,108.26000213623047,107.2699966430664,107.80000305175781,106.57862091064453,6398600,False
XLK,2024-06-10,107.43499755859375,108.36499786376953,107.36499786376953,108.07499694824219,106.8504867553711,6734800,False
XLK,2024-06-11,107.80000305175781,110.11499786376953,107.75,110.08499908447266,108.83773040771484,12719200,False
XLK,2024-06-12,111.18000030517578,113.65499877929688,110.9749984741211,112.5199966430664,111.24512481689453,17821200,False
XLK,2024-06-13,113.56500244140625,113.87999725341797,112.72000122070312,113.41000366210938,112.12505340576172,12693600,False
XLK,2024-06-14,113.25,113.9000015258789,113.17500305175781,113.83499908447266,112.54522705078125,7864600,False
XLK,2024-06-17,114.11499786376953,115.96499633789062,113.7249984741211,115.55999755859375,114.25067901611328,11602600,False
XLK,2024-06-18,115.67500305175781,116.08499908447266,115.24500274658203,115.70500183105469,114.39404296875,8677800,False
XLK,2024-06-20,116.2249984741211,116.29499816894531,114.0199966430664,114.40499877929688,113.10877990722656,13243000,False
XLK,2024-06-21,114.43000030517578,114.87999725341797,113.68499755859375,114.20500183105469,112.91104125976562,13560200,False
XLK,2024-06-24,112.81999969482422,113.33000183105469,111.18000030517578,111.20999908447266,110.14286804199219,13748600,False
XLK,2024-06-25,112.0250015258789,113.30999755859375,111.3949966430664,113.25,112.16327667236328,9126200,False
XLK,2024-06-26,113.08000183105469,113.65499877929688,112.23999786376953,113.12000274658203,112.03453063964844,9459600,False
XLK,2024-06-27,112.9000015258789,113.73500061035156,112.76499938964844,113.17500305175781,112.08900451660156,7923600,False
XLK,2024-06-28,113.56999969482422,115.19499969482422,112.95999908447266,113.11499786376953,112.02957153320312,12488200,False
XLK,2024-07-01,113.28500366210938,114.16000366210938,111.63999938964844,113.97000122070312,112.87638092041016,9281600,False
XLK,2024-07-02,112.9800033569336,114.55000305175781,112.9800033569336,114.54000091552734,113.44091033935547,7076600,False
XLK,2024-07-03,114.375,116.13999938964844,114.27999877929688,116.08499908447266,114.97107696533203,6249200,False
XLK,2024-07-05,116.21499633789062,116.95500183105469,115.73500061035156,116.44000244140625,115.32268524169922,6671800,False
XLK,2024-07-08,116.81500244140625,117.57499694824219,116.61499786376953,117.23500061035156,116.11004638671875,7671000,False
XLK,2024-07-09,117.83499908447266,118.11499786376953,116.47000122070312,117.13999938964844,116.01595306396484,8678600,False
XLK,2024-07-10,117.94499969482422,118.92500305175781,117.28500366210938,118.83999633789062,117.69964599609375,8749400,False
XLK,2024-07-11,119.0199966430664,119.06999969482422,115.52999877929688,115.86499786376953,114.7531967163086,14106000,False
XLK,2024-07-12,116.18499755859375,118.13999938964844,115.77999877929688,116.9000015258789,115.77827453613281,9767600,False
XLK,2024-07-15,117.49500274658203,118.26499938964844,116.44499969482422,117.11000061035156,115.98624420166016,8628000,False
XLK,2024-07-16,117.38500213623047,117.44499969482422,115.88500213623047,116.72000122070312,115.5999984741211,7652200,False
XLK,2024-07-17,114.05000305175781,114.16500091552734,112.125,112.18000030517578,111.10354614257812,12440400,False
XLK,2024-07-18,113.41000366210938,113.43000030517578,110.7750015258789,112.19000244140625,111.11344909667969,10837200,False
XLK,2024-07-19,111.59500122070312,112.27999877929688,110.19000244140625,110.43499755859375,109.37529754638672,8472800,False
XLK,2024-07-22,111.8949966430664,113.18000030517578,111.41999816894531,113.05000305175781,111.96520233154297,10601600,False
XLK,2024-07-23,112.58000183105469,113.61499786376953,112.44999694824219,112.5999984741211,111.51952362060547,5530800,False
XLK,2024-07-24,111.12999725341797,111.4800033569336,107.68000030517578,107.94000244140625,106.90425109863281,14300800,False
XLK,2024-07-25,107.82499694824219,109.43499755859375,105.2300033569336,106.78500366210938,105.76033020019531,21158000,False
XLK,2024-07-26,108.2249984741211,109.0,107.2249984741211,108.13999938964844,107.10232543945312,11697800,False
XLK,2024-07-29,109.0,109.47000122070312,107.34500122070312,107.66000366210938,106.6269302368164,7343800,False
XLK,2024-07-30,108.05999755859375,108.16500091552734,104.1500015258789,104.95500183105469,103.94789123535156,10694600,False
XLK,2024-07-31,108.19499969482422,109.79499816894531,107.43499755859375,109.4000015258789,108.35023498535156,14614000,False
XLK,2024-08-01,109.0999984741211,110.36499786376953,104.19999694824219,105.31999969482422,104.30937957763672,16991400,False
XLK,2024-08-02,102.5199966430664,103.36499786376953,100.625,102.36000061035156,101.37777709960938,18621600,False
XLK,2024-08-05,95.95500183105469,100.86000061035156,95.375,98.94999694824219,98.0005111694336,31430000,False
XLK,2024-08-06,100.21499633789062,102.32499694824219,99.1500015258789,100.29499816894531,99.33260345458984,24575800,False
XLK,2024-08-07,102.7249984741211,103.2249984741211,98.53500366210938,98.66999816894531,97.72319793701172,17653600,False
XLK,2024-08-08,100.45500183105469,102.61000061035156,99.0,102.3550033569336,101.37283325195312,14477200,False
XLK,2024-08-09,102.29499816894531,103.40499877929688,101.67500305175781,102.81500244140625,101.82842254638672,9535600,False
XLK,2024-08-12,103.13500213623047,104.45500183105469,102.65499877929688,103.65499877929688,102.66036987304688,8580200,False
XLK,2024-08-13,104.94000244140625,106.875,104.80999755859375,106.83999633789062,105.8147964477539,9999600,False
XLK,2024-08-14,107.5,107.97000122070312,105.9800033569336,107.42500305175781,106.3941879272461,8922400,False
XLK,2024-08-15,108.81500244140625,110.625,108.58000183105469,110.51499938964844,109.45452880859375,9518800,False
XLK,2024-08-16,109.93000030517578,110.91500091552734,109.62999725341797,110.69999694824219,109.63775634765625,6706400,False
XLK,2024-08-19,110.44000244140625,112.52999877929688,109.98999786376953,112.5250015258789,111.44524383544922,13004200,False
XLK,2024-08-20,112.2300033569336,112.90499877929688,111.47000122070312,112.12999725341797,111.05402374267578,7221600,False
XLK,2024-08-21,112.19999694824219,113.18000030517578,111.84500122070312,112.79000091552734,111.70770263671875,7538800,False
XLK,2024-08-22,113.41999816894531,113.68499755859375,109.96499633789062,110.19499969482422,109.13760375976562,9083600,False
XLK,2024-08-23,111.29000091552734,112.47000122070312,110.55000305175781,111.9800033569336,110.90548706054688,10681000,False
XLK,2024-08-26,111.87999725341797,112.30000305175781,110.01000213623047,110.57499694824219,109.51394653320312,6268800,False
XLK,2024-08-27,109.88999938964844,111.4800033569336,109.3499984741211,111.24500274658203,110.17752838134766,7656000,False
XLK,2024-08-28,111.0999984741211,111.31500244140625,108.79000091552734,109.70999908447266,108.65726470947266,9002200,False
XLK,2024-08-29,109.73999786376953,111.28500366210938,108.44000244140625,108.72000122070312,107.67675018310547,13314800,False
XLK,2024-08-30,109.90499877929688,110.58999633789062,108.72000122070312,110.16500091552734,109.10789489746094,10048400,False
XLK,2024-09-03,109.0,109.08000183105469,104.50499725341797,105.1050033569336,104.09645080566406,14765800,False
XLK,2024-09-04,104.04000091552734,106.02999877929688,103.70999908447266,104.83499908447266,103.82904052734375,12330000,False
XLK,2024-09-05,104.08000183105469,105.9749984741211,103.98500061035156,104.67500305175781,103.67057800292969,8874800,False
XLK,2024-09-06,104.58999633789062,104.83999633789062,101.48999786376953,101.95999908447266,100.98162841796875,12441000,False
XLK,2024-09-09,103.2249984741211,103.74500274658203,102.2699966430664,103.62999725341797,102.6355972290039,10922000,False
XLK,2024-09-10,104.34500122070312,105.40499877929688,103.3499984741211,105.18000030517578,104.17073059082031,10123000,False
XLK,2024-09-11,105.54000091552734,108.93499755859375,103.87000274658203,108.7699966430664,107.72628021240234,12768800,False
XLK,2024-09-12,108.69000244140625,110.13500213623047,107.92500305175781,109.66999816894531,108.61764526367188,10604200,False
XLK,2024-09-13,109.80500030517578,110.49500274658203,109.36000061035156,110.22000122070312,109.16236877441406,8047400,False
XLK,2024-09-16,109.42500305175781,110.1500015258789,108.78500366210938,109.80000305175781,108.74639892578125,6897800,False
XLK,2024-09-17,110.9000015258789,111.06999969482422,109.02999877929688,109.58499908447266,108.53345489501953,6990000,False
XLK,2024-09-18,109.86000061035156,110.62999725341797,108.4800033569336,108.58499908447266,107.54305267333984,12741600,False
XLK,2024-09-19,111.63500213623047,112.50499725341797,111.0250015258789,111.80999755859375,110.73709869384766,13934000,False
XLK,2024-09-20,111.37000274658203,111.76499938964844,110.2699966430664,111.26499938964844,110.19733428955078,14492800,False
XLK,2024-09-23,111.16500091552734,111.30999755859375,110.70500183105469,111.04499816894531,110.17699432373047,7490600,False
XLK,2024-09-24,111.51000213623047,112.02999877929688,110.30999755859375,111.80500030517578,110.9310531616211,7025800,False
XLK,2024-09-25,111.58499908447266,112.61499786376953,111.53500366210938,112.125,111.24855041503906,6111600,False
XLK,2024-09-26,114.31500244140625,114.44000244140625,112.41500091552734,113.61000061035156,112.7219467163086,9244800,False
XLK,2024-09-27,113.7699966430664,113.80500030517578,112.12999725341797,112.55000305175781,111.67022705078125,6093800,False
XLK,2024-09-30,112.05999755859375,112.94999694824219,111.5,112.87999725341797,111.99765014648438,5500400,False
XLK,2024-10-01,112.54499816894531,112.61000061035156,109.4749984741211,110.12999725341797,109.26914978027344,11295400,False
XLK,2024-10-02,110.15499877929688,111.44999694824219,109.52999877929688,110.94499969482422,110.07777404785156,4532400,False
XLK,2024-10-03,110.62000274658203,112.22000122070312,110.6050033569336,111.40499877929688,110.5341796875,5784800,False
XLK,2024-10-04,112.84500122070312,112.92500305175781,111.45999908447266,112.6449966430664,111.76448059082031,5009200,False
XLK,2024-10-07,112.13999938964844,112.88500213623047,111.58999633789062,111.87000274658203,110.99554443359375,4430400,False
XLK,2024-10-08,112.67500305175781,114.1500015258789,112.41999816894531,113.95999908447266,113.06920623779297,7864800,False
XLK,2024-10-09,114.05000305175781,115.3949966430664,113.69499969482422,115.23500061035156,114.33424377441406,7579800,False
XLK,2024-10-10,114.46499633789062,115.50499725341797,114.1449966430664,115.20500183105469,114.30448150634766,5692200,False
XLK,2024-10-11,114.93000030517578,115.66500091552734,114.76000213623047,115.40499877929688,114.5029067993164,8849000,False
XLK,2024-10-14,116.13999938964844,117.1500015258789,116.08499908447266,116.91000366210938,115.99616241455078,9810200,False
XLK,2024-10-15,117.0,117.28500366210938,113.91500091552734,114.33999633789062,113.44623565673828,14179400,False
XLK,2024-10-16,114.69999694824219,114.87000274658203,113.45999908447266,114.69499969482422,113.79846954345703,5758800,False
XLK,2024-10-17,116.29499816894531,116.36000061035156,115.04499816894531,115.04499816894531,114.14573669433594,6051200,False
XLK,2024-10-18,115.6449966430664,115.87999725341797,115.20999908447266,115.45500183105469,114.55252075195312,4537000,False
XLK,2024-10-21,115.09500122070312,116.01000213623047,114.88500213623047,115.99500274658203,115.08830261230469,6322400,False
XLK,2024-10-22,115.37999725341797,116.2699966430664,115.05000305175781,115.875,114.96923828125,6169200,False
XLK,2024-10-23,115.44499969482422,115.62000274658203,113.23999786376953,114.21499633789062,113.32221984863281,6083600,False
XLK,2024-10-24,114.68000030517578,114.83499908447266,113.87000274658203,114.55000305175781,113.65460205078125,4832800,False
XLK,2024-10-25,115.19999694824219,116.44000244140625,114.9800033569336,115.1449966430664,114.24494171142578,8314800,False
XLK,2024-10-28,115.97000122070312,115.97000122070312,115.08499908447266,115.11000061035156,114.2102279663086,5899200,False
XLK,2024-10-29,115.33000183105469,116.99500274658203,114.9000015258789,116.66000366210938,115.74811553955078,7451600,False
XLK,2024-10-30,115.59500122070312,115.90499877929688,114.7300033569336,114.80500030517578,113.90760040283203,8341200,False
XLK,2024-10-31,113.54499816894531,113.54499816894531,111.08000183105469,111.12000274658203,110.25141906738281,12110200,False
XLK,2024-11-01,111.23999786376953,112.79000091552734,111.08999633789062,111.95500183105469,111.07988739013672,11565800,False
XLK,2024-11-04,112.05999755859375,112.67500305175781,111.3949966430664,111.87000274658203,110.99554443359375,6311800,False
XLK,2024-11-05,112.21499633789062,113.53500366210938,112.21499633789062,113.44499969482422,112.55823516845703,7273000,False
XLK,2024-11-06,115.63500213623047,116.88999938964844,115.29000091552734,116.67500305175781,115.76299285888672,10967800,False
XLK,2024-11-07,117.48500061035156,118.84500122070312,117.43000030517578,118.70999908447266,117.7820816040039,10463000,False
XLK,2024-11-08,118.55999755859375,118.97000122070312,118.1500015258789,118.58000183105469,117.6530990600586,7236400,False
XLK,2024-11-11,118.56500244140625,118.63999938964844,117.22000122070312,117.92500305175781,117.00321960449219,7267200,False
XLK,2024-11-12,117.84500122070312,118.2249984741211,117.1449966430664,118.07499694824219,117.15204620361328,7530800,False
XLK,2024-11-13,117.82499694824219,118.53500366210938,117.30000305175781,117.66500091552734,116.74525451660156,6329600,False
XLK,2024-11-14,117.8550033569336,118.05999755859375,117.07499694824219,117.26499938964844,116.34837341308594,6602000,False
XLK,2024-11-15,115.81500244140625,115.96499633789062,113.9749984741211,114.3550033569336,113.46112060546875,11229800,False
XLK,2024-11-18,114.3550033569336,115.20999908447266,113.86000061035156,114.7249984741211,113.82823181152344,6166800,False
XLK,2024-11-19,114.00499725341797,115.76000213623047,114.00499725341797,115.66500091552734,114.7608871459961,6906800,False
XLK,2024-11-20,115.76499938964844,115.80500030517578,114.0250015258789,115.56500244140625,114.66167449951172,8874400,False
XLK,2024-11-21,116.68499755859375,117.28500366210938,114.9000015258789,116.73999786376953,115.82747650146484,10591800,False
XLK,2024-11-22,116.52999877929688,117.06999969482422,116.11000061035156,116.80000305175781,115.88700866699219,7090800,False
XLK,2024-11-25,117.68000030517578,117.88500213623047,116.26499938964844,116.79499816894531,115.88204193115234,11137200,False
XLK,2024-11-26,117.32499694824219,117.74500274658203,116.87999725341797,117.37999725341797,116.46247100830078,6229400,False
XLK,2024-11-27,116.58499908447266,116.65499877929688,114.76499938964844,115.79000091552734,114.8849105834961,6369400,False
XLK,2024-11-29,116.05999755859375,117.11000061035156,115.94499969482422,116.86499786376953,115.95149230957031,4168400,False
XLK,2024-12-02,116.94999694824219,118.41500091552734,116.91999816894531,117.9749984741211,117.05281829833984,9398200,False
XLK,2024-12-03,117.4749984741211,118.43000030517578,117.24500274658203,118.4000015258789,117.47450256347656,5576000,False
XLK,2024-12-04,119.87999725341797,120.625,119.52999877929688,120.56500244140625,119.62258911132812,10840000,False
XLK,2024-12-05,120.375,120.51499938964844,119.79000091552734,119.95500183105469,119.01734924316406,5638000,False
XLK,2024-12-06,120.16500091552734,120.94000244140625,120.03500366210938,120.41999816894531,119.47871398925781,6654200,False
XLK,2024-12-09,119.97000122070312,120.4000015258789,119.33000183105469,119.63500213623047,118.6998519897461,8032400,False
XLK,2024-12-10,119.2300033569336,119.55500030517578,117.5999984741211,117.9749984741211,117.05281829833984,11234400,False
XLK,2024-12-11,118.91000366210938,120.06500244140625,118.5,119.68499755859375,118.74945831298828,8689600,False
XLK,2024-12-12,118.91999816894531,119.45500183105469,118.62999725341797,119.01499938964844,118.0846939086914,7218200,False
XLK,2024-12-13,120.08999633789062,120.55999755859375,118.57499694824219,119.5250015258789,118.59071350097656,8677000,False
XLK,2024-12-16,119.68000030517578,120.82499694824219,119.42500305175781,120.72000122070312,119.7763671875,9442600,False
XLK,2024-12-17,119.86499786376953,120.45999908447266,119.40499877929688,119.98999786376953,119.05207061767578,8145000,False
XLK,2024-12-18,120.3949966430664,120.7249984741211,115.8499984741211,116.12000274658203,115.21232604980469,16927200,False
XLK,2024-12-19,117.30000305175781,117.68000030517578,116.09500122070312,116.24500274658203,115.33634948730469,13383400,False
XLK,2024-12-20,115.45500183105469,118.93000030517578,115.09500122070312,117.9800033569336,117.05779266357422,14924800,False
XLK,2024-12-23,118.125,119.08499908447266,117.49500274658203,119.03500366210938,118.29806518554688,7973400,False
XLK,2024-12-24,119.45999908447266,120.2699966430664,119.27999877929688,120.26499938964844,119.52043914794922,4653400,False
XLK,2024-12-26,119.87999725341797,120.78500366210938,119.49500274658203,120.34500122070312,119.5999526977539,7150800,False
XLK,2024-12-27,119.53500366210938,119.69000244140625,117.57499694824219,118.74500274658203,118.00985717773438,8726400,False
XLK,2024-12-30,117.01499938964844,118.16999816894531,116.29000091552734,117.23500061035156,116.50920104980469,7950400,False
XLK,2024-12-31,117.55500030517578,117.63500213623047,115.87999725341797,116.26000213623047,115.54024505615234,9381200,False
XLK,2025-01-02,117.18000030517578,117.51000213623047,114.88999938964844,115.98500061035156,115.26693725585938,12766600,False
XLK,2025-01-03,116.69499969482422,118.0,116.46499633789062,117.875,117.1452407836914,9117600,False
XLK,2025-01-06,119.22000122070312,120.52999877929688,118.90499877929688,119.375,118.63595581054688,8975400,False
XLK,2025-01-07,120.0,120.0,116.56999969482422,116.9800033569336,116.25578308105469,10006800,False
XLK,2025-01-08,117.25,117.2699966430664,115.81500244140625,116.94000244140625,116.21603393554688,10023800,False
XLK,2025-01-10,115.70999908447266,115.7300033569336,113.71499633789062,114.38999938964844,113.68180847167969,11665800,False
XLK,2025-01-13,112.55000305175781,113.66000366210938,112.2249984741211,113.58000183105469,112.8768310546875,10656000,False
XLK,2025-01-14,114.45999908447266,114.7750015258789,112.9749984741211,113.87999725341797,113.17497253417969,7220200,False
XLK,2025-01-15,115.43499755859375,116.48500061035156,115.05500030517578,116.1449966430664,115.42594909667969,10465400,False
XLK,2025-01-16,117.08999633789062,117.16500091552734,115.2249984741211,115.25,114.53649139404297,5368400,False
XLK,2025-01-17,117.33000183105469,117.47000122070312,116.54000091552734,117.05500030517578,116.33031463623047,6742600,False
XLK,2025-01-21,117.44499969482422,118.31999969482422,116.62999725341797,118.02999877929688,117.29927825927734,6744200,False
XLK,2025-01-22,119.625,120.9749984741211,119.45500183105469,120.69499969482422,119.9477767944336,10243800,False
XLK,2025-01-23,119.76499938964844,120.93499755859375,119.6500015258789,120.91000366210938,120.16145324707031,7604400,False
XLK,2025-01-24,121.29000091552734,121.29000091552734,119.26499938964844,119.6500015258789,118.90924835205078,6607600,False
XLK,2025-01-27,114.29000091552734,115.48999786376953,112.73500061035156,113.78500366210938,113.08056640625,20705600,False
XLK,2025-01-28,114.55500030517578,117.08000183105469,113.34500122070312,116.81999969482422,116.09677124023438,11260600,False
XLK,2025-01-29,116.58999633789062,116.6449966430664,114.74500274658203,115.87000274658203,115.15265655517578,9050000,False
XLK,2025-01-30,115.66500091552734,116.48500061035156,114.87000274658203,116.08499908447266,115.36631774902344,8840200,False
XLK,2025-01-31,117.16500091552734,117.86499786376953,115.09500122070312,115.40499877929688,114.69052124023438,10741800,False
XLK,2025-02-03,112.8499984741211,114.54499816894531,112.25,113.8499984741211,113.14515686035156,13752800,False
XLK,2025-02-04,114.23999786376953,115.66999816894531,114.19999694824219,115.48999786376953,114.77500915527344,8371200,False
XLK,2025-02-05,115.59500122070312,117.12000274658203,115.2300033569336,117.09500122070312,116.37006378173828,5398000,False
XLK,2025-02-06,117.09500122070312,117.65499877929688,116.57499694824219,117.41500091552734,116.6880874633789,6808000,False
XLK,2025-02-07,117.88999938964844,118.45500183105469,116.0199966430664,116.41000366210938,115.68931579589844,8552800,False
XLK,2025-02-10,117.33000183105469,118.40499877929688,117.29499816894531,118.11000061035156,117.3787841796875,6054200,False
XLK,2025-02-11,117.45500183105469,118.63999938964844,117.375,118.16500091552734,117.43343353271484,6456200,False
XLK,2025-02-12,116.5,118.05000305175781,116.37000274658203,117.91000366210938,117.18002319335938,8555600,False
XLK,2025-02-13,118.12000274658203,119.65499877929688,117.95500183105469,119.58000183105469,118.83968353271484,7829600,False
XLK,2025-02-14,119.4800033569336,120.08499908447266,119.26000213623047,119.98500061035156,119.24217224121094,4557000,False
XLK,2025-02-18,120.6050033569336,121.09500122070312,120.04499816894531,121.08000183105469,120.33040618896484,6024000,False
XLK,2025-02-19,120.94499969482422,121.56999969482422,120.0999984741211,121.08999633789062,120.34033203125,5604200,False
XLK,2025-02-20,120.9749984741211,121.13500213623047,119.43000030517578,120.70500183105469,119.95772552490234,5987400,False
XLK,2025-02-21,120.73999786376953,120.79000091552734,117.375,117.43499755859375,116.70796203613281,9057600,False
XLK,2025-02-24,117.88999938964844,118.22000122070312,115.61000061035156,115.75499725341797,115.03836822509766,7447600,False
XLK,2025-02-25,115.51000213623047,115.61499786376953,113.4749984741211,114.25499725341797,113.54765319824219,10433600,False
XLK,2025-02-26,115.375,116.58999633789062,114.61499786376953,115.5,114.78495025634766,7630600,False
XLK,2025-02-27,116.12999725341797,116.25,111.24500274658203,111.29499816894531,110.6059799194336,10100000,False
XLK,2025-02-28,110.79499816894531,112.87999725341797,109.8499984741211,112.76499938964844,112.0668716430664,14172200,False
XLK,2025-03-03,113.34500122070312,113.57499694824219,108.5250015258789,109.33499908447266,108.65811157226562,12516200,False
XLK,2025-03-04,108.5250015258789,111.18000030517578,107.12999725341797,109.25,108.5736312866211,17721000,False
XLK,2025-03-05,109.58999633789062,111.1449966430664,108.12000274658203,110.78500366210938,110.0991439819336,11931000,False
XLK,2025-03-06,108.51000213623047,110.2249984741211,107.19000244140625,107.70999908447266,107.04317474365234,16432000,False
XLK,2025-03-07,107.58499908447266,109.54499816894531,106.31500244140625,109.2699966430664,108.59351348876953,11263400,False
XLK,2025-03-10,107.11000061035156,107.30999755859375,103.54000091552734,104.625,103.97727966308594,21561800,False
XLK,2025-03-11,104.30500030517578,105.95500183105469,103.1449966430664,104.19999694824219,103.55489349365234,14832800,False
XLK,2025-03-12,106.05999755859375,106.76000213623047,104.57499694824219,105.83999633789062,105.18474578857422,10981600,False
XLK,2025-03-13,105.53500366210938,105.7699966430664,103.42500305175781,103.83000183105469,103.18718719482422,12383000,False
XLK,2025-03-14,105.19000244140625,107.08000183105469,105.15499877929688,106.97000122070312,106.30775451660156,10040800,False
XLK,2025-03-17,106.88500213623047,108.4800033569336,106.57499694824219,107.71499633789062,107.04813385009766,10148800,False
XLK,2025-03-18,106.94999694824219,107.05999755859375,105.68499755859375,106.07499694824219,105.41829681396484,11486600,False
XLK,2025-03-19,106.62000274658203,108.71499633789062,106.17500305175781,107.45500183105469,106.78975677490234,8838600,False
XLK,2025-03-20,106.23500061035156,107.86499786376953,106.07499694824219,106.69000244140625,106.02948760986328,7145200,False
XLK,2025-03-21,105.36000061035156,107.125,104.97000122070312,106.9800033569336,106.31769561767578,10425400,False
XLK,2025-03-24,108.56999969482422,109.07499694824219,108.28500366210938,108.81500244140625,108.3311996459961,8200200,False
XLK,2025-03-25,108.74500274658203,109.31999969482422,108.69000244140625,109.17500305175781,108.68960571289062,7481800,False
XLK,2025-03-26,108.83999633789062,109.0999984741211,106.31999969482422,106.73999786376953,106.26541900634766,7873000,False
XLK,2025-03-27,106.01000213623047,106.61000061035156,105.19499969482422,105.75499725341797,105.28480529785156,6577800,False
XLK,2025-03-28,105.20500183105469,105.62999725341797,102.83999633789062,103.19000244140625,102.73120880126953,10667600,False
XLK,2025-03-31,101.38999938964844,103.4749984741211,100.36499786376953,103.23999786376953,102.7809829711914,14219000,False
XLK,2025-04-01,102.83000183105469,104.08499908447266,101.98999786376953,103.99500274658203,103.53263092041016,9480200,False
XLK,2025-04-02,102.51000213623047,105.62999725341797,102.43000030517578,104.76499938964844,104.29920959472656,9292000,False
XLK,2025-04-03,99.74500274658203,100.3499984741211,97.53500366210938,97.61499786376953,97.18099975585938,19451400,True
XLK,2025-04-04,94.56999969482422,95.31999969482422,91.1500015258789,91.18499755859375,90.77958679199219,33804600,True
XLK,2025-04-07,87.46499633789062,95.90499877929688,86.2249984741211,91.7300033569336,91.3221664428711,44557800,False
XLK,2025-04-08,95.1449966430664,96.41999816894531,88.22000122070312,89.86499786376953,89.4654541015625,25811400,False
XLK,2025-04-09,90.05000305175781,102.48999786376953,89.93499755859375,101.93000030517578,101.47681427001953,36988800,True
XLK,2025-04-10,98.42500305175781,99.0999984741211,93.86499786376953,97.18499755859375,96.7529067993164,19747600,False
XLK,2025-04-11,96.69999694824219,99.5999984741211,95.9749984741211,99.17500305175781,98.73406982421875,14423200,False
XLK,2025-04-14,102.25,102.31500244140625,99.0,100.08000183105469,99.63504028320312,11904400,False
XLK,2025-04-15,100.23500061035156,101.20500183105469,99.9749984741211,100.44499969482422,99.9984130859375,7200000,False
XLK,2025-04-16,97.75,98.79000091552734,95.2699966430664,96.95500183105469,96.52394104003906,13222400,False
XLK,2025-04-17,97.6500015258789,97.6500015258789,96.0199966430664,96.43000030517578,96.00126647949219,7480800,False
XLK,2025-04-21,94.90499877929688,95.1449966430664,92.59500122070312,93.94000244140625,93.5223388671875,8973400,False
XLK,2025-04-22,95.19000244140625,96.78500366210938,94.63500213623047,96.2300033569336,95.80215454101562,9312800,False
XLK,2025-04-23,99.91999816894531,100.9749984741211,98.61499786376953,99.0199966430664,98.57975006103516,13413800,False
XLK,2025-04-24,99.99500274658203,102.8550033569336,99.83499908447266,102.71499633789062,102.25831604003906,9317000,False
XLK,2025-04-25,102.40499877929688,104.43000030517578,102.30500030517578,104.23500061035156,103.77156829833984,6518400,False
XLK,2025-04-28,104.0999984741211,104.61499786376953,102.51000213623047,104.06500244140625,103.6023178100586,5574400,False
XLK,2025-04-29,103.56500244140625,104.98500061035156,103.56500244140625,104.55000305175781,104.08516693115234,9144400,False
XLK,2025-04-30,102.49500274658203,105.375,101.9000015258789,104.98500061035156,104.51823425292969,10203800,False
XLK,2025-05-01,107.27999877929688,108.2750015258789,106.43000030517578,106.5250015258789,106.05138397216797,11532800,False
XLK,2025-05-02,107.74500274658203,108.80999755859375,107.45500183105469,108.30500030517578,107.82347106933594,8125400,False
XLK,2025-05-05,107.375,108.5,107.31999969482422,107.7300033569336,107.25102996826172,6757000,False
XLK,2025-05-06,106.12999725341797,107.62000274658203,105.80500030517578,106.83499908447266,106.36000061035156,7958200,False
XLK,2025-05-07,106.83499908447266,108.375,106.0999984741211,107.90499877929688,107.42524719238281,8169400,False
XLK,2025-05-08,108.9749984741211,109.97000122070312,108.00499725341797,108.93499755859375,108.45066833496094,8704400,False
XLK,2025-05-09,109.41999816894531,109.62000274658203,108.23999786376953,108.80000305175781,108.31626892089844,7330000,False
XLK,2025-05-12,113.41500091552734,113.88999938964844,112.2699966430664,113.8499984741211,113.34381866455078,13478200,False
XLK,2025-05-13,114.26000213623047,116.69000244140625,114.12999725341797,116.30999755859375,115.79287719726562,12757200,False
XLK,2025-05-14,116.8550033569336,117.5250015258789,116.37999725341797,117.06500244140625,116.54452514648438,10248000,False
XLK,2025-05-15,116.43000030517578,117.88500213623047,116.29000091552734,117.2249984741211,116.70381164550781,9536400,False
XLK,2025-05-16,117.6050033569336,117.6050033569336,116.43000030517578,117.44499969482422,116.9228286743164,8111600,False
XLK,2025-05-19,115.70999908447266,117.54000091552734,115.66999816894531,117.2750015258789,116.75358581542969,11863000,False
XLK,2025-05-20,116.54499816894531,116.8550033569336,115.94999694824219,116.83499908447266,116.31553649902344,10273200,False
XLK,2025-05-21,115.73999786376953,117.3550033569336,114.17500305175781,114.63999938964844,114.13030242919922,18643600,False
XLK,2025-05-22,114.69499969482422,115.69999694824219,114.41500091552734,114.66999816894531,114.16016387939453,11372000,False
XLK,2025-05-23,112.67500305175781,114.1449966430664,112.55000305175781,113.40499877929688,112.90078735351562,12004000,False
XLK,2025-05-27,115.16999816894531,116.26000213623047,114.78500366210938,116.0999984741211,115.58380889892578,14208400,False
XLK,2025-05-28,116.23999786376953,116.70500183105469,115.44999694824219,115.62000274658203,115.10594940185547,10789200,False
XLK,2025-05-29,117.37000274658203,117.48999786376953,115.22000122070312,115.81500244140625,115.30007934570312,14011800,False
XLK,2025-05-30,115.76000213623047,115.81500244140625,113.70999908447266,115.45500183105469,114.94168090820312,13494000,False
XLK,2025-06-02,115.1500015258789,116.54499816894531,115.01000213623047,116.4749984741211,115.95714569091797,12878800,False
XLK,2025-06-03,116.62999725341797,118.31500244140625,116.54499816894531,118.2249984741211,117.6993637084961,14312400,False
XLK,2025-06-04,118.375,118.7699966430664,117.81500244140625,118.4000015258789,117.87358856201172,10899200,False
XLK,2025-06-05,118.75,119.78500366210938,117.55500030517578,118.06500244140625,117.54006958007812,15885200,False
XLK,2025-06-06,119.20500183105469,119.7300033569336,118.83999633789062,119.18000030517578,118.65011596679688,9026000,False
XLK,2025-06-09,119.6449966430664,120.50499725341797,119.55500030517578,119.76499938964844,119.2325210571289,11100600,False
XLK,2025-06-10,119.74500274658203,120.61499786376953,119.29499816894531,120.43499755859375,119.8995361328125,9831600,False
XLK,2025-06-11,120.7249984741211,121.21499633789062,119.55000305175781,120.16999816894531,119.63571166992188,9599600,False
XLK,2025-06-12,120.1449966430664,121.56500244140625,120.125,121.28500366210938,120.74576568603516,11210400,False
XLK,2025-06-13,119.87999725341797,120.79499816894531,119.1449966430664,119.58499908447266,119.05331420898438,13193800,False
XLK,2025-06-16,120.30500030517578,121.87999725341797,120.30500030517578,121.5199966430664,120.97970581054688,13866200,False
XLK,2025-06-17,121.01000213623047,121.86499786376953,120.375,120.66000366210938,120.12354278564453,10525400,False
XLK,2025-06-18,120.95500183105469,121.56500244140625,120.19000244140625,120.80500030517578,120.26789093017578,11066000,False
XLK,2025-06-20,121.23500061035156,121.6449966430664,119.70500183105469,120.2699966430664,119.73526000976562,11490600,False
XLK,2025-06-23,120.19000244140625,121.54499816894531,119.375,121.44000244140625,121.10044860839844,12277000,False
XLK,2025-06-24,122.67500305175781,123.7699966430664,122.52999877929688,123.62000274658203,123.27434539794922,11329400,False
XLK,2025-06-25,124.26000213623047,124.86000061035156,124.1500015258789,124.67500305175781,124.32640075683594,9228600,False
XLK,2025-06-26,125.23500061035156,125.73500061035156,124.73999786376953,125.53500366210938,125.18399810791016,11288400,False
XLK,2025-06-27,125.875,126.3550033569336,124.81500244140625,125.38500213623047,125.03441619873047,12196600,False
XLK,2025-06-30,126.48500061035156,126.95999908447266,125.875,126.61499786376953,126.26097106933594,13365200,False
XLK,2025-07-01,126.20999908447266,126.4749984741211,124.625,125.48500061035156,125.1341323852539,15144800,False
XLK,2025-07-02,125.16999816894531,126.8949966430664,125.08000183105469,126.80999755859375,126.45542907714844,11950200,False
XLK,2025-07-03,127.5,128.86500549316406,127.44999694824219,128.47999572753906,128.12075805664062,7112800,False
XLK,2025-07-07,127.98500061035156,128.32000732421875,126.88999938964844,127.45999908447266,127.10360717773438,11560800,False
XLK,2025-07-08,128.1300048828125,128.38999938964844,127.61499786376953,128.14500427246094,127.78669738769531,15715200,False
XLK,2025-07-09,128.60000610351562,129.39999389648438,127.95999908447266,128.9149932861328,128.55453491210938,12933600,False
XLK,2025-07-10,129.23500061035156,129.35000610351562,127.81500244140625,128.49000549316406,128.1307373046875,9988600,False
XLK,2025-07-11,127.87999725341797,128.6750030517578,127.72000122070312,127.92500305175781,127.56731414794922,9239000,False
XLK,2025-07-14,127.61000061035156,128.13499450683594,126.5999984741211,127.81999969482422,127.46260833740234,8125200,False
XLK,2025-07-15,129.30999755859375,129.61500549316406,128.91000366210938,128.9550018310547,128.5944366455078,15657000,False
XLK,2025-07-16,129.0,129.42999267578125,127.40499877929688,129.35499572753906,128.99331665039062,17782600,False
XLK,2025-07-17,129.50999450683594,130.73500061035156,129.2550048828125,130.52999877929688,130.16502380371094,11955000,False
XLK,2025-07-18,131.02999877929688,131.0749969482422,130.09500122070312,130.44500732421875,130.0802764892578,10281000,False
XLK,2025-07-21,130.58999633789062,131.5050048828125,130.44000244140625,130.61500549316406,130.2498016357422,9246600,False
XLK,2025-07-22,130.51499938964844,130.60499572753906,128.47500610351562,129.40499877929688,129.0431671142578,13448800,False
XLK,2025-07-23,129.74000549316406,130.31500244140625,128.97000122070312,130.14500427246094,129.78111267089844,10091800,False
XLK,2025-07-24,130.46499633789062,130.9499969482422,129.9600067138672,130.69500732421875,130.32957458496094,12159600,False
XLK,2025-07-25,130.65499877929688,131.3249969482422,130.38499450683594,130.9949951171875,130.62872314453125,8002000,False
XLK,2025-07-28,131.4949951171875,132.0749969482422,131.22500610351562,132.0399932861328,131.67080688476562,11517600,False
XLK,2025-07-29,132.89999389648438,133.63499450683594,131.82000732421875,132.0449981689453,131.67579650878906,13739000,False
XLK,2025-07-30,132.18499755859375,132.7899932861328,131.3000030517578,132.33999633789062,131.969970703125,13934600,False
XLK,2025-07-31,134.0050048828125,134.0050048828125,130.72999572753906,131.3699951171875,131.00267028808594,16414400,False
XLK,2025-08-01,129.94000244140625,129.98500061035156,127.88999938964844,128.53500366210938,128.17559814453125,19438000,False
XLK,2025-08-04,129.7449951171875,131.1699981689453,129.7449951171875,131.14500427246094,130.77830505371094,12377000,False
XLK,2025-08-05,131.6300048828125,131.7449951171875,129.75999450683594,130.05999755859375,129.6963348388672,11176000,False
XLK,2025-08-06,130.18499755859375,131.69500732421875,130.10000610351562,131.52499389648438,131.15724182128906,10167000,False
XLK,2025-08-07,132.99000549316406,133.2050018310547,130.5500030517578,131.64500427246094,131.27691650390625,10318000,False
XLK,2025-08-08,132.13999938964844,133.11000061035156,131.7949981689453,132.9600067138672,132.58824157714844,11015800,False
XLK,2025-08-11,132.875,133.47500610351562,131.7550048828125,132.05999755859375,131.6907501220703,9425400,False
XLK,2025-08-12,132.72000122070312,134.13999938964844,131.98500061035156,134.10499572753906,133.73004150390625,11153800,False
XLK,2025-08-13,134.8800048828125,135.02499389648438,133.6649932861328,134.15499877929688,133.77989196777344,13990200,False
XLK,2025-08-14,133.47500610351562,134.3249969482422,133.1649932861328,133.86500549316406,133.49070739746094,15484400,False
XLK,2025-08-15,133.68499755859375,133.68499755859375,132.32000732421875,132.85000610351562,132.47854614257812,13373200,False
XLK,2025-08-18,132.68499755859375,133.2550048828125,132.55499267578125,133.13499450683594,132.7627410888672,12233800,False
XLK,2025-08-19,133.0850067138672,133.11500549316406,130.56500244140625,130.80999755859375,130.44424438476562,17367000,False
XLK,2025-08-20,130.47999572753906,130.47999572753906,127.91999816894531,129.9250030517578,129.5617218017578,23064200,False
XLK,2025-08-21,129.61000061035156,130.1300048828125,128.89500427246094,129.4550018310547,129.09303283691406,15148600,False
XLK,2025-08-22,129.31500244140625,132.06500244140625,128.9550018310547,131.2100067138672,130.8431396484375,13756000,False
XLK,2025-08-25,131.2050018310547,131.73500061035156,130.55499267578125,130.9149932861328,130.54893493652344,10691800,False
XLK,2025-08-26,131.02499389648438,131.69000244140625,130.8350067138672,131.51499938964844,131.14727783203125,11081000,False
XLK,2025-08-27,131.64500427246094,132.375,131.0399932861328,132.22500610351562,131.85528564453125,11538600,False
XLK,2025-08-28,132.38499450683594,133.55499267578125,131.72500610351562,133.27000427246094,132.89736938476562,12380600,False
XLK,2025-08-29,132.68499755859375,132.7100067138672,130.7449951171875,131.22500610351562,130.8580780029297,17481200,False
XLK,2025-09-02,128.90499877929688,130.02000427246094,128.13999938964844,129.89999389648438,129.5367889404297,18226000,False
XLK,2025-09-03,130.56500244140625,130.93499755859375,129.6999969482422,130.6750030517578,130.30963134765625,15636600,False
XLK,2025-09-04,130.13999938964844,131.375,129.61000061035156,131.32000732421875,130.95281982421875,24397400,False
XLK,2025-09-05,132.56500244140625,132.61500549316406,130.09500122070312,131.42999267578125,131.0625,38561800,False
XLK,2025-09-08,132.1199951171875,132.89500427246094,132.08999633789062,132.4149932861328,132.04473876953125,20556000,False
XLK,2025-09-09,132.7100067138672,132.80999755859375,131.72999572753906,132.6699981689453,132.29904174804688,19355000,False
XLK,2025-09-10,135.35499572753906,135.98500061035156,134.42999267578125,135.0749969482422,134.6973114013672,25957200,False
XLK,2025-09-11,135.9250030517578,136.11500549316406,135.30999755859375,135.52999877929688,135.1510467529297,23429200,False
XLK,2025-09-12,135.8000030517578,135.92999267578125,135.14999389648438,135.44000244140625,135.06129455566406,15612200,False
XLK,2025-09-15,135.65499877929688,136.69000244140625,135.49000549316406,136.66000366210938,136.27789306640625,16268000,False
XLK,2025-09-16,136.97500610351562,137.07000732421875,136.02000427246094,136.18499755859375,135.80421447753906,16081400,False
XLK,2025-09-17,136.09500122070312,136.25999450683594,134.30999755859375,135.71499633789062,135.3355255126953,18948600,False
XLK,2025-09-18,137.47500610351562,138.46499633789062,136.80999755859375,138.05999755859375,137.67396545410156,20882600,False
XLK,2025-09-19,138.61500549316406,139.58999633789062,138.1649932861328,139.4600067138672,139.070068359375,15670800,False
XLK,2025-09-22,139.0749969482422,141.44500732421875,139.02000427246094,141.3300018310547,141.11595153808594,15771200,False
XLK,2025-09-23,141.13499450683594,141.36500549316406,139.49000549316406,140.11000061035156,139.89781188964844,16456400,False
XLK,2025-09-24,140.48500061035156,140.48500061035156,138.31500244140625,139.2449951171875,139.0341033935547,13471000,False
XLK,2025-09-25,137.97999572753906,139.34500122070312,137.125,139.0,138.78948974609375,21349600,False
XLK,2025-09-26,139.14999389648438,139.5449981689453,138.19000244140625,139.4199981689453,139.20884704589844,16534000,False
XLK,2025-09-29,140.22000122070312,140.9600067138672,139.83999633789062,140.1649932861328,139.9527130126953,16107400,False
XLK,2025-09-30,140.1649932861328,141.07000732421875,139.8699951171875,140.92999267578125,140.716552734375,18215200,False
XLK,2025-10-01,140.2100067138672,142.41000366210938,140.1699981689453,142.30999755859375,142.09446716308594,17411200,False
XLK,2025-10-02,143.63499450683594,143.6649932861328,142.43499755859375,143.0800018310547,142.86331176757812,17607800,False
XLK,2025-10-03,143.2100067138672,143.94000244140625,141.8699951171875,142.36000061035156,142.14439392089844,17458000,False
XLK,2025-10-06,144.27999877929688,144.72000122070312,143.72500610351562,143.8000030517578,143.58221435546875,17945600,False
XLK,2025-10-07,144.5399932861328,144.75,142.0850067138672,142.83999633789062,142.62367248535156,15588400,False
XLK,2025-10-08,143.1699981689453,145.35000610351562,143.09500122070312,145.34500122070312,145.1248779296875,14037800,False
XLK,2025-10-09,145.27999877929688,145.41000366210938,144.34500122070312,145.10000610351562,144.8802490234375,11989400,False
XLK,2025-10-10,145.40499877929688,145.6699981689453,139.13999938964844,139.19500732421875,138.98419189453125,44574600,False
XLK,2025-10-13,142.36500549316406,143.05999755859375,141.55499267578125,142.5850067138672,142.3690643310547,22030400,False
XLK,2025-10-14,140.71499633789062,142.19000244140625,139.1199951171875,140.7550048828125,140.54183959960938,26956800,False
XLK,2025-10-15,142.72999572753906,143.2899932861328,140.39999389648438,142.14999389648438,141.93470764160156,20937600,False
XLK,2025-10-16,143.1750030517578,143.80999755859375,141.28500366210938,142.2550048828125,142.03956604003906,23166200,False
XLK,2025-10-17,141.41000366210938,142.92999267578125,140.50999450683594,142.5050048828125,142.2891845703125,25511600,False
XLK,2025-10-20,143.32000732421875,144.7100067138672,143.23500061035156,144.09500122070312,143.87677001953125,13805200,False
XLK,2025-10-21,144.0050048828125,144.68499755859375,143.47500610351562,144.1699981689453,143.95166015625,12503800,False
XLK,2025-10-22,144.10499572753906,144.4199981689453,140.9499969482422,142.7449951171875,142.52880859375,20723200,False
XLK,2025-10-23,142.18499755859375,144.77499389648438,142.18499755859375,144.5449981689453,144.32608032226562,11923400,False
XLK,2025-10-24,146.25,147.28500366210938,146.03500366210938,146.7899932861328,146.56768798828125,14359600,False
XLK,2025-10-27,148.85000610351562,149.6300048828125,148.61000061035156,149.5,149.27359008789062,15167000,False
XLK,2025-10-28,150.22500610351562,151.57000732421875,149.7100067138672,150.97999572753906,150.7513427734375,15055200,False
XLK,2025-10-29,152.35000610351562,152.9949951171875,150.93499755859375,152.06500244140625,151.83470153808594,21506200,False
XLK,2025-10-30,151.1999969482422,151.97999572753906,150.14500427246094,150.19500732421875,149.96754455566406,19218600,False
XLK,2025-10-31,151.7100067138672,151.82000732421875,149.47000122070312,150.33999633789062,150.1123046875,16303800,False
XLK,2025-11-03,151.77999877929688,152.11000061035156,150.1300048828125,150.9550018310547,150.72637939453125,13983600,False
XLK,2025-11-04,148.22500610351562,149.1999969482422,146.72500610351562,146.97000122070312,146.74742126464844,16722600,False
XLK,2025-11-05,146.7100067138672,148.74000549316406,146.48500061035156,147.5449981689453,147.32154846191406,14447000,False
XLK,2025-11-06,147.30999755859375,147.47000122070312,143.8350067138672,144.5800018310547,144.3610382080078,24797400,False
XLK,2025-11-07,143.34500122070312,144.11500549316406,140.8000030517578,144.0800018310547,143.86178588867188,25547000,False
XLK,2025-11-10,146.65499877929688,148.0449981689453,145.89500427246094,147.76499938964844,147.5412139892578,18286400,False
XLK,2025-11-11,146.7899932861328,147.05499267578125,145.52999877929688,146.5050048828125,146.2831268310547,14871600,False
XLK,2025-11-12,147.72999572753906,147.72999572753906,146.0749969482422,146.9600067138672,146.73744201660156,13179200,False
XLK,2025-11-13,146.13999938964844,146.33999633789062,142.51499938964844,143.2949981689453,143.07797241210938,22385800,False
XLK,2025-11-14,140.64999389648438,145.3800048828125,140.14500427246094,144.0749969482422,143.85679626464844,27429600,False
XLK,2025-11-17,142.72500610351562,144.28500366210938,140.6750030517578,141.82000732421875,141.605224609375,24675400,False
XLK,2025-11-18,140.59500122070312,141.32000732421875,138.23500061035156,139.51499938964844,139.3037109375,36747600,False
XLK,2025-11-19,139.52499389648438,142.05999755859375,139.1649932861328,140.48500061035156,140.27223205566406,27668800,False
XLK,2025-11-20,143.72000122070312,144.2550048828125,135.75999450683594,136.0749969482422,135.86891174316406,56551800,False
XLK,2025-11-21,136.3000030517578,138.4199981689453,133.74000549316406,136.60000610351562,136.39312744140625,44959000,False
XLK,2025-11-24,137.52000427246094,140.35000610351562,137.43499755859375,139.85499572753906,139.6431884765625,20124800,False
XLK,2025-11-25,138.625,140.58999633789062,136.65499877929688,140.22999572753906,140.0176239013672,21303400,False
XLK,2025-11-26,141.88499450683594,142.4949951171875,140.7899932861328,141.88999938964844,141.67510986328125,13358800,False
XLK,2025-11-28,142.19000244140625,143.13499450683594,141.80499267578125,143.11000061035156,142.8932647705078,6792200,False
XLK,2025-12-01,141.72000122070312,143.60499572753906,141.28500366210938,143.1750030517578,142.95816040039062,12846600,False
XLK,2025-12-02,144.06500244140625,145.51499938964844,143.64500427246094,144.64999389648438,144.43092346191406,15719000,False
XLK,2025-12-03,143.9499969482422,145.09500122070312,143.22999572753906,144.9949951171875,144.77540588378906,11623200,False
XLK,2025-12-04,145.19000244140625,145.7949981689453,144.4949951171875,145.53500366210938,145.31459045410156,9995200,False
XLK,2025-12-05,146.2100067138672,147.30999755859375,145.69000244140625,146.60000610351562,146.3779754638672,6628000,False
XLK,2025-12-08,147.42999267578125,148.3800048828125,146.9199981689453,147.6300048828125,147.4064178466797,8272800,False
XLK,2025-12-09,147.33999633789062,148.25,146.9600067138672,148.02000427246094,147.7958221435547,6978200,False
XLK,2025-12-10,147.69000244140625,149.22000122070312,146.82000732421875,148.72999572753906,148.50474548339844,8961100,False
XLK,2025-12-11,147.05999755859375,148.1300048828125,145.11000061035156,147.97000122070312,147.7458953857422,9769300,False
XLK,2025-12-12,146.94000244140625,147.0800018310547,143.25999450683594,143.69000244140625,143.47238159179688,14873200,False
XLK,2025-12-15,144.4199981689453,144.6300048828125,142.02000427246094,142.3000030517578,142.08448791503906,10790300,False
XLK,2025-12-16,141.91000366210938,142.97000122070312,141.3000030517578,142.55999755859375,142.34408569335938,10790900,False
XLK,2025-12-17,142.72000122070312,142.83999633789062,139.32000732421875,139.38999938964844,139.17889404296875,18178700,False
XLK,2025-12-18,141.86000061035156,142.4199981689453,140.7899932861328,141.5399932861328,141.3256378173828,12319500,False
XLK,2025-12-19,142.58999633789062,144.6199951171875,142.57000732421875,144.60000610351562,144.38101196289062,14265900,False
XLK,2025-12-22,146.00999450683594,146.00999450683594,144.64999389648438,145.16000366210938,145.16000366210938,8864500,False
XLK,2025-12-23,144.74000549316406,145.97999572753906,144.36000061035156,145.9499969482422,145.9499969482422,7546100,False
XLK,2025-12-24,145.7899932861328,146.5,145.67999267578125,146.3000030517578,146.3000030517578,3676300,False
XLK,2025-12-26,146.61000061035156,146.97999572753906,146.24000549316406,146.52999877929688,146.52999877929688,5052900,False
XLK,2025-12-29,145.35000610351562,146.3800048828125,145.0399932861328,145.8699951171875,145.8699951171875,9822300,False
XLK,2025-12-30,145.85000610351562,146.25999450683594,145.3800048828125,145.41000366210938,145.41000366210938,6387400,False
XLK,2025-12-31,145.7100067138672,145.8000030517578,143.89999389648438,143.97000122070312,143.97000122070312,9528400,False
XLK,2026-01-02,145.6300048828125,146.52000427246094,143.41000366210938,144.3000030517578,144.3000030517578,15299500,False
XLK,2026-01-05,146.00999450683594,146.38999938964844,144.25,144.6199951171875,144.6199951171875,17476300,False
XLK,2026-01-06,145.2100067138672,146.77000427246094,144.6300048828125,146.64999389648438,146.64999389648438,14985700,False
XLK,2026-01-07,146.52999877929688,147.3800048828125,146.0399932861328,146.52999877929688,146.52999877929688,13957100,False
XLK,2026-01-08,145.92999267578125,145.92999267578125,143.5,144.24000549316406,144.24000549316406,16870100,False
XLK,2026-01-09,144.57000732421875,146.5800018310547,144.02999877929688,146.14999389648438,146.14999389648438,15652600,False
XLK,2026-01-12,145.19000244140625,147.2899932861328,145.0500030517578,146.7899932861328,146.7899932861328,12867200,False
XLK,2026-01-13,146.85000610351562,147.52000427246094,145.85000610351562,146.47999572753906,146.47999572753906,16552200,False
XLK,2026-01-14,145.5,145.92999267578125,143.32000732421875,144.6999969482422,144.6999969482422,22104200,False
XLK,2026-01-15,146.92999267578125,147.57000732421875,145.30999755859375,145.4600067138672,145.4600067138672,17370900,False
XLK,2026-01-16,146.72000122070312,146.9499969482422,145.02000427246094,145.6199951171875,145.6199951171875,14156700,False
XLK,2026-01-20,143.08999633789062,144.10000610351562,141.61000061035156,141.83999633789062,141.83999633789062,20029200,False
XLK,2026-01-21,142.77999877929688,145.0399932861328,141.9600067138672,143.80999755859375,143.80999755859375,27892800,False
XLK,2026-01-22,145.61000061035156,145.6999969482422,144.16000366210938,144.8800048828125,144.8800048828125,12971600,False
XLK,2026-01-23,144.52999877929688,145.8300018310547,143.75,145.08999633789062,145.08999633789062,14654500,False
XLK,2026-01-26,145.27000427246094,146.7100067138672,144.88999938964844,146.0800018310547,146.0800018310547,10195600,False
XLK,2026-01-27,147.4199981689453,148.6199951171875,147.02999877929688,148.0500030517578,148.0500030517578,12436200,False
XLK,2026-01-28,149.0,149.89999389648438,148.61000061035156,149.22999572753906,149.22999572753906,19497400,False
XLK,2026-01-29,147.83999633789062,147.92999267578125,143.27000427246094,146.8699951171875,146.8699951171875,25581000,False
XLK,2026-01-30,146.0399932861328,146.75,142.99000549316406,143.8800048828125,143.8800048828125,18342600,False
XLK,2026-02-02,143.52999877929688,146.14999389648438,143.38999938964844,145.25999450683594,145.25999450683594,16337600,False
XLK,2026-02-03,145.8800048828125,145.97000122070312,140.1699981689453,142.0800018310547,142.0800018310547,30464500,False
XLK,2026-02-04,140.8300018310547,141.00999450683594,136.11000061035156,138.1199951171875,138.1199951171875,45649500,False
XLK,2026-02-05,137.22000122070312,138.47999572753906,135.0800018310547,135.6300048828125,135.6300048828125,42950900,False
XLK,2026-02-06,138.00999450683594,141.47000122070312,137.4199981689453,141.1300048828125,141.1300048828125,37131900,False
XLK,2026-02-09,140.60000610351562,144.02999877929688,139.91000366210938,143.35000610351562,143.35000610351562,24629500,False
XLK,2026-02-10,143.82000732421875,144.14999389648438,142.38999938964844,142.5500030517578,142.5500030517578,22564300,False
XLK,2026-02-11,144.50999450683594,144.75999450683594,141.32000732421875,142.97000122070312,142.97000122070312,18905700,False
XLK,2026-02-12,143.30999755859375,143.77000427246094,138.9199981689453,139.2100067138672,139.2100067138672,32154700,False
XLK,2026-02-13,139.55999755859375,140.91000366210938,137.92999267578125,139.55999755859375,139.55999755859375,26637100,False
XLK,2026-02-17,138.63999938964844,140.4499969482422,137.02000427246094,139.47999572753906,139.47999572753906,25743800,False
XLK,2026-02-18,140.05999755859375,142.1199951171875,139.27000427246094,140.91000366210938,140.91000366210938,13705800,False
XLK,2026-02-19,140.08999633789062,140.7100067138672,139.27999877929688,140.2100067138672,140.2100067138672,13484000,False
XLK,2026-02-20,139.1999969482422,141.75,138.97000122070312,140.8800048828125,140.8800048828125,14942400,False
XLK,2026-02-23,140.17999267578125,140.64999389648438,137.88999938964844,138.52000427246094,138.52000427246094,22021900,False
XLK,2026-02-24,139.24000549316406,140.94000244140625,138.19000244140625,140.32000732421875,140.32000732421875,13030600,False
XLK,2026-02-25,141.36000061035156,143.33999633789062,141.2100067138672,143.00999450683594,143.00999450683594,13296000,False
XLK,2026-02-26,142.94000244140625,143.00999450683594,139.25999450683594,141.00999450683594,141.00999450683594,19364900,False
XLK,2026-02-27,138.30999755859375,139.77000427246094,137.94000244140625,138.75999450683594,138.75999450683594,15328600,False
XLK,2026-03-02,137.02999877929688,139.9600067138672,136.55999755859375,139.5399932861328,139.5399932861328,20156700,False
XLK,2026-03-03,136.36000061035156,138.3300018310547,134.99000549316406,137.5,137.5,34153000,False
XLK,2026-03-04,138.52999877929688,140.6300048828125,138.0399932861328,139.83999633789062,139.83999633789062,15201400,False
XLK,2026-03-05,139.16000366210938,141.25999450683594,138.08999633789062,140.17999267578125,140.17999267578125,19422500,False
XLK,2026-03-06,137.82000732421875,139.8300018310547,136.7899932861328,137.2899932861328,137.2899932861328,19677200,False
XLK,2026-03-09,135.97000122070312,140.2100067138672,135.4600067138672,139.75999450683594,139.75999450683594,22760900,False
XLK,2026-03-10,139.83999633789062,141.38999938964844,139.02000427246094,139.75999450683594,139.75999450683594,24338500,False
XLK,2026-03-11,140.5800018310547,141.58999633789062,139.52000427246094,140.42999267578125,140.42999267578125,14009200,False
XLK,2026-03-12,139.27000427246094,139.75,137.64999389648438,137.83999633789062,137.83999633789062,32372800,False
XLK,2026-03-13,138.4499969482422,139.7100067138672,136.52000427246094,136.8000030517578,136.8000030517578,15701800,False
XLK,2026-03-16,138.72000122070312,140.0800018310547,138.52000427246094,138.77999877929688,138.77999877929688,16626400,False
XLK,2026-03-17,139.38999938964844,140.27000427246094,138.92999267578125,139.5399932861328,139.5399932861328,12034600,False
XLK,2026-03-18,139.30999755859375,140.07000732421875,137.92999267578125,137.9600067138672,137.9600067138672,12634500,False
XLK,2026-03-19,136.0,139.1699981689453,135.44000244140625,138.42999267578125,138.42999267578125,18087900,False
XLK,2026-03-20,137.97999572753906,137.97999572753906,134.32000732421875,135.2899932861328,135.2899932861328,27251800,False
XLK,2026-03-23,137.5,139.1999969482422,136.22000122070312,136.9499969482422,136.9499969482422,21818500,False
XLK,2026-03-24,136.0500030517578,136.9199981689453,134.8699951171875,136.14999389648438,136.14999389648438,16843900,False
XLK,2026-03-25,137.2899932861328,138.0,136.27999877929688,136.75999450683594,136.75999450683594,13872400,False
XLK,2026-03-26,135.17999267578125,135.52000427246094,132.4199981689453,132.5,132.5,15434600,False
XLK,2026-03-27,131.52999877929688,132.0500030517578,129.5800018310547,129.9199981689453,129.9199981689453,15883900,False
